CreatedDate,ProfileNo,OrganizationIdentificationID,Department Name,OrganizationActivityText,ReportingOfficerIdentificationID,InterventionIdentificationID,IdentificationCategoryDescriptionText,InterventionDate,Month,SubjectRaceCode,SubjectEthnicityCode,SubjectSexCode,SubjectAge,ResidentIndicator,TownRecidentIndicator,InterventionLocationName,InterventionLocationDescriptionText,InterventionLocationLatitude,InterventionLocationLongitude,InterventionReasonCode,InterventionTechniqueCode,InterventionDurationCode,TowedIndicator,StatuteCodeIdentificationID,StatutatoryCitationPostStop,VehicleSearchedIndicator,SearchAuthorizationCode,ContrabandIndicator,CustodialArrestIndicator,InterventionDispositionCode,InterventionDispositionDate,InterventionDispositionReasonText,IsStatuteCodeValid,IsStatutatoryCitationValid,IsaTest,RecordCount,SourceId,SourceReferenceId,InterventionDateTime,InterventionTime,filenumber,StatutatoryCitation,Road Type,ReasonForStop,Year
2025-01-13 06:35:09.430000,7167638.0,CT0011601,Putnam,Racial Profile,PSC23001,342246,Incident Id,2025-01-01 00:00:00,January,W,N,M,19,True,False,PUTNAM,POMFRET ST,  ,  ,V,G,1.0,0,14-218A,,False,N,False,False,W,,,,,False,1.0,COLLECT,9cd01df5-6960-4e3d-8,2025-01-01 00:28:00,00:28:00,2025,,,Speed Related,2025
2025-01-13 06:35:09.467000,7167650.0,CT0011601,Putnam,Racial Profile,PSC23006,342258,Incident Id,2025-01-01 00:00:00,January,W,N,F,44,True,False,PUTNAM,POMFRET ST,  ,  ,V,G,1.0,0,14-296AA,,False,N,False,False,W,,,,,False,1.0,COLLECT,9cd01df5-6960-4e3d-8,2025-01-01 12:20:00,12:20:00,2025,,,Cell Phone,2025
2025-01-13 06:35:09.453000,7167646.0,CT0011601,Putnam,Racial Profile,PSC23019,342254,Incident Id,2025-01-01 00:00:00,January,W,N,M,27,True,False,PUTNAM,RIVERFRONT COMMONS,  ,  ,V,G,1.0,0,14-299,,False,N,False,False,V,,,,,False,1.0,COLLECT,9cd01df5-6960-4e3d-8,2025-01-01 00:43:00,00:43:00,2025,,,Traffic Control Signal,2025
2025-01-13 06:35:09.447000,7167644.0,CT0011601,Putnam,Racial Profile,PSC23029,342252,Incident Id,2025-01-02 00:00:00,January,W,N,M,76,True,False,PUTNAM,PROVIDENCE ST,  ,  ,V,G,1.0,0,14-299,,False,N,False,False,V,,,,,False,1.0,COLLECT,9cd01df5-6960-4e3d-8,2025-01-02 12:08:00,12:08:00,2025,,,Traffic Control Signal,2025
2025-01-13 06:35:09.413000,7167635.0,CT0011601,Putnam,Racial Profile,PSC23001,342243,Incident Id,2025-01-02 00:00:00,January,W,N,M,24,True,False,PUTNAM,KENNEDY DR,  ,  ,V,G,1.0,0,14-218A,,False,N,False,False,V,,,,,False,1.0,COLLECT,9cd01df5-6960-4e3d-8,2025-01-02 22:03:00,22:03:00,2025,,,Speed Related,2025
2025-01-20 06:35:08.323000,7184980.0,CT0011601,Putnam,Racial Profile,PSC23019,342405,Incident Id,2025-01-03 00:00:00,January,W,N,M,18,True,False,PUTNAM,SCHOOL ST,  ,  ,V,G,1.0,0,14-96,,False,N,False,False,V,,,,,False,1.0,COLLECT,23a26d65-04d5-4e6b-a,2025-01-03 20:52:00,20:52:00,2025,,,Defective Lights,2025
2025-01-20 06:35:08.497000,7185025.0,CT0011601,Putnam,Racial Profile,PSC23007,342450,Incident Id,2025-01-04 00:00:00,January,W,N,M,68,False,False,PUTNAM,KENNEDY DRIVE,  ,  ,V,G,1.0,0,14-218A,,False,N,False,False,W,,,,,False,1.0,COLLECT,23a26d65-04d5-4e6b-a,2025-01-04 08:26:00,08:26:00,2025,,,Speed Related,2025
2025-01-13 06:35:09.470000,7167651.0,CT0011601,Putnam,Racial Profile,PSC23006,342259,Incident Id,2025-01-04 00:00:00,January,W,N,F,28,True,False,PUTNAM,POMFRET ST,  ,  ,V,G,1.0,0,14-296AA,,False,N,False,False,W,,,,,False,1.0,COLLECT,9cd01df5-6960-4e3d-8,2025-01-04 11:40:00,11:40:00,2025,,,Cell Phone,2025
2025-01-20 06:35:08.500000,7185026.0,CT0011601,Putnam,Racial Profile,PSC23007,342451,Incident Id,2025-01-05 00:00:00,January,W,N,M,67,True,False,DRIVE,KENNEDY ,  ,  ,V,G,1.0,0,14-218A,,False,N,False,False,W,,,,,False,1.0,COLLECT,23a26d65-04d5-4e6b-a,2025-01-05 10:25:00,10:25:00,2025,,,Speed Related,2025
2025-01-20 06:35:08.330000,7184982.0,CT0011601,Putnam,Racial Profile,PSC23028,342407,Incident Id,2025-01-05 00:00:00,January,W,N,M,31,True,False,PUTNAM,CHURCH ST,  ,  ,V,G,1.0,0,14-301,,False,N,False,False,W,,,,,False,1.0,COLLECT,23a26d65-04d5-4e6b-a,2025-01-05 00:48:00,00:48:00,2025,,,Stop Sign,2025
2025-01-20 06:35:08.333000,7184983.0,CT0011601,Putnam,Racial Profile,PSC23028,342408,Incident Id,2025-01-05 00:00:00,January,W,N,F,36,True,True,PUTNAM,KENNEDY DR,  ,  ,V,G,1.0,0,14-218A,,False,N,False,False,W,,,,,False,1.0,COLLECT,23a26d65-04d5-4e6b-a,2025-01-05 01:27:00,01:27:00,2025,,,Speed Related,2025
2025-01-20 06:35:08.290000,7184973.0,CT0011601,Putnam,Racial Profile,PSC23013,342398,Incident Id,2025-01-06 00:00:00,January,W,N,M,18,True,False,PUTNAM,KENNEDY DR,  ,  ,V,B,1.0,0,14-218,,False,N,False,False,V,,,,,False,1.0,COLLECT,23a26d65-04d5-4e6b-a,2025-01-06 00:56:00,00:56:00,2025,,,Speed Related,2025
2025-01-20 06:35:08.233000,7184962.0,CT0011601,Putnam,Racial Profile,PSC23001,342396,Incident Id,2025-01-09 00:00:00,January,W,H,M,39,True,False,PUTNAM,SCHOOL ST,  ,  ,V,G,1.0,0,14-241,,False,N,False,False,V,,,,,False,1.0,COLLECT,23a26d65-04d5-4e6b-a,2025-01-09 22:25:00,22:25:00,2025,,,Moving Violation,2025
2025-02-03 06:35:07.937000,7187244.0,CT0011601,Putnam,Racial Profile,PSC23019,342555,Incident Id,2025-01-09 00:00:00,January,W,N,F,43,True,False,PUTNAM,POWHATTAN STREET,  ,  ,V,G,2.0,0,14-147,,False,N,False,False,I,,,,,False,1.0,COLLECT,f5d9a7b0-05c1-47f5-9,2025-01-09 22:42:00,22:42:00,2025,,,Administrative Offense,2025
2025-01-20 06:35:08.513000,7185027.0,CT0011601,Putnam,Racial Profile,PSC23007,342452,Incident Id,2025-01-10 00:00:00,January,W,N,M,66,True,False,PUTNAM,KENNEDY DRIVE,  ,  ,V,G,1.0,0,14-218A,,False,N,False,False,W,,,,,False,1.0,COLLECT,23a26d65-04d5-4e6b-a,2025-01-10 13:19:00,13:19:00,2025,,,Speed Related,2025
2025-01-20 06:35:08.237000,7184963.0,CT0011601,Putnam,Racial Profile,PSC23013,342397,Incident Id,2025-01-10 00:00:00,January,W,N,F,32,False,False,PUTNAM,SCHOOL ST,  ,  ,V,B,1.0,0,14-96,,False,N,False,False,V,,,,,False,1.0,COLLECT,23a26d65-04d5-4e6b-a,2025-01-10 00:44:00,00:44:00,2025,,,Defective Lights,2025
2025-01-20 06:35:08.230000,7184961.0,CT0011601,Putnam,Racial Profile,PSC23019,342395,Incident Id,2025-01-10 00:00:00,January,W,N,M,50,True,False,PUTNAM,CANAL ST,  ,  ,V,G,1.0,0,14-299,,False,N,False,False,V,,,,,False,1.0,COLLECT,23a26d65-04d5-4e6b-a,2025-01-10 17:47:00,17:47:00,2025,,,Traffic Control Signal,2025
2025-01-20 06:35:08.293000,7184974.0,CT0011601,Putnam,Racial Profile,PSC23013,342399,Incident Id,2025-01-11 00:00:00,January,W,N,M,21,True,False,PUTNAM,KENNEDY DR,  ,  ,E,B,1.0,0,14-96,,False,N,False,False,V,,,,,False,1.0,COLLECT,23a26d65-04d5-4e6b-a,2025-01-11 02:05:00,02:05:00,2025,,,Defective Lights,2025
2025-01-20 06:35:08.527000,7185029.0,CT0011601,Putnam,Racial Profile,PSC23007,342454,Incident Id,2025-01-12 00:00:00,January,B,N,M,45,True,True,PUTNAM,GROVE STREET,  ,  ,V,G,1.0,0,14-218A,,False,N,False,False,W,,,,,False,1.0,COLLECT,23a26d65-04d5-4e6b-a,2025-01-12 09:01:00,09:01:00,2025,,,Speed Related,2025
2025-01-20 06:35:08.517000,7185028.0,CT0011601,Putnam,Racial Profile,PSC23007,342453,Incident Id,2025-01-12 00:00:00,January,W,N,M,24,True,True,PUTNAM,MYERS STREET,  ,  ,V,G,1.0,0,14-218A,,False,N,False,False,W,,,,,False,1.0,COLLECT,23a26d65-04d5-4e6b-a,2025-01-12 17:51:00,17:51:00,2025,,,Speed Related,2025
2025-01-20 06:35:08.297000,7184975.0,CT0011601,Putnam,Racial Profile,PSC23013,342400,Incident Id,2025-01-12 00:00:00,January,A,N,M,26,False,False,PUTNAM,CENTER ST,  ,  ,V,B,1.0,0,14-96,,False,N,False,False,V,,,,,False,1.0,COLLECT,23a26d65-04d5-4e6b-a,2025-01-12 02:05:00,02:05:00,2025,,,Defective Lights,2025
2025-01-20 06:35:08.563000,7185032.0,CT0011601,Putnam,Racial Profile,PSC23005,342457,Incident Id,2025-01-17 00:00:00,January,W,N,M,45,False,False,PUTNAM,KENNEDY DRIVE,  ,  ,V,G,1.0,0,14-218A,,False,N,False,False,W,,,,,False,1.0,COLLECT,23a26d65-04d5-4e6b-a,2025-01-17 07:06:00,07:06:00,2025,,,Speed Related,2025
2025-01-20 06:35:08.583000,7185037.0,CT0011601,Putnam,Racial Profile,PSC23007,342462,Incident Id,2025-01-17 00:00:00,January,W,N,M,22,True,False,PUTNAM,KENNEDY DRIVE,  ,  ,V,G,1.0,0,14-218A,,False,N,False,False,W,,,,,False,1.0,COLLECT,23a26d65-04d5-4e6b-a,2025-01-17 13:54:00,13:54:00,2025,,,Speed Related,2025
2025-02-03 06:35:07.967000,7187256.0,CT0011601,Putnam,Racial Profile,PSC23019,342567,Incident Id,2025-01-17 00:00:00,January,W,N,M,73,True,True,PUTNAM,CANAL STREET,  ,  ,V,G,2.0,0,14-230,,False,N,False,False,V,,,,,False,1.0,COLLECT,f5d9a7b0-05c1-47f5-9,2025-01-17 17:48:00,17:48:00,2025,,,Moving Violation,2025
2025-02-03 06:35:07.950000,7187249.0,CT0011601,Putnam,Racial Profile,PSC23031,342560,Incident Id,2025-01-18 00:00:00,January,B,N,M,24,True,False,PUTNAM,SCHOOL STREET,  ,  ,V,G,1.0,0,14-218,,False,N,False,False,V,,,,,False,1.0,COLLECT,f5d9a7b0-05c1-47f5-9,2025-01-18 23:58:00,23:58:00,2025,,,Speed Related,2025
2025-02-03 06:35:07.940000,7187245.0,CT0011601,Putnam,Racial Profile,PSC23019,342556,Incident Id,2025-01-18 00:00:00,January,W,N,M,20,True,False,PUTNAM,GROVE STREET,  ,  ,V,G,2.0,0,14-215,,False,N,False,False,M,,,,,False,1.0,COLLECT,f5d9a7b0-05c1-47f5-9,2025-01-18 16:45:00,16:45:00,2025,,,Administrative Offense,2025
2025-02-03 06:35:07.950000,7187250.0,CT0011601,Putnam,Racial Profile,PSC23028,342561,Incident Id,2025-01-18 00:00:00,January,W,N,M,29,True,True,PUTNAM,PROVIDENCE STREET,  ,  ,E,G,1.0,0,14-96C,,False,N,False,False,V,,,,,False,1.0,COLLECT,f5d9a7b0-05c1-47f5-9,2025-01-18 00:53:00,00:53:00,2025,,,Defective Lights,2025
2025-02-03 06:35:07.953000,7187251.0,CT0011601,Putnam,Racial Profile,PSC23013,342562,Incident Id,2025-01-18 00:00:00,January,B,N,M,34,True,True,PUTNAM,CHURCH STREET,  ,  ,V,B,1.0,0,14-218,,False,N,False,False,V,,,,,False,1.0,COLLECT,f5d9a7b0-05c1-47f5-9,2025-01-18 23:53:00,23:53:00,2025,,,Speed Related,2025
2025-02-03 06:35:07.933000,7187243.0,CT0011601,Putnam,Racial Profile,PSC23019,342554,Incident Id,2025-01-18 00:00:00,January,W,N,M,26,True,True,PUTNAM,PROVIDENCE STREET,  ,  ,V,G,2.0,0,14-96C,,False,N,False,False,M,,,,,False,1.0,COLLECT,f5d9a7b0-05c1-47f5-9,2025-01-18 22:14:00,22:14:00,2025,,,Defective Lights,2025
2025-02-03 06:35:07.970000,7187257.0,CT0011601,Putnam,Racial Profile,PSC23019,342568,Incident Id,2025-01-18 00:00:00,January,W,N,M,20,True,False,PUTNAM,CANAL STREET,  ,  ,V,G,1.0,0,14-96,,False,N,False,False,V,,,,,False,1.0,COLLECT,f5d9a7b0-05c1-47f5-9,2025-01-18 22:39:00,22:39:00,2025,,,Defective Lights,2025
2025-02-10 06:35:09.557000,7189859.0,CT0011601,Putnam,Racial Profile,PSC23019,342704,Incident Id,2025-01-19 00:00:00,January,W,N,M,23,True,True,PUTNAM,KENNEDY DRIVE,  ,  ,V,G,3.0,0,14-147,,False,N,False,False,I,,,,,False,1.0,COLLECT,d1ff1a12-6175-4c83-a,2025-01-19 20:58:00,20:58:00,2025,,,Administrative Offense,2025
2025-02-03 06:35:07.960000,7187254.0,CT0011601,Putnam,Racial Profile,PSC23019,342565,Incident Id,2025-01-24 00:00:00,January,W,N,M,78,True,False,PUTNAM,PROVIDENCE STREET,  ,  ,V,G,1.0,0,14-96U,,False,N,False,False,V,,,,,False,1.0,COLLECT,f5d9a7b0-05c1-47f5-9,2025-01-24 23:44:00,23:44:00,2025,,,Defective Lights,2025
2025-02-03 06:35:07.963000,7187255.0,CT0011601,Putnam,Racial Profile,PSC23019,342566,Incident Id,2025-01-24 00:00:00,January,W,N,F,69,True,False,PUTNAM,PROVIDENCE STREET,  ,  ,V,G,1.0,0,14-218A,,False,N,False,False,V,,,,,False,1.0,COLLECT,f5d9a7b0-05c1-47f5-9,2025-01-24 23:43:00,23:43:00,2025,,,Speed Related,2025
2025-02-03 06:35:07.957000,7187252.0,CT0011601,Putnam,Racial Profile,PSC23028,342563,Incident Id,2025-01-24 00:00:00,January,W,N,F,67,True,True,PUTNAM,PROVIDENCE STREET,  ,  ,E,G,1.0,0,14-96C,,False,N,False,False,V,,,,,False,1.0,COLLECT,f5d9a7b0-05c1-47f5-9,2025-01-24 18:17:00,18:17:00,2025,,,Defective Lights,2025
2025-02-03 06:35:07.960000,7187253.0,CT0011601,Putnam,Racial Profile,PSC23019,342564,Incident Id,2025-01-24 00:00:00,January,W,N,M,24,True,False,PUTNAM,POMFRET STREET,  ,  ,V,G,1.0,0,14-301,,False,N,False,False,V,,,,,False,1.0,COLLECT,f5d9a7b0-05c1-47f5-9,2025-01-24 01:23:00,01:23:00,2025,,,Stop Sign,2025
2025-02-03 06:35:07.970000,7187258.0,CT0011601,Putnam,Racial Profile,PSC23019,342569,Incident Id,2025-01-25 00:00:00,January,W,N,M,47,True,True,PUTNAM,CANAL STREET,  ,  ,V,G,1.0,0,14-218A,,False,N,False,False,V,,,,,False,1.0,COLLECT,f5d9a7b0-05c1-47f5-9,2025-01-25 22:15:00,22:15:00,2025,,,Speed Related,2025
2025-02-10 06:35:09.547000,7189857.0,CT0011601,Putnam,Racial Profile,PSC23001,342702,Incident Id,2025-01-27 00:00:00,January,W,N,M,38,True,True,PUTNAM,PROVIDENCE STREET,  ,  ,V,G,2.0,1,14-12,,True,C,False,False,I,,,,,False,1.0,COLLECT,d1ff1a12-6175-4c83-a,2025-01-27 14:26:00,14:26:00,2025,,,Registration,2025
2025-02-18 13:29:12.507000,7226729.0,CT0011601,Putnam,Racial Profile,PSC23001,342780,Incident Id,2025-01-30 00:00:00,January,W,N,M,32,True,True,PUTNAM,BATTEY STREET,  ,  ,V,G,1.0,0,14-96,,False,N,False,False,V,,,,,False,1.0,COLLECT,c7c8559b-0e3e-41e0-b,2025-01-30 22:23:00,22:23:00,2025,,,Defective Lights,2025
2025-02-18 13:29:12.483000,7226720.0,CT0011601,Putnam,Racial Profile,PSC23001,342771,Incident Id,2025-01-30 00:00:00,January,B,N,M,31,True,True,PUTNAM,SCHOOL STREET,  ,  ,V,G,2.0,0,14-215,,True,O,True,True,U,,,,,False,1.0,COLLECT,c7c8559b-0e3e-41e0-b,2025-01-30 10:45:00,10:45:00,2025,,,Administrative Offense,2025
2025-02-10 06:35:09.563000,7189861.0,CT0011601,Putnam,Racial Profile,PSC23028,342706,Incident Id,2025-01-31 00:00:00,January,W,N,M,33,True,False,PUTNAM,SCHOOL STREET,  ,  ,V,B,1.0,0,14-218,,False,N,False,False,W,,,,,False,1.0,COLLECT,d1ff1a12-6175-4c83-a,2025-01-31 05:27:00,05:27:00,2025,,,Speed Related,2025
2025-02-10 06:35:09.557000,7189860.0,CT0011601,Putnam,Racial Profile,PSC23028,342705,Incident Id,2025-01-31 00:00:00,January,W,N,F,52,True,False,PUTNAM,PROVIDENCE STREET,  ,  ,V,B,1.0,0,14-218,,False,N,False,False,W,,,,,False,1.0,COLLECT,d1ff1a12-6175-4c83-a,2025-01-31 04:51:00,04:51:00,2025,,,Speed Related,2025
2025-02-18 13:29:12.500000,7226726.0,CT0011601,Putnam,Racial Profile,PSC23029,342777,Incident Id,2025-02-03 00:00:00,February,W,N,M,74,True,False,PUTNAM,CHURCH STREET,  ,  ,V,G,1.0,0,14-299,,False,N,False,False,V,,,,,False,1.0,COLLECT,c7c8559b-0e3e-41e0-b,2025-02-03 10:25:00,10:25:00,2025,,,Traffic Control Signal,2025
2025-02-24 06:35:09.237000,7229178.0,CT0011601,Putnam,Racial Profile,PSC23019,342872,Incident Id,2025-02-05 00:00:00,February,W,N,M,26,True,False,PUTNAM,KENNEDY DRIVE,  ,  ,V,G,1.0,0,14-299,,False,N,False,False,W,,,,,False,1.0,COLLECT,1b77df72-a3ed-4f9f-b,2025-02-05 18:55:00,18:55:00,2025,,,Traffic Control Signal,2025
2025-02-18 13:29:12.500000,7226727.0,CT0011601,Putnam,Racial Profile,PSC23029,342778,Incident Id,2025-02-05 00:00:00,February,W,N,M,36,True,False,PUTNAM,MECHANIC STREET,  ,  ,V,G,1.0,0,14-218A,,False,N,False,False,V,,,,,False,1.0,COLLECT,c7c8559b-0e3e-41e0-b,2025-02-05 06:08:00,06:08:00,2025,,,Speed Related,2025
2025-02-18 13:29:12.503000,7226728.0,CT0011601,Putnam,Racial Profile,PSC23028,342779,Incident Id,2025-02-06 00:00:00,February,W,N,M,24,True,False,PUTNAM,SCHOOL STREET,  ,  ,V,G,1.0,0,14-299,,False,N,False,False,W,,,,,False,1.0,COLLECT,c7c8559b-0e3e-41e0-b,2025-02-06 03:06:00,03:06:00,2025,,,Traffic Control Signal,2025
2025-02-18 13:29:12.493000,7226724.0,CT0011601,Putnam,Racial Profile,PSC23013,342775,Incident Id,2025-02-07 00:00:00,February,W,N,F,17,True,False,PUTNAM,PROVIDENCE STREET,  ,  ,V,B,1.0,0,14-218,,False,N,False,False,V,,,,,False,1.0,COLLECT,c7c8559b-0e3e-41e0-b,2025-02-07 21:47:00,21:47:00,2025,,,Speed Related,2025
2025-02-18 13:29:12.490000,7226722.0,CT0011601,Putnam,Racial Profile,PSC23013,342773,Incident Id,2025-02-07 00:00:00,February,W,N,F,23,True,True,PUTNAM,KENNEDY DRIVE,  ,  ,V,B,1.0,0,14-218,,False,N,False,False,V,,,,,False,1.0,COLLECT,c7c8559b-0e3e-41e0-b,2025-02-07 22:32:00,22:32:00,2025,,,Speed Related,2025
2025-02-18 13:29:12.490000,7226723.0,CT0011601,Putnam,Racial Profile,PSC23013,342774,Incident Id,2025-02-07 00:00:00,February,W,N,M,44,True,False,PUTNAM,PROVIDENCE STREET,  ,  ,V,B,1.0,0,14-218,,False,N,False,False,V,,,,,False,1.0,COLLECT,c7c8559b-0e3e-41e0-b,2025-02-07 21:59:00,21:59:00,2025,,,Speed Related,2025
2025-02-18 13:29:12.497000,7226725.0,CT0011601,Putnam,Racial Profile,PSC23013,342776,Incident Id,2025-02-07 00:00:00,February,W,N,M,50,True,True,PUTNAM,CHURCH STREET,  ,  ,V,B,1.0,0,14-218,,False,N,False,False,V,,,,,False,1.0,COLLECT,c7c8559b-0e3e-41e0-b,2025-02-07 21:37:00,21:37:00,2025,,,Speed Related,2025
2025-02-18 13:29:12.487000,7226721.0,CT0011601,Putnam,Racial Profile,PSC23013,342772,Incident Id,2025-02-08 00:00:00,February,W,N,F,24,True,True,PUTNAM,KENNEDY DRIVE,  ,  ,V,B,1.0,0,14-96,,False,N,False,False,V,,,,,False,1.0,COLLECT,c7c8559b-0e3e-41e0-b,2025-02-08 01:13:00,01:13:00,2025,,,Defective Lights,2025
2025-02-24 06:35:09.250000,7229180.0,CT0011601,Putnam,Racial Profile,PSC23029,342874,Incident Id,2025-02-08 00:00:00,February,W,N,M,67,True,True,PUTNAM,LEE STREET,  ,  ,V,G,1.0,0,14-242,,False,N,False,False,V,,,,,False,1.0,COLLECT,1b77df72-a3ed-4f9f-b,2025-02-08 20:06:00,20:06:00,2025,,,Moving Violation,2025
2025-02-24 06:35:09.240000,7229179.0,CT0011601,Putnam,Racial Profile,PSC23019,342873,Incident Id,2025-02-14 00:00:00,February,W,N,F,54,True,False,PUTNAM,SCHOOL STREET,  ,  ,V,G,1.0,0,14-299,,False,N,False,False,W,,,,,False,1.0,COLLECT,1b77df72-a3ed-4f9f-b,2025-02-14 16:50:00,16:50:00,2025,,,Traffic Control Signal,2025
2025-03-03 06:35:09.920000,7253894.0,CT0011601,Putnam,Racial Profile,PSC23001,343175,Incident Id,2025-02-18 00:00:00,February,W,N,M,47,True,False,PUTNAM,KENNEDY DRIVE,  ,  ,V,G,1.0,0,14-18,,False,N,False,False,V,,,,,False,1.0,COLLECT,4ee90345-12b8-4300-b,2025-02-18 20:39:00,20:39:00,2025,,,Display of Plates,2025
2025-02-24 06:35:09.253000,7229181.0,CT0011601,Putnam,Racial Profile,PSC23029,342875,Incident Id,2025-02-18 00:00:00,February,W,N,M,30,True,True,PUTNAM,CHURCH STREET,  ,  ,V,G,1.0,0,14-96B,,False,N,False,False,W,,,,,False,1.0,COLLECT,1b77df72-a3ed-4f9f-b,2025-02-18 19:44:00,19:44:00,2025,,,Defective Lights,2025
2025-03-03 06:35:09.930000,7253895.0,CT0011601,Putnam,Racial Profile,PSC23019,343176,Incident Id,2025-02-20 00:00:00,February,W,N,F,45,True,True,PUTNAM,MASSICOTTE CIRCLE,  ,  ,V,G,1.0,0,14-301,,False,N,False,False,W,,,,,False,1.0,COLLECT,4ee90345-12b8-4300-b,2025-02-20 20:30:00,20:30:00,2025,,,Stop Sign,2025
2025-03-03 06:35:09.910000,7253893.0,CT0011601,Putnam,Racial Profile,PSC23020,343174,Incident Id,2025-02-22 00:00:00,February,W,N,F,24,True,False,PUTNAM,KENNEDY DRIVE,  ,  ,V,G,1.0,0,14-96A,,False,N,False,False,W,,,,,False,1.0,COLLECT,4ee90345-12b8-4300-b,2025-02-22 17:45:00,17:45:00,2025,,,Defective Lights,2025
2025-03-03 06:35:09.820000,7253890.0,CT0011601,Putnam,Racial Profile,PSC23020,343171,Incident Id,2025-02-24 00:00:00,February,W,N,F,24,True,False,PUTNAM,KENNEDY DRIVE,  ,  ,V,G,1.0,0,14-218A,,False,N,False,False,W,,,,,False,1.0,COLLECT,4ee90345-12b8-4300-b,2025-02-24 10:59:00,10:59:00,2025,,,Speed Related,2025
2025-03-03 06:35:09.830000,7253892.0,CT0011601,Putnam,Racial Profile,PSC23028,343173,Incident Id,2025-02-24 00:00:00,February,W,N,F,74,True,True,PUTNAM,PROVIDENCE STREET,  ,  ,V,G,1.0,0,14-218A,,False,N,False,False,W,,,,,False,1.0,COLLECT,4ee90345-12b8-4300-b,2025-02-24 10:10:00,10:10:00,2025,,,Speed Related,2025
2025-03-03 06:35:09.817000,7253889.0,CT0011601,Putnam,Racial Profile,PSC23020,343170,Incident Id,2025-02-25 00:00:00,February,W,N,F,68,True,False,PUTNAM,KENNEDY DRIVE,  ,  ,V,G,1.0,0,14-218A,,False,N,False,False,W,,,,,False,1.0,COLLECT,4ee90345-12b8-4300-b,2025-02-25 12:27:00,12:27:00,2025,,,Speed Related,2025
2025-03-03 06:35:09.813000,7253888.0,CT0011601,Putnam,Racial Profile,PSC23020,343169,Incident Id,2025-02-25 00:00:00,February,W,N,F,37,True,False,PUTNAM,KENNEDY DRIVE,  ,  ,V,G,1.0,0,14-218A,,False,N,False,False,W,,,,,False,1.0,COLLECT,4ee90345-12b8-4300-b,2025-02-25 08:11:00,08:11:00,2025,,,Speed Related,2025
2025-03-03 06:35:09.827000,7253891.0,CT0011601,Putnam,Racial Profile,PSC23028,343172,Incident Id,2025-02-25 00:00:00,February,W,N,M,40,True,False,PUTNAM,PROVIDENCE STREET,  ,  ,V,G,1.0,0,14-96C,,False,N,False,False,W,,,,,False,1.0,COLLECT,4ee90345-12b8-4300-b,2025-02-25 00:51:00,00:51:00,2025,,,Defective Lights,2025
2025-03-03 06:35:10.347000,7254015.0,CT0011601,Putnam,Racial Profile,PSC23012,343296,Incident Id,2025-02-26 00:00:00,February,W,N,F,50,True,False,PUTNAM,KENNEDY DR,  ,  ,V,G,1.0,0,14-218A,,False,N,False,False,W,,,,,False,1.0,COLLECT,4ee90345-12b8-4300-b,2025-02-26 12:39:00,12:39:00,2025,,,Speed Related,2025
2025-03-03 06:35:10.363000,7254021.0,CT0011601,Putnam,Racial Profile,PSC23012,343302,Incident Id,2025-02-26 00:00:00,February,W,N,F,44,True,False,PUTNAM,KENNEDY DR,  ,  ,V,G,1.0,0,14-218A,,False,N,False,False,W,,,,,False,1.0,COLLECT,4ee90345-12b8-4300-b,2025-02-26 09:31:00,09:31:00,2025,,,Speed Related,2025
2025-03-03 06:35:10.353000,7254018.0,CT0011601,Putnam,Racial Profile,PSC23012,343299,Incident Id,2025-02-26 00:00:00,February,W,N,F,83,True,False,PUTNAM,FARROWS ST,  ,  ,V,G,1.0,0,14-218A,,False,N,False,False,W,,,,,False,1.0,COLLECT,4ee90345-12b8-4300-b,2025-02-26 08:47:00,08:47:00,2025,,,Speed Related,2025
2025-03-03 06:35:10.367000,7254022.0,CT0011601,Putnam,Racial Profile,PSC23012,343303,Incident Id,2025-02-26 00:00:00,February,W,H,F,21,True,False,PUTNAM,KENNEDY DR,  ,  ,V,G,1.0,0,14-218A,,False,N,False,False,W,,,,,False,1.0,COLLECT,4ee90345-12b8-4300-b,2025-02-26 09:59:00,09:59:00,2025,,,Speed Related,2025
2025-03-03 06:35:10.350000,7254017.0,CT0011601,Putnam,Racial Profile,PSC23012,343298,Incident Id,2025-02-26 00:00:00,February,W,N,F,39,True,False,PUTNAM,KENNEDY DR,  ,  ,V,G,1.0,0,14-218A,,False,N,False,False,W,,,,,False,1.0,COLLECT,4ee90345-12b8-4300-b,2025-02-26 11:20:00,11:20:00,2025,,,Speed Related,2025
2025-03-03 06:35:10.357000,7254019.0,CT0011601,Putnam,Racial Profile,PSC23012,343300,Incident Id,2025-02-26 00:00:00,February,W,N,M,23,True,True,PUTNAM,KENNEDY DR,  ,  ,V,G,1.0,0,14-218A,,False,N,False,False,W,,,,,False,1.0,COLLECT,4ee90345-12b8-4300-b,2025-02-26 12:00:00,12:00:00,2025,,,Speed Related,2025
2025-03-03 06:35:10.350000,7254016.0,CT0011601,Putnam,Racial Profile,PSC23012,343297,Incident Id,2025-02-26 00:00:00,February,W,N,F,77,True,False,PUTNAM,KENNEDY DR,  ,  ,V,G,1.0,0,14-218A,,False,N,False,False,W,,,,,False,1.0,COLLECT,4ee90345-12b8-4300-b,2025-02-26 07:54:00,07:54:00,2025,,,Speed Related,2025
2025-03-03 06:35:10.360000,7254020.0,CT0011601,Putnam,Racial Profile,PSC23012,343301,Incident Id,2025-02-26 00:00:00,February,W,N,F,24,True,False,PUTNAM,CANAL ST,  ,  ,V,G,1.0,0,14-218A,,False,N,False,False,W,,,,,False,1.0,COLLECT,4ee90345-12b8-4300-b,2025-02-26 08:32:00,08:32:00,2025,,,Speed Related,2025
2026-01-15 10:29:46.843000,8078533.0,CT0011600,Putnam,Racial Profile,10100,2500002017,Incident ID,2025-03-03 00:00:00,March,W,N,F,69,True,False,PUTNAM,providence st ,  ,  ,E,G,1.0,0,14-96p,,False,N,False,False,V,,,,,False,1.0,CT0011600,134129645828839240,2025-03-03 23:56:11.373000,23:56:11.373000,2025,,,Defective Lights,2025
2025-03-10 06:35:08.523000,7260278.0,CT0011601,Putnam,Racial Profile,PSC23012,343375,Incident Id,2025-03-04 00:00:00,March,W,N,M,16,True,False,PUTNAM,MILL ST,  ,  ,E,G,1.0,0,14-96E,,False,N,False,False,V,,,,,False,1.0,COLLECT,85c1aead-25bd-4fb7-9,2025-03-04 20:10:00,20:10:00,2025,,,Defective Lights,2025
2025-03-10 06:35:08.533000,7260281.0,CT0011601,Putnam,Racial Profile,PSC23012,343378,Incident Id,2025-03-04 00:00:00,March,W,H,F,39,True,True,PUTNAM,CHURCH ST,  ,  ,E,G,1.0,0,14-96A,,False,N,False,False,W,,,,,False,1.0,COLLECT,85c1aead-25bd-4fb7-9,2025-03-04 20:08:00,20:08:00,2025,,,Defective Lights,2025
2025-03-10 06:35:08.583000,7260290.0,CT0011601,Putnam,Racial Profile,PSC23012,343387,Incident Id,2025-03-04 00:00:00,March,W,N,F,30,True,False,PUTNAM,SCHOOL ST,  ,  ,V,G,1.0,0,14-96A,,False,N,False,False,V,,,,,False,1.0,COLLECT,85c1aead-25bd-4fb7-9,2025-03-04 19:15:00,19:15:00,2025,,,Defective Lights,2025
2026-01-15 10:29:46.850000,8078534.0,CT0011600,Putnam,Racial Profile,10100,2500002020,Incident ID,2025-03-04 00:00:00,March,W,H,F,59,True,False,PUTNAM, woodstock ave / church st,  ,  ,V,G,1.0,0,14-301,,False,N,False,False,W,,,,,False,1.0,CT0011600,134129645828839240,2025-03-04 00:15:16.530000,00:15:16.530000,2025,14-301,,Stop Sign,2025
2026-01-15 10:29:46.850000,8078535.0,CT0011600,Putnam,Racial Profile,10100,2500002067,Incident ID,2025-03-04 00:00:00,March,W,N,M,62,True,True,Putnam              , GROVE STREET ,  ,  ,V,G,1.0,0,14-218a,,False,N,False,False,W,,,,,False,1.0,CT0011600,134129645828839240,2025-03-04 23:58:00.263000,23:58:00.263000,2025,14-218a,,Speed Related,2025
2025-03-10 06:35:08.540000,7260283.0,CT0011601,Putnam,Racial Profile,PSC23012,343380,Incident Id,2025-03-04 00:00:00,March,B,N,F,61,True,True,PUTNAM,BRIDGE ST,  ,  ,V,G,1.0,0,14-301,,False,N,False,False,W,,,,,False,1.0,COLLECT,85c1aead-25bd-4fb7-9,2025-03-04 02:49:00,02:49:00,2025,,,Stop Sign,2025
2025-03-10 06:35:08.553000,7260284.0,CT0011601,Putnam,Racial Profile,PSC23012,343381,Incident Id,2025-03-04 00:00:00,March,W,N,M,34,True,False,PUTNAM,KILLINGLY AVE,  ,  ,V,B,1.0,0,14-96,,False,N,False,False,V,,,,,False,1.0,COLLECT,85c1aead-25bd-4fb7-9,2025-03-04 00:58:00,00:58:00,2025,,,Defective Lights,2025
2026-01-15 10:29:46.910000,8078552.0,CT0011600,Putnam,Racial Profile,1000192,2500002030,Incident ID,2025-03-04 00:00:00,March,W,N,M,33,False,False,PUTNAM,Kennedy Drive,  ,  ,E,B,1.0,0,14-96b,,False,N,False,False,W,,,,,False,1.0,CT0011600,134129645828839240,2025-03-04 01:28:31.390000,01:28:31.390000,2025,14-96b,,Defective Lights,2025
2025-03-10 06:35:08.570000,7260286.0,CT0011601,Putnam,Racial Profile,PSC23012,343383,Incident Id,2025-03-04 00:00:00,March,W,N,F,24,True,False,PUTNAM,POMFRET ST,  ,  ,V,G,1.0,0,14-218A,,False,N,False,False,W,,,,,False,1.0,COLLECT,85c1aead-25bd-4fb7-9,2025-03-04 22:44:00,22:44:00,2025,,,Speed Related,2025
2025-03-10 06:35:08.573000,7260287.0,CT0011601,Putnam,Racial Profile,PSC23012,343384,Incident Id,2025-03-04 00:00:00,March,W,N,M,67,True,False,PUTNAM,VANDALE ST,  ,  ,V,G,1.0,0,14-247,,False,N,False,False,W,,,,,False,1.0,COLLECT,85c1aead-25bd-4fb7-9,2025-03-04 15:35:00,15:35:00,2025,,,Moving Violation,2025
2026-01-15 10:29:46.767000,8078513.0,CT0011600,Putnam,Racial Profile,10052,2500002054,Incident ID,2025-03-04 00:00:00,March,W,N,M,63,False,False,PUTNAM,00144 CHURCH ST,  ,  ,V,G,1.0,0,14-296aa(b1st,,False,N,False,False,W,,,,,False,1.0,CT0011600,134129645828839240,2025-03-04 15:45:52.580000,15:45:52.580000,2025,,,Cell Phone,2025
2025-03-10 06:35:08.530000,7260280.0,CT0011601,Putnam,Racial Profile,PSC23012,343377,Incident Id,2025-03-04 00:00:00,March,W,N,F,78,True,True,PUTNAM,ROTARY PARK,  ,  ,I,G,1.0,0,14-242,,False,N,False,False,W,,,,,False,1.0,COLLECT,85c1aead-25bd-4fb7-9,2025-03-04 18:35:00,18:35:00,2025,,,Moving Violation,2025
2025-03-10 06:35:08.560000,7260285.0,CT0011601,Putnam,Racial Profile,PSC23012,343382,Incident Id,2025-03-04 00:00:00,March,W,N,M,26,True,False,PUTNAM,MECHANIC ST,  ,  ,V,G,1.0,0,14-218A,,False,N,False,False,W,,,,,False,1.0,COLLECT,85c1aead-25bd-4fb7-9,2025-03-04 22:01:00,22:01:00,2025,,,Speed Related,2025
2025-03-10 06:35:08.580000,7260288.0,CT0011601,Putnam,Racial Profile,PSC23012,343385,Incident Id,2025-03-04 00:00:00,March,W,N,F,20,True,False,PUTNAM,WOODSTOCK AVE,  ,  ,V,G,1.0,0,14-301,,False,N,False,False,V,,,,,False,1.0,COLLECT,85c1aead-25bd-4fb7-9,2025-03-04 21:13:00,21:13:00,2025,,,Stop Sign,2025
2025-03-10 06:35:08.580000,7260289.0,CT0011601,Putnam,Racial Profile,PSC23012,343386,Incident Id,2025-03-04 00:00:00,March,W,N,F,33,True,False,PUTNAM,RAVINE ST,  ,  ,V,G,1.0,0,14-96A,,False,N,False,False,V,,,,,False,1.0,COLLECT,85c1aead-25bd-4fb7-9,2025-03-04 17:52:00,17:52:00,2025,,,Defective Lights,2025
2026-01-15 10:29:46.690000,8078485.0,CT0011600,Putnam,Racial Profile,10014,2500002091,Incident ID,2025-03-05 00:00:00,March,W,N,F,17,True,False,PUTNAM,00000 KENNEDY DR,  ,  ,V,G,1.0,0,14-218a,,False,N,False,False,W,,,,,False,1.0,CT0011600,134129645828839240,2025-03-05 08:37:49.747000,08:37:49.747000,2025,,,Speed Related,2025
2026-01-15 10:29:46.833000,8078530.0,CT0011600,Putnam,Racial Profile,10067,2500002102,Incident ID,2025-03-05 00:00:00,March,W,N,F,40,True,False,PUTNAM,kennedy drive,  ,  ,V,G,1.0,0,14-296aa(b),,False,N,False,False,W,,,,,False,1.0,CT0011600,134129645828839240,2025-03-05 17:00:00.937000,17:00:00.937000,2025,14-296aa(b),,Cell Phone,2025
2026-01-15 10:29:46.910000,8078553.0,CT0011600,Putnam,Racial Profile,1000192,2500002070,Incident ID,2025-03-05 00:00:00,March,W,N,F,27,True,True,PUTNAM,Providence St,  ,  ,V,G,1.0,0,14-218a,,False,N,False,False,V,,,,,False,1.0,CT0011600,134129645828839240,2025-03-05 00:40:49.987000,00:40:49.987000,2025,14-218a,,Speed Related,2025
2026-01-15 10:29:46.683000,8078484.0,CT0011600,Putnam,Racial Profile,10011,2500002126,Incident ID,2025-03-06 00:00:00,March,W,N,M,82,True,True,PUTNAM,00000 KENNEDY DR,  ,  ,V,G,1.0,0,14-245,,False,N,False,False,W,,,,,False,1.0,CT0011600,134129645828839240,2025-03-06 09:08:00.087000,09:08:00.087000,2025,,,Moving Violation,2025
2026-01-15 10:29:46.913000,8078554.0,CT0011600,Putnam,Racial Profile,1000192,2500002109,Incident ID,2025-03-06 00:00:00,March,W,N,F,53,True,False,PUTNAM,Woodstock Ave,  ,  ,E,G,1.0,0,14-96a(a),,False,N,False,False,V,,,,,False,1.0,CT0011600,134129645828839240,2025-03-06 00:21:21.020000,00:21:21.020000,2025,14-96a(a),,Defective Lights,2025
2026-01-15 10:29:46.770000,8078514.0,CT0011600,Putnam,Racial Profile,10052,2500002179,Incident ID,2025-03-07 00:00:00,March,W,N,M,40,True,False,PUTNAM,Arch Street,  ,  ,V,G,1.0,0,14-96a(a),,False,N,False,False,I,,,,,False,1.0,CT0011600,134129645828839240,2025-03-07 21:53:10.060000,21:53:10.060000,2025,,,Defective Lights,2025
2026-01-15 10:29:46.917000,8078555.0,CT0011600,Putnam,Racial Profile,1000192,2500002159,Incident ID,2025-03-07 00:00:00,March,W,N,M,18,True,False,PUTNAM,Kennedy Dr,  ,  ,E,G,1.0,0,14-96a(a),,False,N,False,False,V,,,,,False,1.0,CT0011600,134129645828839240,2025-03-07 01:39:21.413000,01:39:21.413000,2025,14-96a(a),,Defective Lights,2025
2026-01-15 10:29:46.773000,8078515.0,CT0011600,Putnam,Racial Profile,10052,2500002187,Incident ID,2025-03-08 00:00:00,March,W,N,M,35,True,True,PUTNAM, MAY ST/SCHOOL ST,  ,  ,V,G,1.0,0,14-299,,False,N,False,False,W,,,,,False,1.0,CT0011600,134129645828839240,2025-03-08 00:54:50.820000,00:54:50.820000,2025,,,Traffic Control Signal,2025
2026-01-15 10:29:46.853000,8078536.0,CT0011600,Putnam,Racial Profile,10100,2500002213,Incident ID,2025-03-09 00:00:00,March,W,N,F,65,True,False,PUTNAM,00000 Barber ST,  ,  ,V,G,1.0,0,14-236,,False,N,False,False,W,,,,,False,1.0,CT0011600,134129645828839240,2025-03-09 01:48:41.120000,01:48:41.120000,2025,,,Moving Violation,2025
2026-01-15 10:29:46.783000,8078516.0,CT0011600,Putnam,Racial Profile,10052,2500002288,Incident ID,2025-03-10 00:00:00,March,W,N,F,36,True,False,PUTNAM,00000 KENNEDY DR,  ,  ,V,G,1.0,0,14-296aa(b1st,,False,N,False,False,W,,,,,False,1.0,CT0011600,134129645828839240,2025-03-10 18:00:48.583000,18:00:48.583000,2025,,,Cell Phone,2025
2026-01-15 10:29:46.690000,8078486.0,CT0011600,Putnam,Racial Profile,10014,2500002283,Incident ID,2025-03-10 00:00:00,March,W,N,F,49,True,True,PUTNAM, GROVE ST/WILKINSON ST,  ,  ,V,G,1.0,0,14-218a,,False,N,False,False,W,,,,,False,1.0,CT0011600,134129645828839240,2025-03-10 08:17:52.563000,08:17:52.563000,2025,14-218a,,Speed Related,2025
2026-01-15 10:29:46.693000,8078487.0,CT0011600,Putnam,Racial Profile,10014,2500002287,Incident ID,2025-03-10 00:00:00,March,W,N,F,30,True,False,Putnam              , KENNEDY DRIVE ,  ,  ,V,G,1.0,0,14-218a,,False,N,False,False,W,,,,,False,1.0,CT0011600,134129645828839240,2025-03-10 13:00:52.067000,13:00:52.067000,2025,,,Speed Related,2025
2026-01-15 10:29:46.823000,8078526.0,CT0011600,Putnam,Racial Profile,10062,2500002296,Incident ID,2025-03-11 00:00:00,March,W,H,F,59,True,False,PUTNAM,00000 Pomfret ST,  ,  ,V,G,1.0,0,14-96u,,False,N,False,False,W,,,,,False,1.0,CT0011600,134129645828839240,2025-03-11 00:12:12.550000,00:12:12.550000,2025,14-96u,,Defective Lights,2025
2026-01-15 10:29:46.697000,8078488.0,CT0011600,Putnam,Racial Profile,10014,2500002313,Incident ID,2025-03-11 00:00:00,March,W,N,F,48,True,False,PUTNAM,Kennedy Dr,  ,  ,V,G,1.0,0,14-218(a),,False,N,False,False,W,,,,,False,1.0,CT0011600,134129645828839240,2025-03-11 11:39:17.027000,11:39:17.027000,2025,,,Speed Related,2025
2026-01-15 10:29:46.700000,8078489.0,CT0011600,Putnam,Racial Profile,10014,2500002335,Incident ID,2025-03-12 00:00:00,March,W,N,M,58,True,False,PUTNAM,Prospect St,  ,  ,V,G,1.0,0,14-299,,False,N,False,False,W,,,,,False,1.0,CT0011600,134129645828839240,2025-03-12 12:29:48.790000,12:29:48.790000,2025,,,Traffic Control Signal,2025
2026-01-15 10:29:46.837000,8078531.0,CT0011600,Putnam,Racial Profile,10098,2500002351,Incident ID,2025-03-13 00:00:00,March,W,N,M,26,True,True,PUTNAM,town hall parking lot ,  ,  ,E,G,1.0,0,14-96b,,False,N,False,True,W,,,,,False,1.0,CT0011600,134129645828839240,2025-03-13 01:32:27.320000,01:32:27.320000,2025,14-96b,,Defective Lights,2025
2026-01-15 10:29:46.883000,8078543.0,CT0011600,Putnam,Racial Profile,10113,2500002447,Incident ID,2025-03-15 00:00:00,March,W,N,F,16,True,True,PUTNAM,PROVIDENCE ST,  ,  ,V,G,1.0,0,14-299,,False,N,False,False,W,,,,,False,1.0,CT0011600,134129645828839240,2025-03-15 21:01:08.243000,21:01:08.243000,2025,,,Traffic Control Signal,2025
2026-01-15 10:29:46.787000,8078517.0,CT0011600,Putnam,Racial Profile,10052,2500002443,Incident ID,2025-03-15 00:00:00,March,W,N,M,34,True,True,PUTNAM,Chiurch Street,  ,  ,V,G,1.0,0,14-230,,False,N,False,False,V,,,,,False,1.0,CT0011600,134129645828839240,2025-03-15 19:48:29.010000,19:48:29.010000,2025,,,Moving Violation,2025
2026-01-15 10:29:46.880000,8078542.0,CT0011600,Putnam,Racial Profile,10113,2500002442,Incident ID,2025-03-15 00:00:00,March,A,N,M,36,True,True,PUTNAM,providence st,  ,  ,V,G,1.0,0,14-96a(a),,False,N,False,False,V,,,,,False,1.0,CT0011600,134129645828839240,2025-03-15 19:39:54.097000,19:39:54.097000,2025,,,Defective Lights,2025
2026-01-15 10:29:46.700000,8078490.0,CT0011600,Putnam,Racial Profile,10014,2500002488,Incident ID,2025-03-16 00:00:00,March,W,N,M,60,True,False,PUTNAM,kennedy dr,  ,  ,V,G,1.0,0,14-218a,,False,N,False,False,W,,,,,False,1.0,CT0011600,134129645828839240,2025-03-16 08:30:22.980000,08:30:22.980000,2025,,,Speed Related,2025
2026-01-15 10:29:46.707000,8078491.0,CT0011600,Putnam,Racial Profile,10014,2500002489,Incident ID,2025-03-16 00:00:00,March,W,N,F,20,True,False,PUTNAM,00000 KENNEDY DR,  ,  ,V,G,1.0,0,14-218a,,False,N,False,False,W,,,,,False,1.0,CT0011600,134129645828839240,2025-03-16 11:13:02.330000,11:13:02.330000,2025,,,Speed Related,2025
2026-01-15 10:29:46.840000,8078532.0,CT0011600,Putnam,Racial Profile,10098,2500002501,Incident ID,2025-03-16 00:00:00,March,W,N,M,45,True,False,PUTNAM,KENNEDY DRIVE,  ,  ,V,G,1.0,0,14-301,,False,N,False,False,W,,,,,False,1.0,CT0011600,134129645828839240,2025-03-16 23:42:48.023000,23:42:48.023000,2025,14-301,,Stop Sign,2025
2026-01-15 10:29:46.710000,8078492.0,CT0011600,Putnam,Racial Profile,10014,2500002540,Incident ID,2025-03-17 00:00:00,March,W,N,F,21,True,False,PUTNAM,KENNEDY DR,  ,  ,V,G,1.0,0,14-218a,,False,N,False,False,W,,,,,False,1.0,CT0011600,134129645828839240,2025-03-17 11:45:41.850000,11:45:41.850000,2025,,,Speed Related,2025
2026-01-15 10:29:46.717000,8078494.0,CT0011600,Putnam,Racial Profile,10014,2500002569,Incident ID,2025-03-18 00:00:00,March,W,N,M,46,True,True,PUTNAM,00000 KENNEDY DR,  ,  ,V,G,1.0,0,14-218a,,False,N,False,False,W,,,,,False,1.0,CT0011600,134129645828839240,2025-03-18 10:52:39.667000,10:52:39.667000,2025,,,Speed Related,2025
2026-01-15 10:29:46.713000,8078493.0,CT0011600,Putnam,Racial Profile,10014,2500002565,Incident ID,2025-03-18 00:00:00,March,W,N,F,29,True,False,PUTNAM,00000 KENNEDY DR,  ,  ,V,G,1.0,0,14-218a,,False,N,False,False,W,,,,,False,1.0,CT0011600,134129645828839240,2025-03-18 07:29:03.403000,07:29:03.403000,2025,,,Speed Related,2025
2026-01-15 10:29:46.790000,8078518.0,CT0011600,Putnam,Racial Profile,10052,2500002644,Incident ID,2025-03-20 00:00:00,March,W,N,F,21,True,False,Putnam              ,Mill Street,  ,  ,V,G,2.0,1,14-12(a),,False,N,False,False,I,,,,,False,1.0,CT0011600,134129645828839240,2025-03-20 16:15:26.553000,16:15:26.553000,2025,,,Registration,2025
2026-01-15 10:29:46.870000,8078538.0,CT0011600,Putnam,Racial Profile,10100,2500002649,Incident ID,2025-03-20 00:00:00,March,W,N,M,37,True,False,PUTNAM,00171 WOODSTOCK AVE,  ,  ,V,G,1.0,0,14-301,,False,N,False,False,W,,,,,False,1.0,CT0011600,134129645828839240,2025-03-20 21:53:19.737000,21:53:19.737000,2025,14-301,,Stop Sign,2025
2026-01-15 10:29:46.870000,8078539.0,CT0011600,Putnam,Racial Profile,10100,2500002651,Incident ID,2025-03-20 00:00:00,March,W,N,M,20,True,True,PUTNAM,00241 CHURCH ST,  ,  ,V,G,1.0,0,14-301,,False,N,False,False,W,,,,,False,1.0,CT0011600,134129645828839240,2025-03-20 22:26:35.567000,22:26:35.567000,2025,14-301,,Stop Sign,2025
2026-01-15 10:29:46.863000,8078537.0,CT0011600,Putnam,Racial Profile,10100,2500002648,Incident ID,2025-03-20 00:00:00,March,W,N,M,47,True,False,PUTNAM,00000 WOODSTOCK AVE,  ,  ,V,B,1.0,0,14-218a,,False,N,False,False,W,,,,,False,1.0,CT0011600,134129645828839240,2025-03-20 21:20:08.970000,21:20:08.970000,2025,14-218,,Speed Related,2025
2026-01-15 10:29:46.920000,8078556.0,CT0011600,Putnam,Racial Profile,1000192,2500002632,Incident ID,2025-03-20 00:00:00,March,B,N,F,38,False,False,PUTNAM,KENNEDY DR,  ,  ,V,G,1.0,0,14-218a,,False,N,False,False,V,,,,,False,1.0,CT0011600,134129645828839240,2025-03-20 05:06:10.100000,05:06:10.100000,2025,,,Speed Related,2025
2026-01-15 10:29:46.763000,8078511.0,CT0011600,Putnam,Racial Profile,10047,2500002636,Incident ID,2025-03-20 00:00:00,March,A,M,M,28,False,False,PUTNAM,Woodstock Avenue at Mill Street ,  ,  ,V,G,1.0,0,14-301,,False,N,False,False,V,,,,,False,1.0,CT0011600,134129645828839240,2025-03-20 12:14:17.657000,12:14:17.657000,2025,14-301,,Stop Sign,2025
2026-01-15 10:29:46.883000,8078544.0,CT0011600,Putnam,Racial Profile,10113,2500002693,Incident ID,2025-03-21 00:00:00,March,B,N,M,35,True,False,PUTNAM,providence st,  ,  ,V,G,1.0,0,14-299,,False,N,False,False,M,,,,,False,1.0,CT0011600,134129645828839240,2025-03-21 23:57:43.797000,23:57:43.797000,2025,14-215,,Traffic Control Signal,2025
2026-01-15 10:29:46.923000,8078557.0,CT0011600,Putnam,Racial Profile,1000192,2500002696,Incident ID,2025-03-22 00:00:00,March,W,N,M,65,True,False,PUTNAM,Kennedy Dr,  ,  ,V,G,1.0,0,14-218a,,False,N,False,False,V,,,,,False,1.0,CT0011600,134129645828839240,2025-03-22 00:09:48.183000,00:09:48.183000,2025,,,Speed Related,2025
2026-01-15 10:29:46.803000,8078520.0,CT0011600,Putnam,Racial Profile,10052,2500002726,Incident ID,2025-03-22 00:00:00,March,W,N,M,27,True,False,PUTNAM,School Street,  ,  ,V,G,1.0,0,14-218a,,False,N,False,False,V,,,,,False,1.0,CT0011600,134129645828839240,2025-03-22 19:59:52.237000,19:59:52.237000,2025,,,Speed Related,2025
2026-01-15 10:29:46.887000,8078545.0,CT0011600,Putnam,Racial Profile,10113,2500002702,Incident ID,2025-03-22 00:00:00,March,W,N,M,41,True,True,PUTNAM,SCHOOL ST,  ,  ,V,G,1.0,0,14-218A,,False,N,False,False,V,,,,,False,1.0,CT0011600,134129645828839240,2025-03-22 00:48:32.527000,00:48:32.527000,2025,14-218A,,Speed Related,2025
2026-01-15 10:29:46.890000,8078546.0,CT0011600,Putnam,Racial Profile,10113,2500002709,Incident ID,2025-03-22 00:00:00,March,B,N,F,36,True,False,PUTNAM,PROVIDENCE ST,  ,  ,V,G,1.0,0,14-218A,,False,N,False,False,V,,,,,False,1.0,CT0011600,134129645828839240,2025-03-22 01:24:52.810000,01:24:52.810000,2025,,,Speed Related,2025
2026-01-15 10:29:46.763000,8078512.0,CT0011600,Putnam,Racial Profile,10047,2500002695,Incident ID,2025-03-22 00:00:00,March,W,N,F,24,True,False,PUTNAM,Pomfret Street,  ,  ,E,G,1.0,0,14-96c,,False,N,False,False,V,,,,,False,1.0,CT0011600,134129645828839240,2025-03-22 00:03:20.360000,00:03:20.360000,2025,,,Defective Lights,2025
2026-01-15 10:29:46.800000,8078519.0,CT0011600,Putnam,Racial Profile,10052,2500002698,Incident ID,2025-03-22 00:00:00,March,W,H,M,25,True,False,PUTNAM,Kennedy Drive,  ,  ,V,G,1.0,0,14-218a,,False,N,False,False,W,,,,,False,1.0,CT0011600,134129645828839240,2025-03-22 00:34:28.173000,00:34:28.173000,2025,,,Speed Related,2025
2026-01-15 10:29:46.877000,8078540.0,CT0011600,Putnam,Racial Profile,10100,2500002747,Incident ID,2025-03-23 00:00:00,March,W,N,F,24,True,False,PUTNAM,139 Pomfret Street Putnam CT ,  ,  ,V,G,3.0,1,14-96a(a),,True,I,False,True,U,,,,,False,1.0,CT0011600,134129645828839240,2025-03-23 01:43:04.797000,01:43:04.797000,2025,14-227a,,Defective Lights,2025
2026-01-15 10:29:46.723000,8078496.0,CT0011600,Putnam,Racial Profile,10014,2500002798,Incident ID,2025-03-25 00:00:00,March,W,N,M,66,True,False,PUTNAM,00000 KENNEDY DR,  ,  ,V,G,1.0,0,14-218a,,False,N,False,False,W,,,,,False,1.0,CT0011600,134129645828839240,2025-03-25 08:42:55.993000,08:42:55.993000,2025,,,Speed Related,2025
2026-01-15 10:29:46.733000,8078500.0,CT0011600,Putnam,Racial Profile,10023,2500002801,Incident ID,2025-03-25 00:00:00,March,W,N,F,49,True,True,PUTNAM,kennedy dr,  ,  ,V,G,1.0,0,14-218a,,False,N,False,False,I,,,,,False,1.0,CT0011600,134129645828839240,2025-03-25 11:24:52.197000,11:24:52.197000,2025,,,Speed Related,2025
2026-01-15 10:29:46.740000,8078502.0,CT0011600,Putnam,Racial Profile,10023,2500002806,Incident ID,2025-03-25 00:00:00,March,W,H,F,26,True,False,PUTNAM,kennedy dr,  ,  ,V,G,1.0,0,14-218(a),,False,N,False,False,I,,,,,False,1.0,CT0011600,134129645828839240,2025-03-25 13:46:20.417000,13:46:20.417000,2025,,,Speed Related,2025
2026-01-15 10:29:46.830000,8078528.0,CT0011600,Putnam,Racial Profile,10062,2500002818,Incident ID,2025-03-25 00:00:00,March,W,N,M,24,False,False,PUTNAM,00000 PROVIDENCE ST,  ,  ,V,G,1.0,0,14-230(a),,False,N,False,False,W,,,,,False,1.0,CT0011600,134129645828839240,2025-03-25 19:30:20.887000,19:30:20.887000,2025,,,Moving Violation,2025
2026-01-15 10:29:46.720000,8078495.0,CT0011600,Putnam,Racial Profile,10014,2500002797,Incident ID,2025-03-25 00:00:00,March,W,N,F,30,True,True,PUTNAM,00000 KENNEDY DR,  ,  ,V,G,1.0,0,14-218a,,False,N,False,False,W,,,,,False,1.0,CT0011600,134129645828839240,2025-03-25 08:28:17.437000,08:28:17.437000,2025,,,Speed Related,2025
2026-01-15 10:29:46.727000,8078497.0,CT0011600,Putnam,Racial Profile,10014,2500002799,Incident ID,2025-03-25 00:00:00,March,W,N,M,68,True,True,PUTNAM,00000 GROVE STREET ST,  ,  ,V,G,1.0,0,14-218a,,False,N,False,False,W,,,,,False,1.0,CT0011600,134129645828839240,2025-03-25 09:39:45.030000,09:39:45.030000,2025,,,Speed Related,2025
2026-01-15 10:29:46.730000,8078498.0,CT0011600,Putnam,Racial Profile,10014,2500002803,Incident ID,2025-03-25 00:00:00,March,W,N,M,68,True,False,PUTNAM,00000 GROVE STREET ST,  ,  ,V,G,1.0,0,14-242(e),,False,N,False,False,W,,,,,False,1.0,CT0011600,134129645828839240,2025-03-25 12:13:40.957000,12:13:40.957000,2025,,,Moving Violation,2025
2026-01-15 10:29:46.737000,8078501.0,CT0011600,Putnam,Racial Profile,10023,2500002802,Incident ID,2025-03-25 00:00:00,March,W,N,M,71,False,False,PUTNAM,west thompson ave,  ,  ,V,G,1.0,0,14-218a,,False,N,False,False,I,,,,,False,1.0,CT0011600,134129645828839240,2025-03-25 12:12:24.030000,12:12:24.030000,2025,,,Speed Related,2025
2026-01-15 10:29:46.743000,8078503.0,CT0011600,Putnam,Racial Profile,10023,2500002807,Incident ID,2025-03-25 00:00:00,March,W,N,F,83,True,False,PUTNAM,woodstock ave west,  ,  ,V,G,1.0,0,14-218(a),,False,N,False,False,I,,,,,False,1.0,CT0011600,134129645828839240,2025-03-25 14:15:06.970000,14:15:06.970000,2025,,,Speed Related,2025
2026-01-15 10:29:46.827000,8078527.0,CT0011600,Putnam,Racial Profile,10062,2500002817,Incident ID,2025-03-25 00:00:00,March,W,N,M,18,True,False,PUTNAM,00000 KEECH STREET ,  ,  ,V,G,1.0,0,14-301,,False,N,False,False,W,,,,,False,1.0,CT0011600,134129645828839240,2025-03-25 18:55:20.887000,18:55:20.887000,2025,14-301,,Stop Sign,2025
2026-01-15 10:29:46.743000,8078504.0,CT0011600,Putnam,Racial Profile,10023,2500002885,Incident ID,2025-03-27 00:00:00,March,W,N,F,50,True,False,PUTNAM,kennedy dr,  ,  ,V,G,1.0,0,14-218a,,False,N,False,False,V,,,,,False,1.0,CT0011600,134129645828839240,2025-03-27 11:58:14.343000,11:58:14.343000,2025,,,Speed Related,2025
2026-01-15 10:29:46.833000,8078529.0,CT0011600,Putnam,Racial Profile,10062,2500002892,Incident ID,2025-03-27 00:00:00,March,W,N,F,30,True,True,PUTNAM,Providence St,  ,  ,E,G,1.0,0,14-96a(a),,False,N,False,False,V,,,,,False,1.0,CT0011600,134129645828839240,2025-03-27 20:08:03.320000,20:08:03.320000,2025,,,Defective Lights,2025
2026-01-15 10:29:46.750000,8078506.0,CT0011600,Putnam,Racial Profile,10023,2500002888,Incident ID,2025-03-27 00:00:00,March,W,N,F,46,True,False,PUTNAM,00000 WOODSTOCK AVE W ,  ,  ,V,G,1.0,0,14-218a,,False,N,False,False,W,,,,,False,1.0,CT0011600,134129645828839240,2025-03-27 14:03:58.890000,14:03:58.890000,2025,,,Speed Related,2025
2026-01-15 10:29:46.807000,8078521.0,CT0011600,Putnam,Racial Profile,10052,2500002891,Incident ID,2025-03-27 00:00:00,March,W,N,F,71,True,False,PUTNAM,Kennedy Drive,  ,  ,V,G,1.0,0,14-230,,False,N,False,False,V,,,,,False,1.0,CT0011600,134129645828839240,2025-03-27 19:45:22.330000,19:45:22.330000,2025,,,Moving Violation,2025
2026-01-15 10:29:46.747000,8078505.0,CT0011600,Putnam,Racial Profile,10023,2500002887,Incident ID,2025-03-27 00:00:00,March,W,N,F,54,True,False,PUTNAM,00000 KENNEDY DR,  ,  ,V,G,1.0,0,14-218a,,False,N,False,False,W,,,,,False,1.0,CT0011600,134129645828839240,2025-03-27 13:30:58.543000,13:30:58.543000,2025,,,Speed Related,2025
2026-01-15 10:29:46.893000,8078547.0,CT0011600,Putnam,Racial Profile,10113,2500002936,Incident ID,2025-03-28 00:00:00,March,W,N,M,19,True,False,Putnam              ,kennedy dr,  ,  ,V,G,1.0,0,14-299,,False,N,False,False,W,,,,,False,1.0,CT0011600,134129645828839240,2025-03-28 18:21:26.643000,18:21:26.643000,2025,,,Traffic Control Signal,2025
2026-01-15 10:29:46.757000,8078509.0,CT0011600,Putnam,Racial Profile,10023,2500002927,Incident ID,2025-03-28 00:00:00,March,W,N,F,54,True,False,PUTNAM,00000 KENNEDY DR,  ,  ,V,G,1.0,0,14-218a,,False,N,False,False,W,,,,,False,1.0,CT0011600,134129645828839240,2025-03-28 13:48:30.227000,13:48:30.227000,2025,,,Speed Related,2025
2026-01-15 10:29:46.810000,8078522.0,CT0011600,Putnam,Racial Profile,10052,2500002939,Incident ID,2025-03-28 00:00:00,March,W,N,M,38,True,False,Putnam              ,Grove Street,  ,  ,I,G,2.0,0,14-12(a),,False,N,False,False,M,,,,,False,1.0,CT0011600,134129645828839240,2025-03-28 18:46:48.663000,18:46:48.663000,2025,,,Registration,2025
2026-01-15 10:29:46.750000,8078507.0,CT0011600,Putnam,Racial Profile,10023,2500002924,Incident ID,2025-03-28 00:00:00,March,W,N,M,24,True,False,PUTNAM,kennedy dr,  ,  ,V,G,1.0,0,14-234,,False,N,False,False,I,,,,,False,1.0,CT0011600,134129645828839240,2025-03-28 11:42:11.740000,11:42:11.740000,2025,,,Moving Violation,2025
2026-01-15 10:29:46.753000,8078508.0,CT0011600,Putnam,Racial Profile,10023,2500002925,Incident ID,2025-03-28 00:00:00,March,W,N,F,52,True,False,PUTNAM,00000 WOODSTOCK AVE west,  ,  ,V,G,1.0,0,14-218a,,False,N,False,False,W,,,,,False,1.0,CT0011600,134129645828839240,2025-03-28 12:36:07.320000,12:36:07.320000,2025,,,Speed Related,2025
2026-01-15 10:29:46.760000,8078510.0,CT0011600,Putnam,Racial Profile,10023,2500002928,Incident ID,2025-03-28 00:00:00,March,W,N,M,76,True,False,PUTNAM,00000 KENNEDY DR,  ,  ,V,G,1.0,0,14-218a,,False,N,False,False,W,,,,,False,1.0,CT0011600,134129645828839240,2025-03-28 14:04:21.660000,14:04:21.660000,2025,,,Speed Related,2025
2026-01-15 10:29:46.877000,8078541.0,CT0011600,Putnam,Racial Profile,10100,2500002915,Incident ID,2025-03-28 00:00:00,March,W,N,M,23,True,False,Putnam              ,pomfret st,  ,  ,V,G,1.0,1,14-96a(a),,False,N,False,False,V,,,,,False,1.0,CT0011600,134129645828839240,2025-03-28 01:50:49.250000,01:50:49.250000,2025,14-96a(a),,Defective Lights,2025
2026-01-15 10:29:46.900000,8078549.0,CT0011600,Putnam,Racial Profile,10113,2500002959,Incident ID,2025-03-29 00:00:00,March,W,N,F,33,False,False,PUTNAM,school st,  ,  ,V,G,1.0,0,14-218a,,False,N,False,False,W,,,,,False,1.0,CT0011600,134129645828839240,2025-03-29 01:36:05.890000,01:36:05.890000,2025,,,Speed Related,2025
2026-01-15 10:29:46.897000,8078548.0,CT0011600,Putnam,Racial Profile,10113,2500002950,Incident ID,2025-03-29 00:00:00,March,W,N,M,27,True,True,PUTNAM,providence st,  ,  ,V,G,1.0,0,14-218a,,False,N,False,False,W,,,,,False,1.0,CT0011600,134129645828839240,2025-03-29 00:16:41.573000,00:16:41.573000,2025,,,Speed Related,2025
2026-01-15 10:29:46.903000,8078550.0,CT0011600,Putnam,Racial Profile,10113,2500002961,Incident ID,2025-03-29 00:00:00,March,W,M,M,35,True,False,PUTNAM,school st,  ,  ,V,G,1.0,0,14-251,,False,N,False,False,V,,,,,False,1.0,CT0011600,134129645828839240,2025-03-29 02:16:28.440000,02:16:28.440000,2025,,,Other,2025
2026-01-15 10:29:46.810000,8078523.0,CT0011600,Putnam,Racial Profile,10052,2500002954,Incident ID,2025-03-29 00:00:00,March,W,N,M,22,True,False,PUTNAM,Kennedy Drive,  ,  ,V,G,1.0,0,14-218a,,False,N,False,False,W,,,,,False,1.0,CT0011600,134129645828839240,2025-03-29 00:52:29.507000,00:52:29.507000,2025,,,Speed Related,2025
2026-01-15 10:29:46.813000,8078524.0,CT0011600,Putnam,Racial Profile,10052,2500002957,Incident ID,2025-03-29 00:00:00,March,W,N,F,18,True,True,PUTNAM, SCHOOL ST/WALNUT ST,  ,  ,V,G,1.0,0,14-218a*,,False,N,False,False,W,,,,,False,1.0,CT0011600,134129645828839240,2025-03-29 01:16:22.850000,01:16:22.850000,2025,,,Speed Related,2025
2026-01-15 10:29:46.817000,8078525.0,CT0011600,Putnam,Racial Profile,10052,2500002960,Incident ID,2025-03-29 00:00:00,March,W,N,F,30,True,True,PUTNAM,sCHOOL sTREET,  ,  ,V,G,1.0,0,14-218a,,False,N,False,False,W,,,,,False,1.0,CT0011600,134129645828839240,2025-03-29 02:00:13.860000,02:00:13.860000,2025,,,Speed Related,2025
2026-01-15 10:29:46.730000,8078499.0,CT0011600,Putnam,Racial Profile,10014,2500002994,Incident ID,2025-03-30 00:00:00,March,W,N,M,16,True,False,PUTNAM,Van Den Noort St,  ,  ,V,G,1.0,0,14-218a,,False,N,False,False,W,,,,,False,1.0,CT0011600,134129645828839240,2025-03-30 12:30:39.583000,12:30:39.583000,2025,,,Speed Related,2025
2026-01-15 10:29:46.907000,8078551.0,CT0011600,Putnam,Racial Profile,10113,2500003026,Incident ID,2025-03-31 00:00:00,March,W,N,M,56,True,True,PUTNAM,providence st,  ,  ,V,G,1.0,0,14-299,,False,N,False,False,W,,,,,False,1.0,CT0011600,134129645828839240,2025-03-31 17:25:46.653000,17:25:46.653000,2025,,,Traffic Control Signal,2025
2026-01-15 10:30:07.053000,8078561.0,CT0011600,Putnam,Racial Profile,10014,2500003040,Incident ID,2025-04-01 00:00:00,April,W,N,F,54,True,True,PUTNAM,00000 GROVE STREET ST,  ,  ,V,G,1.0,0,14-218a,,False,N,False,False,W,,,,,False,1.0,CT0011600,134129646039261657,2025-04-01 11:47:45.413000,11:47:45.413000,2025,,,Speed Related,2025
2026-01-15 10:30:07.220000,8078625.0,CT0011600,Putnam,Racial Profile,10023,2500003039,Incident ID,2025-04-01 00:00:00,April,B,H,F,20,True,False,PUTNAM,kennedy dr,  ,  ,V,G,1.0,0,14-218a,,False,N,False,False,W,,,,,False,1.0,CT0011600,134129646039261657,2025-04-01 11:37:12.413000,11:37:12.413000,2025,,,Speed Related,2025
2026-01-15 10:30:07.220000,8078626.0,CT0011600,Putnam,Racial Profile,10023,2500003041,Incident ID,2025-04-01 00:00:00,April,W,N,F,67,True,True,PUTNAM,woodstock ave west,  ,  ,V,G,1.0,0,14-218a,,False,N,False,False,V,,,,,False,1.0,CT0011600,134129646039261657,2025-04-01 11:58:41.193000,11:58:41.193000,2025,,,Speed Related,2025
2026-01-15 10:30:07.047000,8078559.0,CT0011600,Putnam,Racial Profile,10014,2500003037,Incident ID,2025-04-01 00:00:00,April,W,N,F,50,True,False,PUTNAM,00000 KENNEDY DR,  ,  ,V,G,1.0,0,14-218a,,False,N,False,False,W,,,,,False,1.0,CT0011600,134129646039261657,2025-04-01 10:41:07.933000,10:41:07.933000,2025,,,Speed Related,2025
2026-01-15 10:30:07.227000,8078627.0,CT0011600,Putnam,Racial Profile,10023,2500003043,Incident ID,2025-04-01 00:00:00,April,W,N,M,55,False,False,PUTNAM,kennedy dr,  ,  ,V,G,1.0,0,14-218a,,False,N,False,False,W,,,,,False,1.0,CT0011600,134129646039261657,2025-04-01 13:16:38.143000,13:16:38.143000,2025,,,Speed Related,2025
2026-01-15 10:30:07.227000,8078628.0,CT0011600,Putnam,Racial Profile,10023,2500003044,Incident ID,2025-04-01 00:00:00,April,W,N,M,20,True,False,PUTNAM,00000 W THOMPSON RD W ,  ,  ,V,G,1.0,0,14-218a,,False,N,False,False,W,,,,,False,1.0,CT0011600,134129646039261657,2025-04-01 13:49:12.940000,13:49:12.940000,2025,,,Speed Related,2025
2026-01-15 10:30:07.420000,8078690.0,CT0011600,Putnam,Racial Profile,10062,2500003049,Incident ID,2025-04-01 00:00:00,April,W,N,M,31,False,False,PUTNAM,00000 KENNEDY DR,  ,  ,E,G,1.0,0,14-96a(a),,False,N,False,False,W,,,,,False,1.0,CT0011600,134129646039261657,2025-04-01 20:33:10.083000,20:33:10.083000,2025,14-96a(a),,Defective Lights,2025
2026-01-15 10:30:07.043000,8078558.0,CT0011600,Putnam,Racial Profile,10014,2500003035,Incident ID,2025-04-01 00:00:00,April,W,N,F,59,True,True,PUTNAM,00000 KENNEDY DR,  ,  ,V,G,1.0,0,14-218a,,False,N,False,False,W,,,,,False,1.0,CT0011600,134129646039261657,2025-04-01 10:16:57.620000,10:16:57.620000,2025,,,Speed Related,2025
2026-01-15 10:30:07.050000,8078560.0,CT0011600,Putnam,Racial Profile,10014,2500003038,Incident ID,2025-04-01 00:00:00,April,W,N,M,34,True,False,PUTNAM,00000 WOODSTOCK AVE,  ,  ,V,G,1.0,0,14-296aa(b1st,,False,N,False,False,W,,,,,False,1.0,CT0011600,134129646039261657,2025-04-01 11:26:07.363000,11:26:07.363000,2025,,,Cell Phone,2025
2026-01-15 10:30:07.230000,8078629.0,CT0011600,Putnam,Racial Profile,10023,2500003045,Incident ID,2025-04-01 00:00:00,April,W,N,F,42,True,True,PUTNAM,00000 PROVIDENCE ST,  ,  ,V,G,1.0,0,14-218a,,False,N,False,False,I,,,,,False,1.0,CT0011600,134129646039261657,2025-04-01 14:05:38.533000,14:05:38.533000,2025,14-12(a),,Speed Related,2025
2026-01-15 10:30:07.380000,8078681.0,CT0011600,Putnam,Racial Profile,10052,2500003064,Incident ID,2025-04-02 00:00:00,April,W,N,F,70,True,False,PUTNAM,Church Street,  ,  ,V,G,1.0,0,14-218a,,False,N,False,False,W,,,,,False,1.0,CT0011600,134129646039261657,2025-04-02 17:06:04.233000,17:06:04.233000,2025,,,Speed Related,2025
2026-01-15 10:30:07.400000,8078685.0,CT0011600,Putnam,Racial Profile,10052,2500003098,Incident ID,2025-04-03 00:00:00,April,W,N,M,19,True,True,PUTNAM,00257 SABIN ST,  ,  ,V,G,1.0,0,14-218a,,False,N,False,False,W,,,,,False,1.0,CT0011600,134129646039261657,2025-04-03 14:22:34.497000,14:22:34.497000,2025,,,Speed Related,2025
2026-01-15 10:30:07.390000,8078683.0,CT0011600,Putnam,Racial Profile,10052,2500003096,Incident ID,2025-04-03 00:00:00,April,W,N,F,34,True,True,PUTNAM,00000 KEECH STREET ,  ,  ,V,G,1.0,0,14-218a,,False,N,False,False,W,,,,,False,1.0,CT0011600,134129646039261657,2025-04-03 13:04:00.020000,13:04:00.020000,2025,,,Speed Related,2025
2026-01-15 10:30:07.387000,8078682.0,CT0011600,Putnam,Racial Profile,10052,2500003095,Incident ID,2025-04-03 00:00:00,April,W,N,F,33,False,False,PUTNAM,00137 PROVIDENCE ST,  ,  ,V,G,1.0,0,14-218a,,False,N,False,False,W,,,,,False,1.0,CT0011600,134129646039261657,2025-04-03 12:13:37.130000,12:13:37.130000,2025,,,Speed Related,2025
2026-01-15 10:30:07.390000,8078684.0,CT0011600,Putnam,Racial Profile,10052,2500003097,Incident ID,2025-04-03 00:00:00,April,W,N,F,61,True,False,PUTNAM,00351 SABIN ST,  ,  ,V,G,1.0,0,14-218a,,False,N,False,False,W,,,,,False,1.0,CT0011600,134129646039261657,2025-04-03 13:26:22.860000,13:26:22.860000,2025,,,Speed Related,2025
2026-01-15 10:30:07.063000,8078564.0,CT0011600,Putnam,Racial Profile,10020,2500003119,Incident ID,2025-04-04 00:00:00,April,W,N,F,44,True,False,PUTNAM,kennedy dr,  ,  ,V,G,1.0,0,14-218(a),,False,N,False,False,W,,,,,False,1.0,CT0011600,134129646039261657,2025-04-04 12:05:15.753000,12:05:15.753000,2025,14-218(a),,Speed Related,2025
2026-01-15 10:30:07.067000,8078565.0,CT0011600,Putnam,Racial Profile,10020,2500003122,Incident ID,2025-04-04 00:00:00,April,W,N,M,70,True,False,PUTNAM,00000 KENNEDY DR,  ,  ,V,G,1.0,0,14-218a,,False,N,False,False,W,,,,,False,1.0,CT0011600,134129646039261657,2025-04-04 12:31:17.903000,12:31:17.903000,2025,,,Speed Related,2025
2026-01-15 10:30:07.083000,8078572.0,CT0011600,Putnam,Racial Profile,10020,2500003134,Incident ID,2025-04-04 00:00:00,April,W,N,M,26,True,False,PUTNAM,mechanics st,  ,  ,V,G,1.0,0,14-218(a),,False,N,False,False,I,,,,,False,1.0,CT0011600,134129646039261657,2025-04-04 16:36:42.143000,16:36:42.143000,2025,,,Speed Related,2025
2026-01-15 10:30:07.243000,8078630.0,CT0011600,Putnam,Racial Profile,10023,2500003121,Incident ID,2025-04-04 00:00:00,April,W,N,M,21,True,False,PUTNAM,WOODSTOCK AVE W,  ,  ,V,G,1.0,0,14-218a,,False,N,False,False,W,,,,,False,1.0,CT0011600,134129646039261657,2025-04-04 12:22:43.463000,12:22:43.463000,2025,,,Speed Related,2025
2026-01-15 10:30:07.243000,8078631.0,CT0011600,Putnam,Racial Profile,10023,2500003124,Incident ID,2025-04-04 00:00:00,April,W,N,F,32,True,True,PUTNAM, WOODSTOCK AVE W,  ,  ,V,G,1.0,0,14-218a,,False,N,False,False,W,,,,,False,1.0,CT0011600,134129646039261657,2025-04-04 12:43:20.200000,12:43:20.200000,2025,,,Speed Related,2025
2026-01-15 10:30:07.407000,8078686.0,CT0011600,Putnam,Racial Profile,10052,2500003143,Incident ID,2025-04-04 00:00:00,April,W,N,M,48,True,True,PUTNAM,00000 KENNEDY DR,  ,  ,V,G,1.0,0,14-218a,,False,N,False,False,W,,,,,False,1.0,CT0011600,134129646039261657,2025-04-04 18:31:54.650000,18:31:54.650000,2025,,,Speed Related,2025
2026-01-15 10:30:07.423000,8078691.0,CT0011600,Putnam,Racial Profile,10062,2500003136,Incident ID,2025-04-04 00:00:00,April,W,N,M,47,False,False,PUTNAM,00000 KENNEDY DR,  ,  ,V,G,1.0,0,14-218a,,False,N,False,False,W,,,,,False,1.0,CT0011600,134129646039261657,2025-04-04 17:10:08.447000,17:10:08.447000,2025,,,Speed Related,2025
2026-01-15 10:30:07.057000,8078562.0,CT0011600,Putnam,Racial Profile,10014,2500003120,Incident ID,2025-04-04 00:00:00,April,W,N,M,66,True,True,PUTNAM,00000 GROVE STREET ST,  ,  ,V,G,1.0,0,14-242,,False,N,False,False,W,,,,,False,1.0,CT0011600,134129646039261657,2025-04-04 12:13:30.877000,12:13:30.877000,2025,,,Moving Violation,2025
2026-01-15 10:30:07.450000,8078702.0,CT0011600,Putnam,Racial Profile,10113,2500003149,Incident ID,2025-04-04 00:00:00,April,W,N,M,34,True,True,PUTNAM,school st,  ,  ,V,G,1.0,0,14-12,,False,N,False,False,W,,,,,False,1.0,CT0011600,134129646039261657,2025-04-04 21:49:33.013000,21:49:33.013000,2025,,,Registration,2025
2026-01-15 10:30:07.077000,8078570.0,CT0011600,Putnam,Racial Profile,10020,2500003131,Incident ID,2025-04-04 00:00:00,April,W,N,F,21,False,False,PUTNAM,00000 KENNEDY DR,  ,  ,V,G,1.0,0,14-218a,,False,N,False,False,W,,,,,False,1.0,CT0011600,134129646039261657,2025-04-04 15:34:12.353000,15:34:12.353000,2025,,,Speed Related,2025
2026-01-15 10:30:07.087000,8078574.0,CT0011600,Putnam,Racial Profile,10020,2500003142,Incident ID,2025-04-04 00:00:00,April,W,N,M,23,True,False,PUTNAM,00005 MYERS ST,  ,  ,V,G,1.0,0,14-243(a),,False,N,False,False,W,,,,,False,1.0,CT0011600,134129646039261657,2025-04-04 17:55:32.590000,17:55:32.590000,2025,,,Moving Violation,2025
2026-01-15 10:30:07.250000,8078633.0,CT0011600,Putnam,Racial Profile,10023,2500003128,Incident ID,2025-04-04 00:00:00,April,W,N,F,63,True,True,PUTNAM,WOODSTOCK AVE WEST,  ,  ,V,G,1.0,0,14-218a,,False,N,False,False,W,,,,,False,1.0,CT0011600,134129646039261657,2025-04-04 14:18:07.910000,14:18:07.910000,2025,,,Speed Related,2025
2026-01-15 10:30:07.377000,8078680.0,CT0011600,Putnam,Racial Profile,10040,2500003135,Incident ID,2025-04-04 00:00:00,April,W,N,M,34,True,True,PUTNAM,GROVE STREET,  ,  ,V,B,1.0,0,14-218(a),,False,N,False,False,I,,,,,False,1.0,CT0011600,134129646039261657,2025-04-04 17:04:45.020000,17:04:45.020000,2025,,,Speed Related,2025
2026-01-15 10:30:07.070000,8078567.0,CT0011600,Putnam,Racial Profile,10020,2500003126,Incident ID,2025-04-04 00:00:00,April,W,N,F,52,True,True,PUTNAM,00000 KENNEDY DR,  ,  ,V,G,1.0,0,14-218a,,False,N,False,False,W,,,,,False,1.0,CT0011600,134129646039261657,2025-04-04 13:10:51.110000,13:10:51.110000,2025,,,Speed Related,2025
2026-01-15 10:30:07.073000,8078568.0,CT0011600,Putnam,Racial Profile,10020,2500003129,Incident ID,2025-04-04 00:00:00,April,W,N,M,27,True,True,PUTNAM,00000 WALNUT ST,  ,  ,V,G,1.0,0,14-218a,,False,N,False,False,W,,,,,False,1.0,CT0011600,134129646039261657,2025-04-04 14:26:33.950000,14:26:33.950000,2025,,,Speed Related,2025
2026-01-15 10:30:07.077000,8078569.0,CT0011600,Putnam,Racial Profile,10020,2500003130,Incident ID,2025-04-04 00:00:00,April,W,N,F,45,True,True,PUTNAM,00000 SCHOOL ST,  ,  ,V,G,1.0,0,14-296aa(b1st,,False,N,False,False,W,,,,,False,1.0,CT0011600,134129646039261657,2025-04-04 14:46:01.870000,14:46:01.870000,2025,,,Cell Phone,2025
2026-01-15 10:30:07.250000,8078632.0,CT0011600,Putnam,Racial Profile,10023,2500003127,Incident ID,2025-04-04 00:00:00,April,W,N,M,50,True,True,PUTNAM,00000 PROVIDENCE ST,  ,  ,V,G,1.0,0,14-218a,,False,N,False,False,W,,,,,False,1.0,CT0011600,134129646039261657,2025-04-04 13:17:37.297000,13:17:37.297000,2025,,,Speed Related,2025
2026-01-15 10:30:07.070000,8078566.0,CT0011600,Putnam,Racial Profile,10020,2500003125,Incident ID,2025-04-04 00:00:00,April,W,N,M,36,True,False,PUTNAM,00000 KENNEDY DR,  ,  ,V,G,1.0,0,14-218a,,False,N,False,False,W,,,,,False,1.0,CT0011600,134129646039261657,2025-04-04 12:50:53.420000,12:50:53.420000,2025,,,Speed Related,2025
2026-01-15 10:30:07.080000,8078571.0,CT0011600,Putnam,Racial Profile,10020,2500003133,Incident ID,2025-04-04 00:00:00,April,W,N,M,26,True,False,PUTNAM,00000 KENNEDY DR,  ,  ,V,G,1.0,0,14-218a,,False,N,False,False,W,,,,,False,1.0,CT0011600,134129646039261657,2025-04-04 16:05:00.690000,16:05:00.690000,2025,,,Speed Related,2025
2026-01-15 10:30:07.087000,8078573.0,CT0011600,Putnam,Racial Profile,10020,2500003138,Incident ID,2025-04-04 00:00:00,April,W,N,M,68,True,False,PUTNAM,00110 POMFRET ST,  ,  ,V,G,1.0,0,14-218a,,False,N,False,False,W,,,,,False,1.0,CT0011600,134129646039261657,2025-04-04 17:41:06.107000,17:41:06.107000,2025,,,Speed Related,2025
2026-01-15 10:30:07.090000,8078575.0,CT0011600,Putnam,Racial Profile,10020,2500003144,Incident ID,2025-04-04 00:00:00,April,W,N,M,43,False,False,PUTNAM,Providence st,  ,  ,V,G,1.0,0,14-218a,,False,N,False,False,W,,,,,False,1.0,CT0011600,134129646039261657,2025-04-04 18:36:59.117000,18:36:59.117000,2025,,,Speed Related,2025
2026-01-15 10:30:07.407000,8078687.0,CT0011600,Putnam,Racial Profile,10052,2500003145,Incident ID,2025-04-04 00:00:00,April,W,N,F,40,True,False,PUTNAM,Kennedy Drive,  ,  ,V,G,1.0,0,14-18(c),,False,N,False,False,V,,,,,False,1.0,CT0011600,134129646039261657,2025-04-04 18:46:48.640000,18:46:48.640000,2025,,,Display of Plates,2025
2026-01-15 10:30:07.427000,8078692.0,CT0011600,Putnam,Racial Profile,10062,2500003148,Incident ID,2025-04-04 00:00:00,April,W,H,M,58,True,True,PUTNAM,Providence ST,  ,  ,V,G,1.0,0,14-301,,False,N,False,False,M,,,,,False,1.0,CT0011600,134129646039261657,2025-04-04 21:30:33.003000,21:30:33.003000,2025,14-215(a),,Stop Sign,2025
2026-01-15 10:30:07.453000,8078704.0,CT0011600,Putnam,Racial Profile,1000192,2500003163,Incident ID,2025-04-05 00:00:00,April,W,N,M,26,False,False,PUTNAM,Providence St,  ,  ,V,G,1.0,0,14-218a,,False,N,False,False,W,,,,,False,1.0,CT0011600,134129646039261657,2025-04-05 01:06:16.490000,01:06:16.490000,2025,,,Speed Related,2025
2026-01-15 10:30:07.253000,8078634.0,CT0011600,Putnam,Racial Profile,10023,2500003229,Incident ID,2025-04-07 00:00:00,April,A,N,F,23,True,False,PUTNAM,00000 KENNEDY DR,  ,  ,V,G,1.0,0,14-218a,,False,N,False,False,W,,,,,False,1.0,CT0011600,134129646039261657,2025-04-07 12:11:57.077000,12:11:57.077000,2025,,,Speed Related,2025
2026-01-15 10:30:07.260000,8078636.0,CT0011600,Putnam,Racial Profile,10023,2500003233,Incident ID,2025-04-07 00:00:00,April,W,N,F,38,False,False,PUTNAM,WOODSTOCK AVE WEST,  ,  ,V,G,1.0,0,14-218a,,False,N,False,False,W,,,,,False,1.0,CT0011600,134129646039261657,2025-04-07 13:21:10.480000,13:21:10.480000,2025,,,Speed Related,2025
2026-01-15 10:30:07.257000,8078635.0,CT0011600,Putnam,Racial Profile,10023,2500003230,Incident ID,2025-04-07 00:00:00,April,W,N,M,43,True,False,PUTNAM,00000 PROVIDENCE ST,  ,  ,V,G,1.0,0,14-218a,,False,N,False,False,W,,,,,False,1.0,CT0011600,134129646039261657,2025-04-07 12:30:21.687000,12:30:21.687000,2025,,,Speed Related,2025
2026-01-15 10:30:07.440000,8078698.0,CT0011600,Putnam,Racial Profile,10098,2500003212,Incident ID,2025-04-07 00:00:00,April,W,N,M,64,True,False,PUTNAM,kennedy drive ,  ,  ,E,B,1.0,0,14-96b,,False,N,False,False,W,,,,,False,1.0,CT0011600,134129646039261657,2025-04-07 00:57:09.617000,00:57:09.617000,2025,14-96b,,Defective Lights,2025
2026-01-15 10:30:07.097000,8078577.0,CT0011600,Putnam,Racial Profile,10020,2500003267,Incident ID,2025-04-08 00:00:00,April,W,N,M,53,True,False,PUTNAM,00000 KENNEDY DR,  ,  ,V,G,1.0,0,14-218a,,False,N,False,False,W,,,,,False,1.0,CT0011600,134129646039261657,2025-04-08 11:56:01.227000,11:56:01.227000,2025,,,Speed Related,2025
2026-01-15 10:30:07.270000,8078639.0,CT0011600,Putnam,Racial Profile,10023,2500003271,Incident ID,2025-04-08 00:00:00,April,W,N,M,32,False,False,PUTNAM,00000 PROVIDENCE ST,  ,  ,V,G,1.0,0,14-218A,,False,N,False,False,W,,,,,False,1.0,CT0011600,134129646039261657,2025-04-08 12:35:27.267000,12:35:27.267000,2025,,,Speed Related,2025
2026-01-15 10:30:07.093000,8078576.0,CT0011600,Putnam,Racial Profile,10020,2500003265,Incident ID,2025-04-08 00:00:00,April,W,N,F,83,True,False,PUTNAM,00147 KENNEDY DR,  ,  ,V,G,1.0,0,14-218a,,False,N,False,False,W,,,,,False,1.0,CT0011600,134129646039261657,2025-04-08 11:40:54.493000,11:40:54.493000,2025,,,Speed Related,2025
2026-01-15 10:30:07.100000,8078579.0,CT0011600,Putnam,Racial Profile,10020,2500003270,Incident ID,2025-04-08 00:00:00,April,W,N,M,28,True,False,PUTNAM,00001 ARCH ST,  ,  ,V,G,1.0,0,14-218a,,False,N,False,False,W,,,,,False,1.0,CT0011600,134129646039261657,2025-04-08 12:33:27.570000,12:33:27.570000,2025,,,Speed Related,2025
2026-01-15 10:30:07.103000,8078580.0,CT0011600,Putnam,Racial Profile,10020,2500003273,Incident ID,2025-04-08 00:00:00,April,W,N,M,72,True,False,PUTNAM,00000 KENNEDY DR,  ,  ,V,G,1.0,0,14-218a,,False,N,False,False,W,,,,,False,1.0,CT0011600,134129646039261657,2025-04-08 13:05:13.103000,13:05:13.103000,2025,,,Speed Related,2025
2026-01-15 10:30:07.103000,8078581.0,CT0011600,Putnam,Racial Profile,10020,2500003274,Incident ID,2025-04-08 00:00:00,April,W,N,F,22,True,False,PUTNAM,00000 GROVE STREET ,  ,  ,V,G,1.0,0,14-218a,,False,N,False,False,W,,,,,False,1.0,CT0011600,134129646039261657,2025-04-08 13:23:06.050000,13:23:06.050000,2025,,,Speed Related,2025
2026-01-15 10:30:07.107000,8078582.0,CT0011600,Putnam,Racial Profile,10020,2500003276,Incident ID,2025-04-08 00:00:00,April,B,N,M,46,True,True,PUTNAM,00000 GROVE STREET ,  ,  ,V,G,1.0,0,14-218a,,False,N,False,False,W,,,,,False,1.0,CT0011600,134129646039261657,2025-04-08 14:14:10.503000,14:14:10.503000,2025,,,Speed Related,2025
2026-01-15 10:30:07.267000,8078638.0,CT0011600,Putnam,Racial Profile,10023,2500003268,Incident ID,2025-04-08 00:00:00,April,W,N,M,19,True,True,PUTNAM,00000 PROVIDENCE ST,  ,  ,V,G,1.0,0,14-218A,,False,N,False,False,W,,,,,False,1.0,CT0011600,134129646039261657,2025-04-08 12:07:40.377000,12:07:40.377000,2025,,,Speed Related,2025
2026-01-15 10:30:07.273000,8078641.0,CT0011600,Putnam,Racial Profile,10023,2500003275,Incident ID,2025-04-08 00:00:00,April,W,N,M,41,True,False,PUTNAM,00000 WOODSTOCK AVE WEST ,  ,  ,V,G,1.0,0,14-218A,,False,N,False,False,W,,,,,False,1.0,CT0011600,134129646039261657,2025-04-08 14:13:31.207000,14:13:31.207000,2025,,,Speed Related,2025
2026-01-15 10:30:07.097000,8078578.0,CT0011600,Putnam,Racial Profile,10020,2500003269,Incident ID,2025-04-08 00:00:00,April,W,N,F,47,True,False,PUTNAM,00000 KENNEDY DR,  ,  ,V,G,1.0,0,14-218a,,False,N,False,False,W,,,,,False,1.0,CT0011600,134129646039261657,2025-04-08 12:11:21.300000,12:11:21.300000,2025,,,Speed Related,2025
2026-01-15 10:30:07.263000,8078637.0,CT0011600,Putnam,Racial Profile,10023,2500003266,Incident ID,2025-04-08 00:00:00,April,W,N,M,52,True,False,PUTNAM, WOODSTOCK AVE WEST,  ,  ,V,G,1.0,0,14-218a,,False,N,False,False,W,,,,,False,1.0,CT0011600,134129646039261657,2025-04-08 11:48:30.063000,11:48:30.063000,2025,,,Speed Related,2025
2026-01-15 10:30:07.270000,8078640.0,CT0011600,Putnam,Racial Profile,10023,2500003272,Incident ID,2025-04-08 00:00:00,April,W,N,F,58,True,False,PUTNAM,00000 WOODSTOCK AVE WEST,  ,  ,V,G,1.0,0,14-218A,,False,N,False,False,W,,,,,False,1.0,CT0011600,134129646039261657,2025-04-08 12:53:08.967000,12:53:08.967000,2025,,,Speed Related,2025
2026-01-15 10:30:07.110000,8078583.0,CT0011600,Putnam,Racial Profile,10020,2500003303,Incident ID,2025-04-09 00:00:00,April,W,N,M,73,True,False,PUTNAM,00000 KENNEDY DR,  ,  ,V,G,1.0,0,14-218a,,False,N,False,False,W,,,,,False,1.0,CT0011600,134129646039261657,2025-04-09 11:26:32.663000,11:26:32.663000,2025,,,Speed Related,2025
2026-01-15 10:30:07.117000,8078586.0,CT0011600,Putnam,Racial Profile,10020,2500003309,Incident ID,2025-04-09 00:00:00,April,B,N,M,20,True,False,PUTNAM,00000 GROVE STREET ,  ,  ,V,G,1.0,0,14-218a,,False,N,False,False,W,,,,,False,1.0,CT0011600,134129646039261657,2025-04-09 13:57:08.673000,13:57:08.673000,2025,,,Speed Related,2025
2026-01-15 10:30:07.280000,8078643.0,CT0011600,Putnam,Racial Profile,10023,2500003306,Incident ID,2025-04-09 00:00:00,April,W,N,F,71,True,False,PUTNAM,00000 WOODSTOCK AVE WEST ,  ,  ,V,G,1.0,0,14-218a,,False,N,False,False,W,,,,,False,1.0,CT0011600,134129646039261657,2025-04-09 12:13:55.060000,12:13:55.060000,2025,,,Speed Related,2025
2026-01-15 10:30:07.280000,8078644.0,CT0011600,Putnam,Racial Profile,10023,2500003308,Incident ID,2025-04-09 00:00:00,April,B,H,M,21,False,False,PUTNAM,providence st,  ,  ,V,G,2.0,1,14-218,,True,I,False,False,I,,,,,False,1.0,CT0011600,134129646039261657,2025-04-09 12:45:11.433000,12:45:11.433000,2025,14-218a,,Speed Related,2025
2026-01-15 10:30:07.410000,8078688.0,CT0011600,Putnam,Racial Profile,10052,2500003315,Incident ID,2025-04-09 00:00:00,April,W,N,F,26,True,False,Putnam              , WICKER ST ,  ,  ,V,G,1.0,0,14-218a,,False,N,False,False,W,,,,,False,1.0,CT0011600,134129646039261657,2025-04-09 16:21:46.853000,16:21:46.853000,2025,,,Speed Related,2025
2026-01-15 10:30:07.277000,8078642.0,CT0011600,Putnam,Racial Profile,10023,2500003304,Incident ID,2025-04-09 00:00:00,April,W,N,F,87,True,False,PUTNAM,00000 WOODSTOCK AVE WEST ,  ,  ,V,G,1.0,0,14-218a,,False,N,False,False,W,,,,,False,1.0,CT0011600,134129646039261657,2025-04-09 11:38:10.333000,11:38:10.333000,2025,,,Speed Related,2025
2026-01-15 10:30:07.110000,8078584.0,CT0011600,Putnam,Racial Profile,10020,2500003305,Incident ID,2025-04-09 00:00:00,April,W,N,F,73,True,False,PUTNAM,Kennedy Dr,  ,  ,V,G,1.0,0,14-218a,,False,N,False,False,I,,,,,False,1.0,CT0011600,134129646039261657,2025-04-09 12:02:13.340000,12:02:13.340000,2025,,,Speed Related,2025
2026-01-15 10:30:07.120000,8078587.0,CT0011600,Putnam,Racial Profile,10020,2500003310,Incident ID,2025-04-09 00:00:00,April,W,N,F,16,True,True,PUTNAM,00000 GROVE STREET ,  ,  ,V,G,1.0,0,14-218a,,False,N,False,False,W,,,,,False,1.0,CT0011600,134129646039261657,2025-04-09 14:17:01.870000,14:17:01.870000,2025,,,Speed Related,2025
2026-01-15 10:30:07.320000,8078659.0,CT0011600,Putnam,Racial Profile,10027,2500003311,Incident ID,2025-04-09 00:00:00,April,W,N,M,40,True,False,PUTNAM,Main Street,  ,  ,V,G,1.0,0,14-303,,False,N,False,False,V,,,,,False,1.0,CT0011600,134129646039261657,2025-04-09 14:29:06.923000,14:29:06.923000,2025,,,Other,2025
2026-01-15 10:30:07.113000,8078585.0,CT0011600,Putnam,Racial Profile,10020,2500003307,Incident ID,2025-04-09 00:00:00,April,W,N,F,68,True,False,PUTNAM,00323 KENNEDY DR,  ,  ,V,G,1.0,0,14-218a,,False,N,False,False,W,,,,,False,1.0,CT0011600,134129646039261657,2025-04-09 12:31:47.870000,12:31:47.870000,2025,,,Speed Related,2025
2026-01-15 10:30:07.120000,8078588.0,CT0011600,Putnam,Racial Profile,10020,2500003312,Incident ID,2025-04-09 00:00:00,April,W,N,F,25,True,True,PUTNAM,00000 GROVE STREET ,  ,  ,V,G,1.0,0,14-218a,,False,N,False,False,W,,,,,False,1.0,CT0011600,134129646039261657,2025-04-09 14:35:34.890000,14:35:34.890000,2025,,,Speed Related,2025
2026-01-15 10:30:07.130000,8078592.0,CT0011600,Putnam,Racial Profile,10020,2500003356,Incident ID,2025-04-10 00:00:00,April,W,N,F,62,False,False,PUTNAM,00000 SCHOOL ST,  ,  ,V,G,1.0,0,14-218a,,False,N,False,False,W,,,,,False,1.0,CT0011600,134129646039261657,2025-04-10 17:13:40.327000,17:13:40.327000,2025,,,Speed Related,2025
2026-01-15 10:30:07.457000,8078705.0,CT0011600,Putnam,Racial Profile,1000192,2500003347,Incident ID,2025-04-10 00:00:00,April,W,N,M,27,True,False,PUTNAM,Kennedy Dr,  ,  ,V,G,1.0,1,14-218a,,False,N,False,False,V,,,,,False,1.0,CT0011600,134129646039261657,2025-04-10 09:09:50.790000,09:09:50.790000,2025,,,Speed Related,2025
2026-01-15 10:30:07.123000,8078589.0,CT0011600,Putnam,Racial Profile,10020,2500003351,Incident ID,2025-04-10 00:00:00,April,W,N,F,37,True,False,PUTNAM,00000 KENNEDY DR,  ,  ,V,G,1.0,0,14-218a,,False,N,False,False,W,,,,,False,1.0,CT0011600,134129646039261657,2025-04-10 15:43:07.483000,15:43:07.483000,2025,,,Speed Related,2025
2026-01-15 10:30:07.127000,8078591.0,CT0011600,Putnam,Racial Profile,10020,2500003354,Incident ID,2025-04-10 00:00:00,April,W,N,M,50,True,True,PUTNAM,00000 GROVE STREET ,  ,  ,V,G,1.0,0,14-218a,,False,N,False,False,W,,,,,False,1.0,CT0011600,134129646039261657,2025-04-10 16:41:48.360000,16:41:48.360000,2025,,,Speed Related,2025
2026-01-15 10:30:07.123000,8078590.0,CT0011600,Putnam,Racial Profile,10020,2500003352,Incident ID,2025-04-10 00:00:00,April,W,N,F,16,True,False,PUTNAM,00000 KENNEDY DR,  ,  ,V,G,1.0,0,14-218a,,False,N,False,False,W,,,,,False,1.0,CT0011600,134129646039261657,2025-04-10 15:56:33.480000,15:56:33.480000,2025,,,Speed Related,2025
2026-01-15 10:30:07.130000,8078593.0,CT0011600,Putnam,Racial Profile,10020,2500003386,Incident ID,2025-04-11 00:00:00,April,W,N,F,50,True,True,PUTNAM,Bates Ave,  ,  ,V,G,1.0,0,14-301,,False,N,False,False,V,,,,,False,1.0,CT0011600,134129646039261657,2025-04-11 12:33:16.773000,12:33:16.773000,2025,,,Stop Sign,2025
2026-01-15 10:30:07.133000,8078594.0,CT0011600,Putnam,Racial Profile,10020,2500003449,Incident ID,2025-04-13 00:00:00,April,W,N,M,59,True,False,PUTNAM,00000 POMFRET ST,  ,  ,V,G,1.0,0,14-299,,False,N,False,False,W,,,,,False,1.0,CT0011600,134129646039261657,2025-04-13 11:23:06.030000,11:23:06.030000,2025,,,Traffic Control Signal,2025
2026-01-15 10:30:07.430000,8078694.0,CT0011600,Putnam,Racial Profile,10062,2500003445,Incident ID,2025-04-13 00:00:00,April,W,N,F,60,True,False,PUTNAM,00000 POMFRET ST,  ,  ,V,G,1.0,0,14-296aa(b1st,,False,N,False,False,W,,,,,False,1.0,CT0011600,134129646039261657,2025-04-13 10:32:19.790000,10:32:19.790000,2025,,,Cell Phone,2025
2026-01-15 10:30:07.427000,8078693.0,CT0011600,Putnam,Racial Profile,10062,2500003444,Incident ID,2025-04-13 00:00:00,April,W,N,M,53,True,False,PUTNAM,00000 SCHOOL ST,  ,  ,E,G,1.0,0,14-96e,,False,N,False,False,W,,,,,False,1.0,CT0011600,134129646039261657,2025-04-13 09:55:10.900000,09:55:10.900000,2025,,,Defective Lights,2025
2026-01-15 10:30:07.143000,8078597.0,CT0011600,Putnam,Racial Profile,10020,2500003488,Incident ID,2025-04-14 00:00:00,April,W,N,F,31,True,True,PUTNAM,00000 KENNEDY DR,  ,  ,V,G,1.0,0,14-218a,,False,N,False,False,W,,,,,False,1.0,CT0011600,134129646039261657,2025-04-14 12:10:35.747000,12:10:35.747000,2025,,,Speed Related,2025
2026-01-15 10:30:07.143000,8078598.0,CT0011600,Putnam,Racial Profile,10020,2500003490,Incident ID,2025-04-14 00:00:00,April,A,N,F,27,False,False,PUTNAM,00000 KENNEDY DR,  ,  ,V,G,1.0,0,14-218a,,False,N,False,False,W,,,,,False,1.0,CT0011600,134129646039261657,2025-04-14 12:24:49.890000,12:24:49.890000,2025,,,Speed Related,2025
2026-01-15 10:30:07.453000,8078703.0,CT0011600,Putnam,Racial Profile,10113,2500003500,Incident ID,2025-04-14 00:00:00,April,W,N,M,37,True,True,PUTNAM,00000 PROVIDENCE ST,  ,  ,V,G,1.0,0,14-299,,False,N,False,False,W,,,,,False,1.0,CT0011600,134129646039261657,2025-04-14 19:51:46.273000,19:51:46.273000,2025,,,Traffic Control Signal,2025
2026-01-15 10:30:07.140000,8078596.0,CT0011600,Putnam,Racial Profile,10020,2500003485,Incident ID,2025-04-14 00:00:00,April,W,N,F,39,True,False,PUTNAM,00000 KENNEDY DR,  ,  ,V,G,1.0,0,14-218a,,False,N,False,False,W,,,,,False,1.0,CT0011600,134129646039261657,2025-04-14 11:55:39.560000,11:55:39.560000,2025,,,Speed Related,2025
2026-01-15 10:30:07.147000,8078599.0,CT0011600,Putnam,Racial Profile,10020,2500003491,Incident ID,2025-04-14 00:00:00,April,W,N,M,26,True,True,PUTNAM,00000 GROVE STREET ST,  ,  ,V,G,1.0,0,14-218a,,False,N,False,False,W,,,,,False,1.0,CT0011600,134129646039261657,2025-04-14 13:21:20.540000,13:21:20.540000,2025,,,Speed Related,2025
2026-01-15 10:30:07.443000,8078699.0,CT0011600,Putnam,Racial Profile,10098,2500003468,Incident ID,2025-04-14 00:00:00,April,W,N,M,19,True,True,PUTNAM,kennedy drive,  ,  ,V,B,1.0,0,14-218a,,False,N,False,False,W,,,,,False,1.0,CT0011600,134129646039261657,2025-04-14 01:00:09.020000,01:00:09.020000,2025,14-218a,,Speed Related,2025
2026-01-15 10:30:07.137000,8078595.0,CT0011600,Putnam,Racial Profile,10020,2500003484,Incident ID,2025-04-14 00:00:00,April,W,N,M,40,True,False,PUTNAM,00000 KENNEDY DR,  ,  ,V,G,1.0,0,14-218a,,False,N,False,False,W,,,,,False,1.0,CT0011600,134129646039261657,2025-04-14 11:30:43.143000,11:30:43.143000,2025,,,Speed Related,2025
2026-01-15 10:30:07.150000,8078600.0,CT0011600,Putnam,Racial Profile,10020,2500003494,Incident ID,2025-04-14 00:00:00,April,W,N,F,57,True,False,PUTNAM,00081 MAY ST,  ,  ,V,G,1.0,0,14-218a,,False,N,False,False,W,,,,,False,1.0,CT0011600,134129646039261657,2025-04-14 14:02:03.833000,14:02:03.833000,2025,,,Speed Related,2025
2026-01-15 10:30:07.163000,8078605.0,CT0011600,Putnam,Racial Profile,10020,2500003533,Incident ID,2025-04-15 00:00:00,April,W,N,F,38,False,False,PUTNAM,00000 GROVE STREET ,  ,  ,V,G,1.0,0,14-218a,,False,N,False,False,W,,,,,False,1.0,CT0011600,134129646039261657,2025-04-15 13:57:32.980000,13:57:32.980000,2025,,,Speed Related,2025
2026-01-15 10:30:07.323000,8078661.0,CT0011600,Putnam,Racial Profile,10027,2500003539,Incident ID,2025-04-15 00:00:00,April,W,N,F,32,True,False,PUTNAM,00188 SABIN ST,  ,  ,V,B,1.0,0,14-218a,,False,N,False,False,W,,,,,False,1.0,CT0011600,134129646039261657,2025-04-15 16:09:32.630000,16:09:32.630000,2025,,,Speed Related,2025
2026-01-15 10:30:07.330000,8078663.0,CT0011600,Putnam,Racial Profile,10027,2500003542,Incident ID,2025-04-15 00:00:00,April,W,N,M,19,True,True,PUTNAM,sabin st,  ,  ,V,B,1.0,0,14-218a,,False,N,False,False,W,,,,,False,1.0,CT0011600,134129646039261657,2025-04-15 16:48:14.447000,16:48:14.447000,2025,,,Speed Related,2025
2026-01-15 10:30:07.433000,8078695.0,CT0011600,Putnam,Racial Profile,10062,2500003523,Incident ID,2025-04-15 00:00:00,April,W,N,F,26,False,False,PUTNAM, SCHOOL ST/FRANKLIN ST,  ,  ,V,G,1.0,0,14-296aa(b1st,,False,N,False,False,W,,,,,False,1.0,CT0011600,134129646039261657,2025-04-15 08:39:30.157000,08:39:30.157000,2025,,,Cell Phone,2025
2026-01-15 10:30:07.153000,8078601.0,CT0011600,Putnam,Racial Profile,10020,2500003528,Incident ID,2025-04-15 00:00:00,April,W,N,M,41,True,False,PUTNAM,00000 KENNEDY DR,  ,  ,V,G,1.0,0,14-218a,,False,N,False,False,W,,,,,False,1.0,CT0011600,134129646039261657,2025-04-15 11:13:50.403000,11:13:50.403000,2025,,,Speed Related,2025
2026-01-15 10:30:07.157000,8078602.0,CT0011600,Putnam,Racial Profile,10020,2500003529,Incident ID,2025-04-15 00:00:00,April,W,N,M,55,True,False,PUTNAM,Kennedy Dr,  ,  ,V,G,1.0,0,14-12a,,False,N,False,False,I,,,,,False,1.0,CT0011600,134129646039261657,2025-04-15 11:32:10.513000,11:32:10.513000,2025,,,Registration,2025
2026-01-15 10:30:07.157000,8078603.0,CT0011600,Putnam,Racial Profile,10020,2500003530,Incident ID,2025-04-15 00:00:00,April,W,H,M,36,False,False,PUTNAM,00000 KENNEDY DR,  ,  ,V,G,1.0,0,14-218a,,False,N,False,False,W,,,,,False,1.0,CT0011600,134129646039261657,2025-04-15 12:02:03.517000,12:02:03.517000,2025,,,Speed Related,2025
2026-01-15 10:30:07.337000,8078665.0,CT0011600,Putnam,Racial Profile,10027,2500003544,Incident ID,2025-04-15 00:00:00,April,W,N,M,41,True,False,PUTNAM,00022 SABIN ST,  ,  ,V,B,1.0,0,14-218a,,False,N,False,False,W,,,,,False,1.0,CT0011600,134129646039261657,2025-04-15 18:25:53.573000,18:25:53.573000,2025,,,Speed Related,2025
2026-01-15 10:30:07.160000,8078604.0,CT0011600,Putnam,Racial Profile,10020,2500003531,Incident ID,2025-04-15 00:00:00,April,W,N,M,56,True,False,PUTNAM,00000 KENNEDY DR,  ,  ,V,G,1.0,0,14-218a,,False,N,False,False,W,,,,,False,1.0,CT0011600,134129646039261657,2025-04-15 12:19:31.527000,12:19:31.527000,2025,,,Speed Related,2025
2026-01-15 10:30:07.320000,8078660.0,CT0011600,Putnam,Racial Profile,10027,2500003537,Incident ID,2025-04-15 00:00:00,April,W,N,M,43,True,False,PUTNAM,00207 SABIN ST,  ,  ,V,B,1.0,0,14-218a,,False,N,False,False,W,,,,,False,1.0,CT0011600,134129646039261657,2025-04-15 15:40:34.380000,15:40:34.380000,2025,,,Speed Related,2025
2026-01-15 10:30:07.167000,8078606.0,CT0011600,Putnam,Racial Profile,10020,2500003534,Incident ID,2025-04-15 00:00:00,April,W,H,F,37,False,False,PUTNAM,00000 GROVE STREET ,  ,  ,V,G,1.0,0,14-218a,,False,N,False,False,W,,,,,False,1.0,CT0011600,134129646039261657,2025-04-15 14:18:53.767000,14:18:53.767000,2025,,,Speed Related,2025
2026-01-15 10:30:07.170000,8078607.0,CT0011600,Putnam,Racial Profile,10020,2500003535,Incident ID,2025-04-15 00:00:00,April,W,H,M,38,True,True,PUTNAM,00000 GROVE STREET ST,  ,  ,V,G,1.0,0,14-218a,,False,N,False,False,W,,,,,False,1.0,CT0011600,134129646039261657,2025-04-15 14:35:56.510000,14:35:56.510000,2025,,,Speed Related,2025
2026-01-15 10:30:07.327000,8078662.0,CT0011600,Putnam,Racial Profile,10027,2500003541,Incident ID,2025-04-15 00:00:00,April,W,N,M,66,True,False,PUTNAM,00000 SABIN ST,  ,  ,V,B,1.0,0,14-218a,,False,N,False,False,W,,,,,False,1.0,CT0011600,134129646039261657,2025-04-15 16:35:35.547000,16:35:35.547000,2025,,,Speed Related,2025
2026-01-15 10:30:07.333000,8078664.0,CT0011600,Putnam,Racial Profile,10027,2500003543,Incident ID,2025-04-15 00:00:00,April,W,N,F,41,True,True,PUTNAM,00062 SABIN ST,  ,  ,V,B,1.0,0,14-218a,,False,N,False,False,W,,,,,False,1.0,CT0011600,134129646039261657,2025-04-15 17:50:06.650000,17:50:06.650000,2025,,,Speed Related,2025
2026-01-15 10:30:07.170000,8078608.0,CT0011600,Putnam,Racial Profile,10020,2500003572,Incident ID,2025-04-16 00:00:00,April,W,N,F,32,True,False,PUTNAM,00000 KENNEDY DR,  ,  ,V,G,1.0,0,14-218a,,False,N,False,False,W,,,,,False,1.0,CT0011600,134129646039261657,2025-04-16 10:06:34.370000,10:06:34.370000,2025,,,Speed Related,2025
2026-01-15 10:30:07.193000,8078615.0,CT0011600,Putnam,Racial Profile,10020,2500003583,Incident ID,2025-04-16 00:00:00,April,W,N,M,31,True,False,PUTNAM,00000 PROVIDENCE ST,  ,  ,V,G,1.0,0,14-218a,,False,N,False,False,W,,,,,False,1.0,CT0011600,134129646039261657,2025-04-16 17:53:50.260000,17:53:50.260000,2025,,,Speed Related,2025
2026-01-15 10:30:07.180000,8078610.0,CT0011600,Putnam,Racial Profile,10020,2500003576,Incident ID,2025-04-16 00:00:00,April,W,N,F,59,True,False,PUTNAM,00000 KENNEDY DR,  ,  ,V,G,1.0,0,14-218a,,False,N,False,False,W,,,,,False,1.0,CT0011600,134129646039261657,2025-04-16 15:37:31.083000,15:37:31.083000,2025,,,Speed Related,2025
2026-01-15 10:30:07.183000,8078611.0,CT0011600,Putnam,Racial Profile,10020,2500003577,Incident ID,2025-04-16 00:00:00,April,W,N,M,48,True,False,PUTNAM,00000 KENNEDY DR,  ,  ,V,G,1.0,0,14-218a,,False,N,False,False,W,,,,,False,1.0,CT0011600,134129646039261657,2025-04-16 15:54:13.367000,15:54:13.367000,2025,,,Speed Related,2025
2026-01-15 10:30:07.190000,8078613.0,CT0011600,Putnam,Racial Profile,10020,2500003579,Incident ID,2025-04-16 00:00:00,April,A,N,M,34,False,False,PUTNAM,00000 GROVE STREET ,  ,  ,V,G,1.0,0,14-218a,,False,N,False,False,W,,,,,False,1.0,CT0011600,134129646039261657,2025-04-16 16:39:12.010000,16:39:12.010000,2025,,,Speed Related,2025
2026-01-15 10:30:07.193000,8078614.0,CT0011600,Putnam,Racial Profile,10020,2500003581,Incident ID,2025-04-16 00:00:00,April,W,N,M,19,True,True,PUTNAM,00081 MAY ST,  ,  ,V,G,1.0,0,14-218a,,False,N,False,False,W,,,,,False,1.0,CT0011600,134129646039261657,2025-04-16 17:33:24.027000,17:33:24.027000,2025,,,Speed Related,2025
2026-01-15 10:30:07.180000,8078609.0,CT0011600,Putnam,Racial Profile,10020,2500003574,Incident ID,2025-04-16 00:00:00,April,W,N,M,83,True,False,PUTNAM,00000 KENNEDY DR,  ,  ,V,G,1.0,0,14-301,,False,N,False,False,W,,,,,False,1.0,CT0011600,134129646039261657,2025-04-16 15:25:06.940000,15:25:06.940000,2025,,,Stop Sign,2025
2026-01-15 10:30:07.187000,8078612.0,CT0011600,Putnam,Racial Profile,10020,2500003578,Incident ID,2025-04-16 00:00:00,April,W,N,F,47,True,False,PUTNAM,00000 KENNEDY DR,  ,  ,V,G,1.0,0,14-218a,,False,N,False,False,W,,,,,False,1.0,CT0011600,134129646039261657,2025-04-16 16:13:16.577000,16:13:16.577000,2025,,,Speed Related,2025
2026-01-15 10:30:07.197000,8078616.0,CT0011600,Putnam,Racial Profile,10020,2500003584,Incident ID,2025-04-16 00:00:00,April,W,N,F,55,True,False,PUTNAM,00000 PROVIDENCE ST,  ,  ,V,G,1.0,0,14-218a,,False,N,False,False,W,,,,,False,1.0,CT0011600,134129646039261657,2025-04-16 18:13:47.197000,18:13:47.197000,2025,,,Speed Related,2025
2026-01-15 10:30:07.460000,8078706.0,CT0011600,Putnam,Racial Profile,1000192,2500003605,Incident ID,2025-04-17 00:00:00,April,W,N,F,52,False,False,Putnam              , KENNEDY DRIVE ,  ,  ,V,G,1.0,0,14-218a,,False,N,False,False,W,,,,,False,1.0,CT0011600,134129646039261657,2025-04-17 05:37:56.647000,05:37:56.647000,2025,,,Speed Related,2025
2026-01-15 10:30:07.420000,8078689.0,CT0011600,Putnam,Racial Profile,10052,2500003610,Incident ID,2025-04-17 00:00:00,April,W,N,F,33,True,False,PUTNAM,00000 SCHOOL ST,  ,  ,V,G,1.0,0,14-296aa(b1st,,False,N,False,False,W,,,,,False,1.0,CT0011600,134129646039261657,2025-04-17 09:44:36.087000,09:44:36.087000,2025,,,Cell Phone,2025
2026-01-15 10:30:07.460000,8078707.0,CT0011600,Putnam,Racial Profile,1000192,2500003605,Incident ID,2025-04-17 00:00:00,April,W,N,F,52,False,False,Putnam              ,Kennedy Dr,  ,  ,V,G,1.0,0,14-218a,,False,N,False,False,W,,,,,False,1.0,CT0011600,134129646039261657,2025-04-17 05:37:56.647000,05:37:56.647000,2025,,,Speed Related,2025
2026-01-15 10:30:07.200000,8078617.0,CT0011600,Putnam,Racial Profile,10020,2500003643,Incident ID,2025-04-18 00:00:00,April,W,N,F,29,True,True,PUTNAM,00000 KENNEDY DR,  ,  ,V,G,1.0,0,14-299,,False,N,False,False,W,,,,,False,1.0,CT0011600,134129646039261657,2025-04-18 19:05:43.543000,19:05:43.543000,2025,,,Traffic Control Signal,2025
2026-01-15 10:30:07.447000,8078700.0,CT0011600,Putnam,Racial Profile,10098,2500003650,Incident ID,2025-04-19 00:00:00,April,W,N,M,58,True,False,Putnam              , KENNEDY DRIVE ,  ,  ,V,B,1.0,0,14-218a,,False,N,False,False,W,,,,,False,1.0,CT0011600,134129646039261657,2025-04-19 00:58:30.883000,00:58:30.883000,2025,14-218a,,Speed Related,2025
2026-01-15 10:30:07.293000,8078648.0,CT0011600,Putnam,Racial Profile,10023,2500003722,Incident ID,2025-04-21 00:00:00,April,W,N,M,71,True,True,PUTNAM,woodstock ave west,  ,  ,V,G,1.0,0,14-218(a),,False,N,False,False,W,,,,,False,1.0,CT0011600,134129646039261657,2025-04-21 13:51:52.660000,13:51:52.660000,2025,,,Speed Related,2025
2026-01-15 10:30:07.203000,8078618.0,CT0011600,Putnam,Racial Profile,10020,2500003712,Incident ID,2025-04-21 00:00:00,April,W,N,M,61,True,True,PUTNAM,00000 KENNEDY DR,  ,  ,V,G,1.0,0,14-218a,,False,N,False,False,W,,,,,False,1.0,CT0011600,134129646039261657,2025-04-21 11:24:29.950000,11:24:29.950000,2025,,,Speed Related,2025
2026-01-15 10:30:07.203000,8078619.0,CT0011600,Putnam,Racial Profile,10020,2500003713,Incident ID,2025-04-21 00:00:00,April,W,N,M,24,True,False,PUTNAM,00000 KENNEDY DR,  ,  ,V,G,1.0,0,14-218a,,False,N,False,False,W,,,,,False,1.0,CT0011600,134129646039261657,2025-04-21 11:39:43.463000,11:39:43.463000,2025,,,Speed Related,2025
2026-01-15 10:30:07.207000,8078620.0,CT0011600,Putnam,Racial Profile,10020,2500003717,Incident ID,2025-04-21 00:00:00,April,W,N,M,41,True,False,PUTNAM,00000 KENNEDY DR,  ,  ,V,G,1.0,0,14-218a,,False,N,False,False,W,,,,,False,1.0,CT0011600,134129646039261657,2025-04-21 11:55:43.850000,11:55:43.850000,2025,,,Speed Related,2025
2026-01-15 10:30:07.210000,8078621.0,CT0011600,Putnam,Racial Profile,10020,2500003718,Incident ID,2025-04-21 00:00:00,April,W,N,F,44,True,True,PUTNAM,00000 KENNEDY DR,  ,  ,V,G,1.0,0,14-218a,,False,N,False,False,W,,,,,False,1.0,CT0011600,134129646039261657,2025-04-21 12:12:44.930000,12:12:44.930000,2025,,,Speed Related,2025
2026-01-15 10:30:07.210000,8078622.0,CT0011600,Putnam,Racial Profile,10020,2500003719,Incident ID,2025-04-21 00:00:00,April,W,N,F,73,True,False,PUTNAM,00000 GROVE STREET ,  ,  ,V,G,1.0,0,14-218a,,False,N,False,False,W,,,,,False,1.0,CT0011600,134129646039261657,2025-04-21 12:30:38.383000,12:30:38.383000,2025,,,Speed Related,2025
2026-01-15 10:30:07.217000,8078624.0,CT0011600,Putnam,Racial Profile,10020,2500003724,Incident ID,2025-04-21 00:00:00,April,W,N,M,58,True,True,PUTNAM,00000 PROVIDENCE ST,  ,  ,V,G,1.0,0,14-218a,,False,N,False,False,W,,,,,False,1.0,CT0011600,134129646039261657,2025-04-21 14:21:57.567000,14:21:57.567000,2025,,,Speed Related,2025
2026-01-15 10:30:07.283000,8078645.0,CT0011600,Putnam,Racial Profile,10023,2500003716,Incident ID,2025-04-21 00:00:00,April,W,N,F,33,True,True,PUTNAM, PROVIDENCE ST/KENNEDY DR,  ,  ,V,G,2.0,0,14218a,,False,N,False,False,W,,,,,False,1.0,CT0011600,134129646039261657,2025-04-21 11:54:03,11:54:03,2025,14-218(a),,Speed Related,2025
2026-01-15 10:30:07.290000,8078647.0,CT0011600,Putnam,Racial Profile,10023,2500003722,Incident ID,2025-04-21 00:00:00,April,W,N,M,71,True,False,PUTNAM,00000 WOODSTOCK AVE WEST ,  ,  ,V,G,1.0,0,14-218a,,False,N,False,False,W,,,,,False,1.0,CT0011600,134129646039261657,2025-04-21 13:51:52.660000,13:51:52.660000,2025,,,Speed Related,2025
2026-01-15 10:30:07.437000,8078696.0,CT0011600,Putnam,Racial Profile,10062,2500003714,Incident ID,2025-04-21 00:00:00,April,W,H,F,25,True,True,PUTNAM,00000 KENNEDY DR,  ,  ,V,G,1.0,0,14-296aa(b1st,,False,N,False,False,W,,,,,False,1.0,CT0011600,134129646039261657,2025-04-21 11:40:16.597000,11:40:16.597000,2025,,,Cell Phone,2025
2026-01-15 10:30:07.213000,8078623.0,CT0011600,Putnam,Racial Profile,10020,2500003723,Incident ID,2025-04-21 00:00:00,April,W,N,F,22,True,False,PUTNAM,00000 GROVE STREET ST,  ,  ,V,G,1.0,0,14-218a,,False,N,False,False,W,,,,,False,1.0,CT0011600,134129646039261657,2025-04-21 14:00:42.310000,14:00:42.310000,2025,,,Speed Related,2025
2026-01-15 10:30:07.287000,8078646.0,CT0011600,Putnam,Racial Profile,10023,2500003721,Incident ID,2025-04-21 00:00:00,April,W,N,F,31,True,False,PUTNAM,00000 SABIN ST,  ,  ,V,G,1.0,0,14-218a,,False,N,False,False,W,,,,,False,1.0,CT0011600,134129646039261657,2025-04-21 13:23:51.703000,13:23:51.703000,2025,,,Speed Related,2025
2026-01-15 10:30:07.347000,8078668.0,CT0011600,Putnam,Racial Profile,10027,2500003769,Incident ID,2025-04-22 00:00:00,April,W,N,M,63,True,False,PUTNAM,00000 SABIN ST,  ,  ,V,B,1.0,0,14-218a,,False,N,False,False,W,,,,,False,1.0,CT0011600,134129646039261657,2025-04-22 16:45:19.690000,16:45:19.690000,2025,,,Speed Related,2025
2026-01-15 10:30:07.340000,8078666.0,CT0011600,Putnam,Racial Profile,10027,2500003765,Incident ID,2025-04-22 00:00:00,April,W,N,M,55,True,False,PUTNAM,00221 SABIN ST,  ,  ,V,B,1.0,0,14-218a,,False,N,False,False,W,,,,,False,1.0,CT0011600,134129646039261657,2025-04-22 16:09:44.270000,16:09:44.270000,2025,14-218a,,Speed Related,2025
2026-01-15 10:30:07.350000,8078670.0,CT0011600,Putnam,Racial Profile,10027,2500003772,Incident ID,2025-04-22 00:00:00,April,W,N,M,46,True,True,PUTNAM,00188 SABIN ST,  ,  ,V,B,1.0,0,14-218a,,False,N,False,False,W,,,,,False,1.0,CT0011600,134129646039261657,2025-04-22 17:21:41.690000,17:21:41.690000,2025,,,Speed Related,2025
2026-01-15 10:30:07.353000,8078671.0,CT0011600,Putnam,Racial Profile,10027,2500003773,Incident ID,2025-04-22 00:00:00,April,W,N,F,67,True,False,PUTNAM,00354 SABIN ST,  ,  ,V,B,1.0,0,14-218a,,False,N,False,False,W,,,,,False,1.0,CT0011600,134129646039261657,2025-04-22 17:37:22.430000,17:37:22.430000,2025,,,Speed Related,2025
2026-01-15 10:30:07.340000,8078667.0,CT0011600,Putnam,Racial Profile,10027,2500003768,Incident ID,2025-04-22 00:00:00,April,W,N,F,21,True,False,PUTNAM,00188 SABIN ST,  ,  ,V,B,1.0,0,14-218a,,False,N,False,False,W,,,,,False,1.0,CT0011600,134129646039261657,2025-04-22 16:26:48.083000,16:26:48.083000,2025,,,Speed Related,2025
2026-01-15 10:30:07.350000,8078669.0,CT0011600,Putnam,Racial Profile,10027,2500003770,Incident ID,2025-04-22 00:00:00,April,W,N,F,28,True,False,PUTNAM,00297 SABIN ST,  ,  ,V,B,1.0,0,14-218a,,False,N,False,False,W,,,,,False,1.0,CT0011600,134129646039261657,2025-04-22 17:06:07.017000,17:06:07.017000,2025,,,Speed Related,2025
2026-01-15 10:30:07.437000,8078697.0,CT0011600,Putnam,Racial Profile,10062,2500003761,Incident ID,2025-04-22 00:00:00,April,W,N,F,29,True,True,PUTNAM,Main Street,  ,  ,V,G,1.0,0,14-296aa(b),,False,N,False,False,W,,,,,False,1.0,CT0011600,134129646039261657,2025-04-22 12:17:11.610000,12:17:11.610000,2025,,,Cell Phone,2025
2026-01-15 10:30:07.357000,8078672.0,CT0011600,Putnam,Racial Profile,10027,2500003774,Incident ID,2025-04-22 00:00:00,April,W,N,F,50,True,False,PUTNAM,00221 SABIN ST,  ,  ,V,B,1.0,0,14-218a,,False,N,False,False,W,,,,,False,1.0,CT0011600,134129646039261657,2025-04-22 18:01:11.807000,18:01:11.807000,2025,,,Speed Related,2025
2026-01-15 10:30:07.300000,8078650.0,CT0011600,Putnam,Racial Profile,10023,2500003941,Incident ID,2025-04-28 00:00:00,April,W,N,M,25,False,False,PUTNAM,kennedy dt,  ,  ,I,G,1.0,0,14-12(a),,False,N,False,False,N,,,,,False,1.0,CT0011600,134129646039261657,2025-04-28 12:23:36.917000,12:23:36.917000,2025,,,Registration,2025
2026-01-15 10:30:07.363000,8078675.0,CT0011600,Putnam,Racial Profile,10027,2500003952,Incident ID,2025-04-28 00:00:00,April,W,N,M,50,True,False,PUTNAM,00221 SABIN ST,  ,  ,V,B,1.0,0,14-218a,,False,N,False,False,W,,,,,False,1.0,CT0011600,134129646039261657,2025-04-28 16:35:12.370000,16:35:12.370000,2025,,,Speed Related,2025
2026-01-15 10:30:07.363000,8078674.0,CT0011600,Putnam,Racial Profile,10027,2500003950,Incident ID,2025-04-28 00:00:00,April,W,N,F,42,False,False,PUTNAM,00221 SABIN ST,  ,  ,V,B,1.0,0,14-218a,,False,N,False,False,W,,,,,False,1.0,CT0011600,134129646039261657,2025-04-28 16:04:34.140000,16:04:34.140000,2025,,,Speed Related,2025
2026-01-15 10:30:07.370000,8078677.0,CT0011600,Putnam,Racial Profile,10027,2500003956,Incident ID,2025-04-28 00:00:00,April,W,N,M,49,True,False,PUTNAM,00172 SABIN ST,  ,  ,V,B,1.0,0,14-218a,,False,N,False,False,W,,,,,False,1.0,CT0011600,134129646039261657,2025-04-28 17:07:47.660000,17:07:47.660000,2025,,,Speed Related,2025
2026-01-15 10:30:07.370000,8078678.0,CT0011600,Putnam,Racial Profile,10027,2500003957,Incident ID,2025-04-28 00:00:00,April,W,N,F,39,False,False,PUTNAM,00046 SABIN ST,  ,  ,V,B,1.0,0,14-218a,,False,N,False,False,W,,,,,False,1.0,CT0011600,134129646039261657,2025-04-28 17:17:35.430000,17:17:35.430000,2025,,,Speed Related,2025
2026-01-15 10:30:07.373000,8078679.0,CT0011600,Putnam,Racial Profile,10027,2500003958,Incident ID,2025-04-28 00:00:00,April,W,N,M,19,True,False,PUTNAM,00333 SABIN ST,  ,  ,V,B,1.0,0,14-218a,,False,N,False,False,W,,,,,False,1.0,CT0011600,134129646039261657,2025-04-28 18:02:33.377000,18:02:33.377000,2025,,,Speed Related,2025
2026-01-15 10:30:07.447000,8078701.0,CT0011600,Putnam,Racial Profile,10098,2500003933,Incident ID,2025-04-28 00:00:00,April,W,N,M,42,True,False,PUTNAM, KENNEDY DR/SUNSET AVE,  ,  ,V,B,1.0,0,14-218a,,False,N,False,False,W,,,,,False,1.0,CT0011600,134129646039261657,2025-04-28 01:39:14.950000,01:39:14.950000,2025,14-218(a),,Speed Related,2025
2026-01-15 10:30:07.303000,8078652.0,CT0011600,Putnam,Racial Profile,10023,2500003945,Incident ID,2025-04-28 00:00:00,April,W,N,F,25,True,False,PUTNAM,00000 KENNEDY DR,  ,  ,V,G,1.0,0,14-218a,,False,N,False,False,W,,,,,False,1.0,CT0011600,134129646039261657,2025-04-28 13:56:29.507000,13:56:29.507000,2025,,,Speed Related,2025
2026-01-15 10:30:07.297000,8078649.0,CT0011600,Putnam,Racial Profile,10023,2500003940,Incident ID,2025-04-28 00:00:00,April,W,N,F,70,True,False,PUTNAM,00000 KENNEDY DR,  ,  ,V,G,1.0,0,14-218a,,False,N,False,False,W,,,,,False,1.0,CT0011600,134129646039261657,2025-04-28 12:02:47.283000,12:02:47.283000,2025,,,Speed Related,2025
2026-01-15 10:30:07.300000,8078651.0,CT0011600,Putnam,Racial Profile,10023,2500003942,Incident ID,2025-04-28 00:00:00,April,W,N,F,85,True,False,PUTNAM,00000 WOODSTOCK AVE,  ,  ,V,G,1.0,0,14-218a,,False,N,False,False,W,,,,,False,1.0,CT0011600,134129646039261657,2025-04-28 12:44:42.823000,12:44:42.823000,2025,,,Speed Related,2025
2026-01-15 10:30:07.307000,8078653.0,CT0011600,Putnam,Racial Profile,10023,2500003946,Incident ID,2025-04-28 00:00:00,April,W,N,F,43,True,False,PUTNAM,00000 KENNEDY DR,  ,  ,V,G,1.0,0,14-218a,,False,N,False,False,W,,,,,False,1.0,CT0011600,134129646039261657,2025-04-28 14:17:15.550000,14:17:15.550000,2025,,,Speed Related,2025
2026-01-15 10:30:07.360000,8078673.0,CT0011600,Putnam,Racial Profile,10027,2500003948,Incident ID,2025-04-28 00:00:00,April,W,N,F,25,True,False,PUTNAM,00200 SABIN ST,  ,  ,V,B,1.0,0,14-218a,,False,N,False,False,W,,,,,False,1.0,CT0011600,134129646039261657,2025-04-28 15:38:45.480000,15:38:45.480000,2025,,,Speed Related,2025
2026-01-15 10:30:07.367000,8078676.0,CT0011600,Putnam,Racial Profile,10027,2500003953,Incident ID,2025-04-28 00:00:00,April,W,N,M,43,True,True,PUTNAM,00221 SABIN ST,  ,  ,V,B,1.0,0,14-218a,,False,N,False,False,W,,,,,False,1.0,CT0011600,134129646039261657,2025-04-28 16:46:11.700000,16:46:11.700000,2025,,,Speed Related,2025
2026-01-15 10:30:07.310000,8078654.0,CT0011600,Putnam,Racial Profile,10023,2500003985,Incident ID,2025-04-29 00:00:00,April,W,N,F,20,True,False,PUTNAM,00000 WOODSTOCK AVE WEST ,  ,  ,V,G,1.0,1,14-218a,,False,N,False,False,W,,,,,False,1.0,CT0011600,134129646039261657,2025-04-29 11:23:54.730000,11:23:54.730000,2025,,,Speed Related,2025
2026-01-15 10:30:07.060000,8078563.0,CT0011600,Putnam,Racial Profile,10014,2500004018,Incident ID,2025-04-30 00:00:00,April,W,N,M,39,True,False,PUTNAM,00000 GROVE STREET ST,  ,  ,V,G,1.0,0,14-218a,,False,N,False,False,W,,,,,False,1.0,CT0011600,134129646039261657,2025-04-30 08:34:47.913000,08:34:47.913000,2025,,,Speed Related,2025
2026-01-15 10:30:07.313000,8078657.0,CT0011600,Putnam,Racial Profile,10023,2500004024,Incident ID,2025-04-30 00:00:00,April,W,N,M,52,True,False,PUTNAM,00000 WOODSTOCK AVE WEST ,  ,  ,V,G,1.0,0,14-299,,False,N,False,False,W,,,,,False,1.0,CT0011600,134129646039261657,2025-04-30 13:01:14.787000,13:01:14.787000,2025,,,Traffic Control Signal,2025
2026-01-15 10:30:07.317000,8078658.0,CT0011600,Putnam,Racial Profile,10023,2500004025,Incident ID,2025-04-30 00:00:00,April,W,N,M,67,True,False,PUTNAM,00000 WOODSTOCK AVE WEST ,  ,  ,V,G,1.0,0,14-218a,,False,N,False,False,W,,,,,False,1.0,CT0011600,134129646039261657,2025-04-30 13:11:37.040000,13:11:37.040000,2025,,,Speed Related,2025
2026-01-15 10:30:07.310000,8078655.0,CT0011600,Putnam,Racial Profile,10023,2500004022,Incident ID,2025-04-30 00:00:00,April,W,N,M,50,True,False,PUTNAM,00000 SABIN ST,  ,  ,V,G,1.0,0,14-218a,,False,N,False,False,W,,,,,False,1.0,CT0011600,134129646039261657,2025-04-30 12:31:32.393000,12:31:32.393000,2025,,,Speed Related,2025
2026-01-15 10:30:07.313000,8078656.0,CT0011600,Putnam,Racial Profile,10023,2500004023,Incident ID,2025-04-30 00:00:00,April,W,N,F,64,True,False,PUTNAM,00000 WOODSTOCK AVE WEST ,  ,  ,V,G,1.0,0,14-218a,,False,N,False,False,W,,,,,False,1.0,CT0011600,134129646039261657,2025-04-30 12:51:11.047000,12:51:11.047000,2025,,,Speed Related,2025
2026-01-15 10:50:55.090000,8078819.0,CT0011600,Putnam,Racial Profile,10062,2500004042,Incident ID,2025-05-01 00:00:00,May,B,N,M,53,False,False,PUTNAM,00000 WOODSTOCK AVE,  ,  ,V,G,1.0,0,14-218a,,False,N,False,False,W,,,,,False,1.0,CT0011600,134129658539997343,2025-05-01 00:48:17.427000,00:48:17.427000,2025,,,Speed Related,2025
2026-01-15 10:50:55.163000,8078833.0,CT0011600,Putnam,Racial Profile,10098,2500004110,Incident ID,2025-05-02 00:00:00,May,W,N,M,42,True,False,PUTNAM,kennedy drive ,  ,  ,V,B,1.0,0,14-218a,,False,N,False,False,W,,,,,False,1.0,CT0011600,134129658539997343,2025-05-02 21:19:09.273000,21:19:09.273000,2025,14-218a,,Speed Related,2025
2026-01-15 10:50:55.097000,8078820.0,CT0011600,Putnam,Racial Profile,10062,2500004087,Incident ID,2025-05-02 00:00:00,May,W,N,M,62,True,False,PUTNAM," SCHOOL ST/MECHANICS ST (PUTNAM, T116)",  ,  ,E,G,2.0,0,14-18(c),,False,N,False,False,I,,,,,False,1.0,CT0011600,134129658539997343,2025-05-02 01:11:14.623000,01:11:14.623000,2025,14-12(a)*,,Display of Plates,2025
2026-01-15 10:50:54.870000,8078767.0,CT0011600,Putnam,Racial Profile,10023,2500004223,Incident ID,2025-05-06 00:00:00,May,W,N,F,53,True,False,PUTNAM,00000 KENNEDY DR,  ,  ,V,G,1.0,0,14-218a,,False,N,False,False,W,,,,,False,1.0,CT0011600,134129658539997343,2025-05-06 13:35:49.547000,13:35:49.547000,2025,,,Speed Related,2025
2026-01-15 10:50:55.103000,8078821.0,CT0011600,Putnam,Racial Profile,10062,2500004239,Incident ID,2025-05-06 00:00:00,May,W,N,M,30,True,True,PUTNAM, WILKINSON ST/OAK ST,  ,  ,V,G,1.0,0,14-296aa(b1st,,False,N,False,False,W,,,,,False,1.0,CT0011600,134129658539997343,2025-05-06 18:25:48.083000,18:25:48.083000,2025,,,Cell Phone,2025
2026-01-15 10:50:54.860000,8078765.0,CT0011600,Putnam,Racial Profile,10023,2500004220,Incident ID,2025-05-06 00:00:00,May,B,H,M,22,True,True,PUTNAM,00000 PROVIDENCE ST,  ,  ,V,G,1.0,0,14-2218a,,False,N,False,False,W,,,,,False,1.0,CT0011600,134129658539997343,2025-05-06 12:45:59.667000,12:45:59.667000,2025,,,Other,2025
2026-01-15 10:50:54.863000,8078766.0,CT0011600,Putnam,Racial Profile,10023,2500004221,Incident ID,2025-05-06 00:00:00,May,W,N,F,81,True,True,PUTNAM,00000 KENNEDY DR,  ,  ,V,G,1.0,0,14-218a,,False,N,False,False,W,,,,,False,1.0,CT0011600,134129658539997343,2025-05-06 13:03:51.563000,13:03:51.563000,2025,,,Speed Related,2025
2026-01-15 10:50:54.883000,8078770.0,CT0011600,Putnam,Racial Profile,10023,2500004245,Incident ID,2025-05-06 00:00:00,May,W,N,F,27,True,False,Putnam              , BRIDGE ST ,  ,  ,V,G,1.0,1,14-301,,False,N,False,False,W,,,,,False,1.0,CT0011600,134129658539997343,2025-05-06 22:15:12.640000,22:15:12.640000,2025,,,Stop Sign,2025
2026-01-15 10:50:54.873000,8078768.0,CT0011600,Putnam,Racial Profile,10023,2500004225,Incident ID,2025-05-06 00:00:00,May,W,N,F,32,True,False,PUTNAM,kennedy dr,  ,  ,V,G,1.0,0,14-218a,,False,N,False,False,V,,,,,False,1.0,CT0011600,134129658539997343,2025-05-06 13:55:27.593000,13:55:27.593000,2025,,,Speed Related,2025
2026-01-15 10:50:54.880000,8078769.0,CT0011600,Putnam,Racial Profile,10023,2500004226,Incident ID,2025-05-06 00:00:00,May,W,N,M,70,True,False,PUTNAM,kennedy dr,  ,  ,V,G,1.0,0,14-218a,,False,N,False,False,V,,,,,False,1.0,CT0011600,134129658539997343,2025-05-06 14:12:28.780000,14:12:28.780000,2025,,,Speed Related,2025
2026-01-15 10:50:54.907000,8078773.0,CT0011600,Putnam,Racial Profile,10023,2500004278,Incident ID,2025-05-07 00:00:00,May,W,N,M,59,True,False,PUTNAM,00000 WOODSTOCK AVE WEST ,  ,  ,V,G,1.0,0,14-218a,,False,N,False,False,W,,,,,False,1.0,CT0011600,134129658539997343,2025-05-07 13:05:10.277000,13:05:10.277000,2025,,,Speed Related,2025
2026-01-15 10:50:54.887000,8078771.0,CT0011600,Putnam,Racial Profile,10023,2500004273,Incident ID,2025-05-07 00:00:00,May,W,N,F,69,False,False,PUTNAM,00000 WOODSTOCK AVE WEST ,  ,  ,V,G,1.0,0,14-218a,,False,N,False,False,V,,,,,False,1.0,CT0011600,134129658539997343,2025-05-07 11:37:31.810000,11:37:31.810000,2025,,,Speed Related,2025
2026-01-15 10:50:54.900000,8078772.0,CT0011600,Putnam,Racial Profile,10023,2500004275,Incident ID,2025-05-07 00:00:00,May,W,N,F,55,True,False,PUTNAM,00000 PROVIDENCE ST,  ,  ,V,G,2.0,0,14-218a,,False,N,False,False,W,,,,,False,1.0,CT0011600,134129658539997343,2025-05-07 12:13:35.980000,12:13:35.980000,2025,,,Speed Related,2025
2026-01-15 10:50:54.910000,8078774.0,CT0011600,Putnam,Racial Profile,10023,2500004279,Incident ID,2025-05-07 00:00:00,May,B,H,F,43,True,False,PUTNAM,00000 WOODSTOCK AVE WEST ,  ,  ,V,G,1.0,0,14-218a,,False,N,False,False,W,,,,,False,1.0,CT0011600,134129658539997343,2025-05-07 13:25:08.653000,13:25:08.653000,2025,,,Speed Related,2025
2026-01-15 10:50:55.107000,8078822.0,CT0011600,Putnam,Racial Profile,10062,2500004287,Incident ID,2025-05-07 00:00:00,May,W,N,F,65,True,False,PUTNAM,00000 POMFRET ST,  ,  ,V,G,1.0,0,14-296aa(b1st,,False,N,False,False,W,,,,,False,1.0,CT0011600,134129658539997343,2025-05-07 17:14:43.597000,17:14:43.597000,2025,,,Cell Phone,2025
2026-01-15 10:50:55.113000,8078823.0,CT0011600,Putnam,Racial Profile,10062,2500004296,Incident ID,2025-05-07 00:00:00,May,W,N,M,19,True,False,PUTNAM,00000 PROVIDENCE ST,  ,  ,E,G,1.0,0,14-96a(a),,False,N,False,False,W,,,,,False,1.0,CT0011600,134129658539997343,2025-05-07 21:31:18.153000,21:31:18.153000,2025,,,Defective Lights,2025
2026-01-15 10:50:54.590000,8078733.0,CT0011600,Putnam,Racial Profile,10020,2500004272,Incident ID,2025-05-07 00:00:00,May,W,N,F,55,True,False,PUTNAM,00000 KENNEDY DR,  ,  ,V,G,1.0,0,14-218a,,False,N,False,False,W,,,,,False,1.0,CT0011600,134129658539997343,2025-05-07 11:31:24.753000,11:31:24.753000,2025,,,Speed Related,2025
2026-01-15 10:50:54.600000,8078734.0,CT0011600,Putnam,Racial Profile,10020,2500004274,Incident ID,2025-05-07 00:00:00,May,W,N,F,61,True,False,PUTNAM,00000 KENNEDY DR,  ,  ,V,G,1.0,0,14-218a,,False,N,False,False,W,,,,,False,1.0,CT0011600,134129658539997343,2025-05-07 11:53:08.740000,11:53:08.740000,2025,,,Speed Related,2025
2026-01-15 10:50:54.563000,8078731.0,CT0011600,Putnam,Racial Profile,10020,2500004269,Incident ID,2025-05-07 00:00:00,May,W,N,M,70,True,False,PUTNAM,00000 KENNEDY DR,  ,  ,V,G,1.0,0,14-218a,,False,N,False,False,W,,,,,False,1.0,CT0011600,134129658539997343,2025-05-07 11:02:01.817000,11:02:01.817000,2025,,,Speed Related,2025
2026-01-15 10:50:54.567000,8078732.0,CT0011600,Putnam,Racial Profile,10020,2500004270,Incident ID,2025-05-07 00:00:00,May,W,N,F,38,True,False,PUTNAM,00000 KENNEDY DR,  ,  ,V,G,1.0,0,14-218a,,False,N,False,False,W,,,,,False,1.0,CT0011600,134129658539997343,2025-05-07 11:16:59.160000,11:16:59.160000,2025,,,Speed Related,2025
2026-01-15 10:50:54.607000,8078735.0,CT0011600,Putnam,Racial Profile,10020,2500004281,Incident ID,2025-05-07 00:00:00,May,W,N,F,54,True,False,PUTNAM,00000 GROVE STREET ,  ,  ,V,G,1.0,0,14-218a,,False,N,False,False,W,,,,,False,1.0,CT0011600,134129658539997343,2025-05-07 13:36:09.443000,13:36:09.443000,2025,,,Speed Related,2025
2026-01-15 10:50:55.050000,8078810.0,CT0011600,Putnam,Racial Profile,10052,2500004329,Incident ID,2025-05-08 00:00:00,May,W,N,M,63,True,True,PUTNAM,00000 SCHOOL ST,  ,  ,V,G,1.0,0,14-247a,,False,N,False,False,W,,,,,False,1.0,CT0011600,134129658539997343,2025-05-08 15:34:59.433000,15:34:59.433000,2025,,,Moving Violation,2025
2026-01-15 10:50:55.183000,8078837.0,CT0011600,Putnam,Racial Profile,10113,2500004364,Incident ID,2025-05-09 00:00:00,May,W,N,M,20,True,False,PUTNAM,school st,  ,  ,V,G,1.0,0,14-18,,False,N,False,False,V,,,,,False,1.0,CT0011600,134129658539997343,2025-05-09 17:39:03.670000,17:39:03.670000,2025,,,Display of Plates,2025
2026-01-15 10:50:55.120000,8078825.0,CT0011600,Putnam,Racial Profile,10062,2500004437,Incident ID,2025-05-11 00:00:00,May,W,N,M,20,True,False,PUTNAM,00000 POMFRET ST,  ,  ,V,G,1.0,0,14-296aa(b1st,,False,N,False,False,W,,,,,False,1.0,CT0011600,134129658539997343,2025-05-11 17:21:40.450000,17:21:40.450000,2025,,,Cell Phone,2025
2026-01-15 10:50:55.053000,8078811.0,CT0011600,Putnam,Racial Profile,10052,2500004441,Incident ID,2025-05-11 00:00:00,May,W,N,F,28,True,False,PUTNAM,00000 KENNEDY DR,  ,  ,V,G,1.0,0,14-218a,,False,N,False,False,W,,,,,False,1.0,CT0011600,134129658539997343,2025-05-11 22:05:16.690000,22:05:16.690000,2025,,,Speed Related,2025
2026-01-15 10:50:55.117000,8078824.0,CT0011600,Putnam,Racial Profile,10062,2500004434,Incident ID,2025-05-11 00:00:00,May,W,N,M,27,True,True,PUTNAM,00000 POMFRET ST,  ,  ,V,G,1.0,0,14-296aa(b1st,,False,N,False,False,W,,,,,False,1.0,CT0011600,134129658539997343,2025-05-11 16:42:21.710000,16:42:21.710000,2025,,,Cell Phone,2025
2026-01-15 10:50:55.060000,8078812.0,CT0011600,Putnam,Racial Profile,10052,2500004472,Incident ID,2025-05-12 00:00:00,May,W,N,F,25,True,False,PUTNAM,00000 SABIN ST,  ,  ,V,G,1.0,0,14-218a,,False,N,False,False,W,,,,,False,1.0,CT0011600,134129658539997343,2025-05-12 16:30:55.570000,16:30:55.570000,2025,,,Speed Related,2025
2026-01-15 10:50:54.923000,8078777.0,CT0011600,Putnam,Racial Profile,10023,2500004498,Incident ID,2025-05-13 00:00:00,May,W,N,F,67,True,True,PUTNAM,kennedy dr,  ,  ,V,G,1.0,0,14-18(a),,False,N,False,False,V,,,,,False,1.0,CT0011600,134129658539997343,2025-05-13 12:54:58.047000,12:54:58.047000,2025,,,Display of Plates,2025
2026-01-15 10:50:55.013000,8078800.0,CT0011600,Putnam,Racial Profile,10027,2500004507,Incident ID,2025-05-13 00:00:00,May,W,N,F,52,True,False,PUTNAM,00188 SABIN ST,  ,  ,V,B,1.0,0,14-218a,,False,N,False,False,W,,,,,False,1.0,CT0011600,134129658539997343,2025-05-13 16:26:27.907000,16:26:27.907000,2025,,,Speed Related,2025
2026-01-15 10:50:55.070000,8078814.0,CT0011600,Putnam,Racial Profile,10052,2500004506,Incident ID,2025-05-13 00:00:00,May,W,N,M,46,True,False,PUTNAM,00000 KENNEDY DR,  ,  ,V,G,1.0,0,14-299,,False,N,False,False,W,,,,,False,1.0,CT0011600,134129658539997343,2025-05-13 16:25:59.810000,16:25:59.810000,2025,,,Traffic Control Signal,2025
2026-01-15 10:50:55.193000,8078839.0,CT0011600,Putnam,Racial Profile,1000192,2500004489,Incident ID,2025-05-13 00:00:00,May,W,N,M,22,True,False,Putnam              , POMFRET STREET ,  ,  ,V,G,1.0,0,14-218a,,False,N,False,False,W,,,,,False,1.0,CT0011600,134129658539997343,2025-05-13 02:55:28.127000,02:55:28.127000,2025,,,Speed Related,2025
2026-01-15 10:50:54.917000,8078775.0,CT0011600,Putnam,Racial Profile,10023,2500004495,Incident ID,2025-05-13 00:00:00,May,W,N,M,33,True,True,PUTNAM,00000 PROVIDENCE ST,  ,  ,V,G,1.0,0,14-299,,False,N,False,False,W,,,,,False,1.0,CT0011600,134129658539997343,2025-05-13 11:24:05.237000,11:24:05.237000,2025,,,Traffic Control Signal,2025
2026-01-15 10:50:54.920000,8078776.0,CT0011600,Putnam,Racial Profile,10023,2500004497,Incident ID,2025-05-13 00:00:00,May,W,N,F,50,True,False,PUTNAM,woodstock ave west,  ,  ,V,G,1.0,0,14-218(a),,False,N,False,False,V,,,,,False,1.0,CT0011600,134129658539997343,2025-05-13 12:43:03.197000,12:43:03.197000,2025,,,Speed Related,2025
2026-01-15 10:50:54.930000,8078778.0,CT0011600,Putnam,Racial Profile,10023,2500004499,Incident ID,2025-05-13 00:00:00,May,W,N,M,43,True,False,PUTNAM,00000 WOODSTOCK AVE WEST ,  ,  ,V,G,1.0,0,14-218a,,False,N,False,False,W,,,,,False,1.0,CT0011600,134129658539997343,2025-05-13 13:48:44.510000,13:48:44.510000,2025,,,Speed Related,2025
2026-01-15 10:50:55.020000,8078802.0,CT0011600,Putnam,Racial Profile,10027,2500004513,Incident ID,2025-05-13 00:00:00,May,W,N,F,44,True,True,PUTNAM,chucrch  st,  ,  ,V,B,1.0,0,14-218a,,False,N,False,False,W,,,,,False,1.0,CT0011600,134129658539997343,2025-05-13 17:49:00.243000,17:49:00.243000,2025,,,Speed Related,2025
2026-01-15 10:50:55.067000,8078813.0,CT0011600,Putnam,Racial Profile,10052,2500004505,Incident ID,2025-05-13 00:00:00,May,W,N,M,39,True,False,PUTNAM,00000 POMFRET ST,  ,  ,V,G,1.0,0,14-296aa(b1st,,False,N,False,False,W,,,,,False,1.0,CT0011600,134129658539997343,2025-05-13 16:08:31.367000,16:08:31.367000,2025,,,Cell Phone,2025
2026-01-15 10:50:55.020000,8078801.0,CT0011600,Putnam,Racial Profile,10027,2500004510,Incident ID,2025-05-13 00:00:00,May,W,H,M,31,True,False,PUTNAM,00480 CHURCH ST,  ,  ,V,B,1.0,0,14-218a,,False,N,False,False,W,,,,,False,1.0,CT0011600,134129658539997343,2025-05-13 17:20:10.067000,17:20:10.067000,2025,,,Speed Related,2025
2026-01-15 10:50:55.133000,8078827.0,CT0011600,Putnam,Racial Profile,10062,2500004508,Incident ID,2025-05-13 00:00:00,May,W,N,M,58,True,False,PUTNAM,00000 SCHOOL ST,  ,  ,V,G,1.0,0,14-296aa(b1st,,False,N,False,False,W,,,,,False,1.0,CT0011600,134129658539997343,2025-05-13 17:01:21.430000,17:01:21.430000,2025,,,Cell Phone,2025
2026-01-15 10:50:54.937000,8078779.0,CT0011600,Putnam,Racial Profile,10023,2500004501,Incident ID,2025-05-13 00:00:00,May,W,N,M,66,True,True,PUTNAM,00000 WOODSTOCK AVE WEST ,  ,  ,V,G,1.0,0,14-218a,,False,N,False,True,W,,,,,False,1.0,CT0011600,134129658539997343,2025-05-13 14:09:53.530000,14:09:53.530000,2025,,,Speed Related,2025
2026-01-15 10:50:55.073000,8078815.0,CT0011600,Putnam,Racial Profile,10052,2500004509,Incident ID,2025-05-13 00:00:00,May,W,H,M,38,True,True,PUTNAM,00000 PROVIDENCE ST,  ,  ,V,G,1.0,0,14-296aa,,False,N,False,False,W,,,,,False,1.0,CT0011600,134129658539997343,2025-05-13 17:17:55.793000,17:17:55.793000,2025,,,Cell Phone,2025
2026-01-15 10:50:55.130000,8078826.0,CT0011600,Putnam,Racial Profile,10062,2500004504,Incident ID,2025-05-13 00:00:00,May,W,N,M,53,True,False,PUTNAM,00000 POMFRET ST,  ,  ,E,G,2.0,0,14-96c,,False,N,False,False,W,,,,,False,1.0,CT0011600,134129658539997343,2025-05-13 15:57:09.273000,15:57:09.273000,2025,,,Defective Lights,2025
2026-01-15 10:50:54.543000,8078727.0,CT0011600,Putnam,Racial Profile,10014,2500004534,Incident ID,2025-05-14 00:00:00,May,W,N,M,47,True,True,PUTNAM,00000 KENNEDY DR,  ,  ,V,G,1.0,0,14-218a,,False,N,False,False,W,,,,,False,1.0,CT0011600,134129658539997343,2025-05-14 08:06:23.900000,08:06:23.900000,2025,,,Speed Related,2025
2026-01-15 10:50:54.957000,8078782.0,CT0011600,Putnam,Racial Profile,10023,2500004541,Incident ID,2025-05-14 00:00:00,May,W,N,M,61,False,False,PUTNAM,00000 KENNEDY DR,  ,  ,V,G,1.0,0,14-218a,,False,N,False,False,W,,,,,False,1.0,CT0011600,134129658539997343,2025-05-14 13:34:23.503000,13:34:23.503000,2025,,,Speed Related,2025
2026-01-15 10:50:54.960000,8078783.0,CT0011600,Putnam,Racial Profile,10023,2500004542,Incident ID,2025-05-14 00:00:00,May,W,N,F,54,True,False,PUTNAM,kennedy druve,  ,  ,V,G,1.0,0,14-218(a),,False,N,False,False,W,,,,,False,1.0,CT0011600,134129658539997343,2025-05-14 13:51:16.470000,13:51:16.470000,2025,,,Speed Related,2025
2026-01-15 10:50:54.967000,8078784.0,CT0011600,Putnam,Racial Profile,10023,2500004544,Incident ID,2025-05-14 00:00:00,May,W,N,F,60,True,False,PUTNAM,00000 PROVIDENCE ST,  ,  ,V,G,2.0,0,14-218a,,False,N,False,False,W,,,,,False,1.0,CT0011600,134129658539997343,2025-05-14 15:14:26.247000,15:14:26.247000,2025,,,Speed Related,2025
2026-01-15 10:50:54.973000,8078786.0,CT0011600,Putnam,Racial Profile,10023,2500004546,Incident ID,2025-05-14 00:00:00,May,W,N,M,23,True,False,PUTNAM,00000 KENNEDY DR,  ,  ,V,G,1.0,0,14-218a,,False,N,False,False,W,,,,,False,1.0,CT0011600,134129658539997343,2025-05-14 15:44:22.067000,15:44:22.067000,2025,,,Speed Related,2025
2026-01-15 10:50:54.970000,8078785.0,CT0011600,Putnam,Racial Profile,10023,2500004545,Incident ID,2025-05-14 00:00:00,May,W,N,M,57,True,False,PUTNAM,00000 KENNEDY DR,  ,  ,V,G,1.0,0,14-218,,False,N,False,False,W,,,,,False,1.0,CT0011600,134129658539997343,2025-05-14 15:33:08.360000,15:33:08.360000,2025,,,Speed Related,2025
2026-01-15 10:50:54.977000,8078787.0,CT0011600,Putnam,Racial Profile,10023,2500004547,Incident ID,2025-05-14 00:00:00,May,W,N,M,50,True,False,PUTNAM,00000 KENNEDY DR,  ,  ,V,G,1.0,0,14-218a,,False,N,False,False,W,,,,,False,1.0,CT0011600,134129658539997343,2025-05-14 17:22:59.193000,17:22:59.193000,2025,,,Speed Related,2025
2026-01-15 10:50:54.943000,8078780.0,CT0011600,Putnam,Racial Profile,10023,2500004537,Incident ID,2025-05-14 00:00:00,May,W,N,F,17,True,False,PUTNAM,00000 KENNEDY DR,  ,  ,V,G,1.0,0,14-218a,,False,N,False,False,W,,,,,False,1.0,CT0011600,134129658539997343,2025-05-14 11:56:11.813000,11:56:11.813000,2025,,,Speed Related,2025
2026-01-15 10:50:54.980000,8078789.0,CT0011600,Putnam,Racial Profile,10023,2500004549,Incident ID,2025-05-14 00:00:00,May,W,N,M,62,True,False,PUTNAM,00000 KENNEDY DR,  ,  ,V,G,1.0,0,14-218a,,False,N,False,False,W,,,,,False,1.0,CT0011600,134129658539997343,2025-05-14 18:16:32.293000,18:16:32.293000,2025,14-218a,,Speed Related,2025
2026-01-15 10:50:54.547000,8078728.0,CT0011600,Putnam,Racial Profile,10014,2500004538,Incident ID,2025-05-14 00:00:00,May,W,N,M,87,True,False,PUTNAM, FRONT ST/MAIN ST,  ,  ,V,G,1.0,0,14-299,,False,N,False,False,W,,,,,False,1.0,CT0011600,134129658539997343,2025-05-14 12:00:14.593000,12:00:14.593000,2025,,,Traffic Control Signal,2025
2026-01-15 10:50:54.953000,8078781.0,CT0011600,Putnam,Racial Profile,10023,2500004540,Incident ID,2025-05-14 00:00:00,May,W,N,F,26,True,True,PUTNAM,00000 KENNEDY DR,  ,  ,V,G,1.0,0,14-218a,,False,N,False,False,W,,,,,False,1.0,CT0011600,134129658539997343,2025-05-14 13:18:05.830000,13:18:05.830000,2025,,,Speed Related,2025
2026-01-15 10:50:54.980000,8078788.0,CT0011600,Putnam,Racial Profile,10023,2500004548,Incident ID,2025-05-14 00:00:00,May,W,N,M,47,True,False,PUTNAM,00000 WOODSTOCK AVE WEST ,  ,  ,V,G,1.0,0,14-218a,,False,N,False,False,W,,,,,False,1.0,CT0011600,134129658539997343,2025-05-14 17:53:39.640000,17:53:39.640000,2025,,,Speed Related,2025
2026-01-15 10:50:55.140000,8078829.0,CT0011600,Putnam,Racial Profile,10062,2500004601,Incident ID,2025-05-16 00:00:00,May,W,N,F,61,True,False,PUTNAM,00000 SCHOOL ST,  ,  ,E,G,1.0,0,14-96a(a),,False,N,False,False,W,,,,,False,1.0,CT0011600,134129658539997343,2025-05-16 20:28:06.847000,20:28:06.847000,2025,,,Defective Lights,2025
2026-01-15 10:50:55.147000,8078830.0,CT0011600,Putnam,Racial Profile,10062,2500004603,Incident ID,2025-05-16 00:00:00,May,W,N,M,74,True,False,PUTNAM,00000 POMFRET ST,  ,  ,E,G,1.0,0,14-96a(a),,False,N,False,False,W,,,,,False,1.0,CT0011600,134129658539997343,2025-05-16 21:11:34.393000,21:11:34.393000,2025,,,Defective Lights,2025
2026-01-15 10:50:55.137000,8078828.0,CT0011600,Putnam,Racial Profile,10062,2500004600,Incident ID,2025-05-16 00:00:00,May,W,N,F,24,True,True,PUTNAM,00000 KENNEDY DR,  ,  ,E,G,1.0,0,14-18(a),,False,N,False,False,W,,,,,False,1.0,CT0011600,134129658539997343,2025-05-16 17:51:56.920000,17:51:56.920000,2025,,,Display of Plates,2025
2026-01-15 10:50:55.077000,8078816.0,CT0011600,Putnam,Racial Profile,10052,2500004630,Incident ID,2025-05-17 00:00:00,May,W,N,F,30,False,False,Putnam              , POMFRET STREET ,  ,  ,V,G,1.0,0,14-296aa(b1st,,False,N,False,False,W,,,,,False,1.0,CT0011600,134129658539997343,2025-05-17 19:09:53.553000,19:09:53.553000,2025,,,Cell Phone,2025
2026-01-15 10:50:55.080000,8078817.0,CT0011600,Putnam,Racial Profile,10052,2500004632,Incident ID,2025-05-17 00:00:00,May,W,N,M,22,True,False,PUTNAM, CANAL ST/KENNEDY DR,  ,  ,V,G,1.0,0,14-218a,,False,N,False,False,W,,,,,False,1.0,CT0011600,134129658539997343,2025-05-17 20:02:53.350000,20:02:53.350000,2025,,,Speed Related,2025
2026-01-15 10:50:55.153000,8078831.0,CT0011600,Putnam,Racial Profile,10062,2500004631,Incident ID,2025-05-17 00:00:00,May,W,H,M,18,False,False,PUTNAM,Providence Street,  ,  ,V,G,2.0,0,14-100a(c)(1),,False,N,False,False,I,,,,,False,1.0,CT0011600,134129658539997343,2025-05-17 19:52:39.300000,19:52:39.300000,2025,,,Seatbelt,2025
2026-01-15 10:50:54.553000,8078729.0,CT0011600,Putnam,Racial Profile,10014,2500004677,Incident ID,2025-05-19 00:00:00,May,W,N,F,56,True,False,PUTNAM,00000 KENNEDY DR,  ,  ,V,G,1.0,0,14-218a,,False,N,False,False,W,,,,,False,1.0,CT0011600,134129658539997343,2025-05-19 14:25:33.387000,14:25:33.387000,2025,,,Speed Related,2025
2026-01-15 10:50:55.170000,8078834.0,CT0011600,Putnam,Racial Profile,10100,2500004696,Incident ID,2025-05-20 00:00:00,May,W,N,M,18,True,False,PUTNAM, FRONT STREET ,  ,  ,V,G,1.0,0,14-218a,,False,N,False,False,W,,,,,False,1.0,CT0011600,134129658539997343,2025-05-20 01:02:44.667000,01:02:44.667000,2025,14-218a,,Speed Related,2025
2026-01-15 10:50:54.557000,8078730.0,CT0011600,Putnam,Racial Profile,10014,2500004709,Incident ID,2025-05-20 00:00:00,May,W,N,F,33,True,False,PUTNAM,00000 KENNEDY DR,  ,  ,V,G,1.0,0,14-218a,,False,N,False,False,W,,,,,False,1.0,CT0011600,134129658539997343,2025-05-20 08:05:15.957000,08:05:15.957000,2025,,,Speed Related,2025
2026-01-15 10:50:54.610000,8078736.0,CT0011600,Putnam,Racial Profile,10020,2500004825,Incident ID,2025-05-24 00:00:00,May,W,N,M,57,True,False,PUTNAM,00000 KENNEDY DR,  ,  ,V,G,1.0,0,14-218a,,False,N,False,False,W,,,,,False,1.0,CT0011600,134129658539997343,2025-05-24 11:19:25.930000,11:19:25.930000,2025,,,Speed Related,2025
2026-01-15 10:50:54.670000,8078740.0,CT0011600,Putnam,Racial Profile,10020,2500004829,Incident ID,2025-05-24 00:00:00,May,W,N,F,32,True,True,PUTNAM,00000 GROVE STREET ,  ,  ,V,G,1.0,0,14-218a,,False,N,False,False,W,,,,,False,1.0,CT0011600,134129658539997343,2025-05-24 13:03:54.193000,13:03:54.193000,2025,,,Speed Related,2025
2026-01-15 10:50:54.680000,8078741.0,CT0011600,Putnam,Racial Profile,10020,2500004830,Incident ID,2025-05-24 00:00:00,May,W,N,M,29,True,False,PUTNAM,00000 GROVE STREET ,  ,  ,V,G,1.0,0,14-218a,,False,N,False,False,W,,,,,False,1.0,CT0011600,134129658539997343,2025-05-24 13:46:09.803000,13:46:09.803000,2025,,,Speed Related,2025
2026-01-15 10:50:54.630000,8078737.0,CT0011600,Putnam,Racial Profile,10020,2500004826,Incident ID,2025-05-24 00:00:00,May,W,N,F,64,True,False,PUTNAM,00000 KENNEDY DR,  ,  ,V,G,1.0,0,14-218a,,False,N,False,False,W,,,,,False,1.0,CT0011600,134129658539997343,2025-05-24 11:36:39.603000,11:36:39.603000,2025,,,Speed Related,2025
2026-01-15 10:50:54.640000,8078738.0,CT0011600,Putnam,Racial Profile,10020,2500004827,Incident ID,2025-05-24 00:00:00,May,W,N,M,35,True,False,PUTNAM,00000 KENNEDY DR,  ,  ,V,G,1.0,0,14-218a,,False,N,False,False,W,,,,,False,1.0,CT0011600,134129658539997343,2025-05-24 11:53:18.407000,11:53:18.407000,2025,,,Speed Related,2025
2026-01-15 10:50:54.663000,8078739.0,CT0011600,Putnam,Racial Profile,10020,2500004828,Incident ID,2025-05-24 00:00:00,May,W,N,M,44,True,False,PUTNAM,00000 KENNEDY DR,  ,  ,V,G,1.0,0,14-218a,,False,N,False,False,W,,,,,False,1.0,CT0011600,134129658539997343,2025-05-24 12:22:28.310000,12:22:28.310000,2025,,,Speed Related,2025
2026-01-15 10:50:54.683000,8078742.0,CT0011600,Putnam,Racial Profile,10020,2500004843,Incident ID,2025-05-25 00:00:00,May,W,N,M,42,False,False,PUTNAM,00000 KENNEDY DR,  ,  ,V,G,1.0,0,14-218a,,False,N,False,False,W,,,,,False,1.0,CT0011600,134129658539997343,2025-05-25 11:21:43.613000,11:21:43.613000,2025,,,Speed Related,2025
2026-01-15 10:50:54.707000,8078744.0,CT0011600,Putnam,Racial Profile,10020,2500004845,Incident ID,2025-05-25 00:00:00,May,W,N,F,50,True,False,PUTNAM,00000 KENNEDY DR,  ,  ,V,G,1.0,0,14-218a,,False,N,False,False,W,,,,,False,1.0,CT0011600,134129658539997343,2025-05-25 11:50:57.420000,11:50:57.420000,2025,,,Speed Related,2025
2026-01-15 10:50:54.717000,8078745.0,CT0011600,Putnam,Racial Profile,10020,2500004846,Incident ID,2025-05-25 00:00:00,May,W,N,F,60,False,False,PUTNAM,00000 KENNEDY DR,  ,  ,V,G,1.0,0,14-218a,,False,N,False,False,W,,,,,False,1.0,CT0011600,134129658539997343,2025-05-25 12:07:15.753000,12:07:15.753000,2025,,,Speed Related,2025
2026-01-15 10:50:54.730000,8078747.0,CT0011600,Putnam,Racial Profile,10020,2500004849,Incident ID,2025-05-25 00:00:00,May,W,N,M,21,True,True,PUTNAM,00000 GROVE STREET ST,  ,  ,V,G,1.0,0,14-218a,,False,N,False,False,W,,,,,False,1.0,CT0011600,134129658539997343,2025-05-25 13:23:32.660000,13:23:32.660000,2025,,,Speed Related,2025
2026-01-15 10:50:54.697000,8078743.0,CT0011600,Putnam,Racial Profile,10020,2500004844,Incident ID,2025-05-25 00:00:00,May,W,N,M,51,True,True,PUTNAM,00000 KENNEDY DR,  ,  ,V,G,1.0,0,14-218a,,False,N,False,False,W,,,,,False,1.0,CT0011600,134129658539997343,2025-05-25 11:31:52.917000,11:31:52.917000,2025,,,Speed Related,2025
2026-01-15 10:50:54.723000,8078746.0,CT0011600,Putnam,Racial Profile,10020,2500004847,Incident ID,2025-05-25 00:00:00,May,W,N,M,38,True,True,PUTNAM,00000 GROVE STREET ,  ,  ,V,G,1.0,0,14-218a,,False,N,False,False,W,,,,,False,1.0,CT0011600,134129658539997343,2025-05-25 12:28:41.360000,12:28:41.360000,2025,,,Speed Related,2025
2026-01-15 10:50:54.740000,8078748.0,CT0011600,Putnam,Racial Profile,10020,2500004850,Incident ID,2025-05-25 00:00:00,May,W,N,F,40,True,True,PUTNAM,00000 GROVE STREET ,  ,  ,V,G,1.0,0,14-218a,,False,N,False,False,W,,,,,False,1.0,CT0011600,134129658539997343,2025-05-25 14:01:41.040000,14:01:41.040000,2025,,,Speed Related,2025
2026-01-15 10:50:55.160000,8078832.0,CT0011600,Putnam,Racial Profile,10062,2500004853,Incident ID,2025-05-25 00:00:00,May,W,N,M,46,True,False,Putnam              ,Kennedy Drive ,  ,  ,V,G,1.0,0,14-218a,,False,N,False,False,V,,,,,False,1.0,CT0011600,134129658539997343,2025-05-25 16:51:27.970000,16:51:27.970000,2025,,,Speed Related,2025
2026-01-15 10:50:55.173000,8078835.0,CT0011600,Putnam,Racial Profile,10100,2500004841,Incident ID,2025-05-25 00:00:00,May,B,N,M,19,False,False,PUTNAM, KENNEDY DR,  ,  ,V,G,1.0,0,14-96a(a),,False,N,False,False,W,,,,,False,1.0,CT0011600,134129658539997343,2025-05-25 03:14:16.700000,03:14:16.700000,2025,14-96a(a),,Defective Lights,2025
2026-01-15 10:50:54.780000,8078753.0,CT0011600,Putnam,Racial Profile,10020,2500004873,Incident ID,2025-05-26 00:00:00,May,W,N,F,42,True,True,PUTNAM,00000 KENNEDY DR,  ,  ,V,G,1.0,0,14-218a,,False,N,False,False,W,,,,,False,1.0,CT0011600,134129658539997343,2025-05-26 16:14:49.303000,16:14:49.303000,2025,,,Speed Related,2025
2026-01-15 10:50:54.803000,8078756.0,CT0011600,Putnam,Racial Profile,10020,2500004877,Incident ID,2025-05-26 00:00:00,May,W,N,M,25,False,False,PUTNAM,00000 KENNEDY DR,  ,  ,E,G,1.0,0,14-18(a),,False,N,False,False,W,,,,,False,1.0,CT0011600,134129658539997343,2025-05-26 17:41:23.903000,17:41:23.903000,2025,,,Display of Plates,2025
2026-01-15 10:50:54.753000,8078750.0,CT0011600,Putnam,Racial Profile,10020,2500004868,Incident ID,2025-05-26 00:00:00,May,W,N,F,38,True,False,PUTNAM,00000 KENNEDY DR,  ,  ,V,G,1.0,0,14-218a,,False,N,False,False,W,,,,,False,1.0,CT0011600,134129658539997343,2025-05-26 15:33:23.543000,15:33:23.543000,2025,,,Speed Related,2025
2026-01-15 10:50:54.773000,8078752.0,CT0011600,Putnam,Racial Profile,10020,2500004872,Incident ID,2025-05-26 00:00:00,May,W,N,F,25,True,False,PUTNAM,00000 KENNEDY DR,  ,  ,V,G,1.0,0,14-218a,,False,N,False,False,W,,,,,False,1.0,CT0011600,134129658539997343,2025-05-26 15:56:02.163000,15:56:02.163000,2025,,,Speed Related,2025
2026-01-15 10:50:54.747000,8078749.0,CT0011600,Putnam,Racial Profile,10020,2500004867,Incident ID,2025-05-26 00:00:00,May,W,N,M,71,True,True,PUTNAM,00000 KENNEDY DR,  ,  ,V,G,1.0,0,14-218a,,False,N,False,False,W,,,,,False,1.0,CT0011600,134129658539997343,2025-05-26 15:12:30.450000,15:12:30.450000,2025,,,Speed Related,2025
2026-01-15 10:50:54.763000,8078751.0,CT0011600,Putnam,Racial Profile,10020,2500004870,Incident ID,2025-05-26 00:00:00,May,W,N,F,59,True,False,PUTNAM,00000 KENNEDY DR,  ,  ,V,G,1.0,0,14-218a,,False,N,False,False,W,,,,,False,1.0,CT0011600,134129658539997343,2025-05-26 15:43:59.217000,15:43:59.217000,2025,,,Speed Related,2025
2026-01-15 10:50:54.793000,8078755.0,CT0011600,Putnam,Racial Profile,10020,2500004876,Incident ID,2025-05-26 00:00:00,May,W,N,F,49,True,True,PUTNAM,00000 KENNEDY DR,  ,  ,V,G,1.0,0,14-218a,,False,N,False,False,W,,,,,False,1.0,CT0011600,134129658539997343,2025-05-26 17:09:57.613000,17:09:57.613000,2025,,,Speed Related,2025
2026-01-15 10:50:54.787000,8078754.0,CT0011600,Putnam,Racial Profile,10020,2500004874,Incident ID,2025-05-26 00:00:00,May,W,N,F,38,True,False,PUTNAM,00000 GROVE STREET ST,  ,  ,V,G,1.0,0,14-218a,,False,N,False,False,W,,,,,False,1.0,CT0011600,134129658539997343,2025-05-26 16:38:40.290000,16:38:40.290000,2025,,,Speed Related,2025
2026-01-15 10:50:54.810000,8078757.0,CT0011600,Putnam,Racial Profile,10020,2500004899,Incident ID,2025-05-27 00:00:00,May,W,N,M,35,False,False,PUTNAM,kennedy dr,  ,  ,V,G,1.0,0,14-218a,,False,N,False,False,W,,,,,False,1.0,CT0011600,134129658539997343,2025-05-27 11:25:07.543000,11:25:07.543000,2025,,,Speed Related,2025
2026-01-15 10:50:54.827000,8078759.0,CT0011600,Putnam,Racial Profile,10020,2500004904,Incident ID,2025-05-27 00:00:00,May,B,N,M,27,True,False,PUTNAM,00000 KENNEDY DR,  ,  ,V,G,1.0,0,14-218a,,False,N,False,False,W,,,,,False,1.0,CT0011600,134129658539997343,2025-05-27 12:02:54.260000,12:02:54.260000,2025,,,Speed Related,2025
2026-01-15 10:50:54.830000,8078760.0,CT0011600,Putnam,Racial Profile,10020,2500004905,Incident ID,2025-05-27 00:00:00,May,W,N,M,38,False,False,PUTNAM,00000 KENNEDY DR,  ,  ,V,G,1.0,0,14-218a,,False,N,False,False,W,,,,,False,1.0,CT0011600,134129658539997343,2025-05-27 12:16:13.883000,12:16:13.883000,2025,,,Speed Related,2025
2026-01-15 10:50:55.010000,8078798.0,CT0011600,Putnam,Racial Profile,10023,2500004923,Incident ID,2025-05-27 00:00:00,May,W,N,M,31,True,False,PUTNAM,00000 WEST THOMPSON RD,  ,  ,V,G,1.0,0,14-218a,,False,N,False,False,W,,,,,False,1.0,CT0011600,134129658539997343,2025-05-27 17:42:09.330000,17:42:09.330000,2025,,,Speed Related,2025
2026-01-15 10:50:54.857000,8078764.0,CT0011600,Putnam,Racial Profile,10020,2500004912,Incident ID,2025-05-27 00:00:00,May,W,N,M,30,True,True,PUTNAM,00000 GROVE STREET ST,  ,  ,V,G,1.0,0,14-218a,,False,N,False,False,W,,,,,False,1.0,CT0011600,134129658539997343,2025-05-27 13:53:08.340000,13:53:08.340000,2025,,,Speed Related,2025
2026-01-15 10:50:54.990000,8078791.0,CT0011600,Putnam,Racial Profile,10023,2500004903,Incident ID,2025-05-27 00:00:00,May,W,N,M,66,True,True,PUTNAM,00000 WEST THOMPSON RD,  ,  ,V,G,1.0,0,14-296aa(b1st,,False,N,False,False,W,,,,,False,1.0,CT0011600,134129658539997343,2025-05-27 12:02:14.810000,12:02:14.810000,2025,,,Cell Phone,2025
2026-01-15 10:50:54.993000,8078793.0,CT0011600,Putnam,Racial Profile,10023,2500004908,Incident ID,2025-05-27 00:00:00,May,W,N,M,65,True,False,PUTNAM,west thomspson ave,  ,  ,V,G,1.0,0,14-218(a),,False,N,False,False,W,,,,,False,1.0,CT0011600,134129658539997343,2025-05-27 12:39:49,12:39:49,2025,,,Speed Related,2025
2026-01-15 10:50:54.997000,8078794.0,CT0011600,Putnam,Racial Profile,10023,2500004911,Incident ID,2025-05-27 00:00:00,May,W,N,M,58,True,False,PUTNAM,00000 SCHOOL ST,  ,  ,V,G,1.0,1,14-218a,,False,N,False,False,W,,,,,False,1.0,CT0011600,134129658539997343,2025-05-27 13:45:18.243000,13:45:18.243000,2025,,,Speed Related,2025
2026-01-15 10:50:55.003000,8078796.0,CT0011600,Putnam,Racial Profile,10023,2500004920,Incident ID,2025-05-27 00:00:00,May,W,N,F,92,True,False,PUTNAM, WOODSTOCK AVE WEST ,  ,  ,V,G,1.0,0,14-218a,,False,N,False,False,W,,,,,False,1.0,CT0011600,134129658539997343,2025-05-27 15:35:51.557000,15:35:51.557000,2025,,,Speed Related,2025
2026-01-15 10:50:55.007000,8078797.0,CT0011600,Putnam,Racial Profile,10023,2500004921,Incident ID,2025-05-27 00:00:00,May,W,N,M,28,True,False,PUTNAM,woodstock ave west,  ,  ,V,G,1.0,0,14-218a,,False,N,False,False,W,,,,,False,1.0,CT0011600,134129658539997343,2025-05-27 15:58:24.020000,15:58:24.020000,2025,,,Speed Related,2025
2026-01-15 10:50:55.010000,8078799.0,CT0011600,Putnam,Racial Profile,10023,2500004924,Incident ID,2025-05-27 00:00:00,May,W,N,F,27,False,False,PUTNAM,00000 WEST THOMPSON RD,  ,  ,V,G,1.0,0,14-218a,,False,N,False,False,W,,,,,False,1.0,CT0011600,134129658539997343,2025-05-27 17:56:01.997000,17:56:01.997000,2025,,,Speed Related,2025
2026-01-15 10:50:54.817000,8078758.0,CT0011600,Putnam,Racial Profile,10020,2500004901,Incident ID,2025-05-27 00:00:00,May,W,N,F,27,True,False,PUTNAM,00000 KENNEDY DR,  ,  ,V,G,1.0,0,14-218a,,False,N,False,False,W,,,,,False,1.0,CT0011600,134129658539997343,2025-05-27 11:47:52.573000,11:47:52.573000,2025,,,Speed Related,2025
2026-01-15 10:50:54.853000,8078763.0,CT0011600,Putnam,Racial Profile,10020,2500004910,Incident ID,2025-05-27 00:00:00,May,W,N,F,63,True,False,PUTNAM,00000 GROVE STREET ST,  ,  ,V,G,1.0,0,14-218a,,False,N,False,False,W,,,,,False,1.0,CT0011600,134129658539997343,2025-05-27 13:15:11.847000,13:15:11.847000,2025,,,Speed Related,2025
2026-01-15 10:50:54.987000,8078790.0,CT0011600,Putnam,Racial Profile,10023,2500004902,Incident ID,2025-05-27 00:00:00,May,W,N,F,32,True,False,PUTNAM,woodstock ave west,  ,  ,V,G,1.0,0,14-218a,,False,N,False,False,W,,,,,False,1.0,CT0011600,134129658539997343,2025-05-27 11:47:58.777000,11:47:58.777000,2025,,,Speed Related,2025
2026-01-15 10:50:54.990000,8078792.0,CT0011600,Putnam,Racial Profile,10023,2500004906,Incident ID,2025-05-27 00:00:00,May,W,N,F,65,True,True,PUTNAM,00000 WOODSTOCK AVE WEST ,  ,  ,V,G,1.0,0,14-218a,,False,N,False,False,W,,,,,False,1.0,CT0011600,134129658539997343,2025-05-27 12:19:59.400000,12:19:59.400000,2025,,,Speed Related,2025
2026-01-15 10:50:54.840000,8078761.0,CT0011600,Putnam,Racial Profile,10020,2500004907,Incident ID,2025-05-27 00:00:00,May,W,N,F,49,True,False,PUTNAM,00000 KENNEDY DR,  ,  ,V,G,1.0,0,14-218a,,False,N,False,False,W,,,,,False,1.0,CT0011600,134129658539997343,2025-05-27 12:38:10.010000,12:38:10.010000,2025,,,Speed Related,2025
2026-01-15 10:50:54.847000,8078762.0,CT0011600,Putnam,Racial Profile,10020,2500004909,Incident ID,2025-05-27 00:00:00,May,B,N,M,48,True,True,PUTNAM,00000 GROVE STREET ST,  ,  ,V,G,1.0,0,14-218a,,False,N,False,False,W,,,,,False,1.0,CT0011600,134129658539997343,2025-05-27 13:00:45.367000,13:00:45.367000,2025,,,Speed Related,2025
2026-01-15 10:50:55,8078795.0,CT0011600,Putnam,Racial Profile,10023,2500004917,Incident ID,2025-05-27 00:00:00,May,W,N,M,49,True,True,PUTNAM, WOODSTOCK AVE WEST ,  ,  ,V,G,1.0,0,14-218a,,False,N,False,False,W,,,,,False,1.0,CT0011600,134129658539997343,2025-05-27 15:25:35.197000,15:25:35.197000,2025,,,Speed Related,2025
2026-01-15 10:50:55.190000,8078838.0,CT0011600,Putnam,Racial Profile,10113,2500004957,Incident ID,2025-05-28 00:00:00,May,W,N,M,47,True,False,Putnam              ,wicker st,  ,  ,V,G,2.0,0,14-12(a)*,,False,N,False,False,I,,,,,False,1.0,CT0011600,134129658539997343,2025-05-28 17:06:48.877000,17:06:48.877000,2025,,,Registration,2025
2026-01-15 10:50:55.083000,8078818.0,CT0011600,Putnam,Racial Profile,10052,2500004985,Incident ID,2025-05-29 00:00:00,May,W,N,M,19,True,False,PUTNAM,School Street,  ,  ,V,G,1.0,0,14-80(c),,False,N,False,False,V,,,,,False,1.0,CT0011600,134129658539997343,2025-05-29 14:21:25.510000,14:21:25.510000,2025,,,Equipment Violation,2025
2026-01-15 10:50:55.040000,8078807.0,CT0011600,Putnam,Racial Profile,10027,2500005015,Incident ID,2025-05-30 00:00:00,May,W,N,M,17,True,False,PUTNAM,00022 SABIN ST,  ,  ,V,B,1.0,0,14-218a,,False,N,False,False,W,,,,,False,1.0,CT0011600,134129658539997343,2025-05-30 17:34:14.210000,17:34:14.210000,2025,,,Speed Related,2025
2026-01-15 10:50:55.043000,8078808.0,CT0011600,Putnam,Racial Profile,10027,2500005017,Incident ID,2025-05-30 00:00:00,May,W,N,F,29,False,False,PUTNAM,00354 SABIN ST,  ,  ,V,B,1.0,0,14-218a,,False,N,False,False,W,,,,,False,1.0,CT0011600,134129658539997343,2025-05-30 18:17:05.070000,18:17:05.070000,2025,,,Speed Related,2025
2026-01-15 10:50:55.047000,8078809.0,CT0011600,Putnam,Racial Profile,10027,2500005019,Incident ID,2025-05-30 00:00:00,May,W,N,F,49,True,False,PUTNAM,00297 SABIN ST,  ,  ,V,B,1.0,0,14-218a,,False,N,False,False,W,,,,,False,1.0,CT0011600,134129658539997343,2025-05-30 18:36:01.980000,18:36:01.980000,2025,,,Speed Related,2025
2026-01-15 10:50:55.023000,8078803.0,CT0011600,Putnam,Racial Profile,10027,2500005010,Incident ID,2025-05-30 00:00:00,May,W,N,F,19,True,False,PUTNAM,00188 SABIN ST,  ,  ,V,B,1.0,0,14-218a,,False,N,False,False,W,,,,,False,1.0,CT0011600,134129658539997343,2025-05-30 15:23:41.633000,15:23:41.633000,2025,,,Speed Related,2025
2026-01-15 10:50:55.033000,8078805.0,CT0011600,Putnam,Racial Profile,10027,2500005012,Incident ID,2025-05-30 00:00:00,May,W,N,F,20,True,False,PUTNAM,sabin,  ,  ,V,B,1.0,0,14-218a,,False,N,False,False,W,,,,,False,1.0,CT0011600,134129658539997343,2025-05-30 16:03:52.490000,16:03:52.490000,2025,,,Speed Related,2025
2026-01-15 10:50:55.037000,8078806.0,CT0011600,Putnam,Racial Profile,10027,2500005014,Incident ID,2025-05-30 00:00:00,May,W,N,F,41,True,False,PUTNAM,00000 SABIN ST,  ,  ,V,B,1.0,0,14-218a,,False,N,False,False,W,,,,,False,1.0,CT0011600,134129658539997343,2025-05-30 17:24:13.457000,17:24:13.457000,2025,,,Speed Related,2025
2026-01-15 10:50:55.030000,8078804.0,CT0011600,Putnam,Racial Profile,10027,2500005011,Incident ID,2025-05-30 00:00:00,May,W,N,F,48,True,True,PUTNAM,sabin st,  ,  ,V,B,1.0,0,14-218a,,False,N,False,False,W,,,,,False,1.0,CT0011600,134129658539997343,2025-05-30 15:49:12.017000,15:49:12.017000,2025,,,Speed Related,2025
2026-01-15 10:50:55.180000,8078836.0,CT0011600,Putnam,Racial Profile,10100,2500005031,Incident ID,2025-05-31 00:00:00,May,W,H,M,22,False,False,PUTNAM,south main st,  ,  ,V,G,1.0,0,14-299,,False,N,False,False,W,,,,,False,1.0,CT0011600,134129658539997343,2025-05-31 01:00:34.630000,01:00:34.630000,2025,14-299,,Traffic Control Signal,2025
2026-01-15 10:50:55.197000,8078840.0,CT0011600,Putnam,Racial Profile,1000192,2500005033,Incident ID,2025-05-31 00:00:00,May,W,N,M,22,False,False,PUTNAM,School St,  ,  ,V,G,1.0,0,14-96a(a),,False,N,False,False,V,,,,,False,1.0,CT0011600,134129658539997343,2025-05-31 01:39:15.480000,01:39:15.480000,2025,,,Defective Lights,2025
2026-01-15 10:55:37.020000,8078993.0,CT0011600,Putnam,Racial Profile,10062,2500005081,Incident ID,2025-06-02 00:00:00,June,W,N,M,20,True,False,PUTNAM,Providence ST,  ,  ,V,G,1.0,0,14-218a*,,False,N,False,False,W,,,,,False,1.0,CT0011600,134129661365944728,2025-06-02 01:49:33.937000,01:49:33.937000,2025,,,Speed Related,2025
2026-01-15 10:55:37.023000,8078994.0,CT0011600,Putnam,Racial Profile,10062,2500005097,Incident ID,2025-06-02 00:00:00,June,W,N,F,31,True,True,PUTNAM,Church ST,  ,  ,E,G,1.0,0,14-96a(a),,False,N,False,False,V,,,,,False,1.0,CT0011600,134129661365944728,2025-06-02 20:58:13.727000,20:58:13.727000,2025,,,Defective Lights,2025
2026-01-15 10:55:37.013000,8078992.0,CT0011600,Putnam,Racial Profile,10062,2500005081,Incident ID,2025-06-02 00:00:00,June,W,N,M,20,True,False,PUTNAM,00000 POMFRET ST,  ,  ,V,G,1.0,0,14-218a,,False,N,False,False,W,,,,,False,1.0,CT0011600,134129661365944728,2025-06-02 01:49:33.937000,01:49:33.937000,2025,,,Speed Related,2025
2026-01-15 10:55:37.030000,8078995.0,CT0011600,Putnam,Racial Profile,10062,2500005121,Incident ID,2025-06-03 00:00:00,June,A,N,M,19,True,False,PUTNAM,00000 PROVIDENCE ST,  ,  ,V,G,1.0,0,14-296aa(b1st,,False,N,False,False,W,,,,,False,1.0,CT0011600,134129661365944728,2025-06-03 18:40:23.467000,18:40:23.467000,2025,,,Cell Phone,2025
2026-01-15 10:55:37.220000,8079016.0,CT0011600,Putnam,Racial Profile,1000192,2500005148,Incident ID,2025-06-04 00:00:00,June,W,N,F,19,True,False,PUTNAM,00000 SABIN ST,  ,  ,V,G,1.0,0,14-218a,,False,N,False,False,W,,,,,False,1.0,CT0011600,134129661365944728,2025-06-04 10:15:32.040000,10:15:32.040000,2025,,,Speed Related,2025
2026-01-15 10:55:37.140000,8079007.0,CT0011600,Putnam,Racial Profile,10098,2500005160,Incident ID,2025-06-04 00:00:00,June,W,N,F,24,True,False,PUTNAM, CANAL ST/KENNEDY DR,  ,  ,V,B,1.0,0,14-218a,,False,N,False,False,W,,,,,False,1.0,CT0011600,134129661365944728,2025-06-04 23:33:47.010000,23:33:47.010000,2025,,,Speed Related,2025
2026-01-15 10:55:36.960000,8078981.0,CT0011600,Putnam,Racial Profile,10014,2500005252,Incident ID,2025-06-08 00:00:00,June,W,N,F,22,True,False,PUTNAM,00000 WOODSTOCK AVE,  ,  ,V,G,1.0,0,14-218a,,False,N,False,False,W,,,,,False,1.0,CT0011600,134129661365944728,2025-06-08 07:00:36.810000,07:00:36.810000,2025,,,Speed Related,2025
2026-01-15 10:55:37.037000,8078996.0,CT0011600,Putnam,Racial Profile,10062,2500005276,Incident ID,2025-06-09 00:00:00,June,W,N,F,24,True,False,Putnam              , KENNEDY DRIVE ,  ,  ,V,G,1.0,0,14-301,,False,N,False,False,W,,,,,False,1.0,CT0011600,134129661365944728,2025-06-09 04:52:12.610000,04:52:12.610000,2025,,,Stop Sign,2025
2026-01-15 10:55:37.163000,8079008.0,CT0011600,Putnam,Racial Profile,10100,2500005404,Incident ID,2025-06-14 00:00:00,June,W,N,M,30,True,True,PUTNAM,00203 KENNEDY DR,  ,  ,V,G,1.0,0,14-301,,False,N,False,False,W,,,,,False,1.0,CT0011600,134129661365944728,2025-06-14 09:09:55.813000,09:09:55.813000,2025,14-301,,Stop Sign,2025
2026-01-15 10:55:37.230000,8079017.0,CT0011600,Putnam,Racial Profile,1000192,2500005487,Incident ID,2025-06-17 00:00:00,June,W,N,F,33,True,False,PUTNAM,Sabin St,  ,  ,V,G,1.0,0,14-218a,,False,N,False,False,V,,,,,False,1.0,CT0011600,134129661365944728,2025-06-17 16:51:38.837000,16:51:38.837000,2025,,,Speed Related,2025
2026-01-15 10:55:37.103000,8079003.0,CT0011600,Putnam,Racial Profile,10079,2500005492,Incident ID,2025-06-18 00:00:00,June,W,N,M,36,True,False,PUTNAM,school street,  ,  ,E,B,1.0,0,14-96b,,False,N,False,False,V,,,,,False,1.0,CT0011600,134129661365944728,2025-06-18 00:44:47.367000,00:44:47.367000,2025,,,Defective Lights,2025
2026-01-15 10:55:37.110000,8079004.0,CT0011600,Putnam,Racial Profile,10079,2500005544,Incident ID,2025-06-19 00:00:00,June,W,N,F,17,True,False,PUTNAM,Providence at Marshall,  ,  ,E,B,1.0,0,14-96b1,,False,N,False,False,V,,,,,False,1.0,CT0011600,134129661365944728,2025-06-19 23:54:22.020000,23:54:22.020000,2025,,,Other,2025
2026-01-15 10:55:37.173000,8079009.0,CT0011600,Putnam,Racial Profile,10100,2500005569,Incident ID,2025-06-20 00:00:00,June,W,N,M,19,True,False,PUTNAM,providence st,  ,  ,I,G,1.0,0,14-218a,,False,N,False,False,W,,,,,False,1.0,CT0011600,134129661365944728,2025-06-20 21:45:34.173000,21:45:34.173000,2025,,,Speed Related,2025
2026-01-15 10:55:37.067000,8078999.0,CT0011600,Putnam,Racial Profile,10067,2500005554,Incident ID,2025-06-20 00:00:00,June,W,N,F,42,False,False,PUTNAM,WOODSTOCK AVE ,  ,  ,V,G,1.0,0,14-296aa(b),,False,N,False,False,V,,,,,False,1.0,CT0011600,134129661365944728,2025-06-20 09:53:45.987000,09:53:45.987000,2025,14-296aa(b),,Cell Phone,2025
2026-01-15 10:55:36.980000,8078987.0,CT0011600,Putnam,Racial Profile,10052,2500005588,Incident ID,2025-06-21 00:00:00,June,B,N,M,40,True,False,PUTNAM,Grove Street,  ,  ,I,G,1.0,0,22a-250(c),,False,N,False,False,N,,,,,False,1.0,CT0011600,134129661365944728,2025-06-21 01:21:39.703000,01:21:39.703000,2025,,,Other,2025
2026-01-15 10:55:36.987000,8078988.0,CT0011600,Putnam,Racial Profile,10052,2500005607,Incident ID,2025-06-21 00:00:00,June,W,N,M,38,True,False,Putnam              ,River Road,  ,  ,V,G,1.0,0,14-12a,,False,N,False,False,I,,,,,False,1.0,CT0011600,134129661365944728,2025-06-21 20:38:45.220000,20:38:45.220000,2025,,,Registration,2025
2026-01-15 10:55:37.043000,8078997.0,CT0011600,Putnam,Racial Profile,10062,2500005619,Incident ID,2025-06-22 00:00:00,June,W,N,M,45,True,False,PUTNAM,00000 POMFRET ST,  ,  ,E,G,1.0,0,14-96a(a),,False,N,False,False,W,,,,,False,1.0,CT0011600,134129661365944728,2025-06-22 00:19:39,00:19:39,2025,,,Defective Lights,2025
2026-01-15 10:55:37.123000,8079005.0,CT0011600,Putnam,Racial Profile,10079,2500005680,Incident ID,2025-06-23 00:00:00,June,W,N,F,57,True,True,PUTNAM,Providence St. at town hall,  ,  ,E,B,1.0,0,14-96b,,False,N,False,False,V,,,,,False,1.0,CT0011600,134129661365944728,2025-06-23 22:43:33.650000,22:43:33.650000,2025,,,Defective Lights,2025
2026-01-15 10:55:36.963000,8078982.0,CT0011600,Putnam,Racial Profile,10014,2500005695,Incident ID,2025-06-24 00:00:00,June,W,N,M,62,True,True,PUTNAM,00025 GILMAN ST,  ,  ,V,G,1.0,0,14-96e,,False,N,False,False,W,,,,,False,1.0,CT0011600,134129661365944728,2025-06-24 07:54:23.117000,07:54:23.117000,2025,,,Defective Lights,2025
2026-01-15 10:55:37.080000,8079001.0,CT0011600,Putnam,Racial Profile,10067,2500005729,Incident ID,2025-06-25 00:00:00,June,W,N,F,38,True,False,PUTNAM,sabin st ,  ,  ,V,G,1.0,0,14-301,,False,N,False,False,V,,,,,False,1.0,CT0011600,134129661365944728,2025-06-25 11:07:38.460000,11:07:38.460000,2025,14-301,,Stop Sign,2025
2026-01-15 10:55:36.993000,8078989.0,CT0011600,Putnam,Racial Profile,10052,2500005737,Incident ID,2025-06-25 00:00:00,June,W,N,M,33,True,True,PUTNAM,00000 PROVIDENCE ST,  ,  ,V,G,1.0,0,14-218a,,False,N,False,False,W,,,,,False,1.0,CT0011600,134129661365944728,2025-06-25 21:46:17.730000,21:46:17.730000,2025,,,Speed Related,2025
2026-01-15 10:55:37.100000,8079002.0,CT0011600,Putnam,Racial Profile,10067,2500005730,Incident ID,2025-06-25 00:00:00,June,W,N,F,64,True,False,PUTNAM,Sabin St,  ,  ,V,G,1.0,0,14-301,,False,N,False,False,W,,,,,False,1.0,CT0011600,134129661365944728,2025-06-25 11:30:39.163000,11:30:39.163000,2025,14-301,,Stop Sign,2025
2026-01-15 10:55:37.070000,8079000.0,CT0011600,Putnam,Racial Profile,10067,2500005727,Incident ID,2025-06-25 00:00:00,June,W,N,F,34,True,False,PUTNAM,providence street,  ,  ,V,G,2.0,0,14-296aa(b),,False,N,False,False,I,,,,,False,1.0,CT0011600,134129661365944728,2025-06-25 09:09:20.307000,09:09:20.307000,2025,14-12(a)*,,Cell Phone,2025
2026-01-15 10:55:37,8078990.0,CT0011600,Putnam,Racial Profile,10052,2500005755,Incident ID,2025-06-26 00:00:00,June,W,N,M,37,True,False,PUTNAM,Church Street,  ,  ,V,G,1.0,0,14-18(a),,False,N,False,False,V,,,,,False,1.0,CT0011600,134129661365944728,2025-06-26 21:37:49.660000,21:37:49.660000,2025,,,Display of Plates,2025
2026-01-15 10:55:37.010000,8078991.0,CT0011600,Putnam,Racial Profile,10052,2500005757,Incident ID,2025-06-26 00:00:00,June,W,N,M,32,True,True,PUTNAM,Woodstock Ave,  ,  ,V,G,2.0,0,14-230,,False,N,False,False,V,,,,,False,1.0,CT0011600,134129661365944728,2025-06-26 21:58:16.903000,21:58:16.903000,2025,,,Moving Violation,2025
2026-01-15 10:55:37.180000,8079010.0,CT0011600,Putnam,Racial Profile,10100,2500005746,Incident ID,2025-06-26 00:00:00,June,W,N,F,36,True,True,PUTNAM,00022 CENTER ST,  ,  ,V,B,1.0,0,14-218a,,False,N,False,False,W,,,,,False,1.0,CT0011600,134129661365944728,2025-06-26 10:19:30.977000,10:19:30.977000,2025,14-218a,,Speed Related,2025
2026-01-15 10:55:37.187000,8079011.0,CT0011600,Putnam,Racial Profile,10100,2500005747,Incident ID,2025-06-26 00:00:00,June,W,N,M,53,True,False,PUTNAM, GROVE ST/EDMOND ST,  ,  ,V,B,1.0,0,14-218a,,False,N,False,False,W,,,,,False,1.0,CT0011600,134129661365944728,2025-06-26 10:41:36.480000,10:41:36.480000,2025,14-218a,,Speed Related,2025
2026-01-15 10:55:37.193000,8079012.0,CT0011600,Putnam,Racial Profile,10100,2500005796,Incident ID,2025-06-28 00:00:00,June,A,N,M,23,False,False,PUTNAM,Kennedy DR,  ,  ,V,G,1.0,0,14-301,,False,N,False,False,W,,,,,False,1.0,CT0011600,134129661365944728,2025-06-28 11:02:59.220000,11:02:59.220000,2025,,,Stop Sign,2025
2026-01-15 10:55:37.207000,8079014.0,CT0011600,Putnam,Racial Profile,10113,2500005802,Incident ID,2025-06-28 00:00:00,June,W,N,M,25,True,False,PUTNAM,Smith ST. ,  ,  ,V,G,1.0,0,14-12(a),,False,N,False,False,W,,,,,False,1.0,CT0011600,134129661365944728,2025-06-28 19:27:05.493000,19:27:05.493000,2025,,,Registration,2025
2026-01-15 10:55:36.967000,8078984.0,CT0011600,Putnam,Racial Profile,10023,2500005816,Incident ID,2025-06-29 00:00:00,June,W,N,F,25,True,False,PUTNAM,00000 KENNEDY DR,  ,  ,V,G,1.0,0,14-218a,,False,N,False,False,W,,,,,False,1.0,CT0011600,134129661365944728,2025-06-29 00:38:50.980000,00:38:50.980000,2025,,,Speed Related,2025
2026-01-15 10:55:36.970000,8078985.0,CT0011600,Putnam,Racial Profile,10023,2500005818,Incident ID,2025-06-29 00:00:00,June,W,N,F,31,True,False,PUTNAM,00000 KENNEDY DR,  ,  ,E,G,1.0,0,14-96a(a),,False,N,False,False,W,,,,,False,1.0,CT0011600,134129661365944728,2025-06-29 00:48:39.957000,00:48:39.957000,2025,,,Defective Lights,2025
2026-01-15 10:55:37.200000,8079013.0,CT0011600,Putnam,Racial Profile,10100,2500005823,Incident ID,2025-06-29 00:00:00,June,W,N,M,26,True,True,PUTNAM, PROVIDENCE ST/KENNEDY DR,  ,  ,V,G,1.0,0,14-218a,,False,N,False,False,W,,,,,False,1.0,CT0011600,134129661365944728,2025-06-29 09:30:36.253000,09:30:36.253000,2025,14-218a,,Speed Related,2025
2026-01-15 10:55:36.967000,8078983.0,CT0011600,Putnam,Racial Profile,10023,2500005814,Incident ID,2025-06-29 00:00:00,June,W,N,M,18,True,False,PUTNAM, KENNEDY DR/ARCH ST,  ,  ,V,G,1.0,0,14-218a,,False,N,False,False,W,,,,,False,1.0,CT0011600,134129661365944728,2025-06-29 00:10:38.627000,00:10:38.627000,2025,,,Speed Related,2025
2026-01-15 10:55:37.053000,8078998.0,CT0011600,Putnam,Racial Profile,10062,2500005825,Incident ID,2025-06-29 00:00:00,June,W,N,M,48,True,False,PUTNAM,Kennedy Dr,  ,  ,V,G,1.0,0,14-296aa(b),,False,N,False,False,V,,,,,False,1.0,CT0011600,134129661365944728,2025-06-29 16:36:10.940000,16:36:10.940000,2025,,,Cell Phone,2025
2026-01-15 10:55:37.133000,8079006.0,CT0011600,Putnam,Racial Profile,10079,2500005817,Incident ID,2025-06-29 00:00:00,June,W,N,M,23,True,True,PUTNAM,Grove St at School St,  ,  ,E,B,1.0,0,14-96c,,False,N,False,False,V,,,,,False,1.0,CT0011600,134129661365944728,2025-06-29 00:40:06.940000,00:40:06.940000,2025,,,Defective Lights,2025
2026-01-15 10:55:36.977000,8078986.0,CT0011600,Putnam,Racial Profile,10023,2500005850,Incident ID,2025-06-30 00:00:00,June,W,N,M,18,True,False,PUTNAM,SCHOOL STREET,  ,  ,V,G,1.0,0,14-96,,False,N,False,False,V,,,,,False,1.0,CT0011600,134129661365944728,2025-06-30 23:28:01.377000,23:28:01.377000,2025,,,Defective Lights,2025
2026-01-15 10:55:37.213000,8079015.0,CT0011600,Putnam,Racial Profile,10113,2500005848,Incident ID,2025-06-30 00:00:00,June,W,N,F,39,True,False,PUTNAM, SCHOOL ST/BARBER ST,  ,  ,V,G,2.0,0,14-299,,False,N,False,False,W,,,,,False,1.0,CT0011600,134129661365944728,2025-06-30 20:11:06.397000,20:11:06.397000,2025,,,Traffic Control Signal,2025
2026-01-15 10:56:03.107000,8079032.0,CT0011600,Putnam,Racial Profile,10011,2500005864,Incident ID,2025-07-01 00:00:00,July,W,N,F,22,True,False,PUTNAM,Sabin street,  ,  ,V,G,1.0,0,14-296aa(b),,False,N,False,False,W,,,,,False,1.0,CT0011600,134129661620595186,2025-07-01 10:50:21.657000,10:50:21.657000,2025,,,Cell Phone,2025
2026-01-15 10:56:03.137000,8079039.0,CT0011600,Putnam,Racial Profile,10052,2500005919,Incident ID,2025-07-03 00:00:00,July,W,N,M,26,True,True,Putnam              ,Woodstock Avenue,  ,  ,V,G,1.0,0,"14-218, 14-80",,False,N,False,False,V,,,,,False,1.0,CT0011600,134129661620595186,2025-07-03 22:47:07.863000,22:47:07.863000,2025,14-218(a),,Other,2025
2026-01-15 10:56:03.133000,8079038.0,CT0011600,Putnam,Racial Profile,10052,2500005919,Incident ID,2025-07-03 00:00:00,July,W,N,M,26,True,True,Putnam              ,Woodstock Avenue,  ,  ,V,G,1.0,0,"14-218, 14-80",,False,N,False,False,V,,,,,False,1.0,CT0011600,134129661620595186,2025-07-03 22:47:07.863000,22:47:07.863000,2025,14-218,,Other,2025
2026-01-15 10:56:03.130000,8079036.0,CT0011600,Putnam,Racial Profile,10027,2500005999,Incident ID,2025-07-07 00:00:00,July,W,N,M,40,False,False,PUTNAM,Providence Street,  ,  ,V,G,1.0,0,14-245,,False,N,False,False,V,,,,,False,1.0,CT0011600,134129661620595186,2025-07-07 10:57:40.640000,10:57:40.640000,2025,,,Moving Violation,2025
2026-01-15 10:56:03.190000,8079049.0,CT0011600,Putnam,Racial Profile,10079,2500005994,Incident ID,2025-07-07 00:00:00,July,W,N,M,40,True,True,Putnam              ,School St. @ Mechanics St,  ,  ,E,B,1.0,0,14-96b,,False,N,False,False,V,,,,,False,1.0,CT0011600,134129661620595186,2025-07-07 04:02:17.157000,04:02:17.157000,2025,,,Defective Lights,2025
2026-01-15 10:56:03.230000,8079060.0,CT0011600,Putnam,Racial Profile,10113,2500006005,Incident ID,2025-07-07 00:00:00,July,W,N,F,40,True,False,PUTNAM,00000 KENNEDY DR,  ,  ,V,G,1.0,0,14-299,,False,N,False,False,W,,,,,False,1.0,CT0011600,134129661620595186,2025-07-07 15:31:28.810000,15:31:28.810000,2025,,,Traffic Control Signal,2025
2026-01-15 10:56:03.183000,8079048.0,CT0011600,Putnam,Racial Profile,10067,2500006027,Incident ID,2025-07-08 00:00:00,July,W,N,M,23,True,False,PUTNAM,kennedy drive ,  ,  ,E,G,1.0,0,14-18,,False,N,False,False,V,,,,,False,1.0,CT0011600,134129661620595186,2025-07-08 13:23:31.803000,13:23:31.803000,2025,14-18,,Display of Plates,2025
2026-01-15 10:56:03.147000,8079042.0,CT0011600,Putnam,Racial Profile,10062,2500006051,Incident ID,2025-07-09 00:00:00,July,B,N,M,34,False,False,PUTNAM,Kennedy Drive ,  ,  ,E,G,1.0,0,14-96a(a),,False,N,False,False,V,,,,,False,1.0,CT0011600,134129661620595186,2025-07-09 02:23:42.057000,02:23:42.057000,2025,,,Defective Lights,2025
2026-01-15 10:56:03.233000,8079061.0,CT0011600,Putnam,Racial Profile,10113,2500006118,Incident ID,2025-07-11 00:00:00,July,W,N,M,22,False,False,PUTNAM,woodstock ave/maynard,  ,  ,V,G,1.0,0,14-242,,False,N,False,False,W,,,,,False,1.0,CT0011600,134129661620595186,2025-07-11 18:05:51.750000,18:05:51.750000,2025,,,Moving Violation,2025
2026-01-15 10:56:03.110000,8079033.0,CT0011600,Putnam,Racial Profile,10014,2500006141,Incident ID,2025-07-12 00:00:00,July,W,N,F,38,True,False,PUTNAM,00000 KENNEDY DR,  ,  ,V,G,1.0,0,14-217**,,False,N,False,False,W,,,,,False,1.0,CT0011600,134129661620595186,2025-07-12 07:43:27.623000,07:43:27.623000,2025,,,Other,2025
2026-01-15 10:56:03.203000,8079054.0,CT0011600,Putnam,Racial Profile,10100,2500006180,Incident ID,2025-07-13 00:00:00,July,W,N,M,68,True,True,PUTNAM,00064 PROVIDENCE ST,  ,  ,V,G,1.0,0,14-218a,,False,N,False,False,W,,,,,False,1.0,CT0011600,134129661620595186,2025-07-13 17:56:23.663000,17:56:23.663000,2025,14-218(a),,Speed Related,2025
2026-01-15 10:56:03.207000,8079055.0,CT0011600,Putnam,Racial Profile,10100,2500006208,Incident ID,2025-07-14 00:00:00,July,W,N,F,54,True,False,Putnam              ,grove st,  ,  ,V,B,2.0,0,14-218a,,False,N,False,False,M,,,,,False,1.0,CT0011600,134129661620595186,2025-07-14 18:05:10.637000,18:05:10.637000,2025,14-215,,Speed Related,2025
2026-01-15 10:56:03.140000,8079040.0,CT0011600,Putnam,Racial Profile,10052,2500006243,Incident ID,2025-07-15 00:00:00,July,W,N,M,56,True,False,PUTNAM,School Street,  ,  ,V,G,1.0,0,14-36,,False,N,False,False,I,,,,,False,1.0,CT0011600,134129661620595186,2025-07-15 15:54:47.763000,15:54:47.763000,2025,,,Unlicensed Operation,2025
2026-01-15 10:56:03.220000,8079056.0,CT0011600,Putnam,Racial Profile,10100,2500006245,Incident ID,2025-07-15 00:00:00,July,W,N,M,24,True,False,PUTNAM,00000 SCHOOL ST,  ,  ,V,G,1.0,0,14-218a,,False,N,False,False,W,,,,,False,1.0,CT0011600,134129661620595186,2025-07-15 18:17:31.563000,18:17:31.563000,2025,14-218a,,Speed Related,2025
2026-01-15 10:56:03.150000,8079043.0,CT0011600,Putnam,Racial Profile,10062,2500006280,Incident ID,2025-07-17 00:00:00,July,W,N,M,30,True,False,PUTNAM,00000 PROVIDENCE ST,  ,  ,V,G,1.0,0,14-218a,,False,N,False,False,W,,,,,False,1.0,CT0011600,134129661620595186,2025-07-17 04:37:58.797000,04:37:58.797000,2025,,,Speed Related,2025
2026-01-15 10:56:03.157000,8079044.0,CT0011600,Putnam,Racial Profile,10062,2500006292,Incident ID,2025-07-17 00:00:00,July,W,H,F,21,True,False,PUTNAM,00000 WOODSTOCK AVE,  ,  ,V,G,1.0,0,14-301,,False,N,False,False,W,,,,,False,1.0,CT0011600,134129661620595186,2025-07-17 23:18:33.643000,23:18:33.643000,2025,,,Stop Sign,2025
2026-01-15 10:56:03.193000,8079050.0,CT0011600,Putnam,Racial Profile,10079,2500006282,Incident ID,2025-07-17 00:00:00,July,W,N,F,23,True,False,PUTNAM,Walnut @ Davis,  ,  ,V,B,1.0,0,14-234,,False,N,False,False,I,,,,,False,1.0,CT0011600,134129661620595186,2025-07-17 09:39:33.180000,09:39:33.180000,2025,,,Moving Violation,2025
2026-01-15 10:56:03.130000,8079037.0,CT0011600,Putnam,Racial Profile,10027,2500006281,Incident ID,2025-07-17 00:00:00,July,W,N,M,50,False,False,PUTNAM,west thompson rd,  ,  ,V,G,1.0,0,14-299,,False,N,False,False,V,,,,,False,1.0,CT0011600,134129661620595186,2025-07-17 07:49:12.440000,07:49:12.440000,2025,,,Traffic Control Signal,2025
2026-01-15 10:56:03.160000,8079045.0,CT0011600,Putnam,Racial Profile,10062,2500006298,Incident ID,2025-07-18 00:00:00,July,W,N,M,37,False,False,PUTNAM,00000 PROVIDENCE ST,  ,  ,V,G,1.0,0,14-218a,,False,N,False,False,W,,,,,False,1.0,CT0011600,134129661620595186,2025-07-18 05:04:50.323000,05:04:50.323000,2025,,,Speed Related,2025
2026-01-15 10:56:03.197000,8079051.0,CT0011600,Putnam,Racial Profile,10079,2500006313,Incident ID,2025-07-19 00:00:00,July,W,N,M,40,True,True,PUTNAM,School St @ Mechanic St,  ,  ,I,B,3.0,0,14-96b,,False,N,False,False,V,,,,,False,1.0,CT0011600,134129661620595186,2025-07-19 00:07:02.017000,00:07:02.017000,2025,,,Defective Lights,2025
2026-01-15 10:56:03.200000,8079052.0,CT0011600,Putnam,Racial Profile,10079,2500006344,Incident ID,2025-07-20 00:00:00,July,W,N,M,19,True,False,PUTNAM,Woodstock @ Lamothe,  ,  ,V,B,1.0,0,14-12a,,False,N,False,False,W,,,,,False,1.0,CT0011600,134129661620595186,2025-07-20 02:22:31.107000,02:22:31.107000,2025,,,Registration,2025
2026-01-15 10:56:03.220000,8079057.0,CT0011600,Putnam,Racial Profile,10100,2500006369,Incident ID,2025-07-21 00:00:00,July,W,N,F,62,True,False,PUTNAM,00000 KENNEDY DR,  ,  ,V,G,1.0,0,14-301,,False,N,False,False,W,,,,,False,1.0,CT0011600,134129661620595186,2025-07-21 11:58:10.980000,11:58:10.980000,2025,14-301,,Stop Sign,2025
2026-01-15 10:56:03.227000,8079058.0,CT0011600,Putnam,Racial Profile,10100,2500006482,Incident ID,2025-07-25 00:00:00,July,W,N,M,19,False,False,PUTNAM,00000 FRONT ST,  ,  ,E,G,1.0,0,14-96c,,False,N,False,False,W,,,,,False,1.0,CT0011600,134129661620595186,2025-07-25 21:26:35.950000,21:26:35.950000,2025,,,Defective Lights,2025
2026-01-15 10:56:03.170000,8079046.0,CT0011600,Putnam,Racial Profile,10062,2500006467,Incident ID,2025-07-25 00:00:00,July,W,N,F,18,True,False,PUTNAM,00000 PROVIDENCE ST,  ,  ,V,G,1.0,0,14-218a,,False,N,False,False,W,,,,,False,1.0,CT0011600,134129661620595186,2025-07-25 01:54:54.940000,01:54:54.940000,2025,,,Speed Related,2025
2026-01-15 10:56:03.200000,8079053.0,CT0011600,Putnam,Racial Profile,10079,2500006501,Incident ID,2025-07-26 00:00:00,July,W,N,M,28,True,False,PUTNAM,Rec Park Road,  ,  ,I,B,3.0,0,14-215,,False,N,False,False,M,,,,,False,1.0,CT0011600,134129661620595186,2025-07-26 01:59:00.057000,01:59:00.057000,2025,,,Administrative Offense,2025
2026-01-15 10:56:03.230000,8079059.0,CT0011600,Putnam,Racial Profile,10100,2500006564,Incident ID,2025-07-28 00:00:00,July,W,N,F,29,False,False,PUTNAM,00000 FRONT ST,  ,  ,V,G,1.0,0,14-299,,False,N,False,False,W,,,,,False,1.0,CT0011600,134129661620595186,2025-07-28 09:01:43.847000,09:01:43.847000,2025,,,Traffic Control Signal,2025
2026-01-15 10:56:03.120000,8079034.0,CT0011600,Putnam,Racial Profile,10023,2500006594,Incident ID,2025-07-29 00:00:00,July,W,N,F,40,True,False,PUTNAM,bridge st,  ,  ,V,G,1.0,0,14-218a,,False,N,False,False,V,,,,,False,1.0,CT0011600,134129661620595186,2025-07-29 07:56:07.263000,07:56:07.263000,2025,,,Speed Related,2025
2026-01-15 10:56:03.123000,8079035.0,CT0011600,Putnam,Racial Profile,10023,2500006600,Incident ID,2025-07-29 00:00:00,July,W,N,M,29,False,False,PUTNAM,School St,  ,  ,V,G,2.0,0,14-299,,False,N,False,False,I,,,,,False,1.0,CT0011600,134129661620595186,2025-07-29 22:15:57.870000,22:15:57.870000,2025,14-36(a),,Traffic Control Signal,2025
2026-01-15 10:56:03.180000,8079047.0,CT0011600,Putnam,Racial Profile,10062,2500006592,Incident ID,2025-07-29 00:00:00,July,W,N,F,43,True,True,PUTNAM,00000 PROVIDENCE ST,  ,  ,V,G,1.0,0,14-218a,,False,N,False,False,W,,,,,False,1.0,CT0011600,134129661620595186,2025-07-29 03:00:03.290000,03:00:03.290000,2025,,,Speed Related,2025
2026-01-15 10:56:03.143000,8079041.0,CT0011600,Putnam,Racial Profile,10052,2500006639,Incident ID,2025-07-31 00:00:00,July,W,N,M,22,True,True,PUTNAM,Walnut Street ,  ,  ,V,G,1.0,0,14-222,,False,N,False,False,M,,,,,False,1.0,CT0011600,134129661620595186,2025-07-31 17:12:42.433000,17:12:42.433000,2025,,,Speed Related,2025
2026-01-15 11:02:01.790000,8079206.0,CT0011600,Putnam,Racial Profile,10113,2500006674,Incident ID,2025-08-01 00:00:00,August,W,N,M,34,False,False,PUTNAM, CHURCH ST/POMFRET ST,  ,  ,V,G,1.0,1,14-242,,False,N,False,False,W,,,,,False,1.0,CT0011600,134129665208196521,2025-08-01 23:58:37.557000,23:58:37.557000,2025,,,Moving Violation,2025
2026-01-15 11:02:01.747000,8079196.0,CT0011600,Putnam,Racial Profile,10079,2500006703,Incident ID,2025-08-02 00:00:00,August,W,N,F,19,True,False,PUTNAM,Kennedy Drive at Arch,  ,  ,E,B,1.0,0,14-96b,,False,N,False,False,V,,,,,False,1.0,CT0011600,134129665208196521,2025-08-02 21:37:45.067000,21:37:45.067000,2025,,,Defective Lights,2025
2026-01-15 11:02:01.790000,8079207.0,CT0011600,Putnam,Racial Profile,10113,2500006676,Incident ID,2025-08-02 00:00:00,August,W,N,M,41,True,False,PUTNAM, POMFRET ST/SABIN ST,  ,  ,V,G,1.0,0,14-96a(a),,False,N,False,False,W,,,,,False,1.0,CT0011600,134129665208196521,2025-08-02 00:16:01.423000,00:16:01.423000,2025,,,Defective Lights,2025
2026-01-15 11:02:01.750000,8079197.0,CT0011600,Putnam,Racial Profile,10079,2500006704,Incident ID,2025-08-02 00:00:00,August,W,N,M,65,True,False,PUTNAM,Kennedy at Arch,  ,  ,E,B,1.0,0,14-96b,,False,N,False,False,V,,,,,False,1.0,CT0011600,134129665208196521,2025-08-02 22:35:13.013000,22:35:13.013000,2025,,,Defective Lights,2025
2026-01-15 11:02:01.760000,8079200.0,CT0011600,Putnam,Racial Profile,10100,2500006685,Incident ID,2025-08-02 00:00:00,August,W,N,M,49,True,True,PUTNAM,pomfret street ,  ,  ,V,G,3.0,0,14-218a,,True,O,False,True,M,,,,,False,1.0,CT0011600,134129665208196521,2025-08-02 02:32:44.240000,02:32:44.240000,2025,53a-173,,Speed Related,2025
2026-01-15 11:02:01.760000,8079201.0,CT0011600,Putnam,Racial Profile,10100,2500006728,Incident ID,2025-08-03 00:00:00,August,A,N,M,20,True,False,PUTNAM,00000 KENNEDY DR,  ,  ,V,G,1.0,0,14-218a,,False,N,False,False,W,,,,,False,1.0,CT0011600,134129665208196521,2025-08-03 18:31:07.400000,18:31:07.400000,2025,14-218a,,Speed Related,2025
2026-01-15 11:02:01.803000,8079208.0,CT0011600,Putnam,Racial Profile,10113,2500006789,Incident ID,2025-08-06 00:00:00,August,W,N,M,54,True,False,PUTNAM,KENNEDY DR,  ,  ,V,G,1.0,0,14-218a*,,False,N,False,False,I,,,,,False,1.0,CT0011600,134129665208196521,2025-08-06 16:36:24.077000,16:36:24.077000,2025,,,Speed Related,2025
2026-01-15 11:02:01.763000,8079202.0,CT0011600,Putnam,Racial Profile,10100,2500006844,Incident ID,2025-08-08 00:00:00,August,W,N,F,32,False,False,PUTNAM,kennedy dr,  ,  ,V,G,1.0,0,14-96b,,False,N,False,False,V,,,,,False,1.0,CT0011600,134129665208196521,2025-08-08 21:37:52.180000,21:37:52.180000,2025,,,Defective Lights,2025
2026-01-15 11:02:01.723000,8079190.0,CT0011600,Putnam,Racial Profile,10011,2500006971,Incident ID,2025-08-13 00:00:00,August,W,N,F,49,True,False,PUTNAM,Pomfret and Wuinebaug Dr.,  ,  ,V,G,1.0,0,14-296aa(b),,False,N,False,False,W,,,,,False,1.0,CT0011600,134129665208196521,2025-08-13 12:28:37.870000,12:28:37.870000,2025,14-296aa(b),,Cell Phone,2025
2026-01-15 11:02:01.807000,8079209.0,CT0011600,Putnam,Racial Profile,10113,2500006996,Incident ID,2025-08-14 00:00:00,August,W,N,F,32,True,False,PUTNAM,00000 SCHOOL ST,  ,  ,V,G,1.0,0,14-299,,False,N,False,False,W,,,,,False,1.0,CT0011600,134129665208196521,2025-08-14 18:34:08.273000,18:34:08.273000,2025,,,Traffic Control Signal,2025
2026-01-15 11:02:01.727000,8079191.0,CT0011600,Putnam,Racial Profile,10014,2500006986,Incident ID,2025-08-14 00:00:00,August,W,H,M,23,False,False,PUTNAM,00000 GROVE STREET ST,  ,  ,V,G,1.0,0,14-218a,,False,N,False,False,W,,,,,False,1.0,CT0011600,134129665208196521,2025-08-14 08:11:41.087000,08:11:41.087000,2025,,,Speed Related,2025
2026-01-15 11:02:01.753000,8079198.0,CT0011600,Putnam,Racial Profile,10079,2500007000,Incident ID,2025-08-15 00:00:00,August,W,N,M,56,False,False,PUTNAM,School St at town line,  ,  ,E,B,1.0,0,14-96b,,False,N,False,False,V,,,,,False,1.0,CT0011600,134129665208196521,2025-08-15 01:07:14.217000,01:07:14.217000,2025,,,Defective Lights,2025
2026-01-15 11:02:01.757000,8079199.0,CT0011600,Putnam,Racial Profile,10079,2500007022,Incident ID,2025-08-16 00:00:00,August,W,N,M,26,True,False,PUTNAM,Providence at School,  ,  ,E,B,1.0,0,14-96b,,False,N,False,False,V,,,,,False,1.0,CT0011600,134129665208196521,2025-08-16 01:23:48.630000,01:23:48.630000,2025,,,Defective Lights,2025
2026-01-15 11:02:01.730000,8079192.0,CT0011600,Putnam,Racial Profile,10023,2500007038,Incident ID,2025-08-17 00:00:00,August,W,N,M,50,True,True,PUTNAM,195 POMFRET ST PUTNAM CT,  ,  ,V,G,1.0,0,14-218(a),,False,N,False,False,V,,,,,False,1.0,CT0011600,134129665208196521,2025-08-17 00:00:23.207000,00:00:23.207000,2025,14-218(a),,Speed Related,2025
2026-01-15 11:02:01.747000,8079195.0,CT0011600,Putnam,Racial Profile,10067,2500007071,Incident ID,2025-08-18 00:00:00,August,W,N,M,23,True,True,PUTNAM,SOUTH MAIN AT GROVE ST,  ,  ,V,G,2.0,1,14-301,,False,N,False,False,I,,,,,False,1.0,CT0011600,134129665208196521,2025-08-18 09:13:23.547000,09:13:23.547000,2025,14-215,,Stop Sign,2025
2026-01-15 11:02:01.767000,8079203.0,CT0011600,Putnam,Racial Profile,10100,2500007155,Incident ID,2025-08-21 00:00:00,August,W,N,M,21,True,True,PUTNAM,00000 SCHOOL ST,  ,  ,V,G,1.0,0,14-96a(a),,False,N,False,False,W,,,,,False,1.0,CT0011600,134129665208196521,2025-08-21 20:27:22.807000,20:27:22.807000,2025,,,Defective Lights,2025
2026-01-15 11:02:01.770000,8079204.0,CT0011600,Putnam,Racial Profile,10100,2500007173,Incident ID,2025-08-22 00:00:00,August,W,N,M,21,True,True,PUTNAM,providence st / church st,  ,  ,V,G,1.0,0,14-12a,,False,N,False,False,V,,,,,False,1.0,CT0011600,134129665208196521,2025-08-22 16:58:17.440000,16:58:17.440000,2025,,,Registration,2025
2026-01-15 11:02:01.787000,8079205.0,CT0011600,Putnam,Racial Profile,10100,2500007196,Incident ID,2025-08-23 00:00:00,August,W,N,F,70,False,False,PUTNAM,school st / may st,  ,  ,V,G,1.0,0,14-96a,,False,N,False,False,V,,,,,False,1.0,CT0011600,134129665208196521,2025-08-23 04:58:26.030000,04:58:26.030000,2025,,,Defective Lights,2025
2026-01-15 11:02:01.737000,8079194.0,CT0011600,Putnam,Racial Profile,10062,2500007268,Incident ID,2025-08-26 00:00:00,August,W,N,M,57,False,False,PUTNAM,Providence ST,  ,  ,E,G,1.0,0,14-96a(a),,False,N,False,False,V,,,,,False,1.0,CT0011600,134129665208196521,2025-08-26 02:13:57.860000,02:13:57.860000,2025,,,Defective Lights,2025
2026-01-15 11:02:01.733000,8079193.0,CT0011600,Putnam,Racial Profile,10052,2500007396,Incident ID,2025-08-31 00:00:00,August,W,N,M,37,True,False,PUTNAM,CHURCH ST,  ,  ,V,G,2.0,0,14-215,,False,N,False,False,M,,,,,False,1.0,CT0011600,134129665208196521,2025-08-31 20:23:54.707000,20:23:54.707000,2025,14-215,,Administrative Offense,2025
2026-01-15 11:02:14.777000,8079213.0,CT0011600,Putnam,Racial Profile,10062,2500007465,Incident ID,2025-09-02 00:00:00,September,W,N,M,22,True,True,PUTNAM,00000 PROVIDENCE ST,  ,  ,V,G,1.0,0,14-218a,,False,N,False,False,W,,,,,False,1.0,CT0011600,134129665338023356,2025-09-02 05:20:45.627000,05:20:45.627000,2025,,,Speed Related,2025
2026-01-15 11:02:14.833000,8079234.0,CT0011600,Putnam,Racial Profile,10113,2500007478,Incident ID,2025-09-02 00:00:00,September,W,H,F,23,False,False,PUTNAM,s. main st,  ,  ,V,G,1.0,0,14-218,,False,N,False,False,V,,,,,False,1.0,CT0011600,134129665338023356,2025-09-02 20:31:29.443000,20:31:29.443000,2025,,,Speed Related,2025
2026-01-15 11:02:14.790000,8079218.0,CT0011600,Putnam,Racial Profile,10079,2500007521,Incident ID,2025-09-03 00:00:00,September,W,N,M,21,True,True,PUTNAM,School St at Oak St,  ,  ,E,B,1.0,0,14-96b,,False,N,False,False,V,,,,,False,1.0,CT0011600,134129665338023356,2025-09-03 23:04:21.553000,23:04:21.553000,2025,,,Defective Lights,2025
2026-01-15 11:02:14.837000,8079235.0,CT0011600,Putnam,Racial Profile,10113,2500007509,Incident ID,2025-09-03 00:00:00,September,W,N,M,29,False,False,PUTNAM, CHURCH ST/ADDISON ST,  ,  ,V,G,1.0,0,14-299,,False,N,False,False,W,,,,,False,1.0,CT0011600,134129665338023356,2025-09-03 15:49:24.733000,15:49:24.733000,2025,,,Traffic Control Signal,2025
2026-01-15 11:02:14.787000,8079216.0,CT0011600,Putnam,Racial Profile,10067,2500007590,Incident ID,2025-09-05 00:00:00,September,W,N,F,33,True,True,PUTNAM,Wicker Street,  ,  ,I,G,1.0,0,14-299,,False,N,False,True,V,,,,,False,1.0,CT0011600,134129665338023356,2025-09-05 09:45:34.753000,09:45:34.753000,2025,14-299,,Traffic Control Signal,2025
2026-01-15 11:02:14.773000,8079211.0,CT0011600,Putnam,Racial Profile,10023,2500007597,Incident ID,2025-09-05 00:00:00,September,W,N,F,57,True,True,PUTNAM,00000 PROVIDENCE ST,  ,  ,V,G,1.0,0,14-299,,False,N,False,False,V,,,,,False,1.0,CT0011600,134129665338023356,2025-09-05 16:59:02.150000,16:59:02.150000,2025,,,Traffic Control Signal,2025
2026-01-15 11:02:14.780000,8079214.0,CT0011600,Putnam,Racial Profile,10062,2500007676,Incident ID,2025-09-07 00:00:00,September,W,N,M,67,True,False,Putnam              , TOWN HALL ,  ,  ,V,G,1.0,0,14-218a,,False,N,False,False,W,,,,,False,1.0,CT0011600,134129665338023356,2025-09-07 19:02:44.700000,19:02:44.700000,2025,,,Speed Related,2025
2026-01-15 11:02:14.777000,8079212.0,CT0011600,Putnam,Racial Profile,10027,2500007670,Incident ID,2025-09-07 00:00:00,September,W,N,M,33,True,True,PUTNAM,Kennedy Drive,  ,  ,I,G,3.0,1,14-240(a*,,False,N,False,False,I,,,,,False,1.0,CT0011600,134129665338023356,2025-09-07 11:20:59.550000,11:20:59.550000,2025,14-213b,,Moving Violation,2025
2026-01-15 11:02:14.770000,8079210.0,CT0011600,Putnam,Racial Profile,10011,2500007739,Incident ID,2025-09-09 00:00:00,September,W,N,F,26,True,False,PUTNAM,kenedy dr /massicotte,  ,  ,V,G,1.0,0,14-299,,False,N,False,False,W,,,,,False,1.0,CT0011600,134129665338023356,2025-09-09 09:22:55.110000,09:22:55.110000,2025,,,Traffic Control Signal,2025
2026-01-15 11:02:14.840000,8079236.0,CT0011600,Putnam,Racial Profile,10113,2500007749,Incident ID,2025-09-09 00:00:00,September,W,N,M,25,True,False,PUTNAM,front st eastbound,  ,  ,V,G,1.0,0,14-299,,False,N,False,False,W,,,,,False,1.0,CT0011600,134129665338023356,2025-09-09 15:23:30.223000,15:23:30.223000,2025,,,Traffic Control Signal,2025
2026-01-15 11:02:14.793000,8079219.0,CT0011600,Putnam,Racial Profile,10079,2500007761,Incident ID,2025-09-10 00:00:00,September,W,N,M,25,True,True,PUTNAM,School St.,  ,  ,I,B,3.0,0,14-215,,False,N,False,False,M,,,,,False,1.0,CT0011600,134129665338023356,2025-09-10 00:40:09.427000,00:40:09.427000,2025,14-215,,Administrative Offense,2025
2026-01-15 11:02:14.843000,8079237.0,CT0011600,Putnam,Racial Profile,10113,2500007785,Incident ID,2025-09-10 00:00:00,September,A,N,F,35,True,False,PUTNAM,kennedy dr,  ,  ,V,G,1.0,0,14-18(a),,False,N,False,False,V,,,,,False,1.0,CT0011600,134129665338023356,2025-09-10 15:48:42.337000,15:48:42.337000,2025,,,Display of Plates,2025
2026-01-15 11:02:14.820000,8079229.0,CT0011600,Putnam,Racial Profile,10100,2500007834,Incident ID,2025-09-11 00:00:00,September,W,N,M,40,True,True,PUTNAM,170 perry st,  ,  ,V,G,2.0,0,14-36a,,False,N,False,False,I,,,,,False,1.0,CT0011600,134129665338023356,2025-09-11 18:25:38.800000,18:25:38.800000,2025,14-36a,,Unlicensed Operation,2025
2026-01-15 11:02:14.797000,8079220.0,CT0011600,Putnam,Racial Profile,10079,2500007843,Incident ID,2025-09-12 00:00:00,September,W,H,M,39,False,False,PUTNAM,School St,  ,  ,E,B,1.0,0,14-96b,,False,N,False,False,V,,,,,False,1.0,CT0011600,134129665338023356,2025-09-12 00:39:50.123000,00:39:50.123000,2025,,,Defective Lights,2025
2026-01-15 11:02:14.847000,8079238.0,CT0011600,Putnam,Racial Profile,10113,2500007939,Incident ID,2025-09-14 00:00:00,September,W,N,M,18,True,False,PUTNAM,00000 SCHOOL ST,  ,  ,V,G,1.0,0,14-218a,,False,N,False,False,W,,,,,False,1.0,CT0011600,134129665338023356,2025-09-14 19:43:39.573000,19:43:39.573000,2025,,,Speed Related,2025
2026-01-15 11:02:14.810000,8079224.0,CT0011600,Putnam,Racial Profile,10098,2500007950,Incident ID,2025-09-15 00:00:00,September,W,N,M,21,True,False,PUTNAM,00000 KENNEDY DR,  ,  ,V,B,1.0,0,14-218a,,False,N,False,False,W,,,,,False,1.0,CT0011600,134129665338023356,2025-09-15 00:23:45.037000,00:23:45.037000,2025,14-218(a),,Speed Related,2025
2026-01-15 11:02:14.803000,8079221.0,CT0011600,Putnam,Racial Profile,10079,2500007993,Incident ID,2025-09-16 00:00:00,September,W,N,M,31,True,True,PUTNAM,Providence St,  ,  ,E,B,1.0,0,14-96b,,False,N,False,False,V,,,,,False,1.0,CT0011600,134129665338023356,2025-09-16 01:02:58.220000,01:02:58.220000,2025,,,Defective Lights,2025
2026-01-15 11:02:14.803000,8079222.0,CT0011600,Putnam,Racial Profile,10079,2500008023,Incident ID,2025-09-16 00:00:00,September,W,N,F,43,True,True,Putnam              ,School St ,  ,  ,E,B,1.0,0,14-96b,,False,N,False,False,V,,,,,False,1.0,CT0011600,134129665338023356,2025-09-16 19:39:17.320000,19:39:17.320000,2025,,,Defective Lights,2025
2026-01-15 11:02:14.810000,8079225.0,CT0011600,Putnam,Racial Profile,10098,2500007999,Incident ID,2025-09-16 00:00:00,September,B,N,F,29,False,False,Putnam              ,school st,  ,  ,V,B,2.0,0,14-218a,,False,N,False,False,W,,,,,False,1.0,CT0011600,134129665338023356,2025-09-16 01:58:46.667000,01:58:46.667000,2025,14-218,,Speed Related,2025
2026-01-15 11:02:14.813000,8079226.0,CT0011600,Putnam,Racial Profile,10098,2500008000,Incident ID,2025-09-16 00:00:00,September,W,H,F,26,False,False,Putnam              , CORBIN ST ,  ,  ,V,B,2.0,0,14-218a,,False,N,False,False,W,,,,,False,1.0,CT0011600,134129665338023356,2025-09-16 02:31:10.407000,02:31:10.407000,2025,14-218,,Speed Related,2025
2026-01-15 11:02:14.847000,8079239.0,CT0011600,Putnam,Racial Profile,10113,2500008021,Incident ID,2025-09-16 00:00:00,September,W,N,F,47,True,False,PUTNAM,massicotte cir,  ,  ,V,G,2.0,0,14-147,,False,N,False,False,I,,,,,False,1.0,CT0011600,134129665338023356,2025-09-16 17:05:16.550000,17:05:16.550000,2025,14-213b,,Administrative Offense,2025
2026-01-15 11:02:14.817000,8079227.0,CT0011600,Putnam,Racial Profile,10098,2500008026,Incident ID,2025-09-17 00:00:00,September,W,N,F,23,True,False,PUTNAM,00000 MAIN ST,  ,  ,V,B,1.0,0,14-303,,False,N,False,False,W,,,,,False,1.0,CT0011600,134129665338023356,2025-09-17 00:15:36.247000,00:15:36.247000,2025,14-303,,Other,2025
2026-01-15 11:02:14.783000,8079215.0,CT0011600,Putnam,Racial Profile,10062,2500008130,Incident ID,2025-09-19 00:00:00,September,W,N,F,59,False,False,PUTNAM,Pomfret Street,  ,  ,V,G,1.0,0,14-218a,,False,N,False,False,W,,,,,False,1.0,CT0011600,134129665338023356,2025-09-19 18:23:05.787000,18:23:05.787000,2025,,,Speed Related,2025
2026-01-15 11:02:14.807000,8079223.0,CT0011600,Putnam,Racial Profile,10079,2500008133,Incident ID,2025-09-19 00:00:00,September,W,H,M,18,True,True,PUTNAM,Providence St,  ,  ,E,B,1.0,0,14-289d,,False,N,False,False,V,,,,,False,1.0,CT0011600,134129665338023356,2025-09-19 21:20:27.990000,21:20:27.990000,2025,,,Other,2025
2026-01-15 11:02:14.850000,8079240.0,CT0011600,Putnam,Racial Profile,10113,2500008179,Incident ID,2025-09-21 00:00:00,September,W,N,M,48,True,True,PUTNAM,mohegan st,  ,  ,V,G,1.0,0,14-241,,False,N,False,False,I,,,,,False,1.0,CT0011600,134129665338023356,2025-09-21 10:27:35.447000,10:27:35.447000,2025,,,Moving Violation,2025
2026-01-15 11:02:14.823000,8079230.0,CT0011600,Putnam,Racial Profile,10100,2500008222,Incident ID,2025-09-22 00:00:00,September,W,N,M,24,True,False,PUTNAM,woodstock ave / church st,  ,  ,V,G,1.0,0,14-36(a),,False,N,False,False,I,,,,,False,1.0,CT0011600,134129665338023356,2025-09-22 16:42:08.203000,16:42:08.203000,2025,,,Unlicensed Operation,2025
2026-01-15 11:02:14.853000,8079241.0,CT0011600,Putnam,Racial Profile,10113,2500008221,Incident ID,2025-09-22 00:00:00,September,W,N,M,56,True,False,PUTNAM, LABOSSIERE LN/WOODSTOCK AVE,  ,  ,V,G,1.0,0,14-299,,False,N,False,False,W,,,,,False,1.0,CT0011600,134129665338023356,2025-09-22 16:29:12.790000,16:29:12.790000,2025,,,Traffic Control Signal,2025
2026-01-15 11:02:14.827000,8079231.0,CT0011600,Putnam,Racial Profile,10100,2500008261,Incident ID,2025-09-23 00:00:00,September,W,M,F,16,True,True,PUTNAM,smith st / marshall st,  ,  ,V,G,1.0,0,14-244,,False,N,False,False,V,,,,,False,1.0,CT0011600,134129665338023356,2025-09-23 21:25:33.420000,21:25:33.420000,2025,,,Moving Violation,2025
2026-01-15 11:02:14.820000,8079228.0,CT0011600,Putnam,Racial Profile,10098,2500008356,Incident ID,2025-09-27 00:00:00,September,W,N,F,34,True,False,PUTNAM, GROVE STREET ,  ,  ,E,B,1.0,0,14-96b,,False,N,False,False,W,,,,,False,1.0,CT0011600,134129665338023356,2025-09-27 00:45:05.130000,00:45:05.130000,2025,14-96b,,Defective Lights,2025
2026-01-15 11:02:14.830000,8079232.0,CT0011600,Putnam,Racial Profile,10100,2500008417,Incident ID,2025-09-28 00:00:00,September,W,N,M,33,True,True,PUTNAM,providence st / lamothe st,  ,  ,V,G,1.0,0,14-40(a),,False,N,False,False,W,,,,,False,1.0,CT0011600,134129665338023356,2025-09-28 11:55:14.337000,11:55:14.337000,2025,,,Other,2025
2026-01-15 11:02:14.830000,8079233.0,CT0011600,Putnam,Racial Profile,10100,2500008421,Incident ID,2025-09-28 00:00:00,September,W,N,M,51,True,True,PUTNAM,00000 SCHOOL ST,  ,  ,V,G,1.0,0,14-218a,,False,N,False,False,W,,,,,False,1.0,CT0011600,134129665338023356,2025-09-28 20:32:56.080000,20:32:56.080000,2025,,,Speed Related,2025
2026-01-15 11:02:14.787000,8079217.0,CT0011600,Putnam,Racial Profile,10067,2500008486,Incident ID,2025-09-30 00:00:00,September,W,N,F,32,True,False,PUTNAM,wicker st,  ,  ,I,G,1.0,0,14-299,,False,N,False,False,V,,,,,False,1.0,CT0011600,134129665338023356,2025-09-30 08:59:26.817000,08:59:26.817000,2025,14-299,,Traffic Control Signal,2025
2026-01-15 11:02:27.200000,8079249.0,CT0011600,Putnam,Racial Profile,10079,2500008716,Incident ID,2025-10-07 00:00:00,October,W,N,M,35,False,False,PUTNAM,Mechanic Street,  ,  ,E,B,1.0,0,14-96b,,False,N,False,False,V,,,,,False,1.0,CT0011600,134129665463332732,2025-10-07 00:21:48.680000,00:21:48.680000,2025,,,Defective Lights,2025
2026-01-15 11:02:27.203000,8079250.0,CT0011600,Putnam,Racial Profile,10079,2500008841,Incident ID,2025-10-10 00:00:00,October,W,N,M,20,True,False,PUTNAM,Church St at Providence,  ,  ,V,B,1.0,0,14-301,,False,N,False,False,V,,,,,False,1.0,CT0011600,134129665463332732,2025-10-10 13:22:28.123000,13:22:28.123000,2025,,,Stop Sign,2025
2026-01-15 11:02:27.223000,8079254.0,CT0011600,Putnam,Racial Profile,10100,2500008953,Incident ID,2025-10-13 00:00:00,October,W,N,M,39,True,False,PUTNAM,293 providence street,  ,  ,V,G,2.0,1,14-12(a)*,,False,N,False,False,I,,,,,False,1.0,CT0011600,134129665463332732,2025-10-13 16:02:53.183000,16:02:53.183000,2025,14-213b,,Registration,2025
2026-01-15 11:02:27.187000,8079246.0,CT0011600,Putnam,Racial Profile,10062,2500009017,Incident ID,2025-10-15 00:00:00,October,W,N,F,29,False,False,PUTNAM,00000 KENNEDY DR,  ,  ,V,G,1.0,0,14-218a,,False,N,False,False,W,,,,,False,1.0,CT0011600,134129665463332732,2025-10-15 17:40:31.280000,17:40:31.280000,2025,,,Speed Related,2025
2026-01-15 11:02:27.240000,8079260.0,CT0011600,Putnam,Racial Profile,1000192,2500009036,Incident ID,2025-10-16 00:00:00,October,W,N,M,43,True,False,PUTNAM,00000 POMFRET ST,  ,  ,V,G,1.0,0,14-218a,,False,N,False,False,W,,,,,False,1.0,CT0011600,134129665463332732,2025-10-16 01:10:12.030000,01:10:12.030000,2025,,,Speed Related,2025
2026-01-15 11:02:27.230000,8079256.0,CT0011600,Putnam,Racial Profile,10113,2500009124,Incident ID,2025-10-17 00:00:00,October,W,N,M,29,True,False,PUTNAM,school/bolles,  ,  ,V,G,1.0,0,14-218a,,False,N,False,False,V,,,,,False,1.0,CT0011600,134129665463332732,2025-10-17 22:16:18.400000,22:16:18.400000,2025,,,Speed Related,2025
2026-01-15 11:02:27.233000,8079257.0,CT0011600,Putnam,Racial Profile,10113,2500009126,Incident ID,2025-10-17 00:00:00,October,W,N,F,43,True,False,Putnam              ,woodstock ae,  ,  ,V,G,1.0,0,14-301,,False,N,False,False,V,,,,,False,1.0,CT0011600,134129665463332732,2025-10-17 23:01:04.330000,23:01:04.330000,2025,,,Stop Sign,2025
2026-01-15 11:02:27.217000,8079252.0,CT0011600,Putnam,Racial Profile,10098,2500009092,Incident ID,2025-10-17 00:00:00,October,W,N,F,21,True,True,PUTNAM,00000 KENNEDY DR,  ,  ,V,B,1.0,0,14-218a,,False,N,False,False,W,,,,,False,1.0,CT0011600,134129665463332732,2025-10-17 01:22:32.113000,01:22:32.113000,2025,14-218,,Speed Related,2025
2026-01-15 11:02:27.223000,8079253.0,CT0011600,Putnam,Racial Profile,10098,2500009095,Incident ID,2025-10-17 00:00:00,October,W,N,M,61,True,False,PUTNAM, KENNEDY DR/CANAL ST,  ,  ,V,B,1.0,0,14-218a,,False,N,False,False,W,,,,,False,1.0,CT0011600,134129665463332732,2025-10-17 01:56:49.867000,01:56:49.867000,2025,14-218,,Speed Related,2025
2026-01-15 11:02:27.213000,8079251.0,CT0011600,Putnam,Racial Profile,10079,2500009209,Incident ID,2025-10-19 00:00:00,October,B,N,M,33,False,False,PUTNAM,School St,  ,  ,E,B,1.0,0,14-96b,,False,N,False,False,V,,,,,False,1.0,CT0011600,134129665463332732,2025-10-19 22:31:11.253000,22:31:11.253000,2025,,,Defective Lights,2025
2026-01-15 11:02:27.240000,8079261.0,CT0011600,Putnam,Racial Profile,1000192,2500009331,Incident ID,2025-10-23 00:00:00,October,W,N,F,36,True,False,PUTNAM,00000 POMFRET ST,  ,  ,V,G,1.0,0,14-218a,,False,N,False,False,W,,,,,False,1.0,CT0011600,134129665463332732,2025-10-23 00:27:04.733000,00:27:04.733000,2025,,,Speed Related,2025
2026-01-15 11:02:27.190000,8079247.0,CT0011600,Putnam,Racial Profile,10062,2500009434,Incident ID,2025-10-24 00:00:00,October,W,N,F,27,False,False,PUTNAM,00320 POMFRET ST,  ,  ,V,G,1.0,0,14-218a,,False,N,False,False,W,,,,,False,1.0,CT0011600,134129665463332732,2025-10-24 17:04:32.150000,17:04:32.150000,2025,,,Speed Related,2025
2026-01-15 11:02:27.177000,8079242.0,CT0011600,Putnam,Racial Profile,10011,2500009473,Incident ID,2025-10-25 00:00:00,October,W,H,F,24,True,True,PUTNAM,mASSICOTTE ST,  ,  ,V,G,1.0,0,14-303,,False,N,False,False,W,,,,,False,1.0,CT0011600,134129665463332732,2025-10-25 11:31:41.650000,11:31:41.650000,2025,14-303,,Other,2025
2026-01-15 11:02:27.180000,8079243.0,CT0011600,Putnam,Racial Profile,10014,2500009475,Incident ID,2025-10-25 00:00:00,October,W,N,F,35,True,False,PUTNAM,PROVIDENCE ST,  ,  ,V,G,1.0,0,14-299,,False,N,False,False,W,,,,,False,1.0,CT0011600,134129665463332732,2025-10-25 13:46:44.500000,13:46:44.500000,2025,14-299,,Traffic Control Signal,2025
2026-01-15 11:02:27.233000,8079258.0,CT0011600,Putnam,Racial Profile,10113,2500009480,Incident ID,2025-10-25 00:00:00,October,W,N,F,56,True,False,Putnam              , MASSICOTTE CIRCLE ,  ,  ,V,G,1.0,0,14-242,,False,N,False,False,W,,,,,False,1.0,CT0011600,134129665463332732,2025-10-25 18:10:31.093000,18:10:31.093000,2025,,,Moving Violation,2025
2026-01-15 11:02:27.230000,8079255.0,CT0011600,Putnam,Racial Profile,10100,2500009488,Incident ID,2025-10-25 00:00:00,October,W,N,M,19,True,False,PUTNAM,00000 SOUTH MAIN ST,  ,  ,V,G,1.0,0,14-242,,False,N,False,False,W,,,,,False,1.0,CT0011600,134129665463332732,2025-10-25 22:21:38.873000,22:21:38.873000,2025,,,Moving Violation,2025
2026-01-15 11:02:27.183000,8079244.0,CT0011600,Putnam,Racial Profile,10014,2500009509,Incident ID,2025-10-26 00:00:00,October,W,N,M,60,True,False,PUTNAM, KENNEDY DR/BUNDY ST,  ,  ,V,G,1.0,0,14-218a,,False,N,False,False,W,,,,,False,1.0,CT0011600,134129665463332732,2025-10-26 09:06:08.943000,09:06:08.943000,2025,,,Speed Related,2025
2026-01-15 11:02:27.183000,8079245.0,CT0011600,Putnam,Racial Profile,10014,2500009614,Incident ID,2025-10-29 00:00:00,October,W,N,M,62,True,False,PUTNAM,00000 KENNEDY DR,  ,  ,V,G,1.0,0,14-218a,,False,N,False,False,W,,,,,False,1.0,CT0011600,134129665463332732,2025-10-29 10:31:09.560000,10:31:09.560000,2025,,,Speed Related,2025
2026-01-15 11:02:27.197000,8079248.0,CT0011600,Putnam,Racial Profile,10067,2500009680,Incident ID,2025-10-31 00:00:00,October,W,N,F,33,False,False,PUTNAM,grove st,  ,  ,V,G,1.0,0,14-299,,False,N,False,False,W,,,,,False,1.0,CT0011600,134129665463332732,2025-10-31 10:23:35.640000,10:23:35.640000,2025,,,Traffic Control Signal,2025
2026-01-15 11:02:27.237000,8079259.0,CT0011600,Putnam,Racial Profile,10113,2500009701,Incident ID,2025-10-31 00:00:00,October,W,N,F,51,False,False,PUTNAM,00000 SCHOOL ST,  ,  ,V,G,1.0,0,14-96a(a),,False,N,False,False,W,,,,,False,1.0,CT0011600,134129665463332732,2025-10-31 21:38:51.410000,21:38:51.410000,2025,,,Defective Lights,2025
2026-01-15 11:02:51.387000,8079282.0,CT0011600,Putnam,Racial Profile,10079,2500009713,Incident ID,2025-11-01 00:00:00,November,B,N,M,28,True,True,PUTNAM,School Street,  ,  ,E,B,1.0,0,14-96b,,False,N,False,False,V,,,,,False,1.0,CT0011600,134129665704116657,2025-11-01 01:05:38.710000,01:05:38.710000,2025,,,Defective Lights,2025
2026-01-15 11:02:51.443000,8079302.0,CT0011600,Putnam,Racial Profile,10100,2500009714,Incident ID,2025-11-01 00:00:00,November,W,H,F,50,False,False,PUTNAM,00000 POMFRET ST,  ,  ,V,G,1.0,0,14-96u,,False,N,False,False,W,,,,,False,1.0,CT0011600,134129665704116657,2025-11-01 01:10:05.227000,01:10:05.227000,2025,,,Defective Lights,2025
2026-01-15 11:02:51.453000,8079306.0,CT0011600,Putnam,Racial Profile,10100,2500009736,Incident ID,2025-11-01 00:00:00,November,W,N,M,36,True,False,PUTNAM,00171 WOODSTOCK AVE,  ,  ,V,G,1.0,0,14-218a,,False,N,False,False,W,,,,,False,1.0,CT0011600,134129665704116657,2025-11-01 21:42:05.823000,21:42:05.823000,2025,,,Speed Related,2025
2026-01-15 11:02:51.473000,8079311.0,CT0011600,Putnam,Racial Profile,10113,2500009712,Incident ID,2025-11-01 00:00:00,November,W,N,M,22,True,False,PUTNAM,00000 FRONT ST,  ,  ,V,G,1.0,0,14-218a,,False,N,False,False,W,,,,,False,1.0,CT0011600,134129665704116657,2025-11-01 00:58:09.633000,00:58:09.633000,2025,,,Speed Related,2025
2026-01-15 11:02:51.353000,8079270.0,CT0011600,Putnam,Racial Profile,10023,2500009734,Incident ID,2025-11-01 00:00:00,November,W,N,F,21,True,False,PUTNAM,GROVE STREET,  ,  ,V,G,1.0,0,14-96,,False,N,False,False,V,,,,,False,1.0,CT0011600,134129665704116657,2025-11-01 21:07:06.780000,21:07:06.780000,2025,,,Defective Lights,2025
2026-01-15 11:02:51.450000,8079305.0,CT0011600,Putnam,Racial Profile,10100,2500009727,Incident ID,2025-11-01 00:00:00,November,W,N,M,61,True,False,PUTNAM,woodstock ave,  ,  ,V,G,1.0,1,14-218a,,False,N,False,False,W,,,,,False,1.0,CT0011600,134129665704116657,2025-11-01 17:47:42.197000,17:47:42.197000,2025,,,Speed Related,2025
2026-01-15 11:02:51.440000,8079301.0,CT0011600,Putnam,Racial Profile,10100,2500009710,Incident ID,2025-11-01 00:00:00,November,W,N,M,36,True,False,Putnam              , KENNEDY RAWSON ,  ,  ,V,G,1.0,0,14-96b,,False,N,False,False,W,,,,,False,1.0,CT0011600,134129665704116657,2025-11-01 00:43:45.157000,00:43:45.157000,2025,,,Defective Lights,2025
2026-01-15 11:02:51.443000,8079303.0,CT0011600,Putnam,Racial Profile,10100,2500009718,Incident ID,2025-11-01 00:00:00,November,B,N,M,19,True,False,PUTNAM, GROVE STREET ,  ,  ,V,G,1.0,0,14-96c,,False,N,False,False,W,,,,,False,1.0,CT0011600,134129665704116657,2025-11-01 01:46:27.940000,01:46:27.940000,2025,,,Defective Lights,2025
2026-01-15 11:02:51.447000,8079304.0,CT0011600,Putnam,Racial Profile,10100,2500009719,Incident ID,2025-11-01 00:00:00,November,W,N,M,24,True,False,PUTNAM,00000 KENNEDY DR,  ,  ,E,G,1.0,0,14-96b,,False,N,False,False,W,,,,,False,1.0,CT0011600,134129665704116657,2025-11-01 02:13:34.600000,02:13:34.600000,2025,,,Defective Lights,2025
2026-01-15 11:02:51.357000,8079271.0,CT0011600,Putnam,Racial Profile,10023,2500009759,Incident ID,2025-11-02 00:00:00,November,W,N,F,17,True,True,PUTNAM,school street,  ,  ,V,G,1.0,0,14-96,,False,N,False,False,V,,,,,False,1.0,CT0011600,134129665704116657,2025-11-02 20:02:39.250000,20:02:39.250000,2025,,,Defective Lights,2025
2026-01-15 11:02:51.510000,8079322.0,CT0011600,Putnam,Racial Profile,1000192,2500009797,Incident ID,2025-11-03 00:00:00,November,W,N,M,39,True,True,PUTNAM,Church St,  ,  ,E,G,1.0,0,14-96c,,False,N,False,False,V,,,,,False,1.0,CT0011600,134129665704116657,2025-11-03 23:36:08.037000,23:36:08.037000,2025,,,Defective Lights,2025
2026-01-15 11:02:51.477000,8079312.0,CT0011600,Putnam,Racial Profile,10113,2500009875,Incident ID,2025-11-05 00:00:00,November,W,N,F,29,False,False,Putnam              ,wicker st,  ,  ,E,G,1.0,0,14-96,,False,N,False,False,V,,,,,False,1.0,CT0011600,134129665704116657,2025-11-05 20:42:57.593000,20:42:57.593000,2025,,,Defective Lights,2025
2026-01-15 11:02:51.390000,8079283.0,CT0011600,Putnam,Racial Profile,10079,2500009982,Incident ID,2025-11-07 00:00:00,November,W,N,F,39,True,True,PUTNAM,School at Mechaninc,  ,  ,E,B,1.0,0,14-96b,,False,N,False,False,V,,,,,False,1.0,CT0011600,134129665704116657,2025-11-07 22:43:11.993000,22:43:11.993000,2025,,,Defective Lights,2025
2026-01-15 11:02:51.360000,8079272.0,CT0011600,Putnam,Racial Profile,10023,2500010020,Incident ID,2025-11-08 00:00:00,November,W,N,M,40,True,False,PUTNAM,KENNEDY DR,  ,  ,V,G,1.0,0,14-218(a),,False,N,False,False,V,,,,,False,1.0,CT0011600,134129665704116657,2025-11-08 23:52:22.880000,23:52:22.880000,2025,14-218(a),,Speed Related,2025
2026-01-15 11:02:51.330000,8079262.0,CT0011600,Putnam,Racial Profile,10011,2500010050,Incident ID,2025-11-09 00:00:00,November,B,N,F,57,False,False,PUTNAM,Providence St / Kennedy Dr,  ,  ,V,G,1.0,0,14-299,,False,N,False,False,W,,,,,False,1.0,CT0011600,134129665704116657,2025-11-09 13:33:10.217000,13:33:10.217000,2025,,,Traffic Control Signal,2025
2026-01-15 11:02:51.363000,8079273.0,CT0011600,Putnam,Racial Profile,10023,2500010021,Incident ID,2025-11-09 00:00:00,November,W,N,M,29,True,True,PUTNAM,KENNEDY DR,  ,  ,V,G,1.0,0,14-299,,False,N,False,False,W,,,,,False,1.0,CT0011600,134129665704116657,2025-11-09 00:01:13.723000,00:01:13.723000,2025,14-299,,Traffic Control Signal,2025
2026-01-15 11:02:51.457000,8079307.0,CT0011600,Putnam,Racial Profile,10100,2500010057,Incident ID,2025-11-09 00:00:00,November,W,N,M,19,True,False,PUTNAM,providence st @ marshall st,  ,  ,E,G,1.0,0,14-96,,False,N,False,False,V,,,,,False,1.0,CT0011600,134129665704116657,2025-11-09 20:00:53.530000,20:00:53.530000,2025,,,Defective Lights,2025
2026-01-15 11:02:51.367000,8079274.0,CT0011600,Putnam,Racial Profile,10023,2500010022,Incident ID,2025-11-09 00:00:00,November,W,N,M,55,False,False,PUTNAM,SCHOOL ST,  ,  ,V,G,2.0,1,14-241,,False,N,False,True,U,,,,,False,1.0,CT0011600,134129665704116657,2025-11-09 00:06:37.593000,00:06:37.593000,2025,14-227,,Moving Violation,2025
2026-01-15 11:02:51.427000,8079296.0,CT0011600,Putnam,Racial Profile,10098,2500010032,Incident ID,2025-11-09 00:00:00,November,A,N,F,25,True,True,PUTNAM,kennedy drive,  ,  ,I,B,1.0,0,na ,,False,N,False,False,N,,,,,False,1.0,CT0011600,134129665704116657,2025-11-09 02:08:40.503000,02:08:40.503000,2025,na,,Other,2025
2026-01-15 11:02:51.390000,8079284.0,CT0011600,Putnam,Racial Profile,10079,2500010069,Incident ID,2025-11-10 00:00:00,November,W,N,F,23,True,True,Putnam              ,Kennedy Drive at the dog park,  ,  ,E,B,1.0,0,14-96b,,False,N,False,False,V,,,,,False,1.0,CT0011600,134129665704116657,2025-11-10 02:39:33.553000,02:39:33.553000,2025,,,Defective Lights,2025
2026-01-15 11:02:51.367000,8079275.0,CT0011600,Putnam,Racial Profile,10023,2500010132,Incident ID,2025-11-11 00:00:00,November,W,N,M,64,True,False,Putnam              ,146 church street ,  ,  ,V,G,2.0,0,14-215,,False,N,False,True,M,,,,,False,1.0,CT0011600,134129665704116657,2025-11-11 22:24:48.030000,22:24:48.030000,2025,14-215,,Administrative Offense,2025
2026-01-15 11:02:51.480000,8079314.0,CT0011600,Putnam,Racial Profile,10113,2500010129,Incident ID,2025-11-11 00:00:00,November,W,N,F,41,True,True,PUTNAM,SCHOOL ST,  ,  ,V,G,1.0,0,14-299,,False,N,False,False,W,,,,,False,1.0,CT0011600,134129665704116657,2025-11-11 16:57:11.980000,16:57:11.980000,2025,,,Traffic Control Signal,2025
2026-01-15 11:02:51.480000,8079313.0,CT0011600,Putnam,Racial Profile,10113,2500010128,Incident ID,2025-11-11 00:00:00,November,W,N,M,41,True,False,PUTNAM,S MAIN,  ,  ,V,G,1.0,0,14-218A,,False,N,False,False,V,,,,,False,1.0,CT0011600,134129665704116657,2025-11-11 16:51:16.910000,16:51:16.910000,2025,,,Speed Related,2025
2026-01-15 11:02:51.430000,8079298.0,CT0011600,Putnam,Racial Profile,10098,2500010153,Incident ID,2025-11-12 00:00:00,November,W,N,M,72,False,False,Putnam              , SCHOOL STREET ,  ,  ,V,B,1.0,0,14-299,,False,N,False,False,W,,,,,False,1.0,CT0011600,134129665704116657,2025-11-12 06:16:05.370000,06:16:05.370000,2025,14-299,,Traffic Control Signal,2025
2026-01-15 11:02:51.460000,8079308.0,CT0011600,Putnam,Racial Profile,10100,2500010166,Incident ID,2025-11-12 00:00:00,November,W,N,F,20,True,True,PUTNAM,00000 SCHOOL ST,  ,  ,V,G,1.0,0,14-96u,,False,N,False,False,W,,,,,False,1.0,CT0011600,134129665704116657,2025-11-12 21:21:21.843000,21:21:21.843000,2025,,,Defective Lights,2025
2026-01-15 11:02:51.430000,8079297.0,CT0011600,Putnam,Racial Profile,10098,2500010144,Incident ID,2025-11-12 00:00:00,November,W,N,M,38,True,False,Putnam              , KENNEDY DRIVE ,  ,  ,V,B,1.0,0,14-218a,,False,N,False,False,W,,,,,False,1.0,CT0011600,134129665704116657,2025-11-12 01:51:41.897000,01:51:41.897000,2025,,,Speed Related,2025
2026-01-15 11:02:51.340000,8079265.0,CT0011600,Putnam,Racial Profile,10014,2500010159,Incident ID,2025-11-12 00:00:00,November,W,N,M,24,True,True,PUTNAM,00029 FARROWS ST,  ,  ,V,G,1.0,0,14-218a,,False,N,False,False,W,,,,,False,1.0,CT0011600,134129665704116657,2025-11-12 12:50:17.520000,12:50:17.520000,2025,,,Speed Related,2025
2026-01-15 11:02:51.377000,8079278.0,CT0011600,Putnam,Racial Profile,10062,2500010165,Incident ID,2025-11-12 00:00:00,November,W,N,F,62,True,True,PUTNAM,Church Street,  ,  ,E,G,1.0,0,14-96a(a),,False,N,False,False,V,,,,,False,1.0,CT0011600,134129665704116657,2025-11-12 21:09:31.723000,21:09:31.723000,2025,,,Defective Lights,2025
2026-01-15 11:02:51.337000,8079264.0,CT0011600,Putnam,Racial Profile,10014,2500010158,Incident ID,2025-11-12 00:00:00,November,W,N,M,54,True,False,PUTNAM,00000 KENNEDY DR,  ,  ,V,G,1.0,0,14-218a,,False,N,False,False,W,,,,,False,1.0,CT0011600,134129665704116657,2025-11-12 11:29:34.950000,11:29:34.950000,2025,,,Speed Related,2025
2026-01-15 11:02:51.393000,8079285.0,CT0011600,Putnam,Racial Profile,10079,2500010195,Incident ID,2025-11-13 00:00:00,November,W,N,M,24,True,False,PUTNAM,School St at Walnut,  ,  ,E,B,1.0,0,14-96b1n1n,,False,N,False,False,V,,,,,False,1.0,CT0011600,134129665704116657,2025-11-13 20:50:39.763000,20:50:39.763000,2025,,,Other,2025
2026-01-15 11:02:51.397000,8079286.0,CT0011600,Putnam,Racial Profile,10079,2500010196,Incident ID,2025-11-13 00:00:00,November,W,N,M,23,False,False,PUTNAM,Providence by town hall,  ,  ,E,B,1.0,0,14-96b,,False,N,False,False,V,,,,,False,1.0,CT0011600,134129665704116657,2025-11-13 20:59:00.893000,20:59:00.893000,2025,,,Defective Lights,2025
2026-01-15 11:02:51.433000,8079299.0,CT0011600,Putnam,Racial Profile,10098,2500010173,Incident ID,2025-11-13 00:00:00,November,W,N,F,24,True,True,PUTNAM, KENNEDY DR/ARCH ST,  ,  ,V,B,1.0,0,14-218a,,False,N,False,False,W,,,,,False,1.0,CT0011600,134129665704116657,2025-11-13 01:47:12.647000,01:47:12.647000,2025,14-218a,,Speed Related,2025
2026-01-15 11:02:51.400000,8079287.0,CT0011600,Putnam,Racial Profile,10079,2500010197,Incident ID,2025-11-13 00:00:00,November,W,N,F,20,True,True,PUTNAM,School St at Mechanic StN,  ,  ,E,B,1.0,0,14-96b,,False,N,False,False,V,,,,,False,1.0,CT0011600,134129665704116657,2025-11-13 21:04:30.020000,21:04:30.020000,2025,,,Defective Lights,2025
2026-01-15 11:02:51.400000,8079288.0,CT0011600,Putnam,Racial Profile,10079,2500010198,Incident ID,2025-11-13 00:00:00,November,W,N,M,36,True,False,PUTNAM,School St at Thompson St,  ,  ,E,B,1.0,0,14-96B,,False,N,False,False,V,,,,,False,1.0,CT0011600,134129665704116657,2025-11-13 22:17:50.553000,22:17:50.553000,2025,14-96B,,Defective Lights,2025
2026-01-15 11:02:51.487000,8079315.0,CT0011600,Putnam,Racial Profile,10113,2500010230,Incident ID,2025-11-14 00:00:00,November,W,N,F,25,True,False,PUTNAM,sabin st @ pomfret st,  ,  ,V,G,1.0,0,14-218(a),,False,N,False,False,V,,,,,False,1.0,CT0011600,134129665704116657,2025-11-14 23:28:29.217000,23:28:29.217000,2025,,,Speed Related,2025
2026-01-15 11:02:51.437000,8079300.0,CT0011600,Putnam,Racial Profile,10098,2500010209,Incident ID,2025-11-14 00:00:00,November,W,N,M,24,True,False,Putnam              , KENNEDY DRIVE ,  ,  ,V,B,1.0,0,14-218a,,False,N,False,False,W,,,,,False,1.0,CT0011600,134129665704116657,2025-11-14 02:02:29.723000,02:02:29.723000,2025,14-218,,Speed Related,2025
2026-01-15 11:02:51.490000,8079316.0,CT0011600,Putnam,Racial Profile,10113,2500010235,Incident ID,2025-11-15 00:00:00,November,B,N,M,26,True,False,PUTNAM,church st @ morse st,  ,  ,V,G,1.0,1,14-301,,False,N,False,False,V,,,,,False,1.0,CT0011600,134129665704116657,2025-11-15 00:48:42.610000,00:48:42.610000,2025,14-301,,Stop Sign,2025
2026-01-15 11:02:51.373000,8079277.0,CT0011600,Putnam,Racial Profile,10027,2500010474,Incident ID,2025-11-19 00:00:00,November,W,H,M,43,True,False,PUTNAM,marshall st,  ,  ,V,B,1.0,0,14-303,,False,N,False,False,I,,,,,False,1.0,CT0011600,134129665704116657,2025-11-19 08:13:30.760000,08:13:30.760000,2025,14-213a,,Other,2025
2026-01-15 11:02:51.490000,8079317.0,CT0011600,Putnam,Racial Profile,10113,2500010482,Incident ID,2025-11-19 00:00:00,November,W,N,F,82,True,False,PUTNAM,kennedy dr,  ,  ,V,G,1.0,0,14-96u,,False,N,False,False,V,,,,,False,1.0,CT0011600,134129665704116657,2025-11-19 18:13:22.940000,18:13:22.940000,2025,,,Defective Lights,2025
2026-01-15 11:02:51.407000,8079289.0,CT0011600,Putnam,Racial Profile,10079,2500010504,Incident ID,2025-11-20 00:00:00,November,W,N,M,32,False,False,PUTNAM,Providence at Powhattan,  ,  ,E,B,1.0,0,14-96b,,False,N,False,False,V,,,,,False,1.0,CT0011600,134129665704116657,2025-11-20 20:12:51.713000,20:12:51.713000,2025,,,Defective Lights,2025
2026-01-15 11:02:51.410000,8079290.0,CT0011600,Putnam,Racial Profile,10079,2500010505,Incident ID,2025-11-20 00:00:00,November,W,N,M,31,True,False,PUTNAM,Providence at Powhattan,  ,  ,E,B,1.0,0,14-96b,,False,N,False,False,V,,,,,False,1.0,CT0011600,134129665704116657,2025-11-20 20:18:18.807000,20:18:18.807000,2025,,,Defective Lights,2025
2026-01-15 11:02:51.413000,8079291.0,CT0011600,Putnam,Racial Profile,10079,2500010508,Incident ID,2025-11-20 00:00:00,November,W,N,M,18,True,True,PUTNAM,Providence at Church,  ,  ,E,B,1.0,0,14-96b,,False,N,False,False,I,,,,,False,1.0,CT0011600,134129665704116657,2025-11-20 21:09:24.630000,21:09:24.630000,2025,,,Defective Lights,2025
2026-01-15 11:02:51.460000,8079309.0,CT0011600,Putnam,Racial Profile,10100,2500010502,Incident ID,2025-11-20 00:00:00,November,W,N,F,17,True,False,PUTNAM,00000 WOODSTOCK AVE,  ,  ,V,G,1.0,0,14-301,,False,N,False,False,W,,,,,False,1.0,CT0011600,134129665704116657,2025-11-20 19:46:19.077000,19:46:19.077000,2025,,,Stop Sign,2025
2026-01-15 11:02:51.517000,8079323.0,CT0011600,Putnam,Racial Profile,1000192,2500010537,Incident ID,2025-11-21 00:00:00,November,W,N,F,21,True,False,PUTNAM,00391 POMFRET ST,  ,  ,V,G,1.0,0,14-218a,,False,N,False,False,W,,,,,False,1.0,CT0011600,134129665704116657,2025-11-21 23:53:06.753000,23:53:06.753000,2025,,,Speed Related,2025
2026-01-15 11:02:51.343000,8079266.0,CT0011600,Putnam,Racial Profile,10014,2500010522,Incident ID,2025-11-21 00:00:00,November,W,N,M,70,True,False,PUTNAM,00000 KENNEDY DR,  ,  ,V,G,1.0,0,14-236,,False,N,False,False,W,,,,,False,1.0,CT0011600,134129665704116657,2025-11-21 10:21:39.077000,10:21:39.077000,2025,,,Moving Violation,2025
2026-01-15 11:02:51.380000,8079279.0,CT0011600,Putnam,Racial Profile,10062,2500010562,Incident ID,2025-11-22 00:00:00,November,W,N,M,23,True,False,PUTNAM,00000 KENNEDY DR,  ,  ,V,G,1.0,0,14-218a,,False,N,False,False,W,,,,,False,1.0,CT0011600,134129665704116657,2025-11-22 21:45:35.547000,21:45:35.547000,2025,,,Speed Related,2025
2026-01-15 11:02:51.420000,8079294.0,CT0011600,Putnam,Racial Profile,10079,2500010563,Incident ID,2025-11-22 00:00:00,November,W,N,F,61,True,True,Putnam              ,School St at Walnut St,  ,  ,E,B,1.0,0,14-96b,,False,N,False,False,V,,,,,False,1.0,CT0011600,134129665704116657,2025-11-22 22:30:12.783000,22:30:12.783000,2025,14-36b2,,Defective Lights,2025
2026-01-15 11:02:51.417000,8079293.0,CT0011600,Putnam,Racial Profile,10079,2500010560,Incident ID,2025-11-22 00:00:00,November,W,N,M,20,True,True,PUTNAM,School St at Mechanic St,  ,  ,E,B,1.0,0,14096a,,False,N,False,False,V,,,,,False,1.0,CT0011600,134129665704116657,2025-11-22 20:03:16.670000,20:03:16.670000,2025,,,Other,2025
2026-01-15 11:02:51.413000,8079292.0,CT0011600,Putnam,Racial Profile,10079,2500010559,Incident ID,2025-11-22 00:00:00,November,W,N,M,47,True,True,Putnam              ,School St at Mechanic St,  ,  ,E,B,1.0,0,14-96a,,False,N,False,False,V,,,,,False,1.0,CT0011600,134129665704116657,2025-11-22 19:53:59.173000,19:53:59.173000,2025,,,Defective Lights,2025
2026-01-15 11:02:51.370000,8079276.0,CT0011600,Putnam,Racial Profile,10023,2500010595,Incident ID,2025-11-23 00:00:00,November,W,N,M,58,True,False,PUTNAM,Providence St / Kennedy Dr,  ,  ,V,G,1.0,0,14-299,,False,N,False,False,W,,,,,False,1.0,CT0011600,134129665704116657,2025-11-23 08:22:24.403000,08:22:24.403000,2025,14-299,,Traffic Control Signal,2025
2026-01-15 11:02:51.423000,8079295.0,CT0011600,Putnam,Racial Profile,10079,2500010582,Incident ID,2025-11-23 00:00:00,November,W,N,M,47,True,True,PUTNAM,School St,  ,  ,E,B,1.0,0,14-96a,,False,N,False,False,V,,,,,False,1.0,CT0011600,134129665704116657,2025-11-23 02:33:49.163000,02:33:49.163000,2025,,,Defective Lights,2025
2026-01-15 11:02:51.347000,8079267.0,CT0011600,Putnam,Racial Profile,10014,2500010636,Incident ID,2025-11-24 00:00:00,November,W,N,F,49,True,False,PUTNAM,00000 KENNEDY DR,  ,  ,V,G,1.0,0,14-218a,,False,N,False,False,W,,,,,False,1.0,CT0011600,134129665704116657,2025-11-24 12:05:11.490000,12:05:11.490000,2025,,,Speed Related,2025
2026-01-15 11:02:51.380000,8079280.0,CT0011600,Putnam,Racial Profile,10062,2500010689,Incident ID,2025-11-25 00:00:00,November,W,N,F,26,True,False,PUTNAM,Kennedy Dr,  ,  ,E,G,1.0,0,14-96a(a),,False,N,False,False,V,,,,,False,1.0,CT0011600,134129665704116657,2025-11-25 17:31:50.377000,17:31:50.377000,2025,,,Defective Lights,2025
2026-01-15 11:02:51.507000,8079320.0,CT0011600,Putnam,Racial Profile,10113,2500010688,Incident ID,2025-11-25 00:00:00,November,W,N,F,30,True,False,PUTNAM, GROVE STREET ST,  ,  ,V,G,1.0,0,14-218a,,False,N,False,False,W,,,,,False,1.0,CT0011600,134129665704116657,2025-11-25 17:12:35.017000,17:12:35.017000,2025,,,Speed Related,2025
2026-01-15 11:02:51.497000,8079318.0,CT0011600,Putnam,Racial Profile,10113,2500010685,Incident ID,2025-11-25 00:00:00,November,W,N,M,21,True,False,PUTNAM,00263 WOODSTOCK AVE,  ,  ,V,G,1.0,0,14-218a,,False,N,False,False,W,,,,,False,1.0,CT0011600,134129665704116657,2025-11-25 16:39:36.387000,16:39:36.387000,2025,,,Speed Related,2025
2026-01-15 11:02:51.497000,8079319.0,CT0011600,Putnam,Racial Profile,10113,2500010687,Incident ID,2025-11-25 00:00:00,November,W,N,F,19,True,False,PUTNAM,GROVE ST,  ,  ,V,G,1.0,0,14-218A,,False,N,False,False,V,,,,,False,1.0,CT0011600,134129665704116657,2025-11-25 17:08:27.293000,17:08:27.293000,2025,,,Speed Related,2025
2026-01-15 11:02:51.510000,8079321.0,CT0011600,Putnam,Racial Profile,10113,2500010690,Incident ID,2025-11-25 00:00:00,November,W,N,M,29,True,False,PUTNAM,GROVE STREET/KILLINGLY AVE,  ,  ,V,G,1.0,0,14-218A,,False,N,False,False,W,,,,,False,1.0,CT0011600,134129665704116657,2025-11-25 18:00:16.680000,18:00:16.680000,2025,,,Speed Related,2025
2026-01-15 11:02:51.467000,8079310.0,CT0011600,Putnam,Racial Profile,10100,2500010727,Incident ID,2025-11-26 00:00:00,November,W,N,M,21,True,False,PUTNAM,00000 WOODSTOCK AVE,  ,  ,V,G,1.0,0,14-218a,,False,N,False,False,W,,,,,False,1.0,CT0011600,134129665704116657,2025-11-26 17:43:25.190000,17:43:25.190000,2025,,,Speed Related,2025
2026-01-15 11:02:51.383000,8079281.0,CT0011600,Putnam,Racial Profile,10062,2500010772,Incident ID,2025-11-28 00:00:00,November,W,N,M,41,True,False,PUTNAM,00000 POMFRET ST,  ,  ,V,G,1.0,0,14-218a,,False,N,False,False,W,,,,,False,1.0,CT0011600,134129665704116657,2025-11-28 17:50:41.763000,17:50:41.763000,2025,,,Speed Related,2025
2026-01-15 11:02:51.330000,8079263.0,CT0011600,Putnam,Racial Profile,10011,2500010804,Incident ID,2025-11-29 00:00:00,November,W,N,M,29,True,True,PUTNAM,Lamothe St/Providence ST,  ,  ,V,G,1.0,0,14-232-1,,False,N,False,False,W,,,,,False,1.0,CT0011600,134129665704116657,2025-11-29 11:02:31.110000,11:02:31.110000,2025,14-232-1,,Moving Violation,2025
2026-01-15 11:02:51.350000,8079268.0,CT0011600,Putnam,Racial Profile,10014,2500010837,Incident ID,2025-11-30 00:00:00,November,W,N,F,47,True,True,PUTNAM, KENNEDY DR/POMFRET ST,  ,  ,V,G,1.0,0,14-218a,,False,N,False,False,W,,,,,False,1.0,CT0011600,134129665704116657,2025-11-30 09:01:49.683000,09:01:49.683000,2025,,,Speed Related,2025
2026-01-15 11:02:51.353000,8079269.0,CT0011600,Putnam,Racial Profile,10014,2500010838,Incident ID,2025-11-30 00:00:00,November,W,N,M,56,True,True,PUTNAM,00000 GROVE STREET ST,  ,  ,V,G,1.0,0,14-218a,,False,N,False,False,W,,,,,False,1.0,CT0011600,134129665704116657,2025-11-30 09:29:20.730000,09:29:20.730000,2025,,,Speed Related,2025
2026-01-15 11:03:03.810000,8079362.0,CT0011600,Putnam,Racial Profile,10113,2500010884,Incident ID,2025-12-01 00:00:00,December,W,N,F,40,True,True,PUTNAM,00000 SOUTH MAIN ST,  ,  ,V,G,1.0,0,14-218a,,False,N,False,False,W,,,,,False,1.0,CT0011600,134129665827203108,2025-12-01 20:02:41.210000,20:02:41.210000,2025,,,Speed Related,2025
2026-01-15 11:03:03.813000,8079364.0,CT0011600,Putnam,Racial Profile,10113,2500010887,Incident ID,2025-12-01 00:00:00,December,A,M,M,25,True,False,PUTNAM,00000 SCHOOL ST,  ,  ,V,G,1.0,0,14-218a,,False,N,False,False,W,,,,,False,1.0,CT0011600,134129665827203108,2025-12-01 20:44:16.780000,20:44:16.780000,2025,,,Speed Related,2025
2026-01-15 11:03:03.743000,8079335.0,CT0011600,Putnam,Racial Profile,10062,2500010888,Incident ID,2025-12-01 00:00:00,December,W,N,F,50,True,True,PUTNAM,Pomfret Street,  ,  ,V,G,2.0,0,14-218a,,False,N,False,False,I,,,,,False,1.0,CT0011600,134129665827203108,2025-12-01 20:54:56.790000,20:54:56.790000,2025,14-213b,,Speed Related,2025
2026-01-15 11:03:03.813000,8079363.0,CT0011600,Putnam,Racial Profile,10113,2500010886,Incident ID,2025-12-01 00:00:00,December,A,N,F,40,True,False,Putnam              , UNION SQUARE ,  ,  ,V,G,1.0,0,14-218a,,False,N,False,False,W,,,,,False,1.0,CT0011600,134129665827203108,2025-12-01 20:26:40.690000,20:26:40.690000,2025,,,Speed Related,2025
2026-01-15 11:03:03.817000,8079365.0,CT0011600,Putnam,Racial Profile,10113,2500010954,Incident ID,2025-12-02 00:00:00,December,W,N,M,69,True,False,PUTNAM,church st,  ,  ,I,G,1.0,0,14-299,,False,N,False,False,W,,,,,False,1.0,CT0011600,134129665827203108,2025-12-02 15:46:49.117000,15:46:49.117000,2025,,,Traffic Control Signal,2025
2026-01-15 11:03:03.843000,8079375.0,CT0011600,Putnam,Racial Profile,1000192,2500010895,Incident ID,2025-12-02 00:00:00,December,W,N,F,37,True,False,PUTNAM,00190 KENNEDY DR,  ,  ,V,G,1.0,0,14-218a,,False,N,False,False,W,,,,,False,1.0,CT0011600,134129665827203108,2025-12-02 00:39:25.520000,00:39:25.520000,2025,,,Speed Related,2025
2026-01-15 11:03:03.763000,8079343.0,CT0011600,Putnam,Racial Profile,10079,2500011028,Incident ID,2025-12-05 00:00:00,December,W,N,M,34,True,False,PUTNAM,Providence St,  ,  ,E,G,1.0,0,14-96b,,False,N,False,False,V,,,,,False,1.0,CT0011600,134129665827203108,2025-12-05 00:06:24.790000,00:06:24.790000,2025,,,Defective Lights,2025
2026-01-15 11:03:03.800000,8079358.0,CT0011600,Putnam,Racial Profile,10100,2500011059,Incident ID,2025-12-05 00:00:00,December,W,N,F,17,True,False,PUTNAM,00207 PROVIDENCE ST,  ,  ,V,G,1.0,0,14-218a,,False,N,False,False,W,,,,,False,1.0,CT0011600,134129665827203108,2025-12-05 21:55:04.563000,21:55:04.563000,2025,14-218a,,Speed Related,2025
2026-01-15 11:03:03.760000,8079342.0,CT0011600,Putnam,Racial Profile,10067,2500011051,Incident ID,2025-12-05 00:00:00,December,W,N,F,41,False,False,PUTNAM,Keech Street,  ,  ,I,G,2.0,0,14-215,,False,N,False,False,M,,,,,False,1.0,CT0011600,134129665827203108,2025-12-05 14:21:39.953000,14:21:39.953000,2025,14-215,,Administrative Offense,2025
2026-01-15 11:03:03.743000,8079336.0,CT0011600,Putnam,Racial Profile,10062,2500011122,Incident ID,2025-12-07 00:00:00,December,W,N,F,37,True,False,PUTNAM,Pomfret Street,  ,  ,E,G,1.0,0,14-96a(a),,False,N,False,False,V,,,,,False,1.0,CT0011600,134129665827203108,2025-12-07 19:09:58.720000,19:09:58.720000,2025,,,Defective Lights,2025
2026-01-15 11:03:03.823000,8079367.0,CT0011600,Putnam,Racial Profile,10113,2500011150,Incident ID,2025-12-08 00:00:00,December,W,N,M,21,True,False,PUTNAM, GROVE STREET ST,  ,  ,V,G,1.0,0,14-218a,,False,N,False,False,W,,,,,False,1.0,CT0011600,134129665827203108,2025-12-08 17:59:31.573000,17:59:31.573000,2025,,,Speed Related,2025
2026-01-15 11:03:03.803000,8079359.0,CT0011600,Putnam,Racial Profile,10100,2500011151,Incident ID,2025-12-08 00:00:00,December,W,N,F,33,True,False,Putnam              , SCHOOL STREET ,  ,  ,V,G,1.0,0,14-299,,False,N,False,False,W,,,,,False,1.0,CT0011600,134129665827203108,2025-12-08 18:26:20.520000,18:26:20.520000,2025,,,Traffic Control Signal,2025
2026-01-15 11:03:03.820000,8079366.0,CT0011600,Putnam,Racial Profile,10113,2500011149,Incident ID,2025-12-08 00:00:00,December,W,N,F,62,False,False,PUTNAM,00000 PROVIDENCE ST,  ,  ,V,G,1.0,0,14-299,,False,N,False,False,W,,,,,False,1.0,CT0011600,134129665827203108,2025-12-08 17:00:19.310000,17:00:19.310000,2025,,,Traffic Control Signal,2025
2026-01-15 11:03:03.823000,8079368.0,CT0011600,Putnam,Racial Profile,10113,2500011154,Incident ID,2025-12-08 00:00:00,December,W,N,F,34,True,False,Putnam              , BROKEN CRUST ,  ,  ,V,G,1.0,0,14-218a,,False,N,False,False,W,,,,,False,1.0,CT0011600,134129665827203108,2025-12-08 21:43:22.080000,21:43:22.080000,2025,,,Speed Related,2025
2026-01-15 11:03:03.827000,8079369.0,CT0011600,Putnam,Racial Profile,10113,2500011208,Incident ID,2025-12-10 00:00:00,December,W,N,F,87,True,False,PUTNAM,00000 WOODSTOCK AVE,  ,  ,V,G,1.0,0,14-96a(a),,False,N,False,False,W,,,,,False,1.0,CT0011600,134129665827203108,2025-12-10 16:48:01.733000,16:48:01.733000,2025,,,Defective Lights,2025
2026-01-15 11:03:03.710000,8079324.0,CT0011600,Putnam,Racial Profile,10014,2500011201,Incident ID,2025-12-10 00:00:00,December,W,N,M,43,True,False,PUTNAM,kennedy dr,  ,  ,V,G,1.0,0,14-218a,,False,N,False,False,W,,,,,False,1.0,CT0011600,134129665827203108,2025-12-10 09:04:55.487000,09:04:55.487000,2025,14-218a,,Speed Related,2025
2026-01-15 11:03:03.747000,8079337.0,CT0011600,Putnam,Racial Profile,10062,2500011280,Incident ID,2025-12-12 00:00:00,December,W,N,M,66,True,True,PUTNAM,Church Street ,  ,  ,E,G,1.0,0,14-96a(a),,False,N,False,False,V,,,,,False,1.0,CT0011600,134129665827203108,2025-12-12 17:31:41.747000,17:31:41.747000,2025,,,Defective Lights,2025
2026-01-15 11:03:03.717000,8079326.0,CT0011600,Putnam,Racial Profile,10023,2500011288,Incident ID,2025-12-13 00:00:00,December,W,N,F,21,True,True,PUTNAM,School St @ Mechanic St,  ,  ,V,G,1.0,0,14-242,,False,N,False,False,V,,,,,False,1.0,CT0011600,134129665827203108,2025-12-13 00:38:26.250000,00:38:26.250000,2025,14-242,,Moving Violation,2025
2026-01-15 11:03:03.720000,8079327.0,CT0011600,Putnam,Racial Profile,10023,2500011290,Incident ID,2025-12-13 00:00:00,December,W,N,M,22,True,False,PUTNAM,Winy Radio,  ,  ,V,G,1.0,0,14-218(a),,False,N,False,False,V,,,,,False,1.0,CT0011600,134129665827203108,2025-12-13 00:59:51.980000,00:59:51.980000,2025,14-218(a),,Speed Related,2025
2026-01-15 11:03:03.833000,8079371.0,CT0011600,Putnam,Racial Profile,10113,2500011313,Incident ID,2025-12-13 00:00:00,December,W,N,M,19,True,False,PUTNAM, GROVE STREET ,  ,  ,V,G,1.0,0,14-218a,,False,N,False,False,W,,,,,False,1.0,CT0011600,134129665827203108,2025-12-13 18:38:55.520000,18:38:55.520000,2025,,,Speed Related,2025
2026-01-15 11:03:03.713000,8079325.0,CT0011600,Putnam,Racial Profile,10023,2500011286,Incident ID,2025-12-13 00:00:00,December,W,N,M,24,True,True,Putnam              ,POMFRET ST @ SABIN ST,  ,  ,V,G,1.0,0,14-218(a),,False,N,False,False,V,,,,,False,1.0,CT0011600,134129665827203108,2025-12-13 00:21:59.373000,00:21:59.373000,2025,14-218(a),,Speed Related,2025
2026-01-15 11:03:03.830000,8079370.0,CT0011600,Putnam,Racial Profile,10113,2500011308,Incident ID,2025-12-13 00:00:00,December,W,N,M,41,True,True,PUTNAM, VAN DEN NOORT ST/PROVIDENCE ST,  ,  ,V,G,1.0,0,14-299,,False,N,False,False,W,,,,,False,1.0,CT0011600,134129665827203108,2025-12-13 17:50:57.550000,17:50:57.550000,2025,,,Traffic Control Signal,2025
2026-01-15 11:03:03.750000,8079338.0,CT0011600,Putnam,Racial Profile,10062,2500011307,Incident ID,2025-12-13 00:00:00,December,W,N,F,17,True,False,PUTNAM,00391 POMFRET ST,  ,  ,V,G,1.0,0,14-218a,,False,N,False,False,W,,,,,False,1.0,CT0011600,134129665827203108,2025-12-13 17:32:29.680000,17:32:29.680000,2025,,,Speed Related,2025
2026-01-15 11:03:03.837000,8079372.0,CT0011600,Putnam,Racial Profile,10113,2500011541,Incident ID,2025-12-16 00:00:00,December,A,N,F,51,False,False,PUTNAM,providence st,  ,  ,V,G,1.0,0,14-301,,False,N,False,False,V,,,,,False,1.0,CT0011600,134129665827203108,2025-12-16 19:38:10.790000,19:38:10.790000,2025,,,Stop Sign,2025
2026-01-15 11:03:03.730000,8079330.0,CT0011600,Putnam,Racial Profile,10027,2500011527,Incident ID,2025-12-16 00:00:00,December,W,N,M,36,True,True,PUTNAM,00251 CHURCH ST,  ,  ,V,G,1.0,0,14-299,,False,N,False,False,V,,,,,False,1.0,CT0011600,134129665827203108,2025-12-16 07:44:28.903000,07:44:28.903000,2025,14-299,,Traffic Control Signal,2025
2026-01-15 11:03:03.767000,8079344.0,CT0011600,Putnam,Racial Profile,10079,2500011542,Incident ID,2025-12-16 00:00:00,December,W,H,M,32,False,True,PUTNAM,School St,  ,  ,E,G,1.0,0,14-96b,,False,N,False,False,V,,,,,False,1.0,CT0011600,134129665827203108,2025-12-16 19:44:36.680000,19:44:36.680000,2025,,,Defective Lights,2025
2026-01-15 11:03:03.770000,8079346.0,CT0011600,Putnam,Racial Profile,10079,2500011545,Incident ID,2025-12-16 00:00:00,December,B,N,M,34,False,False,PUTNAM,School St,  ,  ,E,G,1.0,0,14-96b,,False,N,False,False,V,,,,,False,1.0,CT0011600,134129665827203108,2025-12-16 22:24:17.547000,22:24:17.547000,2025,,,Defective Lights,2025
2026-01-15 11:03:03.770000,8079345.0,CT0011600,Putnam,Racial Profile,10079,2500011543,Incident ID,2025-12-16 00:00:00,December,W,N,M,30,False,False,PUTNAM,School St.,  ,  ,E,G,1.0,0,14-96b,,False,N,False,False,V,,,,,False,1.0,CT0011600,134129665827203108,2025-12-16 21:15:10.173000,21:15:10.173000,2025,,,Defective Lights,2025
2026-01-15 11:03:03.807000,8079360.0,CT0011600,Putnam,Racial Profile,10100,2500011538,Incident ID,2025-12-16 00:00:00,December,W,N,M,43,True,True,PUTNAM,00000 MAYNARD ST,  ,  ,E,G,1.0,0,14-99f(b),,False,N,False,False,W,,,,,False,1.0,CT0011600,134129665827203108,2025-12-16 17:30:31.053000,17:30:31.053000,2025,,,Window Tint,2025
2026-01-15 11:03:03.773000,8079347.0,CT0011600,Putnam,Racial Profile,10079,2500011590,Incident ID,2025-12-17 00:00:00,December,W,N,F,61,True,True,PUTNAM,Providence St,  ,  ,E,G,1.0,0,14-96b,,False,N,False,False,V,,,,,False,1.0,CT0011600,134129665827203108,2025-12-17 19:24:29.357000,19:24:29.357000,2025,,,Defective Lights,2025
2026-01-15 11:03:03.773000,8079348.0,CT0011600,Putnam,Racial Profile,10079,2500011594,Incident ID,2025-12-17 00:00:00,December,W,H,M,44,True,True,PUTNAM,Providence St,  ,  ,E,G,1.0,0,14-98a,,False,N,False,False,V,,,,,False,1.0,CT0011600,134129665827203108,2025-12-17 21:50:37.573000,21:50:37.573000,2025,,,Other,2025
2026-01-15 11:03:03.753000,8079339.0,CT0011600,Putnam,Racial Profile,10062,2500011672,Incident ID,2025-12-19 00:00:00,December,W,N,M,24,True,False,Putnam              , KENNEDY DRIVE ,  ,  ,V,G,1.0,0,14-218a,,False,N,False,False,W,,,,,False,1.0,CT0011600,134129665827203108,2025-12-19 04:48:32.513000,04:48:32.513000,2025,,,Speed Related,2025
2026-01-15 11:03:03.723000,8079328.0,CT0011600,Putnam,Racial Profile,10023,2500011682,Incident ID,2025-12-19 00:00:00,December,W,N,F,55,True,True,PUTNAM,woodstock ave,  ,  ,V,G,1.0,0,14-299,,False,N,False,False,V,,,,,False,1.0,CT0011600,134129665827203108,2025-12-19 16:44:45.720000,16:44:45.720000,2025,,,Traffic Control Signal,2025
2026-01-15 11:03:03.727000,8079329.0,CT0011600,Putnam,Racial Profile,10023,2500011730,Incident ID,2025-12-20 00:00:00,December,A,M,M,42,True,True,PUTNAM,van den noort st,  ,  ,V,G,1.0,0,14-299,,False,N,False,False,V,,,,,False,1.0,CT0011600,134129665827203108,2025-12-20 17:38:33.950000,17:38:33.950000,2025,14-299,,Traffic Control Signal,2025
2026-01-15 11:03:03.757000,8079340.0,CT0011600,Putnam,Racial Profile,10062,2500011710,Incident ID,2025-12-20 00:00:00,December,W,N,F,41,True,False,PUTNAM,Pomfret Street,  ,  ,V,G,1.0,0,14-218a,,False,N,False,False,V,,,,,False,1.0,CT0011600,134129665827203108,2025-12-20 02:18:42.380000,02:18:42.380000,2025,,,Speed Related,2025
2026-01-15 11:03:03.840000,8079373.0,CT0011600,Putnam,Racial Profile,10113,2500011732,Incident ID,2025-12-20 00:00:00,December,W,N,M,22,True,False,PUTNAM,00000 PROVIDENCE ST,  ,  ,V,G,2.0,0,14-96b,,False,N,False,False,W,,,,,False,1.0,CT0011600,134129665827203108,2025-12-20 18:26:05.180000,18:26:05.180000,2025,,,Defective Lights,2025
2026-01-15 11:03:03.807000,8079361.0,CT0011600,Putnam,Racial Profile,10100,2500011698,Incident ID,2025-12-20 00:00:00,December,W,N,M,32,True,True,PUTNAM,00000 PROVIDENCE ST,  ,  ,E,G,1.0,0,14-96B,,False,N,False,False,W,,,,,False,1.0,CT0011600,134129665827203108,2025-12-20 00:31:21.370000,00:31:21.370000,2025,,,Defective Lights,2025
2026-01-15 11:03:03.847000,8079376.0,CT0011600,Putnam,Racial Profile,1000192,2500011704,Incident ID,2025-12-20 00:00:00,December,W,N,F,28,True,True,PUTNAM,Providence Street,  ,  ,V,G,1.0,0,14-218a,,False,N,False,False,W,,,,,False,1.0,CT0011600,134129665827203108,2025-12-20 01:06:11.433000,01:06:11.433000,2025,,,Speed Related,2025
2026-01-15 11:03:03.733000,8079331.0,CT0011600,Putnam,Racial Profile,10052,2500011696,Incident ID,2025-12-20 00:00:00,December,W,N,M,21,True,False,PUTNAM,00000 SCHOOL ST,  ,  ,V,G,1.0,0,14-296aa(b1st,,False,N,False,False,W,,,,,False,1.0,CT0011600,134129665827203108,2025-12-20 00:19:40.303000,00:19:40.303000,2025,,,Cell Phone,2025
2026-01-15 11:03:03.733000,8079332.0,CT0011600,Putnam,Racial Profile,10052,2500011708,Incident ID,2025-12-20 00:00:00,December,W,M,M,40,False,False,PUTNAM,Grove Street,  ,  ,V,G,1.0,0,14-220,,False,N,False,False,V,,,,,False,1.0,CT0011600,134129665827203108,2025-12-20 02:05:14.330000,02:05:14.330000,2025,,,Other,2025
2026-01-15 11:03:03.790000,8079355.0,CT0011600,Putnam,Racial Profile,10098,2500011755,Incident ID,2025-12-21 00:00:00,December,W,N,F,27,True,True,Putnam              ,kennedy drive,  ,  ,V,G,1.0,0,14-218,,False,N,False,False,W,,,,,False,1.0,CT0011600,134129665827203108,2025-12-21 01:17:59.140000,01:17:59.140000,2025,14-218,,Speed Related,2025
2026-01-15 11:03:03.793000,8079356.0,CT0011600,Putnam,Racial Profile,10098,2500011765,Incident ID,2025-12-21 00:00:00,December,W,H,F,29,True,False,Putnam              ,Kennedy Drive ,  ,  ,V,G,1.0,0,14-218a,,False,N,False,False,W,,,,,False,1.0,CT0011600,134129665827203108,2025-12-21 02:12:41.157000,02:12:41.157000,2025,,,Speed Related,2025
2026-01-15 11:03:03.757000,8079341.0,CT0011600,Putnam,Racial Profile,10062,2500011777,Incident ID,2025-12-21 00:00:00,December,W,N,F,42,True,False,PUTNAM,School Street,  ,  ,E,G,1.0,0,14-96a(a),,False,N,False,False,V,,,,,False,1.0,CT0011600,134129665827203108,2025-12-21 03:41:41.607000,03:41:41.607000,2025,,,Defective Lights,2025
2026-01-15 11:03:03.797000,8079357.0,CT0011600,Putnam,Racial Profile,10098,2500011770,Incident ID,2025-12-21 00:00:00,December,W,N,F,23,True,False,PUTNAM,00000 KENNEDY DR,  ,  ,V,G,1.0,0,14-218a,,False,N,False,False,W,,,,,False,1.0,CT0011600,134129665827203108,2025-12-21 02:48:27.870000,02:48:27.870000,2025,,,Speed Related,2025
2026-01-15 11:03:03.840000,8079374.0,CT0011600,Putnam,Racial Profile,10113,2500011791,Incident ID,2025-12-21 00:00:00,December,B,N,M,46,False,False,PUTNAM,00000 CHURCH ST,  ,  ,V,G,1.0,0,14-296aa,,False,N,False,False,W,,,,,False,1.0,CT0011600,134129665827203108,2025-12-21 20:42:22.767000,20:42:22.767000,2025,,,Cell Phone,2025
2026-01-15 11:03:03.850000,8079377.0,CT0011600,Putnam,Racial Profile,1000192,2500012031,Incident ID,2025-12-27 00:00:00,December,W,N,M,19,True,False,PUTNAM,00000 KENNEDY DR,  ,  ,V,T,1.0,0,14-218a,,False,N,False,False,W,,,,,False,1.0,CT0011600,134129665827203108,2025-12-27 16:45:42.957000,16:45:42.957000,2025,14-218a,,Speed Related,2025
2026-01-15 11:03:03.777000,8079349.0,CT0011600,Putnam,Racial Profile,10079,2500012062,Incident ID,2025-12-28 00:00:00,December,B,N,M,30,True,True,PUTNAM,Providence ST,  ,  ,E,G,1.0,0,14-96a,,False,N,False,False,V,,,,,False,1.0,CT0011600,134129665827203108,2025-12-28 20:43:13.790000,20:43:13.790000,2025,,,Defective Lights,2025
2026-01-15 11:03:03.780000,8079350.0,CT0011600,Putnam,Racial Profile,10079,2500012065,Incident ID,2025-12-28 00:00:00,December,W,H,M,36,True,True,PUTNAM,Walnut St.,  ,  ,E,G,1.0,0,14-96a,,False,N,False,False,V,,,,,False,1.0,CT0011600,134129665827203108,2025-12-28 20:52:54.060000,20:52:54.060000,2025,,,Defective Lights,2025
2026-01-15 11:03:03.783000,8079351.0,CT0011600,Putnam,Racial Profile,10079,2500012067,Incident ID,2025-12-28 00:00:00,December,W,N,F,18,True,True,PUTNAM,Providence St,  ,  ,E,G,1.0,0,14-96a,,False,N,False,False,V,,,,,False,1.0,CT0011600,134129665827203108,2025-12-28 21:15:48.627000,21:15:48.627000,2025,,,Defective Lights,2025
2026-01-15 11:03:03.737000,8079333.0,CT0011600,Putnam,Racial Profile,10052,2500012068,Incident ID,2025-12-28 00:00:00,December,W,H,M,29,True,False,PUTNAM, KENNEDY DR/PROVIDENCE ST,  ,  ,V,G,2.0,0,14-218a,,True,O,False,False,W,,,,,False,1.0,CT0011600,134129665827203108,2025-12-28 21:18:42.727000,21:18:42.727000,2025,,,Speed Related,2025
2026-01-15 11:03:03.783000,8079352.0,CT0011600,Putnam,Racial Profile,10079,2500012110,Incident ID,2025-12-30 00:00:00,December,W,N,M,24,True,True,Putnam              ,fMechanic St,  ,  ,E,G,1.0,0,14-96a,,False,N,False,False,N,,,,,False,1.0,CT0011600,134129665827203108,2025-12-30 19:34:35.950000,19:34:35.950000,2025,,,Defective Lights,2025
2026-01-15 11:03:03.787000,8079353.0,CT0011600,Putnam,Racial Profile,10079,2500012112,Incident ID,2025-12-30 00:00:00,December,W,N,M,64,True,True,PUTNAM,School St,  ,  ,E,G,1.0,0,14-96a,,False,N,False,False,V,,,,,False,1.0,CT0011600,134129665827203108,2025-12-30 20:43:13.083000,20:43:13.083000,2025,,,Defective Lights,2025
2026-01-15 11:03:03.790000,8079354.0,CT0011600,Putnam,Racial Profile,10079,2500012113,Incident ID,2025-12-30 00:00:00,December,W,N,F,53,True,True,Putnam              ,Oak St,  ,  ,E,G,1.0,0,14-96a,,False,N,False,False,V,,,,,False,1.0,CT0011600,134129665827203108,2025-12-30 21:07:36.770000,21:07:36.770000,2025,,,Defective Lights,2025
2026-01-15 11:03:03.740000,8079334.0,CT0011600,Putnam,Racial Profile,10052,2500012127,Incident ID,2025-12-31 00:00:00,December,W,N,M,20,True,True,PUTNAM,Kennedy Dr,  ,  ,V,G,1.0,0,14-96c,,False,N,False,False,V,,,,,False,1.0,CT0011600,134129665827203108,2025-12-31 19:18:29,19:18:29,2025,,,Defective Lights,2025
