CreatedDate,ProfileNo,OrganizationIdentificationID,Department Name,OrganizationActivityText,ReportingOfficerIdentificationID,InterventionIdentificationID,IdentificationCategoryDescriptionText,InterventionDate,Month,SubjectRaceCode,SubjectEthnicityCode,SubjectSexCode,SubjectAge,ResidentIndicator,TownRecidentIndicator,InterventionLocationName,InterventionLocationDescriptionText,InterventionLocationLatitude,InterventionLocationLongitude,InterventionReasonCode,InterventionTechniqueCode,InterventionDurationCode,TowedIndicator,StatuteCodeIdentificationID,StatutatoryCitationPostStop,VehicleSearchedIndicator,SearchAuthorizationCode,ContrabandIndicator,CustodialArrestIndicator,InterventionDispositionCode,InterventionDispositionDate,InterventionDispositionReasonText,IsStatuteCodeValid,IsStatutatoryCitationValid,IsaTest,RecordCount,SourceId,SourceReferenceId,InterventionDateTime,InterventionTime,filenumber,StatutatoryCitation,Road Type,ReasonForStop,Year,Reason for Stop
2025-01-04 02:00:56.753000,7166158.0,CT0011000,Plainville,Racial Profile,47,25-15,Case No.,2025-01-01 00:00:00,January,W,H,M,21,True,False, Plainville,New Britain Ave,  ,  ,V,G,2.0,1,14-147(c),,False,N,False,False,I,2025-01-01 07:27:42,Infraction Ticket,,,False,1.0,CT0011000,20250104020053000001,2025-01-01 07:27:42,07:27:42,2025,14-213b,,,2025,Administrative Offense
2025-01-12 02:01:00.970000,7167457.0,CT0011000,Plainville,Racial Profile,36,25-52,Case No.,2025-01-02 00:00:00,January,W,N,M,21,True,False, Plainville,Farmington Ave,  ,  ,V,G,1.0,0,14-251(b),,False,N,False,False,V,2025-01-02 19:12:26,Verbal Warning,,,False,1.0,CT0011000,20250112020057000001,2025-01-02 19:12:26,19:12:26,2025,,,,2025,Other
2025-01-11 02:01:06.427000,7167376.0,CT0011000,Plainville,Racial Profile,47,25-40,Case No.,2025-01-02 00:00:00,January,W,N,M,62,True,True, Plainville,West Main St,  ,  ,V,G,1.0,0,14-12(a)*,,False,N,False,False,I,2025-01-02 07:01:41,Infraction Ticket,,,False,1.0,CT0011000,20250111020103000001,2025-01-02 07:01:41,07:01:41,2025,,,,2025,Registration
2025-01-06 02:00:57.793000,7166248.0,CT0011000,Plainville,Racial Profile,27,25-98,Case No.,2025-01-03 00:00:00,January,W,H,M,18,True,False, Plainville,EAST MAIN ST,  ,  ,V,G,1.0,0,14-236,,False,N,False,False,I,2025-01-03 22:05:14,Infraction Ticket,,,False,1.0,CT0011000,20250106020054000001,2025-01-03 22:05:14,22:05:14,2025,14-36(a),,,2025,Moving Violation
2025-01-10 02:00:59.630000,7167328.0,CT0011000,Plainville,Racial Profile,36,25-141,Case No.,2025-01-04 00:00:00,January,W,H,M,24,True,False, Plainville,New Britain Ave,  ,  ,V,G,1.0,0,14-96b,,False,N,False,False,V,2025-01-04 21:03:16,Verbal Warning,,,False,1.0,CT0011000,20250110020056000001,2025-01-04 21:03:16,21:03:16,2025,14-99g(b),,,2025,Defective Lights
2025-01-14 02:01:04.497000,7167801.0,CT0011000,Plainville,Racial Profile,39,25-134,Case No.,2025-01-04 00:00:00,January,B,N,M,36,True,True, Plainville,North Washington St,  ,  ,E,G,3.0,1,14-12(a)*,,False,N,False,False,I,2025-01-04 17:32:43,Infraction Ticket,,,False,1.0,CT0011000,20250114020100000001,2025-01-04 17:32:43,17:32:43,2025,,,,2025,Registration
2025-01-14 02:01:04.510000,7167804.0,CT0011000,Plainville,Racial Profile,39,25-158,Case No.,2025-01-04 00:00:00,January,B,N,F,0,True,False, Plainville,East St,  ,  ,E,G,1.0,0,14-96c,,False,N,False,False,V,2025-01-04 23:14:05,Verbal Warning,,,False,1.0,CT0011000,20250114020100000001,2025-01-04 23:14:05,23:14:05,2025,,,,2025,Defective Lights
2025-01-09 02:00:58.157000,7167276.0,CT0011000,Plainville,Racial Profile,43,25-135,Case No.,2025-01-04 00:00:00,January,B,N,F,38,True,False, Plainville,New Britain Ave,  ,  ,E,G,1.0,0,14-96i,,False,N,False,False,V,2025-01-04 17:54:12,Verbal Warning,,,False,1.0,CT0011000,20250109020055000001,2025-01-04 17:54:12,17:54:12,2025,,,,2025,Defective Lights
2025-01-05 02:00:56.953000,7166214.0,CT0011000,Plainville,Racial Profile,48,25-121,Case No.,2025-01-04 00:00:00,January,B,N,M,0,True,False, Plainville,New Britain Ave,  ,  ,V,G,1.0,0,14-147(c),,False,N,False,False,I,2025-01-04 02:00:01,Infraction Ticket,,,False,1.0,CT0011000,20250105020054000001,2025-01-04 02:00:01,02:00:01,2025,,,,2025,Administrative Offense
2025-01-05 02:00:56.950000,7166213.0,CT0011000,Plainville,Racial Profile,48,25-121,Case No.,2025-01-04 00:00:00,January,B,N,M,38,True,False, Plainville,New Britain Ave,  ,  ,V,G,1.0,0,14-147(c),,False,N,False,False,I,2025-01-04 02:00:01,Infraction Ticket,,,False,1.0,CT0011000,20250105020054000001,2025-01-04 02:00:01,02:00:01,2025,,,,2025,Administrative Offense
2025-01-09 02:00:58.143000,7167272.0,CT0011000,Plainville,Racial Profile,48,25-121,Case No.,2025-01-04 00:00:00,January,B,N,M,41,True,False, Plainville,New Britain Ave,  ,  ,V,G,1.0,0,14-147(c),,False,N,False,False,I,2025-01-04 02:00:01,Infraction Ticket,,,False,1.0,CT0011000,20250109020055000001,2025-01-04 02:00:01,02:00:01,2025,,,,2025,Administrative Offense
2025-01-05 02:00:56.953000,7166215.0,CT0011000,Plainville,Racial Profile,48,25-125,Case No.,2025-01-04 00:00:00,January,B,N,M,25,True,False, Plainville,Jefferson St,  ,  ,E,G,2.0,1,14-215,,False,O,False,False,M,2025-01-04 06:44:29,Misdemeanor Summons,,,False,1.0,CT0011000,20250105020054000001,2025-01-04 06:44:29,06:44:29,2025,,,,2025,Administrative Offense
2025-01-11 02:01:06.473000,7167388.0,CT0011000,Plainville,Racial Profile,37,25-247,Case No.,2025-01-07 00:00:00,January,W,H,F,73,False,False, Plainville,East St,  ,  ,V,G,1.0,0,14-299,,False,N,False,False,W,2025-01-07 16:20:20,Written Ticket,,,False,1.0,CT0011000,20250111020103000001,2025-01-07 16:20:20,16:20:20,2025,,,,2025,Traffic Control Signal
2025-01-16 02:01:06.060000,7181856.0,CT0011000,Plainville,Racial Profile,37,25-248,Case No.,2025-01-07 00:00:00,January,B,N,F,48,False,False, Plainville,East St,  ,  ,V,G,1.0,0,14-299,,False,N,False,False,W,2025-01-07 16:35:07,Written Ticket,,,False,1.0,CT0011000,20250116020103000001,2025-01-07 16:35:07,16:35:07,2025,,,,2025,Traffic Control Signal
2025-01-19 02:01:08.340000,7184760.0,CT0011000,Plainville,Racial Profile,37,25-259,Case No.,2025-01-07 00:00:00,January,W,N,F,0,True,False, Plainville,EAST ST,  ,  ,V,G,1.0,0,14-299,,False,N,False,False,V,2025-01-07 22:22:08,Verbal Warning,,,False,1.0,CT0011000,20250119020104000001,2025-01-07 22:22:08,22:22:08,2025,,,,2025,Traffic Control Signal
2025-01-15 02:01:09.370000,7168668.0,CT0011000,Plainville,Racial Profile,47,25-227,Case No.,2025-01-07 00:00:00,January,W,H,M,0,True,False, Plainville,New Britain Ave,  ,  ,V,G,2.0,1,14-147(c),,False,N,False,False,I,2025-01-07 06:37:59,Infraction Ticket,,,False,1.0,CT0011000,20250115020106000001,2025-01-07 06:37:59,06:37:59,2025,14-223(a),,,2025,Administrative Offense
2025-01-09 02:00:58.160000,7167278.0,CT0011000,Plainville,Racial Profile,47,25-227,Case No.,2025-01-07 00:00:00,January,W,H,M,40,True,False, Plainville,New Britain Ave,  ,  ,V,G,2.0,1,14-147(c),,False,N,False,False,I,2025-01-07 06:37:59,Infraction Ticket,,,False,1.0,CT0011000,20250109020055000001,2025-01-07 06:37:59,06:37:59,2025,14-223(a),,,2025,Administrative Offense
2025-01-10 02:00:59.650000,7167334.0,CT0011000,Plainville,Racial Profile,21,25-319,Case No.,2025-01-09 00:00:00,January,W,N,M,41,True,False, Plainville,New Britain Ave,  ,  ,V,G,2.0,0,14-147(b),,False,N,False,False,I,2025-01-09 09:48:15,Infraction Ticket,,,False,1.0,CT0011000,20250110020056000001,2025-01-09 09:48:15,09:48:15,2025,,,,2025,Administrative Offense
2025-01-18 02:01:07.860000,7183976.0,CT0011000,Plainville,Racial Profile,21,25-320,Case No.,2025-01-09 00:00:00,January,W,H,M,51,True,False, Plainville,New Britain Ave,  ,  ,V,G,1.0,0,14-12(a)*,,False,N,False,False,V,2025-01-09 10:24:02,Verbal Warning,,,False,1.0,CT0011000,20250118020104000001,2025-01-09 10:24:02,10:24:02,2025,,,,2025,Registration
2025-01-16 02:01:06.083000,7181861.0,CT0011000,Plainville,Racial Profile,21,25-323,Case No.,2025-01-09 00:00:00,January,W,H,M,32,True,False, Plainville,New Britain Ave,  ,  ,V,G,2.0,0,14-147(b),,False,N,False,False,I,2025-01-09 11:16:42,Infraction Ticket,,,False,1.0,CT0011000,20250116020103000001,2025-01-09 11:16:42,11:16:42,2025,,,,2025,Administrative Offense
2025-01-20 02:01:09.537000,7184893.0,CT0011000,Plainville,Racial Profile,21,25-329,Case No.,2025-01-09 00:00:00,January,B,N,F,47,True,False, Plainville,Hooker St,  ,  ,V,G,1.0,0,14-215,,False,N,False,False,V,2025-01-09 14:44:13,Verbal Warning,,,False,1.0,CT0011000,20250120020105000001,2025-01-09 14:44:13,14:44:13,2025,,,,2025,Administrative Offense
2025-01-15 02:01:09.413000,7168677.0,CT0011000,Plainville,Racial Profile,36,25-338,Case No.,2025-01-09 00:00:00,January,W,N,F,25,True,False, Plainville,EAST MAIN ST,  ,  ,V,G,1.0,0,14-296aa(b1st,,False,N,False,False,W,2025-01-09 18:11:14,Written Ticket,,,False,1.0,CT0011000,20250115020106000001,2025-01-09 18:11:14,18:11:14,2025,,,,2025,Cell Phone
2025-01-23 02:01:08.637000,7185313.0,CT0011000,Plainville,Racial Profile,36,25-340,Case No.,2025-01-09 00:00:00,January,W,H,M,30,True,False, Plainville,Washington St (Bristol),  ,  ,V,G,1.0,0,14-12(a),,False,N,False,False,W,2025-01-09 18:36:14,Written Ticket,,,False,1.0,CT0011000,20250123020104000001,2025-01-09 18:36:14,18:36:14,2025,14-296aa(b1st,,,2025,Registration
2025-01-10 02:00:59.647000,7167333.0,CT0011000,Plainville,Racial Profile,48,25-313,Case No.,2025-01-09 00:00:00,January,W,N,M,29,True,False, Plainville,New Britain Ave,  ,  ,V,G,2.0,1,14-215,,False,O,False,False,M,2025-01-09 06:46:07,Misdemeanor Summons,,,False,1.0,CT0011000,20250110020056000001,2025-01-09 06:46:07,06:46:07,2025,,,,2025,Administrative Offense
2025-01-14 02:01:04.550000,7167818.0,CT0011000,Plainville,Racial Profile,31,25-376,Case No.,2025-01-10 00:00:00,January,W,N,M,71,True,False, Plainville,East Main St,  ,  ,V,G,1.0,0,14-299,,False,N,False,False,V,2025-01-10 10:18:27,Verbal Warning,,,False,1.0,CT0011000,20250114020100000001,2025-01-10 10:18:27,10:18:27,2025,,,,2025,Traffic Control Signal
2025-01-20 02:01:09.580000,7184912.0,CT0011000,Plainville,Racial Profile,31,25-379,Case No.,2025-01-10 00:00:00,January,W,N,F,89,True,True, Plainville,Metacomet Rd,  ,  ,V,G,1.0,0,14-301,,False,N,False,False,V,2025-01-10 11:09:40,Verbal Warning,,,False,1.0,CT0011000,20250120020105000001,2025-01-10 11:09:40,11:09:40,2025,,,,2025,Stop Sign
2025-01-14 02:01:04.553000,7167819.0,CT0011000,Plainville,Racial Profile,39,25-398,Case No.,2025-01-10 00:00:00,January,W,N,F,0,True,True, Plainville,East St,  ,  ,E,G,1.0,0,14-96a(a),,False,N,False,False,V,2025-01-10 20:59:44,Verbal Warning,,,False,1.0,CT0011000,20250114020100000001,2025-01-10 20:59:44,20:59:44,2025,,,,2025,Defective Lights
2025-01-14 02:01:04.553000,7167820.0,CT0011000,Plainville,Racial Profile,39,25-399,Case No.,2025-01-10 00:00:00,January,B,N,F,38,True,False, Plainville,East St,  ,  ,E,G,1.0,1,14-12(a)*,,False,N,False,False,W,2025-01-10 21:11:49,Written Ticket,,,False,1.0,CT0011000,20250114020100000001,2025-01-10 21:11:49,21:11:49,2025,,,,2025,Registration
2025-01-13 02:01:01.107000,7167543.0,CT0011000,Plainville,Racial Profile,48,25-350,Case No.,2025-01-10 00:00:00,January,W,N,F,30,True,False, Plainville,Camp St,  ,  ,V,G,1.0,0,14-301,,False,O,False,False,V,2025-01-10 00:31:04,Verbal Warning,,,False,1.0,CT0011000,20250113020057000001,2025-01-10 00:31:04,00:31:04,2025,,,,2025,Stop Sign
2025-01-15 02:01:09.433000,7168680.0,CT0011000,Plainville,Racial Profile,48,25-352,Case No.,2025-01-10 00:00:00,January,B,N,F,52,True,False, Plainville,Camp St,  ,  ,V,G,1.0,0,14-36(a),,False,O,False,False,I,2025-01-10 00:34:19,Infraction Ticket,,,False,1.0,CT0011000,20250115020106000001,2025-01-10 00:34:19,00:34:19,2025,,,,2025,Unlicensed Operation
2025-01-22 02:01:09.393000,7185191.0,CT0011000,Plainville,Racial Profile,48,25-372,Case No.,2025-01-10 00:00:00,January,W,N,F,35,True,False, Plainville,Camp St,  ,  ,V,G,1.0,0,14-301,,False,O,False,False,I,2025-01-10 07:26:37,Infraction Ticket,,,False,1.0,CT0011000,20250122020105000001,2025-01-10 07:26:37,07:26:37,2025,,,,2025,Stop Sign
2025-03-03 02:01:37.177000,7253333.0,CT0011000,Plainville,Racial Profile,29,25-435,Case No.,2025-01-11 00:00:00,January,W,N,M,60,True,False, Plainville,East Main St,  ,  ,E,G,1.0,0,14-18(a),,False,N,False,False,V,2025-01-11 13:20:50,Verbal Warning,,,False,1.0,CT0011000,20250303020135000001,2025-01-11 13:20:50,13:20:50,2025,,,,2025,Display of Plates
2025-01-12 02:01:01.063000,7167484.0,CT0011000,Plainville,Racial Profile,33,25-433,Case No.,2025-01-11 00:00:00,January,W,N,F,65,True,False, Plainville,East St,  ,  ,V,G,1.0,0,14-296aa(b1st,,False,N,False,False,V,2025-01-11 11:39:24,Verbal Warning,,,False,1.0,CT0011000,20250112020057000001,2025-01-11 11:39:24,11:39:24,2025,,,,2025,Cell Phone
2025-01-18 02:01:07.890000,7183988.0,CT0011000,Plainville,Racial Profile,40,25-407,Case No.,2025-01-11 00:00:00,January,W,N,M,24,True,False, Plainville,New Britain Ave,  ,  ,V,G,1.0,0,14-241,,False,N,False,False,V,2025-01-11 01:13:08,Verbal Warning,,,False,1.0,CT0011000,20250118020104000001,2025-01-11 01:13:08,01:13:08,2025,,,,2025,Moving Violation
2025-01-14 02:01:04.560000,7167823.0,CT0011000,Plainville,Racial Profile,40,25-410,Case No.,2025-01-11 00:00:00,January,W,N,F,48,True,True, Plainville,Cooke St,  ,  ,V,G,1.0,0,14-96a(a),,False,N,False,False,V,2025-01-11 01:26:05,Verbal Warning,,,False,1.0,CT0011000,20250114020100000001,2025-01-11 01:26:05,01:26:05,2025,,,,2025,Defective Lights
2025-01-11 02:01:06.547000,7167400.0,CT0011000,Plainville,Racial Profile,48,25-403,Case No.,2025-01-11 00:00:00,January,W,N,M,62,True,False, Plainville,New Britain Ave,  ,  ,V,G,1.0,0,14-12(a)*,,False,N,False,False,I,2025-01-11 00:16:09,Infraction Ticket,,,False,1.0,CT0011000,20250111020103000001,2025-01-11 00:16:09,00:16:09,2025,,,,2025,Registration
2025-01-15 02:01:09.470000,7168692.0,CT0011000,Plainville,Racial Profile,34,25-476,Case No.,2025-01-12 00:00:00,January,W,N,M,59,True,False, Plainville,East St,  ,  ,V,B,1.0,0,14-241,,False,N,False,False,V,2025-01-12 15:44:13,Verbal Warning,,,False,1.0,CT0011000,20250115020106000001,2025-01-12 15:44:13,15:44:13,2025,,,,2025,Moving Violation
2025-01-14 02:01:04.570000,7167826.0,CT0011000,Plainville,Racial Profile,46,25-455,Case No.,2025-01-12 00:00:00,January,W,N,M,24,True,False, Plainville,Colonial Ct,  ,  ,V,G,3.0,0,14-36(a),,False,N,False,False,I,2025-01-12 00:34:53,Infraction Ticket,,,False,1.0,CT0011000,20250114020100000001,2025-01-12 00:34:53,00:34:53,2025,14-18(a),,,2025,Unlicensed Operation
2025-01-18 02:01:07.897000,7183991.0,CT0011000,Plainville,Racial Profile,48,25-453,Case No.,2025-01-12 00:00:00,January,W,N,M,44,False,False, Plainville,Whiting St,  ,  ,V,G,1.0,0,14-96y,,False,O,False,False,V,2025-01-12 00:23:35,Verbal Warning,,,False,1.0,CT0011000,20250118020104000001,2025-01-12 00:23:35,00:23:35,2025,,,,2025,Defective Lights
2025-01-12 02:01:01.067000,7167485.0,CT0011000,Plainville,Racial Profile,48,25-454,Case No.,2025-01-12 00:00:00,January,W,N,F,77,True,False, Plainville,New Britain Ave,  ,  ,V,G,1.0,0,14-96g,,False,O,False,False,V,2025-01-12 00:30:03,Verbal Warning,,,False,1.0,CT0011000,20250112020057000001,2025-01-12 00:30:03,00:30:03,2025,,,,2025,Defective Lights
2025-01-14 02:01:04.573000,7167827.0,CT0011000,Plainville,Racial Profile,48,25-461,Case No.,2025-01-12 00:00:00,January,W,N,F,36,True,False, Plainville,Granger Ln,  ,  ,V,G,1.0,0,14-36(a),,False,O,False,False,I,2025-01-12 01:41:36,Infraction Ticket,,,False,1.0,CT0011000,20250114020100000001,2025-01-12 01:41:36,01:41:36,2025,,,,2025,Unlicensed Operation
2025-01-19 02:01:08.427000,7184787.0,CT0011000,Plainville,Racial Profile,21,25-508,Case No.,2025-01-13 00:00:00,January,W,N,M,49,False,False, Plainville,New Britain Ave,  ,  ,V,G,1.0,0,14-12(a)*,,False,N,False,False,V,2025-01-13 11:08:54,Verbal Warning,,,False,1.0,CT0011000,20250119020104000001,2025-01-13 11:08:54,11:08:54,2025,,,,2025,Registration
2025-01-17 02:01:06.697000,7182826.0,CT0011000,Plainville,Racial Profile,21,25-510,Case No.,2025-01-13 00:00:00,January,W,N,F,51,False,False, Plainville,New Britain Ave,  ,  ,V,G,1.0,0,14-215,,False,N,False,False,V,2025-01-13 11:44:32,Verbal Warning,,,False,1.0,CT0011000,20250117020103000001,2025-01-13 11:44:32,11:44:32,2025,14-12(a)*,,,2025,Administrative Offense
2025-01-15 02:01:09.477000,7168696.0,CT0011000,Plainville,Racial Profile,31,25-507,Case No.,2025-01-13 00:00:00,January,W,N,M,39,True,False, Plainville,South Washington St,  ,  ,V,G,1.0,0,14-12(a)*,,False,N,False,False,W,2025-01-13 11:08:13,Written Ticket,,,False,1.0,CT0011000,20250115020106000001,2025-01-13 11:08:13,11:08:13,2025,,,,2025,Registration
2025-01-17 02:01:06.693000,7182825.0,CT0011000,Plainville,Racial Profile,31,25-509,Case No.,2025-01-13 00:00:00,January,A,N,F,37,True,True, Plainville,South Washington St,  ,  ,V,G,1.0,0,14-12(a)*,,False,N,False,False,V,2025-01-13 11:33:36,Verbal Warning,,,False,1.0,CT0011000,20250117020103000001,2025-01-13 11:33:36,11:33:36,2025,,,,2025,Registration
2025-01-17 02:01:06.687000,7182822.0,CT0011000,Plainville,Racial Profile,34,25-506,Case No.,2025-01-13 00:00:00,January,W,H,M,29,True,False, Plainville,New Britain Ave,  ,  ,V,G,1.0,1,14-213b,,False,N,False,False,I,2025-01-13 10:55:10,Infraction Ticket,,,False,1.0,CT0011000,20250117020103000001,2025-01-13 10:55:10,10:55:10,2025,,,,2025,Administrative Offense
2025-01-17 02:01:06.700000,7182827.0,CT0011000,Plainville,Racial Profile,34,25-511,Case No.,2025-01-13 00:00:00,January,W,H,M,25,True,True, Plainville,New Britain Ave,  ,  ,V,G,1.0,0,14-35a(sbs),,False,N,False,False,N,2025-01-13 11:54:11,No Disposition,,,False,1.0,CT0011000,20250117020103000001,2025-01-13 11:54:11,11:54:11,2025,,,,2025,Other
2025-01-22 02:01:09.463000,7185212.0,CT0011000,Plainville,Racial Profile,35,25-525,Case No.,2025-01-13 00:00:00,January,W,N,F,61,True,False, Plainville,Northwest Dr,  ,  ,V,B,1.0,0,14-219,,False,N,False,False,V,2025-01-13 16:52:40,Verbal Warning,,,False,1.0,CT0011000,20250122020105000001,2025-01-13 16:52:40,16:52:40,2025,,,,2025,Speed Related
2025-01-18 02:01:07.933000,7184005.0,CT0011000,Plainville,Racial Profile,35,25-527,Case No.,2025-01-13 00:00:00,January,W,N,M,64,True,False, Plainville,Redstone Hill Rd,  ,  ,V,B,1.0,0,14-96aa,,False,N,False,False,V,2025-01-13 17:45:51,Verbal Warning,,,False,1.0,CT0011000,20250118020104000001,2025-01-13 17:45:51,17:45:51,2025,,,,2025,Defective Lights
2025-01-14 02:01:04.610000,7167839.0,CT0011000,Plainville,Racial Profile,35,25-532,Case No.,2025-01-13 00:00:00,January,W,H,M,46,True,True, Plainville,Redstone Hill,  ,  ,V,B,1.0,0,14-219,,False,N,False,False,V,2025-01-13 20:20:48,Verbal Warning,,,False,1.0,CT0011000,20250114020100000001,2025-01-13 20:20:48,20:20:48,2025,,,,2025,Speed Related
2025-01-14 02:01:04.610000,7167840.0,CT0011000,Plainville,Racial Profile,35,25-533,Case No.,2025-01-13 00:00:00,January,W,M,M,42,True,False, Plainville,Unionville Ave,  ,  ,V,B,1.0,0,14-96aa,,False,N,False,False,V,2025-01-13 20:41:17,Verbal Warning,,,False,1.0,CT0011000,20250114020100000001,2025-01-13 20:41:17,20:41:17,2025,,,,2025,Defective Lights
2025-01-15 02:01:09.503000,7168706.0,CT0011000,Plainville,Racial Profile,35,25-534,Case No.,2025-01-13 00:00:00,January,W,M,M,48,True,False, Plainville,Unionville Ave,  ,  ,V,B,1.0,0,14-219,,False,N,False,False,V,2025-01-13 21:01:44,Verbal Warning,,,False,1.0,CT0011000,20250115020106000001,2025-01-13 21:01:44,21:01:44,2025,,,,2025,Speed Related
2025-01-18 02:01:07.953000,7184010.0,CT0011000,Plainville,Racial Profile,35,25-535,Case No.,2025-01-13 00:00:00,January,B,N,F,34,True,False, Plainville,Unionville Ave,  ,  ,V,B,1.0,0,14-219,,False,N,False,False,V,2025-01-13 21:20:47,Verbal Warning,,,False,1.0,CT0011000,20250118020104000001,2025-01-13 21:20:47,21:20:47,2025,,,,2025,Speed Related
2025-01-15 02:01:09.500000,7168705.0,CT0011000,Plainville,Racial Profile,37,25-521,Case No.,2025-01-13 00:00:00,January,W,H,F,58,True,False, Plainville,East St,  ,  ,V,G,1.0,0,14-299,,False,N,False,False,V,2025-01-13 16:20:26,Verbal Warning,,,False,1.0,CT0011000,20250115020106000001,2025-01-13 16:20:26,16:20:26,2025,,,,2025,Traffic Control Signal
2025-01-17 02:01:06.720000,7182835.0,CT0011000,Plainville,Racial Profile,39,25-539,Case No.,2025-01-13 00:00:00,January,W,N,F,57,True,False, Plainville,Hooker St,  ,  ,E,G,1.0,0,14-96c,,False,N,False,False,V,2025-01-13 22:21:26,Verbal Warning,,,False,1.0,CT0011000,20250117020103000001,2025-01-13 22:21:26,22:21:26,2025,,,,2025,Defective Lights
2025-01-15 02:01:09.470000,7168693.0,CT0011000,Plainville,Racial Profile,47,25-495,Case No.,2025-01-13 00:00:00,January,W,H,F,0,True,True, Plainville,East St,  ,  ,V,G,2.0,1,14-236,,False,N,False,False,I,2025-01-13 03:42:02,Infraction Ticket,,,False,1.0,CT0011000,20250115020106000001,2025-01-13 03:42:02,03:42:02,2025,,,,2025,Moving Violation
2025-01-16 02:01:06.257000,7181898.0,CT0011000,Plainville,Racial Profile,36,25-573,Case No.,2025-01-14 00:00:00,January,W,N,M,44,True,False, Plainville,East Main St,  ,  ,V,G,1.0,0,14-12(a)*,,False,N,False,False,V,2025-01-14 18:27:19,Verbal Warning,,,False,1.0,CT0011000,20250116020103000001,2025-01-14 18:27:19,18:27:19,2025,,,,2025,Registration
2025-01-19 02:01:08.497000,7184803.0,CT0011000,Plainville,Racial Profile,36,25-574,Case No.,2025-01-14 00:00:00,January,W,H,M,34,True,False, Plainville,New Britain Ave,  ,  ,V,G,2.0,1,14-147(c),,False,N,False,False,I,2025-01-14 19:51:14,Infraction Ticket,,,False,1.0,CT0011000,20250119020104000001,2025-01-14 19:51:14,19:51:14,2025,14-213b,,,2025,Administrative Offense
2025-01-17 02:01:06.720000,7182836.0,CT0011000,Plainville,Racial Profile,37,25-566,Case No.,2025-01-14 00:00:00,January,A,M,M,38,True,False, Plainville,East St,  ,  ,V,G,1.0,0,14-299,,False,N,False,False,W,2025-01-14 17:25:04,Written Ticket,,,False,1.0,CT0011000,20250117020103000001,2025-01-14 17:25:04,17:25:04,2025,,,,2025,Traffic Control Signal
2025-01-16 02:01:06.223000,7181896.0,CT0011000,Plainville,Racial Profile,37,25-568,Case No.,2025-01-14 00:00:00,January,W,N,M,32,True,True, Plainville,Broad St,  ,  ,V,G,1.0,0,14-299,,False,N,False,False,W,2025-01-14 17:50:17,Written Ticket,,,False,1.0,CT0011000,20250116020103000001,2025-01-14 17:50:17,17:50:17,2025,,,,2025,Traffic Control Signal
2025-01-15 02:01:09.517000,7168711.0,CT0011000,Plainville,Racial Profile,37,25-572,Case No.,2025-01-14 00:00:00,January,W,N,F,62,True,True, Plainville,Northwest Dr,  ,  ,V,G,1.0,0,14-299,,False,N,False,False,W,2025-01-14 18:18:13,Written Ticket,,,False,1.0,CT0011000,20250115020106000001,2025-01-14 18:18:13,18:18:13,2025,,,,2025,Traffic Control Signal
2025-01-20 02:01:09.637000,7184936.0,CT0011000,Plainville,Racial Profile,21,25-605,Case No.,2025-01-15 00:00:00,January,W,N,M,49,True,False, Plainville,West Main St,  ,  ,V,G,1.0,0,14-12(a)*,,False,N,False,False,V,2025-01-15 11:21:16,Verbal Warning,,,False,1.0,CT0011000,20250120020105000001,2025-01-15 11:21:16,11:21:16,2025,,,,2025,Registration
2025-01-19 02:01:08.530000,7184809.0,CT0011000,Plainville,Racial Profile,21,25-606,Case No.,2025-01-15 00:00:00,January,W,N,M,62,True,False, Plainville,Pierce St,  ,  ,V,G,1.0,0,14-12(a)*,,False,N,False,False,V,2025-01-15 11:38:15,Verbal Warning,,,False,1.0,CT0011000,20250119020104000001,2025-01-15 11:38:15,11:38:15,2025,,,,2025,Registration
2025-01-19 02:01:08.537000,7184811.0,CT0011000,Plainville,Racial Profile,21,25-608,Case No.,2025-01-15 00:00:00,January,B,N,M,65,True,False, Plainville,Camp St,  ,  ,V,G,2.0,0,14-12(a)*,,False,N,False,False,V,2025-01-15 12:08:15,Verbal Warning,,,False,1.0,CT0011000,20250119020104000001,2025-01-15 12:08:15,12:08:15,2025,,,,2025,Registration
2025-01-17 02:01:06.757000,7182849.0,CT0011000,Plainville,Racial Profile,21,25-609,Case No.,2025-01-15 00:00:00,January,W,H,M,31,True,False, Plainville,Camp St,  ,  ,V,G,1.0,0,14-215,,False,N,False,False,V,2025-01-15 12:19:49,Verbal Warning,,,False,1.0,CT0011000,20250117020103000001,2025-01-15 12:19:49,12:19:49,2025,,,,2025,Administrative Offense
2025-01-16 02:01:06.310000,7181907.0,CT0011000,Plainville,Racial Profile,36,25-620,Case No.,2025-01-15 00:00:00,January,W,N,M,30,True,False, Plainville,EAST MAIN ST,  ,  ,V,G,1.0,0,14-296aa(b1st,,False,N,False,False,W,2025-01-15 17:05:09,Written Ticket,,,False,1.0,CT0011000,20250116020103000001,2025-01-15 17:05:09,17:05:09,2025,,,,2025,Cell Phone
2025-01-16 02:01:06.320000,7181908.0,CT0011000,Plainville,Racial Profile,36,25-621,Case No.,2025-01-15 00:00:00,January,W,M,M,0,True,False, Plainville,WEST MAIN ST,  ,  ,V,G,1.0,0,14-96a(a),,False,N,False,False,W,2025-01-15 17:17:59,Written Ticket,,,False,1.0,CT0011000,20250116020103000001,2025-01-15 17:17:59,17:17:59,2025,14-36(a),,,2025,Defective Lights
2025-01-16 02:01:06.267000,7181901.0,CT0011000,Plainville,Racial Profile,40,25-587,Case No.,2025-01-15 00:00:00,January,W,N,M,25,True,False, Plainville,WEST MAIN ST,  ,  ,V,G,1.0,0,14-96a(a),,False,N,False,False,V,2025-01-15 01:00:29,Verbal Warning,,,False,1.0,CT0011000,20250116020103000001,2025-01-15 01:00:29,01:00:29,2025,,,,2025,Defective Lights
2025-01-17 02:01:06.743000,7182843.0,CT0011000,Plainville,Racial Profile,40,25-589,Case No.,2025-01-15 00:00:00,January,W,N,M,28,True,False, Plainville,Unionville Ave,  ,  ,V,G,1.0,0,14-96a(a),,False,N,False,False,V,2025-01-15 01:12:35,Verbal Warning,,,False,1.0,CT0011000,20250117020103000001,2025-01-15 01:12:35,01:12:35,2025,,,,2025,Defective Lights
2025-01-15 02:01:09.523000,7168714.0,CT0011000,Plainville,Racial Profile,48,25-581,Case No.,2025-01-15 00:00:00,January,W,N,F,26,True,True, Plainville,New Britain Ave,  ,  ,V,G,1.0,0,14-12(a)*,,False,O,False,False,V,2025-01-15 00:35:44,Verbal Warning,,,False,1.0,CT0011000,20250115020106000001,2025-01-15 00:35:44,00:35:44,2025,,,,2025,Registration
2025-01-19 02:01:08.527000,7184807.0,CT0011000,Plainville,Racial Profile,48,25-590,Case No.,2025-01-15 00:00:00,January,W,N,F,33,True,True, Plainville,New Britain Ave,  ,  ,V,G,1.0,0,14-12(a)*,,False,O,False,False,V,2025-01-15 01:15:07,Verbal Warning,,,False,1.0,CT0011000,20250119020104000001,2025-01-15 01:15:07,01:15:07,2025,,,,2025,Registration
2025-01-18 02:01:07.987000,7184023.0,CT0011000,Plainville,Racial Profile,49,25-607,Case No.,2025-01-15 00:00:00,January,W,N,F,42,True,False, Plainville,Camp St,  ,  ,V,G,1.0,0,14-12(a)*,,False,N,False,False,V,2025-01-15 11:50:38,Verbal Warning,,,False,1.0,CT0011000,20250118020104000001,2025-01-15 11:50:38,11:50:38,2025,,,,2025,Registration
2025-01-26 02:01:10.830000,7185754.0,CT0011000,Plainville,Racial Profile,21,25-651,Case No.,2025-01-16 00:00:00,January,W,H,M,60,True,False, Plainville,New Britain Ave,  ,  ,V,G,2.0,0,14-215,,False,N,False,False,V,2025-01-16 14:16:23,Verbal Warning,,,False,1.0,CT0011000,20250126020107000001,2025-01-16 14:16:23,14:16:23,2025,14-213b,,,2025,Administrative Offense
2025-01-18 02:01:07.997000,7184028.0,CT0011000,Plainville,Racial Profile,43,25-659,Case No.,2025-01-16 00:00:00,January,W,N,M,33,True,True, Plainville,COOKE ST,  ,  ,V,G,2.0,0,14-296aa(f1st,,False,N,False,False,I,2025-01-16 18:00:37,Infraction Ticket,,,False,1.0,CT0011000,20250118020104000001,2025-01-16 18:00:37,18:00:37,2025,,,,2025,Cell Phone
2025-01-25 02:01:09.390000,7185605.0,CT0011000,Plainville,Racial Profile,14,25-689,Case No.,2025-01-17 00:00:00,January,W,N,M,34,True,False, Plainville,East St,  ,  ,V,G,1.0,0,14-299,,False,N,False,False,V,2025-01-17 06:16:02,Verbal Warning,,,False,1.0,CT0011000,20250125020105000001,2025-01-17 06:16:02,06:16:02,2025,,,,2025,Traffic Control Signal
2025-01-31 02:01:16.170000,7186582.0,CT0011000,Plainville,Racial Profile,25,25-713,Case No.,2025-01-17 00:00:00,January,W,N,M,41,True,False, Plainville,North Washington St,  ,  ,V,B,1.0,0,14-241,,False,N,False,False,V,2025-01-17 14:55:44,Verbal Warning,,,False,1.0,CT0011000,20250131020112000001,2025-01-17 14:55:44,14:55:44,2025,,,,2025,Moving Violation
2025-01-20 02:01:09.667000,7184949.0,CT0011000,Plainville,Racial Profile,31,25-702,Case No.,2025-01-17 00:00:00,January,W,N,F,36,True,True, Plainville,South Washington St,  ,  ,V,G,1.0,0,14-12(a)*,,False,N,False,False,V,2025-01-17 11:18:30,Verbal Warning,,,False,1.0,CT0011000,20250120020105000001,2025-01-17 11:18:30,11:18:30,2025,,,,2025,Registration
2025-01-19 02:01:08.593000,7184819.0,CT0011000,Plainville,Racial Profile,34,25-700,Case No.,2025-01-17 00:00:00,January,A,N,F,55,True,True, Plainville,Arcadia Ave,  ,  ,V,G,1.0,0,14-301,,False,N,False,False,V,2025-01-17 11:05:23,Verbal Warning,,,False,1.0,CT0011000,20250119020104000001,2025-01-17 11:05:23,11:05:23,2025,,,,2025,Stop Sign
2025-01-19 02:01:08.597000,7184820.0,CT0011000,Plainville,Racial Profile,34,25-701,Case No.,2025-01-17 00:00:00,January,W,N,F,76,True,False, Plainville,Arcadia Ave,  ,  ,V,G,1.0,0,14-301,,False,N,False,False,V,2025-01-17 11:16:43,Verbal Warning,,,False,1.0,CT0011000,20250119020104000001,2025-01-17 11:16:43,11:16:43,2025,,,,2025,Stop Sign
2025-01-20 02:01:09.670000,7184951.0,CT0011000,Plainville,Racial Profile,34,25-704,Case No.,2025-01-17 00:00:00,January,W,N,M,84,True,True, Plainville,Tomlinson Ave,  ,  ,V,G,1.0,0,14-301,,False,N,False,False,V,2025-01-17 11:34:25,Verbal Warning,,,False,1.0,CT0011000,20250120020105000001,2025-01-17 11:34:25,11:34:25,2025,,,,2025,Stop Sign
2025-01-21 02:01:07.243000,7185137.0,CT0011000,Plainville,Racial Profile,37,25-716,Case No.,2025-01-17 00:00:00,January,W,H,M,0,True,False, Plainville,RT 72 East Bound,  ,  ,V,S,1.0,0,14-299,,True,N,False,False,V,2025-01-17 16:25:36,Verbal Warning,,,False,1.0,CT0011000,20250121020103000001,2025-01-17 16:25:36,16:25:36,2025,,,,2025,Traffic Control Signal
2025-01-19 02:01:08.613000,7184825.0,CT0011000,Plainville,Racial Profile,37,25-718,Case No.,2025-01-17 00:00:00,January,W,H,M,37,True,False, Plainville,CT Commons,  ,  ,V,S,1.0,0,14-299,,True,N,False,False,V,2025-01-17 16:44:05,Verbal Warning,,,False,1.0,CT0011000,20250119020104000001,2025-01-17 16:44:05,16:44:05,2025,,,,2025,Traffic Control Signal
2025-01-18 02:01:08,7184029.0,CT0011000,Plainville,Racial Profile,48,25-686,Case No.,2025-01-17 00:00:00,January,W,H,M,23,True,False, Plainville,East St,  ,  ,V,G,3.0,1,14-12(a)*,,False,N,False,False,I,2025-01-17 02:13:50,Infraction Ticket,,,False,1.0,CT0011000,20250118020104000001,2025-01-17 02:13:50,02:13:50,2025,,,,2025,Registration
2025-01-18 02:01:08.003000,7184031.0,CT0011000,Plainville,Racial Profile,48,25-691,Case No.,2025-01-17 00:00:00,January,B,N,F,38,True,True, Plainville,Hooker St,  ,  ,V,G,3.0,1,14-12(a)*,,False,N,False,False,M,2025-01-17 07:14:32,Misdemeanor Summons,,,False,1.0,CT0011000,20250118020104000001,2025-01-17 07:14:32,07:14:32,2025,14-215,,,2025,Registration
2025-01-18 02:01:08.007000,7184033.0,CT0011000,Plainville,Racial Profile,50,25-703,Case No.,2025-01-17 00:00:00,January,W,N,F,61,True,False, Plainville,Arcadia Ave,  ,  ,V,G,1.0,0,14-301,,False,N,False,False,V,2025-01-17 11:22:47,Verbal Warning,,,False,1.0,CT0011000,20250118020104000001,2025-01-17 11:22:47,11:22:47,2025,,,,2025,Stop Sign
2025-01-23 02:01:08.853000,7185372.0,CT0011000,Plainville,Racial Profile,48,25-733,Case No.,2025-01-18 00:00:00,January,W,N,M,37,True,False, Plainville,West Main St,  ,  ,V,G,1.0,0,14-96y,,False,O,False,False,V,2025-01-18 00:50:23,Verbal Warning,,,False,1.0,CT0011000,20250123020104000001,2025-01-18 00:50:23,00:50:23,2025,,,,2025,Defective Lights
2025-01-19 02:01:08.620000,7184827.0,CT0011000,Plainville,Racial Profile,27,25-761,Case No.,2025-01-19 00:00:00,January,B,N,M,23,True,False, Plainville,RT 72 East Bound,  ,  ,V,G,1.0,0,14-301,,False,N,False,False,V,2025-01-19 01:01:33,Verbal Warning,,,False,1.0,CT0011000,20250119020104000001,2025-01-19 01:01:33,01:01:33,2025,,,,2025,Stop Sign
2025-01-22 02:01:09.550000,7185250.0,CT0011000,Plainville,Racial Profile,40,25-850,Case No.,2025-01-21 00:00:00,January,W,N,M,41,True,False, Plainville,Perron Rd,  ,  ,V,G,3.0,0,14-301,,False,N,False,False,V,2025-01-21 07:12:34,Verbal Warning,,,False,1.0,CT0011000,20250122020105000001,2025-01-21 07:12:34,07:12:34,2025,,,,2025,Stop Sign
2025-01-29 02:01:13.183000,7186243.0,CT0011000,Plainville,Racial Profile,48,25-848,Case No.,2025-01-21 00:00:00,January,W,N,M,38,True,False, Plainville,Whiting St,  ,  ,V,G,1.0,0,14-12(a)*,,False,O,False,False,I,2025-01-21 07:00:40,Infraction Ticket,,,False,1.0,CT0011000,20250129020109000001,2025-01-21 07:00:40,07:00:40,2025,,,,2025,Registration
2025-02-02 02:01:56.837000,7186959.0,CT0011000,Plainville,Racial Profile,48,25-851,Case No.,2025-01-21 00:00:00,January,W,N,F,26,True,False, Plainville,East St,  ,  ,V,G,2.0,1,14-215,,False,O,False,False,M,2025-01-21 08:00:05,Misdemeanor Summons,,,False,1.0,CT0011000,20250202020153000001,2025-01-21 08:00:05,08:00:05,2025,,,,2025,Administrative Offense
2025-03-02 02:01:35.943000,7253064.0,CT0011000,Plainville,Racial Profile,29,25-917,Case No.,2025-01-23 00:00:00,January,W,N,F,72,True,False, Plainville,East Main St,  ,  ,E,G,1.0,0,14-96b,,False,N,False,False,V,2025-01-23 10:56:12,Verbal Warning,,,False,1.0,CT0011000,20250302020131000001,2025-01-23 10:56:12,10:56:12,2025,,,,2025,Defective Lights
2025-08-15 02:04:13.797000,7627518.0,CT0011000,Plainville,Racial Profile,29,25-917,Case No.,2025-01-23 00:00:00,January,W,N,M,69,True,False, Plainville,East Main St,  ,  ,V,G,1.0,0,14-214,,False,N,False,False,I,2025-01-23 10:56:12,Infraction Ticket,,,False,1.0,CT0011000,20250815020407000001,2025-01-23 10:56:12,10:56:12,2025,,,,2025,Other
2025-02-09 02:01:26.323000,7189520.0,CT0011000,Plainville,Racial Profile,34,25-921,Case No.,2025-01-23 00:00:00,January,W,N,F,64,True,True, Plainville,East St,  ,  ,V,B,1.0,0,14-299,,False,N,False,False,I,2025-01-23 13:56:12,Infraction Ticket,,,False,1.0,CT0011000,20250209020122000001,2025-01-23 13:56:12,13:56:12,2025,,,,2025,Traffic Control Signal
2025-01-29 02:01:13.190000,7186246.0,CT0011000,Plainville,Racial Profile,48,25-907,Case No.,2025-01-23 00:00:00,January,W,N,F,55,True,True, Plainville,East St,  ,  ,V,G,1.0,0,14-236,,False,O,False,False,V,2025-01-23 07:01:38,Verbal Warning,,,False,1.0,CT0011000,20250129020109000001,2025-01-23 07:01:38,07:01:38,2025,,,,2025,Moving Violation
2025-01-27 02:01:10.417000,7185904.0,CT0011000,Plainville,Racial Profile,48,25-908,Case No.,2025-01-23 00:00:00,January,B,N,F,25,True,True, Plainville,East St,  ,  ,V,G,1.0,0,14-12(a)*,,False,O,False,False,I,2025-01-23 07:19:51,Infraction Ticket,,,False,1.0,CT0011000,20250127020107000001,2025-01-23 07:19:51,07:19:51,2025,,,,2025,Registration
2025-01-31 02:01:16.237000,7186593.0,CT0011000,Plainville,Racial Profile,48,25-942,Case No.,2025-01-24 00:00:00,January,W,N,M,27,True,True, Plainville,Bradley St,  ,  ,V,B,1.0,0,14-301,,False,O,False,False,W,2025-01-24 02:09:26,Written Ticket,,,False,1.0,CT0011000,20250131020112000001,2025-01-24 02:09:26,02:09:26,2025,,,,2025,Stop Sign
2025-01-25 02:01:09.470000,7185623.0,CT0011000,Plainville,Racial Profile,48,25-944,Case No.,2025-01-24 00:00:00,January,W,N,F,63,True,False, Plainville,Broad St,  ,  ,V,B,1.0,0,14-96y,,False,O,False,False,V,2025-01-24 02:46:28,Verbal Warning,,,False,1.0,CT0011000,20250125020105000001,2025-01-24 02:46:28,02:46:28,2025,,,,2025,Defective Lights
2025-01-27 02:01:10.427000,7185908.0,CT0011000,Plainville,Racial Profile,48,25-946,Case No.,2025-01-24 00:00:00,January,W,N,M,64,True,False, Plainville,North Washington St,  ,  ,V,B,1.0,0,14-218a10,,False,O,False,False,I,2025-01-24 05:35:00,Infraction Ticket,,,False,1.0,CT0011000,20250127020107000001,2025-01-24 05:35:00,05:35:00,2025,,,,2025,Speed Related
2025-01-25 02:01:09.477000,7185625.0,CT0011000,Plainville,Racial Profile,48,25-950,Case No.,2025-01-24 00:00:00,January,W,H,M,37,True,False, Plainville,Northwest Dr,  ,  ,V,G,2.0,1,14-218a*,,False,N,False,False,I,2025-01-24 07:01:20,Infraction Ticket,,,False,1.0,CT0011000,20250125020105000001,2025-01-24 07:01:20,07:01:20,2025,14-36(a),,,2025,Speed Related
2025-01-31 02:01:16.250000,7186597.0,CT0011000,Plainville,Racial Profile,48,25-952,Case No.,2025-01-24 00:00:00,January,W,H,F,22,True,True, Plainville,New Britain Ave,  ,  ,V,G,1.0,1,14-218a10,,False,N,False,False,V,2025-01-24 08:10:13,Verbal Warning,,,False,1.0,CT0011000,20250131020112000001,2025-01-24 08:10:13,08:10:13,2025,,,,2025,Speed Related
2025-01-31 02:01:16.253000,7186598.0,CT0011000,Plainville,Racial Profile,48,25-959,Case No.,2025-01-24 00:00:00,January,W,N,F,40,True,False, Plainville,East St,  ,  ,V,G,2.0,0,14-12(a)*,,False,N,False,False,M,2025-01-24 11:03:52,Misdemeanor Summons,,,False,1.0,CT0011000,20250131020112000001,2025-01-24 11:03:52,11:03:52,2025,14-215(a)*,,,2025,Registration
2025-01-28 02:01:12.127000,7186116.0,CT0011000,Plainville,Racial Profile,48,25-960,Case No.,2025-01-24 00:00:00,January,W,H,M,23,True,False, Plainville,New Britain Ave,  ,  ,V,G,3.0,1,14-12(a)*,,False,N,False,True,V,2025-01-24 12:37:41,Verbal Warning,,,False,1.0,CT0011000,20250128020108000001,2025-01-24 12:37:41,12:37:41,2025,,,,2025,Registration
2025-01-29 02:01:13.220000,7186256.0,CT0011000,Plainville,Racial Profile,30,25-978,Case No.,2025-01-25 00:00:00,January,W,N,F,40,True,False, Plainville,Hooker St,  ,  ,E,G,1.0,0,14-96f,,False,N,False,False,V,2025-01-25 03:50:03,Verbal Warning,,,False,1.0,CT0011000,20250129020109000001,2025-01-25 03:50:03,03:50:03,2025,,,,2025,Defective Lights
2025-02-03 02:01:16.420000,7187154.0,CT0011000,Plainville,Racial Profile,31,25-984,Case No.,2025-01-25 00:00:00,January,W,N,M,73,True,False, Plainville,South Washington St,  ,  ,V,G,1.0,0,14-12(a)*,,False,N,False,False,V,2025-01-25 11:19:45,Verbal Warning,,,False,1.0,CT0011000,20250203020112000001,2025-01-25 11:19:45,11:19:45,2025,,,,2025,Registration
2025-02-06 02:01:19.880000,7187919.0,CT0011000,Plainville,Racial Profile,31,25-986,Case No.,2025-01-25 00:00:00,January,W,N,F,46,True,False, Plainville,Broad St,  ,  ,V,G,1.0,0,14-301,,False,N,False,False,V,2025-01-25 11:38:42,Verbal Warning,,,False,1.0,CT0011000,20250206020115000001,2025-01-25 11:38:42,11:38:42,2025,,,,2025,Stop Sign
2025-01-26 02:01:10.930000,7185780.0,CT0011000,Plainville,Racial Profile,35,25-1006,Case No.,2025-01-25 00:00:00,January,W,N,F,61,True,False, Plainville,West Main St,  ,  ,V,B,1.0,0,14-96b,,False,N,False,False,V,2025-01-25 23:27:08,Verbal Warning,,,False,1.0,CT0011000,20250126020107000001,2025-01-25 23:27:08,23:27:08,2025,,,,2025,Defective Lights
2025-02-01 02:01:17.157000,7186793.0,CT0011000,Plainville,Racial Profile,47,25-980,Case No.,2025-01-25 00:00:00,January,A,N,F,33,False,False, Plainville,New Britain Ave,  ,  ,V,G,1.0,0,14-238a,,False,N,False,False,V,2025-01-25 07:08:20,Verbal Warning,,,False,1.0,CT0011000,20250201020113000001,2025-01-25 07:08:20,07:08:20,2025,,,,2025,Moving Violation
2025-01-31 02:01:16.273000,7186603.0,CT0011000,Plainville,Racial Profile,50,25-1033,Case No.,2025-01-26 00:00:00,January,W,H,F,32,True,False, Plainville,New Britain Ave,  ,  ,V,G,1.0,0,14-381,,False,N,False,False,W,2025-01-26 17:11:34,Written Ticket,,,False,1.0,CT0011000,20250131020112000001,2025-01-26 17:11:34,17:11:34,2025,14-36(a),,,2025,Other
2025-01-31 02:01:16.277000,7186604.0,CT0011000,Plainville,Racial Profile,50,25-1039,Case No.,2025-01-26 00:00:00,January,W,N,F,48,True,True, Plainville,New Britain Ave,  ,  ,V,G,1.0,0,14-12(a)*,,False,N,False,False,W,2025-01-26 18:13:51,Written Ticket,,,False,1.0,CT0011000,20250131020112000001,2025-01-26 18:13:51,18:13:51,2025,,,,2025,Registration
2025-02-02 02:01:56.973000,7186982.0,CT0011000,Plainville,Racial Profile,25,25-1084,Case No.,2025-01-27 00:00:00,January,W,N,M,29,True,False, Plainville,Unionville Ave,  ,  ,V,G,1.0,0,14-241,,False,N,False,False,V,2025-01-27 13:19:41,Verbal Warning,,,False,1.0,CT0011000,20250202020153000001,2025-01-27 13:19:41,13:19:41,2025,,,,2025,Moving Violation
2025-01-31 02:01:16.297000,7186607.0,CT0011000,Plainville,Racial Profile,40,25-1074,Case No.,2025-01-27 00:00:00,January,W,N,M,67,True,False, Plainville,Northwest Dr,  ,  ,V,G,1.0,0,14-301,,False,N,False,False,I,2025-01-27 06:47:54,Infraction Ticket,,,False,1.0,CT0011000,20250131020112000001,2025-01-27 06:47:54,06:47:54,2025,14-12(a)*,,,2025,Stop Sign
2025-01-29 02:01:13.240000,7186264.0,CT0011000,Plainville,Racial Profile,40,25-1075,Case No.,2025-01-27 00:00:00,January,W,N,F,36,True,False, Plainville,Northwest Dr,  ,  ,V,G,1.0,0,14-301,,False,N,False,False,I,2025-01-27 07:01:24,Infraction Ticket,,,False,1.0,CT0011000,20250129020109000001,2025-01-27 07:01:24,07:01:24,2025,,,,2025,Stop Sign
2025-02-06 02:01:19.890000,7187924.0,CT0011000,Plainville,Racial Profile,47,25-1073,Case No.,2025-01-27 00:00:00,January,W,N,M,53,True,True, Plainville,East St,  ,  ,V,G,1.0,0,14-96a(a),,False,N,False,False,V,2025-01-27 06:16:51,Verbal Warning,,,False,1.0,CT0011000,20250206020115000001,2025-01-27 06:16:51,06:16:51,2025,,,,2025,Defective Lights
2025-01-28 02:01:12.147000,7186122.0,CT0011000,Plainville,Racial Profile,48,25-1064,Case No.,2025-01-27 00:00:00,January,B,N,M,31,True,False, Plainville,New Britain Ave,  ,  ,V,G,1.0,0,14-96y,,False,N,False,False,V,2025-01-27 02:49:59,Verbal Warning,,,False,1.0,CT0011000,20250128020108000001,2025-01-27 02:49:59,02:49:59,2025,,,,2025,Defective Lights
2025-01-29 02:01:13.243000,7186265.0,CT0011000,Plainville,Racial Profile,48,25-1076,Case No.,2025-01-27 00:00:00,January,W,N,F,40,True,False, Plainville,New Britain Ave,  ,  ,V,G,1.0,0,14-12(a)*,,False,N,False,False,I,2025-01-27 07:25:16,Infraction Ticket,,,False,1.0,CT0011000,20250129020109000001,2025-01-27 07:25:16,07:25:16,2025,,,,2025,Registration
2025-02-09 02:01:26.447000,7189553.0,CT0011000,Plainville,Racial Profile,39,25-1150,Case No.,2025-01-28 00:00:00,January,W,N,M,59,True,False, Plainville,EAST ST,  ,  ,E,G,1.0,0,14-96y,,False,N,False,False,V,2025-01-28 17:39:23,Verbal Warning,,,False,1.0,CT0011000,20250209020122000001,2025-01-28 17:39:23,17:39:23,2025,,,,2025,Defective Lights
2025-02-03 02:01:16.510000,7187178.0,CT0011000,Plainville,Racial Profile,39,25-1152,Case No.,2025-01-28 00:00:00,January,B,N,F,53,True,False, Plainville,New Britain Ave,  ,  ,E,G,1.0,0,14-96e,,False,N,False,False,V,2025-01-28 18:06:48,Verbal Warning,,,False,1.0,CT0011000,20250203020112000001,2025-01-28 18:06:48,18:06:48,2025,,,,2025,Defective Lights
2025-01-29 02:01:13.253000,7186269.0,CT0011000,Plainville,Racial Profile,40,25-1123,Case No.,2025-01-28 00:00:00,January,W,M,F,45,True,True, Plainville,Tomlinson Ave,  ,  ,V,G,1.0,0,14-301,,False,N,False,False,V,2025-01-28 06:36:02,Verbal Warning,,,False,1.0,CT0011000,20250129020109000001,2025-01-28 06:36:02,06:36:02,2025,,,,2025,Stop Sign
2025-02-05 02:01:20.027000,7187736.0,CT0011000,Plainville,Racial Profile,40,25-1125,Case No.,2025-01-28 00:00:00,January,W,N,F,34,True,True, Plainville,Tomlinson Ave,  ,  ,V,G,1.0,0,14-301,,False,N,False,False,V,2025-01-28 06:51:50,Verbal Warning,,,False,1.0,CT0011000,20250205020115000001,2025-01-28 06:51:50,06:51:50,2025,,,,2025,Stop Sign
2025-02-05 02:01:20.040000,7187738.0,CT0011000,Plainville,Racial Profile,40,25-1127,Case No.,2025-01-28 00:00:00,January,W,N,F,43,True,True, Plainville,Broad St,  ,  ,V,G,1.0,0,14-301,,False,N,False,False,V,2025-01-28 07:16:32,Verbal Warning,,,False,1.0,CT0011000,20250205020115000001,2025-01-28 07:16:32,07:16:32,2025,,,,2025,Stop Sign
2025-02-02 02:01:57.077000,7186992.0,CT0011000,Plainville,Racial Profile,45,25-1128,Case No.,2025-01-28 00:00:00,January,B,N,M,23,True,False, Plainville,Meriline Ave,  ,  ,V,G,1.0,0,14-301,,False,N,False,False,V,2025-01-28 07:25:09,Verbal Warning,,,False,1.0,CT0011000,20250202020153000001,2025-01-28 07:25:09,07:25:09,2025,,,,2025,Stop Sign
2025-01-29 02:01:13.247000,7186267.0,CT0011000,Plainville,Racial Profile,47,25-1102,Case No.,2025-01-28 00:00:00,January,W,N,F,55,True,False, Plainville,Hooker St,  ,  ,V,G,1.0,0,14-12(a)*,,False,N,False,False,I,2025-01-28 01:04:17,Infraction Ticket,,,False,1.0,CT0011000,20250129020109000001,2025-01-28 01:04:17,01:04:17,2025,,,,2025,Registration
2025-02-03 02:01:16.470000,7187166.0,CT0011000,Plainville,Racial Profile,47,25-1120,Case No.,2025-01-28 00:00:00,January,W,H,M,30,True,True, Plainville,East Main St,  ,  ,V,G,1.0,0,14-12(a)*,,False,N,False,False,I,2025-01-28 02:46:11,Infraction Ticket,,,False,1.0,CT0011000,20250203020112000001,2025-01-28 02:46:11,02:46:11,2025,14-242,,,2025,Registration
2025-02-09 02:01:26.407000,7189543.0,CT0011000,Plainville,Racial Profile,47,25-1121,Case No.,2025-01-28 00:00:00,January,W,N,M,31,True,True, Plainville,Hooker St,  ,  ,V,G,2.0,1,14-215(a),,False,N,False,False,M,2025-01-28 06:23:17,Misdemeanor Summons,,,False,1.0,CT0011000,20250209020122000001,2025-01-28 06:23:17,06:23:17,2025,14-213b,,,2025,Administrative Offense
2025-02-01 02:01:17.260000,7186813.0,CT0011000,Plainville,Racial Profile,47,25-1126,Case No.,2025-01-28 00:00:00,January,W,H,M,0,True,True, Plainville,Granger Ln,  ,  ,V,G,2.0,0,14-96c,,False,N,False,False,I,2025-01-28 07:14:25,Infraction Ticket,,,False,1.0,CT0011000,20250201020113000001,2025-01-28 07:14:25,07:14:25,2025,14-147(c),,,2025,Defective Lights
2025-02-02 02:01:57.007000,7186989.0,CT0011000,Plainville,Racial Profile,47,25-1126,Case No.,2025-01-28 00:00:00,January,W,H,M,24,True,True, Plainville,Granger Ln,  ,  ,V,G,2.0,0,14-96c,,False,N,False,False,I,2025-01-28 07:14:25,Infraction Ticket,,,False,1.0,CT0011000,20250202020153000001,2025-01-28 07:14:25,07:14:25,2025,14-147(c),,,2025,Defective Lights
2025-02-06 02:01:19.913000,7187933.0,CT0011000,Plainville,Racial Profile,48,25-1124,Case No.,2025-01-28 00:00:00,January,W,H,M,32,True,False, Plainville,Cooke St,  ,  ,V,G,2.0,1,14-213b,,False,N,False,False,I,2025-01-28 06:40:22,Infraction Ticket,,,False,1.0,CT0011000,20250206020115000001,2025-01-28 06:40:22,06:40:22,2025,14-18,,,2025,Administrative Offense
2025-01-29 02:01:13.267000,7186273.0,CT0011000,Plainville,Racial Profile,48,25-1133,Case No.,2025-01-28 00:00:00,January,W,H,M,71,True,True, Plainville,East St,  ,  ,V,G,1.0,0,14-12(a)*,,False,N,False,False,I,2025-01-28 10:35:14,Infraction Ticket,,,False,1.0,CT0011000,20250129020109000001,2025-01-28 10:35:14,10:35:14,2025,,,,2025,Registration
2025-02-06 02:01:19.930000,7187940.0,CT0011000,Plainville,Racial Profile,48,25-1145,Case No.,2025-01-28 00:00:00,January,B,N,F,47,True,False, Plainville,North Washington St,  ,  ,V,G,1.0,0,14-18(a),,False,N,False,False,V,2025-01-28 15:08:20,Verbal Warning,,,False,1.0,CT0011000,20250206020115000001,2025-01-28 15:08:20,15:08:20,2025,,,,2025,Display of Plates
2025-02-01 02:01:17.280000,7186823.0,CT0011000,Plainville,Racial Profile,31,25-1194,Case No.,2025-01-29 00:00:00,January,W,N,F,53,True,False, Plainville,South Washington St,  ,  ,I,G,1.0,0,14-12(a)*,,False,N,False,False,V,2025-01-29 10:36:45,Verbal Warning,,,False,1.0,CT0011000,20250201020113000001,2025-01-29 10:36:45,10:36:45,2025,,,,2025,Registration
2025-01-31 02:01:16.383000,7186626.0,CT0011000,Plainville,Racial Profile,33,25-1204,Case No.,2025-01-29 00:00:00,January,W,N,M,46,True,False, Plainville,New Britain Ave,  ,  ,V,G,1.0,0,14-12(a)*,,False,N,False,False,V,2025-01-29 14:44:35,Verbal Warning,,,False,1.0,CT0011000,20250131020112000001,2025-01-29 14:44:35,14:44:35,2025,,,,2025,Registration
2025-02-13 02:01:24.183000,7203375.0,CT0011000,Plainville,Racial Profile,34,25-1203,Case No.,2025-01-29 00:00:00,January,W,N,F,36,True,True, Plainville,New Britain Ave,  ,  ,V,B,2.0,0,14-279,,False,N,False,False,I,2025-01-29 14:25:10,Infraction Ticket,,,False,1.0,CT0011000,20250213020120000001,2025-01-29 14:25:10,14:25:10,2025,,,,2025,Other
2025-01-30 02:01:16.317000,7186452.0,CT0011000,Plainville,Racial Profile,37,25-1212,Case No.,2025-01-29 00:00:00,January,W,N,M,56,True,True, Plainville,East St,  ,  ,V,G,1.0,0,14-299,,False,N,False,False,V,2025-01-29 19:00:16,Verbal Warning,,,False,1.0,CT0011000,20250130020112000001,2025-01-29 19:00:16,19:00:16,2025,,,,2025,Traffic Control Signal
2025-01-30 02:01:16.300000,7186447.0,CT0011000,Plainville,Racial Profile,40,25-1179,Case No.,2025-01-29 00:00:00,January,A,N,F,65,True,False, Plainville,Robert Holcomb Way,  ,  ,V,G,1.0,0,14-301,,False,N,False,False,V,2025-01-29 07:11:14,Verbal Warning,,,False,1.0,CT0011000,20250130020112000001,2025-01-29 07:11:14,07:11:14,2025,,,,2025,Stop Sign
2025-02-01 02:01:17.277000,7186821.0,CT0011000,Plainville,Racial Profile,40,25-1182,Case No.,2025-01-29 00:00:00,January,W,N,F,16,True,True, Plainville,East Broad St,  ,  ,V,G,1.0,0,14-301,,False,N,False,False,V,2025-01-29 07:21:45,Verbal Warning,,,False,1.0,CT0011000,20250201020113000001,2025-01-29 07:21:45,07:21:45,2025,,,,2025,Stop Sign
2025-02-08 02:01:21.097000,7189354.0,CT0011000,Plainville,Racial Profile,43,25-1210,Case No.,2025-01-29 00:00:00,January,W,N,F,60,True,True, Plainville,Unionville Ave,  ,  ,I,G,2.0,1,14-227a(a1,,True,N,False,True,U,2025-01-29 18:35:14,Uniform ArrestReport,,,False,1.0,CT0011000,20250208020117000001,2025-01-29 18:35:14,18:35:14,2025,,,,2025,Other
2025-01-31 02:01:16.367000,7186621.0,CT0011000,Plainville,Racial Profile,48,25-1162,Case No.,2025-01-29 00:00:00,January,B,N,M,49,True,False, Plainville,East Main St,  ,  ,V,G,1.0,0,14-96y,,False,N,False,False,V,2025-01-29 00:48:26,Verbal Warning,,,False,1.0,CT0011000,20250131020112000001,2025-01-29 00:48:26,00:48:26,2025,,,,2025,Defective Lights
2025-02-10 02:01:22.550000,7189763.0,CT0011000,Plainville,Racial Profile,48,25-1163,Case No.,2025-01-29 00:00:00,January,W,N,M,49,True,False, Plainville,East Main St,  ,  ,V,G,1.0,0,14-96y,,False,N,False,False,V,2025-01-29 00:52:01,Verbal Warning,,,False,1.0,CT0011000,20250210020118000001,2025-01-29 00:52:01,00:52:01,2025,,,,2025,Defective Lights
2025-02-02 02:01:57.463000,7187000.0,CT0011000,Plainville,Racial Profile,48,25-1183,Case No.,2025-01-29 00:00:00,January,W,N,F,24,True,False, Plainville,New Britain Ave,  ,  ,V,G,1.0,0,14-236,,False,N,False,False,V,2025-01-29 07:36:03,Verbal Warning,,,False,1.0,CT0011000,20250202020153000001,2025-01-29 07:36:03,07:36:03,2025,,,,2025,Moving Violation
2025-01-31 02:01:16.397000,7186629.0,CT0011000,Plainville,Racial Profile,33,25-1242,Case No.,2025-01-30 00:00:00,January,W,N,F,60,True,True, Plainville,Canal St,  ,  ,V,G,1.0,0,14-12(a),,False,N,False,False,V,2025-01-30 09:47:33,Verbal Warning,,,False,1.0,CT0011000,20250131020112000001,2025-01-30 09:47:33,09:47:33,2025,,,,2025,Registration
2025-02-03 02:01:16.553000,7187190.0,CT0011000,Plainville,Racial Profile,33,25-1253,Case No.,2025-01-30 00:00:00,January,W,H,F,21,True,True, Plainville,East St,  ,  ,V,G,1.0,0,14-299,,False,N,False,False,V,2025-01-30 14:37:01,Verbal Warning,,,False,1.0,CT0011000,20250203020112000001,2025-01-30 14:37:01,14:37:01,2025,,,,2025,Traffic Control Signal
2025-02-05 02:01:20.110000,7187753.0,CT0011000,Plainville,Racial Profile,39,25-1225,Case No.,2025-01-30 00:00:00,January,W,N,M,27,True,True, Plainville,Broad St,  ,  ,E,G,1.0,0,14-96c,,False,N,False,False,V,2025-01-30 02:32:14,Verbal Warning,,,False,1.0,CT0011000,20250205020115000001,2025-01-30 02:32:14,02:32:14,2025,,,,2025,Defective Lights
2025-02-11 02:01:22.283000,7190897.0,CT0011000,Plainville,Racial Profile,49,25-1246,Case No.,2025-01-30 00:00:00,January,W,N,F,66,True,False, Plainville,Shuttle Meadow Rd,  ,  ,V,G,1.0,0,14-301,,False,N,False,False,V,2025-01-30 11:02:17,Verbal Warning,,,False,1.0,CT0011000,20250211020118000001,2025-01-30 11:02:17,11:02:17,2025,,,,2025,Stop Sign
2025-02-10 02:01:22.603000,7189779.0,CT0011000,Plainville,Racial Profile,43,25-1297,Case No.,2025-01-31 00:00:00,January,W,N,M,69,True,True, Plainville,Summer St,  ,  ,E,G,2.0,1,14-236,,True,N,False,True,U,2025-01-31 18:03:05,Uniform ArrestReport,,,False,1.0,CT0011000,20250210020118000001,2025-01-31 18:03:05,18:03:05,2025,14-227a,,,2025,Moving Violation
2025-02-25 02:01:30.510000,7229974.0,CT0011000,Plainville,Racial Profile,46,25-1274,Case No.,2025-01-31 00:00:00,January,B,N,M,62,True,False, Plainville,Bradley St,  ,  ,V,G,1.0,0,14-301,,False,N,False,False,V,2025-01-31 06:47:09,Verbal Warning,,,False,1.0,CT0011000,20250225020125000001,2025-01-31 06:47:09,06:47:09,2025,,,,2025,Stop Sign
2025-02-01 02:01:17.313000,7186831.0,CT0011000,Plainville,Racial Profile,47,25-1270,Case No.,2025-01-31 00:00:00,January,B,N,M,22,True,False, Plainville,Hooker St,  ,  ,V,G,1.0,0,14-299,,False,N,False,False,V,2025-01-31 03:51:23,Verbal Warning,,,False,1.0,CT0011000,20250201020113000001,2025-01-31 03:51:23,03:51:23,2025,,,,2025,Traffic Control Signal
2025-02-02 02:01:57.533000,7187010.0,CT0011000,Plainville,Racial Profile,47,25-1273,Case No.,2025-01-31 00:00:00,January,W,H,F,23,True,False, Plainville,CT Commons,  ,  ,V,G,1.0,0,14-96a(a),,False,N,False,False,V,2025-01-31 06:45:57,Verbal Warning,,,False,1.0,CT0011000,20250202020153000001,2025-01-31 06:45:57,06:45:57,2025,,,,2025,Defective Lights
2025-02-01 02:01:17.317000,7186833.0,CT0011000,Plainville,Racial Profile,47,25-1276,Case No.,2025-01-31 00:00:00,January,W,N,M,44,True,False, Plainville,New Britain Ave,  ,  ,V,G,1.0,0,14-12(a)*,,False,N,False,False,V,2025-01-31 06:58:39,Verbal Warning,,,False,1.0,CT0011000,20250201020113000001,2025-01-31 06:58:39,06:58:39,2025,,,,2025,Registration
2025-02-10 02:01:22.607000,7189780.0,CT0011000,Plainville,Racial Profile,47,25-1307,Case No.,2025-02-01 00:00:00,February,W,N,M,35,True,True, Plainville,West Main St,  ,  ,V,G,1.0,0,14-96c,,False,N,False,False,V,2025-02-01 00:40:06,Verbal Warning,,,False,1.0,CT0011000,20250210020118000001,2025-02-01 00:40:06,00:40:06,2025,,,,2025,Defective Lights
2025-02-13 02:01:24.220000,7203391.0,CT0011000,Plainville,Racial Profile,30,25-1354,Case No.,2025-02-02 00:00:00,February,W,H,F,59,True,True, Plainville,Birch Tree Rd,  ,  ,V,G,3.0,0,14-227a,,True,N,False,True,U,2025-02-02 02:05:55,Uniform ArrestReport,,,False,1.0,CT0011000,20250213020120000001,2025-02-02 02:05:55,02:05:55,2025,14-223(a),,,2025,Other
2025-02-05 02:01:20.173000,7187761.0,CT0011000,Plainville,Racial Profile,39,25-1372,Case No.,2025-02-02 00:00:00,February,W,N,M,46,True,False, Plainville,East St,  ,  ,E,G,1.0,1,14-96a(a),,False,N,False,False,V,2025-02-02 17:12:42,Verbal Warning,,,False,1.0,CT0011000,20250205020115000001,2025-02-02 17:12:42,17:12:42,2025,,,,2025,Defective Lights
2025-02-09 02:01:26.537000,7189578.0,CT0011000,Plainville,Racial Profile,39,25-1373,Case No.,2025-02-02 00:00:00,February,W,N,M,18,True,True, Plainville,New Britain Ave,  ,  ,E,B,2.0,1,14-12(a)*,,False,N,False,False,I,2025-02-02 17:23:17,Infraction Ticket,,,False,1.0,CT0011000,20250209020122000001,2025-02-02 17:23:17,17:23:17,2025,14-213b,,,2025,Registration
2025-02-04 02:01:17.520000,7187570.0,CT0011000,Plainville,Racial Profile,40,25-1352,Case No.,2025-02-02 00:00:00,February,W,N,F,23,True,False, Plainville,West Main St,  ,  ,V,G,1.0,0,14-96a(a),,False,N,False,False,V,2025-02-02 01:53:49,Verbal Warning,,,False,1.0,CT0011000,20250204020113000001,2025-02-02 01:53:49,01:53:49,2025,,,,2025,Defective Lights
2025-02-14 02:01:23.617000,7203611.0,CT0011000,Plainville,Racial Profile,47,25-1347,Case No.,2025-02-02 00:00:00,February,W,N,M,0,True,True, Plainville,Woodford Ave,  ,  ,V,G,1.0,0,14-301,,False,N,False,False,V,2025-02-02 01:10:37,Verbal Warning,,,False,1.0,CT0011000,20250214020119000001,2025-02-02 01:10:37,01:10:37,2025,,,,2025,Stop Sign
2025-02-09 02:01:26.523000,7189574.0,CT0011000,Plainville,Racial Profile,47,25-1350,Case No.,2025-02-02 00:00:00,February,W,N,F,56,True,True, Plainville,New Britain Ave,  ,  ,V,G,1.0,0,14-96c,,False,N,False,False,V,2025-02-02 01:36:28,Verbal Warning,,,False,1.0,CT0011000,20250209020122000001,2025-02-02 01:36:28,01:36:28,2025,,,,2025,Defective Lights
2025-02-09 02:01:26.540000,7189579.0,CT0011000,Plainville,Racial Profile,50,25-1375,Case No.,2025-02-02 00:00:00,February,B,N,F,36,True,True, Plainville,Whiting St,  ,  ,E,B,2.0,0,14-12(a)*,,False,N,False,False,I,2025-02-02 19:34:35,Infraction Ticket,,,False,1.0,CT0011000,20250209020122000001,2025-02-02 19:34:35,19:34:35,2025,14-100a(d(1(C,,,2025,Registration
2025-02-06 02:01:20.010000,7187967.0,CT0011000,Plainville,Racial Profile,40,25-1397,Case No.,2025-02-03 00:00:00,February,W,N,M,55,False,True, Plainville,East St,  ,  ,V,G,1.0,0,14-301,,False,N,False,False,V,2025-02-03 06:09:48,Verbal Warning,,,False,1.0,CT0011000,20250206020115000001,2025-02-03 06:09:48,06:09:48,2025,,,,2025,Stop Sign
2025-02-04 02:01:17.530000,7187575.0,CT0011000,Plainville,Racial Profile,40,25-1398,Case No.,2025-02-03 00:00:00,February,W,N,F,59,True,True, Plainville,Woodford Ave,  ,  ,V,G,1.0,0,14-96a(a),,False,N,False,False,V,2025-02-03 06:26:50,Verbal Warning,,,False,1.0,CT0011000,20250204020113000001,2025-02-03 06:26:50,06:26:50,2025,14-96c,,,2025,Defective Lights
2025-02-04 02:01:17.533000,7187576.0,CT0011000,Plainville,Racial Profile,40,25-1401,Case No.,2025-02-03 00:00:00,February,W,N,F,67,True,False, Plainville,East St,  ,  ,V,G,1.0,0,14-299,,False,N,False,False,V,2025-02-03 06:37:25,Verbal Warning,,,False,1.0,CT0011000,20250204020113000001,2025-02-03 06:37:25,06:37:25,2025,,,,2025,Traffic Control Signal
2025-02-05 02:01:20.197000,7187767.0,CT0011000,Plainville,Racial Profile,40,25-1402,Case No.,2025-02-03 00:00:00,February,W,N,F,62,True,True, Plainville,Tomlinson Ave,  ,  ,V,G,1.0,0,14-301,,False,N,False,False,V,2025-02-03 07:03:35,Verbal Warning,,,False,1.0,CT0011000,20250205020115000001,2025-02-03 07:03:35,07:03:35,2025,,,,2025,Stop Sign
2025-02-10 02:01:22.643000,7189790.0,CT0011000,Plainville,Racial Profile,47,25-1400,Case No.,2025-02-03 00:00:00,February,W,N,M,0,True,True, Plainville,New Britain Ave,  ,  ,V,G,1.0,0,14-96a(a),,False,N,False,False,V,2025-02-03 06:33:25,Verbal Warning,,,False,1.0,CT0011000,20250210020118000001,2025-02-03 06:33:25,06:33:25,2025,,,,2025,Defective Lights
2025-02-06 02:01:20.017000,7187972.0,CT0011000,Plainville,Racial Profile,47,25-1410,Case No.,2025-02-03 00:00:00,February,W,H,M,71,True,False, Plainville,New Britain Ave,  ,  ,V,G,2.0,0,14-242,,False,N,False,True,U,2025-02-03 11:03:48,Uniform ArrestReport,,,False,1.0,CT0011000,20250206020115000001,2025-02-03 11:03:48,11:03:48,2025,53a-173,,,2025,Moving Violation
2025-02-08 02:01:21.200000,7189379.0,CT0011000,Plainville,Racial Profile,40,25-1446,Case No.,2025-02-04 00:00:00,February,W,N,F,79,True,True, Plainville,Woodford Ave,  ,  ,V,G,1.0,0,14-301,,False,N,False,False,V,2025-02-04 07:31:29,Verbal Warning,,,False,1.0,CT0011000,20250208020117000001,2025-02-04 07:31:29,07:31:29,2025,,,,2025,Stop Sign
2025-02-05 02:01:20.200000,7187769.0,CT0011000,Plainville,Racial Profile,40,25-1447,Case No.,2025-02-04 00:00:00,February,W,N,F,18,True,True, Plainville,New Britain Ave,  ,  ,V,G,1.0,0,14-241,,False,N,False,False,V,2025-02-04 07:41:33,Verbal Warning,,,False,1.0,CT0011000,20250205020115000001,2025-02-04 07:41:33,07:41:33,2025,,,,2025,Moving Violation
2025-02-10 02:01:22.653000,7189794.0,CT0011000,Plainville,Racial Profile,46,25-1437,Case No.,2025-02-04 00:00:00,February,W,N,M,55,True,True, Plainville,Rockwell Ave,  ,  ,V,G,2.0,0,14-147(c),,False,N,False,False,I,2025-02-04 03:45:51,Infraction Ticket,,,False,1.0,CT0011000,20250210020118000001,2025-02-04 03:45:51,03:45:51,2025,,,,2025,Administrative Offense
2025-02-08 02:01:21.207000,7189381.0,CT0011000,Plainville,Racial Profile,34,25-1510,Case No.,2025-02-05 00:00:00,February,W,H,M,32,True,True, Plainville,East Main St,  ,  ,V,B,1.0,0,14-299,,False,N,False,False,V,2025-02-05 11:34:00,Verbal Warning,,,False,1.0,CT0011000,20250208020117000001,2025-02-05 11:34:00,11:34:00,2025,,,,2025,Traffic Control Signal
2025-02-07 02:01:19.690000,7189030.0,CT0011000,Plainville,Racial Profile,43,25-1524,Case No.,2025-02-05 00:00:00,February,W,N,M,48,True,True, Plainville,East St,  ,  ,E,G,1.0,0,14-96i,,False,N,False,False,V,2025-02-05 17:37:27,Verbal Warning,,,False,1.0,CT0011000,20250207020115000001,2025-02-05 17:37:27,17:37:27,2025,,,,2025,Defective Lights
2025-02-07 02:01:19.693000,7189031.0,CT0011000,Plainville,Racial Profile,34,25-1542,Case No.,2025-02-06 00:00:00,February,W,N,F,18,True,True, Plainville,Rosemont Dr,  ,  ,V,B,2.0,0,14-96a(a),,False,N,False,False,M,2025-02-06 01:48:51,Misdemeanor Summons,,,False,1.0,CT0011000,20250207020115000001,2025-02-06 01:48:51,01:48:51,2025,14-215(c)(1),,,2025,Defective Lights
2025-02-14 02:01:23.663000,7203630.0,CT0011000,Plainville,Racial Profile,43,25-1565,Case No.,2025-02-06 00:00:00,February,W,N,M,42,True,True, Plainville,East St,  ,  ,V,G,1.0,0,14-96i,,False,N,False,False,V,2025-02-06 16:32:47,Verbal Warning,,,False,1.0,CT0011000,20250214020119000001,2025-02-06 16:32:47,16:32:47,2025,,,,2025,Defective Lights
2025-02-19 02:01:25.150000,7227331.0,CT0011000,Plainville,Racial Profile,46,25-1554,Case No.,2025-02-06 00:00:00,February,W,N,M,49,True,False, Plainville,Camp St,  ,  ,E,G,1.0,0,14-96c,,False,N,False,False,V,2025-02-06 06:41:33,Verbal Warning,,,False,1.0,CT0011000,20250219020121000001,2025-02-06 06:41:33,06:41:33,2025,,,,2025,Defective Lights
2025-02-15 02:01:26.200000,7205138.0,CT0011000,Plainville,Racial Profile,34,25-1598,Case No.,2025-02-07 00:00:00,February,W,N,M,54,True,False, Plainville,COOKE ST,  ,  ,E,B,1.0,0,14-35a(sbs),,False,N,False,False,V,2025-02-07 16:27:17,Verbal Warning,,,False,1.0,CT0011000,20250215020122000001,2025-02-07 16:27:17,16:27:17,2025,,,,2025,Other
2025-02-11 02:01:22.383000,7190924.0,CT0011000,Plainville,Racial Profile,40,25-1582,Case No.,2025-02-07 00:00:00,February,W,N,F,59,True,False, Plainville,Linden St,  ,  ,V,G,1.0,0,14-301,,False,N,False,False,V,2025-02-07 07:16:37,Verbal Warning,,,False,1.0,CT0011000,20250211020118000001,2025-02-07 07:16:37,07:16:37,2025,,,,2025,Stop Sign
2025-02-10 02:01:22.670000,7189800.0,CT0011000,Plainville,Racial Profile,47,25-1580,Case No.,2025-02-07 00:00:00,February,W,N,M,44,True,False, Plainville,Maple St,  ,  ,V,G,1.0,0,14-96y,,False,N,False,False,I,2025-02-07 06:28:20,Infraction Ticket,,,False,1.0,CT0011000,20250210020118000001,2025-02-07 06:28:20,06:28:20,2025,14-12(a)*,,,2025,Defective Lights
2025-02-18 02:01:23.410000,7226380.0,CT0011000,Plainville,Racial Profile,36,25-1640,Case No.,2025-02-08 00:00:00,February,W,N,M,34,True,True, Plainville,Neal Ct,  ,  ,V,G,1.0,0,14-96b,,False,N,False,False,V,2025-02-08 19:00:38,Verbal Warning,,,False,1.0,CT0011000,20250218020121000001,2025-02-08 19:00:38,19:00:38,2025,,,,2025,Defective Lights
2025-02-15 02:01:26.237000,7205144.0,CT0011000,Plainville,Racial Profile,36,25-1641,Case No.,2025-02-08 00:00:00,February,W,N,F,53,True,False, Plainville,Camp St,  ,  ,V,G,1.0,0,14-96b,,False,N,False,False,V,2025-02-08 19:11:55,Verbal Warning,,,False,1.0,CT0011000,20250215020122000001,2025-02-08 19:11:55,19:11:55,2025,,,,2025,Defective Lights
2025-02-16 02:01:27.207000,7221658.0,CT0011000,Plainville,Racial Profile,36,25-1644,Case No.,2025-02-08 00:00:00,February,W,N,F,23,True,False, Plainville,North Washington St,  ,  ,V,G,1.0,0,14-96b,,False,N,False,False,W,2025-02-08 19:35:08,Written Ticket,,,False,1.0,CT0011000,20250216020122000001,2025-02-08 19:35:08,19:35:08,2025,,,,2025,Defective Lights
2025-02-12 02:01:23.480000,7201136.0,CT0011000,Plainville,Racial Profile,47,25-1630,Case No.,2025-02-08 00:00:00,February,W,N,M,52,True,False, Plainville,West Main St,  ,  ,V,G,1.0,0,14-236,,False,N,False,False,V,2025-02-08 12:21:34,Verbal Warning,,,False,1.0,CT0011000,20250212020119000001,2025-02-08 12:21:34,12:21:34,2025,,,,2025,Moving Violation
2025-02-15 02:01:26.200000,7205139.0,CT0011000,Plainville,Racial Profile,48,25-1617,Case No.,2025-02-08 00:00:00,February,B,N,F,31,True,True, Plainville,New Britain Ave,  ,  ,V,G,1.0,0,14-96y,,False,N,False,False,V,2025-02-08 02:09:53,Verbal Warning,,,False,1.0,CT0011000,20250215020122000001,2025-02-08 02:09:53,02:09:53,2025,,,,2025,Defective Lights
2025-02-11 02:01:22.390000,7190926.0,CT0011000,Plainville,Racial Profile,48,25-1618,Case No.,2025-02-08 00:00:00,February,W,N,F,25,True,False, Plainville,New Britain Ave,  ,  ,V,G,1.0,0,14-96y,,False,N,False,False,V,2025-02-08 02:31:36,Verbal Warning,,,False,1.0,CT0011000,20250211020118000001,2025-02-08 02:31:36,02:31:36,2025,,,,2025,Defective Lights
2025-02-14 02:01:23.687000,7203636.0,CT0011000,Plainville,Racial Profile,48,25-1627,Case No.,2025-02-08 00:00:00,February,W,N,F,62,True,True, Plainville,New Britain Ave,  ,  ,V,G,1.0,0,14-219,,False,N,False,False,V,2025-02-08 07:42:46,Verbal Warning,,,False,1.0,CT0011000,20250214020119000001,2025-02-08 07:42:46,07:42:46,2025,,,,2025,Speed Related
2025-02-09 02:01:26.593000,7189597.0,CT0011000,Plainville,Racial Profile,50,25-1643,Case No.,2025-02-08 00:00:00,February,B,N,M,35,False,False, Plainville,Farmington Ave,  ,  ,V,G,2.0,1,14-96y,,False,N,False,False,W,2025-02-08 19:21:39,Written Ticket,,,False,1.0,CT0011000,20250209020122000001,2025-02-08 19:21:39,19:21:39,2025,14-213b,,,2025,Defective Lights
2025-02-10 02:01:22.690000,7189807.0,CT0011000,Plainville,Racial Profile,39,25-1677,Case No.,2025-02-09 00:00:00,February,W,H,M,73,True,True, Plainville,Farmington Ave,  ,  ,V,G,3.0,1,14-96y,,False,N,False,False,I,2025-02-09 22:50:04,Infraction Ticket,,,False,1.0,CT0011000,20250210020118000001,2025-02-09 22:50:04,22:50:04,2025,14-213b,,,2025,Defective Lights
2025-02-14 02:01:23.700000,7203642.0,CT0011000,Plainville,Racial Profile,48,25-1663,Case No.,2025-02-09 00:00:00,February,W,N,F,32,True,False, Plainville,Unionville Ave,  ,  ,V,G,1.0,0,14-18(a),,False,N,False,False,V,2025-02-09 05:40:30,Verbal Warning,,,False,1.0,CT0011000,20250214020119000001,2025-02-09 05:40:30,05:40:30,2025,,,,2025,Display of Plates
2025-02-13 02:01:24.280000,7203417.0,CT0011000,Plainville,Racial Profile,33,25-1708,Case No.,2025-02-10 00:00:00,February,W,N,F,65,True,False, Plainville,North Washington St,  ,  ,V,G,1.0,0,14-96c,,False,N,False,False,V,2025-02-10 08:57:36,Verbal Warning,,,False,1.0,CT0011000,20250213020120000001,2025-02-10 08:57:36,08:57:36,2025,,,,2025,Defective Lights
2025-02-13 02:01:24.293000,7203422.0,CT0011000,Plainville,Racial Profile,33,25-1727,Case No.,2025-02-10 00:00:00,February,W,N,F,77,True,False, Plainville,East Main St,  ,  ,V,G,1.0,0,14-296aa(b1st,,False,N,False,False,V,2025-02-10 14:28:16,Verbal Warning,,,False,1.0,CT0011000,20250213020120000001,2025-02-10 14:28:16,14:28:16,2025,,,,2025,Cell Phone
2025-02-23 02:01:28.550000,7228850.0,CT0011000,Plainville,Racial Profile,39,25-1686,Case No.,2025-02-10 00:00:00,February,W,N,F,18,True,False, Plainville,Forestville Ave,  ,  ,E,G,1.0,0,14-96e,,False,N,False,False,V,2025-02-10 02:36:48,Verbal Warning,,,False,1.0,CT0011000,20250223020124000001,2025-02-10 02:36:48,02:36:48,2025,,,,2025,Defective Lights
2025-02-15 02:01:26.260000,7205150.0,CT0011000,Plainville,Racial Profile,49,25-1711,Case No.,2025-02-10 00:00:00,February,W,N,M,72,True,True, Plainville,South Washington St,  ,  ,V,G,1.0,0,14-12(a)*,,False,N,False,False,W,2025-02-10 09:58:45,Written Ticket,,,False,1.0,CT0011000,20250215020122000001,2025-02-10 09:58:45,09:58:45,2025,,,,2025,Registration
2025-02-13 02:01:24.287000,7203419.0,CT0011000,Plainville,Racial Profile,49,25-1719,Case No.,2025-02-10 00:00:00,February,W,N,F,45,True,False, Plainville,East Main St,  ,  ,V,G,2.0,1,14-12(a)*,,False,N,False,False,I,2025-02-10 11:37:31,Infraction Ticket,,,False,1.0,CT0011000,20250213020120000001,2025-02-10 11:37:31,11:37:31,2025,14-213b,,,2025,Registration
2025-02-21 02:01:27.487000,7228328.0,CT0011000,Plainville,Racial Profile,49,25-1724,Case No.,2025-02-10 00:00:00,February,W,N,M,51,True,False, Plainville,East Main St,  ,  ,V,G,1.0,0,14-12(a)*,,False,N,False,False,V,2025-02-10 13:23:36,Verbal Warning,,,False,1.0,CT0011000,20250221020123000001,2025-02-10 13:23:36,13:23:36,2025,,,,2025,Registration
2025-02-13 02:01:24.290000,7203421.0,CT0011000,Plainville,Racial Profile,49,25-1725,Case No.,2025-02-10 00:00:00,February,W,H,F,34,True,False, Plainville,East Main St,  ,  ,V,G,2.0,1,14-12(a)*,,False,N,False,False,I,2025-02-10 13:46:20,Infraction Ticket,,,False,1.0,CT0011000,20250213020120000001,2025-02-10 13:46:20,13:46:20,2025,14-213b,,,2025,Registration
2025-02-14 02:01:23.723000,7203651.0,CT0011000,Plainville,Racial Profile,27,25-1756,Case No.,2025-02-11 00:00:00,February,W,N,F,63,True,False, Plainville,East St,  ,  ,V,G,1.0,0,14-299,,False,N,False,False,V,2025-02-11 03:45:49,Verbal Warning,,,False,1.0,CT0011000,20250214020119000001,2025-02-11 03:45:49,03:45:49,2025,,,,2025,Traffic Control Signal
2025-02-16 02:01:27.320000,7221673.0,CT0011000,Plainville,Racial Profile,43,25-1778,Case No.,2025-02-11 00:00:00,February,W,N,M,0,True,True, Plainville,East Main St,  ,  ,V,G,1.0,0,14-301,,False,N,False,False,V,2025-02-11 17:24:36,Verbal Warning,,,False,1.0,CT0011000,20250216020122000001,2025-02-11 17:24:36,17:24:36,2025,,,,2025,Stop Sign
2025-02-11 02:01:22.417000,7190937.0,CT0011000,Plainville,Racial Profile,48,25-1742,Case No.,2025-02-11 00:00:00,February,W,N,F,45,True,False, Plainville,New Britain Ave,  ,  ,V,G,1.0,0,14-236,,False,N,False,False,V,2025-02-11 01:23:45,Verbal Warning,,,False,1.0,CT0011000,20250211020118000001,2025-02-11 01:23:45,01:23:45,2025,,,,2025,Moving Violation
2025-02-17 02:01:25.900000,7223048.0,CT0011000,Plainville,Racial Profile,48,25-1761,Case No.,2025-02-11 00:00:00,February,W,N,F,28,True,True, Plainville,East St,  ,  ,V,G,1.0,0,14-215,,False,N,False,False,V,2025-02-11 06:47:40,Verbal Warning,,,False,1.0,CT0011000,20250217020121000001,2025-02-11 06:47:40,06:47:40,2025,,,,2025,Administrative Offense
2025-02-15 02:01:26.277000,7205158.0,CT0011000,Plainville,Racial Profile,48,25-1762,Case No.,2025-02-11 00:00:00,February,W,N,F,28,True,False, Plainville,Crooked St,  ,  ,V,G,1.0,0,14-12(a),,False,N,False,False,I,2025-02-11 07:06:49,Infraction Ticket,,,False,1.0,CT0011000,20250215020122000001,2025-02-11 07:06:49,07:06:49,2025,,,,2025,Registration
2025-02-13 02:01:24.303000,7203427.0,CT0011000,Plainville,Racial Profile,49,25-1768,Case No.,2025-02-11 00:00:00,February,W,N,F,21,True,False, Plainville,Pine St,  ,  ,V,G,1.0,0,14-12(a)*,,False,N,False,False,V,2025-02-11 10:25:38,Verbal Warning,,,False,1.0,CT0011000,20250213020120000001,2025-02-11 10:25:38,10:25:38,2025,,,,2025,Registration
2025-02-13 02:01:24.307000,7203428.0,CT0011000,Plainville,Racial Profile,49,25-1770,Case No.,2025-02-11 00:00:00,February,W,N,M,56,True,True, Plainville,New Britain Ave,  ,  ,V,G,1.0,0,14-12(a)*,,False,N,False,False,W,2025-02-11 10:43:53,Written Ticket,,,False,1.0,CT0011000,20250213020120000001,2025-02-11 10:43:53,10:43:53,2025,,,,2025,Registration
2025-02-16 02:01:27.323000,7221674.0,CT0011000,Plainville,Racial Profile,37,25-1820,Case No.,2025-02-12 00:00:00,February,W,N,M,33,True,False, Plainville,Pine St,  ,  ,V,G,1.0,0,14-299,,False,N,False,False,W,2025-02-12 22:37:32,Written Ticket,,,False,1.0,CT0011000,20250216020122000001,2025-02-12 22:37:32,22:37:32,2025,,,,2025,Traffic Control Signal
2025-02-15 02:01:26.290000,7205163.0,CT0011000,Plainville,Racial Profile,50,25-1822,Case No.,2025-02-12 00:00:00,February,W,H,M,27,True,False, Plainville,New Britain Ave,  ,  ,E,G,1.0,0,14-96c,,False,N,False,False,V,2025-02-12 23:46:10,Verbal Warning,,,False,1.0,CT0011000,20250215020122000001,2025-02-12 23:46:10,23:46:10,2025,,,,2025,Defective Lights
2025-02-16 02:01:27.337000,7221676.0,CT0011000,Plainville,Racial Profile,36,25-1870,Case No.,2025-02-13 00:00:00,February,W,N,F,20,True,False, Plainville,Pine St,  ,  ,V,G,1.0,0,14-299,,False,N,False,False,W,2025-02-13 16:49:00,Written Ticket,,,False,1.0,CT0011000,20250216020122000001,2025-02-13 16:49:00,16:49:00,2025,,,,2025,Traffic Control Signal
2025-03-04 02:01:41.717000,7255061.0,CT0011000,Plainville,Racial Profile,47,25-1841,Case No.,2025-02-13 00:00:00,February,W,H,M,39,True,False, Plainville,South Washington St,  ,  ,V,G,2.0,1,14-147(c),,False,N,False,False,I,2025-02-13 06:14:31,Infraction Ticket,,,False,1.0,CT0011000,20250304020137000001,2025-02-13 06:14:31,06:14:31,2025,14-213b,,,2025,Administrative Offense
2025-02-22 02:01:30.073000,7228599.0,CT0011000,Plainville,Racial Profile,40,25-1914,Case No.,2025-02-14 00:00:00,February,W,N,F,52,True,True, Plainville,Northwest Dr,  ,  ,V,G,1.0,0,14-301,,False,N,False,False,V,2025-02-14 06:40:17,Verbal Warning,,,False,1.0,CT0011000,20250222020125000001,2025-02-14 06:40:17,06:40:17,2025,,,,2025,Stop Sign
2025-03-04 02:01:41.730000,7255067.0,CT0011000,Plainville,Racial Profile,40,25-1915,Case No.,2025-02-14 00:00:00,February,W,H,F,23,True,False, Plainville,Perron Rd,  ,  ,V,G,1.0,0,14-301,,False,N,False,False,V,2025-02-14 06:54:17,Verbal Warning,,,False,1.0,CT0011000,20250304020137000001,2025-02-14 06:54:17,06:54:17,2025,,,,2025,Stop Sign
2025-03-04 02:01:41.720000,7255063.0,CT0011000,Plainville,Racial Profile,47,25-1904,Case No.,2025-02-14 00:00:00,February,W,N,M,20,True,True, Plainville,New Britain Ave,  ,  ,V,G,1.0,0,14-96c,,False,N,False,False,V,2025-02-14 01:28:55,Verbal Warning,,,False,1.0,CT0011000,20250304020137000001,2025-02-14 01:28:55,01:28:55,2025,,,,2025,Defective Lights
2025-03-04 02:01:41.723000,7255064.0,CT0011000,Plainville,Racial Profile,47,25-1911,Case No.,2025-02-14 00:00:00,February,W,N,M,69,True,True, Plainville,Whiting St,  ,  ,V,G,1.0,0,14-96a(a),,False,N,False,False,V,2025-02-14 06:02:00,Verbal Warning,,,False,1.0,CT0011000,20250304020137000001,2025-02-14 06:02:00,06:02:00,2025,,,,2025,Defective Lights
2025-02-20 02:01:28.230000,7228083.0,CT0011000,Plainville,Racial Profile,48,25-1912,Case No.,2025-02-14 00:00:00,February,B,N,M,41,True,False, Plainville,New Britain Ave,  ,  ,V,G,2.0,1,14-96b,,False,N,False,False,I,2025-02-14 06:05:10,Infraction Ticket,,,False,1.0,CT0011000,20250220020124000001,2025-02-14 06:05:10,06:05:10,2025,14-12(a)*,,,2025,Defective Lights
2025-02-15 02:01:26.350000,7205168.0,CT0011000,Plainville,Racial Profile,48,25-1916,Case No.,2025-02-14 00:00:00,February,W,H,F,26,True,True, Plainville,New Britain Ave,  ,  ,V,G,1.0,0,14-236,,False,N,False,False,V,2025-02-14 07:10:27,Verbal Warning,,,False,1.0,CT0011000,20250215020122000001,2025-02-14 07:10:27,07:10:27,2025,,,,2025,Moving Violation
2025-02-22 02:01:30.100000,7228602.0,CT0011000,Plainville,Racial Profile,50,25-1936,Case No.,2025-02-14 00:00:00,February,W,N,F,22,True,False, Plainville,EAST MAIN ST,  ,  ,E,G,2.0,1,14-96c,,False,N,False,False,I,2025-02-14 22:18:37,Infraction Ticket,,,False,1.0,CT0011000,20250222020125000001,2025-02-14 22:18:37,22:18:37,2025,14-213b,,,2025,Defective Lights
2025-02-16 02:01:27.363000,7221683.0,CT0011000,Plainville,Racial Profile,43,25-1991,Case No.,2025-02-15 00:00:00,February,W,N,M,35,False,False, Plainville,Miles Ave,  ,  ,V,G,1.0,0,14-252a(a),,False,N,False,False,V,2025-02-15 16:57:30,Verbal Warning,,,False,1.0,CT0011000,20250216020122000001,2025-02-15 16:57:30,16:57:30,2025,,,,2025,Other
2025-02-16 02:01:27.367000,7221684.0,CT0011000,Plainville,Racial Profile,43,25-1992,Case No.,2025-02-15 00:00:00,February,W,H,M,37,True,False, Plainville,EAST MAIN ST,  ,  ,V,G,2.0,0,14-215,,False,N,False,True,M,2025-02-15 17:05:56,Misdemeanor Summons,,,False,1.0,CT0011000,20250216020122000001,2025-02-15 17:05:56,17:05:56,2025,,,,2025,Administrative Offense
2025-03-04 02:01:41.740000,7255070.0,CT0011000,Plainville,Racial Profile,47,25-1971,Case No.,2025-02-15 00:00:00,February,W,N,M,41,True,True, Plainville,New Britain Ave,  ,  ,V,G,1.0,0,14-96c,,False,N,False,False,I,2025-02-15 13:10:36,Infraction Ticket,,,False,1.0,CT0011000,20250304020137000001,2025-02-15 13:10:36,13:10:36,2025,,,,2025,Defective Lights
2025-02-21 02:01:27.540000,7228346.0,CT0011000,Plainville,Racial Profile,50,25-1990,Case No.,2025-02-15 00:00:00,February,W,N,M,30,True,False, Plainville,New Britain Ave,  ,  ,V,G,1.0,0,14-18(e)*,,False,N,False,False,V,2025-02-15 16:53:54,Verbal Warning,,,False,1.0,CT0011000,20250221020123000001,2025-02-15 16:53:54,16:53:54,2025,,,,2025,Display of Plates
2025-02-25 02:01:30.507000,7229973.0,CT0011000,Plainville,Racial Profile,10,25-2101,Case No.,2025-02-17 00:00:00,February,W,H,M,26,True,False, Plainville,Camp St,  ,  ,V,G,1.0,0,14-240,,False,N,False,False,V,2025-02-17 08:55:40,Verbal Warning,,,False,1.0,CT0011000,20250225020125000001,2025-02-17 08:55:40,08:55:40,2025,,,,2025,Moving Violation
2025-02-23 02:01:28.627000,7228875.0,CT0011000,Plainville,Racial Profile,35,25-2119,Case No.,2025-02-17 00:00:00,February,W,N,M,46,True,False, Plainville,Farmington Ave,  ,  ,V,B,1.0,0,14-299,,False,N,False,False,V,2025-02-17 20:04:25,Verbal Warning,,,False,1.0,CT0011000,20250223020124000001,2025-02-17 20:04:25,20:04:25,2025,,,,2025,Traffic Control Signal
2025-02-21 02:01:27.550000,7228350.0,CT0011000,Plainville,Racial Profile,46,25-2136,Case No.,2025-02-18 00:00:00,February,W,N,M,18,True,False, Plainville,Unionville Ave,  ,  ,V,G,1.0,0,14-219,,False,N,False,False,V,2025-02-18 11:56:25,Verbal Warning,,,False,1.0,CT0011000,20250221020123000001,2025-02-18 11:56:25,11:56:25,2025,,,,2025,Speed Related
2025-02-27 02:01:32.480000,7242253.0,CT0011000,Plainville,Racial Profile,36,25-2183,Case No.,2025-02-19 00:00:00,February,B,N,M,22,True,False, Plainville,North Washington St,  ,  ,V,G,1.0,0,14-296aa(b1st,,False,N,False,False,W,2025-02-19 16:44:54,Written Ticket,,,False,1.0,CT0011000,20250227020128000001,2025-02-19 16:44:54,16:44:54,2025,,,,2025,Cell Phone
2025-02-22 02:01:30.160000,7228612.0,CT0011000,Plainville,Racial Profile,37,25-2192,Case No.,2025-02-19 00:00:00,February,W,N,M,0,False,False, Plainville,Woodford Ave,  ,  ,V,G,1.0,0,14-299,,False,N,False,False,V,2025-02-19 20:29:12,Verbal Warning,,,False,1.0,CT0011000,20250222020125000001,2025-02-19 20:29:12,20:29:12,2025,,,,2025,Traffic Control Signal
2025-02-22 02:01:30.153000,7228609.0,CT0011000,Plainville,Racial Profile,50,25-2184,Case No.,2025-02-19 00:00:00,February,W,N,M,34,True,False, Plainville,Woodford Ave,  ,  ,V,B,1.0,1,14-12(a)*,,False,N,False,False,I,2025-02-19 17:03:44,Infraction Ticket,,,False,1.0,CT0011000,20250222020125000001,2025-02-19 17:03:44,17:03:44,2025,,,,2025,Registration
2025-02-24 02:01:29.440000,7229141.0,CT0011000,Plainville,Racial Profile,50,25-2189,Case No.,2025-02-19 00:00:00,February,B,N,M,21,True,False, Plainville,Woodford Ave,  ,  ,V,G,1.0,0,14-96y,,False,N,False,False,V,2025-02-19 18:26:41,Verbal Warning,,,False,1.0,CT0011000,20250224020125000001,2025-02-19 18:26:41,18:26:41,2025,,,,2025,Defective Lights
2025-02-26 02:01:33.217000,7232874.0,CT0011000,Plainville,Racial Profile,50,25-2190,Case No.,2025-02-19 00:00:00,February,W,N,M,26,True,False, Plainville,Woodford Ave,  ,  ,V,G,1.0,0,14-96y,,False,N,False,False,V,2025-02-19 18:41:03,Verbal Warning,,,False,1.0,CT0011000,20250226020128000001,2025-02-19 18:41:03,18:41:03,2025,,,,2025,Defective Lights
2025-02-21 02:01:27.563000,7228355.0,CT0011000,Plainville,Racial Profile,50,25-2194,Case No.,2025-02-19 00:00:00,February,W,N,M,26,True,False, Plainville,Cooke St,  ,  ,V,G,1.0,0,14-96b,,False,N,False,False,V,2025-02-19 21:55:31,Verbal Warning,,,False,1.0,CT0011000,20250221020123000001,2025-02-19 21:55:31,21:55:31,2025,,,,2025,Defective Lights
2025-02-21 02:01:27.567000,7228356.0,CT0011000,Plainville,Racial Profile,50,25-2195,Case No.,2025-02-19 00:00:00,February,B,N,M,51,True,True, Plainville,New Britain Ave,  ,  ,V,G,2.0,0,14-96b,,False,N,False,False,M,2025-02-19 22:10:10,Misdemeanor Summons,,,False,1.0,CT0011000,20250221020123000001,2025-02-19 22:10:10,22:10:10,2025,14-215(a),,,2025,Defective Lights
2025-02-22 02:01:30.170000,7228615.0,CT0011000,Plainville,Racial Profile,40,25-2224,Case No.,2025-02-20 00:00:00,February,W,H,F,27,True,False, Plainville,Perron Rd,  ,  ,V,G,1.0,0,14-301,,False,N,False,False,V,2025-02-20 07:11:56,Verbal Warning,,,False,1.0,CT0011000,20250222020125000001,2025-02-20 07:11:56,07:11:56,2025,,,,2025,Stop Sign
2025-02-23 02:01:28.657000,7228885.0,CT0011000,Plainville,Racial Profile,40,25-2225,Case No.,2025-02-20 00:00:00,February,W,N,F,36,True,True, Plainville,Perron Rd,  ,  ,V,G,1.0,0,14-301,,False,N,False,False,V,2025-02-20 07:25:18,Verbal Warning,,,False,1.0,CT0011000,20250223020124000001,2025-02-20 07:25:18,07:25:18,2025,,,,2025,Stop Sign
2025-02-25 02:01:30.543000,7229985.0,CT0011000,Plainville,Racial Profile,40,25-2272,Case No.,2025-02-21 00:00:00,February,B,N,M,36,True,False, Plainville,East St,  ,  ,V,G,1.0,0,14-96c,,False,N,False,False,V,2025-02-21 05:00:55,Verbal Warning,,,False,1.0,CT0011000,20250225020125000001,2025-02-21 05:00:55,05:00:55,2025,,,,2025,Defective Lights
2025-02-22 02:01:30.173000,7228617.0,CT0011000,Plainville,Racial Profile,48,25-2271,Case No.,2025-02-21 00:00:00,February,W,N,M,51,True,True, Plainville,New Britain Ave,  ,  ,V,G,2.0,1,14-12(a)*,,False,N,False,False,I,2025-02-21 04:56:53,Infraction Ticket,,,False,1.0,CT0011000,20250222020125000001,2025-02-21 04:56:53,04:56:53,2025,14-213b,,,2025,Registration
2025-02-23 02:01:28.667000,7228888.0,CT0011000,Plainville,Racial Profile,48,25-2275,Case No.,2025-02-21 00:00:00,February,W,N,M,50,True,False, Plainville,Corban Ave,  ,  ,V,G,3.0,1,14-12(a)*,,True,O,False,True,U,2025-02-21 07:37:32,Uniform ArrestReport,,,False,1.0,CT0011000,20250223020124000001,2025-02-21 07:37:32,07:37:32,2025,14-36(a),,,2025,Registration
2025-02-22 02:01:30.180000,7228619.0,CT0011000,Plainville,Racial Profile,50,25-2300,Case No.,2025-02-21 00:00:00,February,W,N,M,49,False,False, Plainville,New Britain Ave,  ,  ,V,G,1.0,0,14-296aa(b),,False,N,False,False,V,2025-02-21 18:45:29,Verbal Warning,,,False,1.0,CT0011000,20250222020125000001,2025-02-21 18:45:29,18:45:29,2025,,,,2025,Cell Phone
2025-02-23 02:01:28.670000,7228890.0,CT0011000,Plainville,Racial Profile,50,25-2301,Case No.,2025-02-21 00:00:00,February,B,N,M,38,True,False, Plainville,RT 72 East Bound,  ,  ,V,G,2.0,0,14-96c,,False,N,False,False,I,2025-02-21 19:17:52,Infraction Ticket,,,False,1.0,CT0011000,20250223020124000001,2025-02-21 19:17:52,19:17:52,2025,14-12(a)*,,,2025,Defective Lights
2025-03-04 02:01:41.810000,7255094.0,CT0011000,Plainville,Racial Profile,19,25-2342,Case No.,2025-02-22 00:00:00,February,B,N,F,45,True,False, Plainville,East St,  ,  ,V,G,1.0,0,14-299,,False,N,False,False,V,2025-02-22 18:16:51,Verbal Warning,,,False,1.0,CT0011000,20250304020137000001,2025-02-22 18:16:51,18:16:51,2025,,,,2025,Traffic Control Signal
2025-02-28 02:01:36.030000,7242586.0,CT0011000,Plainville,Racial Profile,48,25-2308,Case No.,2025-02-22 00:00:00,February,W,N,M,29,True,False, Plainville,east st,  ,  ,V,G,1.0,0,14-218a10,,False,N,False,False,V,2025-02-22 01:24:42,Verbal Warning,,,False,1.0,CT0011000,20250228020132000001,2025-02-22 01:24:42,01:24:42,2025,,,,2025,Speed Related
2025-02-24 02:01:29.470000,7229154.0,CT0011000,Plainville,Racial Profile,48,25-2323,Case No.,2025-02-22 00:00:00,February,W,N,M,0,True,False, Plainville,New Britain Ave,  ,  ,V,G,1.0,0,14-236,,False,N,False,False,V,2025-02-22 02:51:09,Verbal Warning,,,False,1.0,CT0011000,20250224020125000001,2025-02-22 02:51:09,02:51:09,2025,,,,2025,Moving Violation
2025-03-04 02:01:41.810000,7255095.0,CT0011000,Plainville,Racial Profile,48,25-2377,Case No.,2025-02-23 00:00:00,February,W,N,F,25,True,False, Plainville,Washington St,  ,  ,V,G,2.0,0,14-215,,False,N,False,False,M,2025-02-23 07:16:31,Misdemeanor Summons,,,False,1.0,CT0011000,20250304020137000001,2025-02-23 07:16:31,07:16:31,2025,,,,2025,Administrative Offense
2025-02-27 02:01:32.567000,7242274.0,CT0011000,Plainville,Racial Profile,35,25-2429,Case No.,2025-02-24 00:00:00,February,W,N,F,70,True,False, Plainville,Maxine Rd,  ,  ,V,B,1.0,0,14-301,,False,N,False,False,V,2025-02-24 16:39:36,Verbal Warning,,,False,1.0,CT0011000,20250227020128000001,2025-02-24 16:39:36,16:39:36,2025,,,,2025,Stop Sign
2025-03-04 02:01:41.820000,7255100.0,CT0011000,Plainville,Racial Profile,35,25-2430,Case No.,2025-02-24 00:00:00,February,W,N,M,63,True,False, Plainville,Fleetwood Dr,  ,  ,V,B,1.0,0,14-301,,False,N,False,False,V,2025-02-24 16:45:54,Verbal Warning,,,False,1.0,CT0011000,20250304020137000001,2025-02-24 16:45:54,16:45:54,2025,,,,2025,Stop Sign
2025-03-04 02:01:41.823000,7255101.0,CT0011000,Plainville,Racial Profile,35,25-2431,Case No.,2025-02-24 00:00:00,February,W,N,M,39,True,False, Plainville,Maxine Rd,  ,  ,V,B,1.0,0,14-301,,False,N,False,False,I,2025-02-24 16:50:52,Infraction Ticket,,,False,1.0,CT0011000,20250304020137000001,2025-02-24 16:50:52,16:50:52,2025,,,,2025,Stop Sign
2025-02-28 02:01:36.063000,7242600.0,CT0011000,Plainville,Racial Profile,35,25-2444,Case No.,2025-02-24 00:00:00,February,W,N,M,24,True,False, Plainville,Broad St,  ,  ,V,B,1.0,0,14-147(c),,False,N,False,False,I,2025-02-24 20:43:05,Infraction Ticket,,,False,1.0,CT0011000,20250228020132000001,2025-02-24 20:43:05,20:43:05,2025,,,,2025,Administrative Offense
2025-02-26 02:01:33.280000,7232893.0,CT0011000,Plainville,Racial Profile,37,25-2433,Case No.,2025-02-24 00:00:00,February,W,N,M,70,True,False, Plainville,East St,  ,  ,V,G,1.0,0,14-299,,False,N,False,False,W,2025-02-24 17:38:38,Written Ticket,,,False,1.0,CT0011000,20250226020128000001,2025-02-24 17:38:38,17:38:38,2025,,,,2025,Traffic Control Signal
2025-02-28 02:01:36.057000,7242597.0,CT0011000,Plainville,Racial Profile,37,25-2434,Case No.,2025-02-24 00:00:00,February,W,N,M,35,True,True, Plainville,Tomlinson Ave,  ,  ,V,G,1.0,0,14-299,,False,N,False,False,V,2025-02-24 17:56:32,Verbal Warning,,,False,1.0,CT0011000,20250228020132000001,2025-02-24 17:56:32,17:56:32,2025,,,,2025,Traffic Control Signal
2025-03-02 02:01:36.417000,7253204.0,CT0011000,Plainville,Racial Profile,39,25-2407,Case No.,2025-02-24 00:00:00,February,W,N,F,31,True,True, Plainville,Redstone Hill,  ,  ,E,G,2.0,1,14-12(a)*,,False,N,False,False,I,2025-02-24 06:55:01,Infraction Ticket,,,False,1.0,CT0011000,20250302020131000001,2025-02-24 06:55:01,06:55:01,2025,14-147(c),,,2025,Registration
2025-03-02 02:01:36.440000,7253213.0,CT0011000,Plainville,Racial Profile,39,25-2441,Case No.,2025-02-24 00:00:00,February,W,N,F,57,True,False, Plainville,New Britain Ave,  ,  ,E,G,1.0,0,14-12(a)*,,False,N,False,False,V,2025-02-24 20:09:25,Verbal Warning,,,False,1.0,CT0011000,20250302020131000001,2025-02-24 20:09:25,20:09:25,2025,,,,2025,Registration
2025-02-28 02:01:36.043000,7242591.0,CT0011000,Plainville,Racial Profile,46,25-2408,Case No.,2025-02-24 00:00:00,February,W,N,F,51,True,False, Plainville,West Main St,  ,  ,V,G,1.0,0,14-299,,False,N,False,False,V,2025-02-24 07:00:44,Verbal Warning,,,False,1.0,CT0011000,20250228020132000001,2025-02-24 07:00:44,07:00:44,2025,,,,2025,Traffic Control Signal
2025-03-05 02:01:45.513000,7256195.0,CT0011000,Plainville,Racial Profile,46,25-2409,Case No.,2025-02-24 00:00:00,February,W,N,M,57,True,False, Plainville,Unionville Ave,  ,  ,V,G,1.0,0,14-299,,False,N,False,False,V,2025-02-24 07:16:10,Verbal Warning,,,False,1.0,CT0011000,20250305020141000001,2025-02-24 07:16:10,07:16:10,2025,,,,2025,Traffic Control Signal
2025-02-25 02:01:30.580000,7229998.0,CT0011000,Plainville,Racial Profile,49,25-2440,Case No.,2025-02-24 00:00:00,February,W,N,M,67,True,False, Plainville,CT Commons,  ,  ,E,G,1.0,0,14-96e,,False,N,False,False,V,2025-02-24 19:55:01,Verbal Warning,,,False,1.0,CT0011000,20250225020125000001,2025-02-24 19:55:01,19:55:01,2025,,,,2025,Defective Lights
2025-02-28 02:01:36.067000,7242601.0,CT0011000,Plainville,Racial Profile,35,25-2490,Case No.,2025-02-25 00:00:00,February,W,N,M,54,True,False, Plainville,Pickney Ave,  ,  ,V,B,1.0,0,14-301,,False,N,False,False,V,2025-02-25 16:30:55,Verbal Warning,,,False,1.0,CT0011000,20250228020132000001,2025-02-25 16:30:55,16:30:55,2025,,,,2025,Stop Sign
2025-03-08 02:01:44.960000,7259658.0,CT0011000,Plainville,Racial Profile,35,25-2492,Case No.,2025-02-25 00:00:00,February,W,N,F,25,True,False, Plainville,Arcadia Ave,  ,  ,V,B,1.0,0,14-301,,False,N,False,False,V,2025-02-25 17:10:39,Verbal Warning,,,False,1.0,CT0011000,20250308020142000001,2025-02-25 17:10:39,17:10:39,2025,,,,2025,Stop Sign
2025-03-04 02:01:41.847000,7255109.0,CT0011000,Plainville,Racial Profile,35,25-2493,Case No.,2025-02-25 00:00:00,February,W,N,F,23,True,False, Plainville,Rosemont Dr,  ,  ,V,B,1.0,0,14-301,,False,N,False,False,V,2025-02-25 17:15:18,Verbal Warning,,,False,1.0,CT0011000,20250304020137000001,2025-02-25 17:15:18,17:15:18,2025,,,,2025,Stop Sign
2025-02-26 02:01:33.310000,7232901.0,CT0011000,Plainville,Racial Profile,35,25-2495,Case No.,2025-02-25 00:00:00,February,W,N,M,55,True,False, Plainville,Rosemont Dr,  ,  ,V,B,1.0,0,14-301,,False,N,False,False,V,2025-02-25 17:21:40,Verbal Warning,,,False,1.0,CT0011000,20250226020128000001,2025-02-25 17:21:40,17:21:40,2025,,,,2025,Stop Sign
2025-03-04 02:01:41.853000,7255111.0,CT0011000,Plainville,Racial Profile,35,25-2497,Case No.,2025-02-25 00:00:00,February,W,N,M,20,True,True, Plainville,Rosemont Dr,  ,  ,V,B,1.0,0,14-301,,False,N,False,False,I,2025-02-25 17:26:15,Infraction Ticket,,,False,1.0,CT0011000,20250304020137000001,2025-02-25 17:26:15,17:26:15,2025,,,,2025,Stop Sign
2025-03-11 02:01:50.580000,7260828.0,CT0011000,Plainville,Racial Profile,35,25-2499,Case No.,2025-02-25 00:00:00,February,W,N,F,36,True,True, Plainville,Arcadia Ave,  ,  ,V,B,1.0,0,14-301,,False,N,False,False,V,2025-02-25 17:38:14,Verbal Warning,,,False,1.0,CT0011000,20250311020146000001,2025-02-25 17:38:14,17:38:14,2025,,,,2025,Stop Sign
2025-02-27 02:01:32.627000,7242287.0,CT0011000,Plainville,Racial Profile,49,25-2498,Case No.,2025-02-25 00:00:00,February,W,N,M,63,True,False, Plainville,Northwest Dr,  ,  ,V,B,1.0,0,14-218a,,False,N,False,False,V,2025-02-25 17:27:21,Verbal Warning,,,False,1.0,CT0011000,20250227020128000001,2025-02-25 17:27:21,17:27:21,2025,,,,2025,Speed Related
2025-03-03 02:01:37.860000,7253549.0,CT0011000,Plainville,Racial Profile,49,25-2500,Case No.,2025-02-25 00:00:00,February,A,N,M,21,False,False, Plainville,Northwest Dr,  ,  ,V,B,1.0,0,14-218a,,False,N,False,False,V,2025-02-25 17:49:17,Verbal Warning,,,False,1.0,CT0011000,20250303020135000001,2025-02-25 17:49:17,17:49:17,2025,,,,2025,Speed Related
2025-02-27 02:01:32.647000,7242294.0,CT0011000,Plainville,Racial Profile,35,25-2542,Case No.,2025-02-26 00:00:00,February,W,N,M,58,True,True, Plainville,Northwest Dr,  ,  ,V,B,1.0,0,14-219,,False,N,False,False,V,2025-02-26 16:43:01,Verbal Warning,,,False,1.0,CT0011000,20250227020128000001,2025-02-26 16:43:01,16:43:01,2025,,,,2025,Speed Related
2025-02-28 02:01:36.100000,7242615.0,CT0011000,Plainville,Racial Profile,35,25-2544,Case No.,2025-02-26 00:00:00,February,W,N,M,66,True,True, Plainville,Northwest Dr,  ,  ,V,B,1.0,0,14-219,,False,N,False,False,V,2025-02-26 16:59:45,Verbal Warning,,,False,1.0,CT0011000,20250228020132000001,2025-02-26 16:59:45,16:59:45,2025,,,,2025,Speed Related
2025-02-28 02:01:36.103000,7242616.0,CT0011000,Plainville,Racial Profile,35,25-2545,Case No.,2025-02-26 00:00:00,February,B,N,F,73,True,False, Plainville,Northwest Dr,  ,  ,V,B,1.0,0,14-283b,,False,N,False,False,V,2025-02-26 17:04:48,Verbal Warning,,,False,1.0,CT0011000,20250228020132000001,2025-02-26 17:04:48,17:04:48,2025,,,,2025,Other
2025-02-28 02:01:36.110000,7242618.0,CT0011000,Plainville,Racial Profile,35,25-2547,Case No.,2025-02-26 00:00:00,February,B,N,M,40,True,False, Plainville,Northwest Dr,  ,  ,V,B,1.0,0,14-219,,False,N,False,False,V,2025-02-26 17:17:29,Verbal Warning,,,False,1.0,CT0011000,20250228020132000001,2025-02-26 17:17:29,17:17:29,2025,,,,2025,Speed Related
2025-03-11 02:01:50.620000,7260841.0,CT0011000,Plainville,Racial Profile,35,25-2549,Case No.,2025-02-26 00:00:00,February,W,N,M,62,True,False, Plainville,Northwest Dr,  ,  ,V,B,1.0,0,14-219,,False,N,False,False,V,2025-02-26 17:33:06,Verbal Warning,,,False,1.0,CT0011000,20250311020146000001,2025-02-26 17:33:06,17:33:06,2025,,,,2025,Speed Related
2025-02-27 02:01:32.640000,7242291.0,CT0011000,Plainville,Racial Profile,40,25-2522,Case No.,2025-02-26 00:00:00,February,W,N,M,54,True,False, Plainville,Northwest Dr,  ,  ,V,G,1.0,0,14-218a10,,False,N,False,False,V,2025-02-26 07:24:41,Verbal Warning,,,False,1.0,CT0011000,20250227020128000001,2025-02-26 07:24:41,07:24:41,2025,,,,2025,Speed Related
2025-03-08 02:01:44.990000,7259667.0,CT0011000,Plainville,Racial Profile,40,25-2523,Case No.,2025-02-26 00:00:00,February,W,N,M,68,True,True, Plainville,Northwest Dr,  ,  ,V,G,1.0,0,14-219,,False,N,False,False,V,2025-02-26 07:36:10,Verbal Warning,,,False,1.0,CT0011000,20250308020142000001,2025-02-26 07:36:10,07:36:10,2025,,,,2025,Speed Related
2025-03-05 02:01:45.553000,7256212.0,CT0011000,Plainville,Racial Profile,48,25-2517,Case No.,2025-02-26 00:00:00,February,W,H,M,30,True,False, Plainville,New Britain Ave,  ,  ,V,G,1.0,0,14-96y,,False,O,False,False,V,2025-02-26 01:56:09,Verbal Warning,,,False,1.0,CT0011000,20250305020141000001,2025-02-26 01:56:09,01:56:09,2025,,,,2025,Defective Lights
2025-03-07 02:01:49,7259209.0,CT0011000,Plainville,Racial Profile,49,25-2541,Case No.,2025-02-26 00:00:00,February,W,N,F,17,True,False, Plainville,East Main St,  ,  ,V,B,1.0,0,14-218a,,False,N,False,False,V,2025-02-26 16:40:07,Verbal Warning,,,False,1.0,CT0011000,20250307020141000001,2025-02-26 16:40:07,16:40:07,2025,,,,2025,Speed Related
2025-02-28 02:01:36.107000,7242617.0,CT0011000,Plainville,Racial Profile,49,25-2546,Case No.,2025-02-26 00:00:00,February,W,N,M,56,True,False, Plainville,Farmington Ave,  ,  ,V,B,1.0,0,14-218a,,False,N,False,False,V,2025-02-26 17:14:07,Verbal Warning,,,False,1.0,CT0011000,20250228020132000001,2025-02-26 17:14:07,17:14:07,2025,,,,2025,Speed Related
2025-03-04 02:01:41.900000,7255125.0,CT0011000,Plainville,Racial Profile,49,25-2548,Case No.,2025-02-26 00:00:00,February,B,N,M,20,True,True, Plainville,Maple St,  ,  ,V,B,1.0,0,14-218a,,False,N,False,False,V,2025-02-26 17:23:36,Verbal Warning,,,False,1.0,CT0011000,20250304020137000001,2025-02-26 17:23:36,17:23:36,2025,,,,2025,Speed Related
2025-03-02 02:01:36.540000,7253235.0,CT0011000,Plainville,Racial Profile,49,25-2555,Case No.,2025-02-26 00:00:00,February,W,N,M,78,True,False, Plainville,Forestville Ave,  ,  ,V,B,1.0,0,14-218a,,False,N,False,False,V,2025-02-26 23:07:12,Verbal Warning,,,False,1.0,CT0011000,20250302020131000001,2025-02-26 23:07:12,23:07:12,2025,,,,2025,Speed Related
2025-02-27 02:01:32.643000,7242293.0,CT0011000,Plainville,Racial Profile,50,25-2526,Case No.,2025-02-26 00:00:00,February,W,H,F,28,True,False, Plainville,New Britain Ave,  ,  ,V,G,2.0,0,14-299,,False,N,False,False,I,2025-02-26 09:23:50,Infraction Ticket,,,False,1.0,CT0011000,20250227020128000001,2025-02-26 09:23:50,09:23:50,2025,14-36(a),,,2025,Traffic Control Signal
2025-03-04 02:01:41.923000,7255133.0,CT0011000,Plainville,Racial Profile,27,25-2603,Case No.,2025-02-27 00:00:00,February,W,N,M,67,True,True, Plainville,Redstone Hill,  ,  ,V,B,1.0,0,14-301,,False,N,False,False,V,2025-02-27 17:07:33,Verbal Warning,,,False,1.0,CT0011000,20250304020137000001,2025-02-27 17:07:33,17:07:33,2025,,,,2025,Stop Sign
2025-03-04 02:01:41.910000,7255128.0,CT0011000,Plainville,Racial Profile,47,25-2576,Case No.,2025-02-27 00:00:00,February,W,H,F,37,True,False, Plainville,Cooke St,  ,  ,V,G,2.0,1,14-96y,,False,N,False,False,I,2025-02-27 05:05:19,Infraction Ticket,,,False,1.0,CT0011000,20250304020137000001,2025-02-27 05:05:19,05:05:19,2025,14-147(c),,,2025,Defective Lights
2025-03-05 02:01:45.593000,7256228.0,CT0011000,Plainville,Racial Profile,47,25-2580,Case No.,2025-02-27 00:00:00,February,W,H,M,45,True,False, Plainville,East St,  ,  ,V,G,1.0,0,14-236,,False,N,False,False,M,2025-02-27 06:02:35,Misdemeanor Summons,,,False,1.0,CT0011000,20250305020141000001,2025-02-27 06:02:35,06:02:35,2025,14-215(a),,,2025,Moving Violation
2025-02-28 02:01:36.123000,7242622.0,CT0011000,Plainville,Racial Profile,48,25-2577,Case No.,2025-02-27 00:00:00,February,W,N,M,20,True,True, Plainville,East Main St,  ,  ,V,G,1.0,0,14-96y,,False,O,False,False,V,2025-02-27 05:42:18,Verbal Warning,,,False,1.0,CT0011000,20250228020132000001,2025-02-27 05:42:18,05:42:18,2025,,,,2025,Defective Lights
2025-03-02 02:01:36.547000,7253237.0,CT0011000,Plainville,Racial Profile,48,25-2579,Case No.,2025-02-27 00:00:00,February,W,H,M,27,True,False, Plainville,Northwest Dr,  ,  ,V,G,2.0,1,14-218a*,,False,O,False,False,I,2025-02-27 05:56:49,Infraction Ticket,,,False,1.0,CT0011000,20250302020131000001,2025-02-27 05:56:49,05:56:49,2025,14-36(a),,,2025,Speed Related
2025-03-08 02:01:45.040000,7259682.0,CT0011000,Plainville,Racial Profile,48,25-2581,Case No.,2025-02-27 00:00:00,February,W,H,F,33,True,False, Plainville,Northwest Dr,  ,  ,V,G,3.0,1,14-147(c),,False,O,False,False,I,2025-02-27 06:37:44,Infraction Ticket,,,False,1.0,CT0011000,20250308020142000001,2025-02-27 06:37:44,06:37:44,2025,14-36(a),,,2025,Administrative Offense
2025-03-04 02:01:41.927000,7255134.0,CT0011000,Plainville,Racial Profile,49,25-2610,Case No.,2025-02-27 00:00:00,February,W,N,M,37,True,False, Plainville,Pine St,  ,  ,V,B,1.0,0,14-218a,,False,N,False,False,V,2025-02-27 18:56:40,Verbal Warning,,,False,1.0,CT0011000,20250304020137000001,2025-02-27 18:56:40,18:56:40,2025,,,,2025,Speed Related
2025-03-01 02:01:37.597000,7242940.0,CT0011000,Plainville,Racial Profile,49,25-2613,Case No.,2025-02-27 00:00:00,February,W,H,F,51,True,True, Plainville,Woodford Ave,  ,  ,V,G,2.0,1,14-12(a)*,,False,N,False,False,I,2025-02-27 20:52:50,Infraction Ticket,,,False,1.0,CT0011000,20250301020133000001,2025-02-27 20:52:50,20:52:50,2025,14-213b,,,2025,Registration
2025-03-02 02:01:36.567000,7253245.0,CT0011000,Plainville,Racial Profile,34,25-2655,Case No.,2025-02-28 00:00:00,February,W,M,M,36,True,True, Plainville,East St,  ,  ,E,B,1.0,0,14-96a(a),,False,N,False,False,V,2025-02-28 19:17:53,Verbal Warning,,,False,1.0,CT0011000,20250302020131000001,2025-02-28 19:17:53,19:17:53,2025,,,,2025,Defective Lights
2025-03-01 02:01:37.630000,7242945.0,CT0011000,Plainville,Racial Profile,34,25-2661,Case No.,2025-02-28 00:00:00,February,B,N,M,40,True,False, Plainville,East St,  ,  ,V,B,1.0,0,14-299,,False,N,False,False,V,2025-02-28 22:56:22,Verbal Warning,,,False,1.0,CT0011000,20250301020133000001,2025-02-28 22:56:22,22:56:22,2025,,,,2025,Traffic Control Signal
2025-03-05 02:01:45.620000,7256238.0,CT0011000,Plainville,Racial Profile,34,25-2662,Case No.,2025-02-28 00:00:00,February,W,N,F,29,True,True, Plainville,Woodford Ave,  ,  ,E,B,1.0,0,14-96y,,False,N,False,False,V,2025-02-28 23:11:00,Verbal Warning,,,False,1.0,CT0011000,20250305020141000001,2025-02-28 23:11:00,23:11:00,2025,,,,2025,Defective Lights
2025-03-04 02:01:41.930000,7255136.0,CT0011000,Plainville,Racial Profile,39,25-2619,Case No.,2025-02-28 00:00:00,February,W,H,M,19,True,False, Plainville,Cooke St,  ,  ,E,G,1.0,0,14-18(a),,False,N,False,False,V,2025-02-28 01:03:56,Verbal Warning,,,False,1.0,CT0011000,20250304020137000001,2025-02-28 01:03:56,01:03:56,2025,,,,2025,Display of Plates
2025-03-02 02:01:36.563000,7253243.0,CT0011000,Plainville,Racial Profile,40,25-2624,Case No.,2025-02-28 00:00:00,February,W,N,F,36,True,False, Plainville,Woodford Ave,  ,  ,V,G,1.0,0,14-219,,False,N,False,False,V,2025-02-28 01:31:43,Verbal Warning,,,False,1.0,CT0011000,20250302020131000001,2025-02-28 01:31:43,01:31:43,2025,,,,2025,Speed Related
2025-03-04 02:01:41.933000,7255138.0,CT0011000,Plainville,Racial Profile,40,25-2636,Case No.,2025-02-28 00:00:00,February,B,H,F,46,True,False, Plainville,Northwest Dr,  ,  ,V,G,1.0,0,14-219,,False,N,False,False,V,2025-02-28 06:41:23,Verbal Warning,,,False,1.0,CT0011000,20250304020137000001,2025-02-28 06:41:23,06:41:23,2025,,,,2025,Speed Related
2025-03-02 02:01:36.583000,7253251.0,CT0011000,Plainville,Racial Profile,35,25-2711,Case No.,2025-03-01 00:00:00,March,W,N,M,36,True,True, Plainville,East St,  ,  ,V,B,1.0,0,14-12(a)*,,False,N,False,False,I,2025-03-01 17:44:09,Infraction Ticket,,,False,1.0,CT0011000,20250302020131000001,2025-03-01 17:44:09,17:44:09,2025,,,,2025,Registration
2025-03-02 02:01:36.590000,7253252.0,CT0011000,Plainville,Racial Profile,37,25-2720,Case No.,2025-03-01 00:00:00,March,W,M,M,52,True,False, Plainville,West Main St,  ,  ,V,G,1.0,0,14-299,,False,N,False,False,W,2025-03-01 22:28:19,Written Ticket,,,False,1.0,CT0011000,20250302020131000001,2025-03-01 22:28:19,22:28:19,2025,,,,2025,Traffic Control Signal
2025-03-11 02:01:50.713000,7260861.0,CT0011000,Plainville,Racial Profile,46,25-2719,Case No.,2025-03-01 00:00:00,March,W,H,M,57,True,False, Plainville,Farmington Ave,  ,  ,V,G,1.0,0,14-96a(a),,False,N,False,False,V,2025-03-01 21:56:50,Verbal Warning,,,False,1.0,CT0011000,20250311020146000001,2025-03-01 21:56:50,21:56:50,2025,,,,2025,Defective Lights
2025-03-05 02:01:45.620000,7256239.0,CT0011000,Plainville,Racial Profile,48,25-2683,Case No.,2025-03-01 00:00:00,March,W,N,M,48,True,False, Plainville,North Washington St,  ,  ,V,G,1.0,0,14-96y,,False,N,False,False,V,2025-03-01 02:21:38,Verbal Warning,,,False,1.0,CT0011000,20250305020141000001,2025-03-01 02:21:38,02:21:38,2025,,,,2025,Defective Lights
2025-03-04 02:01:41.950000,7255143.0,CT0011000,Plainville,Racial Profile,48,25-2685,Case No.,2025-03-01 00:00:00,March,B,N,M,28,True,False, Plainville,Bradley St,  ,  ,V,G,1.0,0,14-301,,False,N,False,False,V,2025-03-01 02:37:18,Verbal Warning,,,False,1.0,CT0011000,20250304020137000001,2025-03-01 02:37:18,02:37:18,2025,,,,2025,Stop Sign
2025-03-07 02:01:49.073000,7259234.0,CT0011000,Plainville,Racial Profile,50,25-2696,Case No.,2025-03-01 00:00:00,March,W,N,F,20,True,False, Plainville,Farmington Ave,  ,  ,V,G,1.0,0,14-296aa(b1st,,False,N,False,False,V,2025-03-01 09:31:17,Verbal Warning,,,False,1.0,CT0011000,20250307020141000001,2025-03-01 09:31:17,09:31:17,2025,,,,2025,Cell Phone
2025-03-08 02:01:45.097000,7259699.0,CT0011000,Plainville,Racial Profile,34,25-2736,Case No.,2025-03-02 00:00:00,March,W,N,F,59,True,False, Plainville,East Main St,  ,  ,V,B,1.0,0,14-296aa(b1st,,False,N,False,False,V,2025-03-02 14:00:50,Verbal Warning,,,False,1.0,CT0011000,20250308020142000001,2025-03-02 14:00:50,14:00:50,2025,,,,2025,Cell Phone
2025-03-03 02:01:37.953000,7253581.0,CT0011000,Plainville,Racial Profile,35,25-2746,Case No.,2025-03-02 00:00:00,March,W,H,M,34,True,False, Plainville,Broad St,  ,  ,V,B,1.0,0,14-301,,False,N,False,False,V,2025-03-02 17:10:07,Verbal Warning,,,False,1.0,CT0011000,20250303020135000001,2025-03-02 17:10:07,17:10:07,2025,,,,2025,Stop Sign
2025-03-08 02:01:45.107000,7259701.0,CT0011000,Plainville,Racial Profile,35,25-2747,Case No.,2025-03-02 00:00:00,March,W,N,F,38,True,True, Plainville,BROAD ST,  ,  ,V,B,1.0,0,14-12(a)*,,False,N,False,False,V,2025-03-02 17:15:20,Verbal Warning,,,False,1.0,CT0011000,20250308020142000001,2025-03-02 17:15:20,17:15:20,2025,,,,2025,Registration
2025-03-05 02:01:45.647000,7256249.0,CT0011000,Plainville,Racial Profile,35,25-2748,Case No.,2025-03-02 00:00:00,March,W,H,M,37,True,False, Plainville,Unionville Ave,  ,  ,V,B,1.0,0,14-12(a)*,,False,N,False,False,V,2025-03-02 17:34:00,Verbal Warning,,,False,1.0,CT0011000,20250305020141000001,2025-03-02 17:34:00,17:34:00,2025,,,,2025,Registration
2025-03-04 02:01:41.980000,7255153.0,CT0011000,Plainville,Racial Profile,35,25-2749,Case No.,2025-03-02 00:00:00,March,W,N,F,74,True,True, Plainville,Maxine Rd,  ,  ,V,B,1.0,0,14-301,,False,N,False,False,V,2025-03-02 17:43:04,Verbal Warning,,,False,1.0,CT0011000,20250304020137000001,2025-03-02 17:43:04,17:43:04,2025,,,,2025,Stop Sign
2025-03-04 02:01:41.983000,7255154.0,CT0011000,Plainville,Racial Profile,35,25-2750,Case No.,2025-03-02 00:00:00,March,W,M,M,24,False,False, Plainville,Maxine Rd,  ,  ,V,B,1.0,0,14-301,,False,N,False,False,I,2025-03-02 17:55:54,Infraction Ticket,,,False,1.0,CT0011000,20250304020137000001,2025-03-02 17:55:54,17:55:54,2025,,,,2025,Stop Sign
2025-03-03 02:01:37.973000,7253588.0,CT0011000,Plainville,Racial Profile,35,25-2757,Case No.,2025-03-02 00:00:00,March,B,M,F,30,True,True, Plainville,Camp St,  ,  ,V,B,1.0,0,14-301,,False,N,False,False,V,2025-03-02 21:54:13,Verbal Warning,,,False,1.0,CT0011000,20250303020135000001,2025-03-02 21:54:13,21:54:13,2025,,,,2025,Stop Sign
2025-03-03 02:01:37.977000,7253589.0,CT0011000,Plainville,Racial Profile,35,25-2758,Case No.,2025-03-02 00:00:00,March,B,M,M,24,True,False, Plainville,Camp St,  ,  ,V,B,1.0,0,14-301,,False,N,False,False,V,2025-03-02 22:13:49,Verbal Warning,,,False,1.0,CT0011000,20250303020135000001,2025-03-02 22:13:49,22:13:49,2025,,,,2025,Stop Sign
2025-03-04 02:01:41.963000,7255148.0,CT0011000,Plainville,Racial Profile,47,25-2727,Case No.,2025-03-02 00:00:00,March,W,N,F,0,True,False, Plainville,East Main St,  ,  ,V,G,1.0,0,14-236,,False,N,False,False,V,2025-03-02 05:00:08,Verbal Warning,,,False,1.0,CT0011000,20250304020137000001,2025-03-02 05:00:08,05:00:08,2025,,,,2025,Moving Violation
2025-03-11 02:01:50.760000,7260870.0,CT0011000,Plainville,Racial Profile,49,25-2755,Case No.,2025-03-02 00:00:00,March,W,N,M,29,True,False, Plainville,Cooke St,  ,  ,E,G,1.0,0,14-18(c),,False,N,False,False,V,2025-03-02 21:32:00,Verbal Warning,,,False,1.0,CT0011000,20250311020146000001,2025-03-02 21:32:00,21:32:00,2025,,,,2025,Display of Plates
2025-03-05 02:01:45.657000,7256253.0,CT0011000,Plainville,Racial Profile,49,25-2756,Case No.,2025-03-02 00:00:00,March,W,M,M,48,True,True, Plainville,New Britain Ave,  ,  ,E,G,1.0,0,14-96c,,False,N,False,False,V,2025-03-02 21:49:28,Verbal Warning,,,False,1.0,CT0011000,20250305020141000001,2025-03-02 21:49:28,21:49:28,2025,,,,2025,Defective Lights
2025-03-11 02:01:50.773000,7260874.0,CT0011000,Plainville,Racial Profile,49,25-2762,Case No.,2025-03-02 00:00:00,March,W,N,M,55,True,True, Plainville,New Britain Ave,  ,  ,E,G,1.0,0,14-96c,,False,N,False,False,V,2025-03-02 22:41:50,Verbal Warning,,,False,1.0,CT0011000,20250311020146000001,2025-03-02 22:41:50,22:41:50,2025,,,,2025,Defective Lights
2025-03-04 02:01:42,7255160.0,CT0011000,Plainville,Racial Profile,49,25-2763,Case No.,2025-03-02 00:00:00,March,B,N,M,26,True,True, Plainville,New Britain Ave,  ,  ,E,G,1.0,0,14-96y,,False,N,False,False,V,2025-03-02 23:22:35,Verbal Warning,,,False,1.0,CT0011000,20250304020137000001,2025-03-02 23:22:35,23:22:35,2025,,,,2025,Defective Lights
2025-03-05 02:01:45.677000,7256258.0,CT0011000,Plainville,Racial Profile,36,25-2799,Case No.,2025-03-03 00:00:00,March,W,N,F,29,True,False, Plainville,Hooker St,  ,  ,V,G,1.0,0,14-299,,False,N,False,False,I,2025-03-03 16:40:22,Infraction Ticket,,,False,1.0,CT0011000,20250305020141000001,2025-03-03 16:40:22,16:40:22,2025,14-12(a)*,,,2025,Traffic Control Signal
2025-03-10 02:01:49.080000,7260161.0,CT0011000,Plainville,Racial Profile,36,25-2817,Case No.,2025-03-03 00:00:00,March,W,N,M,49,True,False, Plainville,Cronk Rd,  ,  ,V,G,1.0,0,14-12(a)*,,False,N,False,False,I,2025-03-03 22:13:18,Infraction Ticket,,,False,1.0,CT0011000,20250310020144000001,2025-03-03 22:13:18,22:13:18,2025,,,,2025,Registration
2025-03-08 02:01:45.160000,7259716.0,CT0011000,Plainville,Racial Profile,40,25-2833,Case No.,2025-03-04 00:00:00,March,W,N,M,56,True,True, Plainville,Northwest Dr,  ,  ,V,G,1.0,0,14-219,,False,N,False,False,V,2025-03-04 06:05:37,Verbal Warning,,,False,1.0,CT0011000,20250308020142000001,2025-03-04 06:05:37,06:05:37,2025,,,,2025,Speed Related
2025-03-07 02:01:49.137000,7259257.0,CT0011000,Plainville,Racial Profile,40,25-2835,Case No.,2025-03-04 00:00:00,March,W,N,F,35,True,False, Plainville,Northwest Dr,  ,  ,V,G,1.0,0,14-219,,False,N,False,False,V,2025-03-04 06:18:09,Verbal Warning,,,False,1.0,CT0011000,20250307020141000001,2025-03-04 06:18:09,06:18:09,2025,14-12(a),,,2025,Speed Related
2025-03-05 02:01:45.703000,7256264.0,CT0011000,Plainville,Racial Profile,40,25-2836,Case No.,2025-03-04 00:00:00,March,W,N,F,46,True,True, Plainville,Johnson Ave,  ,  ,V,G,1.0,0,14-301,,False,N,False,False,V,2025-03-04 06:46:32,Verbal Warning,,,False,1.0,CT0011000,20250305020141000001,2025-03-04 06:46:32,06:46:32,2025,,,,2025,Stop Sign
2025-03-06 02:01:43.870000,7256617.0,CT0011000,Plainville,Racial Profile,40,25-2838,Case No.,2025-03-04 00:00:00,March,W,N,F,50,True,False, Plainville,Northwest Dr,  ,  ,V,G,1.0,0,14-219,,False,N,False,False,V,2025-03-04 07:07:15,Verbal Warning,,,False,1.0,CT0011000,20250306020141000001,2025-03-04 07:07:15,07:07:15,2025,,,,2025,Speed Related
2025-03-05 02:01:45.720000,7256266.0,CT0011000,Plainville,Racial Profile,40,25-2839,Case No.,2025-03-04 00:00:00,March,W,M,F,33,True,True, Plainville,Northwest Dr,  ,  ,V,G,1.0,0,14-219,,False,N,False,False,V,2025-03-04 07:20:33,Verbal Warning,,,False,1.0,CT0011000,20250305020141000001,2025-03-04 07:20:33,07:20:33,2025,,,,2025,Speed Related
2025-03-10 02:01:49.107000,7260171.0,CT0011000,Plainville,Racial Profile,40,25-2841,Case No.,2025-03-04 00:00:00,March,W,N,F,67,True,True, Plainville,West Main St,  ,  ,V,G,1.0,0,14-219,,False,N,False,False,V,2025-03-04 07:44:44,Verbal Warning,,,False,1.0,CT0011000,20250310020144000001,2025-03-04 07:44:44,07:44:44,2025,,,,2025,Speed Related
2025-03-06 02:01:43.853000,7256612.0,CT0011000,Plainville,Racial Profile,47,25-2823,Case No.,2025-03-04 00:00:00,March,W,H,M,38,True,False, Plainville,West Main St,  ,  ,V,G,2.0,1,14-147(c),,False,N,False,False,I,2025-03-04 01:05:40,Infraction Ticket,,,False,1.0,CT0011000,20250306020141000001,2025-03-04 01:05:40,01:05:40,2025,14-213b,,,2025,Administrative Offense
2025-03-06 02:01:43.850000,7256611.0,CT0011000,Plainville,Racial Profile,48,25-2819,Case No.,2025-03-04 00:00:00,March,W,H,M,23,True,False, Plainville,New Britain Ave,  ,  ,V,G,1.0,0,14-96y,,False,N,False,False,V,2025-03-04 00:42:01,Verbal Warning,,,False,1.0,CT0011000,20250306020141000001,2025-03-04 00:42:01,00:42:01,2025,,,,2025,Defective Lights
2025-03-05 02:01:45.697000,7256261.0,CT0011000,Plainville,Racial Profile,48,25-2832,Case No.,2025-03-04 00:00:00,March,B,N,M,58,True,False, Plainville,New Britain Ave,  ,  ,V,G,1.0,0,14-12(a)*,,False,N,False,False,V,2025-03-04 02:50:54,Verbal Warning,,,False,1.0,CT0011000,20250305020141000001,2025-03-04 02:50:54,02:50:54,2025,,,,2025,Registration
2025-03-08 02:01:45.180000,7259721.0,CT0011000,Plainville,Racial Profile,48,25-2840,Case No.,2025-03-04 00:00:00,March,B,N,F,20,True,False, Plainville,New Britain Ave,  ,  ,V,G,1.0,0,14-18(f),,False,N,False,False,V,2025-03-04 07:32:37,Verbal Warning,,,False,1.0,CT0011000,20250308020142000001,2025-03-04 07:32:37,07:32:37,2025,,,,2025,Display of Plates
2025-03-08 02:01:45.190000,7259725.0,CT0011000,Plainville,Racial Profile,49,25-2862,Case No.,2025-03-04 00:00:00,March,W,N,F,55,True,False, Plainville,East St,  ,  ,V,B,2.0,0,14-12(a)*,,False,N,False,False,I,2025-03-04 19:40:14,Infraction Ticket,,,False,1.0,CT0011000,20250308020142000001,2025-03-04 19:40:14,19:40:14,2025,,,,2025,Registration
2025-03-11 02:01:50.860000,7260891.0,CT0011000,Plainville,Racial Profile,49,25-2865,Case No.,2025-03-04 00:00:00,March,W,H,F,72,False,False, Plainville,East St,  ,  ,E,B,2.0,0,14-96y,,False,N,False,False,I,2025-03-04 22:16:22,Infraction Ticket,,,False,1.0,CT0011000,20250311020146000001,2025-03-04 22:16:22,22:16:22,2025,,,,2025,Defective Lights
2025-03-08 02:01:45.197000,7259727.0,CT0011000,Plainville,Racial Profile,49,25-2866,Case No.,2025-03-04 00:00:00,March,W,N,F,23,True,False, Plainville,Whiting St,  ,  ,E,B,1.0,0,14-96y,,False,N,False,False,V,2025-03-04 22:50:11,Verbal Warning,,,False,1.0,CT0011000,20250308020142000001,2025-03-04 22:50:11,22:50:11,2025,,,,2025,Defective Lights
2025-03-05 02:01:45.740000,7256269.0,CT0011000,Plainville,Racial Profile,50,25-2845,Case No.,2025-03-04 00:00:00,March,W,N,M,29,True,True, Plainville,New Britain Ave,  ,  ,V,B,2.0,0,14-12(a)*,,False,N,False,False,I,2025-03-04 11:00:03,Infraction Ticket,,,False,1.0,CT0011000,20250305020141000001,2025-03-04 11:00:03,11:00:03,2025,,,,2025,Registration
2025-03-05 02:01:45.747000,7256270.0,CT0011000,Plainville,Racial Profile,50,25-2851,Case No.,2025-03-04 00:00:00,March,W,H,F,54,True,False, Plainville,Cooke St,  ,  ,V,B,1.0,0,14-12(a)*,,False,N,False,False,I,2025-03-04 15:11:14,Infraction Ticket,,,False,1.0,CT0011000,20250305020141000001,2025-03-04 15:11:14,15:11:14,2025,,,,2025,Registration
2025-03-07 02:01:49.177000,7259272.0,CT0011000,Plainville,Racial Profile,40,25-2893,Case No.,2025-03-05 00:00:00,March,W,N,M,55,True,False, Plainville,Bohemia St,  ,  ,V,G,1.0,0,14-301,,False,N,False,False,V,2025-03-05 05:56:08,Verbal Warning,,,False,1.0,CT0011000,20250307020141000001,2025-03-05 05:56:08,05:56:08,2025,,,,2025,Stop Sign
2025-03-07 02:01:49.183000,7259274.0,CT0011000,Plainville,Racial Profile,40,25-2895,Case No.,2025-03-05 00:00:00,March,W,N,M,44,True,False, Plainville,Broad St,  ,  ,V,G,1.0,0,14-301,,False,N,False,False,V,2025-03-05 06:04:09,Verbal Warning,,,False,1.0,CT0011000,20250307020141000001,2025-03-05 06:04:09,06:04:09,2025,,,,2025,Stop Sign
2025-03-08 02:01:45.220000,7259735.0,CT0011000,Plainville,Racial Profile,40,25-2896,Case No.,2025-03-05 00:00:00,March,W,M,M,57,True,False, Plainville,Broad St,  ,  ,V,G,1.0,0,14-301,,False,N,False,False,V,2025-03-05 06:19:03,Verbal Warning,,,False,1.0,CT0011000,20250308020142000001,2025-03-05 06:19:03,06:19:03,2025,14-219,,,2025,Stop Sign
2025-03-08 02:01:45.223000,7259736.0,CT0011000,Plainville,Racial Profile,40,25-2898,Case No.,2025-03-05 00:00:00,March,W,N,F,35,True,True, Plainville,Tomlinson Ave,  ,  ,V,G,1.0,0,14-301,,False,N,False,False,V,2025-03-05 06:34:45,Verbal Warning,,,False,1.0,CT0011000,20250308020142000001,2025-03-05 06:34:45,06:34:45,2025,,,,2025,Stop Sign
2025-03-12 02:01:50.050000,7261396.0,CT0011000,Plainville,Racial Profile,40,25-2900,Case No.,2025-03-05 00:00:00,March,W,N,F,54,True,True, Plainville,Woodford Ave,  ,  ,V,G,1.0,0,14-219,,False,N,False,False,V,2025-03-05 07:12:41,Verbal Warning,,,False,1.0,CT0011000,20250312020147000001,2025-03-05 07:12:41,07:12:41,2025,,,,2025,Speed Related
2025-03-06 02:01:43.903000,7256626.0,CT0011000,Plainville,Racial Profile,47,25-2869,Case No.,2025-03-05 00:00:00,March,W,N,M,35,True,False, Plainville,Hooker St,  ,  ,V,G,1.0,0,14-96c,,False,N,False,False,V,2025-03-05 00:44:09,Verbal Warning,,,False,1.0,CT0011000,20250306020141000001,2025-03-05 00:44:09,00:44:09,2025,,,,2025,Defective Lights
2025-03-11 02:01:50.870000,7260895.0,CT0011000,Plainville,Racial Profile,47,25-2876,Case No.,2025-03-05 00:00:00,March,W,H,M,24,True,False, Plainville,Crooked St,  ,  ,V,G,2.0,1,14-215(a),,False,N,False,False,M,2025-03-05 01:14:06,Misdemeanor Summons,,,False,1.0,CT0011000,20250311020146000001,2025-03-05 01:14:06,01:14:06,2025,,,,2025,Administrative Offense
2025-03-08 02:01:45.233000,7259739.0,CT0011000,Plainville,Racial Profile,47,25-2902,Case No.,2025-03-05 00:00:00,March,W,H,M,24,True,True, Plainville,West Main St,  ,  ,V,G,2.0,1,14-147(c),,False,N,False,False,M,2025-03-05 07:27:38,Misdemeanor Summons,,,False,1.0,CT0011000,20250308020142000001,2025-03-05 07:27:38,07:27:38,2025,14-215(a),,,2025,Administrative Offense
2025-03-06 02:01:43.907000,7256627.0,CT0011000,Plainville,Racial Profile,48,25-2870,Case No.,2025-03-05 00:00:00,March,W,N,M,22,True,False, Plainville,South Washington St,  ,  ,V,G,1.0,0,14-96y,,False,N,False,False,V,2025-03-05 00:54:27,Verbal Warning,,,False,1.0,CT0011000,20250306020141000001,2025-03-05 00:54:27,00:54:27,2025,,,,2025,Defective Lights
2025-03-13 02:01:58.723000,7261819.0,CT0011000,Plainville,Racial Profile,48,25-2878,Case No.,2025-03-05 00:00:00,March,W,H,F,32,True,False, Plainville,Camp St,  ,  ,V,G,2.0,1,14-12(a)*,,False,N,False,False,M,2025-03-05 01:29:21,Misdemeanor Summons,,,False,1.0,CT0011000,20250313020154000001,2025-03-05 01:29:21,01:29:21,2025,14-215,,,2025,Registration
2025-03-11 02:01:50.883000,7260898.0,CT0011000,Plainville,Racial Profile,48,25-2894,Case No.,2025-03-05 00:00:00,March,W,N,M,52,True,False, Plainville,North Washington St,  ,  ,V,G,1.0,0,14-18(c),,False,N,False,False,V,2025-03-05 06:02:20,Verbal Warning,,,False,1.0,CT0011000,20250311020146000001,2025-03-05 06:02:20,06:02:20,2025,,,,2025,Display of Plates
2025-03-07 02:01:49.190000,7259278.0,CT0011000,Plainville,Racial Profile,48,25-2901,Case No.,2025-03-05 00:00:00,March,W,H,F,43,True,False, Plainville,Day St,  ,  ,V,G,2.0,1,14-12(a)*,,False,N,False,False,V,2025-03-05 07:26:15,Verbal Warning,,,False,1.0,CT0011000,20250307020141000001,2025-03-05 07:26:15,07:26:15,2025,,,,2025,Registration
2025-03-08 02:01:45.250000,7259740.0,CT0011000,Plainville,Racial Profile,48,25-2903,Case No.,2025-03-05 00:00:00,March,W,H,M,18,True,False, Plainville,North Washington St,  ,  ,V,G,2.0,1,14-147(c),,False,N,False,False,I,2025-03-05 07:41:55,Infraction Ticket,,,False,1.0,CT0011000,20250308020142000001,2025-03-05 07:41:55,07:41:55,2025,14-36(a),,,2025,Administrative Offense
2025-03-08 02:01:45.250000,7259741.0,CT0011000,Plainville,Racial Profile,50,25-2907,Case No.,2025-03-05 00:00:00,March,W,N,M,79,True,False, Plainville,New Britain Ave,  ,  ,V,B,2.0,0,14-12(a)*,,False,N,False,False,I,2025-03-05 09:30:21,Infraction Ticket,,,False,1.0,CT0011000,20250308020142000001,2025-03-05 09:30:21,09:30:21,2025,,,,2025,Registration
2025-03-08 02:01:45.253000,7259742.0,CT0011000,Plainville,Racial Profile,50,25-2908,Case No.,2025-03-05 00:00:00,March,B,N,F,37,True,False, Plainville,New Britain Ave,  ,  ,V,B,1.0,0,14-12(a)*,,False,N,False,False,V,2025-03-05 09:59:48,Verbal Warning,,,False,1.0,CT0011000,20250308020142000001,2025-03-05 09:59:48,09:59:48,2025,,,,2025,Registration
2025-03-12 02:01:50.103000,7261412.0,CT0011000,Plainville,Racial Profile,50,25-2910,Case No.,2025-03-05 00:00:00,March,W,N,M,54,True,False, Plainville,East St,  ,  ,V,G,1.0,0,14-18(e)*,,False,N,False,False,V,2025-03-05 10:29:47,Verbal Warning,,,False,1.0,CT0011000,20250312020147000001,2025-03-05 10:29:47,10:29:47,2025,,,,2025,Display of Plates
2025-03-08 02:01:45.257000,7259743.0,CT0011000,Plainville,Racial Profile,50,25-2917,Case No.,2025-03-05 00:00:00,March,W,H,M,32,True,False, Plainville,East Main St,  ,  ,V,G,1.0,0,14-12(a)*,,False,N,False,False,V,2025-03-05 14:40:00,Verbal Warning,,,False,1.0,CT0011000,20250308020142000001,2025-03-05 14:40:00,14:40:00,2025,,,,2025,Registration
2025-03-07 02:01:49.213000,7259285.0,CT0011000,Plainville,Racial Profile,29,25-2948,Case No.,2025-03-06 00:00:00,March,W,N,M,33,True,False, Plainville,Forestville Ave,  ,  ,V,G,1.0,0,14-301,,False,N,False,False,V,2025-03-06 06:40:37,Verbal Warning,,,False,1.0,CT0011000,20250307020141000001,2025-03-06 06:40:37,06:40:37,2025,,,,2025,Stop Sign
2025-03-08 02:01:45.280000,7259749.0,CT0011000,Plainville,Racial Profile,29,25-2953,Case No.,2025-03-06 00:00:00,March,W,H,F,23,True,False, Plainville,Farmington Ave,  ,  ,V,G,1.0,0,14-299,,False,N,False,False,V,2025-03-06 06:58:51,Verbal Warning,,,False,1.0,CT0011000,20250308020142000001,2025-03-06 06:58:51,06:58:51,2025,,,,2025,Traffic Control Signal
2025-03-11 02:01:50.943000,7260919.0,CT0011000,Plainville,Racial Profile,36,25-2973,Case No.,2025-03-06 00:00:00,March,W,N,M,0,False,False, Plainville,West Main St,  ,  ,V,G,1.0,0,14-218a,,False,N,False,False,V,2025-03-06 18:36:45,Verbal Warning,,,False,1.0,CT0011000,20250311020146000001,2025-03-06 18:36:45,18:36:45,2025,14-96c,,,2025,Speed Related
2025-03-13 02:01:58.780000,7261838.0,CT0011000,Plainville,Racial Profile,37,25-2963,Case No.,2025-03-06 00:00:00,March,W,N,F,49,True,True, Plainville,East St,  ,  ,V,G,1.0,0,14-299,,False,N,False,False,I,2025-03-06 13:38:00,Infraction Ticket,,,False,1.0,CT0011000,20250313020154000001,2025-03-06 13:38:00,13:38:00,2025,,,,2025,Traffic Control Signal
2025-03-07 02:01:49.253000,7259291.0,CT0011000,Plainville,Racial Profile,37,25-2964,Case No.,2025-03-06 00:00:00,March,W,N,F,56,True,True, Plainville,East St,  ,  ,V,G,1.0,0,14-299,,False,N,False,False,W,2025-03-06 13:52:03,Written Ticket,,,False,1.0,CT0011000,20250307020141000001,2025-03-06 13:52:03,13:52:03,2025,,,,2025,Traffic Control Signal
2025-03-12 02:01:50.100000,7261411.0,CT0011000,Plainville,Racial Profile,37,25-2970,Case No.,2025-03-06 00:00:00,March,W,N,F,46,True,True, Plainville,West Main St,  ,  ,V,G,1.0,0,14-299,,False,N,False,False,W,2025-03-06 15:43:06,Written Ticket,,,False,1.0,CT0011000,20250312020147000001,2025-03-06 15:43:06,15:43:06,2025,,,,2025,Traffic Control Signal
2025-03-08 02:01:45.260000,7259744.0,CT0011000,Plainville,Racial Profile,40,25-2947,Case No.,2025-03-06 00:00:00,March,W,N,M,52,True,False, Plainville,Arcadia Ave,  ,  ,V,G,1.0,0,14-301,,False,N,False,False,V,2025-03-06 06:35:02,Verbal Warning,,,False,1.0,CT0011000,20250308020142000001,2025-03-06 06:35:02,06:35:02,2025,,,,2025,Stop Sign
2025-03-11 02:01:50.920000,7260911.0,CT0011000,Plainville,Racial Profile,40,25-2949,Case No.,2025-03-06 00:00:00,March,W,N,F,46,True,False, Plainville,Arcadia Ave,  ,  ,V,G,1.0,0,14-301,,False,N,False,False,V,2025-03-06 06:43:01,Verbal Warning,,,False,1.0,CT0011000,20250311020146000001,2025-03-06 06:43:01,06:43:01,2025,,,,2025,Stop Sign
2025-03-11 02:01:50.927000,7260913.0,CT0011000,Plainville,Racial Profile,40,25-2952,Case No.,2025-03-06 00:00:00,March,W,M,M,44,True,False, Plainville,Woodford Ave,  ,  ,V,G,1.0,0,14-301,,False,N,False,False,V,2025-03-06 06:55:56,Verbal Warning,,,False,1.0,CT0011000,20250311020146000001,2025-03-06 06:55:56,06:55:56,2025,14-219,,,2025,Stop Sign
2025-03-07 02:01:49.237000,7259287.0,CT0011000,Plainville,Racial Profile,48,25-2951,Case No.,2025-03-06 00:00:00,March,W,H,M,47,True,False, Plainville,Cooke St,  ,  ,V,G,2.0,1,14-215,,False,N,False,False,M,2025-03-06 06:53:11,Misdemeanor Summons,,,False,1.0,CT0011000,20250307020141000001,2025-03-06 06:53:11,06:53:11,2025,,,,2025,Administrative Offense
2025-03-07 02:01:49.273000,7259294.0,CT0011000,Plainville,Racial Profile,36,25-2995,Case No.,2025-03-07 00:00:00,March,W,N,F,44,True,True, Plainville,East St,  ,  ,V,G,1.0,0,14-299,,False,N,False,False,W,2025-03-07 01:34:45,Written Ticket,,,False,1.0,CT0011000,20250307020141000001,2025-03-07 01:34:45,01:34:45,2025,,,,2025,Traffic Control Signal
2025-03-22 02:02:04.060000,7315018.0,CT0011000,Plainville,Racial Profile,48,25-3000,Case No.,2025-03-07 00:00:00,March,W,H,M,55,True,False, Plainville,Camp St,  ,  ,V,G,3.0,1,14-147(c),,False,N,False,True,U,2025-03-07 02:13:19,Uniform ArrestReport,,,False,1.0,CT0011000,20250322020157000001,2025-03-07 02:13:19,02:13:19,2025,,,,2025,Administrative Offense
2025-03-21 02:02:03.820000,7314166.0,CT0011000,Plainville,Racial Profile,48,25-3002,Case No.,2025-03-07 00:00:00,March,W,H,F,26,True,False, Plainville,Camp St,  ,  ,V,G,3.0,1,14-147(c),,False,N,False,True,I,2025-03-07 03:03:58,Infraction Ticket,,,False,1.0,CT0011000,20250321020156000001,2025-03-07 03:03:58,03:03:58,2025,14-36(a),,,2025,Administrative Offense
2025-03-11 02:01:50.957000,7260923.0,CT0011000,Plainville,Racial Profile,14,25-3023,Case No.,2025-03-08 00:00:00,March,W,N,M,25,True,False, Plainville,West Main St,  ,  ,V,G,2.0,1,14-147(c),,False,N,False,False,I,2025-03-08 02:05:47,Infraction Ticket,,,False,1.0,CT0011000,20250311020146000001,2025-03-08 02:05:47,02:05:47,2025,,,,2025,Administrative Offense
2025-03-11 02:01:50.960000,7260924.0,CT0011000,Plainville,Racial Profile,30,25-3024,Case No.,2025-03-08 00:00:00,March,W,N,F,34,True,False, Plainville,New Britain Ave,  ,  ,E,G,2.0,0,14-96t,,False,N,False,False,V,2025-03-08 02:20:39,Verbal Warning,,,False,1.0,CT0011000,20250311020146000001,2025-03-08 02:20:39,02:20:39,2025,,,,2025,Defective Lights
2025-03-14 02:01:59.180000,7270284.0,CT0011000,Plainville,Racial Profile,30,25-3026,Case No.,2025-03-08 00:00:00,March,W,N,F,55,True,False, Plainville,East St,  ,  ,V,G,1.0,0,14-219,,False,N,False,False,V,2025-03-08 03:00:14,Verbal Warning,,,False,1.0,CT0011000,20250314020152000001,2025-03-08 03:00:14,03:00:14,2025,,,,2025,Speed Related
2025-03-18 02:01:58.680000,7312219.0,CT0011000,Plainville,Racial Profile,35,25-3052,Case No.,2025-03-08 00:00:00,March,W,N,F,43,True,True, Plainville,Maxine Rd,  ,  ,V,B,1.0,0,14-301,,False,N,False,False,V,2025-03-08 18:54:48,Verbal Warning,,,False,1.0,CT0011000,20250318020153000001,2025-03-08 18:54:48,18:54:48,2025,,,,2025,Stop Sign
2025-03-12 02:01:50.153000,7261421.0,CT0011000,Plainville,Racial Profile,37,25-3036,Case No.,2025-03-08 00:00:00,March,W,N,M,48,True,False, Plainville,West Main St,  ,  ,V,G,1.0,0,14-299,,False,N,False,False,I,2025-03-08 10:22:08,Infraction Ticket,,,False,1.0,CT0011000,20250312020147000001,2025-03-08 10:22:08,10:22:08,2025,,,,2025,Traffic Control Signal
2025-03-12 02:01:50.157000,7261422.0,CT0011000,Plainville,Racial Profile,37,25-3051,Case No.,2025-03-08 00:00:00,March,W,N,F,57,True,False, Plainville,East St,  ,  ,V,G,1.0,0,14-299,,False,N,False,False,I,2025-03-08 18:33:15,Infraction Ticket,,,False,1.0,CT0011000,20250312020147000001,2025-03-08 18:33:15,18:33:15,2025,,,,2025,Traffic Control Signal
2025-03-18 02:01:58.673000,7312216.0,CT0011000,Plainville,Racial Profile,47,25-3033,Case No.,2025-03-08 00:00:00,March,W,H,M,41,True,True, Plainville,New Britain Ave,  ,  ,V,G,2.0,0,14-147(c),,False,N,False,False,M,2025-03-08 06:55:26,Misdemeanor Summons,,,False,1.0,CT0011000,20250318020153000001,2025-03-08 06:55:26,06:55:26,2025,14-215(a),,,2025,Administrative Offense
2025-03-21 02:02:03.857000,7314175.0,CT0011000,Plainville,Racial Profile,46,25-3070,Case No.,2025-03-09 00:00:00,March,W,M,M,22,True,False, Plainville,Washington St,  ,  ,V,G,1.0,0,14-301,,False,N,False,False,V,2025-03-09 01:45:51,Verbal Warning,,,False,1.0,CT0011000,20250321020156000001,2025-03-09 01:45:51,01:45:51,2025,,,,2025,Stop Sign
2025-03-14 02:01:59.197000,7270291.0,CT0011000,Plainville,Racial Profile,46,25-3072,Case No.,2025-03-09 00:00:00,March,W,M,M,42,False,False, Plainville,New Britain Ave,  ,  ,E,G,1.0,0,14-96u,,False,N,False,False,V,2025-03-09 01:57:04,Verbal Warning,,,False,1.0,CT0011000,20250314020152000001,2025-03-09 01:57:04,01:57:04,2025,,,,2025,Defective Lights
2025-03-15 02:01:57.500000,7287876.0,CT0011000,Plainville,Racial Profile,47,25-3068,Case No.,2025-03-09 00:00:00,March,W,M,M,53,True,False, Plainville,West Main St,  ,  ,V,G,1.0,0,14-236,,False,N,False,False,V,2025-03-09 01:34:27,Verbal Warning,,,False,1.0,CT0011000,20250315020153000001,2025-03-09 01:34:27,01:34:27,2025,,,,2025,Moving Violation
2025-03-14 02:01:59.200000,7270292.0,CT0011000,Plainville,Racial Profile,50,25-3078,Case No.,2025-03-09 00:00:00,March,B,N,M,45,True,True, Plainville,East Broad St,  ,  ,V,G,2.0,0,14-215,,False,N,False,False,N,2025-03-09 10:30:32,No Disposition,,,False,1.0,CT0011000,20250314020152000001,2025-03-09 10:30:32,10:30:32,2025,,,,2025,Administrative Offense
2025-03-10 02:01:49.223000,7260212.0,CT0011000,Plainville,Racial Profile,50,25-3081,Case No.,2025-03-09 00:00:00,March,W,N,F,51,True,True, Plainville,East St,  ,  ,V,G,1.0,0,14-299,,False,N,False,False,V,2025-03-09 13:54:33,Verbal Warning,,,False,1.0,CT0011000,20250310020144000001,2025-03-09 13:54:33,13:54:33,2025,,,,2025,Traffic Control Signal
2025-03-12 02:01:50.197000,7261436.0,CT0011000,Plainville,Racial Profile,19,25-3132,Case No.,2025-03-10 00:00:00,March,W,N,F,63,True,False, Plainville,East St,  ,  ,V,G,1.0,0,14-299,,False,N,False,False,V,2025-03-10 12:35:04,Verbal Warning,,,False,1.0,CT0011000,20250312020147000001,2025-03-10 12:35:04,12:35:04,2025,,,,2025,Traffic Control Signal
2025-03-11 02:01:51,7260939.0,CT0011000,Plainville,Racial Profile,40,25-3118,Case No.,2025-03-10 00:00:00,March,W,N,F,24,True,False, Plainville,Northwest Dr,  ,  ,V,G,1.0,0,14-219,,False,N,False,False,V,2025-03-10 06:55:42,Verbal Warning,,,False,1.0,CT0011000,20250311020146000001,2025-03-10 06:55:42,06:55:42,2025,,,,2025,Speed Related
2025-03-12 02:01:50.193000,7261435.0,CT0011000,Plainville,Racial Profile,40,25-3119,Case No.,2025-03-10 00:00:00,March,W,M,F,46,True,False, Plainville,Northwest Dr,  ,  ,V,G,1.0,0,14-219,,False,N,False,False,V,2025-03-10 07:18:31,Verbal Warning,,,False,1.0,CT0011000,20250312020147000001,2025-03-10 07:18:31,07:18:31,2025,,,,2025,Speed Related
2025-03-14 02:01:59.207000,7270296.0,CT0011000,Plainville,Racial Profile,47,25-3105,Case No.,2025-03-10 00:00:00,March,W,N,F,21,True,True, Plainville,New Britain Ave,  ,  ,V,G,2.0,1,14-147(c),,False,N,False,False,I,2025-03-10 02:01:18,Infraction Ticket,,,False,2.0,CT0011000,20250314020152000001,2025-03-10 02:01:18,02:01:18,2025,14-213b,,,2025,Administrative Offense
2025-03-11 02:01:50.997000,7260937.0,CT0011000,Plainville,Racial Profile,47,25-3112,Case No.,2025-03-10 00:00:00,March,W,N,M,36,True,True, Plainville,East St,  ,  ,V,G,1.0,0,14-18(a),,False,N,False,False,V,2025-03-10 06:04:22,Verbal Warning,,,False,1.0,CT0011000,20250311020146000001,2025-03-10 06:04:22,06:04:22,2025,,,,2025,Display of Plates
2025-03-16 02:01:58.680000,7303660.0,CT0011000,Plainville,Racial Profile,47,25-3116,Case No.,2025-03-10 00:00:00,March,W,H,M,45,True,True, Plainville,East Main St,  ,  ,V,G,2.0,1,14-147(c),,False,N,False,False,M,2025-03-10 06:33:24,Misdemeanor Summons,,,False,1.0,CT0011000,20250316020153000001,2025-03-10 06:33:24,06:33:24,2025,14-215(a),,,2025,Administrative Offense
2025-03-15 02:01:57.563000,7287887.0,CT0011000,Plainville,Racial Profile,47,25-3116,Case No.,2025-03-10 00:00:00,March,W,H,M,45,True,True, Plainville,East Main St,  ,  ,V,G,3.0,1,14-147(c),,False,N,False,False,M,2025-03-10 06:33:24,Misdemeanor Summons,,,False,1.0,CT0011000,20250315020153000001,2025-03-10 06:33:24,06:33:24,2025,14-215(a),,,2025,Administrative Offense
2025-03-11 02:01:50.987000,7260933.0,CT0011000,Plainville,Racial Profile,48,25-3097,Case No.,2025-03-10 00:00:00,March,W,N,M,38,True,True, Plainville,Crooked St,  ,  ,V,G,3.0,1,14-215,,False,N,False,False,M,2025-03-10 00:54:07,Misdemeanor Summons,,,False,1.0,CT0011000,20250311020146000001,2025-03-10 00:54:07,00:54:07,2025,,,,2025,Administrative Offense
2025-10-31 02:05:15.713000,7843325.0,CT0011000,Plainville,Racial Profile,48,25-3097,Case No.,2025-03-10 00:00:00,March,W,N,M,45,True,True, Plainville,Crooked St,  ,  ,V,G,3.0,1,14-215,,False,N,False,False,M,2025-03-10 00:54:07,Misdemeanor Summons,,,False,1.0,CT0011000,20251031020507000001,2025-03-10 00:54:07,00:54:07,2025,,,,2025,Administrative Offense
2025-03-11 02:01:50.993000,7260936.0,CT0011000,Plainville,Racial Profile,48,25-3111,Case No.,2025-03-10 00:00:00,March,W,N,M,27,True,True, Plainville,Hooker St,  ,  ,V,G,1.0,0,14-299,,False,N,False,False,V,2025-03-10 06:03:04,Verbal Warning,,,False,1.0,CT0011000,20250311020146000001,2025-03-10 06:03:04,06:03:04,2025,,,,2025,Traffic Control Signal
2025-03-12 02:01:50.200000,7261437.0,CT0011000,Plainville,Racial Profile,48,25-3135,Case No.,2025-03-10 00:00:00,March,W,N,M,0,True,False, Plainville,New Britain Ave,  ,  ,V,G,1.0,0,14-296aa(b1st,,False,N,False,False,V,2025-03-10 14:21:20,Verbal Warning,,,False,1.0,CT0011000,20250312020147000001,2025-03-10 14:21:20,14:21:20,2025,,,,2025,Cell Phone
2025-03-13 02:01:58.863000,7261867.0,CT0011000,Plainville,Racial Profile,50,25-3142,Case No.,2025-03-10 00:00:00,March,W,N,M,29,True,False, Plainville,East Main St,  ,  ,V,G,1.0,0,14-296aa(b1st,,False,N,False,False,V,2025-03-10 16:38:18,Verbal Warning,,,False,1.0,CT0011000,20250313020154000001,2025-03-10 16:38:18,16:38:18,2025,,,,2025,Cell Phone
2025-03-11 02:01:51.013000,7260944.0,CT0011000,Plainville,Racial Profile,50,25-3145,Case No.,2025-03-10 00:00:00,March,W,N,F,64,True,False, Plainville,South Washington St,  ,  ,V,G,1.0,0,14-299,,False,N,False,False,V,2025-03-10 17:04:21,Verbal Warning,,,False,1.0,CT0011000,20250311020146000001,2025-03-10 17:04:21,17:04:21,2025,,,,2025,Traffic Control Signal
2025-03-12 02:01:50.207000,7261440.0,CT0011000,Plainville,Racial Profile,50,25-3148,Case No.,2025-03-10 00:00:00,March,W,N,M,21,True,True, Plainville,Timber Hill Rd,  ,  ,V,G,1.0,0,14-301,,False,N,False,False,V,2025-03-10 17:44:35,Verbal Warning,,,False,1.0,CT0011000,20250312020147000001,2025-03-10 17:44:35,17:44:35,2025,,,,2025,Stop Sign
2025-03-24 02:02:02.627000,7316041.0,CT0011000,Plainville,Racial Profile,25,25-3199,Case No.,2025-03-11 00:00:00,March,W,H,M,26,True,False, Plainville,Race Ave,  ,  ,V,B,1.0,0,14-299,,False,N,False,False,V,2025-03-11 15:17:57,Verbal Warning,,,False,1.0,CT0011000,20250324020158000001,2025-03-11 15:17:57,15:17:57,2025,,,,2025,Traffic Control Signal
2025-03-13 02:01:58.893000,7261877.0,CT0011000,Plainville,Racial Profile,36,25-3215,Case No.,2025-03-11 00:00:00,March,W,N,M,76,True,True, Plainville,Broad St,  ,  ,V,B,1.0,0,14-96b,,False,N,False,False,V,2025-03-11 21:06:51,Verbal Warning,,,False,1.0,CT0011000,20250313020154000001,2025-03-11 21:06:51,21:06:51,2025,,,,2025,Defective Lights
2025-03-14 02:01:59.267000,7270318.0,CT0011000,Plainville,Racial Profile,36,25-3216,Case No.,2025-03-11 00:00:00,March,W,N,F,60,True,False, Plainville,New Britain Ave,  ,  ,V,B,1.0,0,14-96b,,False,N,False,False,V,2025-03-11 21:21:19,Verbal Warning,,,False,1.0,CT0011000,20250314020152000001,2025-03-11 21:21:19,21:21:19,2025,14-236,,,2025,Defective Lights
2025-03-12 02:01:50.217000,7261444.0,CT0011000,Plainville,Racial Profile,40,25-3184,Case No.,2025-03-11 00:00:00,March,W,N,M,33,True,True, Plainville,Woodford Ave,  ,  ,V,G,1.0,0,14-219,,False,N,False,False,I,2025-03-11 07:30:24,Infraction Ticket,,,False,1.0,CT0011000,20250312020147000001,2025-03-11 07:30:24,07:30:24,2025,14-12(a)*,,,2025,Speed Related
2025-03-14 02:01:59.250000,7270312.0,CT0011000,Plainville,Racial Profile,40,25-3185,Case No.,2025-03-11 00:00:00,March,W,N,M,42,True,True, Plainville,Woodford Ave,  ,  ,V,G,1.0,0,14-219,,False,N,False,False,V,2025-03-11 07:38:01,Verbal Warning,,,False,1.0,CT0011000,20250314020152000001,2025-03-11 07:38:01,07:38:01,2025,,,,2025,Speed Related
2025-03-22 02:02:04.253000,7315051.0,CT0011000,Plainville,Racial Profile,45,25-3187,Case No.,2025-03-11 00:00:00,March,W,N,F,58,True,True, Plainville,Cooke St,  ,  ,V,G,1.0,0,14-301,,False,N,False,False,V,2025-03-11 07:45:24,Verbal Warning,,,False,1.0,CT0011000,20250322020157000001,2025-03-11 07:45:24,07:45:24,2025,,,,2025,Stop Sign
2025-03-13 02:01:58.873000,7261870.0,CT0011000,Plainville,Racial Profile,47,25-3171,Case No.,2025-03-11 00:00:00,March,B,N,M,30,True,False, Plainville,West Main St,  ,  ,E,G,3.0,1,14-96c,,False,N,False,False,I,2025-03-11 01:24:41,Infraction Ticket,,,False,1.0,CT0011000,20250313020154000001,2025-03-11 01:24:41,01:24:41,2025,14-213b,,,2025,Defective Lights
2025-03-12 02:01:50.210000,7261443.0,CT0011000,Plainville,Racial Profile,47,25-3180,Case No.,2025-03-11 00:00:00,March,W,N,F,69,True,False, Plainville,East Main St,  ,  ,E,G,1.0,0,14-96y,,False,N,False,False,V,2025-03-11 05:30:54,Verbal Warning,,,False,1.0,CT0011000,20250312020147000001,2025-03-11 05:30:54,05:30:54,2025,14-96c,,,2025,Defective Lights
2025-03-16 02:01:58.730000,7303675.0,CT0011000,Plainville,Racial Profile,47,25-3186,Case No.,2025-03-11 00:00:00,March,W,N,M,54,True,True, Plainville,West Main St,  ,  ,V,G,1.0,0,14-18(a),,False,N,False,False,V,2025-03-11 07:44:42,Verbal Warning,,,False,1.0,CT0011000,20250316020153000001,2025-03-11 07:44:42,07:44:42,2025,14-12(a)*,,,2025,Display of Plates
2025-03-20 02:02:02.747000,7313716.0,CT0011000,Plainville,Racial Profile,48,25-3178,Case No.,2025-03-11 00:00:00,March,W,H,M,20,True,False, Plainville,Camp St,  ,  ,E,G,1.0,0,14-96c,,False,O,False,False,I,2025-03-11 02:41:50,Infraction Ticket,,,False,1.0,CT0011000,20250320020157000001,2025-03-11 02:41:50,02:41:50,2025,14-36(a),,,2025,Defective Lights
2025-03-18 02:01:58.797000,7312247.0,CT0011000,Plainville,Racial Profile,49,25-3214,Case No.,2025-03-11 00:00:00,March,B,N,F,0,True,True, Plainville,Broad St,  ,  ,E,G,1.0,0,14-96c,,False,N,False,False,V,2025-03-11 21:00:38,Verbal Warning,,,False,1.0,CT0011000,20250318020153000001,2025-03-11 21:00:38,21:00:38,2025,,,,2025,Defective Lights
2025-03-13 02:01:58.900000,7261879.0,CT0011000,Plainville,Racial Profile,49,25-3219,Case No.,2025-03-11 00:00:00,March,W,N,M,32,True,False, Plainville,New Britain Ave,  ,  ,E,G,1.0,0,14-96b,,False,N,False,False,V,2025-03-11 21:32:43,Verbal Warning,,,False,1.0,CT0011000,20250313020154000001,2025-03-11 21:32:43,21:32:43,2025,,,,2025,Defective Lights
2025-03-12 02:01:50.227000,7261449.0,CT0011000,Plainville,Racial Profile,49,25-3221,Case No.,2025-03-11 00:00:00,March,B,N,M,66,True,True, Plainville,EAST ST,  ,  ,V,G,1.0,0,14-299,,False,N,False,False,I,2025-03-11 22:43:50,Infraction Ticket,,,False,1.0,CT0011000,20250312020147000001,2025-03-11 22:43:50,22:43:50,2025,,,,2025,Traffic Control Signal
2025-03-19 02:01:57.627000,7313268.0,CT0011000,Plainville,Racial Profile,36,25-3264,Case No.,2025-03-12 00:00:00,March,W,N,M,53,True,True, Plainville,Woodford Ave,  ,  ,V,B,1.0,0,14-218a,,False,N,False,False,V,2025-03-12 16:29:20,Verbal Warning,,,False,1.0,CT0011000,20250319020154000001,2025-03-12 16:29:20,16:29:20,2025,,,,2025,Speed Related
2025-03-18 02:01:58.857000,7312262.0,CT0011000,Plainville,Racial Profile,36,25-3270,Case No.,2025-03-12 00:00:00,March,W,H,F,47,True,False, Plainville,Woodford Ave,  ,  ,V,B,1.0,0,14-218a,,False,N,False,False,W,2025-03-12 17:21:58,Written Ticket,,,False,1.0,CT0011000,20250318020153000001,2025-03-12 17:21:58,17:21:58,2025,,,,2025,Speed Related
2025-03-14 02:01:59.300000,7270331.0,CT0011000,Plainville,Racial Profile,36,25-3272,Case No.,2025-03-12 00:00:00,March,W,N,M,66,True,True, Plainville,Woodford Ave,  ,  ,V,B,1.0,0,14-218a,,False,N,False,False,V,2025-03-12 17:50:56,Verbal Warning,,,False,1.0,CT0011000,20250314020152000001,2025-03-12 17:50:56,17:50:56,2025,,,,2025,Speed Related
2025-03-16 02:01:58.787000,7303695.0,CT0011000,Plainville,Racial Profile,36,25-3274,Case No.,2025-03-12 00:00:00,March,W,N,M,25,True,False, Plainville,East St,  ,  ,V,B,1.0,0,14-218a10,,False,N,False,False,W,2025-03-12 18:32:12,Written Ticket,,,False,1.0,CT0011000,20250316020153000001,2025-03-12 18:32:12,18:32:12,2025,,,,2025,Speed Related
2025-03-18 02:01:58.893000,7312266.0,CT0011000,Plainville,Racial Profile,36,25-3275,Case No.,2025-03-12 00:00:00,March,W,H,M,60,True,False, Plainville,Queen St (Southington),  ,  ,V,B,1.0,0,14-218a,,False,N,False,False,W,2025-03-12 19:10:28,Written Ticket,,,False,1.0,CT0011000,20250318020153000001,2025-03-12 19:10:28,19:10:28,2025,,,,2025,Speed Related
2025-03-13 02:01:58.947000,7261894.0,CT0011000,Plainville,Racial Profile,36,25-3276,Case No.,2025-03-12 00:00:00,March,W,N,M,32,True,True, Plainville,East St,  ,  ,V,B,1.0,0,14-218a,,False,N,False,False,W,2025-03-12 19:21:16,Written Ticket,,,False,1.0,CT0011000,20250313020154000001,2025-03-12 19:21:16,19:21:16,2025,,,,2025,Speed Related
2025-03-22 02:02:04.317000,7315067.0,CT0011000,Plainville,Racial Profile,37,25-3266,Case No.,2025-03-12 00:00:00,March,W,N,M,55,True,False, Plainville,New Britain Ave,  ,  ,V,G,1.0,0,14-299,,False,N,False,False,I,2025-03-12 16:44:55,Infraction Ticket,,,False,1.0,CT0011000,20250322020157000001,2025-03-12 16:44:55,16:44:55,2025,,,,2025,Traffic Control Signal
2025-03-13 02:01:58.937000,7261889.0,CT0011000,Plainville,Racial Profile,37,25-3268,Case No.,2025-03-12 00:00:00,March,W,N,M,35,True,False, Plainville,Crooked St,  ,  ,V,G,1.0,0,14-299,,False,N,False,False,I,2025-03-12 17:04:23,Infraction Ticket,,,False,1.0,CT0011000,20250313020154000001,2025-03-12 17:04:23,17:04:23,2025,,,,2025,Traffic Control Signal
2025-03-13 02:01:58.903000,7261881.0,CT0011000,Plainville,Racial Profile,40,25-3225,Case No.,2025-03-12 00:00:00,March,W,H,M,63,True,False, Plainville,Woodford Ave,  ,  ,V,G,1.0,0,14-219,,False,N,False,False,V,2025-03-12 01:02:41,Verbal Warning,,,False,1.0,CT0011000,20250313020154000001,2025-03-12 01:02:41,01:02:41,2025,,,,2025,Speed Related
2025-03-12 02:01:50.230000,7261451.0,CT0011000,Plainville,Racial Profile,40,25-3229,Case No.,2025-03-12 00:00:00,March,A,N,M,22,True,False, Plainville,Woodford Ave,  ,  ,V,G,1.0,0,14-219,,False,N,False,False,V,2025-03-12 01:16:35,Verbal Warning,,,False,1.0,CT0011000,20250312020147000001,2025-03-12 01:16:35,01:16:35,2025,,,,2025,Speed Related
2025-03-16 02:01:58.783000,7303694.0,CT0011000,Plainville,Racial Profile,43,25-3273,Case No.,2025-03-12 00:00:00,March,W,N,M,40,True,False, Plainville,Farmington Ave,  ,  ,I,G,1.0,0,14-100a(d(1(A,,False,N,False,False,V,2025-03-12 18:04:31,Verbal Warning,,,False,1.0,CT0011000,20250316020153000001,2025-03-12 18:04:31,18:04:31,2025,,,,2025,Seatbelt
2025-03-15 02:01:57.640000,7287911.0,CT0011000,Plainville,Racial Profile,45,25-3243,Case No.,2025-03-12 00:00:00,March,W,N,F,43,True,True, Plainville,Broad St,  ,  ,V,G,1.0,0,14-301,,False,N,False,False,V,2025-03-12 07:07:09,Verbal Warning,,,False,1.0,CT0011000,20250315020153000001,2025-03-12 07:07:09,07:07:09,2025,,,,2025,Stop Sign
2025-03-13 02:01:58.913000,7261883.0,CT0011000,Plainville,Racial Profile,48,25-3242,Case No.,2025-03-12 00:00:00,March,W,N,M,29,True,False, Plainville,North Washington St,  ,  ,V,G,1.0,0,14-215,,False,N,False,False,V,2025-03-12 06:53:55,Verbal Warning,,,False,1.0,CT0011000,20250313020154000001,2025-03-12 06:53:55,06:53:55,2025,,,,2025,Administrative Offense
2025-03-15 02:01:57.643000,7287912.0,CT0011000,Plainville,Racial Profile,48,25-3244,Case No.,2025-03-12 00:00:00,March,W,N,F,44,True,False, Plainville,East St,  ,  ,V,G,1.0,0,14-12(a)*,,False,N,False,False,N,2025-03-12 07:10:28,No Disposition,,,False,1.0,CT0011000,20250315020153000001,2025-03-12 07:10:28,07:10:28,2025,,,,2025,Registration
2025-03-14 02:01:59.283000,7270325.0,CT0011000,Plainville,Racial Profile,48,25-3247,Case No.,2025-03-12 00:00:00,March,W,N,F,41,True,False, Plainville,Corban Ave,  ,  ,V,G,1.0,0,14-12(a)*,,False,N,False,False,N,2025-03-12 07:43:56,No Disposition,,,False,1.0,CT0011000,20250314020152000001,2025-03-12 07:43:56,07:43:56,2025,,,,2025,Registration
2025-03-21 02:02:04.003000,7314212.0,CT0011000,Plainville,Racial Profile,50,25-3253,Case No.,2025-03-12 00:00:00,March,W,N,M,55,True,False, Plainville,North Washington St,  ,  ,V,G,1.0,0,14-301,,False,N,False,False,V,2025-03-12 09:51:34,Verbal Warning,,,False,1.0,CT0011000,20250321020156000001,2025-03-12 09:51:34,09:51:34,2025,,,,2025,Stop Sign
2025-03-24 02:02:02.717000,7316067.0,CT0011000,Plainville,Racial Profile,37,25-3310,Case No.,2025-03-13 00:00:00,March,W,N,M,49,True,True, Plainville,East St,  ,  ,V,G,1.0,0,14-299,,False,N,False,False,W,2025-03-13 13:32:09,Written Ticket,,,False,1.0,CT0011000,20250324020158000001,2025-03-13 13:32:09,13:32:09,2025,,,,2025,Traffic Control Signal
2025-03-21 02:02:04.103000,7314227.0,CT0011000,Plainville,Racial Profile,43,25-3322,Case No.,2025-03-13 00:00:00,March,W,N,M,42,True,False, Plainville,East St,  ,  ,V,G,1.0,0,14-299,,False,N,False,False,V,2025-03-13 17:02:21,Verbal Warning,,,False,1.0,CT0011000,20250321020156000001,2025-03-13 17:02:21,17:02:21,2025,,,,2025,Traffic Control Signal
2025-03-15 02:01:57.980000,7287924.0,CT0011000,Plainville,Racial Profile,45,25-3287,Case No.,2025-03-13 00:00:00,March,W,N,M,53,True,False, Plainville,North Washington St,  ,  ,V,G,2.0,1,14-12(a)*,,False,N,False,False,I,2025-03-13 00:58:27,Infraction Ticket,,,False,1.0,CT0011000,20250315020153000001,2025-03-13 00:58:27,00:58:27,2025,14-213b,,,2025,Registration
2025-03-16 02:01:58.797000,7303699.0,CT0011000,Plainville,Racial Profile,45,25-3290,Case No.,2025-03-13 00:00:00,March,W,N,F,30,True,False, Plainville,Camp St,  ,  ,V,G,1.0,1,14-215(a),,False,N,False,False,I,2025-03-13 01:56:55,Infraction Ticket,,,False,1.0,CT0011000,20250316020153000001,2025-03-13 01:56:55,01:56:55,2025,14-12(a)*,,,2025,Administrative Offense
2025-03-14 02:01:59.317000,7270338.0,CT0011000,Plainville,Racial Profile,48,25-3292,Case No.,2025-03-13 00:00:00,March,B,N,M,40,True,False, Plainville,Camp St,  ,  ,V,G,1.0,0,14-18(a),,False,N,False,False,V,2025-03-13 02:15:27,Verbal Warning,,,False,1.0,CT0011000,20250314020152000001,2025-03-13 02:15:27,02:15:27,2025,,,,2025,Display of Plates
2025-03-14 02:01:59.320000,7270339.0,CT0011000,Plainville,Racial Profile,48,25-3293,Case No.,2025-03-13 00:00:00,March,W,N,M,27,True,False, Plainville,Bradley St,  ,  ,V,G,2.0,1,14-12(a)*,,False,N,False,False,I,2025-03-13 02:40:21,Infraction Ticket,,,False,1.0,CT0011000,20250314020152000001,2025-03-13 02:40:21,02:40:21,2025,14-213b,,,2025,Registration
2025-03-25 02:02:05.173000,7316682.0,CT0011000,Plainville,Racial Profile,37,25-3353,Case No.,2025-03-14 00:00:00,March,W,N,M,36,True,True, Plainville,Redstone Hill,  ,  ,V,G,1.0,0,14-301,,False,N,False,False,W,2025-03-14 21:13:14,Written Ticket,,,False,1.0,CT0011000,20250325020200000001,2025-03-14 21:13:14,21:13:14,2025,,,,2025,Stop Sign
2025-03-15 02:01:57.997000,7287930.0,CT0011000,Plainville,Racial Profile,49,25-3355,Case No.,2025-03-14 00:00:00,March,W,N,F,45,True,False, Plainville,New Britain Ave,  ,  ,E,G,2.0,0,14-96y,,False,N,False,False,V,2025-03-14 22:57:15,Verbal Warning,,,False,1.0,CT0011000,20250315020153000001,2025-03-14 22:57:15,22:57:15,2025,,,,2025,Defective Lights
2025-03-18 02:01:58.963000,7312277.0,CT0011000,Plainville,Racial Profile,34,25-3386,Case No.,2025-03-15 00:00:00,March,W,N,M,55,True,True, Plainville,Whiting St,  ,  ,V,B,1.0,0,14-301,,False,N,False,False,V,2025-03-15 13:43:10,Verbal Warning,,,False,1.0,CT0011000,20250318020153000001,2025-03-15 13:43:10,13:43:10,2025,,,,2025,Stop Sign
2025-03-16 02:01:58.820000,7303705.0,CT0011000,Plainville,Racial Profile,46,25-3363,Case No.,2025-03-15 00:00:00,March,W,H,M,27,True,False, Plainville,Woodford Ave,  ,  ,V,G,1.0,0,14-299,,False,N,False,False,I,2025-03-15 02:03:20,Infraction Ticket,,,False,1.0,CT0011000,20250316020153000001,2025-03-15 02:03:20,02:03:20,2025,,,,2025,Traffic Control Signal
2025-03-17 02:01:56.693000,7305066.0,CT0011000,Plainville,Racial Profile,47,25-3368,Case No.,2025-03-15 00:00:00,March,W,N,F,41,True,True, Plainville,West Main St,  ,  ,V,G,1.0,0,14-12(a)*,,False,N,False,False,V,2025-03-15 06:42:24,Verbal Warning,,,False,1.0,CT0011000,20250317020153000001,2025-03-15 06:42:24,06:42:24,2025,,,,2025,Registration
2025-03-25 02:02:05.203000,7316688.0,CT0011000,Plainville,Racial Profile,46,25-3422,Case No.,2025-03-16 00:00:00,March,B,N,F,0,False,False, Plainville,New Britain Ave,  ,  ,E,G,1.0,0,14-96a(a),,False,N,False,False,V,2025-03-16 04:52:33,Verbal Warning,,,False,1.0,CT0011000,20250325020200000001,2025-03-16 04:52:33,04:52:33,2025,,,,2025,Defective Lights
2025-04-01 02:02:13.627000,7321805.0,CT0011000,Plainville,Racial Profile,47,25-3415,Case No.,2025-03-16 00:00:00,March,W,N,F,0,True,False, Plainville,Shuttle Meadow Rd,  ,  ,V,G,1.0,0,14-236,,False,N,False,False,V,2025-03-16 02:33:13,Verbal Warning,,,False,1.0,CT0011000,20250401020210000001,2025-03-16 02:33:13,02:33:13,2025,,,,2025,Moving Violation
2025-03-16 02:01:58.830000,7303708.0,CT0011000,Plainville,Racial Profile,48,25-3412,Case No.,2025-03-16 00:00:00,March,B,N,M,42,True,True, Plainville,New Britain Ave,  ,  ,V,G,1.0,0,14-96y,,False,N,False,False,V,2025-03-16 01:51:05,Verbal Warning,,,False,1.0,CT0011000,20250316020153000001,2025-03-16 01:51:05,01:51:05,2025,,,,2025,Defective Lights
2025-04-04 02:02:18.490000,7329937.0,CT0011000,Plainville,Racial Profile,48,25-3437,Case No.,2025-03-16 00:00:00,March,W,N,M,0,True,False, Plainville,Forestville Ave,  ,  ,V,G,1.0,0,14-18(a),,False,N,False,False,V,2025-03-16 12:10:23,Verbal Warning,,,False,1.0,CT0011000,20250404020213000001,2025-03-16 12:10:23,12:10:23,2025,,,,2025,Display of Plates
2025-03-17 02:01:56.710000,7305069.0,CT0011000,Plainville,Racial Profile,48,25-3438,Case No.,2025-03-16 00:00:00,March,W,N,F,20,True,False, Plainville,Camp St,  ,  ,V,G,1.0,0,14-18(a),,False,N,False,False,V,2025-03-16 12:31:36,Verbal Warning,,,False,1.0,CT0011000,20250317020153000001,2025-03-16 12:31:36,12:31:36,2025,,,,2025,Display of Plates
2025-03-18 02:01:58.983000,7312279.0,CT0011000,Plainville,Racial Profile,49,25-3432,Case No.,2025-03-16 00:00:00,March,A,N,F,54,False,False, Plainville,RT 72 East Bound,  ,  ,V,B,1.0,0,14-12(a)*,,False,N,False,False,I,2025-03-16 11:04:41,Infraction Ticket,,,False,1.0,CT0011000,20250318020153000001,2025-03-16 11:04:41,11:04:41,2025,,,,2025,Registration
2025-03-19 02:01:57.717000,7313290.0,CT0011000,Plainville,Racial Profile,49,25-3434,Case No.,2025-03-16 00:00:00,March,W,N,M,26,True,False, Plainville,New Britain Ave,  ,  ,V,B,1.0,0,14-12(a)*,,False,N,False,False,V,2025-03-16 11:28:22,Verbal Warning,,,False,1.0,CT0011000,20250319020154000001,2025-03-16 11:28:22,11:28:22,2025,,,,2025,Registration
2025-03-23 02:02:04.327000,7315578.0,CT0011000,Plainville,Racial Profile,47,25-3480,Case No.,2025-03-17 00:00:00,March,W,N,M,54,True,False, Plainville,Woodford Ave,  ,  ,V,G,1.0,0,14-12(a)*,,False,N,False,False,I,2025-03-17 09:23:40,Infraction Ticket,,,False,1.0,CT0011000,20250323020158000001,2025-03-17 09:23:40,09:23:40,2025,,,,2025,Registration
2025-03-19 02:01:57.733000,7313292.0,CT0011000,Plainville,Racial Profile,7,25-3479,Case No.,2025-03-17 00:00:00,March,W,N,M,62,True,True, Plainville,New Britain Ave,  ,  ,V,G,1.0,0,14-299,,False,N,False,False,V,2025-03-17 09:20:35,Verbal Warning,,,False,1.0,CT0011000,20250319020154000001,2025-03-17 09:20:35,09:20:35,2025,,,,2025,Traffic Control Signal
2025-04-26 02:02:49.140000,7374346.0,CT0011000,Plainville,Racial Profile,28,25-3544,Case No.,2025-03-18 00:00:00,March,W,H,F,52,True,False, Plainville,North Washington St,  ,  ,V,B,3.0,0,14-241,,False,N,False,False,V,2025-03-18 15:38:08,Verbal Warning,,,False,1.0,CT0011000,20250426020243000001,2025-03-18 15:38:08,15:38:08,2025,,,,2025,Moving Violation
2025-03-21 02:02:04.140000,7314239.0,CT0011000,Plainville,Racial Profile,50,25-3529,Case No.,2025-03-18 00:00:00,March,W,N,M,70,True,False, Plainville,Broad St,  ,  ,V,G,1.0,0,14-301,,False,N,False,False,V,2025-03-18 10:11:10,Verbal Warning,,,False,1.0,CT0011000,20250321020156000001,2025-03-18 10:11:10,10:11:10,2025,,,,2025,Stop Sign
2025-03-20 02:02:02.927000,7313762.0,CT0011000,Plainville,Racial Profile,50,25-3530,Case No.,2025-03-18 00:00:00,March,W,H,M,41,False,False, Plainville,Pearl St,  ,  ,V,B,1.0,0,14-12(a)*,,False,N,False,False,W,2025-03-18 10:17:07,Written Ticket,,,False,1.0,CT0011000,20250320020157000001,2025-03-18 10:17:07,10:17:07,2025,,,,2025,Registration
2025-03-22 02:02:04.460000,7315094.0,CT0011000,Plainville,Racial Profile,50,25-3531,Case No.,2025-03-18 00:00:00,March,W,H,F,44,False,False, Plainville,North Washington St,  ,  ,V,B,1.0,0,14-12(a)*,,False,N,False,False,N,2025-03-18 10:26:27,No Disposition,,,False,1.0,CT0011000,20250322020157000001,2025-03-18 10:26:27,10:26:27,2025,,,,2025,Registration
2025-03-20 02:02:02.940000,7313766.0,CT0011000,Plainville,Racial Profile,14,25-3572,Case No.,2025-03-19 00:00:00,March,W,N,M,56,True,True, Plainville,East St,  ,  ,V,G,1.0,0,14-218a10,,False,N,False,False,V,2025-03-19 06:25:54,Verbal Warning,,,False,1.0,CT0011000,20250320020157000001,2025-03-19 06:25:54,06:25:54,2025,,,,2025,Speed Related
2025-03-22 02:02:04.493000,7315100.0,CT0011000,Plainville,Racial Profile,34,25-3581,Case No.,2025-03-19 00:00:00,March,W,H,F,27,True,False, Plainville,West Broad St,  ,  ,V,B,2.0,0,14-301,,False,N,False,False,I,2025-03-19 09:21:37,Infraction Ticket,,,False,1.0,CT0011000,20250322020157000001,2025-03-19 09:21:37,09:21:37,2025,,,,2025,Stop Sign
2025-04-18 02:02:44.370000,7367180.0,CT0011000,Plainville,Racial Profile,34,25-3593,Case No.,2025-03-19 00:00:00,March,W,H,F,34,True,False, Plainville,Stillwell Dr,  ,  ,V,B,2.0,0,14-301,,False,N,False,False,I,2025-03-19 15:20:33,Infraction Ticket,,,False,1.0,CT0011000,20250418020238000001,2025-03-19 15:20:33,15:20:33,2025,,,,2025,Stop Sign
2025-03-21 02:02:04.227000,7314250.0,CT0011000,Plainville,Racial Profile,37,25-3599,Case No.,2025-03-19 00:00:00,March,W,N,F,66,True,False, Plainville,North Washington St,  ,  ,V,G,1.0,0,14-299,,False,N,False,False,W,2025-03-19 17:22:49,Written Ticket,,,False,1.0,CT0011000,20250321020156000001,2025-03-19 17:22:49,17:22:49,2025,,,,2025,Traffic Control Signal
2025-03-24 02:02:02.810000,7316093.0,CT0011000,Plainville,Racial Profile,43,25-3612,Case No.,2025-03-19 00:00:00,March,W,N,M,68,True,False, Plainville,Unionville Ave,  ,  ,E,G,1.0,0,14-96i,,False,N,False,False,V,2025-03-19 23:37:24,Verbal Warning,,,False,1.0,CT0011000,20250324020158000001,2025-03-19 23:37:24,23:37:24,2025,,,,2025,Defective Lights
2025-03-23 02:02:04.340000,7315585.0,CT0011000,Plainville,Racial Profile,45,25-3574,Case No.,2025-03-19 00:00:00,March,W,N,M,29,True,True, Plainville,Washington St,  ,  ,E,G,1.0,0,14-96y,,False,N,False,False,V,2025-03-19 06:38:47,Verbal Warning,,,False,1.0,CT0011000,20250323020158000001,2025-03-19 06:38:47,06:38:47,2025,,,,2025,Defective Lights
2025-03-21 02:02:04.150000,7314243.0,CT0011000,Plainville,Racial Profile,46,25-3570,Case No.,2025-03-19 00:00:00,March,W,N,F,37,True,True, Plainville,East St,  ,  ,E,G,1.0,0,14-96a(a),,False,N,False,False,V,2025-03-19 05:40:49,Verbal Warning,,,False,1.0,CT0011000,20250321020156000001,2025-03-19 05:40:49,05:40:49,2025,,,,2025,Defective Lights
2025-03-25 02:02:05.253000,7316701.0,CT0011000,Plainville,Racial Profile,46,25-3577,Case No.,2025-03-19 00:00:00,March,W,N,F,0,True,True, Plainville,New Britain Ave,  ,  ,V,G,1.0,0,14-299,,False,N,False,False,V,2025-03-19 07:28:03,Verbal Warning,,,False,1.0,CT0011000,20250325020200000001,2025-03-19 07:28:03,07:28:03,2025,,,,2025,Traffic Control Signal
2025-03-21 02:02:04.150000,7314242.0,CT0011000,Plainville,Racial Profile,48,25-3567,Case No.,2025-03-19 00:00:00,March,W,N,M,45,True,False, Plainville,Corban Ave,  ,  ,V,G,1.0,0,14-96y,,False,N,False,False,V,2025-03-19 02:28:07,Verbal Warning,,,False,1.0,CT0011000,20250321020156000001,2025-03-19 02:28:07,02:28:07,2025,,,,2025,Defective Lights
2025-04-01 02:02:13.477000,7321757.0,CT0011000,Plainville,Racial Profile,50,25-3586,Case No.,2025-03-19 00:00:00,March,W,H,M,38,False,False, Plainville,Sparks St,  ,  ,V,B,1.0,0,14-12(a)*,,False,N,False,False,V,2025-03-19 14:26:00,Verbal Warning,,,False,1.0,CT0011000,20250401020210000001,2025-03-19 14:26:00,14:26:00,2025,,,,2025,Registration
2025-03-23 02:02:04.353000,7315589.0,CT0011000,Plainville,Racial Profile,50,25-3594,Case No.,2025-03-19 00:00:00,March,W,N,M,66,True,False, Plainville,Whiting St,  ,  ,V,G,1.0,0,14-299,,False,N,False,False,V,2025-03-19 15:25:26,Verbal Warning,,,False,1.0,CT0011000,20250323020158000001,2025-03-19 15:25:26,15:25:26,2025,,,,2025,Traffic Control Signal
2025-04-04 02:02:18.490000,7329938.0,CT0011000,Plainville,Racial Profile,25,25-3634,Case No.,2025-03-20 00:00:00,March,W,N,M,59,True,False, Plainville,North Washington St,  ,  ,V,B,1.0,0,14-241,,False,N,False,False,V,2025-03-20 14:57:03,Verbal Warning,,,False,1.0,CT0011000,20250404020213000001,2025-03-20 14:57:03,14:57:03,2025,,,,2025,Moving Violation
2025-03-21 02:02:04.233000,7314252.0,CT0011000,Plainville,Racial Profile,39,25-3642,Case No.,2025-03-20 00:00:00,March,B,N,M,48,True,False, Plainville,New Britain Ave,  ,  ,E,G,1.0,0,14-12(a)*,,False,N,False,False,I,2025-03-20 18:11:11,Infraction Ticket,,,False,1.0,CT0011000,20250321020156000001,2025-03-20 18:11:11,18:11:11,2025,,,,2025,Registration
2025-03-24 02:02:02.823000,7316097.0,CT0011000,Plainville,Racial Profile,39,25-3645,Case No.,2025-03-20 00:00:00,March,B,N,F,31,True,True, Plainville,East St,  ,  ,E,G,1.0,0,14-96y,,False,N,False,False,V,2025-03-20 19:33:12,Verbal Warning,,,False,1.0,CT0011000,20250324020158000001,2025-03-20 19:33:12,19:33:12,2025,14-12(a)*,,,2025,Defective Lights
2025-03-25 02:02:05.267000,7316708.0,CT0011000,Plainville,Racial Profile,7,25-3643,Case No.,2025-03-20 00:00:00,March,W,N,M,83,True,False, Plainville,New Britain Ave,  ,  ,V,G,1.0,0,14-299,,False,N,False,False,V,2025-03-20 18:25:59,Verbal Warning,,,False,1.0,CT0011000,20250325020200000001,2025-03-20 18:25:59,18:25:59,2025,,,,2025,Traffic Control Signal
2025-03-21 02:02:04.243000,7314254.0,CT0011000,Plainville,Racial Profile,7,25-3644,Case No.,2025-03-20 00:00:00,March,W,H,F,30,True,False, Plainville,RT 72 East Bound,  ,  ,E,G,3.0,1,14-18(c),,False,N,False,False,M,2025-03-20 18:35:15,Misdemeanor Summons,,,False,1.0,CT0011000,20250321020156000001,2025-03-20 18:35:15,18:35:15,2025,14-215,,,2025,Display of Plates
2025-03-22 02:02:04.540000,7315109.0,CT0011000,Plainville,Racial Profile,39,25-3686,Case No.,2025-03-21 00:00:00,March,W,N,M,19,True,False, Plainville,Camp St,  ,  ,E,B,2.0,1,14-147(c),,False,N,False,False,I,2025-03-21 17:20:11,Infraction Ticket,,,False,1.0,CT0011000,20250322020157000001,2025-03-21 17:20:11,17:20:11,2025,14-12(a)*,,,2025,Administrative Offense
2025-03-27 02:02:07.393000,7317727.0,CT0011000,Plainville,Racial Profile,30,25-3704,Case No.,2025-03-22 00:00:00,March,W,N,F,42,True,False, Plainville,Farmington Ave,  ,  ,V,G,3.0,1,14-12(a)*,,True,N,False,True,U,2025-03-22 01:18:19,Uniform ArrestReport,,,False,1.0,CT0011000,20250327020203000001,2025-03-22 01:18:19,01:18:19,2025,14-227a(2nd),,,2025,Registration
2025-03-24 02:02:02.880000,7316107.0,CT0011000,Plainville,Racial Profile,40,25-3739,Case No.,2025-03-22 00:00:00,March,B,N,F,25,True,False, Plainville,Unionville Ave,  ,  ,V,G,1.0,0,14-219,,False,N,False,False,V,2025-03-22 17:32:08,Verbal Warning,,,False,1.0,CT0011000,20250324020158000001,2025-03-22 17:32:08,17:32:08,2025,,,,2025,Speed Related
2025-03-24 02:02:02.883000,7316108.0,CT0011000,Plainville,Racial Profile,40,25-3741,Case No.,2025-03-22 00:00:00,March,W,N,F,39,True,False, Plainville,Unionville Ave,  ,  ,V,G,1.0,0,14-219,,False,N,False,False,V,2025-03-22 17:36:00,Verbal Warning,,,False,1.0,CT0011000,20250324020158000001,2025-03-22 17:36:00,17:36:00,2025,,,,2025,Speed Related
2025-04-02 02:02:14.880000,7322863.0,CT0011000,Plainville,Racial Profile,40,25-3763,Case No.,2025-03-22 00:00:00,March,W,N,F,68,True,False, Plainville,East St,  ,  ,V,G,1.0,0,14-219,,False,N,False,False,V,2025-03-22 22:34:24,Verbal Warning,,,False,1.0,CT0011000,20250402020209000001,2025-03-22 22:34:24,22:34:24,2025,,,,2025,Speed Related
2025-03-25 02:02:05.277000,7316712.0,CT0011000,Plainville,Racial Profile,47,25-3706,Case No.,2025-03-22 00:00:00,March,B,N,M,64,True,False, Plainville,New Britain Ave,  ,  ,V,G,1.0,0,14-96y,,False,N,False,False,V,2025-03-22 01:21:20,Verbal Warning,,,False,1.0,CT0011000,20250325020200000001,2025-03-22 01:21:20,01:21:20,2025,,,,2025,Defective Lights
2025-03-24 02:02:02.847000,7316100.0,CT0011000,Plainville,Racial Profile,47,25-3709,Case No.,2025-03-22 00:00:00,March,W,M,M,48,True,False, Plainville,West Main St,  ,  ,V,G,1.0,0,14-236,,False,N,False,False,V,2025-03-22 01:40:40,Verbal Warning,,,False,1.0,CT0011000,20250324020158000001,2025-03-22 01:40:40,01:40:40,2025,,,,2025,Moving Violation
2025-03-28 02:02:13.867000,7319522.0,CT0011000,Plainville,Racial Profile,47,25-3711,Case No.,2025-03-22 00:00:00,March,W,H,M,42,True,False, Plainville,East St,  ,  ,V,G,2.0,0,14-299,,False,N,False,False,I,2025-03-22 02:33:03,Infraction Ticket,,,False,1.0,CT0011000,20250328020203000001,2025-03-22 02:33:03,02:33:03,2025,14-36(a),,,2025,Traffic Control Signal
2025-03-25 02:02:05.283000,7316715.0,CT0011000,Plainville,Racial Profile,47,25-3717,Case No.,2025-03-22 00:00:00,March,W,H,M,20,True,True, Plainville,Farmington Ave,  ,  ,V,G,1.0,0,14-18(a),,False,N,False,False,I,2025-03-22 08:58:32,Infraction Ticket,,,False,1.0,CT0011000,20250325020200000001,2025-03-22 08:58:32,08:58:32,2025,,,,2025,Display of Plates
2025-04-01 02:02:13.637000,7321808.0,CT0011000,Plainville,Racial Profile,47,25-3719,Case No.,2025-03-22 00:00:00,March,W,H,M,0,True,False, Plainville,East Main St,  ,  ,V,G,1.0,0,14-236,,False,N,False,False,V,2025-03-22 09:26:21,Verbal Warning,,,False,1.0,CT0011000,20250401020210000001,2025-03-22 09:26:21,09:26:21,2025,14-299,,,2025,Moving Violation
2025-03-28 02:02:14.067000,7319524.0,CT0011000,Plainville,Racial Profile,47,25-3720,Case No.,2025-03-22 00:00:00,March,W,H,M,28,True,True, Plainville,New Britain Ave,  ,  ,V,G,1.0,0,14-215(a),,False,N,False,False,V,2025-03-22 09:54:11,Verbal Warning,,,False,1.0,CT0011000,20250328020203000001,2025-03-22 09:54:11,09:54:11,2025,,,,2025,Administrative Offense
2025-04-02 02:02:14.863000,7322856.0,CT0011000,Plainville,Racial Profile,47,25-3722,Case No.,2025-03-22 00:00:00,March,W,H,F,17,True,False, Plainville,New Britain Ave,  ,  ,V,G,2.0,1,14-215(a),,False,N,False,False,M,2025-03-22 10:48:30,Misdemeanor Summons,,,False,1.0,CT0011000,20250402020209000001,2025-03-22 10:48:30,10:48:30,2025,,,,2025,Administrative Offense
2025-03-23 02:02:04.390000,7315602.0,CT0011000,Plainville,Racial Profile,48,25-3732,Case No.,2025-03-22 00:00:00,March,W,M,M,19,True,False, Plainville,New Britain Ave,  ,  ,V,G,1.0,0,14-299,,False,N,False,False,V,2025-03-22 14:08:17,Verbal Warning,,,False,1.0,CT0011000,20250323020158000001,2025-03-22 14:08:17,14:08:17,2025,,,,2025,Traffic Control Signal
2025-03-23 02:02:04.397000,7315604.0,CT0011000,Plainville,Racial Profile,48,25-3734,Case No.,2025-03-22 00:00:00,March,W,H,M,25,True,False, Plainville,New Britain Ave,  ,  ,V,G,2.0,1,14-12(a)*,,False,N,False,False,I,2025-03-22 15:11:46,Infraction Ticket,,,False,2.0,CT0011000,20250323020158000001,2025-03-22 15:11:46,15:11:46,2025,14-213b,,,2025,Registration
2025-03-26 02:02:04.057000,7317218.0,CT0011000,Plainville,Racial Profile,49,25-3751,Case No.,2025-03-22 00:00:00,March,W,N,M,20,True,False, Plainville,Unionville Ave,  ,  ,E,G,1.0,0,14-96b,,False,N,False,False,V,2025-03-22 20:37:53,Verbal Warning,,,False,1.0,CT0011000,20250326020200000001,2025-03-22 20:37:53,20:37:53,2025,,,,2025,Defective Lights
2025-04-01 02:02:13.537000,7321781.0,CT0011000,Plainville,Racial Profile,49,25-3797,Case No.,2025-03-23 00:00:00,March,W,N,F,23,True,False, Plainville,New Britain Ave,  ,  ,E,G,2.0,0,14-96y,,False,N,False,False,I,2025-03-23 20:37:28,Infraction Ticket,,,False,1.0,CT0011000,20250401020210000001,2025-03-23 20:37:28,20:37:28,2025,,,,2025,Defective Lights
2025-03-31 02:02:13.323000,7321118.0,CT0011000,Plainville,Racial Profile,49,25-3798,Case No.,2025-03-23 00:00:00,March,W,N,F,38,True,False, Plainville,New Britain Ave,  ,  ,E,G,1.0,0,14-96y,,False,N,False,False,V,2025-03-23 21:00:16,Verbal Warning,,,False,1.0,CT0011000,20250331020207000001,2025-03-23 21:00:16,21:00:16,2025,,,,2025,Defective Lights
2025-04-03 02:02:14.923000,7323424.0,CT0011000,Plainville,Racial Profile,49,25-3799,Case No.,2025-03-23 00:00:00,March,W,H,M,18,True,False, Plainville,New Britain Ave,  ,  ,E,G,3.0,1,14-96y,,False,N,False,False,I,2025-03-23 21:12:34,Infraction Ticket,,,False,1.0,CT0011000,20250403020211000001,2025-03-23 21:12:34,21:12:34,2025,14-213b,,,2025,Defective Lights
2025-03-29 02:02:10.663000,7320058.0,CT0011000,Plainville,Racial Profile,50,25-3779,Case No.,2025-03-23 00:00:00,March,B,M,M,26,True,False, Plainville,New Britain Ave,  ,  ,V,G,1.0,0,14-301,,False,N,False,False,V,2025-03-23 13:39:48,Verbal Warning,,,False,1.0,CT0011000,20250329020204000001,2025-03-23 13:39:48,13:39:48,2025,,,,2025,Stop Sign
2025-03-30 02:02:11.650000,7320581.0,CT0011000,Plainville,Racial Profile,12,25-3847,Case No.,2025-03-24 00:00:00,March,W,N,F,16,True,True, Plainville,RT 72 Off Ramp WB,  ,  ,V,G,1.0,0,14-299,,False,N,False,False,V,2025-03-24 18:18:02,Verbal Warning,,,False,1.0,CT0011000,20250330020205000001,2025-03-24 18:18:02,18:18:02,2025,,,,2025,Traffic Control Signal
2025-03-26 02:02:04.087000,7317222.0,CT0011000,Plainville,Racial Profile,36,25-3853,Case No.,2025-03-24 00:00:00,March,W,M,M,62,True,True, Plainville,East St,  ,  ,V,G,1.0,0,14-218a,,False,N,False,False,V,2025-03-24 21:57:02,Verbal Warning,,,False,1.0,CT0011000,20250326020200000001,2025-03-24 21:57:02,21:57:02,2025,14-236,,,2025,Speed Related
2025-03-26 02:02:04.087000,7317223.0,CT0011000,Plainville,Racial Profile,36,25-3854,Case No.,2025-03-24 00:00:00,March,W,N,M,22,True,True, Plainville,Neal Ct,  ,  ,V,G,1.0,0,14-298,,False,N,False,False,I,2025-03-24 22:04:31,Infraction Ticket,,,False,1.0,CT0011000,20250326020200000001,2025-03-24 22:04:31,22:04:31,2025,,,,2025,STC Violation
2025-04-04 02:02:18.437000,7329918.0,CT0011000,Plainville,Racial Profile,36,25-3855,Case No.,2025-03-24 00:00:00,March,W,N,F,60,True,True, Plainville,Broad St,  ,  ,V,G,1.0,0,14-12(a)*,,False,N,False,False,V,2025-03-24 22:12:34,Verbal Warning,,,False,1.0,CT0011000,20250404020213000001,2025-03-24 22:12:34,22:12:34,2025,,,,2025,Registration
2025-03-28 02:02:14.360000,7319541.0,CT0011000,Plainville,Racial Profile,36,25-3856,Case No.,2025-03-24 00:00:00,March,W,N,M,20,True,True, Plainville,East St,  ,  ,V,G,1.0,0,14-96d,,False,N,False,False,V,2025-03-24 22:18:33,Verbal Warning,,,False,1.0,CT0011000,20250328020203000001,2025-03-24 22:18:33,22:18:33,2025,14-96f,,,2025,Defective Lights
2025-03-29 02:02:10.693000,7320067.0,CT0011000,Plainville,Racial Profile,36,25-3857,Case No.,2025-03-24 00:00:00,March,W,H,M,40,True,False, Plainville,East St,  ,  ,V,G,1.0,0,14-242,,False,N,False,False,V,2025-03-24 22:26:39,Verbal Warning,,,False,1.0,CT0011000,20250329020204000001,2025-03-24 22:26:39,22:26:39,2025,,,,2025,Moving Violation
2025-03-27 02:02:07.450000,7317748.0,CT0011000,Plainville,Racial Profile,36,25-3858,Case No.,2025-03-24 00:00:00,March,W,H,M,21,True,False, Plainville,East St,  ,  ,V,G,1.0,0,14-96b,,False,N,False,False,V,2025-03-24 22:28:52,Verbal Warning,,,False,1.0,CT0011000,20250327020203000001,2025-03-24 22:28:52,22:28:52,2025,,,,2025,Defective Lights
2025-03-28 02:02:14.380000,7319544.0,CT0011000,Plainville,Racial Profile,35,25-3890,Case No.,2025-03-25 00:00:00,March,W,N,F,73,True,True, Plainville,Farmington Ave,  ,  ,V,B,1.0,0,14-12(a)*,,False,N,False,False,V,2025-03-25 17:51:38,Verbal Warning,,,False,1.0,CT0011000,20250328020203000001,2025-03-25 17:51:38,17:51:38,2025,,,,2025,Registration
2025-04-02 02:02:14.927000,7322875.0,CT0011000,Plainville,Racial Profile,43,25-3887,Case No.,2025-03-25 00:00:00,March,W,N,F,27,True,False, Plainville,East St,  ,  ,V,G,1.0,0,14-96i,,False,N,False,False,V,2025-03-25 16:31:32,Verbal Warning,,,False,1.0,CT0011000,20250402020209000001,2025-03-25 16:31:32,16:31:32,2025,,,,2025,Defective Lights
2025-03-31 02:02:13.363000,7321129.0,CT0011000,Plainville,Racial Profile,7,25-3893,Case No.,2025-03-25 00:00:00,March,W,N,M,56,True,False, Plainville,CT Commons,  ,  ,E,G,3.0,0,14-18(a),,False,N,False,False,M,2025-03-25 18:45:55,Misdemeanor Summons,,,False,1.0,CT0011000,20250331020207000001,2025-03-25 18:45:55,18:45:55,2025,14-215,,,2025,Display of Plates
2025-03-27 02:02:07.470000,7317751.0,CT0011000,Plainville,Racial Profile,7,25-3900,Case No.,2025-03-25 00:00:00,March,W,H,M,27,True,False, Plainville,Hooker St,  ,  ,V,G,3.0,0,14-215,,False,N,False,False,I,2025-03-25 22:40:20,Infraction Ticket,,,False,1.0,CT0011000,20250327020203000001,2025-03-25 22:40:20,22:40:20,2025,14-36(b)(1)++,,,2025,Administrative Offense
2025-03-29 02:02:10.717000,7320074.0,CT0011000,Plainville,Racial Profile,35,25-3935,Case No.,2025-03-26 00:00:00,March,W,N,M,52,True,False, Plainville,Unionville Ave,  ,  ,V,G,1.0,0,14-301,,False,N,False,False,V,2025-03-26 18:24:41,Verbal Warning,,,False,1.0,CT0011000,20250329020204000001,2025-03-26 18:24:41,18:24:41,2025,,,,2025,Stop Sign
2025-03-28 02:02:14.510000,7319549.0,CT0011000,Plainville,Racial Profile,35,25-3937,Case No.,2025-03-26 00:00:00,March,W,N,M,52,True,False, Plainville,Maxine Rd,  ,  ,V,G,1.0,0,14-299,,False,N,False,False,V,2025-03-26 18:31:25,Verbal Warning,,,False,1.0,CT0011000,20250328020203000001,2025-03-26 18:31:25,18:31:25,2025,,,,2025,Traffic Control Signal
2025-03-27 02:02:07.483000,7317755.0,CT0011000,Plainville,Racial Profile,35,25-3938,Case No.,2025-03-26 00:00:00,March,W,N,M,16,True,True, Plainville,Maxine Rd,  ,  ,V,B,1.0,0,14-301,,False,N,False,False,V,2025-03-26 18:38:17,Verbal Warning,,,False,1.0,CT0011000,20250327020203000001,2025-03-26 18:38:17,18:38:17,2025,,,,2025,Stop Sign
2025-03-27 02:02:07.483000,7317756.0,CT0011000,Plainville,Racial Profile,35,25-3939,Case No.,2025-03-26 00:00:00,March,W,N,M,53,True,True, Plainville,Maxine Rd,  ,  ,V,B,1.0,0,14-301,,False,N,False,False,V,2025-03-26 18:51:11,Verbal Warning,,,False,1.0,CT0011000,20250327020203000001,2025-03-26 18:51:11,18:51:11,2025,,,,2025,Stop Sign
2025-03-31 02:02:13.367000,7321131.0,CT0011000,Plainville,Racial Profile,46,25-3914,Case No.,2025-03-26 00:00:00,March,W,N,M,29,True,False, Plainville,Broad St,  ,  ,V,G,1.0,0,14-301,,False,N,False,False,V,2025-03-26 06:48:46,Verbal Warning,,,False,1.0,CT0011000,20250331020207000001,2025-03-26 06:48:46,06:48:46,2025,,,,2025,Stop Sign
2025-03-28 02:02:14.500000,7319547.0,CT0011000,Plainville,Racial Profile,47,25-3926,Case No.,2025-03-26 00:00:00,March,W,N,M,28,True,True, Plainville,Broad St,  ,  ,V,G,1.0,0,14-236,,False,N,False,False,V,2025-03-26 13:31:54,Verbal Warning,,,False,1.0,CT0011000,20250328020203000001,2025-03-26 13:31:54,13:31:54,2025,,,,2025,Moving Violation
2025-03-30 02:02:11.717000,7320604.0,CT0011000,Plainville,Racial Profile,36,25-3985,Case No.,2025-03-27 00:00:00,March,W,N,M,31,True,False, Plainville,New Britain Ave,  ,  ,V,G,1.0,1,14-96a(a),,False,N,False,False,I,2025-03-27 21:15:43,Infraction Ticket,,,False,1.0,CT0011000,20250330020205000001,2025-03-27 21:15:43,21:15:43,2025,14-213b,,,2025,Defective Lights
2025-03-31 02:02:13.413000,7321145.0,CT0011000,Plainville,Racial Profile,36,25-3987,Case No.,2025-03-27 00:00:00,March,W,N,F,31,True,True, Plainville,Park St,  ,  ,V,G,1.0,0,14-236,,False,N,False,False,V,2025-03-27 22:18:18,Verbal Warning,,,False,1.0,CT0011000,20250331020207000001,2025-03-27 22:18:18,22:18:18,2025,14-96a(a),,,2025,Moving Violation
2025-04-11 02:02:28.387000,7335205.0,CT0011000,Plainville,Racial Profile,36,25-3988,Case No.,2025-03-27 00:00:00,March,W,N,M,22,True,False, Plainville,New Britain Ave,  ,  ,V,G,1.0,0,14-299,,False,N,False,False,V,2025-03-27 22:29:47,Verbal Warning,,,False,1.0,CT0011000,20250411020222000001,2025-03-27 22:29:47,22:29:47,2025,,,,2025,Traffic Control Signal
2025-03-28 02:02:14.590000,7319559.0,CT0011000,Plainville,Racial Profile,36,25-3989,Case No.,2025-03-27 00:00:00,March,W,H,M,49,True,False, Plainville,Hooker St,  ,  ,V,G,1.0,0,14-12(a)*,,False,N,False,False,V,2025-03-27 22:34:11,Verbal Warning,,,False,1.0,CT0011000,20250328020203000001,2025-03-27 22:34:11,22:34:11,2025,,,,2025,Registration
2025-03-29 02:02:10.803000,7320087.0,CT0011000,Plainville,Racial Profile,36,25-3990,Case No.,2025-03-27 00:00:00,March,W,N,M,20,True,True, Plainville,Whiting St,  ,  ,V,G,1.0,0,14-236,,False,N,False,False,V,2025-03-27 22:49:49,Verbal Warning,,,False,1.0,CT0011000,20250329020204000001,2025-03-27 22:49:49,22:49:49,2025,14-239(a),,,2025,Moving Violation
2025-03-31 02:02:13.390000,7321139.0,CT0011000,Plainville,Racial Profile,40,25-3965,Case No.,2025-03-27 00:00:00,March,W,N,F,36,True,True, Plainville,Woodford Ave,  ,  ,V,G,1.0,0,14-219,,False,N,False,False,V,2025-03-27 07:03:34,Verbal Warning,,,False,1.0,CT0011000,20250331020207000001,2025-03-27 07:03:34,07:03:34,2025,,,,2025,Speed Related
2025-03-28 02:02:14.560000,7319555.0,CT0011000,Plainville,Racial Profile,40,25-3967,Case No.,2025-03-27 00:00:00,March,W,N,F,34,True,True, Plainville,Woodford Ave,  ,  ,V,G,1.0,0,14-219,,False,N,False,False,V,2025-03-27 07:17:42,Verbal Warning,,,False,1.0,CT0011000,20250328020203000001,2025-03-27 07:17:42,07:17:42,2025,,,,2025,Speed Related
2025-04-11 02:02:28.353000,7335195.0,CT0011000,Plainville,Racial Profile,47,25-3959,Case No.,2025-03-27 00:00:00,March,W,N,F,0,False,False, Plainville,West Main St,  ,  ,V,G,1.0,0,14-236,,False,N,False,False,V,2025-03-27 02:26:29,Verbal Warning,,,False,1.0,CT0011000,20250411020222000001,2025-03-27 02:26:29,02:26:29,2025,,,,2025,Moving Violation
2025-03-28 02:02:14.540000,7319553.0,CT0011000,Plainville,Racial Profile,47,25-3963,Case No.,2025-03-27 00:00:00,March,W,N,M,35,True,True, Plainville,North Washington St,  ,  ,V,G,1.0,1,14-215(a),,False,N,False,False,M,2025-03-27 06:39:54,Misdemeanor Summons,,,False,1.0,CT0011000,20250328020203000001,2025-03-27 06:39:54,06:39:54,2025,14-213b,,,2025,Administrative Offense
2025-04-02 02:02:14.957000,7322886.0,CT0011000,Plainville,Racial Profile,47,25-3963,Case No.,2025-03-27 00:00:00,March,W,N,M,36,True,True, Plainville,North Washington St,  ,  ,V,G,1.0,1,14-215(a),,False,N,False,False,M,2025-03-27 06:39:54,Misdemeanor Summons,,,False,1.0,CT0011000,20250402020209000001,2025-03-27 06:39:54,06:39:54,2025,14-213b,,,2025,Administrative Offense
2025-03-30 02:02:11.740000,7320613.0,CT0011000,Plainville,Racial Profile,36,25-4042,Case No.,2025-03-28 00:00:00,March,W,N,M,62,True,False, Plainville,Unionville Ave,  ,  ,V,B,1.0,0,14-219(b),,False,N,False,False,V,2025-03-28 19:48:49,Verbal Warning,,,False,1.0,CT0011000,20250330020205000001,2025-03-28 19:48:49,19:48:49,2025,,,,2025,Speed Related
2025-03-30 02:02:11.743000,7320614.0,CT0011000,Plainville,Racial Profile,36,25-4044,Case No.,2025-03-28 00:00:00,March,W,H,M,25,True,False, Plainville,Dickman Rd,  ,  ,V,B,1.0,1,14-218a,,False,N,False,False,V,2025-03-28 20:10:02,Verbal Warning,,,False,1.0,CT0011000,20250330020205000001,2025-03-28 20:10:02,20:10:02,2025,,,,2025,Speed Related
2025-04-03 02:02:15.047000,7323461.0,CT0011000,Plainville,Racial Profile,36,25-4047,Case No.,2025-03-28 00:00:00,March,W,N,M,39,True,False, Plainville,Bradley St,  ,  ,V,G,1.0,1,14-296aa(b1st,,False,N,False,False,V,2025-03-28 20:41:01,Verbal Warning,,,False,1.0,CT0011000,20250403020211000001,2025-03-28 20:41:01,20:41:01,2025,,,,2025,Cell Phone
2025-04-13 02:02:26.920000,7336543.0,CT0011000,Plainville,Racial Profile,36,25-4050,Case No.,2025-03-28 00:00:00,March,B,N,M,27,True,False, Plainville,South Washington St,  ,  ,E,G,1.0,0,14-96f,,False,N,False,False,V,2025-03-28 23:08:18,Verbal Warning,,,False,1.0,CT0011000,20250413020221000001,2025-03-28 23:08:18,23:08:18,2025,,,,2025,Defective Lights
2025-03-30 02:02:11.730000,7320609.0,CT0011000,Plainville,Racial Profile,40,25-4011,Case No.,2025-03-28 00:00:00,March,W,H,M,43,True,True, Plainville,Northwest Dr,  ,  ,V,G,1.0,0,14-301,,False,N,False,False,V,2025-03-28 06:54:00,Verbal Warning,,,False,1.0,CT0011000,20250330020205000001,2025-03-28 06:54:00,06:54:00,2025,14-18(a),,,2025,Stop Sign
2025-03-31 02:02:13.430000,7321150.0,CT0011000,Plainville,Racial Profile,46,25-4012,Case No.,2025-03-28 00:00:00,March,W,H,M,34,True,False, Plainville,East Main St,  ,  ,V,G,1.0,0,14-219,,False,N,False,False,I,2025-03-28 07:04:40,Infraction Ticket,,,False,1.0,CT0011000,20250331020207000001,2025-03-28 07:04:40,07:04:40,2025,14-36(a),,,2025,Speed Related
2025-04-01 02:02:13.670000,7321816.0,CT0011000,Plainville,Racial Profile,48,25-4013,Case No.,2025-03-28 00:00:00,March,W,H,M,29,True,False, Plainville,New Britain Ave,  ,  ,V,G,1.0,0,14-236,,False,N,False,False,V,2025-03-28 07:20:33,Verbal Warning,,,False,1.0,CT0011000,20250401020210000001,2025-03-28 07:20:33,07:20:33,2025,,,,2025,Moving Violation
2025-03-30 02:02:11.737000,7320612.0,CT0011000,Plainville,Racial Profile,49,25-4023,Case No.,2025-03-28 00:00:00,March,W,N,M,56,True,False, Plainville,Hooker St,  ,  ,V,B,1.0,0,14-12(a)*,,False,N,False,False,V,2025-03-28 14:52:37,Verbal Warning,,,False,1.0,CT0011000,20250330020205000001,2025-03-28 14:52:37,14:52:37,2025,,,,2025,Registration
2025-04-08 02:02:22.923000,7333329.0,CT0011000,Plainville,Racial Profile,12,25-4088,Case No.,2025-03-29 00:00:00,March,B,N,F,33,True,False, Plainville,New Britain Ave,  ,  ,V,G,1.0,0,14-18(a),,False,N,False,False,V,2025-03-29 10:25:14,Verbal Warning,,,False,1.0,CT0011000,20250408020217000001,2025-03-29 10:25:14,10:25:14,2025,,,,2025,Display of Plates
2025-04-02 02:02:15.040000,7322907.0,CT0011000,Plainville,Racial Profile,33,25-4091,Case No.,2025-03-29 00:00:00,March,W,N,M,0,True,False, Plainville,East St,  ,  ,V,G,1.0,0,14-299,,False,N,False,False,V,2025-03-29 12:35:09,Verbal Warning,,,False,1.0,CT0011000,20250402020209000001,2025-03-29 12:35:09,12:35:09,2025,,,,2025,Traffic Control Signal
2025-04-04 02:02:18.553000,7329955.0,CT0011000,Plainville,Racial Profile,43,25-4107,Case No.,2025-03-29 00:00:00,March,W,N,F,65,True,False, Plainville,New Britain Ave,  ,  ,V,G,1.0,0,14-96i,,False,N,False,False,V,2025-03-29 20:09:00,Verbal Warning,,,False,1.0,CT0011000,20250404020213000001,2025-03-29 20:09:00,20:09:00,2025,,,,2025,Defective Lights
2025-04-06 02:02:21.033000,7331139.0,CT0011000,Plainville,Racial Profile,48,25-4080,Case No.,2025-03-29 00:00:00,March,W,N,M,47,True,False, Plainville,New Britain Ave,  ,  ,V,G,1.0,0,14-12(a)*,,False,N,False,False,V,2025-03-29 07:26:34,Verbal Warning,,,False,1.0,CT0011000,20250406020215000001,2025-03-29 07:26:34,07:26:34,2025,,,,2025,Registration
2025-04-04 02:02:18.560000,7329957.0,CT0011000,Plainville,Racial Profile,19,25-4144,Case No.,2025-03-30 00:00:00,March,W,N,F,55,True,True, Plainville,Dallas Ave,  ,  ,V,G,1.0,0,14-301,,False,N,False,False,V,2025-03-30 12:01:35,Verbal Warning,,,False,1.0,CT0011000,20250404020213000001,2025-03-30 12:01:35,12:01:35,2025,,,,2025,Stop Sign
2025-04-03 02:02:15.100000,7323480.0,CT0011000,Plainville,Racial Profile,47,25-4128,Case No.,2025-03-30 00:00:00,March,B,N,F,27,True,False, Plainville,Hooker St,  ,  ,V,G,2.0,0,14-236,,False,N,False,False,M,2025-03-30 02:01:48,Misdemeanor Summons,,,False,1.0,CT0011000,20250403020211000001,2025-03-30 02:01:48,02:01:48,2025,14-215(a),,,2025,Moving Violation
2025-04-04 02:02:18.557000,7329956.0,CT0011000,Plainville,Racial Profile,47,25-4129,Case No.,2025-03-30 00:00:00,March,W,H,F,0,True,True, Plainville,East St,  ,  ,V,G,1.0,0,14-12(a)*,,False,N,False,False,V,2025-03-30 02:50:53,Verbal Warning,,,False,1.0,CT0011000,20250404020213000001,2025-03-30 02:50:53,02:50:53,2025,,,,2025,Registration
2025-04-02 02:02:15.097000,7322920.0,CT0011000,Plainville,Racial Profile,19,25-4209,Case No.,2025-03-31 00:00:00,March,B,N,M,74,True,False, Plainville,West Main St,  ,  ,V,G,1.0,0,14-96c,,False,N,False,False,V,2025-03-31 19:58:33,Verbal Warning,,,False,1.0,CT0011000,20250402020209000001,2025-03-31 19:58:33,19:58:33,2025,,,,2025,Defective Lights
2025-04-02 02:02:15.087000,7322916.0,CT0011000,Plainville,Racial Profile,33,25-4183,Case No.,2025-03-31 00:00:00,March,W,N,M,22,True,False, Plainville,New Britain Ave,  ,  ,V,G,1.0,0,14-296aa(b1st,,False,N,False,False,V,2025-03-31 11:21:14,Verbal Warning,,,False,1.0,CT0011000,20250402020209000001,2025-03-31 11:21:14,11:21:14,2025,,,,2025,Cell Phone
2025-04-11 02:02:28.453000,7335228.0,CT0011000,Plainville,Racial Profile,33,25-4184,Case No.,2025-03-31 00:00:00,March,W,N,M,28,True,False, Plainville,East Main St,  ,  ,V,G,1.0,0,14-296aa(b1st,,False,N,False,False,V,2025-03-31 11:29:26,Verbal Warning,,,False,1.0,CT0011000,20250411020222000001,2025-03-31 11:29:26,11:29:26,2025,,,,2025,Cell Phone
2025-04-01 02:02:13.733000,7321838.0,CT0011000,Plainville,Racial Profile,35,25-4215,Case No.,2025-03-31 00:00:00,March,W,N,F,27,True,False, Plainville,RT 72 East Bound,  ,  ,V,B,1.0,0,14-96a(a),,False,N,False,False,V,2025-03-31 20:52:13,Verbal Warning,,,False,1.0,CT0011000,20250401020210000001,2025-03-31 20:52:13,20:52:13,2025,,,,2025,Defective Lights
2025-04-03 02:02:15.093000,7323478.0,CT0011000,Plainville,Racial Profile,37,25-4211,Case No.,2025-03-31 00:00:00,March,A,N,M,41,True,True, Plainville,EAST ST,  ,  ,V,G,1.0,0,14-299,,False,N,False,False,V,2025-03-31 20:17:53,Verbal Warning,,,False,1.0,CT0011000,20250403020211000001,2025-03-31 20:17:53,20:17:53,2025,,,,2025,Traffic Control Signal
2025-04-02 02:02:15.050000,7322911.0,CT0011000,Plainville,Racial Profile,48,25-4164,Case No.,2025-03-31 00:00:00,March,W,H,M,52,True,False, Plainville,Unionville Ave,  ,  ,V,G,2.0,1,14-12(a)*,,False,N,False,False,I,2025-03-31 02:50:48,Infraction Ticket,,,False,1.0,CT0011000,20250402020209000001,2025-03-31 02:50:48,02:50:48,2025,14-147(c),,,2025,Registration
2025-04-08 02:02:22.940000,7333335.0,CT0011000,Plainville,Racial Profile,48,25-4171,Case No.,2025-03-31 00:00:00,March,W,N,F,65,True,False, Plainville,Unionville Ave,  ,  ,V,G,3.0,0,14-218a10,,False,N,False,False,W,2025-03-31 09:50:41,Written Ticket,,,False,1.0,CT0011000,20250408020217000001,2025-03-31 09:50:41,09:50:41,2025,,,,2025,Speed Related
2025-04-03 02:02:15.080000,7323472.0,CT0011000,Plainville,Racial Profile,48,25-4180,Case No.,2025-03-31 00:00:00,March,W,H,F,33,True,False, Plainville,New Britain Ave,  ,  ,V,G,3.0,1,14-18(a),,False,N,False,False,M,2025-03-31 10:48:31,Misdemeanor Summons,,,False,1.0,CT0011000,20250403020211000001,2025-03-31 10:48:31,10:48:31,2025,14-215,,,2025,Display of Plates
2025-04-02 02:02:15.090000,7322918.0,CT0011000,Plainville,Racial Profile,48,25-4186,Case No.,2025-03-31 00:00:00,March,W,N,M,37,True,False, Plainville,East St,  ,  ,V,G,1.0,0,14-12(a)*,,False,N,False,False,W,2025-03-31 11:41:10,Written Ticket,,,False,1.0,CT0011000,20250402020209000001,2025-03-31 11:41:10,11:41:10,2025,,,,2025,Registration
2025-04-26 02:02:49.447000,7374433.0,CT0011000,Plainville,Racial Profile,48,25-4190,Case No.,2025-03-31 00:00:00,March,W,N,F,33,True,False, Plainville,Woodford Ave,  ,  ,V,G,1.0,0,14-296aa(b1st,,False,N,False,False,V,2025-03-31 13:09:00,Verbal Warning,,,False,1.0,CT0011000,20250426020243000001,2025-03-31 13:09:00,13:09:00,2025,,,,2025,Cell Phone
2025-04-04 02:02:18.567000,7329960.0,CT0011000,Plainville,Racial Profile,50,25-4179,Case No.,2025-03-31 00:00:00,March,W,N,M,67,True,True, Plainville,Maxine Rd,  ,  ,V,G,1.0,0,14-301,,False,N,False,False,V,2025-03-31 10:45:42,Verbal Warning,,,False,1.0,CT0011000,20250404020213000001,2025-03-31 10:45:42,10:45:42,2025,,,,2025,Stop Sign
2025-04-03 02:02:15.077000,7323471.0,CT0011000,Plainville,Racial Profile,50,25-4181,Case No.,2025-03-31 00:00:00,March,W,N,M,23,True,True, Plainville,Maxine Rd,  ,  ,V,G,1.0,0,14-301,,False,N,False,False,V,2025-03-31 10:57:19,Verbal Warning,,,False,1.0,CT0011000,20250403020211000001,2025-03-31 10:57:19,10:57:19,2025,,,,2025,Stop Sign
2025-04-04 02:02:18.603000,7329973.0,CT0011000,Plainville,Racial Profile,14,25-4230,Case No.,2025-04-01 00:00:00,April,B,N,F,74,True,False, Plainville,East St,  ,  ,V,G,1.0,0,14-12(a)*,,False,N,False,False,V,2025-04-01 06:22:59,Verbal Warning,,,False,1.0,CT0011000,20250404020213000001,2025-04-01 06:22:59,06:22:59,2025,,,,2025,Registration
2025-04-06 02:02:21.100000,7331162.0,CT0011000,Plainville,Racial Profile,37,25-4252,Case No.,2025-04-01 00:00:00,April,W,N,F,0,False,False, Plainville,Unionville Ave,  ,  ,V,G,1.0,0,14-299,,False,N,False,False,V,2025-04-01 17:09:34,Verbal Warning,,,False,1.0,CT0011000,20250406020215000001,2025-04-01 17:09:34,17:09:34,2025,,,,2025,Traffic Control Signal
2025-04-09 02:02:22.183000,7333959.0,CT0011000,Plainville,Racial Profile,39,25-4242,Case No.,2025-04-01 00:00:00,April,W,N,F,35,True,True, Plainville,Linden St,  ,  ,E,B,2.0,1,14-12(a)*,,False,N,False,False,M,2025-04-01 12:59:55,Misdemeanor Summons,,,False,1.0,CT0011000,20250409020216000001,2025-04-01 12:59:55,12:59:55,2025,14-215(a),,,2025,Registration
2025-05-06 02:03:02.987000,7394844.0,CT0011000,Plainville,Racial Profile,46,25-4232,Case No.,2025-04-01 00:00:00,April,W,H,M,36,True,False, Plainville,Camp St,  ,  ,V,G,1.0,0,14-236,,False,N,False,False,V,2025-04-01 07:00:09,Verbal Warning,,,False,1.0,CT0011000,20250506020256000001,2025-04-01 07:00:09,07:00:09,2025,,,,2025,Moving Violation
2025-04-03 02:02:15.100000,7323481.0,CT0011000,Plainville,Racial Profile,47,25-4223,Case No.,2025-04-01 00:00:00,April,W,N,M,0,True,False, Plainville,Broad St,  ,  ,V,G,2.0,1,14-147(c),,False,N,False,False,I,2025-04-01 02:36:29,Infraction Ticket,,,False,1.0,CT0011000,20250403020211000001,2025-04-01 02:36:29,02:36:29,2025,14-213b,,,2025,Administrative Offense
2025-04-08 02:02:22.967000,7333348.0,CT0011000,Plainville,Racial Profile,47,25-4229,Case No.,2025-04-01 00:00:00,April,B,N,F,35,True,False, Plainville,Farmington Ave,  ,  ,V,G,1.0,0,14-12(a)*,,False,N,False,False,V,2025-04-01 06:19:07,Verbal Warning,,,False,1.0,CT0011000,20250408020217000001,2025-04-01 06:19:07,06:19:07,2025,14-215(a),,,2025,Registration
2025-04-09 02:02:22.190000,7333962.0,CT0011000,Plainville,Racial Profile,30,25-4271,Case No.,2025-04-02 00:00:00,April,W,N,M,45,True,False, Plainville,Unionville Ave,  ,  ,V,G,1.0,0,14-299,,False,N,False,False,V,2025-04-02 05:02:43,Verbal Warning,,,False,1.0,CT0011000,20250409020216000001,2025-04-02 05:02:43,05:02:43,2025,,,,2025,Traffic Control Signal
2025-04-03 02:02:15.127000,7323491.0,CT0011000,Plainville,Racial Profile,36,25-4303,Case No.,2025-04-02 00:00:00,April,W,M,M,45,True,True, Plainville,New Britain Ave,  ,  ,V,G,1.0,0,14-242,,False,N,False,False,I,2025-04-02 17:30:55,Infraction Ticket,,,False,1.0,CT0011000,20250403020211000001,2025-04-02 17:30:55,17:30:55,2025,,,,2025,Moving Violation
2025-04-07 02:02:17.190000,7331751.0,CT0011000,Plainville,Racial Profile,36,25-4311,Case No.,2025-04-02 00:00:00,April,B,N,M,34,True,False, Plainville,New Britain Ave,  ,  ,V,G,1.0,0,14-222,,False,N,False,False,W,2025-04-02 19:41:15,Written Ticket,,,False,1.0,CT0011000,20250407020211000001,2025-04-02 19:41:15,19:41:15,2025,14-213,,,2025,Speed Related
2025-04-03 02:02:15.130000,7323492.0,CT0011000,Plainville,Racial Profile,37,25-4304,Case No.,2025-04-02 00:00:00,April,W,N,M,17,True,False, Plainville,Farmington Ave,  ,  ,V,G,1.0,0,14-299,,False,N,False,False,W,2025-04-02 17:33:43,Written Ticket,,,False,1.0,CT0011000,20250403020211000001,2025-04-02 17:33:43,17:33:43,2025,,,,2025,Traffic Control Signal
2025-04-03 02:02:15.130000,7323493.0,CT0011000,Plainville,Racial Profile,39,25-4307,Case No.,2025-04-02 00:00:00,April,W,N,F,75,True,False, Plainville,Unionville Ave,  ,  ,V,B,1.0,0,14-218a9,,False,N,False,False,V,2025-04-02 18:48:10,Verbal Warning,,,False,1.0,CT0011000,20250403020211000001,2025-04-02 18:48:10,18:48:10,2025,,,,2025,Speed Related
2025-04-10 02:02:21.453000,7334609.0,CT0011000,Plainville,Racial Profile,39,25-4308,Case No.,2025-04-02 00:00:00,April,W,N,F,34,True,False, Plainville,North Washington St,  ,  ,E,B,1.0,1,14-12(a)*,,False,N,False,False,W,2025-04-02 19:13:09,Written Ticket,,,False,1.0,CT0011000,20250410020215000001,2025-04-02 19:13:09,19:13:09,2025,,,,2025,Registration
2025-04-03 02:02:15.117000,7323486.0,CT0011000,Plainville,Racial Profile,40,25-4262,Case No.,2025-04-02 00:00:00,April,W,N,F,33,True,True, Plainville,Woodford Ave,  ,  ,V,G,1.0,0,14-219,,False,N,False,False,V,2025-04-02 01:07:04,Verbal Warning,,,False,1.0,CT0011000,20250403020211000001,2025-04-02 01:07:04,01:07:04,2025,,,,2025,Speed Related
2025-04-10 02:02:21.427000,7334603.0,CT0011000,Plainville,Racial Profile,40,25-4275,Case No.,2025-04-02 00:00:00,April,W,N,F,61,True,True, Plainville,Woodford Ave,  ,  ,V,G,1.0,0,14-219,,False,N,False,False,V,2025-04-02 07:04:49,Verbal Warning,,,False,1.0,CT0011000,20250410020215000001,2025-04-02 07:04:49,07:04:49,2025,,,,2025,Speed Related
2025-04-09 02:02:22.197000,7333964.0,CT0011000,Plainville,Racial Profile,40,25-4276,Case No.,2025-04-02 00:00:00,April,W,N,F,42,True,True, Plainville,Woodford Ave,  ,  ,V,G,1.0,0,14-219,,False,N,False,False,V,2025-04-02 07:14:14,Verbal Warning,,,False,1.0,CT0011000,20250409020216000001,2025-04-02 07:14:14,07:14:14,2025,,,,2025,Speed Related
2025-04-05 02:02:17.930000,7330569.0,CT0011000,Plainville,Racial Profile,50,25-4291,Case No.,2025-04-02 00:00:00,April,W,N,F,41,True,False, Plainville,East Main St,  ,  ,V,G,1.0,0,14-299,,False,N,False,False,V,2025-04-02 12:48:09,Verbal Warning,,,False,1.0,CT0011000,20250405020211000001,2025-04-02 12:48:09,12:48:09,2025,,,,2025,Traffic Control Signal
2025-04-27 02:02:53.237000,7375291.0,CT0011000,Plainville,Racial Profile,21,25-4355,Case No.,2025-04-03 00:00:00,April,W,N,M,61,True,False, Plainville,Farmington Ave,  ,  ,I,G,1.0,0,14-232(1),,False,N,False,False,V,2025-04-03 13:13:25,Verbal Warning,,,False,1.0,CT0011000,20250427020246000001,2025-04-03 13:13:25,13:13:25,2025,,,,2025,Moving Violation
2025-04-11 02:02:28.620000,7335251.0,CT0011000,Plainville,Racial Profile,40,25-4347,Case No.,2025-04-03 00:00:00,April,W,N,M,29,True,False, Plainville,Johnson Ave,  ,  ,V,G,1.0,0,14-301,,False,N,False,False,V,2025-04-03 06:44:48,Verbal Warning,,,False,1.0,CT0011000,20250411020222000001,2025-04-03 06:44:48,06:44:48,2025,,,,2025,Stop Sign
2025-04-08 02:02:23,7333364.0,CT0011000,Plainville,Racial Profile,40,25-4348,Case No.,2025-04-03 00:00:00,April,W,N,M,55,True,False, Plainville,Johnson Ave,  ,  ,V,G,1.0,0,14-301,,False,N,False,False,V,2025-04-03 06:54:41,Verbal Warning,,,False,1.0,CT0011000,20250408020217000001,2025-04-03 06:54:41,06:54:41,2025,,,,2025,Stop Sign
2025-04-05 02:02:17.973000,7330575.0,CT0011000,Plainville,Racial Profile,48,25-4337,Case No.,2025-04-03 00:00:00,April,W,N,M,43,True,True, Plainville,Hooker St,  ,  ,V,G,1.0,0,14-96y,,False,N,False,False,V,2025-04-03 02:29:03,Verbal Warning,,,False,1.0,CT0011000,20250405020211000001,2025-04-03 02:29:03,02:29:03,2025,,,,2025,Defective Lights
2025-04-05 02:02:17.993000,7330580.0,CT0011000,Plainville,Racial Profile,36,25-4420,Case No.,2025-04-04 00:00:00,April,W,N,M,27,True,False, Plainville,North Washington St,  ,  ,V,G,1.0,0,14-218a,,False,N,False,False,V,2025-04-04 17:19:49,Verbal Warning,,,False,1.0,CT0011000,20250405020211000001,2025-04-04 17:19:49,17:19:49,2025,,,,2025,Speed Related
2025-04-11 02:02:28.640000,7335258.0,CT0011000,Plainville,Racial Profile,36,25-4423,Case No.,2025-04-04 00:00:00,April,W,H,F,61,True,False, Plainville,North Washington St,  ,  ,V,B,1.0,0,14-218a,,False,N,False,False,V,2025-04-04 17:32:58,Verbal Warning,,,False,1.0,CT0011000,20250411020222000001,2025-04-04 17:32:58,17:32:58,2025,,,,2025,Speed Related
2025-04-07 02:02:17.220000,7331761.0,CT0011000,Plainville,Racial Profile,36,25-4424,Case No.,2025-04-04 00:00:00,April,W,N,M,46,True,False, Plainville,North Washington St,  ,  ,V,B,1.0,0,14-218a,,False,N,False,False,V,2025-04-04 17:39:47,Verbal Warning,,,False,1.0,CT0011000,20250407020211000001,2025-04-04 17:39:47,17:39:47,2025,,,,2025,Speed Related
2025-04-05 02:02:18.003000,7330583.0,CT0011000,Plainville,Racial Profile,36,25-4426,Case No.,2025-04-04 00:00:00,April,W,N,F,46,True,False, Plainville,North Washington St,  ,  ,V,B,1.0,0,14-218a,,False,N,False,False,V,2025-04-04 17:52:21,Verbal Warning,,,False,1.0,CT0011000,20250405020211000001,2025-04-04 17:52:21,17:52:21,2025,,,,2025,Speed Related
2025-04-15 02:02:23.857000,7339276.0,CT0011000,Plainville,Racial Profile,39,25-4422,Case No.,2025-04-04 00:00:00,April,W,N,M,0,True,True, Plainville,Broad St,  ,  ,V,G,3.0,0,14-301,,False,N,False,False,V,2025-04-04 17:28:33,Verbal Warning,,,False,1.0,CT0011000,20250415020217000001,2025-04-04 17:28:33,17:28:33,2025,14-36(a),,,2025,Stop Sign
2025-04-08 02:02:23.020000,7333373.0,CT0011000,Plainville,Racial Profile,43,25-4430,Case No.,2025-04-04 00:00:00,April,W,N,M,0,True,False, Plainville,East St,  ,  ,V,G,1.0,0,14-96i,,False,N,False,False,V,2025-04-04 19:10:22,Verbal Warning,,,False,1.0,CT0011000,20250408020217000001,2025-04-04 19:10:22,19:10:22,2025,,,,2025,Defective Lights
2025-04-07 02:02:17.203000,7331755.0,CT0011000,Plainville,Racial Profile,48,25-4395,Case No.,2025-04-04 00:00:00,April,W,N,F,39,False,False, Plainville,Northwest Dr,  ,  ,V,G,1.0,0,14-12(a)*,,False,N,False,False,I,2025-04-04 05:25:02,Infraction Ticket,,,False,1.0,CT0011000,20250407020211000001,2025-04-04 05:25:02,05:25:02,2025,,,,2025,Registration
2025-04-06 02:02:21.143000,7331177.0,CT0011000,Plainville,Racial Profile,48,25-4398,Case No.,2025-04-04 00:00:00,April,W,N,M,22,False,False, Plainville,Unionville Ave,  ,  ,V,G,1.0,0,14-218a10,,False,N,False,False,I,2025-04-04 06:10:29,Infraction Ticket,,,False,1.0,CT0011000,20250406020215000001,2025-04-04 06:10:29,06:10:29,2025,,,,2025,Speed Related
2025-04-21 02:02:44.657000,7370451.0,CT0011000,Plainville,Racial Profile,51,25-4404,Case No.,2025-04-04 00:00:00,April,W,N,F,62,True,True, Plainville,New Britain Ave,  ,  ,V,G,1.0,0,14-215,,False,N,False,False,V,2025-04-04 10:26:14,Verbal Warning,,,False,1.0,CT0011000,20250421020238000001,2025-04-04 10:26:14,10:26:14,2025,,,,2025,Administrative Offense
2025-04-21 02:02:44.663000,7370452.0,CT0011000,Plainville,Racial Profile,51,25-4405,Case No.,2025-04-04 00:00:00,April,W,H,M,28,True,True, Plainville,Hooker St,  ,  ,V,G,2.0,1,14-215,,False,N,False,False,M,2025-04-04 10:50:13,Misdemeanor Summons,,,False,1.0,CT0011000,20250421020238000001,2025-04-04 10:50:13,10:50:13,2025,,,,2025,Administrative Offense
2025-04-15 02:02:23.843000,7339271.0,CT0011000,Plainville,Racial Profile,48,25-4458,Case No.,2025-04-05 00:00:00,April,W,N,F,33,True,True, Plainville,New Britain Ave,  ,  ,V,G,2.0,0,14-12(a)*,,False,N,False,False,M,2025-04-05 06:51:38,Misdemeanor Summons,,,False,1.0,CT0011000,20250415020217000001,2025-04-05 06:51:38,06:51:38,2025,14-215,,,2025,Registration
2025-04-08 02:02:23.023000,7333374.0,CT0011000,Plainville,Racial Profile,51,25-4466,Case No.,2025-04-05 00:00:00,April,W,N,F,69,True,False, Plainville,East Main St,  ,  ,V,G,1.0,0,14-12(a)*,,False,N,False,False,V,2025-04-05 10:49:11,Verbal Warning,,,False,1.0,CT0011000,20250408020217000001,2025-04-05 10:49:11,10:49:11,2025,,,,2025,Registration
2025-04-07 02:02:17.230000,7331765.0,CT0011000,Plainville,Racial Profile,51,25-4467,Case No.,2025-04-05 00:00:00,April,W,N,M,38,True,False, Plainville,New Britain Ave,  ,  ,V,G,1.0,0,14-12(a)*,,False,N,False,False,V,2025-04-05 11:08:52,Verbal Warning,,,False,1.0,CT0011000,20250407020211000001,2025-04-05 11:08:52,11:08:52,2025,,,,2025,Registration
2025-04-09 02:02:22.283000,7333987.0,CT0011000,Plainville,Racial Profile,27,25-4518,Case No.,2025-04-06 00:00:00,April,W,N,M,46,True,False, Plainville,New Britain Ave,  ,  ,V,G,1.0,0,14-296aa(b1st,,False,N,False,False,V,2025-04-06 18:06:59,Verbal Warning,,,False,1.0,CT0011000,20250409020216000001,2025-04-06 18:06:59,18:06:59,2025,,,,2025,Cell Phone
2025-04-10 02:02:21.520000,7334626.0,CT0011000,Plainville,Racial Profile,33,25-4511,Case No.,2025-04-06 00:00:00,April,W,N,M,53,True,True, Plainville,Whiting St,  ,  ,V,B,1.0,0,14-12(a),,False,N,False,False,V,2025-04-06 15:50:16,Verbal Warning,,,False,1.0,CT0011000,20250410020215000001,2025-04-06 15:50:16,15:50:16,2025,,,,2025,Registration
2025-04-08 02:02:23.030000,7333377.0,CT0011000,Plainville,Racial Profile,37,25-4517,Case No.,2025-04-06 00:00:00,April,W,N,F,31,True,False, Plainville,RT 72 West Bound,  ,  ,I,G,1.0,1,14-224(b)(3),,False,N,False,True,U,2025-04-06 17:38:28,Uniform ArrestReport,,,False,1.0,CT0011000,20250408020217000001,2025-04-06 17:38:28,17:38:28,2025,,,,2025,Other
2025-04-15 02:02:23.850000,7339274.0,CT0011000,Plainville,Racial Profile,51,25-4507,Case No.,2025-04-06 00:00:00,April,W,N,F,58,True,False, Plainville,East Main St,  ,  ,V,B,1.0,0,14-12(a),,False,N,False,False,V,2025-04-06 12:51:41,Verbal Warning,,,False,1.0,CT0011000,20250415020217000001,2025-04-06 12:51:41,12:51:41,2025,,,,2025,Registration
2025-04-08 02:02:23.033000,7333379.0,CT0011000,Plainville,Racial Profile,14,25-4538,Case No.,2025-04-07 00:00:00,April,B,N,F,41,True,False, Plainville,West Main St,  ,  ,V,G,2.0,0,14-299,,False,N,False,False,I,2025-04-07 07:05:52,Infraction Ticket,,,False,1.0,CT0011000,20250408020217000001,2025-04-07 07:05:52,07:05:52,2025,,,,2025,Traffic Control Signal
2025-04-14 02:02:24.150000,7337247.0,CT0011000,Plainville,Racial Profile,43,25-4562,Case No.,2025-04-07 00:00:00,April,W,N,F,55,True,True, Plainville,North Washington St,  ,  ,V,G,1.0,0,14-96i,,False,N,False,False,V,2025-04-07 19:12:04,Verbal Warning,,,False,1.0,CT0011000,20250414020218000001,2025-04-07 19:12:04,19:12:04,2025,,,,2025,Defective Lights
2025-04-09 02:02:22.300000,7333989.0,CT0011000,Plainville,Racial Profile,50,25-4545,Case No.,2025-04-07 00:00:00,April,A,N,M,38,False,False, Plainville,East Main St,  ,  ,V,G,1.0,0,14-299,,False,N,False,False,V,2025-04-07 11:17:42,Verbal Warning,,,False,1.0,CT0011000,20250409020216000001,2025-04-07 11:17:42,11:17:42,2025,,,,2025,Traffic Control Signal
2025-04-11 02:02:28.743000,7335279.0,CT0011000,Plainville,Racial Profile,36,25-4630,Case No.,2025-04-08 00:00:00,April,B,N,M,25,True,False, Plainville,EAST MAIN ST,  ,  ,V,G,1.0,0,14-18,,False,N,False,False,V,2025-04-08 19:18:36,Verbal Warning,,,False,1.0,CT0011000,20250411020222000001,2025-04-08 19:18:36,19:18:36,2025,,,,2025,Display of Plates
2025-04-11 02:02:28.723000,7335273.0,CT0011000,Plainville,Racial Profile,39,25-4579,Case No.,2025-04-08 00:00:00,April,W,N,M,73,True,False, Plainville,East St,  ,  ,E,G,1.0,0,14-96y,,False,N,False,False,W,2025-04-08 01:11:51,Written Ticket,,,False,1.0,CT0011000,20250411020222000001,2025-04-08 01:11:51,01:11:51,2025,14-12(a)*,,,2025,Defective Lights
2025-04-11 02:02:28.740000,7335278.0,CT0011000,Plainville,Racial Profile,39,25-4624,Case No.,2025-04-08 00:00:00,April,W,H,M,26,True,False, Plainville,RT 72 East Bound,  ,  ,E,G,1.0,0,14-96e,,False,N,False,False,V,2025-04-08 17:44:18,Verbal Warning,,,False,1.0,CT0011000,20250411020222000001,2025-04-08 17:44:18,17:44:18,2025,,,,2025,Defective Lights
2025-04-11 02:02:28.727000,7335274.0,CT0011000,Plainville,Racial Profile,40,25-4599,Case No.,2025-04-08 00:00:00,April,A,M,M,35,True,False, Plainville,Woodford Ave,  ,  ,V,G,1.0,0,14-219,,False,N,False,False,V,2025-04-08 07:05:37,Verbal Warning,,,False,1.0,CT0011000,20250411020222000001,2025-04-08 07:05:37,07:05:37,2025,,,,2025,Speed Related
2025-04-11 02:02:28.733000,7335275.0,CT0011000,Plainville,Racial Profile,40,25-4601,Case No.,2025-04-08 00:00:00,April,W,N,F,33,True,False, Plainville,Woodford Ave,  ,  ,V,G,1.0,0,14-219,,False,N,False,False,V,2025-04-08 07:11:45,Verbal Warning,,,False,1.0,CT0011000,20250411020222000001,2025-04-08 07:11:45,07:11:45,2025,,,,2025,Speed Related
2025-04-11 02:02:28.737000,7335276.0,CT0011000,Plainville,Racial Profile,40,25-4602,Case No.,2025-04-08 00:00:00,April,W,N,F,64,True,False, Plainville,Woodford Ave,  ,  ,V,G,1.0,0,14-219,,False,N,False,False,V,2025-04-08 07:17:40,Verbal Warning,,,False,1.0,CT0011000,20250411020222000001,2025-04-08 07:17:40,07:17:40,2025,,,,2025,Speed Related
2025-04-09 02:02:22.330000,7333994.0,CT0011000,Plainville,Racial Profile,40,25-4604,Case No.,2025-04-08 00:00:00,April,W,H,F,62,True,True, Plainville,Pine St,  ,  ,V,G,1.0,0,14-219,,False,N,False,False,V,2025-04-08 07:31:07,Verbal Warning,,,False,1.0,CT0011000,20250409020216000001,2025-04-08 07:31:07,07:31:07,2025,,,,2025,Speed Related
2025-04-17 02:02:28.677000,7363905.0,CT0011000,Plainville,Racial Profile,27,25-4685,Case No.,2025-04-09 00:00:00,April,W,N,F,35,True,True, Plainville,New Britain Ave,  ,  ,V,G,2.0,0,14-299,,False,N,False,False,I,2025-04-09 16:50:28,Infraction Ticket,,,False,1.0,CT0011000,20250417020224000001,2025-04-09 16:50:28,16:50:28,2025,14-147(c),,,2025,Traffic Control Signal
2025-04-10 02:02:21.620000,7334647.0,CT0011000,Plainville,Racial Profile,27,25-4687,Case No.,2025-04-09 00:00:00,April,W,N,M,60,True,True, Plainville,Woodford Ave,  ,  ,V,G,1.0,0,14-12(a)*,,False,N,False,False,V,2025-04-09 17:22:50,Verbal Warning,,,False,1.0,CT0011000,20250410020215000001,2025-04-09 17:22:50,17:22:50,2025,,,,2025,Registration
2025-04-12 02:02:26.877000,7335949.0,CT0011000,Plainville,Racial Profile,27,25-4693,Case No.,2025-04-09 00:00:00,April,W,N,F,44,True,False, Plainville,Broad St,  ,  ,V,G,1.0,0,14-296aa(b1st,,False,N,False,False,V,2025-04-09 18:28:14,Verbal Warning,,,False,1.0,CT0011000,20250412020219000001,2025-04-09 18:28:14,18:28:14,2025,,,,2025,Cell Phone
2025-04-11 02:02:28.790000,7335294.0,CT0011000,Plainville,Racial Profile,27,25-4700,Case No.,2025-04-09 00:00:00,April,W,N,F,75,True,False, Plainville,Shuttle Meadow Rd,  ,  ,V,G,1.0,0,14-18(a),,False,N,False,False,V,2025-04-09 18:58:14,Verbal Warning,,,False,1.0,CT0011000,20250411020222000001,2025-04-09 18:58:14,18:58:14,2025,,,,2025,Display of Plates
2025-04-11 02:02:28.763000,7335287.0,CT0011000,Plainville,Racial Profile,36,25-4686,Case No.,2025-04-09 00:00:00,April,W,H,M,36,True,False, Plainville,Northwest Dr,  ,  ,V,B,1.0,0,14-218a,,False,N,False,False,V,2025-04-09 17:14:59,Verbal Warning,,,False,1.0,CT0011000,20250411020222000001,2025-04-09 17:14:59,17:14:59,2025,,,,2025,Speed Related
2025-04-10 02:02:21.630000,7334649.0,CT0011000,Plainville,Racial Profile,39,25-4694,Case No.,2025-04-09 00:00:00,April,W,N,F,86,True,False, Plainville,East st,  ,  ,E,G,1.0,0,14-18(a),,False,N,False,False,V,2025-04-09 18:36:48,Verbal Warning,,,False,1.0,CT0011000,20250410020215000001,2025-04-09 18:36:48,18:36:48,2025,,,,2025,Display of Plates
2025-04-13 02:02:27.237000,7336620.0,CT0011000,Plainville,Racial Profile,39,25-4696,Case No.,2025-04-09 00:00:00,April,W,N,F,20,True,True, Plainville,Burnside Ave,  ,  ,E,G,1.0,0,14-12(a)*,,False,N,False,False,W,2025-04-09 18:45:57,Written Ticket,,,False,1.0,CT0011000,20250413020221000001,2025-04-09 18:45:57,18:45:57,2025,,,,2025,Registration
2025-04-21 02:02:44.790000,7370489.0,CT0011000,Plainville,Racial Profile,39,25-4699,Case No.,2025-04-09 00:00:00,April,W,N,F,26,True,False, Plainville,Whiting St,  ,  ,E,G,1.0,0,14-18(a),,False,N,False,False,V,2025-04-09 18:55:36,Verbal Warning,,,False,1.0,CT0011000,20250421020238000001,2025-04-09 18:55:36,18:55:36,2025,,,,2025,Display of Plates
2025-04-26 02:02:49.730000,7374500.0,CT0011000,Plainville,Racial Profile,39,25-4705,Case No.,2025-04-09 00:00:00,April,W,N,F,19,True,False, Plainville,New Britain Ave,  ,  ,E,G,1.0,0,14-18(c),,False,N,False,False,V,2025-04-09 20:52:17,Verbal Warning,,,False,1.0,CT0011000,20250426020243000001,2025-04-09 20:52:17,20:52:17,2025,,,,2025,Display of Plates
2025-04-12 02:02:26.903000,7335957.0,CT0011000,Plainville,Racial Profile,39,25-4709,Case No.,2025-04-09 00:00:00,April,W,N,F,32,True,True, Plainville,East St,  ,  ,E,G,1.0,0,14-18(c),,False,N,False,False,V,2025-04-09 21:43:23,Verbal Warning,,,False,1.0,CT0011000,20250412020219000001,2025-04-09 21:43:23,21:43:23,2025,,,,2025,Display of Plates
2025-04-12 02:02:26.850000,7335942.0,CT0011000,Plainville,Racial Profile,40,25-4669,Case No.,2025-04-09 00:00:00,April,A,M,M,52,False,False, Plainville,Unionville Ave,  ,  ,V,G,1.0,0,14-301,,False,N,False,False,V,2025-04-09 06:58:02,Verbal Warning,,,False,1.0,CT0011000,20250412020219000001,2025-04-09 06:58:02,06:58:02,2025,,,,2025,Stop Sign
2025-04-10 02:02:21.600000,7334642.0,CT0011000,Plainville,Racial Profile,40,25-4670,Case No.,2025-04-09 00:00:00,April,B,H,F,35,True,False, Plainville,Unionville Ave,  ,  ,V,G,1.0,0,14-219,,False,N,False,False,V,2025-04-09 07:10:58,Verbal Warning,,,False,1.0,CT0011000,20250410020215000001,2025-04-09 07:10:58,07:10:58,2025,,,,2025,Speed Related
2025-04-29 02:02:59.420000,7377073.0,CT0011000,Plainville,Racial Profile,40,25-4671,Case No.,2025-04-09 00:00:00,April,W,N,F,59,True,True, Plainville,Farmington Ave,  ,  ,V,G,1.0,0,14-18(a),,False,N,False,False,V,2025-04-09 07:27:09,Verbal Warning,,,False,1.0,CT0011000,20250429020253000001,2025-04-09 07:27:09,07:27:09,2025,,,,2025,Display of Plates
2025-04-17 02:02:28.660000,7363899.0,CT0011000,Plainville,Racial Profile,47,25-4664,Case No.,2025-04-09 00:00:00,April,W,N,F,58,True,True, Plainville,East St,  ,  ,E,G,1.0,0,14-96y,,False,N,False,False,V,2025-04-09 05:46:20,Verbal Warning,,,False,1.0,CT0011000,20250417020224000001,2025-04-09 05:46:20,05:46:20,2025,,,,2025,Defective Lights
2025-04-13 02:02:27.207000,7336609.0,CT0011000,Plainville,Racial Profile,47,25-4667,Case No.,2025-04-09 00:00:00,April,W,N,F,22,True,False, Plainville,Hooker St,  ,  ,V,G,1.0,0,14-236,,False,N,False,False,V,2025-04-09 06:43:07,Verbal Warning,,,False,1.0,CT0011000,20250413020221000001,2025-04-09 06:43:07,06:43:07,2025,,,,2025,Moving Violation
2025-04-14 02:02:24.190000,7337260.0,CT0011000,Plainville,Racial Profile,51,25-4684,Case No.,2025-04-09 00:00:00,April,W,N,M,28,True,False, Plainville,Northwest Dr,  ,  ,V,B,1.0,0,14-218a,,False,N,False,False,I,2025-04-09 16:49:40,Infraction Ticket,,,False,1.0,CT0011000,20250414020218000001,2025-04-09 16:49:40,16:49:40,2025,,,,2025,Speed Related
2025-04-11 02:02:28.780000,7335291.0,CT0011000,Plainville,Racial Profile,51,25-4695,Case No.,2025-04-09 00:00:00,April,W,N,F,41,True,False, Plainville,Northwest Dr,  ,  ,V,B,1.0,0,14-218a,,False,N,False,False,I,2025-04-09 18:43:17,Infraction Ticket,,,False,1.0,CT0011000,20250411020222000001,2025-04-09 18:43:17,18:43:17,2025,,,,2025,Speed Related
2025-04-11 02:02:28.797000,7335295.0,CT0011000,Plainville,Racial Profile,51,25-4701,Case No.,2025-04-09 00:00:00,April,W,N,F,71,True,False, Plainville,Adams Way,  ,  ,V,B,1.0,0,14-218a,,False,N,False,False,I,2025-04-09 19:06:02,Infraction Ticket,,,False,1.0,CT0011000,20250411020222000001,2025-04-09 19:06:02,19:06:02,2025,,,,2025,Speed Related
2025-04-12 02:02:26.927000,7335963.0,CT0011000,Plainville,Racial Profile,16,25-4754,Case No.,2025-04-10 00:00:00,April,W,N,M,28,True,True, Plainville,Unionville Ave,  ,  ,V,G,1.0,0,14-299,,False,N,False,False,V,2025-04-10 16:23:56,Verbal Warning,,,False,1.0,CT0011000,20250412020219000001,2025-04-10 16:23:56,16:23:56,2025,,,,2025,Traffic Control Signal
2025-04-12 02:02:26.943000,7335967.0,CT0011000,Plainville,Racial Profile,16,25-4761,Case No.,2025-04-10 00:00:00,April,W,N,F,28,True,True, Plainville,Cody Ave,  ,  ,V,G,1.0,0,14-12(a)*,,False,N,False,False,V,2025-04-10 16:49:01,Verbal Warning,,,False,1.0,CT0011000,20250412020219000001,2025-04-10 16:49:01,16:49:01,2025,,,,2025,Registration
2025-04-15 02:02:23.977000,7339320.0,CT0011000,Plainville,Racial Profile,16,25-4764,Case No.,2025-04-10 00:00:00,April,B,N,F,36,True,True, Plainville,Bradley St,  ,  ,V,G,1.0,0,14-12(a)*,,False,N,False,False,V,2025-04-10 17:04:29,Verbal Warning,,,False,1.0,CT0011000,20250415020217000001,2025-04-10 17:04:29,17:04:29,2025,,,,2025,Registration
2025-04-16 02:02:34.917000,7362343.0,CT0011000,Plainville,Racial Profile,21,25-4735,Case No.,2025-04-10 00:00:00,April,W,N,F,27,True,False, Plainville,New Britain Ave,  ,  ,I,G,1.0,0,14-215,,False,N,False,False,V,2025-04-10 09:06:10,Verbal Warning,,,False,1.0,CT0011000,20250416020228000001,2025-04-10 09:06:10,09:06:10,2025,,,,2025,Administrative Offense
2025-12-07 02:05:34.303000,7937050.0,CT0011000,Plainville,Racial Profile,21,25-4736,Case No.,2025-04-10 00:00:00,April,A,H,M,52,True,False, Plainville,CT Commons,  ,  ,V,G,1.0,0,14-12(a)*,,False,N,False,False,I,2025-04-10 09:44:06,Infraction Ticket,,,False,1.0,CT0011000,20251207020523000001,2025-04-10 09:44:06,09:44:06,2025,,,,2025,Registration
2025-04-20 02:02:37.893000,7369765.0,CT0011000,Plainville,Racial Profile,21,25-4736,Case No.,2025-04-10 00:00:00,April,I,H,M,52,True,False, Plainville,CT Commons,  ,  ,V,G,1.0,0,14-12(a)*,,False,N,False,False,I,2025-04-10 09:44:06,Infraction Ticket,,,False,1.0,CT0011000,20250420020231000001,2025-04-10 09:44:06,09:44:06,2025,,,,2025,Registration
2025-04-20 02:02:37.897000,7369766.0,CT0011000,Plainville,Racial Profile,21,25-4739,Case No.,2025-04-10 00:00:00,April,W,N,F,45,True,False, Plainville,New Britain Ave,  ,  ,V,G,1.0,0,14-215,,False,N,False,False,V,2025-04-10 10:13:45,Verbal Warning,,,False,1.0,CT0011000,20250420020231000001,2025-04-10 10:13:45,10:13:45,2025,,,,2025,Administrative Offense
2025-04-12 02:02:26.910000,7335958.0,CT0011000,Plainville,Racial Profile,30,25-4715,Case No.,2025-04-10 00:00:00,April,W,N,F,23,True,True, Plainville,Woodford Ave,  ,  ,V,G,1.0,0,14-299,,False,N,False,False,V,2025-04-10 00:26:26,Verbal Warning,,,False,1.0,CT0011000,20250412020219000001,2025-04-10 00:26:26,00:26:26,2025,,,,2025,Traffic Control Signal
2025-04-15 02:02:23.960000,7339313.0,CT0011000,Plainville,Racial Profile,39,25-4752,Case No.,2025-04-10 00:00:00,April,W,N,M,41,True,False, Plainville,FORESTVILLE AVE,  ,  ,E,G,1.0,0,14-18(c),,False,N,False,False,V,2025-04-10 16:17:06,Verbal Warning,,,False,1.0,CT0011000,20250415020217000001,2025-04-10 16:17:06,16:17:06,2025,,,,2025,Display of Plates
2025-04-15 02:02:23.990000,7339324.0,CT0011000,Plainville,Racial Profile,39,25-4774,Case No.,2025-04-10 00:00:00,April,W,N,F,38,True,False, Plainville,Camp St,  ,  ,E,G,1.0,0,14-18(c),,False,N,False,False,V,2025-04-10 18:45:22,Verbal Warning,,,False,1.0,CT0011000,20250415020217000001,2025-04-10 18:45:22,18:45:22,2025,,,,2025,Display of Plates
2025-04-11 02:02:28.907000,7335314.0,CT0011000,Plainville,Racial Profile,39,25-4776,Case No.,2025-04-10 00:00:00,April,W,N,F,43,True,False, Plainville,Camp St,  ,  ,E,G,1.0,0,14-12(a)*,,False,N,False,False,W,2025-04-10 19:12:51,Written Ticket,,,False,1.0,CT0011000,20250411020222000001,2025-04-10 19:12:51,19:12:51,2025,,,,2025,Registration
2025-04-14 02:02:24.373000,7337291.0,CT0011000,Plainville,Racial Profile,39,25-4777,Case No.,2025-04-10 00:00:00,April,W,H,F,52,True,False, Plainville,Camp St,  ,  ,E,G,1.0,0,14-96a(a),,False,N,False,False,V,2025-04-10 19:29:04,Verbal Warning,,,False,1.0,CT0011000,20250414020218000001,2025-04-10 19:29:04,19:29:04,2025,,,,2025,Defective Lights
2025-04-11 02:02:28.850000,7335304.0,CT0011000,Plainville,Racial Profile,43,25-4755,Case No.,2025-04-10 00:00:00,April,W,N,F,60,True,True, Plainville,Cooke St,  ,  ,V,G,2.0,0,14-296aa(b1st,,False,N,False,False,I,2025-04-10 16:26:12,Infraction Ticket,,,False,1.0,CT0011000,20250411020222000001,2025-04-10 16:26:12,16:26:12,2025,,,,2025,Cell Phone
2025-04-15 02:02:23.980000,7339322.0,CT0011000,Plainville,Racial Profile,43,25-4768,Case No.,2025-04-10 00:00:00,April,B,N,M,24,True,True, Plainville,East St,  ,  ,V,G,2.0,0,14-299,,False,N,False,False,I,2025-04-10 17:39:12,Infraction Ticket,,,False,1.0,CT0011000,20250415020217000001,2025-04-10 17:39:12,17:39:12,2025,,,,2025,Traffic Control Signal
2025-04-11 02:02:28.890000,7335312.0,CT0011000,Plainville,Racial Profile,43,25-4773,Case No.,2025-04-10 00:00:00,April,B,H,M,37,True,True, Plainville,Woodford Ave,  ,  ,V,G,2.0,0,14-35a(sbs),,False,N,False,False,I,2025-04-10 18:09:06,Infraction Ticket,,,False,1.0,CT0011000,20250411020222000001,2025-04-10 18:09:06,18:09:06,2025,,,,2025,Other
2025-04-15 02:02:23.957000,7339312.0,CT0011000,Plainville,Racial Profile,47,25-4731,Case No.,2025-04-10 00:00:00,April,W,N,F,0,True,False, Plainville,East Main St,  ,  ,E,G,1.0,0,14-299,,False,N,False,False,V,2025-04-10 07:16:31,Verbal Warning,,,False,1.0,CT0011000,20250415020217000001,2025-04-10 07:16:31,07:16:31,2025,,,,2025,Traffic Control Signal
2025-04-15 02:02:23.947000,7339308.0,CT0011000,Plainville,Racial Profile,48,25-4717,Case No.,2025-04-10 00:00:00,April,W,N,M,55,True,True, Plainville,New Britain Ave,  ,  ,V,G,1.0,0,14-18(a),,False,N,False,False,I,2025-04-10 00:55:20,Infraction Ticket,,,False,1.0,CT0011000,20250415020217000001,2025-04-10 00:55:20,00:55:20,2025,14-12(a)*,,,2025,Display of Plates
2025-04-14 02:02:24.300000,7337275.0,CT0011000,Plainville,Racial Profile,48,25-4730,Case No.,2025-04-10 00:00:00,April,W,N,M,44,True,False, Plainville,Unionville Ave,  ,  ,V,G,3.0,0,14-296aa(b1Z,,False,N,False,False,V,2025-04-10 07:02:17,Verbal Warning,,,False,1.0,CT0011000,20250414020218000001,2025-04-10 07:02:17,07:02:17,2025,,,,2025,Cell Phone
2025-04-12 02:02:26.920000,7335961.0,CT0011000,Plainville,Racial Profile,49,25-4734,Case No.,2025-04-10 00:00:00,April,W,N,M,46,True,False, Plainville,Northwest Dr,  ,  ,V,B,1.0,0,14-218a,,False,N,False,False,V,2025-04-10 09:05:14,Verbal Warning,,,False,1.0,CT0011000,20250412020219000001,2025-04-10 09:05:14,09:05:14,2025,,,,2025,Speed Related
2025-04-14 02:02:24.320000,7337281.0,CT0011000,Plainville,Racial Profile,51,25-4756,Case No.,2025-04-10 00:00:00,April,B,N,M,39,True,False, Plainville,East St,  ,  ,V,G,1.0,0,14-296aa(b1st,,False,N,False,False,V,2025-04-10 16:30:18,Verbal Warning,,,False,1.0,CT0011000,20250414020218000001,2025-04-10 16:30:18,16:30:18,2025,,,,2025,Cell Phone
2025-04-15 02:02:23.970000,7339317.0,CT0011000,Plainville,Racial Profile,51,25-4758,Case No.,2025-04-10 00:00:00,April,W,N,M,50,True,False, Plainville,East St,  ,  ,V,G,1.0,0,14-239(a),,False,N,False,False,V,2025-04-10 16:39:06,Verbal Warning,,,False,1.0,CT0011000,20250415020217000001,2025-04-10 16:39:06,16:39:06,2025,,,,2025,Moving Violation
2025-04-14 02:02:24.330000,7337284.0,CT0011000,Plainville,Racial Profile,51,25-4762,Case No.,2025-04-10 00:00:00,April,W,N,F,42,True,False, Plainville,East St,  ,  ,V,G,1.0,0,14-296aa(b1st,,False,N,False,False,V,2025-04-10 16:55:37,Verbal Warning,,,False,1.0,CT0011000,20250414020218000001,2025-04-10 16:55:37,16:55:37,2025,,,,2025,Cell Phone
2025-04-11 02:02:28.883000,7335310.0,CT0011000,Plainville,Racial Profile,51,25-4765,Case No.,2025-04-10 00:00:00,April,W,N,M,63,True,True, Plainville,Hillside Ave,  ,  ,V,G,1.0,0,14-301,,False,N,False,False,I,2025-04-10 17:05:40,Infraction Ticket,,,False,1.0,CT0011000,20250411020222000001,2025-04-10 17:05:40,17:05:40,2025,,,,2025,Stop Sign
2025-04-17 02:02:28.883000,7363949.0,CT0011000,Plainville,Racial Profile,16,25-4831,Case No.,2025-04-11 00:00:00,April,W,N,M,60,True,False, Plainville,Camp St,  ,  ,V,G,2.0,0,14-301,,False,N,False,False,M,2025-04-11 17:44:15,Misdemeanor Summons,,,False,1.0,CT0011000,20250417020224000001,2025-04-11 17:44:15,17:44:15,2025,14-215,,,2025,Stop Sign
2025-04-17 02:02:28.780000,7363939.0,CT0011000,Plainville,Racial Profile,27,25-4817,Case No.,2025-04-11 00:00:00,April,W,N,F,43,True,False, Plainville,Broad St,  ,  ,V,G,1.0,0,14-18(a),,False,N,False,False,V,2025-04-11 16:44:01,Verbal Warning,,,False,1.0,CT0011000,20250417020224000001,2025-04-11 16:44:01,16:44:01,2025,,,,2025,Display of Plates
2025-04-15 02:02:24,7339328.0,CT0011000,Plainville,Racial Profile,27,25-4819,Case No.,2025-04-11 00:00:00,April,W,N,M,29,True,False, Plainville,Whiting St,  ,  ,V,G,1.0,0,14-18(a),,False,N,False,False,V,2025-04-11 16:53:55,Verbal Warning,,,False,1.0,CT0011000,20250415020217000001,2025-04-11 16:53:55,16:53:55,2025,,,,2025,Display of Plates
2025-04-12 02:02:26.993000,7335982.0,CT0011000,Plainville,Racial Profile,37,25-4825,Case No.,2025-04-11 00:00:00,April,W,N,M,41,True,False, Plainville,RT 72 West Bound,  ,  ,V,G,1.0,0,14-299,,False,N,False,False,V,2025-04-11 17:19:11,Verbal Warning,,,False,1.0,CT0011000,20250412020219000001,2025-04-11 17:19:11,17:19:11,2025,,,,2025,Traffic Control Signal
2025-04-13 02:02:27.430000,7336653.0,CT0011000,Plainville,Racial Profile,37,25-4827,Case No.,2025-04-11 00:00:00,April,W,H,F,0,True,True, Plainville,East St,  ,  ,V,G,1.0,0,14-299,,False,N,False,False,W,2025-04-11 17:34:49,Written Ticket,,,False,1.0,CT0011000,20250413020221000001,2025-04-11 17:34:49,17:34:49,2025,,,,2025,Traffic Control Signal
2025-04-13 02:02:27.440000,7336656.0,CT0011000,Plainville,Racial Profile,37,25-4837,Case No.,2025-04-11 00:00:00,April,W,H,F,25,True,True, Plainville,East St,  ,  ,V,G,1.0,0,14-299,,False,N,False,False,W,2025-04-11 19:58:00,Written Ticket,,,False,1.0,CT0011000,20250413020221000001,2025-04-11 19:58:00,19:58:00,2025,,,,2025,Traffic Control Signal
2025-04-13 02:02:27.410000,7336647.0,CT0011000,Plainville,Racial Profile,43,25-4822,Case No.,2025-04-11 00:00:00,April,B,N,M,41,True,False, Plainville,Unionville Ave,  ,  ,V,G,1.0,0,14-18(a),,False,N,False,False,V,2025-04-11 17:07:13,Verbal Warning,,,False,1.0,CT0011000,20250413020221000001,2025-04-11 17:07:13,17:07:13,2025,,,,2025,Display of Plates
2025-04-14 02:02:24.393000,7337297.0,CT0011000,Plainville,Racial Profile,43,25-4824,Case No.,2025-04-11 00:00:00,April,W,N,M,20,True,False, Plainville,Whiting St,  ,  ,V,G,1.0,0,14-301,,False,N,False,False,V,2025-04-11 17:15:51,Verbal Warning,,,False,1.0,CT0011000,20250414020218000001,2025-04-11 17:15:51,17:15:51,2025,,,,2025,Stop Sign
2025-04-15 02:02:24.007000,7339329.0,CT0011000,Plainville,Racial Profile,50,25-4821,Case No.,2025-04-11 00:00:00,April,W,N,F,38,True,True, Plainville,West Main St,  ,  ,V,B,1.0,0,14-12(a)*,,False,N,False,False,V,2025-04-11 17:04:21,Verbal Warning,,,False,1.0,CT0011000,20250415020217000001,2025-04-11 17:04:21,17:04:21,2025,,,,2025,Registration
2025-04-14 02:02:24.390000,7337296.0,CT0011000,Plainville,Racial Profile,50,25-4823,Case No.,2025-04-11 00:00:00,April,W,N,F,43,True,True, Plainville,Unionville Ave,  ,  ,V,B,1.0,0,14-12(a)*,,False,N,False,False,V,2025-04-11 17:11:29,Verbal Warning,,,False,1.0,CT0011000,20250414020218000001,2025-04-11 17:11:29,17:11:29,2025,,,,2025,Registration
2025-04-12 02:02:27.003000,7335983.0,CT0011000,Plainville,Racial Profile,50,25-4826,Case No.,2025-04-11 00:00:00,April,W,N,M,28,True,True, Plainville,Broad St,  ,  ,V,B,1.0,0,14-12(a)*,,False,N,False,False,I,2025-04-11 17:20:43,Infraction Ticket,,,False,1.0,CT0011000,20250412020219000001,2025-04-11 17:20:43,17:20:43,2025,,,,2025,Registration
2025-04-15 02:02:24.037000,7339335.0,CT0011000,Plainville,Racial Profile,51,25-4828,Case No.,2025-04-11 00:00:00,April,W,M,M,25,True,True, Plainville,East St,  ,  ,V,G,1.0,0,14-242,,False,N,False,False,V,2025-04-11 17:35:28,Verbal Warning,,,False,1.0,CT0011000,20250415020217000001,2025-04-11 17:35:28,17:35:28,2025,,,,2025,Moving Violation
2025-04-15 02:02:24.047000,7339338.0,CT0011000,Plainville,Racial Profile,51,25-4833,Case No.,2025-04-11 00:00:00,April,W,H,M,33,True,False, Plainville,East St,  ,  ,V,G,2.0,1,14-296aa(b1st,,False,N,False,False,W,2025-04-11 18:28:36,Written Ticket,,,False,1.0,CT0011000,20250415020217000001,2025-04-11 18:28:36,18:28:36,2025,14-213b,,,2025,Cell Phone
2025-04-14 02:02:24.417000,7337306.0,CT0011000,Plainville,Racial Profile,19,25-4866,Case No.,2025-04-12 00:00:00,April,W,N,F,62,True,True, Plainville,New Britain Ave,  ,  ,V,G,1.0,0,14-299,,False,N,False,False,W,2025-04-12 12:21:56,Written Ticket,,,False,1.0,CT0011000,20250414020218000001,2025-04-12 12:21:56,12:21:56,2025,14-12(a)*,,,2025,Traffic Control Signal
2025-04-17 02:02:28.920000,7363954.0,CT0011000,Plainville,Racial Profile,19,25-4867,Case No.,2025-04-12 00:00:00,April,W,H,F,53,True,True, Plainville,New Britain Ave,  ,  ,V,G,1.0,0,14-299,,False,N,False,False,W,2025-04-12 12:58:20,Written Ticket,,,False,1.0,CT0011000,20250417020224000001,2025-04-12 12:58:20,12:58:20,2025,,,,2025,Traffic Control Signal
2025-04-15 02:02:24.097000,7339343.0,CT0011000,Plainville,Racial Profile,19,25-4868,Case No.,2025-04-12 00:00:00,April,W,N,M,78,True,True, Plainville,East St,  ,  ,V,G,1.0,0,14-299,,False,N,False,False,W,2025-04-12 13:29:46,Written Ticket,,,False,1.0,CT0011000,20250415020217000001,2025-04-12 13:29:46,13:29:46,2025,,,,2025,Traffic Control Signal
2025-04-17 02:02:28.927000,7363956.0,CT0011000,Plainville,Racial Profile,19,25-4869,Case No.,2025-04-12 00:00:00,April,W,N,M,58,True,True, Plainville,East St,  ,  ,V,G,1.0,0,14-12(a)*,,False,N,False,False,W,2025-04-12 14:13:38,Written Ticket,,,False,1.0,CT0011000,20250417020224000001,2025-04-12 14:13:38,14:13:38,2025,,,,2025,Registration
2025-04-21 02:02:44.930000,7370529.0,CT0011000,Plainville,Racial Profile,48,25-4860,Case No.,2025-04-12 00:00:00,April,B,N,M,26,True,False, Plainville,Camp St,  ,  ,V,G,1.0,0,14-18(a),,False,N,False,False,V,2025-04-12 02:21:41,Verbal Warning,,,False,1.0,CT0011000,20250421020238000001,2025-04-12 02:21:41,02:21:41,2025,,,,2025,Display of Plates
2025-04-15 02:02:24.120000,7339349.0,CT0011000,Plainville,Racial Profile,19,25-4918,Case No.,2025-04-13 00:00:00,April,A,M,M,30,True,False, Plainville,Atherton Ter,  ,  ,V,G,1.0,0,14-12(a)*,,False,N,False,False,W,2025-04-13 19:06:49,Written Ticket,,,False,1.0,CT0011000,20250415020217000001,2025-04-13 19:06:49,19:06:49,2025,,,,2025,Registration
2025-04-15 02:02:24.117000,7339348.0,CT0011000,Plainville,Racial Profile,21,25-4910,Case No.,2025-04-13 00:00:00,April,W,H,M,28,True,False, Plainville,Shuttle Meadow Rd,  ,  ,V,G,1.0,0,14-18(a),,False,N,False,False,V,2025-04-13 11:54:03,Verbal Warning,,,False,1.0,CT0011000,20250415020217000001,2025-04-13 11:54:03,11:54:03,2025,,,,2025,Display of Plates
2025-04-13 02:02:27.460000,7336662.0,CT0011000,Plainville,Racial Profile,40,25-4897,Case No.,2025-04-13 00:00:00,April,W,N,M,25,True,False, Plainville,Unionville Ave,  ,  ,V,G,1.0,0,14-96a(a),,False,N,False,False,V,2025-04-13 01:33:22,Verbal Warning,,,False,1.0,CT0011000,20250413020221000001,2025-04-13 01:33:22,01:33:22,2025,,,,2025,Defective Lights
2025-04-16 02:02:35.007000,7362378.0,CT0011000,Plainville,Racial Profile,47,25-4900,Case No.,2025-04-13 00:00:00,April,W,H,M,30,True,False, Plainville,New Britain Ave,  ,  ,V,G,2.0,0,14-215(a),,False,N,False,False,M,2025-04-13 01:50:42,Misdemeanor Summons,,,False,1.0,CT0011000,20250416020228000001,2025-04-13 01:50:42,01:50:42,2025,14-215(a),,,2025,Administrative Offense
2025-04-21 02:02:44.950000,7370536.0,CT0011000,Plainville,Racial Profile,47,25-4904,Case No.,2025-04-13 00:00:00,April,W,H,F,36,True,False, Plainville,New Britain Ave,  ,  ,E,G,2.0,0,14-96y,,False,N,False,False,I,2025-04-13 06:08:17,Infraction Ticket,,,False,1.0,CT0011000,20250421020238000001,2025-04-13 06:08:17,06:08:17,2025,14-12(a)*,,,2025,Defective Lights
2025-04-21 02:02:44.967000,7370541.0,CT0011000,Plainville,Racial Profile,50,25-4921,Case No.,2025-04-13 00:00:00,April,W,N,M,0,False,False, Plainville,New Britain Ave,  ,  ,V,G,1.0,0,14-243(a),,False,N,False,False,V,2025-04-13 20:00:34,Verbal Warning,,,False,1.0,CT0011000,20250421020238000001,2025-04-13 20:00:34,20:00:34,2025,,,,2025,Moving Violation
2025-04-14 02:02:24.440000,7337314.0,CT0011000,Plainville,Racial Profile,50,25-4922,Case No.,2025-04-13 00:00:00,April,W,H,M,40,True,False, Plainville,New Britain Ave,  ,  ,V,G,2.0,0,14-215,,False,N,False,False,M,2025-04-13 20:00:53,Misdemeanor Summons,,,False,1.0,CT0011000,20250414020218000001,2025-04-13 20:00:53,20:00:53,2025,,,,2025,Administrative Offense
2025-04-15 02:02:24.127000,7339351.0,CT0011000,Plainville,Racial Profile,50,25-4923,Case No.,2025-04-13 00:00:00,April,W,N,M,16,True,False, Plainville,New Britain Ave,  ,  ,V,G,2.0,0,14-96a(a),,False,N,False,False,I,2025-04-13 20:50:31,Infraction Ticket,,,False,1.0,CT0011000,20250415020217000001,2025-04-13 20:50:31,20:50:31,2025,14-18(e)*,,,2025,Defective Lights
2025-04-20 02:02:38.097000,7369811.0,CT0011000,Plainville,Racial Profile,15,25-4965,Case No.,2025-04-14 00:00:00,April,W,N,M,24,True,True, Plainville,East St,  ,  ,V,G,1.0,0,14-296aa(b1st,,False,N,False,False,I,2025-04-14 16:50:46,Infraction Ticket,,,False,1.0,CT0011000,20250420020231000001,2025-04-14 16:50:46,16:50:46,2025,,,,2025,Cell Phone
2025-04-18 02:02:45.237000,7367382.0,CT0011000,Plainville,Racial Profile,15,25-4968,Case No.,2025-04-14 00:00:00,April,W,H,M,62,True,True, Plainville,Broad St,  ,  ,V,G,1.0,0,14-296aa(b1st,,False,N,False,False,I,2025-04-14 17:04:14,Infraction Ticket,,,False,1.0,CT0011000,20250418020238000001,2025-04-14 17:04:14,17:04:14,2025,,,,2025,Cell Phone
2025-12-07 02:05:34.473000,7937102.0,CT0011000,Plainville,Racial Profile,15,25-4976,Case No.,2025-04-14 00:00:00,April,A,N,M,62,True,True, Plainville,New Britain Ave,  ,  ,V,G,1.0,0,14-12(a)*,,False,N,False,False,I,2025-04-14 19:22:57,Infraction Ticket,,,False,1.0,CT0011000,20251207020523000001,2025-04-14 19:22:57,19:22:57,2025,,,,2025,Registration
2025-04-15 02:02:24.150000,7339359.0,CT0011000,Plainville,Racial Profile,15,25-4976,Case No.,2025-04-14 00:00:00,April,I,N,M,62,True,True, Plainville,New Britain Ave,  ,  ,V,G,1.0,0,14-12(a)*,,False,N,False,False,I,2025-04-14 19:22:57,Infraction Ticket,,,False,1.0,CT0011000,20250415020217000001,2025-04-14 19:22:57,19:22:57,2025,,,,2025,Registration
2025-05-06 02:03:03.427000,7394956.0,CT0011000,Plainville,Racial Profile,34,25-4949,Case No.,2025-04-14 00:00:00,April,W,N,M,70,True,False, Plainville,Tomlinson Ave,  ,  ,V,B,1.0,0,14-301,,False,N,False,False,V,2025-04-14 11:44:47,Verbal Warning,,,False,1.0,CT0011000,20250506020256000001,2025-04-14 11:44:47,11:44:47,2025,,,,2025,Stop Sign
2025-04-22 02:02:41.510000,7371379.0,CT0011000,Plainville,Racial Profile,35,25-4967,Case No.,2025-04-14 00:00:00,April,W,N,M,44,True,True, Plainville,Broad St,  ,  ,V,B,1.0,0,14-12(a)*,,False,N,False,False,V,2025-04-14 17:03:14,Verbal Warning,,,False,1.0,CT0011000,20250422020234000001,2025-04-14 17:03:14,17:03:14,2025,,,,2025,Registration
2025-04-15 02:02:24.130000,7339352.0,CT0011000,Plainville,Racial Profile,40,25-4942,Case No.,2025-04-14 00:00:00,April,W,N,F,61,True,False, Plainville,Woodford Ave,  ,  ,V,G,1.0,0,14-219,,False,N,False,False,V,2025-04-14 07:09:00,Verbal Warning,,,False,1.0,CT0011000,20250415020217000001,2025-04-14 07:09:00,07:09:00,2025,,,,2025,Speed Related
2025-04-17 02:02:28.950000,7363965.0,CT0011000,Plainville,Racial Profile,40,25-4943,Case No.,2025-04-14 00:00:00,April,W,N,F,25,True,True, Plainville,Woodford Ave,  ,  ,V,G,1.0,0,14-219,,False,N,False,False,V,2025-04-14 07:16:03,Verbal Warning,,,False,1.0,CT0011000,20250417020224000001,2025-04-14 07:16:03,07:16:03,2025,,,,2025,Speed Related
2025-04-15 02:02:24.137000,7339354.0,CT0011000,Plainville,Racial Profile,51,25-4960,Case No.,2025-04-14 00:00:00,April,W,H,M,39,True,True, Plainville,Colonial Ct,  ,  ,V,G,1.0,0,14-296aa(b1st,,False,N,False,False,V,2025-04-14 16:27:13,Verbal Warning,,,False,1.0,CT0011000,20250415020217000001,2025-04-14 16:27:13,16:27:13,2025,,,,2025,Cell Phone
2025-04-15 02:02:24.143000,7339356.0,CT0011000,Plainville,Racial Profile,51,25-4966,Case No.,2025-04-14 00:00:00,April,W,N,F,19,True,True,Plainville,New Britain Ave,  ,  ,V,G,1.0,0,14-296aa(b1st,,False,N,False,False,I,2025-04-14 16:55:15,Infraction Ticket,,,False,1.0,CT0011000,20250415020217000001,2025-04-14 16:55:15,16:55:15,2025,,,,2025,Cell Phone
2025-04-18 02:02:45.240000,7367383.0,CT0011000,Plainville,Racial Profile,51,25-4971,Case No.,2025-04-14 00:00:00,April,B,N,F,22,True,False, Plainville,New Britain Ave,  ,  ,V,G,1.0,0,14-296aa(b1st,,False,N,False,False,I,2025-04-14 17:58:45,Infraction Ticket,,,False,1.0,CT0011000,20250418020238000001,2025-04-14 17:58:45,17:58:45,2025,,,,2025,Cell Phone
2025-04-16 02:02:35.060000,7362393.0,CT0011000,Plainville,Racial Profile,40,25-4988,Case No.,2025-04-15 00:00:00,April,W,N,M,40,True,False, Plainville,Unionville Ave,  ,  ,V,G,1.0,0,14-219,,False,N,False,False,V,2025-04-15 01:51:41,Verbal Warning,,,False,1.0,CT0011000,20250416020228000001,2025-04-15 01:51:41,01:51:41,2025,,,,2025,Speed Related
2025-04-18 02:02:45.253000,7367387.0,CT0011000,Plainville,Racial Profile,47,25-4990,Case No.,2025-04-15 00:00:00,April,W,N,M,45,True,False, Plainville,North Washington St,  ,  ,V,G,2.0,1,14-12(a)*,,False,N,False,False,M,2025-04-15 02:02:32,Misdemeanor Summons,,,False,1.0,CT0011000,20250418020238000001,2025-04-15 02:02:32,02:02:32,2025,14-215(a),,,2025,Registration
2025-04-22 02:02:41.523000,7371384.0,CT0011000,Plainville,Racial Profile,48,25-4989,Case No.,2025-04-15 00:00:00,April,W,H,F,33,True,False, Plainville,Unionville Ave,  ,  ,V,G,2.0,0,14-96a(a),,False,N,False,False,M,2025-04-15 02:01:13,Misdemeanor Summons,,,False,1.0,CT0011000,20250422020234000001,2025-04-15 02:01:13,02:01:13,2025,14-215,,,2025,Defective Lights
2025-04-16 02:02:35.097000,7362400.0,CT0011000,Plainville,Racial Profile,51,25-5026,Case No.,2025-04-15 00:00:00,April,W,N,F,33,True,True, Plainville,Northwest Dr,  ,  ,V,G,1.0,0,14-299b,,False,N,False,False,V,2025-04-15 20:34:22,Verbal Warning,,,False,1.0,CT0011000,20250416020228000001,2025-04-15 20:34:22,20:34:22,2025,,,,2025,Traffic Control Signal
2025-04-17 02:02:28.990000,7363976.0,CT0011000,Plainville,Racial Profile,7,25-5015,Case No.,2025-04-15 00:00:00,April,B,N,M,43,True,True, Plainville,Broad St,  ,  ,V,G,1.0,0,14-218a,,False,N,False,False,V,2025-04-15 17:07:47,Verbal Warning,,,False,1.0,CT0011000,20250417020224000001,2025-04-15 17:07:47,17:07:47,2025,,,,2025,Speed Related
2025-04-16 02:02:35.070000,7362396.0,CT0011000,Plainville,Racial Profile,7,25-5017,Case No.,2025-04-15 00:00:00,April,W,N,M,30,True,False, Plainville,Cornell St,  ,  ,V,G,1.0,0,14-218a,,False,N,False,False,V,2025-04-15 17:36:34,Verbal Warning,,,False,1.0,CT0011000,20250416020228000001,2025-04-15 17:36:34,17:36:34,2025,,,,2025,Speed Related
2025-04-17 02:02:28.997000,7363978.0,CT0011000,Plainville,Racial Profile,7,25-5020,Case No.,2025-04-15 00:00:00,April,W,H,F,18,True,True, Plainville,Broad St,  ,  ,V,G,1.0,0,14-218a,,False,N,False,False,V,2025-04-15 18:27:28,Verbal Warning,,,False,1.0,CT0011000,20250417020224000001,2025-04-15 18:27:28,18:27:28,2025,,,,2025,Speed Related
2025-04-29 02:02:59.667000,7377151.0,CT0011000,Plainville,Racial Profile,7,25-5022,Case No.,2025-04-15 00:00:00,April,B,N,M,50,True,False, Plainville,Northwest Dr,  ,  ,V,G,1.0,0,14-218a,,False,N,False,False,I,2025-04-15 19:14:50,Infraction Ticket,,,False,1.0,CT0011000,20250429020253000001,2025-04-15 19:14:50,19:14:50,2025,14-298,,,2025,Speed Related
2025-04-17 02:02:29.003000,7363980.0,CT0011000,Plainville,Racial Profile,7,25-5025,Case No.,2025-04-15 00:00:00,April,W,N,F,67,True,False, Plainville,Northwest Dr,  ,  ,V,G,1.0,0,14-218a,,False,N,False,False,I,2025-04-15 19:42:08,Infraction Ticket,,,False,1.0,CT0011000,20250417020224000001,2025-04-15 19:42:08,19:42:08,2025,14-298,,,2025,Speed Related
2025-04-17 02:02:29.013000,7363982.0,CT0011000,Plainville,Racial Profile,14,25-5032,Case No.,2025-04-16 00:00:00,April,W,N,M,32,True,False, Plainville,North Washington St,  ,  ,V,G,2.0,0,14-230,,False,N,False,False,V,2025-04-16 00:06:26,Verbal Warning,,,False,1.0,CT0011000,20250417020224000001,2025-04-16 00:06:26,00:06:26,2025,,,,2025,Moving Violation
2025-04-30 02:03:00.290000,7378020.0,CT0011000,Plainville,Racial Profile,43,25-5087,Case No.,2025-04-16 00:00:00,April,W,N,M,0,False,False, Plainville,New Britain Ave,  ,  ,V,G,1.0,0,14-296aa(b1st,,False,N,False,False,V,2025-04-16 19:04:20,Verbal Warning,,,False,1.0,CT0011000,20250430020253000001,2025-04-16 19:04:20,19:04:20,2025,,,,2025,Cell Phone
2025-04-21 02:02:45.050000,7370561.0,CT0011000,Plainville,Racial Profile,48,25-5050,Case No.,2025-04-16 00:00:00,April,W,H,M,26,True,False, Plainville,Unionville Ave,  ,  ,V,G,1.0,0,14-218a*,,False,N,False,False,I,2025-04-16 06:02:48,Infraction Ticket,,,False,1.0,CT0011000,20250421020238000001,2025-04-16 06:02:48,06:02:48,2025,,,,2025,Speed Related
2025-04-17 02:02:29.017000,7363984.0,CT0011000,Plainville,Racial Profile,48,25-5052,Case No.,2025-04-16 00:00:00,April,W,N,F,58,True,True, Plainville,Unionville Ave,  ,  ,V,G,1.0,0,14-218a,,False,N,False,False,I,2025-04-16 06:29:08,Infraction Ticket,,,False,1.0,CT0011000,20250417020224000001,2025-04-16 06:29:08,06:29:08,2025,,,,2025,Speed Related
2025-04-26 02:02:50.067000,7374572.0,CT0011000,Plainville,Racial Profile,48,25-5054,Case No.,2025-04-16 00:00:00,April,W,H,F,22,True,False, Plainville,Unionville Ave,  ,  ,V,G,2.0,1,14-147(c),,False,N,False,False,I,2025-04-16 06:58:45,Infraction Ticket,,,False,1.0,CT0011000,20250426020243000001,2025-04-16 06:58:45,06:58:45,2025,14-36(a),,,2025,Administrative Offense
2025-04-19 02:02:36.057000,7369083.0,CT0011000,Plainville,Racial Profile,49,25-5061,Case No.,2025-04-16 00:00:00,April,W,H,M,32,True,False, Plainville,Northwest Dr,  ,  ,V,B,1.0,0,14-12(a)*,,False,N,False,False,V,2025-04-16 10:03:15,Verbal Warning,,,False,1.0,CT0011000,20250419020228000001,2025-04-16 10:03:15,10:03:15,2025,,,,2025,Registration
2025-04-20 02:02:38.177000,7369831.0,CT0011000,Plainville,Racial Profile,49,25-5062,Case No.,2025-04-16 00:00:00,April,W,N,M,53,True,False, Plainville,Unionville Ave,  ,  ,V,B,1.0,0,14-12(a)*,,False,N,False,False,V,2025-04-16 10:27:30,Verbal Warning,,,False,1.0,CT0011000,20250420020231000001,2025-04-16 10:27:30,10:27:30,2025,,,,2025,Registration
2025-04-22 02:02:41.570000,7371400.0,CT0011000,Plainville,Racial Profile,50,25-5082,Case No.,2025-04-16 00:00:00,April,W,N,F,23,True,False, Plainville,East Main St,  ,  ,V,G,1.0,0,14-299,,False,N,False,False,V,2025-04-16 18:43:28,Verbal Warning,,,False,1.0,CT0011000,20250422020234000001,2025-04-16 18:43:28,18:43:28,2025,,,,2025,Traffic Control Signal
2025-04-17 02:02:29.037000,7363991.0,CT0011000,Plainville,Racial Profile,50,25-5085,Case No.,2025-04-16 00:00:00,April,W,N,M,52,True,False, Plainville,Broad St,  ,  ,V,G,1.0,0,14-301,,False,N,False,False,V,2025-04-16 18:53:31,Verbal Warning,,,False,1.0,CT0011000,20250417020224000001,2025-04-16 18:53:31,18:53:31,2025,,,,2025,Stop Sign
2025-04-22 02:02:41.580000,7371402.0,CT0011000,Plainville,Racial Profile,50,25-5086,Case No.,2025-04-16 00:00:00,April,W,N,F,56,True,False, Plainville,Redstone Hill,  ,  ,V,G,1.0,0,14-301,,False,N,False,False,V,2025-04-16 18:59:01,Verbal Warning,,,False,1.0,CT0011000,20250422020234000001,2025-04-16 18:59:01,18:59:01,2025,,,,2025,Stop Sign
2025-05-01 02:02:59.633000,7378911.0,CT0011000,Plainville,Racial Profile,50,25-5090,Case No.,2025-04-16 00:00:00,April,W,N,M,66,False,False, Plainville,Northwest Dr,  ,  ,V,G,1.0,0,14-243(a),,False,N,False,False,V,2025-04-16 20:27:21,Verbal Warning,,,False,1.0,CT0011000,20250501020253000001,2025-04-16 20:27:21,20:27:21,2025,,,,2025,Moving Violation
2025-04-23 02:02:45.790000,7372192.0,CT0011000,Plainville,Racial Profile,51,25-5088,Case No.,2025-04-16 00:00:00,April,B,N,F,43,True,False, Plainville,East St,  ,  ,V,G,1.0,0,14-296aa(b1st,,False,N,False,False,V,2025-04-16 19:17:29,Verbal Warning,,,False,1.0,CT0011000,20250423020238000001,2025-04-16 19:17:29,19:17:29,2025,,,,2025,Cell Phone
2025-04-20 02:02:38.180000,7369832.0,CT0011000,Plainville,Racial Profile,7,25-5080,Case No.,2025-04-16 00:00:00,April,W,N,M,45,True,False, Plainville,Northwest Dr,  ,  ,V,G,1.0,0,14-218a,,False,N,False,False,V,2025-04-16 18:09:09,Verbal Warning,,,False,1.0,CT0011000,20250420020231000001,2025-04-16 18:09:09,18:09:09,2025,,,,2025,Speed Related
2025-04-20 02:02:38.183000,7369833.0,CT0011000,Plainville,Racial Profile,7,25-5081,Case No.,2025-04-16 00:00:00,April,B,H,M,30,True,False, Plainville,NORTHWEST DR,  ,  ,V,G,2.0,0,14-296aa(b1st,,True,N,True,False,M,2025-04-16 18:23:14,Misdemeanor Summons,,,False,1.0,CT0011000,20250420020231000001,2025-04-16 18:23:14,18:23:14,2025,53a-213,,,2025,Cell Phone
2025-04-20 02:02:38.220000,7369846.0,CT0011000,Plainville,Racial Profile,15,25-5144,Case No.,2025-04-17 00:00:00,April,W,N,M,31,True,False, Plainville,East St,  ,  ,V,G,1.0,0,14-296aa(b1st,,False,N,False,False,I,2025-04-17 17:46:23,Infraction Ticket,,,False,1.0,CT0011000,20250420020231000001,2025-04-17 17:46:23,17:46:23,2025,,,,2025,Cell Phone
2025-04-18 02:02:45.377000,7367415.0,CT0011000,Plainville,Racial Profile,15,25-5148,Case No.,2025-04-17 00:00:00,April,W,N,F,38,True,False, Plainville,East St,  ,  ,V,G,1.0,0,14-296aa(b1st,,False,N,False,False,V,2025-04-17 18:09:34,Verbal Warning,,,False,1.0,CT0011000,20250418020238000001,2025-04-17 18:09:34,18:09:34,2025,,,,2025,Cell Phone
2025-04-20 02:02:38.227000,7369848.0,CT0011000,Plainville,Racial Profile,15,25-5149,Case No.,2025-04-17 00:00:00,April,W,N,F,33,True,False, Plainville,Woodford Ave,  ,  ,V,G,1.0,0,14-296aa(b1st,,False,N,False,False,W,2025-04-17 18:20:36,Written Ticket,,,False,1.0,CT0011000,20250420020231000001,2025-04-17 18:20:36,18:20:36,2025,,,,2025,Cell Phone
2025-04-20 02:02:38.233000,7369851.0,CT0011000,Plainville,Racial Profile,15,25-5154,Case No.,2025-04-17 00:00:00,April,B,N,F,26,True,False, Plainville,East St,  ,  ,V,G,1.0,0,14-296aa(b1st,,False,N,False,False,I,2025-04-17 18:49:53,Infraction Ticket,,,False,1.0,CT0011000,20250420020231000001,2025-04-17 18:49:53,18:49:53,2025,,,,2025,Cell Phone
2025-04-19 02:02:36.167000,7369105.0,CT0011000,Plainville,Racial Profile,19,25-5156,Case No.,2025-04-17 00:00:00,April,W,M,M,18,True,False, Plainville,Crooked St,  ,  ,V,G,1.0,0,14-299,,False,N,False,False,V,2025-04-17 20:20:19,Verbal Warning,,,False,1.0,CT0011000,20250419020228000001,2025-04-17 20:20:19,20:20:19,2025,,,,2025,Traffic Control Signal
2025-04-19 02:02:36.113000,7369098.0,CT0011000,Plainville,Racial Profile,43,25-5138,Case No.,2025-04-17 00:00:00,April,W,N,M,21,False,False, Plainville,Washington St,  ,  ,V,G,1.0,0,14-240(a,,False,N,False,False,V,2025-04-17 17:18:52,Verbal Warning,,,False,1.0,CT0011000,20250419020228000001,2025-04-17 17:18:52,17:18:52,2025,,,,2025,Moving Violation
2025-04-30 02:03:00.337000,7378032.0,CT0011000,Plainville,Racial Profile,43,25-5151,Case No.,2025-04-17 00:00:00,April,W,N,M,0,False,False, Plainville,North Washington St,  ,  ,V,G,1.0,0,14-219,,False,N,False,False,V,2025-04-17 18:26:43,Verbal Warning,,,False,1.0,CT0011000,20250430020253000001,2025-04-17 18:26:43,18:26:43,2025,,,,2025,Speed Related
2025-04-30 02:03:00.340000,7378033.0,CT0011000,Plainville,Racial Profile,43,25-5152,Case No.,2025-04-17 00:00:00,April,W,N,F,47,True,False, Plainville,North Washington St,  ,  ,V,G,1.0,0,14-296aa(b1st,,False,N,False,False,V,2025-04-17 18:32:16,Verbal Warning,,,False,1.0,CT0011000,20250430020253000001,2025-04-17 18:32:16,18:32:16,2025,,,,2025,Cell Phone
2025-04-26 02:02:50.120000,7374582.0,CT0011000,Plainville,Racial Profile,48,25-5104,Case No.,2025-04-17 00:00:00,April,W,H,M,19,True,False, Plainville,New Britain Ave,  ,  ,V,G,2.0,1,14-96y,,False,N,False,False,I,2025-04-17 00:56:28,Infraction Ticket,,,False,1.0,CT0011000,20250426020243000001,2025-04-17 00:56:28,00:56:28,2025,14-213B,,,2025,Defective Lights
2025-04-18 02:02:45.357000,7367408.0,CT0011000,Plainville,Racial Profile,48,25-5122,Case No.,2025-04-17 00:00:00,April,W,N,F,65,True,False, Plainville,Unionville Ave,  ,  ,V,G,1.0,0,14-296aa(b1st,,False,N,False,False,I,2025-04-17 08:59:52,Infraction Ticket,,,False,1.0,CT0011000,20250418020238000001,2025-04-17 08:59:52,08:59:52,2025,,,,2025,Cell Phone
2025-04-20 02:02:38.203000,7369841.0,CT0011000,Plainville,Racial Profile,48,25-5124,Case No.,2025-04-17 00:00:00,April,B,N,F,32,True,False, Plainville,Unionville Ave,  ,  ,V,G,1.0,0,14-296aa(b1st,,False,N,False,False,I,2025-04-17 09:41:02,Infraction Ticket,,,False,1.0,CT0011000,20250420020231000001,2025-04-17 09:41:02,09:41:02,2025,,,,2025,Cell Phone
2025-04-23 02:02:45.747000,7372180.0,CT0011000,Plainville,Racial Profile,48,25-5125,Case No.,2025-04-17 00:00:00,April,W,N,F,30,True,False, Plainville,East St,  ,  ,V,G,1.0,0,14-296aa(b1st,,False,N,False,False,I,2025-04-17 10:10:36,Infraction Ticket,,,False,1.0,CT0011000,20250423020238000001,2025-04-17 10:10:36,10:10:36,2025,,,,2025,Cell Phone
2025-04-22 02:02:41.600000,7371409.0,CT0011000,Plainville,Racial Profile,48,25-5127,Case No.,2025-04-17 00:00:00,April,B,N,M,21,True,False, Plainville,Unionville Ave,  ,  ,V,G,1.0,0,14-296aa(b1st,,False,N,False,False,I,2025-04-17 11:13:09,Infraction Ticket,,,False,1.0,CT0011000,20250422020234000001,2025-04-17 11:13:09,11:13:09,2025,,,,2025,Cell Phone
2025-04-21 02:02:45.163000,7370578.0,CT0011000,Plainville,Racial Profile,48,25-5128,Case No.,2025-04-17 00:00:00,April,W,N,F,44,True,False, Plainville,Washington St,  ,  ,V,G,1.0,0,14-296aa(b1st,,False,N,False,False,I,2025-04-17 11:50:58,Infraction Ticket,,,False,1.0,CT0011000,20250421020238000001,2025-04-17 11:50:58,11:50:58,2025,,,,2025,Cell Phone
2025-04-21 02:02:45.203000,7370589.0,CT0011000,Plainville,Racial Profile,50,25-5161,Case No.,2025-04-17 00:00:00,April,W,N,F,18,True,False, Plainville,East St,  ,  ,V,G,1.0,0,14-299,,False,N,False,False,I,2025-04-17 22:44:32,Infraction Ticket,,,False,1.0,CT0011000,20250421020238000001,2025-04-17 22:44:32,22:44:32,2025,,,,2025,Traffic Control Signal
2025-12-14 02:05:57.933000,7958207.0,CT0011000,Plainville,Racial Profile,51,25-5157,Case No.,2025-04-17 00:00:00,April,A,N,M,35,False,False, Plainville,Tomlinson Ave,  ,  ,V,G,1.0,0,14-301,,False,N,False,False,V,2025-04-17 20:50:18,Verbal Warning,,,False,1.0,CT0011000,20251214020547000001,2025-04-17 20:50:18,20:50:18,2025,,,,2025,Stop Sign
2025-04-22 02:02:41.627000,7371419.0,CT0011000,Plainville,Racial Profile,51,25-5157,Case No.,2025-04-17 00:00:00,April,I,N,M,35,False,False, Plainville,Tomlinson Ave,  ,  ,V,G,1.0,0,14-301,,False,N,False,False,V,2025-04-17 20:50:18,Verbal Warning,,,False,1.0,CT0011000,20250422020234000001,2025-04-17 20:50:18,20:50:18,2025,,,,2025,Stop Sign
2025-04-20 02:02:38.260000,7369856.0,CT0011000,Plainville,Racial Profile,40,25-5163,Case No.,2025-04-18 00:00:00,April,B,N,M,39,True,False, Plainville,East Main St,  ,  ,V,G,1.0,0,14-241,,False,N,False,False,V,2025-04-18 00:23:35,Verbal Warning,,,False,1.0,CT0011000,20250420020231000001,2025-04-18 00:23:35,00:23:35,2025,,,,2025,Moving Violation
2025-04-19 02:02:36.200000,7369111.0,CT0011000,Plainville,Racial Profile,40,25-5180,Case No.,2025-04-18 00:00:00,April,B,N,M,42,True,True, Plainville,East Main St,  ,  ,V,G,1.0,0,14-296aa(b1st,,False,N,False,False,I,2025-04-18 08:42:15,Infraction Ticket,,,False,1.0,CT0011000,20250419020228000001,2025-04-18 08:42:15,08:42:15,2025,,,,2025,Cell Phone
2025-04-21 02:02:45.217000,7370593.0,CT0011000,Plainville,Racial Profile,40,25-5185,Case No.,2025-04-18 00:00:00,April,W,N,M,45,True,False, Plainville,Unionville Ave,  ,  ,V,G,1.0,0,14-296aa(b1st,,False,N,False,False,I,2025-04-18 09:31:15,Infraction Ticket,,,False,1.0,CT0011000,20250421020238000001,2025-04-18 09:31:15,09:31:15,2025,,,,2025,Cell Phone
2025-04-19 02:02:36.207000,7369114.0,CT0011000,Plainville,Racial Profile,40,25-5196,Case No.,2025-04-18 00:00:00,April,W,H,F,56,True,False, Plainville,Cooke St,  ,  ,V,G,1.0,0,14-296aa(b1st,,False,N,False,False,I,2025-04-18 12:39:12,Infraction Ticket,,,False,1.0,CT0011000,20250419020228000001,2025-04-18 12:39:12,12:39:12,2025,,,,2025,Cell Phone
2025-04-21 02:02:45.240000,7370597.0,CT0011000,Plainville,Racial Profile,40,25-5204,Case No.,2025-04-18 00:00:00,April,W,H,M,40,True,False, Plainville,Northwest Dr,  ,  ,V,G,1.0,0,14-296aa(b1st,,False,N,False,False,I,2025-04-18 13:57:53,Infraction Ticket,,,False,2.0,CT0011000,20250421020238000001,2025-04-18 13:57:53,13:57:53,2025,,,,2025,Cell Phone
2025-04-21 02:02:45.250000,7370599.0,CT0011000,Plainville,Racial Profile,40,25-5206,Case No.,2025-04-18 00:00:00,April,W,H,F,24,True,True, Plainville,Stillwell Dr,  ,  ,V,G,1.0,0,14-296aa(b1st,,False,N,False,False,I,2025-04-18 15:21:52,Infraction Ticket,,,False,1.0,CT0011000,20250421020238000001,2025-04-18 15:21:52,15:21:52,2025,,,,2025,Cell Phone
2025-04-22 02:02:41.637000,7371423.0,CT0011000,Plainville,Racial Profile,48,25-5169,Case No.,2025-04-18 00:00:00,April,W,H,M,39,True,False, Plainville,Camp St,  ,  ,V,G,2.0,1,14-147(c),,False,N,False,False,M,2025-04-18 00:56:46,Misdemeanor Summons,,,False,1.0,CT0011000,20250422020234000001,2025-04-18 00:56:46,00:56:46,2025,14-215,,,2025,Administrative Offense
2025-04-22 02:02:41.650000,7371426.0,CT0011000,Plainville,Racial Profile,48,25-5192,Case No.,2025-04-18 00:00:00,April,B,N,F,30,True,False, Plainville,Unionville Ave,  ,  ,V,G,2.0,0,14-215,,False,N,False,False,M,2025-04-18 11:51:10,Misdemeanor Summons,,,False,1.0,CT0011000,20250422020234000001,2025-04-18 11:51:10,11:51:10,2025,,,,2025,Administrative Offense
2025-04-19 02:02:36.220000,7369117.0,CT0011000,Plainville,Racial Profile,48,25-5205,Case No.,2025-04-18 00:00:00,April,B,N,F,33,True,False, Plainville,Camp St,  ,  ,V,G,1.0,0,14-18(a),,False,N,False,False,V,2025-04-18 15:05:55,Verbal Warning,,,False,1.0,CT0011000,20250419020228000001,2025-04-18 15:05:55,15:05:55,2025,,,,2025,Display of Plates
2025-04-19 02:02:36.227000,7369119.0,CT0011000,Plainville,Racial Profile,50,25-5214,Case No.,2025-04-18 00:00:00,April,W,N,F,42,True,True, Plainville,Arcadia Ave,  ,  ,V,G,1.0,0,14-301,,False,N,False,False,V,2025-04-18 18:06:59,Verbal Warning,,,False,1.0,CT0011000,20250419020228000001,2025-04-18 18:06:59,18:06:59,2025,,,,2025,Stop Sign
2025-04-19 02:02:36.230000,7369120.0,CT0011000,Plainville,Racial Profile,50,25-5223,Case No.,2025-04-18 00:00:00,April,W,N,M,53,True,True, Plainville,Sunset Ave,  ,  ,V,G,1.0,0,14-301,,False,N,False,False,V,2025-04-18 22:10:46,Verbal Warning,,,False,1.0,CT0011000,20250419020228000001,2025-04-18 22:10:46,22:10:46,2025,,,,2025,Stop Sign
2025-04-22 02:02:41.680000,7371436.0,CT0011000,Plainville,Racial Profile,15,25-5250,Case No.,2025-04-19 00:00:00,April,W,N,M,40,True,False, Plainville,East Main St,  ,  ,V,B,1.0,0,14-12(a)*,,False,N,False,False,I,2025-04-19 14:03:59,Infraction Ticket,,,False,1.0,CT0011000,20250422020234000001,2025-04-19 14:03:59,14:03:59,2025,,,,2025,Registration
2025-04-24 02:02:51.550000,7372998.0,CT0011000,Plainville,Racial Profile,15,25-5251,Case No.,2025-04-19 00:00:00,April,W,M,M,71,True,False, Plainville,Neal Ct,  ,  ,V,B,1.0,0,14-242,,False,N,False,False,V,2025-04-19 14:21:51,Verbal Warning,,,False,1.0,CT0011000,20250424020244000001,2025-04-19 14:21:51,14:21:51,2025,,,,2025,Moving Violation
2025-04-22 02:02:41.683000,7371438.0,CT0011000,Plainville,Racial Profile,15,25-5253,Case No.,2025-04-19 00:00:00,April,W,N,F,23,True,True, Plainville,East Main St,  ,  ,V,B,2.0,1,14-12(a)*,,False,N,False,False,I,2025-04-19 14:35:46,Infraction Ticket,,,False,1.0,CT0011000,20250422020234000001,2025-04-19 14:35:46,14:35:46,2025,14-213b,,,2025,Registration
2025-04-29 02:02:59.830000,7377201.0,CT0011000,Plainville,Racial Profile,15,25-5255,Case No.,2025-04-19 00:00:00,April,W,N,F,45,True,False, Plainville,Broad St,  ,  ,V,B,1.0,0,14-12(a)*,,False,N,False,False,I,2025-04-19 15:01:36,Infraction Ticket,,,False,1.0,CT0011000,20250429020253000001,2025-04-19 15:01:36,15:01:36,2025,,,,2025,Registration
2025-04-22 02:02:41.690000,7371440.0,CT0011000,Plainville,Racial Profile,15,25-5256,Case No.,2025-04-19 00:00:00,April,W,N,F,42,True,False, Plainville,East Main St,  ,  ,V,B,1.0,0,14-12(a)*,,False,N,False,False,I,2025-04-19 15:19:56,Infraction Ticket,,,False,1.0,CT0011000,20250422020234000001,2025-04-19 15:19:56,15:19:56,2025,,,,2025,Registration
2025-04-20 02:02:38.320000,7369875.0,CT0011000,Plainville,Racial Profile,19,25-5266,Case No.,2025-04-19 00:00:00,April,W,N,M,23,True,False, Plainville,Maple St,  ,  ,V,G,1.0,0,14-215,,False,N,False,False,V,2025-04-19 17:27:53,Verbal Warning,,,False,1.0,CT0011000,20250420020231000001,2025-04-19 17:27:53,17:27:53,2025,,,,2025,Administrative Offense
2025-04-20 02:02:38.303000,7369869.0,CT0011000,Plainville,Racial Profile,40,25-5231,Case No.,2025-04-19 00:00:00,April,W,N,M,22,True,False, Plainville,Unionville Ave,  ,  ,V,G,1.0,0,14-96a(a),,False,N,False,False,V,2025-04-19 01:28:08,Verbal Warning,,,False,1.0,CT0011000,20250420020231000001,2025-04-19 01:28:08,01:28:08,2025,,,,2025,Defective Lights
2025-04-20 02:02:38.303000,7369868.0,CT0011000,Plainville,Racial Profile,47,25-5228,Case No.,2025-04-19 00:00:00,April,W,M,M,42,True,False, Plainville,East St,  ,  ,V,G,1.0,0,14-236,,False,N,False,False,V,2025-04-19 00:47:14,Verbal Warning,,,False,1.0,CT0011000,20250420020231000001,2025-04-19 00:47:14,00:47:14,2025,,,,2025,Moving Violation
2025-04-22 02:02:41.697000,7371442.0,CT0011000,Plainville,Racial Profile,50,25-5273,Case No.,2025-04-19 00:00:00,April,W,N,M,18,True,True, Plainville,East St,  ,  ,V,G,1.0,0,14-299,,False,N,False,False,I,2025-04-19 22:40:53,Infraction Ticket,,,False,1.0,CT0011000,20250422020234000001,2025-04-19 22:40:53,22:40:53,2025,,,,2025,Traffic Control Signal
2025-04-30 02:03:00.483000,7378060.0,CT0011000,Plainville,Racial Profile,50,25-5275,Case No.,2025-04-19 00:00:00,April,W,N,F,80,True,True, Plainville,Farmington Ave,  ,  ,V,G,1.0,0,14-299,,False,N,False,False,V,2025-04-19 23:32:53,Verbal Warning,,,False,1.0,CT0011000,20250430020253000001,2025-04-19 23:32:53,23:32:53,2025,,,,2025,Traffic Control Signal
2025-04-30 02:03:00.487000,7378061.0,CT0011000,Plainville,Racial Profile,47,25-5286,Case No.,2025-04-20 00:00:00,April,W,H,M,17,True,True, Plainville,Franklin Ave,  ,  ,I,G,1.0,0,14-80(a),,False,N,False,False,N,2025-04-20 01:57:35,No Disposition,,,False,1.0,CT0011000,20250430020253000001,2025-04-20 01:57:35,01:57:35,2025,,,,2025,Equipment Violation
2025-04-23 02:02:45.897000,7372222.0,CT0011000,Plainville,Racial Profile,12,25-5340,Case No.,2025-04-21 00:00:00,April,W,N,M,60,False,True, Plainville,Hooker St,  ,  ,V,G,1.0,0,14-299,,False,N,False,False,V,2025-04-21 10:53:43,Verbal Warning,,,False,1.0,CT0011000,20250423020238000001,2025-04-21 10:53:43,10:53:43,2025,,,,2025,Traffic Control Signal
2025-04-24 02:02:51.610000,7373015.0,CT0011000,Plainville,Racial Profile,15,25-5355,Case No.,2025-04-21 00:00:00,April,W,H,M,33,False,False, Plainville,New Britain Ave,  ,  ,V,G,1.0,0,14-296aa(b1st,,False,N,False,False,V,2025-04-21 16:29:38,Verbal Warning,,,False,1.0,CT0011000,20250424020244000001,2025-04-21 16:29:38,16:29:38,2025,,,,2025,Cell Phone
2025-04-29 02:02:59.890000,7377218.0,CT0011000,Plainville,Racial Profile,15,25-5359,Case No.,2025-04-21 00:00:00,April,W,N,M,18,True,False, Plainville,East St,  ,  ,V,G,1.0,0,14-296aa(b1st,,False,N,False,False,I,2025-04-21 17:07:43,Infraction Ticket,,,False,1.0,CT0011000,20250429020253000001,2025-04-21 17:07:43,17:07:43,2025,,,,2025,Cell Phone
2025-04-23 02:02:45.920000,7372230.0,CT0011000,Plainville,Racial Profile,15,25-5366,Case No.,2025-04-21 00:00:00,April,W,N,M,40,True,True, Plainville,New Britain Ave,  ,  ,V,G,1.0,0,14-12(a)*,,False,N,False,False,I,2025-04-21 18:41:33,Infraction Ticket,,,False,1.0,CT0011000,20250423020238000001,2025-04-21 18:41:33,18:41:33,2025,,,,2025,Registration
2025-04-24 02:02:51.633000,7373020.0,CT0011000,Plainville,Racial Profile,15,25-5370,Case No.,2025-04-21 00:00:00,April,W,N,F,40,True,True, Plainville,New Britain Ave,  ,  ,V,B,1.0,0,14-12(a)*,,False,N,False,False,I,2025-04-21 19:28:56,Infraction Ticket,,,False,1.0,CT0011000,20250424020244000001,2025-04-21 19:28:56,19:28:56,2025,,,,2025,Registration
2025-04-22 02:02:41.770000,7371458.0,CT0011000,Plainville,Racial Profile,15,25-5371,Case No.,2025-04-21 00:00:00,April,B,N,F,54,True,True, Plainville,New Britain Ave,  ,  ,V,B,1.0,0,14-12(a)*,,False,N,False,False,I,2025-04-21 19:40:57,Infraction Ticket,,,False,1.0,CT0011000,20250422020234000001,2025-04-21 19:40:57,19:40:57,2025,,,,2025,Registration
2025-05-03 02:03:05.517000,7382300.0,CT0011000,Plainville,Racial Profile,48,25-5319,Case No.,2025-04-21 00:00:00,April,W,N,F,52,True,False, Plainville,New Britain Ave,  ,  ,V,G,1.0,0,14-96y,,False,N,False,False,V,2025-04-21 01:31:11,Verbal Warning,,,False,1.0,CT0011000,20250503020257000001,2025-04-21 01:31:11,01:31:11,2025,,,,2025,Defective Lights
2025-04-23 02:02:45.870000,7372218.0,CT0011000,Plainville,Racial Profile,48,25-5329,Case No.,2025-04-21 00:00:00,April,B,N,F,28,True,True, Plainville,East Main St,  ,  ,V,G,2.0,1,14-215,,False,N,False,False,M,2025-04-21 08:41:00,Misdemeanor Summons,,,False,1.0,CT0011000,20250423020238000001,2025-04-21 08:41:00,08:41:00,2025,14-213b,,,2025,Administrative Offense
2025-04-24 02:02:51.590000,7373010.0,CT0011000,Plainville,Racial Profile,48,25-5339,Case No.,2025-04-21 00:00:00,April,W,N,F,48,True,True, Plainville,East St,  ,  ,V,G,2.0,1,14-12(a)*,,False,N,False,False,M,2025-04-21 10:28:11,Misdemeanor Summons,,,False,1.0,CT0011000,20250424020244000001,2025-04-21 10:28:11,10:28:11,2025,14-215,,,2025,Registration
2025-04-29 02:02:59.867000,7377213.0,CT0011000,Plainville,Racial Profile,48,25-5342,Case No.,2025-04-21 00:00:00,April,W,H,F,23,True,True, Plainville,East Broad St,  ,  ,V,G,2.0,1,14-215,,False,N,False,False,M,2025-04-21 11:31:14,Misdemeanor Summons,,,False,1.0,CT0011000,20250429020253000001,2025-04-21 11:31:14,11:31:14,2025,14-36(a),,,2025,Administrative Offense
2025-04-23 02:02:45.900000,7372224.0,CT0011000,Plainville,Racial Profile,48,25-5347,Case No.,2025-04-21 00:00:00,April,W,N,M,0,True,True, Plainville,East St,  ,  ,V,G,1.0,0,14-18(a),,False,N,False,False,V,2025-04-21 14:29:14,Verbal Warning,,,False,1.0,CT0011000,20250423020238000001,2025-04-21 14:29:14,14:29:14,2025,,,,2025,Display of Plates
2025-04-24 02:02:51.603000,7373014.0,CT0011000,Plainville,Racial Profile,48,25-5348,Case No.,2025-04-21 00:00:00,April,W,M,M,58,True,False, Plainville,East St,  ,  ,V,G,2.0,1,14-215,,False,N,False,False,M,2025-04-21 15:01:32,Misdemeanor Summons,,,False,1.0,CT0011000,20250424020244000001,2025-04-21 15:01:32,15:01:32,2025,14-213B,,,2025,Administrative Offense
2025-04-28 02:02:55.843000,7376285.0,CT0011000,Plainville,Racial Profile,49,25-5336,Case No.,2025-04-21 00:00:00,April,B,N,M,61,True,False, Plainville,New Britain Ave,  ,  ,V,B,1.0,0,14-12(a)*,,False,N,False,False,V,2025-04-21 09:48:23,Verbal Warning,,,False,1.0,CT0011000,20250428020248000001,2025-04-21 09:48:23,09:48:23,2025,,,,2025,Registration
2025-05-08 02:02:59.627000,7398074.0,CT0011000,Plainville,Racial Profile,49,25-5337,Case No.,2025-04-21 00:00:00,April,W,N,M,32,True,False, Plainville,New Britain Ave,  ,  ,V,B,1.0,0,14-12(a)*,,False,N,False,False,N,2025-04-21 10:08:58,No Disposition,,,False,1.0,CT0011000,20250508020253000001,2025-04-21 10:08:58,10:08:58,2025,,,,2025,Registration
2025-04-24 02:02:51.610000,7373016.0,CT0011000,Plainville,Racial Profile,51,25-5358,Case No.,2025-04-21 00:00:00,April,W,N,F,36,True,False, Plainville,Northwest Dr,  ,  ,V,B,1.0,0,14-219,,False,N,False,False,I,2025-04-21 16:57:15,Infraction Ticket,,,False,1.0,CT0011000,20250424020244000001,2025-04-21 16:57:15,16:57:15,2025,14-298,,,2025,Speed Related
2025-04-23 02:02:45.917000,7372229.0,CT0011000,Plainville,Racial Profile,51,25-5362,Case No.,2025-04-21 00:00:00,April,W,N,M,39,True,False, Plainville,Northwest Dr,  ,  ,V,G,1.0,0,14-219,,False,N,False,False,I,2025-04-21 17:17:29,Infraction Ticket,,,False,1.0,CT0011000,20250423020238000001,2025-04-21 17:17:29,17:17:29,2025,,,,2025,Speed Related
2025-04-27 02:02:53.883000,7375481.0,CT0011000,Plainville,Racial Profile,15,25-5425,Case No.,2025-04-22 00:00:00,April,W,N,F,28,True,False, Plainville,Cooke St,  ,  ,V,G,1.0,0,14-12(a)*,,False,N,False,False,V,2025-04-22 16:38:34,Verbal Warning,,,False,1.0,CT0011000,20250427020246000001,2025-04-22 16:38:34,16:38:34,2025,,,,2025,Registration
2025-04-23 02:02:45.960000,7372243.0,CT0011000,Plainville,Racial Profile,15,25-5429,Case No.,2025-04-22 00:00:00,April,W,N,F,64,True,False, Plainville,East St,  ,  ,V,G,1.0,0,14-296aa(b1st,,False,N,False,False,I,2025-04-22 17:24:07,Infraction Ticket,,,False,1.0,CT0011000,20250423020238000001,2025-04-22 17:24:07,17:24:07,2025,,,,2025,Cell Phone
2025-04-27 02:02:53.910000,7375489.0,CT0011000,Plainville,Racial Profile,15,25-5438,Case No.,2025-04-22 00:00:00,April,W,N,F,55,True,True, Plainville,EAST ST,  ,  ,V,G,1.0,0,14-296aa(b1st,,False,N,False,False,I,2025-04-22 18:36:32,Infraction Ticket,,,False,1.0,CT0011000,20250427020246000001,2025-04-22 18:36:32,18:36:32,2025,,,,2025,Cell Phone
2025-05-01 02:02:59.883000,7378985.0,CT0011000,Plainville,Racial Profile,15,25-5439,Case No.,2025-04-22 00:00:00,April,W,N,F,42,True,False, Plainville,East St,  ,  ,V,G,1.0,0,14-296aa(b1st,,False,N,False,False,I,2025-04-22 18:45:41,Infraction Ticket,,,False,1.0,CT0011000,20250501020253000001,2025-04-22 18:45:41,18:45:41,2025,,,,2025,Cell Phone
2025-04-23 02:02:45.937000,7372236.0,CT0011000,Plainville,Racial Profile,25,25-5400,Case No.,2025-04-22 00:00:00,April,W,N,M,43,True,True, Plainville,North Washington St,  ,  ,V,B,1.0,0,14-232(1),,False,N,False,False,V,2025-04-22 07:47:07,Verbal Warning,,,False,1.0,CT0011000,20250423020238000001,2025-04-22 07:47:07,07:47:07,2025,,,,2025,Moving Violation
2025-04-30 02:03:00.573000,7378084.0,CT0011000,Plainville,Racial Profile,33,25-5408,Case No.,2025-04-22 00:00:00,April,W,H,F,23,True,True, Plainville,Whiting St,  ,  ,V,G,1.0,0,14-12(a),,False,N,False,False,V,2025-04-22 11:38:07,Verbal Warning,,,False,1.0,CT0011000,20250430020253000001,2025-04-22 11:38:07,11:38:07,2025,,,,2025,Registration
2025-04-27 02:02:53.880000,7375480.0,CT0011000,Plainville,Racial Profile,36,25-5416,Case No.,2025-04-22 00:00:00,April,W,N,M,0,True,False, Plainville,East Main St,  ,  ,E,B,1.0,0,14-96c,,False,N,False,False,V,2025-04-22 15:36:50,Verbal Warning,,,False,1.0,CT0011000,20250427020246000001,2025-04-22 15:36:50,15:36:50,2025,,,,2025,Defective Lights
2025-04-24 02:02:51.637000,7373022.0,CT0011000,Plainville,Racial Profile,40,25-5395,Case No.,2025-04-22 00:00:00,April,W,H,F,64,True,False, Plainville,Woodford Ave,  ,  ,V,G,1.0,0,14-219,,False,N,False,False,V,2025-04-22 06:20:23,Verbal Warning,,,False,1.0,CT0011000,20250424020244000001,2025-04-22 06:20:23,06:20:23,2025,,,,2025,Speed Related
2025-04-28 02:02:55.883000,7376300.0,CT0011000,Plainville,Racial Profile,40,25-5397,Case No.,2025-04-22 00:00:00,April,W,H,F,29,True,False, Plainville,East St,  ,  ,V,G,1.0,0,14-219,,False,N,False,False,V,2025-04-22 06:25:54,Verbal Warning,,,False,1.0,CT0011000,20250428020248000001,2025-04-22 06:25:54,06:25:54,2025,,,,2025,Speed Related
2025-04-23 02:02:45.933000,7372235.0,CT0011000,Plainville,Racial Profile,40,25-5398,Case No.,2025-04-22 00:00:00,April,W,N,F,54,True,True, Plainville,Woodford Ave,  ,  ,V,G,1.0,0,14-219,,False,N,False,False,V,2025-04-22 06:38:43,Verbal Warning,,,False,1.0,CT0011000,20250423020238000001,2025-04-22 06:38:43,06:38:43,2025,,,,2025,Speed Related
2025-04-28 02:02:55.937000,7376311.0,CT0011000,Plainville,Racial Profile,43,25-5432,Case No.,2025-04-22 00:00:00,April,W,N,M,78,True,False, Plainville,Farmington Ave,  ,  ,V,G,1.0,0,14-299,,False,N,False,False,V,2025-04-22 17:48:21,Verbal Warning,,,False,1.0,CT0011000,20250428020248000001,2025-04-22 17:48:21,17:48:21,2025,,,,2025,Traffic Control Signal
2025-04-24 02:02:51.717000,7373039.0,CT0011000,Plainville,Racial Profile,48,25-5440,Case No.,2025-04-22 00:00:00,April,W,N,F,33,True,True, Plainville,East Main St,  ,  ,V,G,1.0,0,14-296aa(b1st,,False,N,False,False,I,2025-04-22 18:48:59,Infraction Ticket,,,False,1.0,CT0011000,20250424020244000001,2025-04-22 18:48:59,18:48:59,2025,,,,2025,Cell Phone
2025-04-29 02:02:59.980000,7377242.0,CT0011000,Plainville,Racial Profile,48,25-5441,Case No.,2025-04-22 00:00:00,April,W,N,M,29,True,False, Plainville,Williams St,  ,  ,V,G,1.0,0,14-296aa(b1st,,False,N,False,False,I,2025-04-22 18:59:50,Infraction Ticket,,,False,1.0,CT0011000,20250429020253000001,2025-04-22 18:59:50,18:59:50,2025,,,,2025,Cell Phone
2025-04-26 02:02:50.420000,7374658.0,CT0011000,Plainville,Racial Profile,48,25-5443,Case No.,2025-04-22 00:00:00,April,W,H,F,33,True,True, Plainville,New Britain Ave,  ,  ,V,G,1.0,0,14-296aa(b1st,,False,N,False,False,I,2025-04-22 19:09:08,Infraction Ticket,,,False,1.0,CT0011000,20250426020243000001,2025-04-22 19:09:08,19:09:08,2025,,,,2025,Cell Phone
2025-04-28 02:02:55.890000,7376303.0,CT0011000,Plainville,Racial Profile,49,25-5402,Case No.,2025-04-22 00:00:00,April,W,H,M,30,True,False, Plainville,New Britain Ave,  ,  ,V,B,1.0,0,14-35a(sbs),,False,N,False,False,V,2025-04-22 09:08:37,Verbal Warning,,,False,1.0,CT0011000,20250428020248000001,2025-04-22 09:08:37,09:08:37,2025,,,,2025,Other
2025-04-24 02:02:51.650000,7373027.0,CT0011000,Plainville,Racial Profile,49,25-5403,Case No.,2025-04-22 00:00:00,April,B,N,F,46,True,False, Plainville,CT Commons,  ,  ,V,B,1.0,0,14-35a(sbs),,False,N,False,False,V,2025-04-22 09:26:10,Verbal Warning,,,False,1.0,CT0011000,20250424020244000001,2025-04-22 09:26:10,09:26:10,2025,,,,2025,Other
2025-04-30 02:03:00.597000,7378087.0,CT0011000,Plainville,Racial Profile,50,25-5428,Case No.,2025-04-22 00:00:00,April,W,N,F,25,True,False, Plainville,Unionville Ave,  ,  ,V,G,1.0,0,14-219,,False,N,False,False,V,2025-04-22 17:17:35,Verbal Warning,,,False,1.0,CT0011000,20250430020253000001,2025-04-22 17:17:35,17:17:35,2025,,,,2025,Speed Related
2025-04-24 02:02:51.670000,7373033.0,CT0011000,Plainville,Racial Profile,50,25-5430,Case No.,2025-04-22 00:00:00,April,W,N,F,37,True,True, Plainville,Unionville Ave,  ,  ,V,G,1.0,0,14-219,,False,N,False,False,V,2025-04-22 17:35:33,Verbal Warning,,,False,1.0,CT0011000,20250424020244000001,2025-04-22 17:35:33,17:35:33,2025,,,,2025,Speed Related
2025-04-26 02:02:50.400000,7374651.0,CT0011000,Plainville,Racial Profile,50,25-5434,Case No.,2025-04-22 00:00:00,April,W,N,F,50,True,False, Plainville,Unionville Ave,  ,  ,V,B,1.0,0,14-219,,False,N,False,False,V,2025-04-22 17:53:34,Verbal Warning,,,False,1.0,CT0011000,20250426020243000001,2025-04-22 17:53:34,17:53:34,2025,,,,2025,Speed Related
2025-04-26 02:02:50.403000,7374652.0,CT0011000,Plainville,Racial Profile,50,25-5435,Case No.,2025-04-22 00:00:00,April,W,N,F,37,True,False, Plainville,Unionville Ave,  ,  ,V,B,1.0,0,14-219,,False,N,False,False,V,2025-04-22 18:09:05,Verbal Warning,,,False,1.0,CT0011000,20250426020243000001,2025-04-22 18:09:05,18:09:05,2025,,,,2025,Speed Related
2025-04-26 02:02:50.403000,7374653.0,CT0011000,Plainville,Racial Profile,50,25-5436,Case No.,2025-04-22 00:00:00,April,W,N,M,21,True,False, Plainville,Camp St,  ,  ,V,B,1.0,0,14-219,,False,N,False,False,V,2025-04-22 18:14:03,Verbal Warning,,,False,1.0,CT0011000,20250426020243000001,2025-04-22 18:14:03,18:14:03,2025,,,,2025,Speed Related
2025-04-26 02:02:50.423000,7374659.0,CT0011000,Plainville,Racial Profile,50,25-5445,Case No.,2025-04-22 00:00:00,April,W,N,F,24,True,True, Plainville,Bohemia St,  ,  ,V,G,1.0,0,14-301,,False,N,False,False,I,2025-04-22 19:36:11,Infraction Ticket,,,False,1.0,CT0011000,20250426020243000001,2025-04-22 19:36:11,19:36:11,2025,,,,2025,Stop Sign
2025-04-23 02:02:45.990000,7372254.0,CT0011000,Plainville,Racial Profile,50,25-5446,Case No.,2025-04-22 00:00:00,April,W,N,M,61,True,False, Plainville,West Main St,  ,  ,V,G,1.0,0,14-301,,False,N,False,False,I,2025-04-22 19:45:20,Infraction Ticket,,,False,1.0,CT0011000,20250423020238000001,2025-04-22 19:45:20,19:45:20,2025,,,,2025,Stop Sign
2025-04-26 02:02:50.427000,7374661.0,CT0011000,Plainville,Racial Profile,51,25-5448,Case No.,2025-04-22 00:00:00,April,W,N,M,21,True,False, Plainville,East St,  ,  ,V,G,1.0,0,14-219,,False,N,False,False,V,2025-04-22 21:08:45,Verbal Warning,,,False,1.0,CT0011000,20250426020243000001,2025-04-22 21:08:45,21:08:45,2025,,,,2025,Speed Related
2025-04-24 02:02:51.763000,7373045.0,CT0011000,Plainville,Racial Profile,51,25-5450,Case No.,2025-04-22 00:00:00,April,B,N,F,67,True,False, Plainville,Woodford Ave,  ,  ,V,G,1.0,0,14-219,,False,N,False,False,V,2025-04-22 21:39:03,Verbal Warning,,,False,1.0,CT0011000,20250424020244000001,2025-04-22 21:39:03,21:39:03,2025,,,,2025,Speed Related
2025-04-27 02:02:53.940000,7375500.0,CT0011000,Plainville,Racial Profile,15,25-5489,Case No.,2025-04-23 00:00:00,April,W,N,M,32,True,False, Plainville,East St,  ,  ,V,G,1.0,0,14-296aa(b1st,,False,N,False,False,V,2025-04-23 16:39:30,Verbal Warning,,,False,1.0,CT0011000,20250427020246000001,2025-04-23 16:39:30,16:39:30,2025,,,,2025,Cell Phone
2025-04-27 02:02:53.960000,7375503.0,CT0011000,Plainville,Racial Profile,15,25-5492,Case No.,2025-04-23 00:00:00,April,W,N,F,39,True,False, Plainville,East St,  ,  ,V,G,1.0,0,14-296aa(b1st,,False,N,False,False,I,2025-04-23 16:50:21,Infraction Ticket,,,False,1.0,CT0011000,20250427020246000001,2025-04-23 16:50:21,16:50:21,2025,,,,2025,Cell Phone
2025-04-29 02:03:00.020000,7377254.0,CT0011000,Plainville,Racial Profile,15,25-5496,Case No.,2025-04-23 00:00:00,April,W,N,F,53,True,False, Plainville,New Britain Ave,  ,  ,V,G,1.0,0,14-296aa(b1st,,False,N,False,False,V,2025-04-23 17:22:00,Verbal Warning,,,False,1.0,CT0011000,20250429020253000001,2025-04-23 17:22:00,17:22:00,2025,,,,2025,Cell Phone
2025-04-29 02:03:00.027000,7377255.0,CT0011000,Plainville,Racial Profile,15,25-5497,Case No.,2025-04-23 00:00:00,April,W,N,M,24,False,False, Plainville,East St,  ,  ,V,G,1.0,0,14-296aa(b1st,,False,N,False,False,V,2025-04-23 17:31:32,Verbal Warning,,,False,1.0,CT0011000,20250429020253000001,2025-04-23 17:31:32,17:31:32,2025,,,,2025,Cell Phone
2025-04-28 02:02:56.003000,7376332.0,CT0011000,Plainville,Racial Profile,15,25-5498,Case No.,2025-04-23 00:00:00,April,W,N,F,64,True,False, Plainville,East St,  ,  ,V,G,1.0,0,14-296aa(b1st,,False,N,False,False,I,2025-04-23 17:47:11,Infraction Ticket,,,False,1.0,CT0011000,20250428020248000001,2025-04-23 17:47:11,17:47:11,2025,,,,2025,Cell Phone
2025-04-24 02:02:51.800000,7373055.0,CT0011000,Plainville,Racial Profile,15,25-5502,Case No.,2025-04-23 00:00:00,April,A,N,F,24,True,False, Plainville,East St,  ,  ,V,G,1.0,0,14-296aa(b1st,,False,N,False,False,V,2025-04-23 18:17:47,Verbal Warning,,,False,1.0,CT0011000,20250424020244000001,2025-04-23 18:17:47,18:17:47,2025,,,,2025,Cell Phone
2025-04-28 02:02:56.017000,7376336.0,CT0011000,Plainville,Racial Profile,36,25-5510,Case No.,2025-04-23 00:00:00,April,B,N,M,16,True,True, Plainville,Northwest Dr,  ,  ,V,B,2.0,0,14-219(c)(2),,False,N,False,False,M,2025-04-23 22:27:17,Misdemeanor Summons,,,False,1.0,CT0011000,20250428020248000001,2025-04-23 22:27:17,22:27:17,2025,,,,2025,Speed Related
2025-04-27 02:02:53.953000,7375502.0,CT0011000,Plainville,Racial Profile,37,25-5493,Case No.,2025-04-23 00:00:00,April,W,N,F,56,True,False, Plainville,New Britain Ave,  ,  ,V,G,1.0,0,14-299,,False,N,False,False,V,2025-04-23 16:52:40,Verbal Warning,,,False,1.0,CT0011000,20250427020246000001,2025-04-23 16:52:40,16:52:40,2025,,,,2025,Traffic Control Signal
2025-04-25 02:02:50.973000,7373839.0,CT0011000,Plainville,Racial Profile,48,25-5466,Case No.,2025-04-23 00:00:00,April,B,N,F,26,True,False, Plainville,Hooker St,  ,  ,V,G,2.0,1,14-215,,False,N,False,False,M,2025-04-23 06:55:05,Misdemeanor Summons,,,False,1.0,CT0011000,20250425020244000001,2025-04-23 06:55:05,06:55:05,2025,14-213b,,,2025,Administrative Offense
2025-04-25 02:02:50.990000,7373840.0,CT0011000,Plainville,Racial Profile,48,25-5472,Case No.,2025-04-23 00:00:00,April,W,N,F,66,True,False, Plainville,West Main St,  ,  ,V,G,1.0,0,14-236,,False,N,False,False,V,2025-04-23 11:15:33,Verbal Warning,,,False,1.0,CT0011000,20250425020244000001,2025-04-23 11:15:33,11:15:33,2025,,,,2025,Moving Violation
2025-04-24 02:02:51.777000,7373049.0,CT0011000,Plainville,Racial Profile,51,25-5491,Case No.,2025-04-23 00:00:00,April,W,H,F,22,True,False, Plainville,Northwest Dr,  ,  ,V,G,1.0,0,14-296aa(b1st,,False,N,False,False,V,2025-04-23 16:49:09,Verbal Warning,,,False,1.0,CT0011000,20250424020244000001,2025-04-23 16:49:09,16:49:09,2025,,,,2025,Cell Phone
2025-04-27 02:02:53.977000,7375508.0,CT0011000,Plainville,Racial Profile,51,25-5507,Case No.,2025-04-23 00:00:00,April,W,N,F,18,True,True, Plainville,Northwest Dr,  ,  ,V,B,1.0,0,14-218a,,False,N,False,False,I,2025-04-23 21:20:16,Infraction Ticket,,,False,1.0,CT0011000,20250427020246000001,2025-04-23 21:20:16,21:20:16,2025,,,,2025,Speed Related
2025-04-24 02:02:51.810000,7373057.0,CT0011000,Plainville,Racial Profile,51,25-5509,Case No.,2025-04-23 00:00:00,April,W,N,F,36,True,False, Plainville,Northwest Dr,  ,  ,V,B,1.0,0,14-219,,False,N,False,False,I,2025-04-23 22:11:53,Infraction Ticket,,,False,1.0,CT0011000,20250424020244000001,2025-04-23 22:11:53,22:11:53,2025,,,,2025,Speed Related
2025-04-28 02:02:56.020000,7376337.0,CT0011000,Plainville,Racial Profile,12,25-5556,Case No.,2025-04-24 00:00:00,April,W,N,M,35,False,False, Plainville,Farmington Ave,  ,  ,V,G,1.0,0,14-296aa(b1st,,False,N,False,False,V,2025-04-24 16:30:42,Verbal Warning,,,False,1.0,CT0011000,20250428020248000001,2025-04-24 16:30:42,16:30:42,2025,,,,2025,Cell Phone
2025-05-05 02:03:05.913000,7384148.0,CT0011000,Plainville,Racial Profile,12,25-5562,Case No.,2025-04-24 00:00:00,April,W,N,M,49,True,False, Plainville,Northwest Dr,  ,  ,V,G,2.0,1,14-18(a),,False,N,False,False,M,2025-04-24 17:24:36,Misdemeanor Summons,,,False,1.0,CT0011000,20250505020258000001,2025-04-24 17:24:36,17:24:36,2025,,,,2025,Display of Plates
2025-04-28 02:02:56.030000,7376341.0,CT0011000,Plainville,Racial Profile,12,25-5565,Case No.,2025-04-24 00:00:00,April,W,N,F,48,True,False, Plainville,Farmington Ave,  ,  ,V,G,2.0,1,14-296aa(b1st,,False,N,False,False,M,2025-04-24 17:41:35,Misdemeanor Summons,,,False,1.0,CT0011000,20250428020248000001,2025-04-24 17:41:35,17:41:35,2025,14-215,,,2025,Cell Phone
2025-04-29 02:03:00.060000,7377263.0,CT0011000,Plainville,Racial Profile,24,25-5559,Case No.,2025-04-24 00:00:00,April,W,N,F,35,True,False, Plainville,West Main St,  ,  ,V,G,1.0,0,14-296aa(b1st,,False,N,False,False,I,2025-04-24 17:04:45,Infraction Ticket,,,False,1.0,CT0011000,20250429020253000001,2025-04-24 17:04:45,17:04:45,2025,,,,2025,Cell Phone
2025-06-07 02:04:05.543000,7465772.0,CT0011000,Plainville,Racial Profile,28,25-5538,Case No.,2025-04-24 00:00:00,April,W,N,F,40,True,True, Plainville,Laurel Ct,  ,  ,V,G,1.0,0,14-301,,False,N,False,False,V,2025-04-24 08:46:06,Verbal Warning,,,False,1.0,CT0011000,20250607020357000001,2025-04-24 08:46:06,08:46:06,2025,,,,2025,Stop Sign
2025-06-13 02:04:22.063000,7472631.0,CT0011000,Plainville,Racial Profile,28,25-5539,Case No.,2025-04-24 00:00:00,April,W,N,F,56,True,False, Plainville,Laurel Ct,  ,  ,V,G,1.0,0,14-301,,False,N,False,False,V,2025-04-24 08:54:04,Verbal Warning,,,False,1.0,CT0011000,20250613020413000001,2025-04-24 08:54:04,08:54:04,2025,,,,2025,Stop Sign
2025-04-27 02:02:54.020000,7375514.0,CT0011000,Plainville,Racial Profile,37,25-5566,Case No.,2025-04-24 00:00:00,April,W,M,F,42,True,False, Plainville,East St,  ,  ,V,G,1.0,0,14-299,,False,N,False,False,W,2025-04-24 18:28:52,Written Ticket,,,False,1.0,CT0011000,20250427020246000001,2025-04-24 18:28:52,18:28:52,2025,,,,2025,Traffic Control Signal
2025-04-27 02:02:53.997000,7375512.0,CT0011000,Plainville,Racial Profile,43,25-5558,Case No.,2025-04-24 00:00:00,April,W,N,M,59,True,False, Plainville,East St,  ,  ,V,G,1.0,0,14-296aa(b1st,,False,N,False,False,I,2025-04-24 16:53:39,Infraction Ticket,,,False,1.0,CT0011000,20250427020246000001,2025-04-24 16:53:39,16:53:39,2025,,,,2025,Cell Phone
2025-04-25 02:02:51.040000,7373854.0,CT0011000,Plainville,Racial Profile,50,25-5569,Case No.,2025-04-24 00:00:00,April,W,N,F,30,True,False, Plainville,East St,  ,  ,V,B,1.0,0,14-12(a)*,,False,N,False,False,V,2025-04-24 19:26:44,Verbal Warning,,,False,1.0,CT0011000,20250425020244000001,2025-04-24 19:26:44,19:26:44,2025,,,,2025,Registration
2025-04-26 02:02:50.480000,7374680.0,CT0011000,Plainville,Racial Profile,50,25-5570,Case No.,2025-04-24 00:00:00,April,W,N,M,74,True,True, Plainville,East Broad St,  ,  ,V,B,1.0,0,14-12(a)*,,False,N,False,False,V,2025-04-24 19:41:28,Verbal Warning,,,False,1.0,CT0011000,20250426020243000001,2025-04-24 19:41:28,19:41:28,2025,,,,2025,Registration
2025-04-28 02:02:56.070000,7376356.0,CT0011000,Plainville,Racial Profile,37,25-5638,Case No.,2025-04-25 00:00:00,April,B,N,M,28,True,False, Plainville,East St,  ,  ,V,G,1.0,0,14-299,,False,N,False,False,W,2025-04-25 20:06:15,Written Ticket,,,False,1.0,CT0011000,20250428020248000001,2025-04-25 20:06:15,20:06:15,2025,,,,2025,Traffic Control Signal
2025-04-26 02:02:50.493000,7374686.0,CT0011000,Plainville,Racial Profile,39,25-5629,Case No.,2025-04-25 00:00:00,April,W,N,M,30,True,True, Plainville,East St,  ,  ,E,G,1.0,0,14-18(c),,False,N,False,False,V,2025-04-25 17:43:10,Verbal Warning,,,False,1.0,CT0011000,20250426020243000001,2025-04-25 17:43:10,17:43:10,2025,,,,2025,Display of Plates
2025-04-29 02:03:00.090000,7377271.0,CT0011000,Plainville,Racial Profile,43,25-5619,Case No.,2025-04-25 00:00:00,April,W,N,M,27,True,False, Plainville,New Britain Ave,  ,  ,V,G,1.0,0,14-296aa(b1st,,False,N,False,False,V,2025-04-25 16:28:15,Verbal Warning,,,False,1.0,CT0011000,20250429020253000001,2025-04-25 16:28:15,16:28:15,2025,,,,2025,Cell Phone
2025-04-26 02:02:50.480000,7374681.0,CT0011000,Plainville,Racial Profile,47,25-5578,Case No.,2025-04-25 00:00:00,April,W,N,F,22,True,False, Plainville,New Britain Ave,  ,  ,V,G,2.0,1,14-215(a),,False,N,False,False,M,2025-04-25 00:35:30,Misdemeanor Summons,,,False,1.0,CT0011000,20250426020243000001,2025-04-25 00:35:30,00:35:30,2025,,,,2025,Administrative Offense
2025-04-28 02:02:56.040000,7376346.0,CT0011000,Plainville,Racial Profile,47,25-5603,Case No.,2025-04-25 00:00:00,April,W,H,M,22,True,True, Plainville,Pine St,  ,  ,V,G,2.0,1,14-215(a),,False,N,False,False,M,2025-04-25 11:39:42,Misdemeanor Summons,,,False,1.0,CT0011000,20250428020248000001,2025-04-25 11:39:42,11:39:42,2025,14-213b,,,2025,Administrative Offense
2025-05-01 02:02:59.957000,7379017.0,CT0011000,Plainville,Racial Profile,7,25-5624,Case No.,2025-04-25 00:00:00,April,W,N,M,38,True,False, Plainville,Redstone Hill,  ,  ,V,G,2.0,0,14-219(c),,False,N,False,False,M,2025-04-25 17:07:12,Misdemeanor Summons,,,False,1.0,CT0011000,20250501020253000001,2025-04-25 17:07:12,17:07:12,2025,,,,2025,Speed Related
2025-05-01 02:02:59.960000,7379018.0,CT0011000,Plainville,Racial Profile,7,25-5626,Case No.,2025-04-25 00:00:00,April,W,N,F,41,True,False, Plainville,Broad St,  ,  ,V,G,1.0,0,14-218a,,False,N,False,False,V,2025-04-25 17:32:12,Verbal Warning,,,False,1.0,CT0011000,20250501020253000001,2025-04-25 17:32:12,17:32:12,2025,,,,2025,Speed Related
2025-04-26 02:02:50.490000,7374685.0,CT0011000,Plainville,Racial Profile,7,25-5628,Case No.,2025-04-25 00:00:00,April,W,N,F,53,True,True, Plainville,Broad St,  ,  ,V,G,1.0,0,14-218a,,False,N,False,False,V,2025-04-25 17:41:57,Verbal Warning,,,False,1.0,CT0011000,20250426020243000001,2025-04-25 17:41:57,17:41:57,2025,,,,2025,Speed Related
2025-04-27 02:02:54.070000,7375524.0,CT0011000,Plainville,Racial Profile,7,25-5630,Case No.,2025-04-25 00:00:00,April,W,N,F,17,True,True, Plainville,Redstone Hill,  ,  ,V,G,1.0,0,14-219,,False,N,False,False,W,2025-04-25 17:50:09,Written Ticket,,,False,1.0,CT0011000,20250427020246000001,2025-04-25 17:50:09,17:50:09,2025,,,,2025,Speed Related
2025-04-27 02:02:54.073000,7375525.0,CT0011000,Plainville,Racial Profile,7,25-5633,Case No.,2025-04-25 00:00:00,April,W,N,F,26,True,False, Plainville,Washington St,  ,  ,V,G,1.0,0,14-296aa(b1st,,False,N,False,False,I,2025-04-25 18:05:49,Infraction Ticket,,,False,1.0,CT0011000,20250427020246000001,2025-04-25 18:05:49,18:05:49,2025,,,,2025,Cell Phone
2025-04-27 02:02:54.080000,7375526.0,CT0011000,Plainville,Racial Profile,7,25-5634,Case No.,2025-04-25 00:00:00,April,B,N,F,24,True,False, Plainville,Broad St,  ,  ,V,G,1.0,0,14-218a,,False,N,False,False,I,2025-04-25 18:29:20,Infraction Ticket,,,False,1.0,CT0011000,20250427020246000001,2025-04-25 18:29:20,18:29:20,2025,14-298,,,2025,Speed Related
2025-04-29 02:03:00.123000,7377279.0,CT0011000,Plainville,Racial Profile,7,25-5637,Case No.,2025-04-25 00:00:00,April,A,N,F,47,True,False, Plainville,Northwest Dr,  ,  ,V,G,1.0,0,14-218a,,False,N,False,False,I,2025-04-25 19:50:29,Infraction Ticket,,,False,1.0,CT0011000,20250429020253000001,2025-04-25 19:50:29,19:50:29,2025,14-298,,,2025,Speed Related
2025-05-02 02:03:03.507000,7381497.0,CT0011000,Plainville,Racial Profile,34,25-5681,Case No.,2025-04-26 00:00:00,April,W,H,M,54,True,False, Plainville,East St,  ,  ,V,B,1.0,0,14-299,,False,N,False,False,V,2025-04-26 09:58:17,Verbal Warning,,,False,1.0,CT0011000,20250502020255000001,2025-04-26 09:58:17,09:58:17,2025,,,,2025,Traffic Control Signal
2025-05-06 02:03:03.940000,7395113.0,CT0011000,Plainville,Racial Profile,39,25-5700,Case No.,2025-04-26 00:00:00,April,B,N,M,41,True,False, Plainville,Unionville Ave,  ,  ,V,B,1.0,0,14-218a,,False,N,False,False,I,2025-04-26 16:53:49,Infraction Ticket,,,False,1.0,CT0011000,20250506020256000001,2025-04-26 16:53:49,16:53:49,2025,,,,2025,Speed Related
2025-05-05 02:03:05.977000,7384165.0,CT0011000,Plainville,Racial Profile,40,25-5653,Case No.,2025-04-26 00:00:00,April,W,M,M,22,True,False, Plainville,Woodford Ave,  ,  ,V,G,1.0,0,14-219,,False,N,False,False,V,2025-04-26 01:00:28,Verbal Warning,,,False,1.0,CT0011000,20250505020258000001,2025-04-26 01:00:28,01:00:28,2025,,,,2025,Speed Related
2025-05-05 02:03:05.980000,7384166.0,CT0011000,Plainville,Racial Profile,40,25-5654,Case No.,2025-04-26 00:00:00,April,W,N,M,20,True,True, Plainville,Woodford Ave,  ,  ,V,G,1.0,0,14-219,,False,N,False,False,V,2025-04-26 01:08:38,Verbal Warning,,,False,1.0,CT0011000,20250505020258000001,2025-04-26 01:08:38,01:08:38,2025,,,,2025,Speed Related
2025-04-27 02:02:54.097000,7375531.0,CT0011000,Plainville,Racial Profile,40,25-5656,Case No.,2025-04-26 00:00:00,April,W,N,M,52,True,False, Plainville,Woodford Ave,  ,  ,V,G,1.0,0,14-219,,False,N,False,False,V,2025-04-26 01:17:54,Verbal Warning,,,False,1.0,CT0011000,20250427020246000001,2025-04-26 01:17:54,01:17:54,2025,,,,2025,Speed Related
2025-04-27 02:02:54.103000,7375533.0,CT0011000,Plainville,Racial Profile,40,25-5660,Case No.,2025-04-26 00:00:00,April,W,H,F,31,True,False, Plainville,Pine St,  ,  ,V,G,1.0,0,14-219,,False,N,False,False,V,2025-04-26 01:31:18,Verbal Warning,,,False,1.0,CT0011000,20250427020246000001,2025-04-26 01:31:18,01:31:18,2025,,,,2025,Speed Related
2025-04-27 02:02:54.100000,7375532.0,CT0011000,Plainville,Racial Profile,47,25-5659,Case No.,2025-04-26 00:00:00,April,W,N,M,36,True,False, Plainville,East Main St,  ,  ,V,G,1.0,0,14-96c,,False,N,False,False,V,2025-04-26 01:28:50,Verbal Warning,,,False,1.0,CT0011000,20250427020246000001,2025-04-26 01:28:50,01:28:50,2025,,,,2025,Defective Lights
2025-04-27 02:02:54.107000,7375534.0,CT0011000,Plainville,Racial Profile,47,25-5666,Case No.,2025-04-26 00:00:00,April,W,N,M,36,True,False, Plainville,West Broad St,  ,  ,V,G,2.0,0,14-301,,True,O,False,True,U,2025-04-26 01:58:25,Uniform ArrestReport,,,False,1.0,CT0011000,20250427020246000001,2025-04-26 01:58:25,01:58:25,2025,53a-173,,,2025,Stop Sign
2025-05-01 02:03:00.003000,7379033.0,CT0011000,Plainville,Racial Profile,7,25-5682,Case No.,2025-04-26 00:00:00,April,W,H,M,32,True,False, Plainville,New Britain Ave,  ,  ,V,G,1.0,0,14-299,,False,N,False,False,V,2025-04-26 10:13:21,Verbal Warning,,,False,1.0,CT0011000,20250501020253000001,2025-04-26 10:13:21,10:13:21,2025,,,,2025,Traffic Control Signal
2025-05-01 02:03:00.017000,7379034.0,CT0011000,Plainville,Racial Profile,7,25-5683,Case No.,2025-04-26 00:00:00,April,W,N,F,79,True,False, Plainville,Redstone Hill,  ,  ,V,G,1.0,0,14-218a,,False,N,False,False,V,2025-04-26 10:47:44,Verbal Warning,,,False,1.0,CT0011000,20250501020253000001,2025-04-26 10:47:44,10:47:44,2025,,,,2025,Speed Related
2025-05-03 02:03:05.870000,7382383.0,CT0011000,Plainville,Racial Profile,7,25-5684,Case No.,2025-04-26 00:00:00,April,W,N,M,49,True,False, Plainville,Broad St,  ,  ,V,G,1.0,0,14-218a,,False,N,False,False,I,2025-04-26 10:56:38,Infraction Ticket,,,False,1.0,CT0011000,20250503020257000001,2025-04-26 10:56:38,10:56:38,2025,14-298,,,2025,Speed Related
2025-05-01 02:03:00.023000,7379036.0,CT0011000,Plainville,Racial Profile,7,25-5686,Case No.,2025-04-26 00:00:00,April,W,N,M,26,True,True, Plainville,Broad St,  ,  ,V,G,1.0,0,14-298,,False,N,False,False,V,2025-04-26 11:14:49,Verbal Warning,,,False,1.0,CT0011000,20250501020253000001,2025-04-26 11:14:49,11:14:49,2025,,,,2025,STC Violation
2025-04-28 02:02:56.097000,7376367.0,CT0011000,Plainville,Racial Profile,7,25-5693,Case No.,2025-04-26 00:00:00,April,W,N,F,23,True,False, Plainville,East Main St,  ,  ,V,G,3.0,1,14-215,,False,N,False,False,M,2025-04-26 14:57:00,Misdemeanor Summons,,,False,1.0,CT0011000,20250428020248000001,2025-04-26 14:57:00,14:57:00,2025,,,,2025,Administrative Offense
2025-04-28 02:02:56.100000,7376368.0,CT0011000,Plainville,Racial Profile,7,25-5694,Case No.,2025-04-26 00:00:00,April,B,N,F,24,False,False, Plainville,Broad St,  ,  ,V,G,1.0,0,14-218a,,False,N,False,False,I,2025-04-26 15:42:31,Infraction Ticket,,,False,1.0,CT0011000,20250428020248000001,2025-04-26 15:42:31,15:42:31,2025,14-298,,,2025,Speed Related
2025-05-01 02:03:00.053000,7379043.0,CT0011000,Plainville,Racial Profile,15,25-5798,Case No.,2025-04-28 00:00:00,April,W,N,F,17,True,True, Plainville,East St,  ,  ,V,G,1.0,0,14-296aa(b1st,,False,N,False,False,I,2025-04-28 16:57:44,Infraction Ticket,,,False,1.0,CT0011000,20250501020253000001,2025-04-28 16:57:44,16:57:44,2025,,,,2025,Cell Phone
2025-05-01 02:03:00.067000,7379047.0,CT0011000,Plainville,Racial Profile,15,25-5805,Case No.,2025-04-28 00:00:00,April,B,N,F,20,True,False, Plainville,East St,  ,  ,V,G,1.0,0,14-296aa(b1st,,False,N,False,False,I,2025-04-28 17:53:18,Infraction Ticket,,,False,1.0,CT0011000,20250501020253000001,2025-04-28 17:53:18,17:53:18,2025,,,,2025,Cell Phone
2025-05-01 02:03:00.080000,7379052.0,CT0011000,Plainville,Racial Profile,15,25-5813,Case No.,2025-04-28 00:00:00,April,W,N,F,26,True,True, Plainville,Tomlinson Ave,  ,  ,V,G,1.0,0,14-296aa(b1st,,False,N,False,False,I,2025-04-28 18:37:18,Infraction Ticket,,,False,1.0,CT0011000,20250501020253000001,2025-04-28 18:37:18,18:37:18,2025,,,,2025,Cell Phone
2025-05-11 02:03:08.033000,7400825.0,CT0011000,Plainville,Racial Profile,24,25-5795,Case No.,2025-04-28 00:00:00,April,W,N,M,54,True,False, Plainville,Farmington Ave,  ,  ,V,G,1.0,0,14-296aa(b1st,,False,N,False,False,I,2025-04-28 16:42:02,Infraction Ticket,,,False,1.0,CT0011000,20250511020300000001,2025-04-28 16:42:02,16:42:02,2025,,,,2025,Cell Phone
2025-04-29 02:03:00.217000,7377304.0,CT0011000,Plainville,Racial Profile,24,25-5811,Case No.,2025-04-28 00:00:00,April,W,N,M,24,True,False, Plainville,East Main St,  ,  ,V,G,1.0,0,14-296aa(b1st,,False,N,False,False,I,2025-04-28 18:28:46,Infraction Ticket,,,False,1.0,CT0011000,20250429020253000001,2025-04-28 18:28:46,18:28:46,2025,,,,2025,Cell Phone
2025-05-02 02:03:03.580000,7381518.0,CT0011000,Plainville,Racial Profile,24,25-5814,Case No.,2025-04-28 00:00:00,April,B,N,F,37,True,False, Plainville,Hooker St,  ,  ,I,G,1.0,0,14-147a,,False,N,False,False,N,2025-04-28 19:07:33,No Disposition,,,False,1.0,CT0011000,20250502020255000001,2025-04-28 19:07:33,19:07:33,2025,,,,2025,Administrative Offense
2025-04-29 02:03:00.170000,7377295.0,CT0011000,Plainville,Racial Profile,33,25-5784,Case No.,2025-04-28 00:00:00,April,B,N,M,37,True,False, Plainville,West Main St,  ,  ,V,G,3.0,1,14-215,,True,O,False,False,M,2025-04-28 12:07:23,Misdemeanor Summons,,,False,1.0,CT0011000,20250429020253000001,2025-04-28 12:07:23,12:07:23,2025,14-213b,,,2025,Administrative Offense
2025-04-29 02:03:00.213000,7377303.0,CT0011000,Plainville,Racial Profile,36,25-5807,Case No.,2025-04-28 00:00:00,April,W,H,M,32,True,True, Plainville,Pine St,  ,  ,V,G,2.0,1,14-12(a)*,,False,N,False,False,M,2025-04-28 18:00:25,Misdemeanor Summons,,,False,1.0,CT0011000,20250429020253000001,2025-04-28 18:00:25,18:00:25,2025,14-215(a),,,2025,Registration
2025-05-06 02:03:03.957000,7395118.0,CT0011000,Plainville,Racial Profile,39,25-5799,Case No.,2025-04-28 00:00:00,April,W,N,M,27,True,False, Plainville,Unionville Ave,  ,  ,V,B,1.0,0,14-218a,,False,N,False,False,V,2025-04-28 17:05:18,Verbal Warning,,,False,1.0,CT0011000,20250506020256000001,2025-04-28 17:05:18,17:05:18,2025,,,,2025,Speed Related
2025-05-04 02:03:08.967000,7383285.0,CT0011000,Plainville,Racial Profile,43,25-5801,Case No.,2025-04-28 00:00:00,April,W,N,F,39,True,False, Plainville,Cooke St,  ,  ,V,G,1.0,0,14-296aa(b1st,,False,N,False,False,V,2025-04-28 17:16:48,Verbal Warning,,,False,1.0,CT0011000,20250504020302000001,2025-04-28 17:16:48,17:16:48,2025,,,,2025,Cell Phone
2025-04-30 02:03:00.833000,7378150.0,CT0011000,Plainville,Racial Profile,48,25-5776,Case No.,2025-04-28 00:00:00,April,W,H,F,35,True,False, Plainville,Unionville Ave,  ,  ,V,G,2.0,1,14-147(c),,False,N,False,False,I,2025-04-28 05:27:45,Infraction Ticket,,,False,1.0,CT0011000,20250430020253000001,2025-04-28 05:27:45,05:27:45,2025,14-12(a)*,,,2025,Administrative Offense
2025-05-01 02:03:00.063000,7379046.0,CT0011000,Plainville,Racial Profile,7,25-5802,Case No.,2025-04-28 00:00:00,April,W,H,M,25,True,True, Plainville,Broad St,  ,  ,V,G,2.0,0,14-218a,,False,N,False,False,I,2025-04-28 17:19:48,Infraction Ticket,,,False,1.0,CT0011000,20250501020253000001,2025-04-28 17:19:48,17:19:48,2025,14-298,,,2025,Speed Related
2025-04-29 02:03:00.210000,7377302.0,CT0011000,Plainville,Racial Profile,7,25-5808,Case No.,2025-04-28 00:00:00,April,A,N,F,46,True,False, Plainville,Broad St,  ,  ,V,G,1.0,0,14-218a,,False,N,False,False,I,2025-04-28 18:04:40,Infraction Ticket,,,False,1.0,CT0011000,20250429020253000001,2025-04-28 18:04:40,18:04:40,2025,14-298,,,2025,Speed Related
2025-04-29 02:03:00.220000,7377305.0,CT0011000,Plainville,Racial Profile,7,25-5812,Case No.,2025-04-28 00:00:00,April,W,N,M,60,True,False, Plainville,Broad St,  ,  ,V,G,1.0,0,14-218a,,False,N,False,False,I,2025-04-28 18:31:51,Infraction Ticket,,,False,1.0,CT0011000,20250429020253000001,2025-04-28 18:31:51,18:31:51,2025,14-298,,,2025,Speed Related
2025-05-02 02:03:03.580000,7381519.0,CT0011000,Plainville,Racial Profile,7,25-5815,Case No.,2025-04-28 00:00:00,April,W,N,M,24,True,False, Plainville,Camp St,  ,  ,V,G,1.0,0,14-296aa(b1st,,False,N,False,False,I,2025-04-28 19:42:37,Infraction Ticket,,,False,1.0,CT0011000,20250502020255000001,2025-04-28 19:42:37,19:42:37,2025,,,,2025,Cell Phone
2025-04-30 02:03:00.927000,7378178.0,CT0011000,Plainville,Racial Profile,15,25-5885,Case No.,2025-04-29 00:00:00,April,W,H,F,40,True,True, Plainville,East St,  ,  ,V,G,1.0,0,14-296aa(b1st,,False,N,False,False,V,2025-04-29 17:57:44,Verbal Warning,,,False,1.0,CT0011000,20250430020253000001,2025-04-29 17:57:44,17:57:44,2025,,,,2025,Cell Phone
2025-05-02 02:03:03.633000,7381535.0,CT0011000,Plainville,Racial Profile,15,25-5886,Case No.,2025-04-29 00:00:00,April,W,H,F,41,True,True, Plainville,East St,  ,  ,V,B,1.0,0,14-12(a)*,,False,N,False,False,I,2025-04-29 18:02:13,Infraction Ticket,,,False,1.0,CT0011000,20250502020255000001,2025-04-29 18:02:13,18:02:13,2025,,,,2025,Registration
2025-05-06 02:03:04.060000,7395146.0,CT0011000,Plainville,Racial Profile,15,25-5891,Case No.,2025-04-29 00:00:00,April,W,N,F,37,True,True, Plainville,Farmington Ave,  ,  ,V,B,1.0,0,14-12(a)*,,False,N,False,False,I,2025-04-29 18:23:17,Infraction Ticket,,,False,1.0,CT0011000,20250506020256000001,2025-04-29 18:23:17,18:23:17,2025,,,,2025,Registration
2025-05-01 02:03:00.153000,7379074.0,CT0011000,Plainville,Racial Profile,15,25-5895,Case No.,2025-04-29 00:00:00,April,W,N,F,38,True,True, Plainville,New Britain Ave,  ,  ,V,B,1.0,0,14-12(a)*,,False,N,False,False,I,2025-04-29 19:07:18,Infraction Ticket,,,False,1.0,CT0011000,20250501020253000001,2025-04-29 19:07:18,19:07:18,2025,,,,2025,Registration
2025-05-02 02:03:03.647000,7381540.0,CT0011000,Plainville,Racial Profile,15,25-5896,Case No.,2025-04-29 00:00:00,April,W,H,F,57,False,False, Plainville,New Britain Ave,  ,  ,V,G,1.0,0,14-296aa(b1st,,False,N,False,False,I,2025-04-29 19:40:21,Infraction Ticket,,,False,1.0,CT0011000,20250502020255000001,2025-04-29 19:40:21,19:40:21,2025,,,,2025,Cell Phone
2025-05-03 02:03:06.013000,7382419.0,CT0011000,Plainville,Racial Profile,24,25-5890,Case No.,2025-04-29 00:00:00,April,W,N,M,45,True,False, Plainville,Crooked St,  ,  ,V,G,1.0,0,14-296aa(b1st,,False,N,False,False,I,2025-04-29 18:11:05,Infraction Ticket,,,False,1.0,CT0011000,20250503020257000001,2025-04-29 18:11:05,18:11:05,2025,,,,2025,Cell Phone
2025-05-03 02:03:05.960000,7382410.0,CT0011000,Plainville,Racial Profile,25,25-5864,Case No.,2025-04-29 00:00:00,April,W,N,M,64,True,False, Plainville,North Washington St,  ,  ,V,B,1.0,0,14-241,,False,N,False,False,V,2025-04-29 14:59:44,Verbal Warning,,,False,1.0,CT0011000,20250503020257000001,2025-04-29 14:59:44,14:59:44,2025,,,,2025,Moving Violation
2025-05-01 02:03:00.107000,7379057.0,CT0011000,Plainville,Racial Profile,33,25-5849,Case No.,2025-04-29 00:00:00,April,W,N,F,37,True,False, Plainville,New Britain Ave,  ,  ,V,G,1.0,0,14-96c,,False,N,False,False,V,2025-04-29 09:02:17,Verbal Warning,,,False,1.0,CT0011000,20250501020253000001,2025-04-29 09:02:17,09:02:17,2025,,,,2025,Defective Lights
2025-12-08 02:05:55.937000,7939358.0,CT0011000,Plainville,Racial Profile,33,25-5862,Case No.,2025-04-29 00:00:00,April,A,N,M,38,True,False, Plainville,East St,  ,  ,V,G,1.0,0,14-296aa(b1st,,False,N,False,False,V,2025-04-29 14:38:48,Verbal Warning,,,False,1.0,CT0011000,20251208020544000001,2025-04-29 14:38:48,14:38:48,2025,,,,2025,Cell Phone
2025-05-08 02:02:59.897000,7398180.0,CT0011000,Plainville,Racial Profile,33,25-5862,Case No.,2025-04-29 00:00:00,April,I,N,M,38,True,False, Plainville,East St,  ,  ,V,G,1.0,0,14-296aa(b1st,,False,N,False,False,V,2025-04-29 14:38:48,Verbal Warning,,,False,1.0,CT0011000,20250508020253000001,2025-04-29 14:38:48,14:38:48,2025,,,,2025,Cell Phone
2025-04-30 02:03:00.890000,7378168.0,CT0011000,Plainville,Racial Profile,43,25-5857,Case No.,2025-04-29 00:00:00,April,W,N,M,63,True,False, Plainville,East St,  ,  ,V,G,2.0,0,14-296aa(b1st,,False,N,False,False,V,2025-04-29 12:42:26,Verbal Warning,,,False,1.0,CT0011000,20250430020253000001,2025-04-29 12:42:26,12:42:26,2025,,,,2025,Cell Phone
2025-04-30 02:03:00.900000,7378169.0,CT0011000,Plainville,Racial Profile,43,25-5859,Case No.,2025-04-29 00:00:00,April,W,N,F,61,True,False, Plainville,East St,  ,  ,V,G,2.0,0,14-296aa(b1st,,False,N,False,False,V,2025-04-29 14:00:46,Verbal Warning,,,False,1.0,CT0011000,20250430020253000001,2025-04-29 14:00:46,14:00:46,2025,,,,2025,Cell Phone
2025-05-07 02:03:03.663000,7396003.0,CT0011000,Plainville,Racial Profile,43,25-5861,Case No.,2025-04-29 00:00:00,April,W,N,F,32,True,False, Plainville,New Britain Ave,  ,  ,V,G,2.0,0,14-35a,,False,N,False,False,N,2025-04-29 14:28:13,No Disposition,,,False,1.0,CT0011000,20250507020256000001,2025-04-29 14:28:13,14:28:13,2025,,,,2025,Other
2025-04-30 02:03:00.907000,7378172.0,CT0011000,Plainville,Racial Profile,43,25-5871,Case No.,2025-04-29 00:00:00,April,W,N,F,0,True,False, Plainville,Hooker St,  ,  ,V,G,2.0,0,14-296aa(b1st,,False,N,False,False,V,2025-04-29 15:44:10,Verbal Warning,,,False,1.0,CT0011000,20250430020253000001,2025-04-29 15:44:10,15:44:10,2025,,,,2025,Cell Phone
2025-05-03 02:03:05.967000,7382412.0,CT0011000,Plainville,Racial Profile,43,25-5872,Case No.,2025-04-29 00:00:00,April,W,N,F,44,True,False, Plainville,New Britain Ave,  ,  ,V,G,1.0,0,14-296aa(b1st,,False,N,False,False,V,2025-04-29 15:50:34,Verbal Warning,,,False,1.0,CT0011000,20250503020257000001,2025-04-29 15:50:34,15:50:34,2025,,,,2025,Cell Phone
2025-05-03 02:03:06.030000,7382421.0,CT0011000,Plainville,Racial Profile,43,25-5892,Case No.,2025-04-29 00:00:00,April,W,N,F,18,True,False, Plainville,Unionville Ave,  ,  ,V,G,1.0,0,14-219,,False,N,False,False,V,2025-04-29 18:28:40,Verbal Warning,,,False,1.0,CT0011000,20250503020257000001,2025-04-29 18:28:40,18:28:40,2025,,,,2025,Speed Related
2025-05-02 02:03:03.650000,7381542.0,CT0011000,Plainville,Racial Profile,43,25-5901,Case No.,2025-04-29 00:00:00,April,W,N,M,44,True,False, Plainville,Unionville Ave,  ,  ,E,G,1.0,0,14-96i,,False,N,False,False,V,2025-04-29 21:00:43,Verbal Warning,,,False,1.0,CT0011000,20250502020255000001,2025-04-29 21:00:43,21:00:43,2025,,,,2025,Defective Lights
2025-04-30 02:03:00.883000,7378166.0,CT0011000,Plainville,Racial Profile,48,25-5846,Case No.,2025-04-29 00:00:00,April,B,N,M,44,True,False, Plainville,Northwest Dr,  ,  ,V,G,2.0,1,14-147(c),,False,N,False,False,I,2025-04-29 07:31:25,Infraction Ticket,,,False,1.0,CT0011000,20250430020253000001,2025-04-29 07:31:25,07:31:25,2025,14-213b,,,2025,Administrative Offense
2025-05-04 02:03:09.023000,7383308.0,CT0011000,Plainville,Racial Profile,50,25-5883,Case No.,2025-04-29 00:00:00,April,W,N,M,47,True,True, Plainville,Broad St,  ,  ,V,G,1.0,0,14-299,,False,N,False,False,V,2025-04-29 17:48:46,Verbal Warning,,,False,1.0,CT0011000,20250504020302000001,2025-04-29 17:48:46,17:48:46,2025,,,,2025,Traffic Control Signal
2025-04-30 02:03:00.943000,7378185.0,CT0011000,Plainville,Racial Profile,50,25-5897,Case No.,2025-04-29 00:00:00,April,B,N,M,67,True,True, Plainville,East St,  ,  ,V,G,1.0,0,14-96b,,False,N,False,False,V,2025-04-29 19:50:46,Verbal Warning,,,False,1.0,CT0011000,20250430020253000001,2025-04-29 19:50:46,19:50:46,2025,,,,2025,Defective Lights
2025-04-30 02:03:00.917000,7378174.0,CT0011000,Plainville,Racial Profile,51,25-5876,Case No.,2025-04-29 00:00:00,April,B,N,F,54,True,False, Plainville,Northwest Dr,  ,  ,V,B,1.0,0,14-218a,,False,N,False,False,I,2025-04-29 16:38:32,Infraction Ticket,,,False,1.0,CT0011000,20250430020253000001,2025-04-29 16:38:32,16:38:32,2025,,,,2025,Speed Related
2025-05-03 02:03:05.970000,7382414.0,CT0011000,Plainville,Racial Profile,51,25-5878,Case No.,2025-04-29 00:00:00,April,W,N,F,69,True,True, Plainville,Northwest Dr,  ,  ,V,B,1.0,0,14-218a,,False,N,False,False,V,2025-04-29 17:20:06,Verbal Warning,,,False,1.0,CT0011000,20250503020257000001,2025-04-29 17:20:06,17:20:06,2025,,,,2025,Speed Related
2025-05-01 02:03:00.130000,7379067.0,CT0011000,Plainville,Racial Profile,51,25-5880,Case No.,2025-04-29 00:00:00,April,W,N,F,76,True,True, Plainville,Northwest Dr,  ,  ,V,B,1.0,0,14-218a,,False,N,False,False,V,2025-04-29 17:28:05,Verbal Warning,,,False,1.0,CT0011000,20250501020253000001,2025-04-29 17:28:05,17:28:05,2025,,,,2025,Speed Related
2025-04-30 02:03:00.880000,7378165.0,CT0011000,Plainville,Racial Profile,7,25-5842,Case No.,2025-04-29 00:00:00,April,W,N,F,40,True,False, Plainville,East St,  ,  ,V,G,1.0,0,14-218a,,False,N,False,False,V,2025-04-29 06:36:01,Verbal Warning,,,False,1.0,CT0011000,20250430020253000001,2025-04-29 06:36:01,06:36:01,2025,,,,2025,Speed Related
2025-05-02 02:03:03.653000,7381543.0,CT0011000,Plainville,Racial Profile,33,25-5924,Case No.,2025-04-30 00:00:00,April,W,H,F,67,True,False, Plainville,New Britain Ave,  ,  ,V,G,1.0,0,14-299,,False,N,False,False,W,2025-04-30 09:15:43,Written Ticket,,,False,1.0,CT0011000,20250502020255000001,2025-04-30 09:15:43,09:15:43,2025,,,,2025,Traffic Control Signal
2025-05-03 02:03:06.050000,7382427.0,CT0011000,Plainville,Racial Profile,33,25-5934,Case No.,2025-04-30 00:00:00,April,W,H,F,31,True,False, Plainville,New Britain Ave,  ,  ,V,G,1.0,0,14-12(a),,False,N,False,False,V,2025-04-30 10:58:33,Verbal Warning,,,False,1.0,CT0011000,20250503020257000001,2025-04-30 10:58:33,10:58:33,2025,,,,2025,Registration
2025-05-07 02:03:03.747000,7396024.0,CT0011000,Plainville,Racial Profile,33,25-5940,Case No.,2025-04-30 00:00:00,April,W,N,F,74,True,False, Plainville,East Main St,  ,  ,V,G,1.0,0,14-299,,False,N,False,False,V,2025-04-30 13:07:36,Verbal Warning,,,False,1.0,CT0011000,20250507020256000001,2025-04-30 13:07:36,13:07:36,2025,,,,2025,Traffic Control Signal
2025-05-01 02:03:00.190000,7379085.0,CT0011000,Plainville,Racial Profile,33,25-5955,Case No.,2025-04-30 00:00:00,April,W,N,F,32,True,False, Plainville,West Main St,  ,  ,V,G,1.0,0,14-296aa(b1st,,False,N,False,False,I,2025-04-30 17:06:26,Infraction Ticket,,,False,1.0,CT0011000,20250501020253000001,2025-04-30 17:06:26,17:06:26,2025,,,,2025,Cell Phone
2025-05-03 02:03:06.080000,7382435.0,CT0011000,Plainville,Racial Profile,33,25-5957,Case No.,2025-04-30 00:00:00,April,W,N,M,31,True,False, Plainville,East Main St,  ,  ,V,G,1.0,0,14-296aa(b1st,,False,N,False,False,I,2025-04-30 17:27:08,Infraction Ticket,,,False,1.0,CT0011000,20250503020257000001,2025-04-30 17:27:08,17:27:08,2025,,,,2025,Cell Phone
2025-05-01 02:03:00.197000,7379088.0,CT0011000,Plainville,Racial Profile,33,25-5959,Case No.,2025-04-30 00:00:00,April,W,H,M,28,True,False, Plainville,West Main St,  ,  ,V,G,3.0,1,14-215(a),,False,N,False,False,M,2025-04-30 17:45:40,Misdemeanor Summons,,,False,1.0,CT0011000,20250501020253000001,2025-04-30 17:45:40,17:45:40,2025,14-213b,,,2025,Administrative Offense
2025-05-02 02:03:03.660000,7381545.0,CT0011000,Plainville,Racial Profile,34,25-5935,Case No.,2025-04-30 00:00:00,April,W,N,M,64,True,False, Plainville,Unionville Ave,  ,  ,V,B,1.0,0,14-299,,False,N,False,False,V,2025-04-30 11:09:51,Verbal Warning,,,False,1.0,CT0011000,20250502020255000001,2025-04-30 11:09:51,11:09:51,2025,,,,2025,Traffic Control Signal
2025-05-01 02:03:00.183000,7379084.0,CT0011000,Plainville,Racial Profile,34,25-5954,Case No.,2025-04-30 00:00:00,April,W,N,F,23,True,False, Plainville,East Main St,  ,  ,V,G,1.0,0,14-296aa(b1st,,False,N,False,False,W,2025-04-30 17:04:56,Written Ticket,,,False,1.0,CT0011000,20250501020253000001,2025-04-30 17:04:56,17:04:56,2025,,,,2025,Cell Phone
2025-05-05 02:03:06.213000,7384225.0,CT0011000,Plainville,Racial Profile,34,25-5956,Case No.,2025-04-30 00:00:00,April,W,N,M,38,True,False, Plainville,West Main St,  ,  ,V,G,2.0,0,14-296aa(b1st,,False,N,False,False,I,2025-04-30 17:27:03,Infraction Ticket,,,False,1.0,CT0011000,20250505020258000001,2025-04-30 17:27:03,17:27:03,2025,,,,2025,Cell Phone
2025-05-16 02:03:04.090000,7437223.0,CT0011000,Plainville,Racial Profile,34,25-5960,Case No.,2025-04-30 00:00:00,April,W,H,F,39,True,True, Plainville,West Main St,  ,  ,V,G,1.0,0,14-296aa(b1st,,False,N,False,False,V,2025-04-30 18:01:07,Verbal Warning,,,False,1.0,CT0011000,20250516020256000001,2025-04-30 18:01:07,18:01:07,2025,,,,2025,Cell Phone
2025-05-02 02:03:03.670000,7381547.0,CT0011000,Plainville,Racial Profile,37,25-5950,Case No.,2025-04-30 00:00:00,April,W,N,M,32,True,False, Plainville,South Washington St,  ,  ,V,G,1.0,0,14-299,,False,N,False,False,W,2025-04-30 16:26:27,Written Ticket,,,False,1.0,CT0011000,20250502020255000001,2025-04-30 16:26:27,16:26:27,2025,,,,2025,Traffic Control Signal
2025-05-02 02:03:03.673000,7381548.0,CT0011000,Plainville,Racial Profile,7,25-5953,Case No.,2025-04-30 00:00:00,April,W,N,F,46,True,False, Plainville,BROAD ST,  ,  ,V,G,2.0,0,14-296aa(b1st,,False,N,False,False,I,2025-04-30 17:02:45,Infraction Ticket,,,False,1.0,CT0011000,20250502020255000001,2025-04-30 17:02:45,17:02:45,2025,,,,2025,Cell Phone
2025-05-03 02:03:06.090000,7382438.0,CT0011000,Plainville,Racial Profile,7,25-5961,Case No.,2025-04-30 00:00:00,April,W,N,F,30,True,False, Plainville,West Main St,  ,  ,V,G,1.0,0,14-296aa(b1st,,False,N,False,False,V,2025-04-30 18:03:34,Verbal Warning,,,False,1.0,CT0011000,20250503020257000001,2025-04-30 18:03:34,18:03:34,2025,,,,2025,Cell Phone
2025-05-03 02:03:06.093000,7382439.0,CT0011000,Plainville,Racial Profile,39,25-6001,Case No.,2025-05-01 00:00:00,May,W,H,F,34,True,True, Plainville,New Britain Ave,  ,  ,E,G,1.0,0,14-99g(b),,False,N,False,False,V,2025-05-01 18:19:38,Verbal Warning,,,False,1.0,CT0011000,20250503020257000001,2025-05-01 18:19:38,18:19:38,2025,,,,2025,Window Tint
2025-05-08 02:03:00.137000,7398213.0,CT0011000,Plainville,Racial Profile,39,25-6010,Case No.,2025-05-01 00:00:00,May,W,N,F,57,True,False, Plainville,New Britain Ave,  ,  ,E,G,1.0,0,14-96a(a),,False,N,False,False,V,2025-05-01 20:05:08,Verbal Warning,,,False,1.0,CT0011000,20250508020253000001,2025-05-01 20:05:08,20:05:08,2025,14-12(a)*,,,2025,Defective Lights
2025-05-08 02:03:00.130000,7398210.0,CT0011000,Plainville,Racial Profile,45,25-5982,Case No.,2025-05-01 00:00:00,May,W,N,M,43,True,False, Plainville,Broad St,  ,  ,V,G,1.0,0,14-301,,False,N,False,False,V,2025-05-01 07:05:29,Verbal Warning,,,False,1.0,CT0011000,20250508020253000001,2025-05-01 07:05:29,07:05:29,2025,,,,2025,Stop Sign
2025-05-07 02:03:03.787000,7396035.0,CT0011000,Plainville,Racial Profile,46,25-5983,Case No.,2025-05-01 00:00:00,May,W,N,F,32,True,False, Plainville,East Main St,  ,  ,V,G,1.0,0,14-296aa(b1st,,False,N,False,False,V,2025-05-01 07:06:39,Verbal Warning,,,False,1.0,CT0011000,20250507020256000001,2025-05-01 07:06:39,07:06:39,2025,,,,2025,Cell Phone
2025-05-03 02:03:06.110000,7382446.0,CT0011000,Plainville,Racial Profile,16,25-6049,Case No.,2025-05-02 00:00:00,May,W,N,M,49,True,False, Plainville,New Britain Ave,  ,  ,E,G,1.0,0,14-98a,,False,N,False,False,N,2025-05-02 17:19:31,No Disposition,,,False,1.0,CT0011000,20250503020257000001,2025-05-02 17:19:31,17:19:31,2025,,,,2025,Other
2025-05-04 02:03:09.097000,7383337.0,CT0011000,Plainville,Racial Profile,29,25-6039,Case No.,2025-05-02 00:00:00,May,W,N,M,47,True,False, PLAINVILLE,Tomlinson Ave,  ,  ,V,G,1.0,0,14-301,,False,N,False,False,V,2025-05-02 13:05:26,Verbal Warning,,,False,1.0,CT0011000,20250504020302000001,2025-05-02 13:05:26,13:05:26,2025,,,,2025,Stop Sign
2025-05-03 02:03:06.113000,7382447.0,CT0011000,Plainville,Racial Profile,39,25-6055,Case No.,2025-05-02 00:00:00,May,W,N,F,66,True,False, Plainville,Hough St,  ,  ,E,B,1.0,0,14-12(a)*,,False,N,False,False,V,2025-05-02 17:56:13,Verbal Warning,,,False,1.0,CT0011000,20250503020257000001,2025-05-02 17:56:13,17:56:13,2025,,,,2025,Registration
2025-05-05 02:03:06.317000,7384240.0,CT0011000,Plainville,Racial Profile,39,25-6056,Case No.,2025-05-02 00:00:00,May,W,N,F,0,True,True, Plainville,New Britain Ave,  ,  ,V,B,1.0,0,14-236,,False,N,False,False,V,2025-05-02 18:07:59,Verbal Warning,,,False,1.0,CT0011000,20250505020258000001,2025-05-02 18:07:59,18:07:59,2025,,,,2025,Moving Violation
2025-05-03 02:03:06.103000,7382443.0,CT0011000,Plainville,Racial Profile,40,25-6027,Case No.,2025-05-02 00:00:00,May,B,H,F,30,True,False, Plainville,Woodford Ave,  ,  ,V,G,1.0,0,14-219,,False,N,False,False,I,2025-05-02 07:01:30,Infraction Ticket,,,False,1.0,CT0011000,20250503020257000001,2025-05-02 07:01:30,07:01:30,2025,14-213b,,,2025,Speed Related
2025-05-07 02:03:03.793000,7396038.0,CT0011000,Plainville,Racial Profile,50,25-6023,Case No.,2025-05-02 00:00:00,May,B,N,M,64,True,False, Plainville,Broad St,  ,  ,V,G,1.0,0,14-301,,False,N,False,False,V,2025-05-02 04:10:00,Verbal Warning,,,False,1.0,CT0011000,20250507020256000001,2025-05-02 04:10:00,04:10:00,2025,,,,2025,Stop Sign
2025-05-03 02:03:06.103000,7382442.0,CT0011000,Plainville,Racial Profile,50,25-6024,Case No.,2025-05-02 00:00:00,May,W,N,F,64,True,False, Plainville,Broad St,  ,  ,V,G,1.0,0,14-301,,False,N,False,False,V,2025-05-02 04:39:14,Verbal Warning,,,False,1.0,CT0011000,20250503020257000001,2025-05-02 04:39:14,04:39:14,2025,,,,2025,Stop Sign
2025-05-05 02:03:06.300000,7384237.0,CT0011000,Plainville,Racial Profile,51,25-6048,Case No.,2025-05-02 00:00:00,May,W,N,F,51,True,False, Plainville,New Britain Ave,  ,  ,V,G,1.0,0,14-296aa(b1st,,False,N,False,False,V,2025-05-02 17:14:52,Verbal Warning,,,False,1.0,CT0011000,20250505020258000001,2025-05-02 17:14:52,17:14:52,2025,,,,2025,Cell Phone
2025-05-07 02:03:03.817000,7396046.0,CT0011000,Plainville,Racial Profile,36,25-6123,Case No.,2025-05-03 00:00:00,May,W,N,M,22,True,False, Plainville,East St,  ,  ,V,G,1.0,0,14-299,,False,N,False,False,V,2025-05-03 21:54:02,Verbal Warning,,,False,1.0,CT0011000,20250507020256000001,2025-05-03 21:54:02,21:54:02,2025,,,,2025,Traffic Control Signal
2025-05-05 02:03:06.327000,7384242.0,CT0011000,Plainville,Racial Profile,36,25-6153,Case No.,2025-05-04 00:00:00,May,W,N,M,26,True,True, Plainville,EAST MAIN ST,  ,  ,V,G,1.0,0,14-299,,False,N,False,False,I,2025-05-04 17:16:28,Infraction Ticket,,,False,1.0,CT0011000,20250505020258000001,2025-05-04 17:16:28,17:16:28,2025,,,,2025,Traffic Control Signal
2025-05-08 02:03:00.177000,7398225.0,CT0011000,Plainville,Racial Profile,36,25-6165,Case No.,2025-05-04 00:00:00,May,W,N,M,42,True,True, Plainville,Camp St,  ,  ,V,G,1.0,0,14-283(b),,False,N,False,False,V,2025-05-04 23:10:01,Verbal Warning,,,False,1.0,CT0011000,20250508020253000001,2025-05-04 23:10:01,23:10:01,2025,14-218a*,,,2025,Other
2025-05-07 02:03:03.820000,7396048.0,CT0011000,Plainville,Racial Profile,39,25-6161,Case No.,2025-05-04 00:00:00,May,W,H,M,56,True,False, Plainville,Whiting St,  ,  ,E,G,1.0,0,14-96a(a),,False,N,False,False,V,2025-05-04 21:59:01,Verbal Warning,,,False,1.0,CT0011000,20250507020256000001,2025-05-04 21:59:01,21:59:01,2025,,,,2025,Defective Lights
2025-05-16 02:03:04.207000,7437239.0,CT0011000,Plainville,Racial Profile,43,25-6157,Case No.,2025-05-04 00:00:00,May,B,N,M,37,False,False, Plainville,New Britain Ave,  ,  ,V,G,1.0,0,14-296aa(b1st,,False,N,False,False,V,2025-05-04 18:18:24,Verbal Warning,,,False,1.0,CT0011000,20250516020256000001,2025-05-04 18:18:24,18:18:24,2025,,,,2025,Cell Phone
2025-05-13 02:03:04.753000,7402735.0,CT0011000,Plainville,Racial Profile,50,25-6236,Case No.,2025-05-06 00:00:00,May,W,N,M,37,True,False, Plainville,Redstone Hill,  ,  ,V,B,1.0,0,14-12(a)*,,False,N,False,False,V,2025-05-06 16:37:30,Verbal Warning,,,False,1.0,CT0011000,20250513020256000001,2025-05-06 16:37:30,16:37:30,2025,,,,2025,Registration
2025-05-12 02:03:11.467000,7401776.0,CT0011000,Plainville,Racial Profile,43,25-6280,Case No.,2025-05-07 00:00:00,May,B,N,F,31,False,False, Plainville,New Britain Ave,  ,  ,V,G,1.0,0,14-296aa(b1st,,False,N,False,False,I,2025-05-07 17:46:09,Infraction Ticket,,,False,1.0,CT0011000,20250512020303000001,2025-05-07 17:46:09,17:46:09,2025,,,,2025,Cell Phone
2025-05-11 02:03:08.233000,7400891.0,CT0011000,Plainville,Racial Profile,21,25-6322,Case No.,2025-05-08 00:00:00,May,W,N,M,29,True,False, Plainville,West Main St,  ,  ,V,G,1.0,0,14-12(a)*,,False,N,False,False,V,2025-05-08 09:27:12,Verbal Warning,,,False,1.0,CT0011000,20250511020300000001,2025-05-08 09:27:12,09:27:12,2025,,,,2025,Registration
2025-05-12 02:03:11.473000,7401778.0,CT0011000,Plainville,Racial Profile,21,25-6323,Case No.,2025-05-08 00:00:00,May,W,N,F,70,True,True, Plainville,South Washington St,  ,  ,V,G,1.0,0,14-12(a)*,,False,N,False,False,V,2025-05-08 09:51:33,Verbal Warning,,,False,1.0,CT0011000,20250512020303000001,2025-05-08 09:51:33,09:51:33,2025,,,,2025,Registration
2025-05-13 02:03:04.767000,7402739.0,CT0011000,Plainville,Racial Profile,21,25-6325,Case No.,2025-05-08 00:00:00,May,W,H,M,25,True,False, Plainville,East St,  ,  ,V,G,3.0,1,14-215,,False,N,False,False,M,2025-05-08 10:12:53,Misdemeanor Summons,,,False,1.0,CT0011000,20250513020256000001,2025-05-08 10:12:53,10:12:53,2025,14-213B,,,2025,Administrative Offense
2025-05-10 02:03:04.417000,7399998.0,CT0011000,Plainville,Racial Profile,35,25-6400,Case No.,2025-05-09 00:00:00,May,B,N,F,62,True,True, Plainville,Twining St,  ,  ,V,B,1.0,0,14-301,,False,N,False,False,V,2025-05-09 17:32:00,Verbal Warning,,,False,1.0,CT0011000,20250510020255000001,2025-05-09 17:32:00,17:32:00,2025,,,,2025,Stop Sign
2025-05-11 02:03:08.247000,7400896.0,CT0011000,Plainville,Racial Profile,29,25-6444,Case No.,2025-05-10 00:00:00,May,W,H,M,48,True,True, Plainville,East Main St,  ,  ,V,G,1.0,0,14-300(c),,False,N,False,False,V,2025-05-10 09:40:24,Verbal Warning,,,False,1.0,CT0011000,20250511020300000001,2025-05-10 09:40:24,09:40:24,2025,,,,2025,Other
2025-05-11 02:03:08.260000,7400899.0,CT0011000,Plainville,Racial Profile,31,25-6465,Case No.,2025-05-10 00:00:00,May,W,H,F,46,True,False, Plainville,New Britain Ave,  ,  ,V,G,1.0,0,14-232(1),,False,N,False,False,V,2025-05-10 17:58:08,Verbal Warning,,,False,1.0,CT0011000,20250511020300000001,2025-05-10 17:58:08,17:58:08,2025,,,,2025,Moving Violation
2025-05-20 02:03:07.640000,7444319.0,CT0011000,Plainville,Racial Profile,36,25-6459,Case No.,2025-05-10 00:00:00,May,W,N,F,60,True,True, Plainville,South Washington St,  ,  ,V,B,1.0,0,14-218a,,False,N,False,False,V,2025-05-10 17:12:40,Verbal Warning,,,False,1.0,CT0011000,20250520020259000001,2025-05-10 17:12:40,17:12:40,2025,,,,2025,Speed Related
2025-05-13 02:03:04.780000,7402744.0,CT0011000,Plainville,Racial Profile,36,25-6461,Case No.,2025-05-10 00:00:00,May,W,N,M,47,True,False, Plainville,South Washington St,  ,  ,V,B,1.0,0,14-218a,,False,N,False,False,V,2025-05-10 17:21:26,Verbal Warning,,,False,1.0,CT0011000,20250513020256000001,2025-05-10 17:21:26,17:21:26,2025,,,,2025,Speed Related
2025-05-11 02:03:08.243000,7400895.0,CT0011000,Plainville,Racial Profile,48,25-6429,Case No.,2025-05-10 00:00:00,May,W,N,M,21,True,False, Plainville,Bradley St,  ,  ,V,G,1.0,0,14-236,,False,N,False,False,I,2025-05-10 02:46:20,Infraction Ticket,,,False,1.0,CT0011000,20250511020300000001,2025-05-10 02:46:20,02:46:20,2025,,,,2025,Moving Violation
2025-05-13 02:03:04.787000,7402746.0,CT0011000,Plainville,Racial Profile,50,25-6469,Case No.,2025-05-10 00:00:00,May,W,H,F,35,True,False, Plainville,New Britain Ave,  ,  ,V,G,1.0,0,14-301,,False,N,False,False,V,2025-05-10 18:30:04,Verbal Warning,,,False,1.0,CT0011000,20250513020256000001,2025-05-10 18:30:04,18:30:04,2025,,,,2025,Stop Sign
2025-05-14 02:03:07.390000,7403663.0,CT0011000,Plainville,Racial Profile,48,25-6489,Case No.,2025-05-11 00:00:00,May,W,N,F,41,True,True, Plainville,East St,  ,  ,V,G,2.0,1,14-12(a)*,,False,N,False,False,I,2025-05-11 01:28:25,Infraction Ticket,,,False,1.0,CT0011000,20250514020300000001,2025-05-11 01:28:25,01:28:25,2025,14-36(a),,,2025,Registration
2025-05-12 02:03:11.507000,7401788.0,CT0011000,Plainville,Racial Profile,50,25-6525,Case No.,2025-05-11 00:00:00,May,W,N,M,56,True,True, Plainville,Cooke St,  ,  ,V,G,2.0,1,14-236,,True,O,False,True,U,2025-05-11 20:56:41,Uniform ArrestReport,,,False,1.0,CT0011000,20250512020303000001,2025-05-11 20:56:41,20:56:41,2025,14-227a(a1,,,2025,Moving Violation
2025-05-14 02:03:07.400000,7403665.0,CT0011000,Plainville,Racial Profile,37,25-6564,Case No.,2025-05-12 00:00:00,May,B,N,F,46,True,False, Plainville,East St,  ,  ,V,G,1.0,0,14-299,,False,N,False,False,V,2025-05-12 17:39:06,Verbal Warning,,,False,1.0,CT0011000,20250514020300000001,2025-05-12 17:39:06,17:39:06,2025,,,,2025,Traffic Control Signal
2025-05-14 02:03:07.427000,7403676.0,CT0011000,Plainville,Racial Profile,35,25-6608,Case No.,2025-05-13 00:00:00,May,W,N,M,73,True,True, Plainville,Maxine Rd,  ,  ,V,B,1.0,0,14-301,,False,N,False,False,V,2025-05-13 16:56:25,Verbal Warning,,,False,1.0,CT0011000,20250514020300000001,2025-05-13 16:56:25,16:56:25,2025,,,,2025,Stop Sign
2025-06-01 02:03:59.573000,7457520.0,CT0011000,Plainville,Racial Profile,35,25-6611,Case No.,2025-05-13 00:00:00,May,W,N,F,22,True,True, Plainville,Maxine Rd,  ,  ,V,B,1.0,0,14-301,,False,N,False,False,W,2025-05-13 17:05:00,Written Ticket,,,False,1.0,CT0011000,20250601020351000001,2025-05-13 17:05:00,17:05:00,2025,,,,2025,Stop Sign
2025-05-14 02:03:07.407000,7403667.0,CT0011000,Plainville,Racial Profile,35,25-6612,Case No.,2025-05-13 00:00:00,May,W,N,M,30,True,False, Plainville,Maxine Rd,  ,  ,V,B,1.0,0,14-301,,False,N,False,False,M,2025-05-13 17:16:11,Misdemeanor Summons,,,False,1.0,CT0011000,20250514020300000001,2025-05-13 17:16:11,17:16:11,2025,14-215,,,2025,Stop Sign
2025-05-14 02:03:07.423000,7403675.0,CT0011000,Plainville,Racial Profile,35,25-6627,Case No.,2025-05-13 00:00:00,May,W,N,F,48,True,False, Plainville,Redstone Hill,  ,  ,V,B,1.0,0,14-219,,False,N,False,False,V,2025-05-13 18:56:45,Verbal Warning,,,False,1.0,CT0011000,20250514020300000001,2025-05-13 18:56:45,18:56:45,2025,,,,2025,Speed Related
2025-05-15 02:03:08.690000,7406673.0,CT0011000,Plainville,Racial Profile,39,25-6619,Case No.,2025-05-13 00:00:00,May,W,H,M,27,True,False, Plainville,Crooked St,  ,  ,E,B,1.0,0,14-12(a)*,,False,N,False,False,I,2025-05-13 18:06:50,Infraction Ticket,,,False,1.0,CT0011000,20250515020301000001,2025-05-13 18:06:50,18:06:50,2025,,,,2025,Registration
2025-05-21 02:03:06.357000,7445266.0,CT0011000,Plainville,Racial Profile,43,25-6610,Case No.,2025-05-13 00:00:00,May,W,N,F,32,True,False, Plainville,Cooke St,  ,  ,V,G,1.0,0,14-296aa(b1st,,False,N,False,False,I,2025-05-13 17:03:13,Infraction Ticket,,,False,1.0,CT0011000,20250521020258000001,2025-05-13 17:03:13,17:03:13,2025,,,,2025,Cell Phone
2025-05-18 02:03:30.500000,7440910.0,CT0011000,Plainville,Racial Profile,43,25-6636,Case No.,2025-05-13 00:00:00,May,W,N,F,18,True,False, Plainville,Forestville Ave,  ,  ,V,G,1.0,0,14-96i,,False,N,False,False,V,2025-05-13 21:59:59,Verbal Warning,,,False,1.0,CT0011000,20250518020323000001,2025-05-13 21:59:59,21:59:59,2025,,,,2025,Defective Lights
2025-05-15 02:03:08.683000,7406671.0,CT0011000,Plainville,Racial Profile,50,25-6614,Case No.,2025-05-13 00:00:00,May,W,N,F,48,True,False, Plainville,Sunset Ave,  ,  ,V,G,1.0,0,14-301,,False,N,False,False,V,2025-05-13 17:51:28,Verbal Warning,,,False,1.0,CT0011000,20250515020301000001,2025-05-13 17:51:28,17:51:28,2025,,,,2025,Stop Sign
2025-05-22 02:03:22.213000,7447113.0,CT0011000,Plainville,Racial Profile,50,25-6618,Case No.,2025-05-13 00:00:00,May,W,N,M,57,True,False, Plainville,Arcadia Ave,  ,  ,V,G,1.0,0,14-301,,False,N,False,False,V,2025-05-13 18:03:44,Verbal Warning,,,False,1.0,CT0011000,20250522020314000001,2025-05-13 18:03:44,18:03:44,2025,,,,2025,Stop Sign
2025-05-20 02:03:07.687000,7444332.0,CT0011000,Plainville,Racial Profile,50,25-6620,Case No.,2025-05-13 00:00:00,May,W,N,F,39,True,False, Plainville,Arcadia Ave,  ,  ,V,G,1.0,0,14-301,,False,N,False,False,V,2025-05-13 18:15:08,Verbal Warning,,,False,1.0,CT0011000,20250520020259000001,2025-05-13 18:15:08,18:15:08,2025,,,,2025,Stop Sign
2025-05-14 02:03:07.417000,7403672.0,CT0011000,Plainville,Racial Profile,50,25-6621,Case No.,2025-05-13 00:00:00,May,W,N,F,61,True,True, Plainville,Arcadia Ave,  ,  ,V,G,1.0,0,14-301,,False,N,False,False,V,2025-05-13 18:18:48,Verbal Warning,,,False,1.0,CT0011000,20250514020300000001,2025-05-13 18:18:48,18:18:48,2025,,,,2025,Stop Sign
2025-05-20 02:03:07.690000,7444334.0,CT0011000,Plainville,Racial Profile,50,25-6623,Case No.,2025-05-13 00:00:00,May,W,N,M,58,True,False, Plainville,Arcadia Ave,  ,  ,V,G,1.0,0,14-301,,False,N,False,False,V,2025-05-13 18:24:55,Verbal Warning,,,False,1.0,CT0011000,20250520020259000001,2025-05-13 18:24:55,18:24:55,2025,,,,2025,Stop Sign
2025-05-15 02:03:08.710000,7406677.0,CT0011000,Plainville,Racial Profile,50,25-6624,Case No.,2025-05-13 00:00:00,May,W,N,M,30,True,True, Plainville,Broad St,  ,  ,V,G,1.0,0,14-301,,False,N,False,False,V,2025-05-13 18:35:45,Verbal Warning,,,False,1.0,CT0011000,20250515020301000001,2025-05-13 18:35:45,18:35:45,2025,,,,2025,Stop Sign
2025-05-17 02:03:56.827000,7439369.0,CT0011000,Plainville,Racial Profile,30,25-6643,Case No.,2025-05-14 00:00:00,May,W,N,F,25,True,False, Plainville,East St,  ,  ,V,G,1.0,0,14-299,,False,N,False,False,V,2025-05-14 00:46:46,Verbal Warning,,,False,1.0,CT0011000,20250517020348000001,2025-05-14 00:46:46,00:46:46,2025,14-219,,,2025,Traffic Control Signal
2025-05-19 02:03:07.693000,7443362.0,CT0011000,Plainville,Racial Profile,34,25-6673,Case No.,2025-05-14 00:00:00,May,W,H,M,39,True,False, Plainville,Pine St,  ,  ,V,B,2.0,0,14-299,,False,O,False,False,V,2025-05-14 13:46:58,Verbal Warning,,,False,1.0,CT0011000,20250519020259000001,2025-05-14 13:46:58,13:46:58,2025,,,,2025,Traffic Control Signal
2025-05-16 02:03:04.310000,7437269.0,CT0011000,Plainville,Racial Profile,36,25-6685,Case No.,2025-05-14 00:00:00,May,W,N,M,61,True,False, Plainville,New Britain Ave,  ,  ,V,G,1.0,1,14-12(a)*,,False,N,False,False,I,2025-05-14 17:22:37,Infraction Ticket,,,False,1.0,CT0011000,20250516020256000001,2025-05-14 17:22:37,17:22:37,2025,14-271(b),,,2025,Registration
2025-05-17 02:03:56.830000,7439371.0,CT0011000,Plainville,Racial Profile,48,25-6705,Case No.,2025-05-15 00:00:00,May,W,N,F,31,True,False, Plainville,Whiting St,  ,  ,V,G,2.0,1,14-147(c),,False,N,False,False,I,2025-05-15 01:12:28,Infraction Ticket,,,False,1.0,CT0011000,20250517020348000001,2025-05-15 01:12:28,01:12:28,2025,14-12(a)*,,,2025,Administrative Offense
2025-05-17 02:03:56.833000,7439372.0,CT0011000,Plainville,Racial Profile,49,25-6721,Case No.,2025-05-15 00:00:00,May,W,N,F,37,True,True, Plainville,Pinnacle Rd,  ,  ,V,G,1.0,0,14-301,,False,N,False,False,V,2025-05-15 09:03:09,Verbal Warning,,,False,1.0,CT0011000,20250517020348000001,2025-05-15 09:03:09,09:03:09,2025,,,,2025,Stop Sign
2025-05-16 02:03:04.317000,7437272.0,CT0011000,Plainville,Racial Profile,49,25-6722,Case No.,2025-05-15 00:00:00,May,W,N,F,61,True,True, Plainville,Pinnacle Rd,  ,  ,V,G,1.0,0,14-301,,False,N,False,False,V,2025-05-15 09:10:04,Verbal Warning,,,False,1.0,CT0011000,20250516020256000001,2025-05-15 09:10:04,09:10:04,2025,,,,2025,Stop Sign
2025-05-22 02:03:22.273000,7447129.0,CT0011000,Plainville,Racial Profile,33,25-6806,Case No.,2025-05-16 00:00:00,May,W,N,F,73,True,False, Plainville,RT 72 West Bound,  ,  ,V,G,1.0,0,14-299,,False,N,False,False,V,2025-05-16 14:18:10,Verbal Warning,,,False,1.0,CT0011000,20250522020314000001,2025-05-16 14:18:10,14:18:10,2025,14-12(a),,,2025,Traffic Control Signal
2025-05-23 02:03:33.327000,7448127.0,CT0011000,Plainville,Racial Profile,33,25-6808,Case No.,2025-05-16 00:00:00,May,W,H,F,55,True,False, Plainville,Metacomet Rd,  ,  ,V,G,1.0,0,14-299,,False,N,False,False,V,2025-05-16 14:39:36,Verbal Warning,,,False,1.0,CT0011000,20250523020310000001,2025-05-16 14:39:36,14:39:36,2025,,,,2025,Traffic Control Signal
2025-05-18 02:03:30.537000,7440924.0,CT0011000,Plainville,Racial Profile,39,25-6822,Case No.,2025-05-16 00:00:00,May,W,N,F,37,True,True, Plainville,Maple St,  ,  ,E,G,1.0,0,14-18(c),,False,N,False,False,V,2025-05-16 19:09:13,Verbal Warning,,,False,1.0,CT0011000,20250518020323000001,2025-05-16 19:09:13,19:09:13,2025,,,,2025,Display of Plates
2025-05-20 02:03:07.727000,7444345.0,CT0011000,Plainville,Racial Profile,51,25-6805,Case No.,2025-05-16 00:00:00,May,B,N,F,31,True,False, Plainville,New Britain Ave,  ,  ,V,G,1.0,0,14-12(a),,False,N,False,False,V,2025-05-16 14:01:09,Verbal Warning,,,False,1.0,CT0011000,20250520020259000001,2025-05-16 14:01:09,14:01:09,2025,,,,2025,Registration
2025-05-18 02:03:30.523000,7440919.0,CT0011000,Plainville,Racial Profile,51,25-6807,Case No.,2025-05-16 00:00:00,May,W,N,M,36,True,False, Plainville,New Britain Ave,  ,  ,V,G,1.0,0,14-12(a),,False,N,False,False,V,2025-05-16 14:24:32,Verbal Warning,,,False,1.0,CT0011000,20250518020323000001,2025-05-16 14:24:32,14:24:32,2025,,,,2025,Registration
2025-05-17 02:03:56.850000,7439378.0,CT0011000,Plainville,Racial Profile,51,25-6809,Case No.,2025-05-16 00:00:00,May,W,N,M,51,True,False, Plainville,Farmington Ave,  ,  ,V,G,1.0,0,14-12(a),,False,N,False,False,V,2025-05-16 14:41:13,Verbal Warning,,,False,1.0,CT0011000,20250517020348000001,2025-05-16 14:41:13,14:41:13,2025,,,,2025,Registration
2025-05-22 02:03:22.297000,7447133.0,CT0011000,Plainville,Racial Profile,51,25-6810,Case No.,2025-05-16 00:00:00,May,B,N,M,20,True,True, Plainville,Farmington Ave,  ,  ,V,G,1.0,0,14-12(a),,False,N,False,False,V,2025-05-16 14:49:44,Verbal Warning,,,False,1.0,CT0011000,20250522020314000001,2025-05-16 14:49:44,14:49:44,2025,,,,2025,Registration
2025-05-19 02:03:07.727000,7443373.0,CT0011000,Plainville,Racial Profile,51,25-6812,Case No.,2025-05-16 00:00:00,May,W,N,M,54,True,False, Plainville,Hooker St,  ,  ,V,G,1.0,0,14-12(a),,False,N,False,False,V,2025-05-16 15:01:10,Verbal Warning,,,False,1.0,CT0011000,20250519020259000001,2025-05-16 15:01:10,15:01:10,2025,,,,2025,Registration
2025-05-27 02:03:53.410000,7452299.0,CT0011000,Plainville,Racial Profile,40,25-6832,Case No.,2025-05-17 00:00:00,May,W,N,M,23,True,True, Plainville,Woodford Ave,  ,  ,V,G,1.0,0,14-219,,False,N,False,False,V,2025-05-17 01:17:45,Verbal Warning,,,False,1.0,CT0011000,20250527020345000001,2025-05-17 01:17:45,01:17:45,2025,,,,2025,Speed Related
2025-05-21 02:03:06.480000,7445295.0,CT0011000,Plainville,Racial Profile,43,25-6868,Case No.,2025-05-17 00:00:00,May,W,N,M,53,True,False, Plainville,East St,  ,  ,V,G,1.0,0,14-213b,,False,N,False,False,V,2025-05-17 16:57:12,Verbal Warning,,,False,1.0,CT0011000,20250521020258000001,2025-05-17 16:57:12,16:57:12,2025,,,,2025,Administrative Offense
2025-05-25 02:03:51.970000,7450156.0,CT0011000,Plainville,Racial Profile,43,25-6873,Case No.,2025-05-17 00:00:00,May,W,N,M,36,False,False, Plainville,Whiting St,  ,  ,V,G,1.0,0,14-301,,False,N,False,False,V,2025-05-17 18:18:15,Verbal Warning,,,False,1.0,CT0011000,20250525020344000001,2025-05-17 18:18:15,18:18:15,2025,,,,2025,Stop Sign
2025-05-18 02:03:30.540000,7440925.0,CT0011000,Plainville,Racial Profile,48,25-6830,Case No.,2025-05-17 00:00:00,May,W,H,F,37,True,False, Plainville,Elm Ct,  ,  ,V,G,2.0,1,14-147(c),,False,N,False,False,I,2025-05-17 00:41:21,Infraction Ticket,,,False,1.0,CT0011000,20250518020323000001,2025-05-17 00:41:21,00:41:21,2025,14-12(a)*,,,2025,Administrative Offense
2025-05-19 02:03:07.740000,7443378.0,CT0011000,Plainville,Racial Profile,48,25-6883,Case No.,2025-05-18 00:00:00,May,W,H,F,22,True,False, Plainville,New Britain Ave,  ,  ,V,G,2.0,1,14-18(a),,False,N,False,False,I,2025-05-18 00:24:57,Infraction Ticket,,,False,1.0,CT0011000,20250519020259000001,2025-05-18 00:24:57,00:24:57,2025,14-12(a)*,,,2025,Display of Plates
2025-05-25 02:03:51.973000,7450158.0,CT0011000,Plainville,Racial Profile,48,25-6896,Case No.,2025-05-18 00:00:00,May,W,H,F,33,True,False, Plainville,Camp St,  ,  ,V,G,1.0,0,14-18(a),,False,N,False,False,V,2025-05-18 01:36:19,Verbal Warning,,,False,1.0,CT0011000,20250525020344000001,2025-05-18 01:36:19,01:36:19,2025,,,,2025,Display of Plates
2025-05-20 02:03:07.757000,7444357.0,CT0011000,Plainville,Racial Profile,50,25-6917,Case No.,2025-05-18 00:00:00,May,W,H,M,46,True,True, Plainville,New Britain Ave,  ,  ,V,G,1.0,0,14-299,,False,N,False,False,V,2025-05-18 18:05:48,Verbal Warning,,,False,1.0,CT0011000,20250520020259000001,2025-05-18 18:05:48,18:05:48,2025,,,,2025,Traffic Control Signal
2025-05-22 02:03:22.317000,7447141.0,CT0011000,Plainville,Racial Profile,37,25-6972,Case No.,2025-05-19 00:00:00,May,W,N,F,35,True,False, Plainville,East St,  ,  ,V,G,1.0,0,14-299,,False,N,False,False,W,2025-05-19 17:18:43,Written Ticket,,,False,1.0,CT0011000,20250522020314000001,2025-05-19 17:18:43,17:18:43,2025,,,,2025,Traffic Control Signal
2025-05-23 02:03:33.427000,7448141.0,CT0011000,Plainville,Racial Profile,37,25-6981,Case No.,2025-05-19 00:00:00,May,W,N,F,47,True,False, Plainville,Alderson Ave,  ,  ,V,G,1.0,0,14-301,,False,N,False,False,W,2025-05-19 19:21:55,Written Ticket,,,False,1.0,CT0011000,20250523020310000001,2025-05-19 19:21:55,19:21:55,2025,,,,2025,Stop Sign
2025-06-05 02:03:59.260000,7462591.0,CT0011000,Plainville,Racial Profile,41,25-6942,Case No.,2025-05-19 00:00:00,May,W,H,F,32,True,False, Plainville,East St,  ,  ,V,G,1.0,0,14-299,,False,N,False,False,V,2025-05-19 07:56:41,Verbal Warning,,,False,1.0,CT0011000,20250605020352000001,2025-05-19 07:56:41,07:56:41,2025,,,,2025,Traffic Control Signal
2025-05-30 02:04:03.080000,7455429.0,CT0011000,Plainville,Racial Profile,50,25-6973,Case No.,2025-05-19 00:00:00,May,W,N,F,44,True,True, Plainville,Stillwell Dr,  ,  ,V,B,1.0,0,14-12(a)*,,False,N,False,False,V,2025-05-19 17:23:48,Verbal Warning,,,False,1.0,CT0011000,20250530020352000001,2025-05-19 17:23:48,17:23:48,2025,,,,2025,Registration
2025-05-22 02:03:22.320000,7447143.0,CT0011000,Plainville,Racial Profile,50,25-6978,Case No.,2025-05-19 00:00:00,May,W,N,M,50,True,True, Plainville,Woodford Ave,  ,  ,V,G,1.0,0,14-219(b),,False,N,False,False,M,2025-05-19 18:27:08,Misdemeanor Summons,,,False,1.0,CT0011000,20250522020314000001,2025-05-19 18:27:08,18:27:08,2025,14-215(a),,,2025,Speed Related
2025-05-22 02:03:22.333000,7447147.0,CT0011000,Plainville,Racial Profile,50,25-6983,Case No.,2025-05-19 00:00:00,May,W,N,M,0,True,False, Plainville,New Britain Ave,  ,  ,V,G,1.0,0,14-219,,False,N,False,False,N,2025-05-19 19:23:37,No Disposition,,,False,1.0,CT0011000,20250522020314000001,2025-05-19 19:23:37,19:23:37,2025,,,,2025,Speed Related
2025-05-21 02:03:06.500000,7445302.0,CT0011000,Plainville,Racial Profile,50,25-6983,Case No.,2025-05-19 00:00:00,May,W,N,M,26,True,False, Plainville,New Britain Ave,  ,  ,V,B,1.0,0,14-219,,False,N,False,False,V,2025-05-19 19:23:37,Verbal Warning,,,False,1.0,CT0011000,20250521020258000001,2025-05-19 19:23:37,19:23:37,2025,,,,2025,Speed Related
2025-05-23 02:03:33.450000,7448145.0,CT0011000,Plainville,Racial Profile,50,25-6987,Case No.,2025-05-19 00:00:00,May,W,N,F,50,True,False, Plainville,East Main St,  ,  ,V,G,1.0,0,14-96b,,False,N,False,False,V,2025-05-19 20:32:04,Verbal Warning,,,False,1.0,CT0011000,20250523020310000001,2025-05-19 20:32:04,20:32:04,2025,,,,2025,Defective Lights
2025-05-22 02:03:22.330000,7447146.0,CT0011000,Plainville,Racial Profile,7,25-6984,Case No.,2025-05-19 00:00:00,May,W,N,M,67,True,True, Plainville,Newton Ave,  ,  ,V,G,1.0,0,14-301,,False,N,False,False,V,2025-05-19 19:25:43,Verbal Warning,,,False,1.0,CT0011000,20250522020314000001,2025-05-19 19:25:43,19:25:43,2025,,,,2025,Stop Sign
2025-05-20 02:03:07.780000,7444366.0,CT0011000,Plainville,Racial Profile,7,25-6993,Case No.,2025-05-19 00:00:00,May,W,N,M,43,True,False, Plainville,Unionville Ave,  ,  ,V,G,1.0,0,14-218a,,False,N,False,False,V,2025-05-19 22:22:38,Verbal Warning,,,False,1.0,CT0011000,20250520020259000001,2025-05-19 22:22:38,22:22:38,2025,,,,2025,Speed Related
2025-05-23 02:03:33.463000,7448147.0,CT0011000,Plainville,Racial Profile,40,25-7004,Case No.,2025-05-20 00:00:00,May,W,N,F,59,True,False, Plainville,Northwest Dr,  ,  ,V,G,1.0,0,14-301,,False,N,False,False,V,2025-05-20 06:56:12,Verbal Warning,,,False,1.0,CT0011000,20250523020310000001,2025-05-20 06:56:12,06:56:12,2025,,,,2025,Stop Sign
2025-05-23 02:03:33.467000,7448148.0,CT0011000,Plainville,Racial Profile,40,25-7009,Case No.,2025-05-20 00:00:00,May,W,N,F,46,True,True, Plainville,Park St,  ,  ,V,G,1.0,0,14-301,,False,N,False,False,V,2025-05-20 07:26:23,Verbal Warning,,,False,1.0,CT0011000,20250523020310000001,2025-05-20 07:26:23,07:26:23,2025,,,,2025,Stop Sign
2025-05-23 02:03:33.497000,7448153.0,CT0011000,Plainville,Racial Profile,27,25-7070,Case No.,2025-05-21 00:00:00,May,W,N,F,51,True,True, Plainville,Tomlinson Ave,  ,  ,V,B,1.0,0,14-301,,False,N,False,False,V,2025-05-21 16:35:27,Verbal Warning,,,False,1.0,CT0011000,20250523020310000001,2025-05-21 16:35:27,16:35:27,2025,,,,2025,Stop Sign
2025-05-26 02:03:52.567000,7451195.0,CT0011000,Plainville,Racial Profile,27,25-7075,Case No.,2025-05-21 00:00:00,May,W,N,F,30,True,True, Plainville,Pickney Ave,  ,  ,V,G,1.0,0,14-301,,False,N,False,False,V,2025-05-21 17:29:33,Verbal Warning,,,False,1.0,CT0011000,20250526020345000001,2025-05-21 17:29:33,17:29:33,2025,,,,2025,Stop Sign
2025-06-01 02:03:59.787000,7457570.0,CT0011000,Plainville,Racial Profile,35,25-7071,Case No.,2025-05-21 00:00:00,May,W,N,M,34,False,False, Plainville,Redstone Hill,  ,  ,V,B,1.0,0,14-219,,False,N,False,False,V,2025-05-21 16:40:21,Verbal Warning,,,False,1.0,CT0011000,20250601020351000001,2025-05-21 16:40:21,16:40:21,2025,,,,2025,Speed Related
2025-05-23 02:03:33.527000,7448155.0,CT0011000,Plainville,Racial Profile,35,25-7072,Case No.,2025-05-21 00:00:00,May,W,N,F,0,True,False, Plainville,Town Line Rd,  ,  ,V,B,1.0,0,14-219,,False,N,False,False,V,2025-05-21 16:47:04,Verbal Warning,,,False,1.0,CT0011000,20250523020310000001,2025-05-21 16:47:04,16:47:04,2025,,,,2025,Speed Related
2025-05-22 02:03:22.430000,7447161.0,CT0011000,Plainville,Racial Profile,35,25-7077,Case No.,2025-05-21 00:00:00,May,W,N,F,34,True,False, Plainville,Town Line Rd,  ,  ,V,B,1.0,0,14-219,,False,N,False,False,V,2025-05-21 17:47:33,Verbal Warning,,,False,1.0,CT0011000,20250522020314000001,2025-05-21 17:47:33,17:47:33,2025,,,,2025,Speed Related
2025-05-22 02:03:22.433000,7447162.0,CT0011000,Plainville,Racial Profile,35,25-7078,Case No.,2025-05-21 00:00:00,May,W,N,F,33,True,False, Plainville,Town Line Rd,  ,  ,V,B,1.0,0,14-219,,False,N,False,False,V,2025-05-21 17:59:00,Verbal Warning,,,False,1.0,CT0011000,20250522020314000001,2025-05-21 17:59:00,17:59:00,2025,,,,2025,Speed Related
2025-05-25 02:03:52.040000,7450184.0,CT0011000,Plainville,Racial Profile,35,25-7079,Case No.,2025-05-21 00:00:00,May,W,N,F,28,True,False, SOUTHINGTON,Brookside Dr,  ,  ,V,B,1.0,0,14-219,,False,N,False,False,I,2025-05-21 18:07:59,Infraction Ticket,,,False,1.0,CT0011000,20250525020344000001,2025-05-21 18:07:59,18:07:59,2025,14-12(a)*,,,2025,Speed Related
2025-05-23 02:03:33.533000,7448156.0,CT0011000,Plainville,Racial Profile,39,25-7073,Case No.,2025-05-21 00:00:00,May,W,N,F,57,True,False, Plainville,Arcadia Ave,  ,  ,V,G,1.0,0,14-301,,False,N,False,False,V,2025-05-21 16:50:24,Verbal Warning,,,False,1.0,CT0011000,20250523020310000001,2025-05-21 16:50:24,16:50:24,2025,,,,2025,Stop Sign
2025-05-23 02:03:33.537000,7448157.0,CT0011000,Plainville,Racial Profile,39,25-7074,Case No.,2025-05-21 00:00:00,May,W,N,F,45,True,True, Plainville,Arcadia Ave,  ,  ,V,B,1.0,0,14-12(a)*,,False,N,False,False,V,2025-05-21 17:02:59,Verbal Warning,,,False,1.0,CT0011000,20250523020310000001,2025-05-21 17:02:59,17:02:59,2025,,,,2025,Registration
2025-05-22 02:03:22.387000,7447152.0,CT0011000,Plainville,Racial Profile,40,25-7043,Case No.,2025-05-21 00:00:00,May,W,N,F,54,True,False, Plainville,Northwest Dr,  ,  ,V,G,1.0,0,14-301,,False,N,False,False,V,2025-05-21 06:58:51,Verbal Warning,,,False,1.0,CT0011000,20250522020314000001,2025-05-21 06:58:51,06:58:51,2025,,,,2025,Stop Sign
2025-05-23 02:03:33.477000,7448150.0,CT0011000,Plainville,Racial Profile,40,25-7044,Case No.,2025-05-21 00:00:00,May,W,N,F,39,True,True, Plainville,Northwest Dr,  ,  ,V,G,1.0,0,14-301,,False,N,False,False,V,2025-05-21 07:05:02,Verbal Warning,,,False,1.0,CT0011000,20250523020310000001,2025-05-21 07:05:02,07:05:02,2025,,,,2025,Stop Sign
2025-06-01 02:03:59.777000,7457567.0,CT0011000,Plainville,Racial Profile,40,25-7047,Case No.,2025-05-21 00:00:00,May,B,N,F,34,True,True, Plainville,Park St,  ,  ,V,G,1.0,0,14-301,,False,N,False,False,I,2025-05-21 07:39:38,Infraction Ticket,,,False,1.0,CT0011000,20250601020351000001,2025-05-21 07:39:38,07:39:38,2025,14-12(a)*,,,2025,Stop Sign
2025-05-22 02:03:22.390000,7447154.0,CT0011000,Plainville,Racial Profile,49,25-7051,Case No.,2025-05-21 00:00:00,May,W,N,F,56,True,False, Plainville,Arcadia Ave,  ,  ,V,G,1.0,0,14-301,,False,N,False,False,V,2025-05-21 09:56:39,Verbal Warning,,,False,1.0,CT0011000,20250522020314000001,2025-05-21 09:56:39,09:56:39,2025,,,,2025,Stop Sign
2025-05-26 02:03:52.617000,7451201.0,CT0011000,Plainville,Racial Profile,33,25-7114,Case No.,2025-05-22 00:00:00,May,W,N,M,54,True,True, Plainville,Redstone Hill,  ,  ,V,G,1.0,0,14-301,,False,N,False,False,V,2025-05-22 10:47:14,Verbal Warning,,,False,1.0,CT0011000,20250526020345000001,2025-05-22 10:47:14,10:47:14,2025,,,,2025,Stop Sign
2025-06-06 02:04:06.357000,7463712.0,CT0011000,Plainville,Racial Profile,33,25-7116,Case No.,2025-05-22 00:00:00,May,A,N,F,42,True,True, Plainville,East Main St,  ,  ,V,G,1.0,0,14-12(a),,False,N,False,False,W,2025-05-22 11:16:27,Written Ticket,,,False,1.0,CT0011000,20250606020359000001,2025-05-22 11:16:27,11:16:27,2025,,,,2025,Registration
2025-05-25 02:03:52.053000,7450189.0,CT0011000,Plainville,Racial Profile,39,25-7128,Case No.,2025-05-22 00:00:00,May,W,N,M,43,True,False, Plainville,Arcadia Ave,  ,  ,V,G,1.0,0,14-301,,False,N,False,False,V,2025-05-22 16:36:53,Verbal Warning,,,False,1.0,CT0011000,20250525020344000001,2025-05-22 16:36:53,16:36:53,2025,,,,2025,Stop Sign
2025-05-25 02:03:52.057000,7450190.0,CT0011000,Plainville,Racial Profile,39,25-7133,Case No.,2025-05-22 00:00:00,May,W,H,M,32,True,False, Plainville,Pickney Ave,  ,  ,V,G,1.0,0,14-301,,False,N,False,False,V,2025-05-22 17:14:46,Verbal Warning,,,False,1.0,CT0011000,20250525020344000001,2025-05-22 17:14:46,17:14:46,2025,,,,2025,Stop Sign
2025-05-26 02:03:52.640000,7451206.0,CT0011000,Plainville,Racial Profile,39,25-7135,Case No.,2025-05-22 00:00:00,May,W,N,F,23,True,False, Plainville,Pickney Ave,  ,  ,V,G,2.0,0,14-301,,False,N,False,False,I,2025-05-22 17:39:12,Infraction Ticket,,,False,1.0,CT0011000,20250526020345000001,2025-05-22 17:39:12,17:39:12,2025,14-36(a),,,2025,Stop Sign
2025-05-30 02:04:03.153000,7455452.0,CT0011000,Plainville,Racial Profile,40,25-7099,Case No.,2025-05-22 00:00:00,May,W,N,M,59,True,False, Plainville,Tomlinson Ave,  ,  ,V,G,1.0,0,14-301,,False,N,False,False,V,2025-05-22 06:40:08,Verbal Warning,,,False,1.0,CT0011000,20250530020352000001,2025-05-22 06:40:08,06:40:08,2025,,,,2025,Stop Sign
2025-05-26 02:03:52.613000,7451200.0,CT0011000,Plainville,Racial Profile,40,25-7101,Case No.,2025-05-22 00:00:00,May,W,N,F,41,True,True, Plainville,Arcadia Ave,  ,  ,V,G,1.0,0,14-301,,False,N,False,False,I,2025-05-22 06:56:36,Infraction Ticket,,,False,1.0,CT0011000,20250526020345000001,2025-05-22 06:56:36,06:56:36,2025,,,,2025,Stop Sign
2025-05-27 02:03:53.543000,7452336.0,CT0011000,Plainville,Racial Profile,43,25-7134,Case No.,2025-05-22 00:00:00,May,B,N,F,27,False,False, Plainville,Arcadia Ave,  ,  ,V,G,1.0,0,14-301,,False,N,False,False,V,2025-05-22 17:34:56,Verbal Warning,,,False,1.0,CT0011000,20250527020345000001,2025-05-22 17:34:56,17:34:56,2025,,,,2025,Stop Sign
2025-05-31 02:04:02.193000,7456524.0,CT0011000,Plainville,Racial Profile,47,25-7104,Case No.,2025-05-22 00:00:00,May,W,N,M,36,True,False, Plainville,Broad St,  ,  ,V,G,1.0,0,14-301,,False,N,False,False,V,2025-05-22 07:35:01,Verbal Warning,,,False,1.0,CT0011000,20250531020353000001,2025-05-22 07:35:01,07:35:01,2025,,,,2025,Stop Sign
2025-05-26 02:03:52.803000,7451236.0,CT0011000,Plainville,Racial Profile,19,25-7228,Case No.,2025-05-23 00:00:00,May,W,N,M,60,True,True, Plainville,Woodford Ave,  ,  ,V,G,1.0,0,14-299,,False,N,False,False,V,2025-05-23 19:01:50,Verbal Warning,,,False,1.0,CT0011000,20250526020345000001,2025-05-23 19:01:50,19:01:50,2025,,,,2025,Traffic Control Signal
2025-05-24 02:03:57.360000,7449175.0,CT0011000,Plainville,Racial Profile,27,25-7210,Case No.,2025-05-23 00:00:00,May,W,N,M,25,True,False, Plainville,Park St,  ,  ,V,B,1.0,0,14-301,,False,N,False,False,V,2025-05-23 16:20:33,Verbal Warning,,,False,1.0,CT0011000,20250524020348000001,2025-05-23 16:20:33,16:20:33,2025,,,,2025,Stop Sign
2025-05-24 02:03:57.380000,7449179.0,CT0011000,Plainville,Racial Profile,27,25-7215,Case No.,2025-05-23 00:00:00,May,W,N,F,81,True,False, Plainville,Park St,  ,  ,V,B,1.0,0,14-301,,False,N,False,False,V,2025-05-23 16:35:29,Verbal Warning,,,False,1.0,CT0011000,20250524020348000001,2025-05-23 16:35:29,16:35:29,2025,,,,2025,Stop Sign
2025-05-26 02:03:52.660000,7451215.0,CT0011000,Plainville,Racial Profile,29,25-7195,Case No.,2025-05-23 00:00:00,May,W,N,F,40,True,True, Plainville,Pickney Ave,  ,  ,V,G,1.0,0,14-301,,False,N,False,False,V,2025-05-23 11:29:21,Verbal Warning,,,False,1.0,CT0011000,20250526020345000001,2025-05-23 11:29:21,11:29:21,2025,,,,2025,Stop Sign
2025-05-30 02:04:03.213000,7455471.0,CT0011000,Plainville,Racial Profile,29,25-7200,Case No.,2025-05-23 00:00:00,May,W,N,F,77,True,True, Plainville,Pickney Ave,  ,  ,V,G,1.0,0,14-301,,False,N,False,False,V,2025-05-23 11:51:02,Verbal Warning,,,False,1.0,CT0011000,20250530020352000001,2025-05-23 11:51:02,11:51:02,2025,,,,2025,Stop Sign
2025-05-29 02:03:58.120000,7454379.0,CT0011000,Plainville,Racial Profile,33,25-7181,Case No.,2025-05-23 00:00:00,May,B,N,F,44,True,False, Plainville,West Main St,  ,  ,V,G,1.0,0,14-12(a),,False,N,False,False,V,2025-05-23 10:25:09,Verbal Warning,,,False,1.0,CT0011000,20250529020350000001,2025-05-23 10:25:09,10:25:09,2025,,,,2025,Registration
2025-12-13 02:06:01.553000,7956350.0,CT0011000,Plainville,Racial Profile,33,25-7184,Case No.,2025-05-23 00:00:00,May,A,N,F,43,True,True, Plainville,Laurel Ct,  ,  ,V,G,1.0,0,14-301,,False,N,False,False,V,2025-05-23 10:46:18,Verbal Warning,,,False,1.0,CT0011000,20251213020550000001,2025-05-23 10:46:18,10:46:18,2025,,,,2025,Stop Sign
2025-05-26 02:03:52.647000,7451208.0,CT0011000,Plainville,Racial Profile,33,25-7184,Case No.,2025-05-23 00:00:00,May,I,N,F,43,True,True, Plainville,Laurel Ct,  ,  ,V,G,1.0,0,14-301,,False,N,False,False,V,2025-05-23 10:46:18,Verbal Warning,,,False,1.0,CT0011000,20250526020345000001,2025-05-23 10:46:18,10:46:18,2025,,,,2025,Stop Sign
2025-05-27 02:03:53.563000,7452341.0,CT0011000,Plainville,Racial Profile,33,25-7186,Case No.,2025-05-23 00:00:00,May,W,N,F,27,True,True, Plainville,Laurel Ct,  ,  ,V,G,1.0,0,14-301,,False,N,False,False,V,2025-05-23 10:54:06,Verbal Warning,,,False,1.0,CT0011000,20250527020345000001,2025-05-23 10:54:06,10:54:06,2025,,,,2025,Stop Sign
2025-05-29 02:03:58.140000,7454384.0,CT0011000,Plainville,Racial Profile,33,25-7189,Case No.,2025-05-23 00:00:00,May,W,N,F,24,True,True, Plainville,Park St,  ,  ,V,G,1.0,0,14-301,,False,N,False,False,W,2025-05-23 11:11:41,Written Ticket,,,False,1.0,CT0011000,20250529020350000001,2025-05-23 11:11:41,11:11:41,2025,,,,2025,Stop Sign
2025-05-25 02:03:52.080000,7450200.0,CT0011000,Plainville,Racial Profile,33,25-7192,Case No.,2025-05-23 00:00:00,May,W,N,F,85,True,True, Plainville,Park St,  ,  ,V,G,1.0,0,14-301,,False,N,False,False,V,2025-05-23 11:26:35,Verbal Warning,,,False,1.0,CT0011000,20250525020344000001,2025-05-23 11:26:35,11:26:35,2025,,,,2025,Stop Sign
2025-05-26 02:03:52.673000,7451218.0,CT0011000,Plainville,Racial Profile,33,25-7202,Case No.,2025-05-23 00:00:00,May,W,N,F,36,True,False, Plainville,East St,  ,  ,V,G,1.0,0,14-12(a),,False,N,False,False,V,2025-05-23 11:57:07,Verbal Warning,,,False,1.0,CT0011000,20250526020345000001,2025-05-23 11:57:07,11:57:07,2025,,,,2025,Registration
2025-05-26 02:03:52.677000,7451219.0,CT0011000,Plainville,Racial Profile,33,25-7205,Case No.,2025-05-23 00:00:00,May,W,N,F,56,True,False, Plainville,North Washington St,  ,  ,V,G,1.0,0,14-12(a),,False,N,False,False,V,2025-05-23 15:05:27,Verbal Warning,,,False,1.0,CT0011000,20250526020345000001,2025-05-23 15:05:27,15:05:27,2025,,,,2025,Registration
2025-06-02 02:04:02.580000,7458680.0,CT0011000,Plainville,Racial Profile,36,25-7217,Case No.,2025-05-23 00:00:00,May,W,N,M,28,True,False, Plainville,Gilberte St,  ,  ,V,G,1.0,0,14-301,,False,N,False,False,V,2025-05-23 16:36:47,Verbal Warning,,,False,1.0,CT0011000,20250602020352000001,2025-05-23 16:36:47,16:36:47,2025,,,,2025,Stop Sign
2025-05-25 02:03:52.113000,7450213.0,CT0011000,Plainville,Racial Profile,36,25-7218,Case No.,2025-05-23 00:00:00,May,W,N,M,44,True,False, Plainville,Field St,  ,  ,V,G,1.0,0,14-301,,False,N,False,False,I,2025-05-23 16:51:20,Infraction Ticket,,,False,1.0,CT0011000,20250525020344000001,2025-05-23 16:51:20,16:51:20,2025,14-218a*,,,2025,Stop Sign
2025-06-02 02:04:02.593000,7458685.0,CT0011000,Plainville,Racial Profile,36,25-7222,Case No.,2025-05-23 00:00:00,May,W,H,M,38,True,False, Plainville,Farmington Ave,  ,  ,V,B,1.0,1,14-12(a)*,,False,N,False,False,I,2025-05-23 17:12:16,Infraction Ticket,,,False,1.0,CT0011000,20250602020352000001,2025-05-23 17:12:16,17:12:16,2025,,,,2025,Registration
2025-06-02 02:04:02.613000,7458692.0,CT0011000,Plainville,Racial Profile,36,25-7235,Case No.,2025-05-23 00:00:00,May,W,N,M,0,True,False, Plainville,RT 72 West Bound,  ,  ,V,G,1.0,0,14-299,,False,N,False,False,V,2025-05-23 20:45:55,Verbal Warning,,,False,1.0,CT0011000,20250602020352000001,2025-05-23 20:45:55,20:45:55,2025,,,,2025,Traffic Control Signal
2025-05-24 02:03:57.430000,7449194.0,CT0011000,Plainville,Racial Profile,43,25-7212,Case No.,2025-05-23 00:00:00,May,B,N,M,70,False,False, Plainville,Camp St,  ,  ,V,G,1.0,0,14-301,,False,N,False,False,V,2025-05-23 16:21:59,Verbal Warning,,,False,1.0,CT0011000,20250524020348000001,2025-05-23 16:21:59,16:21:59,2025,,,,2025,Stop Sign
2025-05-29 02:03:58.197000,7454404.0,CT0011000,Plainville,Racial Profile,43,25-7223,Case No.,2025-05-23 00:00:00,May,B,N,M,27,False,False, Plainville,EAST MAIN ST,  ,  ,V,G,1.0,0,14-213b,,False,N,False,False,V,2025-05-23 17:17:22,Verbal Warning,,,False,1.0,CT0011000,20250529020350000001,2025-05-23 17:17:22,17:17:22,2025,,,,2025,Administrative Offense
2025-06-01 02:03:59.953000,7457613.0,CT0011000,Plainville,Racial Profile,43,25-7224,Case No.,2025-05-23 00:00:00,May,W,N,M,0,False,False, Plainville,Unionville Ave,  ,  ,V,G,1.0,0,14-12(a)*,,False,N,False,False,V,2025-05-23 17:39:39,Verbal Warning,,,False,1.0,CT0011000,20250601020351000001,2025-05-23 17:39:39,17:39:39,2025,,,,2025,Registration
2025-06-02 02:04:02.603000,7458688.0,CT0011000,Plainville,Racial Profile,43,25-7226,Case No.,2025-05-23 00:00:00,May,W,N,M,26,False,False, Plainville,Camp St,  ,  ,V,G,1.0,0,14-12(a)*,,False,N,False,False,I,2025-05-23 18:11:05,Infraction Ticket,,,False,1.0,CT0011000,20250602020352000001,2025-05-23 18:11:05,18:11:05,2025,,,,2025,Registration
2025-06-02 02:04:02.607000,7458689.0,CT0011000,Plainville,Racial Profile,43,25-7227,Case No.,2025-05-23 00:00:00,May,W,N,M,0,False,False, Plainville,Farmington Ave,  ,  ,V,G,1.0,0,14-299,,False,N,False,False,I,2025-05-23 18:54:10,Infraction Ticket,,,False,1.0,CT0011000,20250602020352000001,2025-05-23 18:54:10,18:54:10,2025,,,,2025,Traffic Control Signal
2025-06-10 02:04:08.510000,7469475.0,CT0011000,Plainville,Racial Profile,48,25-7170,Case No.,2025-05-23 00:00:00,May,W,H,F,33,False,False, Plainville,RT 72 East Bound,  ,  ,V,G,1.0,0,14-18(a),,False,N,False,False,V,2025-05-23 07:10:37,Verbal Warning,,,False,1.0,CT0011000,20250610020359000001,2025-05-23 07:10:37,07:10:37,2025,,,,2025,Display of Plates
2025-05-29 02:03:58.160000,7454392.0,CT0011000,Plainville,Racial Profile,50,25-7209,Case No.,2025-05-23 00:00:00,May,W,N,F,55,True,False, Plainville,Meriline Ave,  ,  ,V,G,1.0,0,14-301,,False,N,False,False,V,2025-05-23 16:16:14,Verbal Warning,,,False,1.0,CT0011000,20250529020350000001,2025-05-23 16:16:14,16:16:14,2025,,,,2025,Stop Sign
2025-06-05 02:03:59.390000,7462640.0,CT0011000,Plainville,Racial Profile,50,25-7211,Case No.,2025-05-23 00:00:00,May,A,M,M,22,True,True, Plainville,Meriline Ave,  ,  ,V,G,1.0,0,14-301,,False,N,False,False,V,2025-05-23 16:21:57,Verbal Warning,,,False,1.0,CT0011000,20250605020352000001,2025-05-23 16:21:57,16:21:57,2025,,,,2025,Stop Sign
2025-05-31 02:04:02.307000,7456547.0,CT0011000,Plainville,Racial Profile,50,25-7214,Case No.,2025-05-23 00:00:00,May,W,N,M,19,True,False, Plainville,Meriline Ave,  ,  ,V,G,1.0,0,14-301,,False,N,False,False,V,2025-05-23 16:29:21,Verbal Warning,,,False,1.0,CT0011000,20250531020353000001,2025-05-23 16:29:21,16:29:21,2025,,,,2025,Stop Sign
2025-05-24 02:03:57.377000,7449178.0,CT0011000,Plainville,Racial Profile,50,25-7216,Case No.,2025-05-23 00:00:00,May,W,N,M,64,True,True, Plainville,Meriline Ave,  ,  ,V,G,1.0,0,14-301,,False,N,False,False,V,2025-05-23 16:36:37,Verbal Warning,,,False,1.0,CT0011000,20250524020348000001,2025-05-23 16:36:37,16:36:37,2025,,,,2025,Stop Sign
2025-05-24 02:03:57.397000,7449182.0,CT0011000,Plainville,Racial Profile,50,25-7219,Case No.,2025-05-23 00:00:00,May,A,N,F,17,True,True, Plainville,Arcadia Ave,  ,  ,V,G,1.0,0,14-301,,False,N,False,False,V,2025-05-23 16:53:47,Verbal Warning,,,False,1.0,CT0011000,20250524020348000001,2025-05-23 16:53:47,16:53:47,2025,,,,2025,Stop Sign
2025-06-02 02:04:02.590000,7458683.0,CT0011000,Plainville,Racial Profile,50,25-7220,Case No.,2025-05-23 00:00:00,May,W,N,F,40,True,True, Plainville,Meriline Ave,  ,  ,V,G,1.0,0,14-301,,False,N,False,False,V,2025-05-23 16:59:43,Verbal Warning,,,False,1.0,CT0011000,20250602020352000001,2025-05-23 16:59:43,16:59:43,2025,,,,2025,Stop Sign
2025-05-28 02:03:55.223000,7453366.0,CT0011000,Plainville,Racial Profile,50,25-7221,Case No.,2025-05-23 00:00:00,May,W,N,M,58,True,True, Plainville,East St,  ,  ,V,G,1.0,0,14-299,,False,N,False,False,I,2025-05-23 17:06:48,Infraction Ticket,,,False,1.0,CT0011000,20250528020347000001,2025-05-23 17:06:48,17:06:48,2025,,,,2025,Traffic Control Signal
2025-05-29 02:03:58.210000,7454409.0,CT0011000,Plainville,Racial Profile,50,25-7230,Case No.,2025-05-23 00:00:00,May,W,N,M,19,True,True, Plainville,Maiden Ln,  ,  ,V,G,1.0,0,14-96c,,False,N,False,False,V,2025-05-23 19:39:50,Verbal Warning,,,False,1.0,CT0011000,20250529020350000001,2025-05-23 19:39:50,19:39:50,2025,,,,2025,Defective Lights
2025-05-30 02:04:03.313000,7455493.0,CT0011000,Plainville,Racial Profile,50,25-7238,Case No.,2025-05-23 00:00:00,May,B,N,F,19,True,False, Plainville,East Main St,  ,  ,V,G,1.0,0,14-96a(a),,False,N,False,False,V,2025-05-23 22:29:45,Verbal Warning,,,False,1.0,CT0011000,20250530020352000001,2025-05-23 22:29:45,22:29:45,2025,,,,2025,Defective Lights
2025-05-27 02:03:53.553000,7452340.0,CT0011000,Plainville,Racial Profile,51,25-7185,Case No.,2025-05-23 00:00:00,May,W,N,F,62,True,True, Plainville,Redstone Hill,  ,  ,V,G,1.0,0,14-301,,False,N,False,False,W,2025-05-23 10:47:47,Written Ticket,,,False,1.0,CT0011000,20250527020345000001,2025-05-23 10:47:47,10:47:47,2025,,,,2025,Stop Sign
2025-06-04 02:04:04.967000,7461559.0,CT0011000,Plainville,Racial Profile,51,25-7187,Case No.,2025-05-23 00:00:00,May,W,N,F,42,False,False, Plainville,Broad St,  ,  ,V,G,1.0,0,14-301,,False,N,False,False,V,2025-05-23 11:07:47,Verbal Warning,,,False,1.0,CT0011000,20250604020356000001,2025-05-23 11:07:47,11:07:47,2025,,,,2025,Stop Sign
2025-05-24 02:03:57.340000,7449167.0,CT0011000,Plainville,Racial Profile,51,25-7191,Case No.,2025-05-23 00:00:00,May,W,N,F,69,True,True, Plainville,Broad St,  ,  ,V,G,1.0,0,14-301,,False,N,False,False,V,2025-05-23 11:24:19,Verbal Warning,,,False,1.0,CT0011000,20250524020348000001,2025-05-23 11:24:19,11:24:19,2025,,,,2025,Stop Sign
2025-06-28 02:03:50.673000,7523984.0,CT0011000,Plainville,Racial Profile,51,25-7196,Case No.,2025-05-23 00:00:00,May,W,N,M,34,True,False, Plainville,Broad St,  ,  ,V,G,1.0,0,14-301,,False,N,False,False,V,2025-05-23 11:37:28,Verbal Warning,,,False,1.0,CT0011000,20250628020341000001,2025-05-23 11:37:28,11:37:28,2025,,,,2025,Stop Sign
2025-06-04 02:04:04.980000,7461564.0,CT0011000,Plainville,Racial Profile,51,25-7198,Case No.,2025-05-23 00:00:00,May,W,N,F,81,True,False, Plainville,Broad St,  ,  ,V,G,1.0,0,14-301,,False,N,False,False,V,2025-05-23 11:47:17,Verbal Warning,,,False,1.0,CT0011000,20250604020356000001,2025-05-23 11:47:17,11:47:17,2025,,,,2025,Stop Sign
2025-06-02 02:04:02.657000,7458703.0,CT0011000,Plainville,Racial Profile,35,25-7286,Case No.,2025-05-24 00:00:00,May,W,N,M,91,True,False, Plainville,East St,  ,  ,V,B,1.0,0,14-236,,False,N,False,False,V,2025-05-24 16:59:40,Verbal Warning,,,False,1.0,CT0011000,20250602020352000001,2025-05-24 16:59:40,16:59:40,2025,,,,2025,Moving Violation
2025-05-25 02:03:52.190000,7450229.0,CT0011000,Plainville,Racial Profile,37,25-7269,Case No.,2025-05-24 00:00:00,May,W,M,F,42,True,False, Plainville,East St,  ,  ,V,G,1.0,0,14-299,,False,N,False,False,W,2025-05-24 12:07:18,Written Ticket,,,False,1.0,CT0011000,20250525020344000001,2025-05-24 12:07:18,12:07:18,2025,,,,2025,Traffic Control Signal
2025-06-07 02:04:06.427000,7465993.0,CT0011000,Plainville,Racial Profile,49,25-7265,Case No.,2025-05-24 00:00:00,May,W,H,M,56,True,False, Plainville,Arcadia Ave,  ,  ,V,G,1.0,0,14-301,,False,N,False,False,V,2025-05-24 11:32:07,Verbal Warning,,,False,1.0,CT0011000,20250607020357000001,2025-05-24 11:32:07,11:32:07,2025,,,,2025,Stop Sign
2025-05-26 02:03:52.823000,7451242.0,CT0011000,Plainville,Racial Profile,49,25-7268,Case No.,2025-05-24 00:00:00,May,W,M,M,53,True,False, Plainville,Arcadia Ave,  ,  ,V,G,1.0,0,14-301,,False,N,False,False,V,2025-05-24 11:57:42,Verbal Warning,,,False,1.0,CT0011000,20250526020345000001,2025-05-24 11:57:42,11:57:42,2025,,,,2025,Stop Sign
2025-05-25 02:03:52.193000,7450230.0,CT0011000,Plainville,Racial Profile,51,25-7273,Case No.,2025-05-24 00:00:00,May,W,N,M,31,True,False, Plainville,Bohemia St,  ,  ,V,G,1.0,0,14-301,,False,N,False,False,V,2025-05-24 13:58:31,Verbal Warning,,,False,1.0,CT0011000,20250525020344000001,2025-05-24 13:58:31,13:58:31,2025,,,,2025,Stop Sign
2025-06-02 02:04:02.637000,7458699.0,CT0011000,Plainville,Racial Profile,51,25-7274,Case No.,2025-05-24 00:00:00,May,W,N,F,66,True,True, Plainville,Redstone Hill,  ,  ,V,G,1.0,0,14-13,,False,N,False,False,V,2025-05-24 14:05:30,Verbal Warning,,,False,1.0,CT0011000,20250602020352000001,2025-05-24 14:05:30,14:05:30,2025,,,,2025,Registration
2025-05-27 02:03:53.690000,7452377.0,CT0011000,Plainville,Racial Profile,51,25-7277,Case No.,2025-05-24 00:00:00,May,W,N,M,22,True,True, Plainville,Broad St,  ,  ,V,G,1.0,0,14-301,,False,N,False,False,V,2025-05-24 14:21:26,Verbal Warning,,,False,1.0,CT0011000,20250527020345000001,2025-05-24 14:21:26,14:21:26,2025,,,,2025,Stop Sign
2025-05-27 02:03:53.690000,7452378.0,CT0011000,Plainville,Racial Profile,51,25-7279,Case No.,2025-05-24 00:00:00,May,W,N,F,41,True,False, Plainville,Broad St,  ,  ,V,G,1.0,0,14-301,,False,N,False,False,V,2025-05-24 14:35:45,Verbal Warning,,,False,1.0,CT0011000,20250527020345000001,2025-05-24 14:35:45,14:35:45,2025,,,,2025,Stop Sign
2025-06-02 02:04:02.650000,7458702.0,CT0011000,Plainville,Racial Profile,51,25-7280,Case No.,2025-05-24 00:00:00,May,W,N,M,64,True,False, Plainville,Broad St,  ,  ,V,G,1.0,0,14-301,,False,N,False,False,V,2025-05-24 14:45:30,Verbal Warning,,,False,1.0,CT0011000,20250602020352000001,2025-05-24 14:45:30,14:45:30,2025,,,,2025,Stop Sign
2025-05-30 02:04:03.343000,7455504.0,CT0011000,Plainville,Racial Profile,43,25-7331,Case No.,2025-05-25 00:00:00,May,W,N,M,40,True,False, Plainville,East St,  ,  ,V,G,1.0,0,14-296aa(b1st,,False,N,False,False,V,2025-05-25 17:53:19,Verbal Warning,,,False,1.0,CT0011000,20250530020352000001,2025-05-25 17:53:19,17:53:19,2025,,,,2025,Cell Phone
2025-05-30 02:04:03.360000,7455510.0,CT0011000,Plainville,Racial Profile,33,25-7395,Case No.,2025-05-27 00:00:00,May,W,H,F,42,True,False, Plainville,New Britain Ave,  ,  ,V,G,1.0,0,14-12(a),,False,N,False,False,V,2025-05-27 09:21:37,Verbal Warning,,,False,1.0,CT0011000,20250530020352000001,2025-05-27 09:21:37,09:21:37,2025,,,,2025,Registration
2025-05-31 02:04:02.427000,7456581.0,CT0011000,Plainville,Racial Profile,33,25-7399,Case No.,2025-05-27 00:00:00,May,W,N,F,66,True,True, Plainville,Tomlinson Ave,  ,  ,V,G,1.0,0,14-301,,False,N,False,False,W,2025-05-27 10:07:21,Written Ticket,,,False,1.0,CT0011000,20250531020353000001,2025-05-27 10:07:21,10:07:21,2025,,,,2025,Stop Sign
2025-05-29 02:03:58.263000,7454430.0,CT0011000,Plainville,Racial Profile,33,25-7400,Case No.,2025-05-27 00:00:00,May,W,N,M,47,True,False, Plainville,Tomlinson Ave,  ,  ,V,G,1.0,0,14-301,,False,N,False,False,V,2025-05-27 10:18:32,Verbal Warning,,,False,1.0,CT0011000,20250529020350000001,2025-05-27 10:18:32,10:18:32,2025,,,,2025,Stop Sign
2025-05-29 02:03:58.267000,7454431.0,CT0011000,Plainville,Racial Profile,33,25-7406,Case No.,2025-05-27 00:00:00,May,W,N,F,71,True,False, Plainville,New Britain Ave,  ,  ,V,G,1.0,0,14-242,,False,N,False,False,W,2025-05-27 14:45:38,Written Ticket,,,False,1.0,CT0011000,20250529020350000001,2025-05-27 14:45:38,14:45:38,2025,,,,2025,Moving Violation
2025-05-29 02:03:58.267000,7454432.0,CT0011000,Plainville,Racial Profile,35,25-7416,Case No.,2025-05-27 00:00:00,May,W,N,F,22,True,True, Plainville,Arcadia Ave,  ,  ,V,B,1.0,0,14-301,,False,N,False,False,I,2025-05-27 16:40:40,Infraction Ticket,,,False,1.0,CT0011000,20250529020350000001,2025-05-27 16:40:40,16:40:40,2025,,,,2025,Stop Sign
2025-05-28 02:03:55.330000,7453397.0,CT0011000,Plainville,Racial Profile,35,25-7417,Case No.,2025-05-27 00:00:00,May,W,N,F,48,True,True, Plainville,Gilberte St,  ,  ,V,B,1.0,0,14-301,,False,N,False,False,V,2025-05-27 17:08:57,Verbal Warning,,,False,1.0,CT0011000,20250528020347000001,2025-05-27 17:08:57,17:08:57,2025,,,,2025,Stop Sign
2025-06-03 02:04:02.013000,7460468.0,CT0011000,Plainville,Racial Profile,36,25-7426,Case No.,2025-05-27 00:00:00,May,W,N,M,44,True,True, Plainville,Northwest Dr,  ,  ,V,G,1.0,0,14-296aa(b1st,,False,N,False,False,V,2025-05-27 19:04:32,Verbal Warning,,,False,1.0,CT0011000,20250603020352000001,2025-05-27 19:04:32,19:04:32,2025,14-100a(c)(1),,,2025,Cell Phone
2025-05-28 02:03:55.337000,7453399.0,CT0011000,Plainville,Racial Profile,36,25-7427,Case No.,2025-05-27 00:00:00,May,W,N,M,27,True,False, Plainville,Unionville Ave,  ,  ,V,G,1.0,0,14-299,,False,N,False,False,I,2025-05-27 19:12:34,Infraction Ticket,,,False,1.0,CT0011000,20250528020347000001,2025-05-27 19:12:34,19:12:34,2025,14-13,,,2025,Traffic Control Signal
2025-06-04 02:04:05.177000,7461612.0,CT0011000,Plainville,Racial Profile,36,25-7431,Case No.,2025-05-27 00:00:00,May,W,N,F,41,True,True, Plainville,Broad St,  ,  ,V,G,1.0,0,14-12(a)*,,False,N,False,False,I,2025-05-27 22:02:19,Infraction Ticket,,,False,1.0,CT0011000,20250604020356000001,2025-05-27 22:02:19,22:02:19,2025,,,,2025,Registration
2025-05-28 02:03:55.310000,7453388.0,CT0011000,Plainville,Racial Profile,40,25-7386,Case No.,2025-05-27 00:00:00,May,W,N,M,64,True,True, Plainville,Johnson Ave,  ,  ,V,G,1.0,0,14-301,,False,N,False,False,V,2025-05-27 06:53:27,Verbal Warning,,,False,1.0,CT0011000,20250528020347000001,2025-05-27 06:53:27,06:53:27,2025,,,,2025,Stop Sign
2025-05-29 02:03:58.250000,7454425.0,CT0011000,Plainville,Racial Profile,40,25-7387,Case No.,2025-05-27 00:00:00,May,B,H,M,30,True,False, Plainville,Johnson Ave,  ,  ,V,G,1.0,0,14-301,,False,N,False,False,V,2025-05-27 06:54:34,Verbal Warning,,,False,1.0,CT0011000,20250529020350000001,2025-05-27 06:54:34,06:54:34,2025,,,,2025,Stop Sign
2025-05-28 02:03:55.313000,7453390.0,CT0011000,Plainville,Racial Profile,40,25-7389,Case No.,2025-05-27 00:00:00,May,W,H,F,36,True,True, Plainville,Northwest Dr,  ,  ,V,G,1.0,0,14-219,,False,N,False,False,V,2025-05-27 07:05:10,Verbal Warning,,,False,1.0,CT0011000,20250528020347000001,2025-05-27 07:05:10,07:05:10,2025,,,,2025,Speed Related
2025-06-05 02:03:59.487000,7462673.0,CT0011000,Plainville,Racial Profile,40,25-7392,Case No.,2025-05-27 00:00:00,May,W,N,F,51,True,False, Plainville,Northwest Dr,  ,  ,V,G,1.0,0,14-301,,False,N,False,False,V,2025-05-27 07:28:59,Verbal Warning,,,False,1.0,CT0011000,20250605020352000001,2025-05-27 07:28:59,07:28:59,2025,,,,2025,Stop Sign
2025-06-05 02:03:59.477000,7462669.0,CT0011000,Plainville,Racial Profile,48,25-7380,Case No.,2025-05-27 00:00:00,May,W,M,M,25,True,True, Plainville,EAST ST,  ,  ,V,G,2.0,1,14-12(a)*,,False,N,False,False,I,2025-05-27 02:21:56,Infraction Ticket,,,False,1.0,CT0011000,20250605020352000001,2025-05-27 02:21:56,02:21:56,2025,,,,2025,Registration
2025-06-04 02:04:05.210000,7461626.0,CT0011000,Plainville,Racial Profile,36,25-7496,Case No.,2025-05-28 00:00:00,May,W,N,F,40,True,True, Plainville,Tomlinson Ave,  ,  ,V,G,1.0,0,14-301,,False,N,False,False,V,2025-05-28 16:37:16,Verbal Warning,,,False,1.0,CT0011000,20250604020356000001,2025-05-28 16:37:16,16:37:16,2025,,,,2025,Stop Sign
2025-06-01 02:04:00.360000,7457657.0,CT0011000,Plainville,Racial Profile,36,25-7498,Case No.,2025-05-28 00:00:00,May,W,N,F,51,True,False, Plainville,Neal Ct,  ,  ,V,G,1.0,0,14-296aa(b1st,,False,N,False,False,V,2025-05-28 17:55:55,Verbal Warning,,,False,1.0,CT0011000,20250601020351000001,2025-05-28 17:55:55,17:55:55,2025,,,,2025,Cell Phone
2025-06-06 02:04:06.647000,7463792.0,CT0011000,Plainville,Racial Profile,36,25-7509,Case No.,2025-05-28 00:00:00,May,W,N,F,28,True,False, Plainville,New Britain Ave,  ,  ,V,G,1.0,0,14-236,,False,N,False,False,V,2025-05-28 22:06:38,Verbal Warning,,,False,1.0,CT0011000,20250606020359000001,2025-05-28 22:06:38,22:06:38,2025,,,,2025,Moving Violation
2025-05-31 02:04:02.477000,7456589.0,CT0011000,Plainville,Racial Profile,40,25-7459,Case No.,2025-05-28 00:00:00,May,W,N,M,43,True,True, Plainville,Arcadia Ave,  ,  ,V,G,1.0,0,14-301,,False,N,False,False,V,2025-05-28 06:38:25,Verbal Warning,,,False,1.0,CT0011000,20250531020353000001,2025-05-28 06:38:25,06:38:25,2025,,,,2025,Stop Sign
2025-05-29 02:03:58.280000,7454438.0,CT0011000,Plainville,Racial Profile,40,25-7461,Case No.,2025-05-28 00:00:00,May,W,N,F,51,True,True, Plainville,Arcadia Ave,  ,  ,V,G,1.0,0,14-301,,False,N,False,False,V,2025-05-28 06:58:58,Verbal Warning,,,False,1.0,CT0011000,20250529020350000001,2025-05-28 06:58:58,06:58:58,2025,,,,2025,Stop Sign
2025-05-29 02:03:58.283000,7454439.0,CT0011000,Plainville,Racial Profile,40,25-7463,Case No.,2025-05-28 00:00:00,May,W,N,F,54,True,True, Plainville,Arcadia Ave,  ,  ,V,G,1.0,0,14-301,,False,N,False,False,V,2025-05-28 07:07:44,Verbal Warning,,,False,1.0,CT0011000,20250529020350000001,2025-05-28 07:07:44,07:07:44,2025,,,,2025,Stop Sign
2025-05-30 02:04:03.413000,7455522.0,CT0011000,Plainville,Racial Profile,40,25-7464,Case No.,2025-05-28 00:00:00,May,W,N,F,24,True,False, Plainville,Arcadia Ave,  ,  ,V,G,1.0,0,14-301,,False,N,False,False,V,2025-05-28 07:15:52,Verbal Warning,,,False,1.0,CT0011000,20250530020352000001,2025-05-28 07:15:52,07:15:52,2025,,,,2025,Stop Sign
2025-06-02 02:04:02.730000,7458723.0,CT0011000,Plainville,Racial Profile,40,25-7465,Case No.,2025-05-28 00:00:00,May,W,N,F,18,True,True, Plainville,Arcadia Ave,  ,  ,V,G,1.0,0,14-301,,False,N,False,False,V,2025-05-28 07:29:59,Verbal Warning,,,False,1.0,CT0011000,20250602020352000001,2025-05-28 07:29:59,07:29:59,2025,,,,2025,Stop Sign
2025-06-05 02:03:59.530000,7462688.0,CT0011000,Plainville,Racial Profile,40,25-7466,Case No.,2025-05-28 00:00:00,May,W,N,F,49,True,True, Plainville,East St,  ,  ,V,G,1.0,0,14-299,,False,N,False,False,V,2025-05-28 07:40:29,Verbal Warning,,,False,1.0,CT0011000,20250605020352000001,2025-05-28 07:40:29,07:40:29,2025,,,,2025,Traffic Control Signal
2025-06-04 02:04:05.197000,7461620.0,CT0011000,Plainville,Racial Profile,40,25-7469,Case No.,2025-05-28 00:00:00,May,W,N,M,19,True,False, Plainville,East St,  ,  ,V,G,1.0,0,14-299,,False,N,False,False,V,2025-05-28 08:25:55,Verbal Warning,,,False,1.0,CT0011000,20250604020356000001,2025-05-28 08:25:55,08:25:55,2025,,,,2025,Traffic Control Signal
2025-06-02 02:04:02.760000,7458728.0,CT0011000,Plainville,Racial Profile,43,25-7495,Case No.,2025-05-28 00:00:00,May,W,N,F,69,True,True, Plainville,Tomlinson Ave,  ,  ,V,G,1.0,0,14-301,,False,N,False,False,V,2025-05-28 16:19:09,Verbal Warning,,,False,1.0,CT0011000,20250602020352000001,2025-05-28 16:19:09,16:19:09,2025,,,,2025,Stop Sign
2025-05-30 02:04:03.437000,7455530.0,CT0011000,Plainville,Racial Profile,43,25-7497,Case No.,2025-05-28 00:00:00,May,W,N,F,50,True,False, Plainville,Arcadia Ave,  ,  ,V,G,1.0,0,14-301,,False,N,False,False,V,2025-05-28 16:57:24,Verbal Warning,,,False,1.0,CT0011000,20250530020352000001,2025-05-28 16:57:24,16:57:24,2025,,,,2025,Stop Sign
2025-06-03 02:04:02.057000,7460477.0,CT0011000,Plainville,Racial Profile,48,25-7467,Case No.,2025-05-28 00:00:00,May,W,N,F,43,True,True, Plainville,East St,  ,  ,V,G,1.0,0,14-18(a),,False,N,False,False,V,2025-05-28 07:52:31,Verbal Warning,,,False,1.0,CT0011000,20250603020352000001,2025-05-28 07:52:31,07:52:31,2025,,,,2025,Display of Plates
2025-06-07 02:04:06.600000,7466025.0,CT0011000,Plainville,Racial Profile,48,25-7473,Case No.,2025-05-28 00:00:00,May,W,N,F,23,True,False, Plainville,New Britain Ave,  ,  ,V,G,2.0,1,14-296aa(b1st,,False,N,False,False,M,2025-05-28 10:10:37,Misdemeanor Summons,,,False,1.0,CT0011000,20250607020357000001,2025-05-28 10:10:37,10:10:37,2025,14-215(a),,,2025,Cell Phone
2025-06-05 02:03:59.540000,7462692.0,CT0011000,Plainville,Racial Profile,48,25-7479,Case No.,2025-05-28 00:00:00,May,W,N,F,38,True,False, Plainville,West Main St,  ,  ,V,G,1.0,0,14-12(a)*,,False,N,False,False,I,2025-05-28 12:45:32,Infraction Ticket,,,False,1.0,CT0011000,20250605020352000001,2025-05-28 12:45:32,12:45:32,2025,,,,2025,Registration
2025-05-31 02:04:02.503000,7456596.0,CT0011000,Plainville,Racial Profile,50,25-7485,Case No.,2025-05-28 00:00:00,May,W,N,F,39,False,False, Plainville,Norton Pl,  ,  ,V,G,1.0,0,14-299,,False,N,False,False,V,2025-05-28 14:11:48,Verbal Warning,,,False,1.0,CT0011000,20250531020353000001,2025-05-28 14:11:48,14:11:48,2025,,,,2025,Traffic Control Signal
2025-05-29 02:03:58.297000,7454445.0,CT0011000,Plainville,Racial Profile,50,25-7491,Case No.,2025-05-28 00:00:00,May,W,N,M,31,True,False, Plainville,White Oak Ave,  ,  ,V,G,1.0,0,14-12(a)*,,False,N,False,False,V,2025-05-28 15:38:34,Verbal Warning,,,False,1.0,CT0011000,20250529020350000001,2025-05-28 15:38:34,15:38:34,2025,,,,2025,Registration
2025-05-31 02:04:02.553000,7456602.0,CT0011000,Plainville,Racial Profile,50,25-7502,Case No.,2025-05-28 00:00:00,May,W,N,M,57,True,False, Plainville,East Main St,  ,  ,V,G,1.0,0,14-218a,,False,N,False,False,V,2025-05-28 19:25:29,Verbal Warning,,,False,1.0,CT0011000,20250531020353000001,2025-05-28 19:25:29,19:25:29,2025,,,,2025,Speed Related
2025-05-30 02:04:03.463000,7455538.0,CT0011000,Plainville,Racial Profile,16,25-7557,Case No.,2025-05-29 00:00:00,May,W,N,F,45,True,True, Plainville,East Main St,  ,  ,V,G,1.0,0,14-299,,False,N,False,False,V,2025-05-29 18:01:38,Verbal Warning,,,False,1.0,CT0011000,20250530020352000001,2025-05-29 18:01:38,18:01:38,2025,,,,2025,Traffic Control Signal
2025-06-11 02:04:14.830000,7470549.0,CT0011000,Plainville,Racial Profile,29,25-7532,Case No.,2025-05-29 00:00:00,May,W,N,M,82,False,True, Plainville,Farmington Ave,  ,  ,V,G,1.0,0,14-299,,False,N,False,False,V,2025-05-29 09:27:54,Verbal Warning,,,False,1.0,CT0011000,20250611020406000001,2025-05-29 09:27:54,09:27:54,2025,,,,2025,Traffic Control Signal
2025-05-30 02:04:03.460000,7455537.0,CT0011000,Plainville,Racial Profile,36,25-7550,Case No.,2025-05-29 00:00:00,May,W,H,F,22,True,True, Plainville,Race Ave,  ,  ,V,G,1.0,0,14-301,,False,N,False,False,V,2025-05-29 16:45:42,Verbal Warning,,,False,1.0,CT0011000,20250530020352000001,2025-05-29 16:45:42,16:45:42,2025,,,,2025,Stop Sign
2025-06-07 02:04:06.667000,7466039.0,CT0011000,Plainville,Racial Profile,36,25-7552,Case No.,2025-05-29 00:00:00,May,W,N,F,27,True,False, Plainville,Park St,  ,  ,V,G,1.0,0,14-301,,False,N,False,False,V,2025-05-29 16:59:57,Verbal Warning,,,False,1.0,CT0011000,20250607020357000001,2025-05-29 16:59:57,16:59:57,2025,,,,2025,Stop Sign
2025-05-30 02:04:03.467000,7455539.0,CT0011000,Plainville,Racial Profile,39,25-7563,Case No.,2025-05-29 00:00:00,May,W,N,F,23,True,False, Plainville,Arcadia Ave,  ,  ,V,G,1.0,0,14-301,,False,C,False,False,V,2025-05-29 19:16:28,Verbal Warning,,,False,1.0,CT0011000,20250530020352000001,2025-05-29 19:16:28,19:16:28,2025,,,,2025,Stop Sign
2025-05-30 02:04:03.450000,7455534.0,CT0011000,Plainville,Racial Profile,40,25-7528,Case No.,2025-05-29 00:00:00,May,W,N,F,26,True,False, Plainville,Pickney Ave,  ,  ,V,G,1.0,0,14-301,,False,N,False,False,V,2025-05-29 07:15:28,Verbal Warning,,,False,1.0,CT0011000,20250530020352000001,2025-05-29 07:15:28,07:15:28,2025,,,,2025,Stop Sign
2025-06-01 02:04:00.410000,7457661.0,CT0011000,Plainville,Racial Profile,40,25-7530,Case No.,2025-05-29 00:00:00,May,W,N,F,38,True,True, Plainville,Pickney Ave,  ,  ,V,G,1.0,0,14-301,,False,N,False,False,V,2025-05-29 07:34:22,Verbal Warning,,,False,1.0,CT0011000,20250601020351000001,2025-05-29 07:34:22,07:34:22,2025,,,,2025,Stop Sign
2025-06-02 02:04:02.800000,7458736.0,CT0011000,Plainville,Racial Profile,48,25-7539,Case No.,2025-05-29 00:00:00,May,W,N,F,22,True,True, Plainville,Corban Ave,  ,  ,V,G,2.0,1,14-296aa(b1st,,False,N,False,False,M,2025-05-29 11:23:17,Misdemeanor Summons,,,False,1.0,CT0011000,20250602020352000001,2025-05-29 11:23:17,11:23:17,2025,14-215,,,2025,Cell Phone
2025-06-07 02:04:06.677000,7466042.0,CT0011000,Plainville,Racial Profile,31,25-7588,Case No.,2025-05-30 00:00:00,May,W,N,F,21,True,True, Plainville,Pickney Ave,  ,  ,V,G,1.0,0,14-301,,False,N,False,False,V,2025-05-30 07:56:30,Verbal Warning,,,False,1.0,CT0011000,20250607020357000001,2025-05-30 07:56:30,07:56:30,2025,,,,2025,Stop Sign
2025-06-21 02:03:52.623000,7515595.0,CT0011000,Plainville,Racial Profile,43,25-7609,Case No.,2025-05-30 00:00:00,May,W,N,F,0,True,False, Plainville,East Main St,  ,  ,V,G,3.0,0,20-640,,False,N,False,False,N,2025-05-30 17:57:45,No Disposition,,,False,1.0,CT0011000,20250621020343000001,2025-05-30 17:57:45,17:57:45,2025,,,,2025,Other
2025-06-20 02:03:58.003000,7514423.0,CT0011000,Plainville,Racial Profile,43,25-7609,Case No.,2025-05-30 00:00:00,May,W,N,F,40,True,False, Plainville,East Main St,  ,  ,V,G,3.0,0,14-147(c),,False,N,False,True,U,2025-05-30 17:57:45,Uniform ArrestReport,,,False,1.0,CT0011000,20250620020348000001,2025-05-30 17:57:45,17:57:45,2025,,,,2025,Administrative Offense
2025-06-01 02:04:00.433000,7457667.0,CT0011000,Plainville,Racial Profile,30,25-7629,Case No.,2025-05-31 00:00:00,May,W,H,M,29,True,False, Plainville,New Britain Ave,  ,  ,I,G,3.0,0,14-299,,False,N,False,False,I,2025-05-31 01:51:31,Infraction Ticket,,,False,1.0,CT0011000,20250601020351000001,2025-05-31 01:51:31,01:51:31,2025,,,,2025,Traffic Control Signal
2025-06-02 02:04:02.837000,7458742.0,CT0011000,Plainville,Racial Profile,30,25-7652,Case No.,2025-05-31 00:00:00,May,W,N,M,51,True,True, Plainville,New Britain Ave,  ,  ,V,G,1.0,0,14-299,,False,N,False,False,V,2025-05-31 22:01:12,Verbal Warning,,,False,1.0,CT0011000,20250602020352000001,2025-05-31 22:01:12,22:01:12,2025,,,,2025,Traffic Control Signal
2025-06-18 02:03:49.007000,7501034.0,CT0011000,Plainville,Racial Profile,30,25-7653,Case No.,2025-05-31 00:00:00,May,W,N,M,43,True,True, Plainville,Cooke St,  ,  ,V,G,1.0,0,14-219,,False,N,False,False,V,2025-05-31 22:13:27,Verbal Warning,,,False,1.0,CT0011000,20250618020340000001,2025-05-31 22:13:27,22:13:27,2025,,,,2025,Speed Related
2025-06-07 02:04:06.690000,7466047.0,CT0011000,Plainville,Racial Profile,39,25-7655,Case No.,2025-05-31 00:00:00,May,W,H,F,0,False,False, Plainville,New Britain Ave,  ,  ,E,G,1.0,0,14-96a(a),,False,N,False,False,V,2025-05-31 23:11:49,Verbal Warning,,,False,1.0,CT0011000,20250607020357000001,2025-05-31 23:11:49,23:11:49,2025,,,,2025,Defective Lights
2025-06-06 02:04:06.673000,7463801.0,CT0011000,Plainville,Racial Profile,47,25-7627,Case No.,2025-05-31 00:00:00,May,W,N,M,18,True,False, Plainville,Crooked St,  ,  ,V,G,1.0,0,14-242,,False,N,False,False,V,2025-05-31 01:36:55,Verbal Warning,,,False,1.0,CT0011000,20250606020359000001,2025-05-31 01:36:55,01:36:55,2025,14-236,,,2025,Moving Violation
2025-06-06 02:04:06.690000,7463806.0,CT0011000,Plainville,Racial Profile,50,25-7656,Case No.,2025-05-31 00:00:00,May,B,N,F,0,False,False, Plainville,Unionville Ave,  ,  ,V,G,1.0,0,14-96c,,False,N,False,False,V,2025-05-31 23:49:15,Verbal Warning,,,False,1.0,CT0011000,20250606020359000001,2025-05-31 23:49:15,23:49:15,2025,,,,2025,Defective Lights
2025-06-07 02:04:06.697000,7466049.0,CT0011000,Plainville,Racial Profile,39,25-7687,Case No.,2025-06-01 00:00:00,June,W,N,F,54,True,False, Plainville,Forestville Ave,  ,  ,E,B,1.0,0,14-12(a)*,,False,N,False,False,I,2025-06-01 17:31:40,Infraction Ticket,,,False,1.0,CT0011000,20250607020357000001,2025-06-01 17:31:40,17:31:40,2025,,,,2025,Registration
2025-06-02 02:04:02.883000,7458747.0,CT0011000,Plainville,Racial Profile,39,25-7689,Case No.,2025-06-01 00:00:00,June,W,N,F,32,True,False, Plainville,Newton Ave,  ,  ,E,G,1.0,0,14-12(a)*,,False,N,False,False,I,2025-06-01 18:04:54,Infraction Ticket,,,False,1.0,CT0011000,20250602020352000001,2025-06-01 18:04:54,18:04:54,2025,,,,2025,Registration
2025-06-05 02:03:59.600000,7462717.0,CT0011000,Plainville,Racial Profile,39,25-7700,Case No.,2025-06-01 00:00:00,June,W,N,M,36,True,False, Plainville,Bohemia St,  ,  ,E,G,1.0,0,14-96a(a),,False,N,False,False,V,2025-06-01 21:09:43,Verbal Warning,,,False,1.0,CT0011000,20250605020352000001,2025-06-01 21:09:43,21:09:43,2025,,,,2025,Defective Lights
2025-06-11 02:04:14.880000,7470562.0,CT0011000,Plainville,Racial Profile,46,25-7669,Case No.,2025-06-01 00:00:00,June,B,N,F,24,True,False, Plainville,East St,  ,  ,V,G,1.0,0,14-219,,False,N,False,False,V,2025-06-01 02:25:44,Verbal Warning,,,False,1.0,CT0011000,20250611020406000001,2025-06-01 02:25:44,02:25:44,2025,,,,2025,Speed Related
2025-06-06 02:04:06.710000,7463812.0,CT0011000,Plainville,Racial Profile,36,25-7734,Case No.,2025-06-02 00:00:00,June,W,N,F,71,True,False, Plainville,North Washington St,  ,  ,V,G,1.0,0,14-245,,False,N,False,False,V,2025-06-02 16:33:58,Verbal Warning,,,False,1.0,CT0011000,20250606020359000001,2025-06-02 16:33:58,16:33:58,2025,,,,2025,Moving Violation
2025-06-03 02:04:02.213000,7460506.0,CT0011000,Plainville,Racial Profile,40,25-7714,Case No.,2025-06-02 00:00:00,June,W,N,M,42,True,False, Plainville,Northwest Dr,  ,  ,V,G,1.0,0,14-219,,False,N,False,False,V,2025-06-02 07:34:07,Verbal Warning,,,False,1.0,CT0011000,20250603020352000001,2025-06-02 07:34:07,07:34:07,2025,,,,2025,Speed Related
2025-06-04 02:04:05.297000,7461649.0,CT0011000,Plainville,Racial Profile,40,25-7715,Case No.,2025-06-02 00:00:00,June,W,N,M,69,True,True, Plainville,Northwest Dr,  ,  ,V,G,1.0,0,14-219,,False,N,False,False,V,2025-06-02 07:52:52,Verbal Warning,,,False,1.0,CT0011000,20250604020356000001,2025-06-02 07:52:52,07:52:52,2025,,,,2025,Speed Related
2025-06-06 02:04:06.723000,7463817.0,CT0011000,Plainville,Racial Profile,39,25-7802,Case No.,2025-06-03 00:00:00,June,B,N,M,29,True,False, Plainville,East St,  ,  ,E,G,1.0,0,14-96y,,False,N,False,False,V,2025-06-03 22:51:13,Verbal Warning,,,False,1.0,CT0011000,20250606020359000001,2025-06-03 22:51:13,22:51:13,2025,,,,2025,Defective Lights
2025-06-06 02:04:06.727000,7463818.0,CT0011000,Plainville,Racial Profile,39,25-7804,Case No.,2025-06-03 00:00:00,June,B,M,M,0,False,False, Plainville,East St,  ,  ,E,G,1.0,0,14-96a(a),,False,N,False,False,V,2025-06-03 23:13:04,Verbal Warning,,,False,1.0,CT0011000,20250606020359000001,2025-06-03 23:13:04,23:13:04,2025,,,,2025,Defective Lights
2025-06-06 02:04:06.710000,7463813.0,CT0011000,Plainville,Racial Profile,50,25-7786,Case No.,2025-06-03 00:00:00,June,W,N,F,35,True,False, Plainville,Pickney Ave,  ,  ,V,G,1.0,0,14-301,,False,N,False,False,V,2025-06-03 17:23:02,Verbal Warning,,,False,1.0,CT0011000,20250606020359000001,2025-06-03 17:23:02,17:23:02,2025,,,,2025,Stop Sign
2025-06-07 02:04:06.713000,7466056.0,CT0011000,Plainville,Racial Profile,50,25-7788,Case No.,2025-06-03 00:00:00,June,W,H,F,19,True,False, Plainville,Pickney Ave,  ,  ,V,G,1.0,0,14-301,,False,N,False,False,V,2025-06-03 17:34:11,Verbal Warning,,,False,1.0,CT0011000,20250607020357000001,2025-06-03 17:34:11,17:34:11,2025,,,,2025,Stop Sign
2025-06-05 02:03:59.613000,7462723.0,CT0011000,Plainville,Racial Profile,50,25-7789,Case No.,2025-06-03 00:00:00,June,W,H,M,45,True,False, Plainville,Gilberte St,  ,  ,V,G,2.0,0,14-301,,False,N,False,False,V,2025-06-03 17:42:49,Verbal Warning,,,False,1.0,CT0011000,20250605020352000001,2025-06-03 17:42:49,17:42:49,2025,,,,2025,Stop Sign
2025-06-04 02:04:05.307000,7461654.0,CT0011000,Plainville,Racial Profile,50,25-7790,Case No.,2025-06-03 00:00:00,June,W,H,M,28,True,True, Plainville,Pickney Ave,  ,  ,V,G,2.0,0,14-301,,False,N,False,False,M,2025-06-03 17:55:36,Misdemeanor Summons,,,False,1.0,CT0011000,20250604020356000001,2025-06-03 17:55:36,17:55:36,2025,14-215(a),,,2025,Stop Sign
2025-06-07 02:04:06.743000,7466067.0,CT0011000,Plainville,Racial Profile,27,25-7849,Case No.,2025-06-04 00:00:00,June,W,N,F,17,True,True, Plainville,Park St,  ,  ,V,G,1.0,0,14-296aa(b1st,,False,N,False,False,V,2025-06-04 16:48:11,Verbal Warning,,,False,1.0,CT0011000,20250607020357000001,2025-06-04 16:48:11,16:48:11,2025,,,,2025,Cell Phone
2025-06-08 02:04:05.580000,7467156.0,CT0011000,Plainville,Racial Profile,27,25-7852,Case No.,2025-06-04 00:00:00,June,W,N,F,21,True,False, Plainville,Newton Ave,  ,  ,V,G,1.0,0,14-301,,False,N,False,False,V,2025-06-04 17:01:41,Verbal Warning,,,False,1.0,CT0011000,20250608020356000001,2025-06-04 17:01:41,17:01:41,2025,,,,2025,Stop Sign
2025-06-18 02:03:49.083000,7501062.0,CT0011000,Plainville,Racial Profile,27,25-7855,Case No.,2025-06-04 00:00:00,June,W,N,F,51,True,True, Plainville,Park St,  ,  ,V,G,1.0,0,14-301,,False,N,False,False,V,2025-06-04 17:14:15,Verbal Warning,,,False,1.0,CT0011000,20250618020340000001,2025-06-04 17:14:15,17:14:15,2025,,,,2025,Stop Sign
2025-06-06 02:04:06.730000,7463820.0,CT0011000,Plainville,Racial Profile,40,25-7827,Case No.,2025-06-04 00:00:00,June,W,N,F,44,True,False, Plainville,Woodford Ave,  ,  ,V,G,1.0,0,14-219,,False,N,False,False,V,2025-06-04 07:04:12,Verbal Warning,,,False,1.0,CT0011000,20250606020359000001,2025-06-04 07:04:12,07:04:12,2025,,,,2025,Speed Related
2025-06-05 02:03:59.627000,7462728.0,CT0011000,Plainville,Racial Profile,40,25-7828,Case No.,2025-06-04 00:00:00,June,W,N,F,53,True,True, Plainville,Woodford Ave,  ,  ,V,G,1.0,0,14-219,,False,N,False,False,V,2025-06-04 07:18:27,Verbal Warning,,,False,1.0,CT0011000,20250605020352000001,2025-06-04 07:18:27,07:18:27,2025,,,,2025,Speed Related
2025-06-07 02:04:06.737000,7466065.0,CT0011000,Plainville,Racial Profile,40,25-7830,Case No.,2025-06-04 00:00:00,June,W,N,F,23,True,False, Plainville,Woodford Ave,  ,  ,V,G,1.0,0,14-219,,False,N,False,False,V,2025-06-04 07:29:43,Verbal Warning,,,False,1.0,CT0011000,20250607020357000001,2025-06-04 07:29:43,07:29:43,2025,,,,2025,Speed Related
2025-06-07 02:04:06.727000,7466061.0,CT0011000,Plainville,Racial Profile,45,25-7824,Case No.,2025-06-04 00:00:00,June,W,N,F,39,True,True, Plainville,West Main St,  ,  ,V,G,1.0,0,14-12(a),,False,N,False,False,V,2025-06-04 06:42:19,Verbal Warning,,,False,1.0,CT0011000,20250607020357000001,2025-06-04 06:42:19,06:42:19,2025,,,,2025,Registration
2025-06-10 02:04:08.477000,7469461.0,CT0011000,Plainville,Racial Profile,45,25-7829,Case No.,2025-06-04 00:00:00,June,W,N,M,37,True,True, Plainville,Broad St,  ,  ,V,G,1.0,0,14-301,,False,N,False,False,V,2025-06-04 07:28:12,Verbal Warning,,,False,1.0,CT0011000,20250610020359000001,2025-06-04 07:28:12,07:28:12,2025,,,,2025,Stop Sign
2025-06-06 02:04:06.743000,7463824.0,CT0011000,Plainville,Racial Profile,50,25-7847,Case No.,2025-06-04 00:00:00,June,W,N,M,38,True,True, Plainville,Pickney Ave,  ,  ,V,G,1.0,0,14-301,,False,N,False,False,V,2025-06-04 16:31:33,Verbal Warning,,,False,1.0,CT0011000,20250606020359000001,2025-06-04 16:31:33,16:31:33,2025,,,,2025,Stop Sign
2025-06-05 02:03:59.637000,7462732.0,CT0011000,Plainville,Racial Profile,50,25-7850,Case No.,2025-06-04 00:00:00,June,W,N,M,28,True,False, Plainville,Pickney Ave,  ,  ,V,G,1.0,0,14-301,,False,N,False,False,V,2025-06-04 16:48:54,Verbal Warning,,,False,1.0,CT0011000,20250605020352000001,2025-06-04 16:48:54,16:48:54,2025,,,,2025,Stop Sign
2025-06-06 02:04:06.750000,7463827.0,CT0011000,Plainville,Racial Profile,50,25-7851,Case No.,2025-06-04 00:00:00,June,W,N,F,25,True,True, Plainville,Rosemont Dr,  ,  ,V,G,1.0,0,14-301,,False,N,False,False,V,2025-06-04 16:54:22,Verbal Warning,,,False,1.0,CT0011000,20250606020359000001,2025-06-04 16:54:22,16:54:22,2025,,,,2025,Stop Sign
2025-06-05 02:03:59.640000,7462735.0,CT0011000,Plainville,Racial Profile,50,25-7853,Case No.,2025-06-04 00:00:00,June,W,N,F,51,True,True, Plainville,Pickney Ave,  ,  ,V,G,1.0,0,14-301,,False,N,False,False,V,2025-06-04 17:04:18,Verbal Warning,,,False,1.0,CT0011000,20250605020352000001,2025-06-04 17:04:18,17:04:18,2025,,,,2025,Stop Sign
2025-06-06 02:04:06.757000,7463830.0,CT0011000,Plainville,Racial Profile,50,25-7854,Case No.,2025-06-04 00:00:00,June,W,N,F,62,True,True, Plainville,Pickney Ave,  ,  ,V,G,1.0,0,14-301,,False,N,False,False,V,2025-06-04 17:10:18,Verbal Warning,,,False,1.0,CT0011000,20250606020359000001,2025-06-04 17:10:18,17:10:18,2025,,,,2025,Stop Sign
2025-06-13 02:04:22.920000,7472827.0,CT0011000,Plainville,Racial Profile,50,25-7856,Case No.,2025-06-04 00:00:00,June,W,N,F,36,True,False, Plainville,Pickney Ave,  ,  ,V,G,1.0,0,14-301,,False,N,False,False,V,2025-06-04 17:21:02,Verbal Warning,,,False,1.0,CT0011000,20250613020413000001,2025-06-04 17:21:02,17:21:02,2025,,,,2025,Stop Sign
2025-06-05 02:03:59.650000,7462739.0,CT0011000,Plainville,Racial Profile,50,25-7859,Case No.,2025-06-04 00:00:00,June,B,H,F,38,True,False, Plainville,New Britain Ave,  ,  ,V,G,1.0,0,14-96c,,False,N,False,False,M,2025-06-04 17:35:27,Misdemeanor Summons,,,False,1.0,CT0011000,20250605020352000001,2025-06-04 17:35:27,17:35:27,2025,14-215(a),,,2025,Defective Lights
2025-06-08 02:04:05.597000,7467162.0,CT0011000,Plainville,Racial Profile,25,25-7884,Case No.,2025-06-05 00:00:00,June,B,N,F,21,True,False, Plainville,Whiting St,  ,  ,V,B,1.0,0,14-299,,False,N,False,False,V,2025-06-05 07:10:54,Verbal Warning,,,False,1.0,CT0011000,20250608020356000001,2025-06-05 07:10:54,07:10:54,2025,,,,2025,Traffic Control Signal
2025-06-09 02:04:06.900000,7468254.0,CT0011000,Plainville,Racial Profile,33,25-7907,Case No.,2025-06-05 00:00:00,June,W,N,F,60,True,True, Plainville,Broad St,  ,  ,V,G,1.0,0,14-301,,False,N,False,False,W,2025-06-05 13:26:48,Written Ticket,,,False,1.0,CT0011000,20250609020357000001,2025-06-05 13:26:48,13:26:48,2025,,,,2025,Stop Sign
2025-06-09 02:04:06.907000,7468256.0,CT0011000,Plainville,Racial Profile,39,25-7927,Case No.,2025-06-05 00:00:00,June,W,N,F,42,True,True, Plainville,Maple St,  ,  ,E,B,1.0,0,14-147(c),,False,N,False,False,N,2025-06-05 19:39:06,No Disposition,,,False,1.0,CT0011000,20250609020357000001,2025-06-05 19:39:06,19:39:06,2025,14-147(a),,,2025,Administrative Offense
2025-06-13 02:04:22.937000,7472829.0,CT0011000,Plainville,Racial Profile,46,25-7880,Case No.,2025-06-05 00:00:00,June,W,H,M,35,True,False, Plainville,Pine St,  ,  ,V,G,1.0,0,14-219,,False,N,False,False,V,2025-06-05 06:40:38,Verbal Warning,,,False,1.0,CT0011000,20250613020413000001,2025-06-05 06:40:38,06:40:38,2025,,,,2025,Speed Related
2025-06-06 02:04:06.773000,7463835.0,CT0011000,Plainville,Racial Profile,50,25-7930,Case No.,2025-06-05 00:00:00,June,W,N,M,0,True,False, Plainville,Farmington Ave,  ,  ,V,G,1.0,0,14-96f,,False,N,False,False,V,2025-06-05 21:07:26,Verbal Warning,,,False,1.0,CT0011000,20250606020359000001,2025-06-05 21:07:26,21:07:26,2025,,,,2025,Defective Lights
2025-06-10 02:04:08.520000,7469479.0,CT0011000,Plainville,Racial Profile,14,25-7941,Case No.,2025-06-06 00:00:00,June,W,H,F,34,False,False, Plainville,Woodford Ave,  ,  ,I,G,1.0,0,14-224(a),,False,N,False,False,N,2025-06-06 02:05:58,No Disposition,,,False,1.0,CT0011000,20250610020359000001,2025-06-06 02:05:58,02:05:58,2025,,,,2025,Other
2025-06-11 02:04:14.973000,7470598.0,CT0011000,Plainville,Racial Profile,34,25-7945,Case No.,2025-06-06 00:00:00,June,W,N,F,80,False,True, Plainville,East Main St,  ,  ,V,B,2.0,0,14-247,,False,N,False,False,V,2025-06-06 08:55:35,Verbal Warning,,,False,1.0,CT0011000,20250611020406000001,2025-06-06 08:55:35,08:55:35,2025,,,,2025,Moving Violation
2025-06-07 02:04:06.810000,7466080.0,CT0011000,Plainville,Racial Profile,39,25-7964,Case No.,2025-06-06 00:00:00,June,W,N,M,35,True,True, Plainville,Farmington Ave,  ,  ,E,B,1.0,0,14-12(a)*,,False,N,False,False,I,2025-06-06 17:44:54,Infraction Ticket,,,False,1.0,CT0011000,20250607020357000001,2025-06-06 17:44:54,17:44:54,2025,,,,2025,Registration
2025-06-21 02:03:52.777000,7515639.0,CT0011000,Plainville,Racial Profile,50,25-7971,Case No.,2025-06-06 00:00:00,June,W,N,M,49,True,False, Plainville,Shuttle Meadow Rd,  ,  ,V,G,1.0,0,14-301,,False,N,False,False,V,2025-06-06 20:53:28,Verbal Warning,,,False,1.0,CT0011000,20250621020343000001,2025-06-06 20:53:28,20:53:28,2025,,,,2025,Stop Sign
2025-06-13 02:04:22.963000,7472839.0,CT0011000,Plainville,Racial Profile,50,25-7974,Case No.,2025-06-06 00:00:00,June,W,N,M,19,True,False, Plainville,Shuttle Meadow Rd,  ,  ,V,G,1.0,0,14-301,,False,N,False,False,V,2025-06-06 22:38:51,Verbal Warning,,,False,1.0,CT0011000,20250613020413000001,2025-06-06 22:38:51,22:38:51,2025,,,,2025,Stop Sign
2025-06-21 02:03:52.777000,7515640.0,CT0011000,Plainville,Racial Profile,50,25-7975,Case No.,2025-06-06 00:00:00,June,W,N,M,57,True,False, Plainville,River St,  ,  ,V,G,1.0,0,14-301,,False,N,False,False,V,2025-06-06 23:14:59,Verbal Warning,,,False,1.0,CT0011000,20250621020343000001,2025-06-06 23:14:59,23:14:59,2025,,,,2025,Stop Sign
2025-06-09 02:04:06.940000,7468263.0,CT0011000,Plainville,Racial Profile,34,25-7994,Case No.,2025-06-07 00:00:00,June,W,N,F,54,True,True, Plainville,East St,  ,  ,E,B,1.0,0,14-96b,,False,N,False,False,V,2025-06-07 02:28:48,Verbal Warning,,,False,1.0,CT0011000,20250609020357000001,2025-06-07 02:28:48,02:28:48,2025,,,,2025,Defective Lights
2025-06-21 02:03:52.777000,7515642.0,CT0011000,Plainville,Racial Profile,51,25-8031,Case No.,2025-06-07 00:00:00,June,W,H,M,42,True,False, Plainville,Hooker St,  ,  ,V,G,1.0,0,14-218a*,,False,N,False,False,V,2025-06-07 20:18:18,Verbal Warning,,,False,1.0,CT0011000,20250621020343000001,2025-06-07 20:18:18,20:18:18,2025,,,,2025,Speed Related
2025-06-09 02:04:06.947000,7468265.0,CT0011000,Plainville,Racial Profile,36,25-8074,Case No.,2025-06-08 00:00:00,June,W,H,M,19,True,False, Plainville,Whiting St,  ,  ,V,G,1.0,0,14-236,,False,N,False,False,W,2025-06-08 18:36:04,Written Ticket,,,False,1.0,CT0011000,20250609020357000001,2025-06-08 18:36:04,18:36:04,2025,14-99g(e),,,2025,Moving Violation
2025-06-21 02:03:52.780000,7515644.0,CT0011000,Plainville,Racial Profile,51,25-8079,Case No.,2025-06-08 00:00:00,June,W,N,F,55,True,False, Plainville,Washington St (Bristol),  ,  ,V,G,1.0,0,14-96a(a),,False,N,False,False,V,2025-06-08 21:41:04,Verbal Warning,,,False,1.0,CT0011000,20250621020343000001,2025-06-08 21:41:04,21:41:04,2025,,,,2025,Defective Lights
2025-06-10 02:04:08.550000,7469489.0,CT0011000,Plainville,Racial Profile,33,25-8132,Case No.,2025-06-09 00:00:00,June,W,N,M,77,True,True, Plainville,Park St,  ,  ,V,G,1.0,0,14-301,,False,N,False,False,V,2025-06-09 14:52:32,Verbal Warning,,,False,1.0,CT0011000,20250610020359000001,2025-06-09 14:52:32,14:52:32,2025,,,,2025,Stop Sign
2025-06-23 02:03:50.923000,7518000.0,CT0011000,Plainville,Racial Profile,50,25-8135,Case No.,2025-06-09 00:00:00,June,W,N,M,31,True,False, SOUTHINGTON,Dunham Pl,  ,  ,V,G,3.0,0,14-18(a),,False,N,False,False,I,2025-06-09 15:33:37,Infraction Ticket,,,False,1.0,CT0011000,20250623020342000001,2025-06-09 15:33:37,15:33:37,2025,,,,2025,Display of Plates
2025-06-21 02:03:52.787000,7515647.0,CT0011000,Plainville,Racial Profile,50,25-8137,Case No.,2025-06-09 00:00:00,June,W,N,F,64,True,True, Plainville,Webster St,  ,  ,V,G,1.0,0,14-301,,False,N,False,False,V,2025-06-09 16:57:14,Verbal Warning,,,False,1.0,CT0011000,20250621020343000001,2025-06-09 16:57:14,16:57:14,2025,,,,2025,Stop Sign
2025-06-13 02:04:23,7472849.0,CT0011000,Plainville,Racial Profile,50,25-8138,Case No.,2025-06-09 00:00:00,June,W,N,F,37,True,True, Plainville,Webster St,  ,  ,V,G,1.0,0,14-301,,False,N,False,False,V,2025-06-09 17:03:10,Verbal Warning,,,False,1.0,CT0011000,20250613020413000001,2025-06-09 17:03:10,17:03:10,2025,,,,2025,Stop Sign
2025-06-13 02:04:23.010000,7472850.0,CT0011000,Plainville,Racial Profile,50,25-8140,Case No.,2025-06-09 00:00:00,June,W,N,M,35,False,True, Plainville,Webster St,  ,  ,V,G,1.0,0,14-301,,False,N,False,False,V,2025-06-09 17:08:52,Verbal Warning,,,False,1.0,CT0011000,20250613020413000001,2025-06-09 17:08:52,17:08:52,2025,,,,2025,Stop Sign
2025-06-11 02:04:15.020000,7470614.0,CT0011000,Plainville,Racial Profile,36,25-8190,Case No.,2025-06-10 00:00:00,June,W,N,M,61,True,False, Plainville,Woodford Ave,  ,  ,V,G,1.0,0,14-100a(c)(1),,False,N,False,False,V,2025-06-10 15:32:35,Verbal Warning,,,False,1.0,CT0011000,20250611020406000001,2025-06-10 15:32:35,15:32:35,2025,14-96c,,,2025,Seatbelt
2025-06-12 02:04:07.333000,7471725.0,CT0011000,Plainville,Racial Profile,36,25-8191,Case No.,2025-06-10 00:00:00,June,W,N,M,0,True,True, Plainville,Pine St,  ,  ,V,G,1.0,0,14-300c(c),,False,N,False,False,V,2025-06-10 15:36:35,Verbal Warning,,,False,1.0,CT0011000,20250612020357000001,2025-06-10 15:36:35,15:36:35,2025,,,,2025,Other
2025-06-14 02:04:14.397000,7473988.0,CT0011000,Plainville,Racial Profile,40,25-8166,Case No.,2025-06-10 00:00:00,June,W,N,M,39,True,True, Plainville,Arcadia Ave,  ,  ,V,G,1.0,0,14-301,,False,N,False,False,V,2025-06-10 06:19:18,Verbal Warning,,,False,1.0,CT0011000,20250614020405000001,2025-06-10 06:19:18,06:19:18,2025,,,,2025,Stop Sign
2025-06-17 02:04:11.300000,7499238.0,CT0011000,Plainville,Racial Profile,40,25-8169,Case No.,2025-06-10 00:00:00,June,W,N,F,55,True,True, Plainville,Arcadia Ave,  ,  ,V,G,1.0,0,14-301,,False,N,False,False,V,2025-06-10 06:58:23,Verbal Warning,,,False,1.0,CT0011000,20250617020403000001,2025-06-10 06:58:23,06:58:23,2025,,,,2025,Stop Sign
2025-06-18 02:03:49.187000,7501091.0,CT0011000,Plainville,Racial Profile,19,25-8221,Case No.,2025-06-11 00:00:00,June,W,N,M,52,True,False, Plainville,Webster St,  ,  ,V,G,1.0,0,14-301,,False,N,False,False,V,2025-06-11 06:48:26,Verbal Warning,,,False,1.0,CT0011000,20250618020340000001,2025-06-11 06:48:26,06:48:26,2025,,,,2025,Stop Sign
2025-06-18 02:03:49.190000,7501092.0,CT0011000,Plainville,Racial Profile,19,25-8222,Case No.,2025-06-11 00:00:00,June,W,N,M,36,True,False, Plainville,Webster St,  ,  ,V,G,1.0,0,14-301,,False,N,False,False,V,2025-06-11 07:16:05,Verbal Warning,,,False,1.0,CT0011000,20250618020340000001,2025-06-11 07:16:05,07:16:05,2025,,,,2025,Stop Sign
2025-06-15 02:04:07.950000,7476259.0,CT0011000,Plainville,Racial Profile,27,25-8250,Case No.,2025-06-11 00:00:00,June,W,N,M,43,True,True, Plainville,Jeanette Dr,  ,  ,V,G,1.0,0,14-301,,False,N,False,False,V,2025-06-11 17:58:19,Verbal Warning,,,False,1.0,CT0011000,20250615020359000001,2025-06-11 17:58:19,17:58:19,2025,,,,2025,Stop Sign
2025-06-13 02:04:23.037000,7472860.0,CT0011000,Plainville,Racial Profile,27,25-8252,Case No.,2025-06-11 00:00:00,June,A,M,M,55,True,True, Plainville,Broad St,  ,  ,V,G,1.0,0,14-301,,False,N,False,False,V,2025-06-11 18:14:46,Verbal Warning,,,False,1.0,CT0011000,20250613020413000001,2025-06-11 18:14:46,18:14:46,2025,,,,2025,Stop Sign
2025-06-13 02:04:23.033000,7472859.0,CT0011000,Plainville,Racial Profile,35,25-8251,Case No.,2025-06-11 00:00:00,June,W,H,M,22,True,False, Plainville,Rosemont Dr,  ,  ,V,B,1.0,0,14-301,,False,N,False,False,V,2025-06-11 18:12:32,Verbal Warning,,,False,1.0,CT0011000,20250613020413000001,2025-06-11 18:12:32,18:12:32,2025,,,,2025,Stop Sign
2025-06-12 02:04:07.337000,7471726.0,CT0011000,Plainville,Racial Profile,46,25-8223,Case No.,2025-06-11 00:00:00,June,W,N,M,20,True,True, Plainville,Woodford Ave,  ,  ,V,G,1.0,0,14-219,,False,N,False,False,V,2025-06-11 07:26:43,Verbal Warning,,,False,1.0,CT0011000,20250612020357000001,2025-06-11 07:26:43,07:26:43,2025,,,,2025,Speed Related
2025-06-13 02:04:23.037000,7472861.0,CT0011000,Plainville,Racial Profile,7,25-8254,Case No.,2025-06-11 00:00:00,June,W,H,M,32,True,True, Plainville,Broad St,  ,  ,V,G,3.0,0,14-147,,False,N,False,False,V,2025-06-11 18:37:12,Verbal Warning,,,False,1.0,CT0011000,20250613020413000001,2025-06-11 18:37:12,18:37:12,2025,,,,2025,Administrative Offense
2025-06-23 02:03:50.980000,7518015.0,CT0011000,Plainville,Racial Profile,46,25-8284,Case No.,2025-06-12 00:00:00,June,W,N,M,53,False,False, Plainville,Northwest Dr,  ,  ,V,G,1.0,0,14-241,,False,N,False,False,V,2025-06-12 10:35:59,Verbal Warning,,,False,1.0,CT0011000,20250623020342000001,2025-06-12 10:35:59,10:35:59,2025,,,,2025,Moving Violation
2025-06-15 02:04:07.973000,7476269.0,CT0011000,Plainville,Racial Profile,34,25-8348,Case No.,2025-06-13 00:00:00,June,W,H,F,67,True,False, Plainville,East St,  ,  ,V,B,1.0,0,14-299,,False,N,False,False,V,2025-06-13 15:46:36,Verbal Warning,,,False,1.0,CT0011000,20250615020359000001,2025-06-13 15:46:36,15:46:36,2025,,,,2025,Traffic Control Signal
2025-06-14 02:04:14.460000,7474005.0,CT0011000,Plainville,Racial Profile,35,25-8359,Case No.,2025-06-13 00:00:00,June,W,N,M,35,True,False, Plainville,Diamond Ave,  ,  ,V,B,1.0,0,14-301,,False,N,False,False,V,2025-06-13 17:18:23,Verbal Warning,,,False,1.0,CT0011000,20250614020405000001,2025-06-13 17:18:23,17:18:23,2025,,,,2025,Stop Sign
2025-06-14 02:04:14.457000,7474004.0,CT0011000,Plainville,Racial Profile,39,25-8355,Case No.,2025-06-13 00:00:00,June,W,N,F,38,True,True, Plainville,Broad St,  ,  ,V,G,1.0,0,14-301,,False,N,False,False,V,2025-06-13 17:06:19,Verbal Warning,,,False,1.0,CT0011000,20250614020405000001,2025-06-13 17:06:19,17:06:19,2025,14-12(a)*,,,2025,Stop Sign
2025-06-16 02:04:16.883000,7496952.0,CT0011000,Plainville,Racial Profile,39,25-8361,Case No.,2025-06-13 00:00:00,June,W,N,F,57,True,True, Plainville,Broad St,  ,  ,V,G,1.0,0,14-301,,False,N,False,False,V,2025-06-13 17:34:26,Verbal Warning,,,False,1.0,CT0011000,20250616020409000001,2025-06-13 17:34:26,17:34:26,2025,,,,2025,Stop Sign
2025-06-21 02:03:52.827000,7515663.0,CT0011000,Plainville,Racial Profile,40,25-8326,Case No.,2025-06-13 00:00:00,June,W,N,M,43,True,False, Plainville,Woodford Ave,  ,  ,V,G,1.0,0,14-219,,False,N,False,False,V,2025-06-13 06:23:08,Verbal Warning,,,False,1.0,CT0011000,20250621020343000001,2025-06-13 06:23:08,06:23:08,2025,,,,2025,Speed Related
2025-06-16 02:04:16.863000,7496945.0,CT0011000,Plainville,Racial Profile,40,25-8327,Case No.,2025-06-13 00:00:00,June,W,H,M,50,True,False, Plainville,Woodford Ave,  ,  ,V,G,1.0,0,14-219,,False,N,False,False,V,2025-06-13 06:31:23,Verbal Warning,,,False,1.0,CT0011000,20250616020409000001,2025-06-13 06:31:23,06:31:23,2025,,,,2025,Speed Related
2025-06-17 02:04:11.340000,7499252.0,CT0011000,Plainville,Racial Profile,40,25-8328,Case No.,2025-06-13 00:00:00,June,W,H,F,30,True,True, Plainville,Woodford Ave,  ,  ,V,G,1.0,0,14-219,,False,N,False,False,V,2025-06-13 06:38:25,Verbal Warning,,,False,1.0,CT0011000,20250617020403000001,2025-06-13 06:38:25,06:38:25,2025,,,,2025,Speed Related
2025-06-21 02:03:52.833000,7515666.0,CT0011000,Plainville,Racial Profile,40,25-8331,Case No.,2025-06-13 00:00:00,June,W,H,F,51,True,True, Plainville,Pickney Ave,  ,  ,V,G,1.0,0,14-301,,False,N,False,False,V,2025-06-13 06:48:26,Verbal Warning,,,False,1.0,CT0011000,20250621020343000001,2025-06-13 06:48:26,06:48:26,2025,,,,2025,Stop Sign
2025-06-15 02:04:07.970000,7476268.0,CT0011000,Plainville,Racial Profile,40,25-8333,Case No.,2025-06-13 00:00:00,June,W,H,M,25,True,False, Plainville,Pickney Ave,  ,  ,V,G,1.0,0,14-301,,False,N,False,False,I,2025-06-13 07:00:13,Infraction Ticket,,,False,1.0,CT0011000,20250615020359000001,2025-06-13 07:00:13,07:00:13,2025,14-213b,,,2025,Stop Sign
2025-06-21 02:03:52.840000,7515668.0,CT0011000,Plainville,Racial Profile,46,25-8336,Case No.,2025-06-13 00:00:00,June,W,N,M,69,True,True, Plainville,West Main St,  ,  ,V,G,1.0,0,14-100a(a),,False,N,False,False,V,2025-06-13 07:28:12,Verbal Warning,,,False,1.0,CT0011000,20250621020343000001,2025-06-13 07:28:12,07:28:12,2025,,,,2025,Seatbelt
2025-06-21 02:03:52.843000,7515669.0,CT0011000,Plainville,Racial Profile,46,25-8337,Case No.,2025-06-13 00:00:00,June,W,M,M,42,True,False, Plainville,West Main St,  ,  ,V,G,1.0,0,14-296aa(b1st,,False,N,False,False,V,2025-06-13 07:42:54,Verbal Warning,,,False,1.0,CT0011000,20250621020343000001,2025-06-13 07:42:54,07:42:54,2025,,,,2025,Cell Phone
2025-06-21 02:03:52.823000,7515662.0,CT0011000,Plainville,Racial Profile,47,25-8312,Case No.,2025-06-13 00:00:00,June,W,N,F,31,True,False, Plainville,New Britain Ave,  ,  ,E,G,1.0,0,14-96c,,False,N,False,False,V,2025-06-13 00:52:57,Verbal Warning,,,False,1.0,CT0011000,20250621020343000001,2025-06-13 00:52:57,00:52:57,2025,,,,2025,Defective Lights
2025-07-12 02:04:01.713000,7542418.0,CT0011000,Plainville,Racial Profile,22,25-8400,Case No.,2025-06-14 00:00:00,June,B,N,M,29,True,False, NEW BRITAIN,West Main St,  ,  ,I,G,3.0,1,53-203,,False,N,True,True,U,2025-06-14 14:17:01,Uniform ArrestReport,,,False,1.0,CT0011000,20250712020350000001,2025-06-14 14:17:01,14:17:01,2025,,,,2025,Other
2025-06-21 02:03:52.863000,7515677.0,CT0011000,Plainville,Racial Profile,40,25-8428,Case No.,2025-06-15 00:00:00,June,W,N,M,51,True,True, Plainville,Woodford Ave,  ,  ,V,G,1.0,0,14-219,,False,N,False,False,V,2025-06-15 00:55:26,Verbal Warning,,,False,1.0,CT0011000,20250621020343000001,2025-06-15 00:55:26,00:55:26,2025,,,,2025,Speed Related
2025-06-15 02:04:08,7476276.0,CT0011000,Plainville,Racial Profile,40,25-8435,Case No.,2025-06-15 00:00:00,June,B,H,F,20,True,False, Plainville,East St,  ,  ,V,G,1.0,0,14-96b,,False,N,False,False,V,2025-06-15 01:50:44,Verbal Warning,,,False,1.0,CT0011000,20250615020359000001,2025-06-15 01:50:44,01:50:44,2025,,,,2025,Defective Lights
2025-06-15 02:04:07.993000,7476273.0,CT0011000,Plainville,Racial Profile,48,25-8422,Case No.,2025-06-15 00:00:00,June,W,H,M,37,True,False, Plainville,New Britain Ave,  ,  ,V,G,1.0,0,14-96y,,False,N,False,False,V,2025-06-15 00:26:18,Verbal Warning,,,False,1.0,CT0011000,20250615020359000001,2025-06-15 00:26:18,00:26:18,2025,,,,2025,Defective Lights
2025-06-16 02:04:16.890000,7496954.0,CT0011000,Plainville,Racial Profile,48,25-8424,Case No.,2025-06-15 00:00:00,June,A,N,M,43,True,False, Plainville,New Britain Ave,  ,  ,V,G,1.0,0,14-299,,False,N,False,False,V,2025-06-15 00:35:12,Verbal Warning,,,False,1.0,CT0011000,20250616020409000001,2025-06-15 00:35:12,00:35:12,2025,,,,2025,Traffic Control Signal
2025-06-28 02:03:50.790000,7524028.0,CT0011000,Plainville,Racial Profile,48,25-8426,Case No.,2025-06-15 00:00:00,June,W,H,F,43,True,True, Plainville,Camp St,  ,  ,V,G,1.0,0,14-236,,False,N,False,False,V,2025-06-15 00:52:03,Verbal Warning,,,False,1.0,CT0011000,20250628020341000001,2025-06-15 00:52:03,00:52:03,2025,,,,2025,Moving Violation
2025-06-23 02:03:51.060000,7518033.0,CT0011000,Plainville,Racial Profile,48,25-8436,Case No.,2025-06-15 00:00:00,June,W,H,F,40,True,False, Plainville,Crooked St,  ,  ,I,G,3.0,0,53a-61,,True,N,False,True,U,2025-06-15 01:55:40,Uniform ArrestReport,,,False,1.0,CT0011000,20250623020342000001,2025-06-15 01:55:40,01:55:40,2025,,,,2025,Other
2025-06-21 02:03:52.870000,7515680.0,CT0011000,Plainville,Racial Profile,50,25-8458,Case No.,2025-06-15 00:00:00,June,W,N,M,29,True,True, Plainville,New Britain Ave,  ,  ,V,G,2.0,0,14-147(c),,False,N,False,False,N,2025-06-15 18:41:31,No Disposition,,,False,1.0,CT0011000,20250621020343000001,2025-06-15 18:41:31,18:41:31,2025,,,,2025,Administrative Offense
2025-06-21 02:03:52.873000,7515681.0,CT0011000,Plainville,Racial Profile,50,25-8463,Case No.,2025-06-15 00:00:00,June,W,N,M,55,True,True, Plainville,EAST ST,  ,  ,V,G,2.0,1,14-242(e),,False,N,False,False,M,2025-06-15 19:35:52,Misdemeanor Summons,,,False,1.0,CT0011000,20250621020343000001,2025-06-15 19:35:52,19:35:52,2025,14-215,,,2025,Moving Violation
2025-06-21 02:03:52.877000,7515682.0,CT0011000,Plainville,Racial Profile,51,25-8467,Case No.,2025-06-15 00:00:00,June,W,H,M,46,False,False, Plainville,East Main St,  ,  ,V,G,1.0,0,14-96a(a),,False,N,False,False,V,2025-06-15 20:54:18,Verbal Warning,,,False,1.0,CT0011000,20250621020343000001,2025-06-15 20:54:18,20:54:18,2025,,,,2025,Defective Lights
2025-06-16 02:04:16.923000,7496962.0,CT0011000,Plainville,Racial Profile,48,25-8482,Case No.,2025-06-16 00:00:00,June,W,H,M,37,True,False, Plainville,Camp St,  ,  ,V,G,1.0,0,14-301,,False,N,False,False,V,2025-06-16 01:27:39,Verbal Warning,,,False,1.0,CT0011000,20250616020409000001,2025-06-16 01:27:39,01:27:39,2025,,,,2025,Stop Sign
2025-06-17 02:04:11.387000,7499271.0,CT0011000,Plainville,Racial Profile,50,25-8483,Case No.,2025-06-16 00:00:00,June,W,H,M,19,True,False, Plainville,Camp St,  ,  ,V,G,1.0,0,14-301,,False,N,False,False,V,2025-06-16 01:42:59,Verbal Warning,,,False,1.0,CT0011000,20250617020403000001,2025-06-16 01:42:59,01:42:59,2025,,,,2025,Stop Sign
2025-07-01 02:03:54.573000,7527769.0,CT0011000,Plainville,Racial Profile,50,25-8484,Case No.,2025-06-16 00:00:00,June,W,N,F,32,True,False, Plainville,Camp St,  ,  ,V,G,1.0,0,14-301,,False,N,False,False,V,2025-06-16 02:09:26,Verbal Warning,,,False,1.0,CT0011000,20250701020346000001,2025-06-16 02:09:26,02:09:26,2025,,,,2025,Stop Sign
2025-06-23 02:03:51.083000,7518040.0,CT0011000,Plainville,Racial Profile,50,25-8492,Case No.,2025-06-16 00:00:00,June,B,N,F,47,True,False, Plainville,Unionville Ave,  ,  ,V,G,1.0,0,14-232(a)(1),,False,N,False,False,V,2025-06-16 07:19:33,Verbal Warning,,,False,1.0,CT0011000,20250623020342000001,2025-06-16 07:19:33,07:19:33,2025,,,,2025,Moving Violation
2025-06-23 02:03:51.090000,7518042.0,CT0011000,Plainville,Racial Profile,43,25-8550,Case No.,2025-06-17 00:00:00,June,B,N,F,32,True,True, Plainville,EAST MAIN ST,  ,  ,E,G,1.0,0,14-96i,,False,N,False,False,V,2025-06-17 20:53:11,Verbal Warning,,,False,1.0,CT0011000,20250623020342000001,2025-06-17 20:53:11,20:53:11,2025,,,,2025,Defective Lights
2025-06-19 02:03:43.860000,7503233.0,CT0011000,Plainville,Racial Profile,7,25-8543,Case No.,2025-06-17 00:00:00,June,B,N,M,22,True,False, Plainville,New Britain Ave,  ,  ,V,G,1.0,0,22a-250(a),,False,N,False,False,V,2025-06-17 17:44:14,Verbal Warning,,,False,1.0,CT0011000,20250619020335000001,2025-06-17 17:44:14,17:44:14,2025,,,,2025,Other
2025-06-21 02:03:52.910000,7515690.0,CT0011000,Plainville,Racial Profile,19,25-8600,Case No.,2025-06-18 00:00:00,June,W,H,F,44,True,False, Plainville,New Britain Ave,  ,  ,V,G,1.0,0,14-96a(a),,False,N,False,False,V,2025-06-18 22:06:56,Verbal Warning,,,False,1.0,CT0011000,20250621020343000001,2025-06-18 22:06:56,22:06:56,2025,,,,2025,Defective Lights
2025-06-19 02:03:43.870000,7503236.0,CT0011000,Plainville,Racial Profile,39,25-8604,Case No.,2025-06-18 00:00:00,June,W,H,F,86,True,False, Plainville,East St,  ,  ,V,G,1.0,0,14-236,,False,N,False,False,V,2025-06-18 23:15:43,Verbal Warning,,,False,1.0,CT0011000,20250619020335000001,2025-06-18 23:15:43,23:15:43,2025,,,,2025,Moving Violation
2025-06-21 02:03:52.907000,7515689.0,CT0011000,Plainville,Racial Profile,40,25-8574,Case No.,2025-06-18 00:00:00,June,W,N,M,20,True,True, Plainville,Woodford Ave,  ,  ,V,G,1.0,0,14-219,,False,N,False,False,V,2025-06-18 07:31:03,Verbal Warning,,,False,1.0,CT0011000,20250621020343000001,2025-06-18 07:31:03,07:31:03,2025,,,,2025,Speed Related
2025-06-20 02:03:58.380000,7514522.0,CT0011000,Plainville,Racial Profile,48,25-8609,Case No.,2025-06-19 00:00:00,June,W,N,M,39,True,False, Plainville,New Britain Ave,  ,  ,V,G,2.0,1,14-147(c),,False,N,False,False,I,2025-06-19 01:48:22,Infraction Ticket,,,False,1.0,CT0011000,20250620020348000001,2025-06-19 01:48:22,01:48:22,2025,14-12(a)*,,,2025,Administrative Offense
2025-06-28 02:03:50.853000,7524046.0,CT0011000,Plainville,Racial Profile,33,25-8653,Case No.,2025-06-20 00:00:00,June,W,N,M,58,True,False, Plainville,Park St,  ,  ,V,G,1.0,0,14-301,,False,N,False,False,V,2025-06-20 07:44:20,Verbal Warning,,,False,1.0,CT0011000,20250628020341000001,2025-06-20 07:44:20,07:44:20,2025,,,,2025,Stop Sign
2025-06-21 02:03:52.927000,7515696.0,CT0011000,Plainville,Racial Profile,37,25-8658,Case No.,2025-06-20 00:00:00,June,A,N,M,37,True,False, Plainville,North Washington St,  ,  ,V,G,1.0,0,14-299,,False,N,False,False,V,2025-06-20 09:18:42,Verbal Warning,,,False,1.0,CT0011000,20250621020343000001,2025-06-20 09:18:42,09:18:42,2025,,,,2025,Traffic Control Signal
2025-06-24 02:03:49.870000,7519310.0,CT0011000,Plainville,Racial Profile,37,25-8683,Case No.,2025-06-20 00:00:00,June,W,N,M,42,True,False, Plainville,Neal Ct,  ,  ,V,G,1.0,0,14-215(a),,False,N,False,False,M,2025-06-20 17:37:58,Misdemeanor Summons,,,False,1.0,CT0011000,20250624020340000001,2025-06-20 17:37:58,17:37:58,2025,,,,2025,Administrative Offense
2025-06-21 02:03:52.917000,7515693.0,CT0011000,Plainville,Racial Profile,48,25-8651,Case No.,2025-06-20 00:00:00,June,W,H,F,31,True,False, Plainville,Hooker St,  ,  ,V,G,1.0,0,14-18(a),,False,N,False,False,V,2025-06-20 07:36:00,Verbal Warning,,,False,1.0,CT0011000,20250621020343000001,2025-06-20 07:36:00,07:36:00,2025,,,,2025,Display of Plates
2025-06-23 02:03:51.123000,7518049.0,CT0011000,Plainville,Racial Profile,48,25-8654,Case No.,2025-06-20 00:00:00,June,W,H,F,53,True,False, Plainville,Crooked St,  ,  ,V,G,1.0,0,14-12(a)*,,False,N,False,False,I,2025-06-20 07:48:40,Infraction Ticket,,,False,1.0,CT0011000,20250623020342000001,2025-06-20 07:48:40,07:48:40,2025,,,,2025,Registration
2025-06-21 02:03:52.930000,7515698.0,CT0011000,Plainville,Racial Profile,48,25-8678,Case No.,2025-06-20 00:00:00,June,W,N,M,49,True,True, Plainville,New Britain Ave,  ,  ,V,G,1.0,0,14-299,,False,N,False,False,I,2025-06-20 16:57:29,Infraction Ticket,,,False,1.0,CT0011000,20250621020343000001,2025-06-20 16:57:29,16:57:29,2025,,,,2025,Traffic Control Signal
2025-06-28 02:03:50.867000,7524051.0,CT0011000,Plainville,Racial Profile,48,25-8686,Case No.,2025-06-20 00:00:00,June,W,N,F,33,True,False, Plainville,New Britain Ave,  ,  ,V,G,2.0,1,14-147(c),,False,N,False,False,I,2025-06-20 17:53:46,Infraction Ticket,,,False,1.0,CT0011000,20250628020341000001,2025-06-20 17:53:46,17:53:46,2025,14-213b,,,2025,Administrative Offense
2025-06-23 02:03:51.133000,7518051.0,CT0011000,Plainville,Racial Profile,49,25-8661,Case No.,2025-06-20 00:00:00,June,B,N,M,37,True,False, Plainville,Johnson Ave,  ,  ,V,B,1.0,0,14-301,,False,N,False,False,V,2025-06-20 09:33:09,Verbal Warning,,,False,1.0,CT0011000,20250623020342000001,2025-06-20 09:33:09,09:33:09,2025,,,,2025,Stop Sign
2025-07-22 02:04:07.320000,7578502.0,CT0011000,Plainville,Racial Profile,22,25-8714,Case No.,2025-06-21 00:00:00,June,W,N,M,34,True,False, Plainville,Farmington Ave,  ,  ,V,G,1.0,0,14-301,,False,N,False,False,V,2025-06-21 11:11:58,Verbal Warning,,,False,1.0,CT0011000,20250722020356000001,2025-06-21 11:11:58,11:11:58,2025,,,,2025,Stop Sign
2025-07-13 02:03:56.750000,7543690.0,CT0011000,Plainville,Racial Profile,25,25-8696,Case No.,2025-06-21 00:00:00,June,W,N,F,27,True,True, Plainville,Farmington Ave,  ,  ,E,G,1.0,0,14-298,,False,N,False,False,V,2025-06-21 00:42:08,Verbal Warning,,,False,1.0,CT0011000,20250713020348000001,2025-06-21 00:42:08,00:42:08,2025,,,,2025,STC Violation
2025-06-23 02:03:51.150000,7518057.0,CT0011000,Plainville,Racial Profile,31,25-8720,Case No.,2025-06-21 00:00:00,June,W,N,M,52,True,False, Plainville,Williams St,  ,  ,V,G,1.0,0,14-301,,False,N,False,False,V,2025-06-21 12:12:39,Verbal Warning,,,False,1.0,CT0011000,20250623020342000001,2025-06-21 12:12:39,12:12:39,2025,,,,2025,Stop Sign
2025-06-23 02:03:51.150000,7518058.0,CT0011000,Plainville,Racial Profile,31,25-8721,Case No.,2025-06-21 00:00:00,June,W,N,M,27,True,False, Plainville,Williams St,  ,  ,V,G,1.0,0,14-301,,False,N,False,False,V,2025-06-21 12:30:01,Verbal Warning,,,False,1.0,CT0011000,20250623020342000001,2025-06-21 12:30:01,12:30:01,2025,,,,2025,Stop Sign
2025-06-23 02:03:51.143000,7518055.0,CT0011000,Plainville,Racial Profile,48,25-8699,Case No.,2025-06-21 00:00:00,June,B,N,F,0,True,False, Plainville,Camp St,  ,  ,V,G,1.0,0,14-18(a),,False,N,False,False,N,2025-06-21 00:59:57,No Disposition,,,False,1.0,CT0011000,20250623020342000001,2025-06-21 00:59:57,00:59:57,2025,,,,2025,Display of Plates
2025-06-28 02:03:50.890000,7524054.0,CT0011000,Plainville,Racial Profile,48,25-8706,Case No.,2025-06-21 00:00:00,June,W,N,F,43,True,False, Plainville,Crooked St,  ,  ,V,G,1.0,0,14-18(a),,False,N,False,False,V,2025-06-21 03:50:19,Verbal Warning,,,False,1.0,CT0011000,20250628020341000001,2025-06-21 03:50:19,03:50:19,2025,,,,2025,Display of Plates
2025-07-10 02:03:54.363000,7539900.0,CT0011000,Plainville,Racial Profile,43,25-8772,Case No.,2025-06-22 00:00:00,June,W,N,F,0,True,True, Plainville,Camp St,  ,  ,V,G,2.0,0,14-112(f),,False,N,False,False,V,2025-06-22 17:29:08,Verbal Warning,,,False,1.0,CT0011000,20250710020346000001,2025-06-22 17:29:08,17:29:08,2025,,,,2025,Other
2025-06-25 02:03:51.123000,7520503.0,CT0011000,Plainville,Racial Profile,51,25-8761,Case No.,2025-06-22 00:00:00,June,B,N,M,26,True,True, Plainville,West Main St,  ,  ,V,G,3.0,1,14-242,,False,N,False,False,I,2025-06-22 14:00:45,Infraction Ticket,,,False,1.0,CT0011000,20250625020343000001,2025-06-22 14:00:45,14:00:45,2025,14-36(a),,,2025,Moving Violation
2025-06-25 02:03:51.147000,7520507.0,CT0011000,Plainville,Racial Profile,31,25-8812,Case No.,2025-06-23 00:00:00,June,W,N,F,45,True,True, Plainville,Pickney Ave,  ,  ,V,G,1.0,0,14-301,,False,N,False,False,V,2025-06-23 10:52:26,Verbal Warning,,,False,1.0,CT0011000,20250625020343000001,2025-06-23 10:52:26,10:52:26,2025,,,,2025,Stop Sign
2025-06-24 02:03:49.897000,7519320.0,CT0011000,Plainville,Racial Profile,31,25-8814,Case No.,2025-06-23 00:00:00,June,W,N,F,26,True,True, Plainville,Pickney Ave,  ,  ,V,G,1.0,0,14-301,,False,N,False,False,V,2025-06-23 11:00:45,Verbal Warning,,,False,1.0,CT0011000,20250624020340000001,2025-06-23 11:00:45,11:00:45,2025,,,,2025,Stop Sign
2025-06-27 02:03:59.490000,7522871.0,CT0011000,Plainville,Racial Profile,48,25-8786,Case No.,2025-06-23 00:00:00,June,B,N,M,0,True,False, Plainville,Unionville Ave,  ,  ,V,G,1.0,0,14-18(a),,False,N,False,False,V,2025-06-23 00:48:51,Verbal Warning,,,False,1.0,CT0011000,20250627020343000001,2025-06-23 00:48:51,00:48:51,2025,,,,2025,Display of Plates
2025-06-28 02:03:50.910000,7524059.0,CT0011000,Plainville,Racial Profile,48,25-8798,Case No.,2025-06-23 00:00:00,June,B,N,M,45,True,False, Plainville,Cowles Rd,  ,  ,V,G,2.0,1,14-147(c),,False,N,False,False,I,2025-06-23 05:24:48,Infraction Ticket,,,False,1.0,CT0011000,20250628020341000001,2025-06-23 05:24:48,05:24:48,2025,14-36(a),,,2025,Administrative Offense
2025-07-10 02:03:54.373000,7539903.0,CT0011000,Plainville,Racial Profile,48,25-8803,Case No.,2025-06-23 00:00:00,June,W,N,M,35,True,False, Plainville,Day St,  ,  ,V,G,2.0,1,14-215,,False,N,False,False,M,2025-06-23 07:02:14,Misdemeanor Summons,,,False,1.0,CT0011000,20250710020346000001,2025-06-23 07:02:14,07:02:14,2025,14-213b,,,2025,Administrative Offense
2025-06-27 02:03:59.550000,7522874.0,CT0011000,Plainville,Racial Profile,51,25-8806,Case No.,2025-06-23 00:00:00,June,W,N,F,51,True,False, Plainville,East Main St,  ,  ,V,G,1.0,0,14-296aa(b1st,,False,N,False,False,V,2025-06-23 09:55:59,Verbal Warning,,,False,1.0,CT0011000,20250627020343000001,2025-06-23 09:55:59,09:55:59,2025,,,,2025,Cell Phone
2025-06-29 02:03:53.657000,7525284.0,CT0011000,Plainville,Racial Profile,51,25-8815,Case No.,2025-06-23 00:00:00,June,W,H,M,24,False,False, Plainville,East St,  ,  ,V,G,2.0,0,14-215(a),,False,N,False,False,V,2025-06-23 11:20:51,Verbal Warning,,,False,1.0,CT0011000,20250629020345000001,2025-06-23 11:20:51,11:20:51,2025,,,,2025,Administrative Offense
2025-07-02 02:03:55.313000,7529652.0,CT0011000,Plainville,Racial Profile,34,25-8861,Case No.,2025-06-24 00:00:00,June,W,M,M,43,True,False, Plainville,East St,  ,  ,V,B,1.0,0,14-299,,False,N,False,False,W,2025-06-24 15:13:47,Written Ticket,,,False,1.0,CT0011000,20250702020346000001,2025-06-24 15:13:47,15:13:47,2025,,,,2025,Traffic Control Signal
2025-06-28 02:03:50.930000,7524066.0,CT0011000,Plainville,Racial Profile,37,25-8868,Case No.,2025-06-24 00:00:00,June,W,N,M,67,True,False, Plainville,Queen St (Southington),  ,  ,I,G,1.0,0,14-224(a),,False,O,False,False,N,2025-06-24 17:49:53,No Disposition,,,False,1.0,CT0011000,20250628020341000001,2025-06-24 17:49:53,17:49:53,2025,,,,2025,Other
2025-06-29 02:03:53.663000,7525285.0,CT0011000,Plainville,Racial Profile,49,25-8859,Case No.,2025-06-24 00:00:00,June,W,H,M,49,True,False, Plainville,Johnson Ave,  ,  ,V,B,1.0,0,14-301,,False,N,False,False,V,2025-06-24 14:53:56,Verbal Warning,,,False,1.0,CT0011000,20250629020345000001,2025-06-24 14:53:56,14:53:56,2025,,,,2025,Stop Sign
2025-06-27 02:03:59.623000,7522880.0,CT0011000,Plainville,Racial Profile,46,25-8897,Case No.,2025-06-25 00:00:00,June,W,N,M,44,True,True, Plainville,East St,  ,  ,V,G,1.0,0,14-244,,False,N,False,True,V,2025-06-25 01:54:06,Verbal Warning,,,False,1.0,CT0011000,20250627020343000001,2025-06-25 01:54:06,01:54:06,2025,,,,2025,Moving Violation
2025-06-27 02:03:59.650000,7522881.0,CT0011000,Plainville,Racial Profile,46,25-8911,Case No.,2025-06-25 00:00:00,June,B,N,M,17,True,True, Plainville,Broad St,  ,  ,E,G,1.0,0,14-99g(b),,False,N,False,False,V,2025-06-25 12:21:15,Verbal Warning,,,False,1.0,CT0011000,20250627020343000001,2025-06-25 12:21:15,12:21:15,2025,,,,2025,Window Tint
2025-07-15 02:04:05.173000,7548121.0,CT0011000,Plainville,Racial Profile,22,25-8952,Case No.,2025-06-26 00:00:00,June,B,N,F,26,True,False, Plainville,Camp St,  ,  ,V,G,1.0,0,14-12(a)*,,False,N,False,False,V,2025-06-26 14:34:20,Verbal Warning,,,False,1.0,CT0011000,20250715020354000001,2025-06-26 14:34:20,14:34:20,2025,14-147(c),,,2025,Registration
2025-06-27 02:03:59.703000,7522883.0,CT0011000,Plainville,Racial Profile,36,25-8961,Case No.,2025-06-26 00:00:00,June,W,N,M,40,True,True, Plainville,New Britain Ave,  ,  ,V,G,1.0,0,14-299,,False,N,False,False,V,2025-06-26 16:49:31,Verbal Warning,,,False,1.0,CT0011000,20250627020343000001,2025-06-26 16:49:31,16:49:31,2025,,,,2025,Traffic Control Signal
2025-06-29 02:03:53.680000,7525290.0,CT0011000,Plainville,Racial Profile,39,25-8960,Case No.,2025-06-26 00:00:00,June,W,H,M,28,True,False, Plainville,North Washington St,  ,  ,E,G,1.0,0,14-18(c),,False,N,False,False,V,2025-06-26 16:41:50,Verbal Warning,,,False,1.0,CT0011000,20250629020345000001,2025-06-26 16:41:50,16:41:50,2025,,,,2025,Display of Plates
2025-07-05 02:03:58.007000,7533635.0,CT0011000,Plainville,Racial Profile,12,25-9006,Case No.,2025-06-27 00:00:00,June,W,N,F,19,True,True, Plainville,Woodford Ave,  ,  ,E,G,1.0,0,14-96a(a),,False,N,False,False,V,2025-06-27 22:48:12,Verbal Warning,,,False,1.0,CT0011000,20250705020349000001,2025-06-27 22:48:12,22:48:12,2025,,,,2025,Defective Lights
2025-06-29 02:03:53.703000,7525297.0,CT0011000,Plainville,Racial Profile,39,25-9003,Case No.,2025-06-27 00:00:00,June,W,N,M,20,True,True, Plainville,North Washington St,  ,  ,V,G,1.0,0,14-244,,False,N,False,False,V,2025-06-27 21:52:16,Verbal Warning,,,False,1.0,CT0011000,20250629020345000001,2025-06-27 21:52:16,21:52:16,2025,14-80(b),,,2025,Moving Violation
2025-06-29 02:03:53.687000,7525292.0,CT0011000,Plainville,Racial Profile,48,25-8982,Case No.,2025-06-27 00:00:00,June,W,N,F,37,True,False, Plainville,Unionville Ave,  ,  ,V,G,2.0,1,14-296aa(b1st,,False,N,False,False,W,2025-06-27 11:21:20,Written Ticket,,,False,1.0,CT0011000,20250629020345000001,2025-06-27 11:21:20,11:21:20,2025,14-213b,,,2025,Cell Phone
2025-07-01 02:03:54.667000,7527805.0,CT0011000,Plainville,Racial Profile,48,25-8988,Case No.,2025-06-27 00:00:00,June,W,N,F,64,True,True, Plainville,East Main St,  ,  ,V,G,1.0,0,14-236,,False,N,False,False,V,2025-06-27 13:26:42,Verbal Warning,,,False,1.0,CT0011000,20250701020346000001,2025-06-27 13:26:42,13:26:42,2025,,,,2025,Moving Violation
2025-06-28 02:03:50.953000,7524073.0,CT0011000,Plainville,Racial Profile,48,25-8989,Case No.,2025-06-27 00:00:00,June,W,N,M,18,True,True, Plainville,West Main St,  ,  ,V,G,1.0,0,14-18(c),,False,N,False,False,V,2025-06-27 13:29:53,Verbal Warning,,,False,1.0,CT0011000,20250628020341000001,2025-06-27 13:29:53,13:29:53,2025,,,,2025,Display of Plates
2025-06-29 02:03:53.697000,7525295.0,CT0011000,Plainville,Racial Profile,50,25-8992,Case No.,2025-06-27 00:00:00,June,W,N,M,64,True,False, Plainville,Farmington Ave,  ,  ,V,G,1.0,0,14-299,,False,N,False,False,V,2025-06-27 16:46:04,Verbal Warning,,,False,1.0,CT0011000,20250629020345000001,2025-06-27 16:46:04,16:46:04,2025,,,,2025,Traffic Control Signal
2025-07-02 02:03:55.340000,7529662.0,CT0011000,Plainville,Racial Profile,50,25-8994,Case No.,2025-06-27 00:00:00,June,W,N,F,30,True,False, Plainville,New Britain Ave,  ,  ,V,B,1.0,0,14-12(a)*,,False,N,False,False,V,2025-06-27 17:37:41,Verbal Warning,,,False,1.0,CT0011000,20250702020346000001,2025-06-27 17:37:41,17:37:41,2025,,,,2025,Registration
2025-07-09 02:03:56,7538698.0,CT0011000,Plainville,Racial Profile,34,25-9042,Case No.,2025-06-28 00:00:00,June,W,N,M,37,True,False, Plainville,East St,  ,  ,V,B,1.0,0,14-299,,False,N,False,False,W,2025-06-28 13:47:06,Written Ticket,,,False,1.0,CT0011000,20250709020347000001,2025-06-28 13:47:06,13:47:06,2025,,,,2025,Traffic Control Signal
2025-07-01 02:03:54.677000,7527810.0,CT0011000,Plainville,Racial Profile,50,25-9013,Case No.,2025-06-28 00:00:00,June,W,H,M,34,True,False, Plainville,New Britain Ave,  ,  ,V,G,2.0,1,14-242,,False,N,False,False,M,2025-06-28 01:25:22,Misdemeanor Summons,,,False,1.0,CT0011000,20250701020346000001,2025-06-28 01:25:22,01:25:22,2025,14-215,,,2025,Moving Violation
2025-06-29 02:03:53.710000,7525299.0,CT0011000,Plainville,Racial Profile,50,25-9026,Case No.,2025-06-28 00:00:00,June,W,N,M,78,True,False, Plainville,New Britain Ave,  ,  ,V,G,1.0,0,14-96e,,False,N,False,False,V,2025-06-28 06:58:51,Verbal Warning,,,False,1.0,CT0011000,20250629020345000001,2025-06-28 06:58:51,06:58:51,2025,,,,2025,Defective Lights
2025-06-29 02:03:53.713000,7525300.0,CT0011000,Plainville,Racial Profile,50,25-9048,Case No.,2025-06-28 00:00:00,June,W,N,F,47,True,False, Plainville,Higgins Ave,  ,  ,V,B,1.0,0,14-12(a)*,,False,N,False,False,V,2025-06-28 18:13:03,Verbal Warning,,,False,1.0,CT0011000,20250629020345000001,2025-06-28 18:13:03,18:13:03,2025,,,,2025,Registration
2025-07-02 02:03:55.357000,7529668.0,CT0011000,Plainville,Racial Profile,35,25-9089,Case No.,2025-06-29 00:00:00,June,W,N,M,29,True,False, Plainville,Camp St,  ,  ,V,B,1.0,0,14-301,,False,N,False,False,V,2025-06-29 18:22:02,Verbal Warning,,,False,1.0,CT0011000,20250702020346000001,2025-06-29 18:22:02,18:22:02,2025,,,,2025,Stop Sign
2025-07-03 02:03:53.737000,7531198.0,CT0011000,Plainville,Racial Profile,35,25-9144,Case No.,2025-06-30 00:00:00,June,W,N,F,49,True,True, Plainville,Maxine Rd,  ,  ,V,B,1.0,0,14-301,,False,N,False,False,V,2025-06-30 19:09:12,Verbal Warning,,,False,1.0,CT0011000,20250703020345000001,2025-06-30 19:09:12,19:09:12,2025,,,,2025,Stop Sign
2025-07-08 02:03:58.297000,7537397.0,CT0011000,Plainville,Racial Profile,46,25-9110,Case No.,2025-06-30 00:00:00,June,W,N,M,61,True,False, Plainville,Camp St,  ,  ,V,G,1.0,0,14-301,,False,N,False,False,V,2025-06-30 07:00:49,Verbal Warning,,,False,1.0,CT0011000,20250708020349000001,2025-06-30 07:00:49,07:00:49,2025,,,,2025,Stop Sign
2025-07-07 02:04:02.693000,7536074.0,CT0011000,Plainville,Racial Profile,49,25-9118,Case No.,2025-06-30 00:00:00,June,B,N,M,91,True,False, Plainville,Northwest Dr,  ,  ,V,B,1.0,0,14-301,,False,N,False,False,V,2025-06-30 11:52:04,Verbal Warning,,,False,1.0,CT0011000,20250707020352000001,2025-06-30 11:52:04,11:52:04,2025,,,,2025,Stop Sign
2025-07-08 02:03:58.300000,7537399.0,CT0011000,Plainville,Racial Profile,49,25-9119,Case No.,2025-06-30 00:00:00,June,W,N,M,30,True,False, Plainville,Perron Rd,  ,  ,V,B,1.0,0,14-301,,False,N,False,False,V,2025-06-30 12:04:54,Verbal Warning,,,False,1.0,CT0011000,20250708020349000001,2025-06-30 12:04:54,12:04:54,2025,,,,2025,Stop Sign
2025-07-02 02:03:55.367000,7529671.0,CT0011000,Plainville,Racial Profile,50,25-9135,Case No.,2025-06-30 00:00:00,June,W,H,M,37,True,False, Plainville,Park St,  ,  ,V,G,1.0,0,14-301,,False,N,False,False,V,2025-06-30 17:37:56,Verbal Warning,,,False,1.0,CT0011000,20250702020346000001,2025-06-30 17:37:56,17:37:56,2025,,,,2025,Stop Sign
2025-07-01 02:03:54.693000,7527817.0,CT0011000,Plainville,Racial Profile,50,25-9137,Case No.,2025-06-30 00:00:00,June,W,N,F,47,True,False, Plainville,Park St,  ,  ,V,G,1.0,0,14-301,,False,N,False,False,V,2025-06-30 17:45:22,Verbal Warning,,,False,1.0,CT0011000,20250701020346000001,2025-06-30 17:45:22,17:45:22,2025,,,,2025,Stop Sign
2025-07-02 02:03:55.373000,7529673.0,CT0011000,Plainville,Racial Profile,50,25-9138,Case No.,2025-06-30 00:00:00,June,W,N,M,42,True,True, Plainville,Pine St,  ,  ,V,G,2.0,0,14-232(b),,False,N,False,False,M,2025-06-30 17:53:12,Misdemeanor Summons,,,False,1.0,CT0011000,20250702020346000001,2025-06-30 17:53:12,17:53:12,2025,14-215,,,2025,Moving Violation
2025-07-04 02:04:03.007000,7532439.0,CT0011000,Plainville,Racial Profile,21,25-9167,Case No.,2025-07-01 00:00:00,July,W,N,F,66,True,False, Plainville,New Britain Ave,  ,  ,V,G,1.0,0,14-12(a)*,,False,N,False,False,V,2025-07-01 09:35:19,Verbal Warning,,,False,1.0,CT0011000,20250704020347000001,2025-07-01 09:35:19,09:35:19,2025,,,,2025,Registration
2025-07-04 02:04:02.987000,7532437.0,CT0011000,Plainville,Racial Profile,49,25-9156,Case No.,2025-07-01 00:00:00,July,W,H,M,47,True,True, Plainville,Arcadia Ave,  ,  ,V,B,1.0,0,14-301,,False,N,False,False,V,2025-07-01 03:49:46,Verbal Warning,,,False,1.0,CT0011000,20250704020347000001,2025-07-01 03:49:46,03:49:46,2025,,,,2025,Stop Sign
2025-07-02 02:03:55.380000,7529676.0,CT0011000,Plainville,Racial Profile,49,25-9158,Case No.,2025-07-01 00:00:00,July,W,N,F,30,True,True, Plainville,Arcadia Ave,  ,  ,V,B,1.0,0,14-301,,False,N,False,False,V,2025-07-01 06:09:23,Verbal Warning,,,False,1.0,CT0011000,20250702020346000001,2025-07-01 06:09:23,06:09:23,2025,,,,2025,Stop Sign
2025-07-05 02:03:58.043000,7533650.0,CT0011000,Plainville,Racial Profile,52,25-9239,Case No.,2025-07-02 00:00:00,July,B,N,M,21,False,False, Plainville,Broad St,  ,  ,V,B,1.0,0,14-96c,,False,N,False,False,V,2025-07-02 21:55:00,Verbal Warning,,,False,1.0,CT0011000,20250705020349000001,2025-07-02 21:55:00,21:55:00,2025,,,,2025,Defective Lights
2025-07-11 02:05:01,7541204.0,CT0011000,Plainville,Racial Profile,21,25-9281,Case No.,2025-07-03 00:00:00,July,W,N,F,56,True,False, Plainville,West Main St,  ,  ,V,G,1.0,0,14-12(a)*,,False,N,False,False,V,2025-07-03 12:17:06,Verbal Warning,,,False,1.0,CT0011000,20250711020349000001,2025-07-03 12:17:06,12:17:06,2025,,,,2025,Registration
2025-07-12 02:04:02.003000,7542479.0,CT0011000,Plainville,Racial Profile,21,25-9282,Case No.,2025-07-03 00:00:00,July,W,N,F,58,True,False, Plainville,Unionville Ave,  ,  ,V,G,1.0,0,14-12(a)*,,False,N,False,False,V,2025-07-03 12:34:57,Verbal Warning,,,False,1.0,CT0011000,20250712020350000001,2025-07-03 12:34:57,12:34:57,2025,,,,2025,Registration
2025-07-12 02:04:02.017000,7542481.0,CT0011000,Plainville,Racial Profile,29,25-9327,Case No.,2025-07-04 00:00:00,July,W,N,M,88,True,False, Plainville,East St,  ,  ,V,G,1.0,0,14-236,,False,N,False,False,V,2025-07-04 09:47:47,Verbal Warning,,,False,1.0,CT0011000,20250712020350000001,2025-07-04 09:47:47,09:47:47,2025,,,,2025,Moving Violation
2025-07-06 02:03:56.963000,7534876.0,CT0011000,Plainville,Racial Profile,31,25-9330,Case No.,2025-07-04 00:00:00,July,W,N,M,28,True,False, Plainville,Broad St,  ,  ,V,G,1.0,0,14-301,,False,N,False,False,V,2025-07-04 11:14:58,Verbal Warning,,,False,1.0,CT0011000,20250706020347000001,2025-07-04 11:14:58,11:14:58,2025,,,,2025,Stop Sign
2025-07-10 02:03:54.477000,7539940.0,CT0011000,Plainville,Racial Profile,36,25-9325,Case No.,2025-07-04 00:00:00,July,B,N,F,32,True,False, Plainville,East Main St,  ,  ,V,G,1.0,0,14-236,,False,N,False,False,V,2025-07-04 09:19:40,Verbal Warning,,,False,1.0,CT0011000,20250710020346000001,2025-07-04 09:19:40,09:19:40,2025,,,,2025,Moving Violation
2025-07-12 02:04:02.030000,7542484.0,CT0011000,Plainville,Racial Profile,46,25-9356,Case No.,2025-07-05 00:00:00,July,B,N,M,33,True,False, Plainville,South Washington St,  ,  ,V,G,1.0,0,14-299,,False,N,False,False,V,2025-07-05 01:35:24,Verbal Warning,,,False,1.0,CT0011000,20250712020350000001,2025-07-05 01:35:24,01:35:24,2025,,,,2025,Traffic Control Signal
2025-07-05 02:03:58.050000,7533652.0,CT0011000,Plainville,Racial Profile,48,25-9353,Case No.,2025-07-05 00:00:00,July,W,H,F,26,True,False, Plainville,Camp St,  ,  ,V,G,2.0,1,14-12(a)*,,False,N,False,False,W,2025-07-05 00:53:35,Written Ticket,,,False,1.0,CT0011000,20250705020349000001,2025-07-05 00:53:35,00:53:35,2025,14-213b,,,2025,Registration
2025-07-10 02:03:54.497000,7539944.0,CT0011000,Plainville,Racial Profile,50,25-9377,Case No.,2025-07-05 00:00:00,July,W,N,F,45,True,True, Plainville,East St,  ,  ,V,G,1.0,0,14-299,,False,N,False,False,V,2025-07-05 11:38:16,Verbal Warning,,,False,1.0,CT0011000,20250710020346000001,2025-07-05 11:38:16,11:38:16,2025,,,,2025,Traffic Control Signal
2025-07-07 02:04:02.753000,7536090.0,CT0011000,Plainville,Racial Profile,52,25-9432,Case No.,2025-07-06 00:00:00,July,W,N,M,75,True,True, Plainville,Welch St,  ,  ,V,B,1.0,0,14-301,,False,N,False,False,V,2025-07-06 18:12:34,Verbal Warning,,,False,1.0,CT0011000,20250707020352000001,2025-07-06 18:12:34,18:12:34,2025,,,,2025,Stop Sign
2025-07-16 02:04:03.913000,7566867.0,CT0011000,Plainville,Racial Profile,52,25-9433,Case No.,2025-07-06 00:00:00,July,W,N,F,69,True,False, Plainville,West Main St,  ,  ,V,B,1.0,0,14-301,,False,N,False,False,W,2025-07-06 18:23:22,Written Ticket,,,False,1.0,CT0011000,20250716020353000001,2025-07-06 18:23:22,18:23:22,2025,,,,2025,Stop Sign
2025-07-08 02:03:58.373000,7537416.0,CT0011000,Plainville,Racial Profile,51,25-9459,Case No.,2025-07-07 00:00:00,July,W,N,F,31,True,True, Plainville,East St,  ,  ,V,G,1.0,0,14-296aa(b1st,,False,N,False,False,V,2025-07-07 10:50:13,Verbal Warning,,,False,1.0,CT0011000,20250708020349000001,2025-07-07 10:50:13,10:50:13,2025,,,,2025,Cell Phone
2025-07-09 02:03:56.087000,7538721.0,CT0011000,Plainville,Racial Profile,52,25-9471,Case No.,2025-07-07 00:00:00,July,W,N,M,22,True,False, Plainville,East St,  ,  ,V,B,3.0,1,14-96b,,False,N,False,False,M,2025-07-07 22:06:59,Misdemeanor Summons,,,False,1.0,CT0011000,20250709020347000001,2025-07-07 22:06:59,22:06:59,2025,14-215,,,2025,Defective Lights
2025-07-11 02:05:02.147000,7541220.0,CT0011000,Plainville,Racial Profile,21,25-9499,Case No.,2025-07-08 00:00:00,July,W,N,F,73,True,False, Plainville,New Britain Ave,  ,  ,V,G,1.0,0,14-12(a)*,,False,N,False,False,V,2025-07-08 11:17:54,Verbal Warning,,,False,1.0,CT0011000,20250711020349000001,2025-07-08 11:17:54,11:17:54,2025,,,,2025,Registration
2025-07-11 02:05:02.150000,7541221.0,CT0011000,Plainville,Racial Profile,21,25-9512,Case No.,2025-07-08 00:00:00,July,W,N,F,44,True,True, Plainville,Farmington Ave,  ,  ,V,G,2.0,1,14-215,,True,N,False,False,M,2025-07-08 14:11:33,Misdemeanor Summons,,,False,1.0,CT0011000,20250711020349000001,2025-07-08 14:11:33,14:11:33,2025,,,,2025,Administrative Offense
2025-07-10 02:03:54.523000,7539956.0,CT0011000,Plainville,Racial Profile,21,25-9516,Case No.,2025-07-08 00:00:00,July,W,H,F,51,True,False, Plainville,Hough St,  ,  ,V,G,2.0,1,14-215,,True,N,False,False,M,2025-07-08 14:53:04,Misdemeanor Summons,,,False,1.0,CT0011000,20250710020346000001,2025-07-08 14:53:04,14:53:04,2025,,,,2025,Administrative Offense
2025-07-12 02:04:02.047000,7542490.0,CT0011000,Plainville,Racial Profile,48,25-9478,Case No.,2025-07-08 00:00:00,July,W,H,F,36,True,False, Plainville,New Britain Ave,  ,  ,V,G,1.0,0,14-96y,,False,N,False,False,V,2025-07-08 00:49:22,Verbal Warning,,,False,1.0,CT0011000,20250712020350000001,2025-07-08 00:49:22,00:49:22,2025,,,,2025,Defective Lights
2025-07-10 02:03:54.510000,7539950.0,CT0011000,Plainville,Racial Profile,48,25-9489,Case No.,2025-07-08 00:00:00,July,W,H,M,26,True,False, Plainville,Cooke St,  ,  ,V,G,1.0,0,14-18(a),,False,N,False,False,V,2025-07-08 06:47:27,Verbal Warning,,,False,1.0,CT0011000,20250710020346000001,2025-07-08 06:47:27,06:47:27,2025,,,,2025,Display of Plates
2025-07-20 02:04:03.513000,7575683.0,CT0011000,Plainville,Racial Profile,48,25-9493,Case No.,2025-07-08 00:00:00,July,W,N,M,60,True,False, Plainville,New Britain Ave,  ,  ,V,G,2.0,0,14-147(c),,False,N,False,False,I,2025-07-08 07:19:04,Infraction Ticket,,,False,2.0,CT0011000,20250720020352000001,2025-07-08 07:19:04,07:19:04,2025,14-12(a)*,,,2025,Administrative Offense
2025-07-11 02:05:02.107000,7541219.0,CT0011000,Plainville,Racial Profile,7,25-9495,Case No.,2025-07-08 00:00:00,July,W,H,M,42,True,False, Plainville,Forestville Ave,  ,  ,V,G,1.0,0,14-299,,False,N,False,False,V,2025-07-08 07:58:48,Verbal Warning,,,False,1.0,CT0011000,20250711020349000001,2025-07-08 07:58:48,07:58:48,2025,,,,2025,Traffic Control Signal
2025-07-22 02:04:07.183000,7578457.0,CT0011000,Plainville,Racial Profile,14,25-9543,Case No.,2025-07-09 00:00:00,July,B,N,M,34,True,False, Plainville,Camp St,  ,  ,V,G,1.0,0,14-18(a),,False,N,False,False,V,2025-07-09 02:05:11,Verbal Warning,,,False,1.0,CT0011000,20250722020356000001,2025-07-09 02:05:11,02:05:11,2025,,,,2025,Display of Plates
2025-07-10 02:03:54.557000,7539959.0,CT0011000,Plainville,Racial Profile,33,25-9558,Case No.,2025-07-09 00:00:00,July,W,N,F,68,True,True, Plainville,Rockwell Ave,  ,  ,V,G,2.0,1,14-213b,,False,N,False,False,I,2025-07-09 11:29:49,Infraction Ticket,,,False,1.0,CT0011000,20250710020346000001,2025-07-09 11:29:49,11:29:49,2025,14-12(a)*,,,2025,Administrative Offense
2025-07-11 02:05:02.300000,7541225.0,CT0011000,Plainville,Racial Profile,36,25-9556,Case No.,2025-07-09 00:00:00,July,W,N,F,91,True,False, Plainville,East St,  ,  ,V,G,1.0,0,14-236,,False,N,False,False,W,2025-07-09 11:00:14,Written Ticket,,,False,1.0,CT0011000,20250711020349000001,2025-07-09 11:00:14,11:00:14,2025,,,,2025,Moving Violation
2025-07-22 02:04:07.193000,7578461.0,CT0011000,Plainville,Racial Profile,39,25-9572,Case No.,2025-07-09 00:00:00,July,W,H,F,55,True,True, Plainville,Diamond Ave,  ,  ,E,G,3.0,1,14-147(c),,False,N,False,False,M,2025-07-09 17:18:45,Misdemeanor Summons,,,False,1.0,CT0011000,20250722020356000001,2025-07-09 17:18:45,17:18:45,2025,14-215(a),,,2025,Administrative Offense
2025-07-14 02:03:59.287000,7545024.0,CT0011000,Plainville,Racial Profile,48,25-9540,Case No.,2025-07-09 00:00:00,July,W,H,M,24,True,False, Plainville,Camp St,  ,  ,V,G,2.0,1,14-301,,False,N,False,False,I,2025-07-09 01:49:20,Infraction Ticket,,,False,1.0,CT0011000,20250714020348000001,2025-07-09 01:49:20,01:49:20,2025,14-12(a)*,,,2025,Stop Sign
2025-07-23 02:04:05.183000,7579809.0,CT0011000,Plainville,Racial Profile,53,25-9563,Case No.,2025-07-09 00:00:00,July,W,N,F,75,True,True, Plainville,Woodford Ave,  ,  ,V,G,1.0,0,14-301,,False,N,False,False,V,2025-07-09 12:32:05,Verbal Warning,,,False,1.0,CT0011000,20250723020354000001,2025-07-09 12:32:05,12:32:05,2025,,,,2025,Stop Sign
2025-07-14 02:03:59.307000,7545032.0,CT0011000,Plainville,Racial Profile,34,25-9622,Case No.,2025-07-10 00:00:00,July,W,N,M,65,True,True, Plainville,East St,  ,  ,V,B,1.0,0,14-299,,False,N,False,False,V,2025-07-10 16:19:45,Verbal Warning,,,False,1.0,CT0011000,20250714020348000001,2025-07-10 16:19:45,16:19:45,2025,,,,2025,Traffic Control Signal
2025-07-12 02:04:02.120000,7542502.0,CT0011000,Plainville,Racial Profile,50,25-9605,Case No.,2025-07-10 00:00:00,July,W,N,F,40,True,False, Plainville,Arcadia Ave,  ,  ,V,G,1.0,0,14-301,,False,N,False,False,V,2025-07-10 06:35:06,Verbal Warning,,,False,1.0,CT0011000,20250712020350000001,2025-07-10 06:35:06,06:35:06,2025,,,,2025,Stop Sign
2025-07-13 02:03:56.900000,7543761.0,CT0011000,Plainville,Racial Profile,50,25-9608,Case No.,2025-07-10 00:00:00,July,B,N,F,40,True,False, Plainville,Arcadia Ave,  ,  ,V,G,1.0,0,14-301,,False,N,False,False,V,2025-07-10 07:01:55,Verbal Warning,,,False,1.0,CT0011000,20250713020348000001,2025-07-10 07:01:55,07:01:55,2025,,,,2025,Stop Sign
2025-07-12 02:04:02.130000,7542504.0,CT0011000,Plainville,Racial Profile,50,25-9609,Case No.,2025-07-10 00:00:00,July,W,N,M,33,True,True, Plainville,Arcadia Ave,  ,  ,V,G,1.0,0,14-301,,False,N,False,False,V,2025-07-10 07:13:08,Verbal Warning,,,False,1.0,CT0011000,20250712020350000001,2025-07-10 07:13:08,07:13:08,2025,,,,2025,Stop Sign
2025-08-01 02:05:04.240000,7591834.0,CT0011000,Plainville,Racial Profile,35,25-9665,Case No.,2025-07-11 00:00:00,July,W,M,M,63,True,False, Plainville,New Britain Ave,  ,  ,I,G,1.0,0,14-244,,False,N,False,False,N,2025-07-11 18:17:58,No Disposition,,,False,1.0,CT0011000,20250801020359000001,2025-07-11 18:17:58,18:17:58,2025,,,,2025,Moving Violation
2025-07-13 02:03:56.907000,7543764.0,CT0011000,Plainville,Racial Profile,43,25-9658,Case No.,2025-07-11 00:00:00,July,W,H,M,47,False,False, Plainville,East St,  ,  ,V,G,2.0,0,14-296aa(b1st,,False,N,False,False,I,2025-07-11 16:33:28,Infraction Ticket,,,False,1.0,CT0011000,20250713020348000001,2025-07-11 16:33:28,16:33:28,2025,,,,2025,Cell Phone
2025-07-17 02:04:01.580000,7569328.0,CT0011000,Plainville,Racial Profile,30,25-9719,Case No.,2025-07-12 00:00:00,July,W,N,F,18,True,False, Plainville,Broad St,  ,  ,V,G,1.0,0,14-301,,False,N,False,False,V,2025-07-12 21:23:08,Verbal Warning,,,False,1.0,CT0011000,20250717020351000001,2025-07-12 21:23:08,21:23:08,2025,,,,2025,Stop Sign
2025-07-14 02:03:59.313000,7545035.0,CT0011000,Plainville,Racial Profile,39,25-9709,Case No.,2025-07-12 00:00:00,July,W,H,M,21,True,False, Plainville,New Britain Ave,  ,  ,E,B,3.0,1,14-213b,,False,N,False,False,M,2025-07-12 18:42:04,Misdemeanor Summons,,,False,1.0,CT0011000,20250714020348000001,2025-07-12 18:42:04,18:42:04,2025,14-215,,,2025,Administrative Offense
2025-07-13 02:03:56.910000,7543765.0,CT0011000,Plainville,Racial Profile,51,25-9694,Case No.,2025-07-12 00:00:00,July,W,N,M,21,True,True, Plainville,Woodford Ave,  ,  ,I,G,2.0,1,53a-116,,True,O,False,True,U,2025-07-12 12:04:56,Uniform ArrestReport,,,False,1.0,CT0011000,20250713020348000001,2025-07-12 12:04:56,12:04:56,2025,,,,2025,Other
2025-07-14 02:03:59.317000,7545036.0,CT0011000,Plainville,Racial Profile,52,25-9711,Case No.,2025-07-12 00:00:00,July,W,N,M,0,False,False, Plainville,Redstone Hill,  ,  ,V,B,1.0,0,14-219,,False,N,False,False,V,2025-07-12 19:21:21,Verbal Warning,,,False,1.0,CT0011000,20250714020348000001,2025-07-12 19:21:21,19:21:21,2025,,,,2025,Speed Related
2025-07-16 02:04:03.973000,7566891.0,CT0011000,Plainville,Racial Profile,52,25-9712,Case No.,2025-07-12 00:00:00,July,W,N,M,53,True,False, Plainville,Redstone Hill,  ,  ,V,B,1.0,0,14-219,,False,N,False,False,V,2025-07-12 19:31:05,Verbal Warning,,,False,1.0,CT0011000,20250716020353000001,2025-07-12 19:31:05,19:31:05,2025,,,,2025,Speed Related
2025-07-13 02:03:56.917000,7543769.0,CT0011000,Plainville,Racial Profile,52,25-9714,Case No.,2025-07-12 00:00:00,July,W,H,F,33,True,False, Plainville,West Main St,  ,  ,V,B,1.0,0,14-219,,False,N,False,False,V,2025-07-12 20:01:08,Verbal Warning,,,False,1.0,CT0011000,20250713020348000001,2025-07-12 20:01:08,20:01:08,2025,,,,2025,Speed Related
2025-07-15 02:04:05.453000,7548184.0,CT0011000,Plainville,Racial Profile,22,25-9750,Case No.,2025-07-13 00:00:00,July,B,N,F,31,True,False, Plainville,Hooker St,  ,  ,V,G,1.0,1,14-147(c),,False,N,False,False,I,2025-07-13 13:54:21,Infraction Ticket,,,False,1.0,CT0011000,20250715020354000001,2025-07-13 13:54:21,13:54:21,2025,,,,2025,Administrative Offense
2025-07-22 02:04:07.227000,7578473.0,CT0011000,Plainville,Racial Profile,36,25-9745,Case No.,2025-07-13 00:00:00,July,W,N,F,54,True,True, Plainville,East St,  ,  ,V,G,1.0,0,14-299,,False,N,False,False,I,2025-07-13 10:35:04,Infraction Ticket,,,False,1.0,CT0011000,20250722020356000001,2025-07-13 10:35:04,10:35:04,2025,14-36(a),,,2025,Traffic Control Signal
2025-07-15 02:04:05.473000,7548189.0,CT0011000,Plainville,Racial Profile,22,25-9797,Case No.,2025-07-14 00:00:00,July,W,N,F,60,True,True, Plainville,Woodford Ave,  ,  ,V,G,1.0,0,14-12(a),,False,N,False,False,V,2025-07-14 10:55:43,Verbal Warning,,,False,1.0,CT0011000,20250715020354000001,2025-07-14 10:55:43,10:55:43,2025,,,,2025,Registration
2025-07-18 02:05:03,7571295.0,CT0011000,Plainville,Racial Profile,36,25-9793,Case No.,2025-07-14 00:00:00,July,W,N,F,28,True,True, Plainville,Northwest Dr,  ,  ,V,B,1.0,0,14-218a9,,False,N,False,False,W,2025-07-14 10:40:49,Written Ticket,,,False,1.0,CT0011000,20250718020354000001,2025-07-14 10:40:49,10:40:49,2025,,,,2025,Speed Related
2025-07-18 02:05:03.157000,7571297.0,CT0011000,Plainville,Racial Profile,36,25-9795,Case No.,2025-07-14 00:00:00,July,W,N,F,55,True,True, Plainville,Northwest Dr,  ,  ,V,B,1.0,0,14-218a10,,False,N,False,False,W,2025-07-14 10:50:05,Written Ticket,,,False,1.0,CT0011000,20250718020354000001,2025-07-14 10:50:05,10:50:05,2025,,,,2025,Speed Related
2025-07-16 02:04:04.047000,7566903.0,CT0011000,Plainville,Racial Profile,36,25-9799,Case No.,2025-07-14 00:00:00,July,W,N,F,31,True,False, Plainville,Perron Rd,  ,  ,V,B,1.0,0,14-218a,,False,N,False,False,W,2025-07-14 11:00:09,Written Ticket,,,False,1.0,CT0011000,20250716020353000001,2025-07-14 11:00:09,11:00:09,2025,,,,2025,Speed Related
2025-07-20 02:04:03.710000,7575715.0,CT0011000,Plainville,Racial Profile,36,25-9801,Case No.,2025-07-14 00:00:00,July,W,N,M,55,True,True, Plainville,Northwest Dr,  ,  ,V,B,2.0,0,14-219b,,False,N,False,False,I,2025-07-14 11:12:23,Infraction Ticket,,,False,1.0,CT0011000,20250720020352000001,2025-07-14 11:12:23,11:12:23,2025,,,,2025,Speed Related
2025-07-20 02:04:03.713000,7575717.0,CT0011000,Plainville,Racial Profile,39,25-9822,Case No.,2025-07-14 00:00:00,July,W,N,F,59,True,True, Plainville,Maxine Rd,  ,  ,E,G,1.0,0,14-96e,,False,N,False,False,V,2025-07-14 15:29:05,Verbal Warning,,,False,1.0,CT0011000,20250720020352000001,2025-07-14 15:29:05,15:29:05,2025,,,,2025,Defective Lights
2025-07-18 02:05:02.903000,7571292.0,CT0011000,Plainville,Racial Profile,46,25-9787,Case No.,2025-07-14 00:00:00,July,B,N,M,25,True,False, Plainville,Woodford Ave,  ,  ,E,G,1.0,0,14-99g(b),,False,N,False,False,V,2025-07-14 07:26:09,Verbal Warning,,,False,1.0,CT0011000,20250718020354000001,2025-07-14 07:26:09,07:26:09,2025,,,,2025,Window Tint
2025-07-17 02:04:01.590000,7569331.0,CT0011000,Plainville,Racial Profile,52,25-9788,Case No.,2025-07-14 00:00:00,July,W,N,M,0,True,False, Plainville,Hooker St,  ,  ,V,B,1.0,0,14-12(a)*,,False,N,False,False,V,2025-07-14 08:48:31,Verbal Warning,,,False,1.0,CT0011000,20250717020351000001,2025-07-14 08:48:31,08:48:31,2025,,,,2025,Registration
2025-07-23 02:04:05.250000,7579826.0,CT0011000,Plainville,Racial Profile,52,25-9790,Case No.,2025-07-14 00:00:00,July,W,N,M,49,True,False, Plainville,East Main St,  ,  ,V,B,1.0,0,14-12(a)*,,False,N,False,False,V,2025-07-14 10:23:47,Verbal Warning,,,False,1.0,CT0011000,20250723020354000001,2025-07-14 10:23:47,10:23:47,2025,,,,2025,Registration
2025-07-16 02:04:04.010000,7566899.0,CT0011000,Plainville,Racial Profile,52,25-9794,Case No.,2025-07-14 00:00:00,July,W,N,M,74,True,False, Plainville,Hooker St,  ,  ,V,B,1.0,0,14-12(a)*,,False,N,False,False,V,2025-07-14 10:43:51,Verbal Warning,,,False,1.0,CT0011000,20250716020353000001,2025-07-14 10:43:51,10:43:51,2025,,,,2025,Registration
2025-07-17 02:04:01.607000,7569337.0,CT0011000,Plainville,Racial Profile,52,25-9798,Case No.,2025-07-14 00:00:00,July,W,N,M,38,True,True, Plainville,Farmington Ave,  ,  ,V,B,1.0,0,14-12(a)*,,False,N,False,False,V,2025-07-14 10:58:55,Verbal Warning,,,False,1.0,CT0011000,20250717020351000001,2025-07-14 10:58:55,10:58:55,2025,,,,2025,Registration
2025-07-24 02:04:06.150000,7581167.0,CT0011000,Plainville,Racial Profile,52,25-9803,Case No.,2025-07-14 00:00:00,July,B,N,M,61,True,False, Plainville,New Britain Ave,  ,  ,V,B,1.0,0,14-12(a)*,,False,N,False,False,V,2025-07-14 11:20:36,Verbal Warning,,,False,1.0,CT0011000,20250724020357000001,2025-07-14 11:20:36,11:20:36,2025,,,,2025,Registration
2025-07-22 02:04:07.293000,7578493.0,CT0011000,Plainville,Racial Profile,36,25-9860,Case No.,2025-07-15 00:00:00,July,W,N,M,41,True,False, Plainville,Whiting St,  ,  ,V,G,1.0,0,14-12(a)*,,False,N,False,False,V,2025-07-15 09:40:39,Verbal Warning,,,False,1.0,CT0011000,20250722020356000001,2025-07-15 09:40:39,09:40:39,2025,,,,2025,Registration
2025-07-17 02:04:01.650000,7569349.0,CT0011000,Plainville,Racial Profile,36,25-9865,Case No.,2025-07-15 00:00:00,July,W,N,F,61,True,False, Plainville,Hooker St,  ,  ,V,G,1.0,0,14-299,,False,N,False,False,V,2025-07-15 10:19:48,Verbal Warning,,,False,1.0,CT0011000,20250717020351000001,2025-07-15 10:19:48,10:19:48,2025,,,,2025,Traffic Control Signal
2025-07-20 02:04:03.720000,7575719.0,CT0011000,Plainville,Racial Profile,47,25-9851,Case No.,2025-07-15 00:00:00,July,W,N,M,27,True,False, Plainville,North Washington St,  ,  ,E,G,1.0,0,14-96c,,False,N,False,False,V,2025-07-15 06:48:09,Verbal Warning,,,False,1.0,CT0011000,20250720020352000001,2025-07-15 06:48:09,06:48:09,2025,,,,2025,Defective Lights
2025-07-22 02:04:07.277000,7578487.0,CT0011000,Plainville,Racial Profile,48,25-9850,Case No.,2025-07-15 00:00:00,July,W,N,F,29,True,True, Plainville,Broad St,  ,  ,V,G,1.0,0,14-219,,False,N,False,False,V,2025-07-15 06:35:32,Verbal Warning,,,False,1.0,CT0011000,20250722020356000001,2025-07-15 06:35:32,06:35:32,2025,,,,2025,Speed Related
2025-07-17 02:04:01.627000,7569343.0,CT0011000,Plainville,Racial Profile,48,25-9852,Case No.,2025-07-15 00:00:00,July,W,N,F,27,True,True, Plainville,Broad St,  ,  ,V,G,1.0,0,14-219,,False,N,False,False,V,2025-07-15 06:52:41,Verbal Warning,,,False,1.0,CT0011000,20250717020351000001,2025-07-15 06:52:41,06:52:41,2025,,,,2025,Speed Related
2025-07-22 02:04:07.283000,7578490.0,CT0011000,Plainville,Racial Profile,48,25-9853,Case No.,2025-07-15 00:00:00,July,W,N,F,50,True,True, Plainville,Broad St,  ,  ,V,G,1.0,0,14-219,,False,N,False,False,V,2025-07-15 07:00:51,Verbal Warning,,,False,1.0,CT0011000,20250722020356000001,2025-07-15 07:00:51,07:00:51,2025,,,,2025,Speed Related
2025-07-20 02:04:03.730000,7575722.0,CT0011000,Plainville,Racial Profile,48,25-9854,Case No.,2025-07-15 00:00:00,July,B,M,F,28,True,True, Plainville,East Main St,  ,  ,V,G,1.0,0,14-12(a)*,,False,N,False,False,V,2025-07-15 07:46:59,Verbal Warning,,,False,1.0,CT0011000,20250720020352000001,2025-07-15 07:46:59,07:46:59,2025,,,,2025,Registration
2025-07-22 02:04:07.290000,7578492.0,CT0011000,Plainville,Racial Profile,48,25-9858,Case No.,2025-07-15 00:00:00,July,W,H,F,37,True,False, Plainville,East Main St,  ,  ,V,G,2.0,1,14-215,,False,N,False,False,M,2025-07-15 09:07:04,Misdemeanor Summons,,,False,1.0,CT0011000,20250722020356000001,2025-07-15 09:07:04,09:07:04,2025,14-213b,,,2025,Administrative Offense
2025-07-22 02:04:07.297000,7578494.0,CT0011000,Plainville,Racial Profile,48,25-9861,Case No.,2025-07-15 00:00:00,July,W,H,M,27,True,False, Plainville,Hooker St,  ,  ,V,G,2.0,1,14-244,,False,N,False,False,V,2025-07-15 09:48:59,Verbal Warning,,,False,1.0,CT0011000,20250722020356000001,2025-07-15 09:48:59,09:48:59,2025,,,,2025,Moving Violation
2025-07-18 02:05:04.140000,7571313.0,CT0011000,Plainville,Racial Profile,48,25-9868,Case No.,2025-07-15 00:00:00,July,W,H,F,23,True,True, Plainville,New Britain Ave,  ,  ,V,G,1.0,0,14-296aa(b1st,,False,N,False,False,V,2025-07-15 10:36:24,Verbal Warning,,,False,1.0,CT0011000,20250718020354000001,2025-07-15 10:36:24,10:36:24,2025,,,,2025,Cell Phone
2025-07-20 02:04:03.747000,7575728.0,CT0011000,Plainville,Racial Profile,50,25-9955,Case No.,2025-07-17 00:00:00,July,W,N,M,37,True,False, Plainville,Broad St,  ,  ,V,G,1.0,0,14-301,,False,N,False,False,V,2025-07-17 07:02:11,Verbal Warning,,,False,1.0,CT0011000,20250720020352000001,2025-07-17 07:02:11,07:02:11,2025,,,,2025,Stop Sign
2025-07-18 02:05:04.207000,7571315.0,CT0011000,Plainville,Racial Profile,50,25-9957,Case No.,2025-07-17 00:00:00,July,W,N,M,45,True,False, Plainville,Broad St,  ,  ,V,G,1.0,0,14-301,,False,N,False,False,V,2025-07-17 07:10:12,Verbal Warning,,,False,1.0,CT0011000,20250718020354000001,2025-07-17 07:10:12,07:10:12,2025,,,,2025,Stop Sign
2025-07-24 02:04:06.200000,7581181.0,CT0011000,Plainville,Racial Profile,50,25-9958,Case No.,2025-07-17 00:00:00,July,W,N,F,34,True,False, Plainville,Broad St,  ,  ,V,G,1.0,0,14-301,,False,N,False,False,V,2025-07-17 07:25:17,Verbal Warning,,,False,1.0,CT0011000,20250724020357000001,2025-07-17 07:25:17,07:25:17,2025,,,,2025,Stop Sign
2025-07-23 02:04:05.317000,7579849.0,CT0011000,Plainville,Racial Profile,50,25-9959,Case No.,2025-07-17 00:00:00,July,W,N,F,31,True,False, Plainville,Broad St,  ,  ,V,G,2.0,0,14-301,,False,N,False,False,I,2025-07-17 07:30:15,Infraction Ticket,,,False,1.0,CT0011000,20250723020354000001,2025-07-17 07:30:15,07:30:15,2025,,,,2025,Stop Sign
2025-07-19 02:04:11.173000,7574416.0,CT0011000,Plainville,Racial Profile,51,25-9968,Case No.,2025-07-17 00:00:00,July,W,N,M,67,True,False, Plainville,Broad St,  ,  ,V,G,1.0,0,14-301,,False,N,False,False,V,2025-07-17 10:54:35,Verbal Warning,,,False,1.0,CT0011000,20250719020359000001,2025-07-17 10:54:35,10:54:35,2025,,,,2025,Stop Sign
2025-07-21 02:04:18.173000,7577088.0,CT0011000,Plainville,Racial Profile,14,25-10008,Case No.,2025-07-18 00:00:00,July,W,H,F,43,True,False, Plainville,RT 72 East Bound,  ,  ,V,G,1.0,0,14-299,,False,N,False,False,I,2025-07-18 07:06:35,Infraction Ticket,,,False,1.0,CT0011000,20250721020408000001,2025-07-18 07:06:35,07:06:35,2025,,,,2025,Traffic Control Signal
2025-07-24 02:04:06.230000,7581188.0,CT0011000,Plainville,Racial Profile,30,25-10057,Case No.,2025-07-19 00:00:00,July,W,H,M,40,True,True, Plainville,Camp St,  ,  ,V,G,1.0,0,14-301,,False,N,False,False,V,2025-07-19 22:56:19,Verbal Warning,,,False,1.0,CT0011000,20250724020357000001,2025-07-19 22:56:19,22:56:19,2025,,,,2025,Stop Sign
2025-07-22 02:04:07.333000,7578506.0,CT0011000,Plainville,Racial Profile,30,25-10061,Case No.,2025-07-19 00:00:00,July,W,H,F,38,True,False, Plainville,North Washington St,  ,  ,V,G,1.0,0,14-301,,False,N,False,False,V,2025-07-19 23:44:03,Verbal Warning,,,False,1.0,CT0011000,20250722020356000001,2025-07-19 23:44:03,23:44:03,2025,,,,2025,Stop Sign
2025-07-24 02:04:06.227000,7581186.0,CT0011000,Plainville,Racial Profile,39,25-10047,Case No.,2025-07-19 00:00:00,July,W,N,F,28,True,True, Plainville,Hooker St,  ,  ,V,G,1.0,0,14-296aa(b1st,,False,N,False,False,V,2025-07-19 18:46:40,Verbal Warning,,,False,1.0,CT0011000,20250724020357000001,2025-07-19 18:46:40,18:46:40,2025,,,,2025,Cell Phone
2025-07-26 02:04:08.930000,7583801.0,CT0011000,Plainville,Racial Profile,51,25-10053,Case No.,2025-07-19 00:00:00,July,A,N,M,68,True,False, Plainville,Homestead Ave,  ,  ,V,G,1.0,0,14-213b,,False,N,False,False,V,2025-07-19 21:55:31,Verbal Warning,,,False,1.0,CT0011000,20250726020357000001,2025-07-19 21:55:31,21:55:31,2025,,,,2025,Administrative Offense
2025-07-25 02:04:48.663000,7582498.0,CT0011000,Plainville,Racial Profile,30,25-10062,Case No.,2025-07-20 00:00:00,July,W,H,F,53,True,False, Plainville,Camp St,  ,  ,V,G,1.0,0,14-301,,False,N,False,False,V,2025-07-20 00:44:36,Verbal Warning,,,False,1.0,CT0011000,20250725020358000001,2025-07-20 00:44:36,00:44:36,2025,,,,2025,Stop Sign
2025-07-23 02:04:05.357000,7579858.0,CT0011000,Plainville,Racial Profile,36,25-10086,Case No.,2025-07-20 00:00:00,July,W,H,M,28,True,False, Plainville,Granger Ln,  ,  ,V,G,1.0,0,14-147(c),,False,N,False,False,V,2025-07-20 13:54:56,Verbal Warning,,,False,1.0,CT0011000,20250723020354000001,2025-07-20 13:54:56,13:54:56,2025,,,,2025,Administrative Offense
2025-07-31 02:04:09.337000,7590469.0,CT0011000,Plainville,Racial Profile,12,25-10130,Case No.,2025-07-21 00:00:00,July,B,N,M,46,True,False, Plainville,New Britain Ave,  ,  ,E,G,1.0,0,14-18(a),,False,N,False,False,V,2025-07-21 13:27:31,Verbal Warning,,,False,1.0,CT0011000,20250731020359000001,2025-07-21 13:27:31,13:27:31,2025,,,,2025,Display of Plates
2025-07-31 02:04:09.340000,7590470.0,CT0011000,Plainville,Racial Profile,30,25-10144,Case No.,2025-07-21 00:00:00,July,W,N,F,21,True,False, Plainville,New Britain Ave,  ,  ,V,G,1.0,0,14-96a(a),,False,N,False,False,V,2025-07-21 21:07:23,Verbal Warning,,,False,1.0,CT0011000,20250731020359000001,2025-07-21 21:07:23,21:07:23,2025,,,,2025,Defective Lights
2025-07-29 02:04:11.157000,7587837.0,CT0011000,Plainville,Racial Profile,25,25-10163,Case No.,2025-07-22 00:00:00,July,W,H,F,21,True,True, Plainville,Shuttle Meadow Rd,  ,  ,V,G,1.0,0,14-299,,False,N,False,False,V,2025-07-22 09:58:24,Verbal Warning,,,False,1.0,CT0011000,20250729020400000001,2025-07-22 09:58:24,09:58:24,2025,,,,2025,Traffic Control Signal
2025-07-27 02:04:04.670000,7585138.0,CT0011000,Plainville,Racial Profile,14,25-10191,Case No.,2025-07-23 00:00:00,July,W,H,M,19,True,True, Plainville,Town Line Rd,  ,  ,E,G,1.0,0,14-36(a),,False,N,False,False,I,2025-07-23 03:20:50,Infraction Ticket,,,False,1.0,CT0011000,20250727020356000001,2025-07-23 03:20:50,03:20:50,2025,,,,2025,Unlicensed Operation
2025-07-24 02:04:06.263000,7581196.0,CT0011000,Plainville,Racial Profile,48,25-10195,Case No.,2025-07-23 00:00:00,July,B,N,M,36,True,False, Plainville,Northwest Dr,  ,  ,V,G,2.0,0,14-219,,False,N,False,False,I,2025-07-23 05:58:56,Infraction Ticket,,,False,1.0,CT0011000,20250724020357000001,2025-07-23 05:58:56,05:58:56,2025,14-36(a),,,2025,Speed Related
2025-07-26 02:04:09,7583814.0,CT0011000,Plainville,Racial Profile,48,25-10204,Case No.,2025-07-23 00:00:00,July,W,N,F,34,True,False, Plainville,New Britain Ave,  ,  ,V,G,1.0,0,14-296aa(b1st,,False,N,False,False,V,2025-07-23 07:35:30,Verbal Warning,,,False,1.0,CT0011000,20250726020357000001,2025-07-23 07:35:30,07:35:30,2025,,,,2025,Cell Phone
2025-07-27 02:04:04.673000,7585140.0,CT0011000,Plainville,Racial Profile,50,25-10198,Case No.,2025-07-23 00:00:00,July,W,N,M,55,True,False, Plainville,Bohemia St,  ,  ,V,G,1.0,0,14-301,,False,N,False,False,V,2025-07-23 06:28:16,Verbal Warning,,,False,1.0,CT0011000,20250727020356000001,2025-07-23 06:28:16,06:28:16,2025,,,,2025,Stop Sign
2025-08-01 02:05:04.100000,7591810.0,CT0011000,Plainville,Racial Profile,50,25-10199,Case No.,2025-07-23 00:00:00,July,W,N,M,62,True,True, Plainville,Broad St,  ,  ,V,G,1.0,0,14-301,,False,N,False,False,V,2025-07-23 06:42:05,Verbal Warning,,,False,1.0,CT0011000,20250801020359000001,2025-07-23 06:42:05,06:42:05,2025,,,,2025,Stop Sign
2025-08-05 02:04:18.837000,7597944.0,CT0011000,Plainville,Racial Profile,50,25-10202,Case No.,2025-07-23 00:00:00,July,W,N,F,54,True,True, Plainville,Broad St,  ,  ,V,G,1.0,0,14-301,,False,N,False,False,V,2025-07-23 06:56:40,Verbal Warning,,,False,1.0,CT0011000,20250805020408000001,2025-07-23 06:56:40,06:56:40,2025,,,,2025,Stop Sign
2025-07-31 02:04:09.357000,7590478.0,CT0011000,Plainville,Racial Profile,51,25-10215,Case No.,2025-07-23 00:00:00,July,W,N,M,61,True,False, Plainville,Broad St,  ,  ,V,G,1.0,0,14-301,,False,N,False,False,V,2025-07-23 11:57:18,Verbal Warning,,,False,1.0,CT0011000,20250731020359000001,2025-07-23 11:57:18,11:57:18,2025,,,,2025,Stop Sign
2025-07-31 02:04:09.360000,7590480.0,CT0011000,Plainville,Racial Profile,45,25-10241,Case No.,2025-07-24 00:00:00,July,W,N,F,65,True,False, Plainville,Pinnacle Rd,  ,  ,V,G,1.0,0,14-301,,False,N,False,False,V,2025-07-24 07:16:07,Verbal Warning,,,False,1.0,CT0011000,20250731020359000001,2025-07-24 07:16:07,07:16:07,2025,,,,2025,Stop Sign
2025-08-02 02:04:16.623000,7593829.0,CT0011000,Plainville,Racial Profile,46,25-10239,Case No.,2025-07-24 00:00:00,July,W,N,M,57,True,False, Plainville,Broad St,  ,  ,V,G,1.0,0,14-301,,False,N,False,False,V,2025-07-24 06:59:37,Verbal Warning,,,False,1.0,CT0011000,20250802020405000001,2025-07-24 06:59:37,06:59:37,2025,,,,2025,Stop Sign
2025-07-31 02:04:09.363000,7590481.0,CT0011000,Plainville,Racial Profile,50,25-10244,Case No.,2025-07-24 00:00:00,July,W,N,M,49,False,False, Plainville,Stillwell Dr,  ,  ,V,G,1.0,0,14-301,,False,N,False,False,V,2025-07-24 07:26:31,Verbal Warning,,,False,1.0,CT0011000,20250731020359000001,2025-07-24 07:26:31,07:26:31,2025,,,,2025,Stop Sign
2025-07-27 02:04:04.690000,7585146.0,CT0011000,Plainville,Racial Profile,50,25-10245,Case No.,2025-07-24 00:00:00,July,W,N,M,37,True,False, Plainville,Park St,  ,  ,V,G,1.0,0,14-301,,False,N,False,False,V,2025-07-24 07:38:04,Verbal Warning,,,False,1.0,CT0011000,20250727020356000001,2025-07-24 07:38:04,07:38:04,2025,,,,2025,Stop Sign
2025-07-26 02:04:09.013000,7583817.0,CT0011000,Plainville,Racial Profile,14,25-10298,Case No.,2025-07-25 00:00:00,July,W,N,M,58,True,True, Plainville,East St,  ,  ,I,G,1.0,0,53a-181,,False,N,False,False,V,2025-07-25 01:16:50,Verbal Warning,,,False,1.0,CT0011000,20250726020357000001,2025-07-25 01:16:50,01:16:50,2025,,,,2025,Other
2025-07-31 02:04:09.370000,7590484.0,CT0011000,Plainville,Racial Profile,14,25-10309,Case No.,2025-07-25 00:00:00,July,W,M,M,43,True,False, Plainville,Broad St,  ,  ,V,G,1.0,0,14-301,,False,N,False,False,V,2025-07-25 06:46:04,Verbal Warning,,,False,1.0,CT0011000,20250731020359000001,2025-07-25 06:46:04,06:46:04,2025,,,,2025,Stop Sign
2025-07-26 02:04:09.020000,7583819.0,CT0011000,Plainville,Racial Profile,35,25-10340,Case No.,2025-07-25 00:00:00,July,W,H,F,20,True,False, Plainville,New Britain Ave,  ,  ,V,B,1.0,0,14-96b,,False,N,False,False,V,2025-07-25 22:34:17,Verbal Warning,,,False,1.0,CT0011000,20250726020357000001,2025-07-25 22:34:17,22:34:17,2025,,,,2025,Defective Lights
2025-07-30 02:04:12.460000,7589168.0,CT0011000,Plainville,Racial Profile,40,25-10312,Case No.,2025-07-25 00:00:00,July,W,N,M,29,True,True, Plainville,Arcadia Ave,  ,  ,V,G,1.0,0,14-301,,False,N,False,False,V,2025-07-25 07:22:00,Verbal Warning,,,False,1.0,CT0011000,20250730020402000001,2025-07-25 07:22:00,07:22:00,2025,,,,2025,Stop Sign
2025-08-06 02:04:10.033000,7599304.0,CT0011000,Plainville,Racial Profile,51,25-10377,Case No.,2025-07-26 00:00:00,July,W,N,M,29,True,False, Plainville,Broad St,  ,  ,V,G,1.0,0,14-301,,False,N,False,False,V,2025-07-26 19:38:05,Verbal Warning,,,False,1.0,CT0011000,20250806020359000001,2025-07-26 19:38:05,19:38:05,2025,,,,2025,Stop Sign
2025-08-02 02:04:16.667000,7593837.0,CT0011000,Plainville,Racial Profile,34,25-10419,Case No.,2025-07-27 00:00:00,July,W,M,M,57,True,False, Plainville,North Washington St,  ,  ,V,B,1.0,0,14-241,,False,N,False,False,V,2025-07-27 17:30:38,Verbal Warning,,,False,1.0,CT0011000,20250802020405000001,2025-07-27 17:30:38,17:30:38,2025,,,,2025,Moving Violation
2025-08-01 02:05:04.170000,7591823.0,CT0011000,Plainville,Racial Profile,53,25-10428,Case No.,2025-07-27 00:00:00,July,W,N,F,40,True,True, Plainville,Camp St,  ,  ,E,G,1.0,1,14-96c,,False,N,False,False,V,2025-07-27 21:01:11,Verbal Warning,,,False,1.0,CT0011000,20250801020359000001,2025-07-27 21:01:11,21:01:11,2025,,,,2025,Defective Lights
2025-08-04 02:04:09.763000,7596567.0,CT0011000,Plainville,Racial Profile,34,25-10477,Case No.,2025-07-28 00:00:00,July,W,H,M,57,True,True, Plainville,West Main St,  ,  ,E,B,1.0,0,14-96a(a),,False,N,False,False,V,2025-07-28 21:46:19,Verbal Warning,,,False,1.0,CT0011000,20250804020358000001,2025-07-28 21:46:19,21:46:19,2025,,,,2025,Defective Lights
2025-07-30 02:04:12.480000,7589176.0,CT0011000,Plainville,Racial Profile,35,25-10529,Case No.,2025-07-29 00:00:00,July,W,M,M,47,False,False, Plainville,Farmington Ave,  ,  ,V,G,1.0,0,14-239(a),,False,N,False,False,I,2025-07-29 19:20:34,Infraction Ticket,,,False,1.0,CT0011000,20250730020402000001,2025-07-29 19:20:34,19:20:34,2025,,,,2025,Moving Violation
2025-08-03 02:04:10.687000,7595174.0,CT0011000,Plainville,Racial Profile,37,25-10535,Case No.,2025-07-29 00:00:00,July,B,N,F,41,True,False, Plainville,Bradley St,  ,  ,V,G,1.0,0,14-299,,False,N,False,False,I,2025-07-29 23:27:23,Infraction Ticket,,,False,1.0,CT0011000,20250803020400000001,2025-07-29 23:27:23,23:27:23,2025,14-246a,,,2025,Traffic Control Signal
2025-07-31 02:04:09.380000,7590489.0,CT0011000,Plainville,Racial Profile,46,25-10486,Case No.,2025-07-29 00:00:00,July,W,N,F,48,True,False, Plainville,Crooked St,  ,  ,E,G,1.0,0,14-96a(a),,False,N,False,False,V,2025-07-29 01:46:54,Verbal Warning,,,False,1.0,CT0011000,20250731020359000001,2025-07-29 01:46:54,01:46:54,2025,,,,2025,Defective Lights
2025-08-01 02:05:04.210000,7591827.0,CT0011000,Plainville,Racial Profile,50,25-10495,Case No.,2025-07-29 00:00:00,July,W,N,M,31,True,False, Plainville,East Broad St,  ,  ,V,G,1.0,0,14-301,,False,N,False,False,V,2025-07-29 06:50:55,Verbal Warning,,,False,2.0,CT0011000,20250801020359000001,2025-07-29 06:50:55,06:50:55,2025,,,,2025,Stop Sign
2025-07-30 02:04:12.473000,7589174.0,CT0011000,Plainville,Racial Profile,50,25-10496,Case No.,2025-07-29 00:00:00,July,W,N,M,68,True,True, Plainville,Broad St,  ,  ,V,G,1.0,0,14-301,,False,N,False,False,V,2025-07-29 06:56:22,Verbal Warning,,,False,1.0,CT0011000,20250730020402000001,2025-07-29 06:56:22,06:56:22,2025,,,,2025,Stop Sign
2025-08-01 02:05:04.220000,7591829.0,CT0011000,Plainville,Racial Profile,50,25-10498,Case No.,2025-07-29 00:00:00,July,W,N,F,25,True,False, Plainville,Broad St,  ,  ,V,G,1.0,0,14-301,,False,N,False,False,V,2025-07-29 07:07:54,Verbal Warning,,,False,1.0,CT0011000,20250801020359000001,2025-07-29 07:07:54,07:07:54,2025,,,,2025,Stop Sign
2025-08-05 02:04:18.900000,7597966.0,CT0011000,Plainville,Racial Profile,37,25-10568,Case No.,2025-07-30 00:00:00,July,W,N,M,58,True,False, Plainville,Whiting St,  ,  ,V,G,1.0,0,14-296aa(f1st,,False,N,False,False,V,2025-07-30 17:07:29,Verbal Warning,,,False,1.0,CT0011000,20250805020408000001,2025-07-30 17:07:29,17:07:29,2025,,,,2025,Cell Phone
2025-08-05 02:04:18.903000,7597967.0,CT0011000,Plainville,Racial Profile,39,25-10577,Case No.,2025-07-30 00:00:00,July,W,H,M,52,True,True, Plainville,West Main St,  ,  ,E,G,2.0,1,14-80(b),,False,N,False,False,M,2025-07-30 23:01:53,Misdemeanor Summons,,,False,1.0,CT0011000,20250805020408000001,2025-07-30 23:01:53,23:01:53,2025,14-215a,,,2025,Equipment Violation
2025-08-03 02:04:10.707000,7595178.0,CT0011000,Plainville,Racial Profile,36,25-10632,Case No.,2025-08-01 00:00:00,August,W,N,M,61,True,False, Plainville,North Washington St,  ,  ,V,G,1.0,0,14-243(b),,False,N,False,False,N,2025-08-01 09:45:35,No Disposition,,,False,1.0,CT0011000,20250803020400000001,2025-08-01 09:45:35,09:45:35,2025,,,,2025,Moving Violation
2025-08-03 02:04:10.710000,7595179.0,CT0011000,Plainville,Racial Profile,53,25-10663,Case No.,2025-08-01 00:00:00,August,W,H,M,43,True,False, Plainville,East St,  ,  ,E,G,1.0,0,14-18(a),,False,N,False,False,V,2025-08-01 23:28:17,Verbal Warning,,,False,1.0,CT0011000,20250803020400000001,2025-08-01 23:28:17,23:28:17,2025,,,,2025,Display of Plates
2025-08-14 02:04:21.617000,7610827.0,CT0011000,Plainville,Racial Profile,53,25-10664,Case No.,2025-08-01 00:00:00,August,W,H,M,23,True,False, Plainville,Stillwell Dr,  ,  ,E,B,3.0,1,14-101,,False,N,False,False,M,2025-08-01 23:39:15,Misdemeanor Summons,,,False,1.0,CT0011000,20250814020409000001,2025-08-01 23:39:15,23:39:15,2025,53a-213,,,2025,Moving Violation
2025-08-16 02:04:20.297000,7651134.0,CT0011000,Plainville,Racial Profile,34,25-10701,Case No.,2025-08-02 00:00:00,August,W,N,F,23,True,True, Plainville,New Britain Ave,  ,  ,E,B,2.0,0,14-96a(a),,False,N,False,False,V,2025-08-02 20:47:56,Verbal Warning,,,False,1.0,CT0011000,20250816020408000001,2025-08-02 20:47:56,20:47:56,2025,,,,2025,Defective Lights
2025-08-04 02:04:09.830000,7596582.0,CT0011000,Plainville,Racial Profile,43,25-10696,Case No.,2025-08-02 00:00:00,August,W,N,M,37,True,False, Plainville,New Britain Ave,  ,  ,V,G,2.0,0,14-296aa(b1st,,False,N,False,False,I,2025-08-02 18:54:38,Infraction Ticket,,,False,1.0,CT0011000,20250804020358000001,2025-08-02 18:54:38,18:54:38,2025,,,,2025,Cell Phone
2025-08-09 02:04:09.630000,7603442.0,CT0011000,Plainville,Racial Profile,51,25-10697,Case No.,2025-08-02 00:00:00,August,W,N,F,50,True,True, Plainville,East St,  ,  ,V,G,1.0,0,14-296aa(b1st,,False,N,False,False,V,2025-08-02 19:01:30,Verbal Warning,,,False,1.0,CT0011000,20250809020358000001,2025-08-02 19:01:30,19:01:30,2025,,,,2025,Cell Phone
2025-08-03 02:04:10.710000,7595180.0,CT0011000,Plainville,Racial Profile,7,25-10693,Case No.,2025-08-02 00:00:00,August,W,N,M,70,True,False, Plainville,Whiting St,  ,  ,V,G,1.0,0,14-218a,,False,N,False,False,V,2025-08-02 18:16:04,Verbal Warning,,,False,1.0,CT0011000,20250803020400000001,2025-08-02 18:16:04,18:16:04,2025,,,,2025,Speed Related
2025-08-05 02:04:18.917000,7597972.0,CT0011000,Plainville,Racial Profile,7,25-10695,Case No.,2025-08-02 00:00:00,August,W,N,M,46,True,True, Plainville,Whiting St,  ,  ,V,G,1.0,0,14-218a,,False,N,False,False,V,2025-08-02 18:37:04,Verbal Warning,,,False,1.0,CT0011000,20250805020408000001,2025-08-02 18:37:04,18:37:04,2025,,,,2025,Speed Related
2025-08-04 02:04:09.833000,7596584.0,CT0011000,Plainville,Racial Profile,14,25-10716,Case No.,2025-08-03 00:00:00,August,W,N,M,63,True,False, Plainville,East St,  ,  ,V,G,2.0,0,14-230(a),,False,N,False,False,M,2025-08-03 03:18:21,Misdemeanor Summons,,,False,1.0,CT0011000,20250804020358000001,2025-08-03 03:18:21,03:18:21,2025,,,,2025,Moving Violation
2025-08-07 02:04:09.827000,7600696.0,CT0011000,Plainville,Racial Profile,37,25-10724,Case No.,2025-08-03 00:00:00,August,W,N,F,0,True,False, Plainville,East Main St,  ,  ,V,G,1.0,0,14-299,,False,N,False,False,V,2025-08-03 11:34:28,Verbal Warning,,,False,1.0,CT0011000,20250807020400000001,2025-08-03 11:34:28,11:34:28,2025,,,,2025,Traffic Control Signal
2025-08-05 02:04:18.943000,7597981.0,CT0011000,Plainville,Racial Profile,33,25-10784,Case No.,2025-08-04 00:00:00,August,W,N,M,71,True,True, Plainville,Laurel Ct,  ,  ,V,S,1.0,0,14-301,,False,N,False,False,V,2025-08-04 11:41:24,Verbal Warning,,,False,1.0,CT0011000,20250805020408000001,2025-08-04 11:41:24,11:41:24,2025,,,,2025,Stop Sign
2025-08-06 02:04:10.147000,7599332.0,CT0011000,Plainville,Racial Profile,33,25-10785,Case No.,2025-08-04 00:00:00,August,W,N,F,61,True,True, Plainville,Diamond Ave,  ,  ,V,S,1.0,0,14-301,,False,N,False,False,V,2025-08-04 11:52:18,Verbal Warning,,,False,1.0,CT0011000,20250806020359000001,2025-08-04 11:52:18,11:52:18,2025,14-296aa(b1st,,,2025,Stop Sign
2025-08-15 02:04:26.397000,7628720.0,CT0011000,Plainville,Racial Profile,40,25-10766,Case No.,2025-08-04 00:00:00,August,B,N,M,52,True,False, Plainville,Arcadia Ave,  ,  ,V,G,1.0,0,14-301,,False,N,False,False,V,2025-08-04 07:09:40,Verbal Warning,,,False,1.0,CT0011000,20250815020407000001,2025-08-04 07:09:40,07:09:40,2025,,,,2025,Stop Sign
2025-08-15 02:04:26.407000,7628721.0,CT0011000,Plainville,Racial Profile,49,25-10771,Case No.,2025-08-04 00:00:00,August,W,N,F,37,True,True, Plainville,Arcadia Ave,  ,  ,V,G,1.0,0,14-301,,False,N,False,False,V,2025-08-04 10:09:32,Verbal Warning,,,False,1.0,CT0011000,20250815020407000001,2025-08-04 10:09:32,10:09:32,2025,,,,2025,Stop Sign
2025-08-05 02:04:18.937000,7597978.0,CT0011000,Plainville,Racial Profile,51,25-10779,Case No.,2025-08-04 00:00:00,August,W,N,F,71,True,True, Plainville,Broad St,  ,  ,V,G,3.0,0,14-301,,False,N,False,False,V,2025-08-04 11:23:17,Verbal Warning,,,False,1.0,CT0011000,20250805020408000001,2025-08-04 11:23:17,11:23:17,2025,,,,2025,Stop Sign
2025-08-05 02:04:18.940000,7597979.0,CT0011000,Plainville,Racial Profile,51,25-10780,Case No.,2025-08-04 00:00:00,August,W,N,M,83,True,False, Plainville,Broad St,  ,  ,V,G,3.0,0,14-301,,False,N,False,False,V,2025-08-04 11:28:20,Verbal Warning,,,False,1.0,CT0011000,20250805020408000001,2025-08-04 11:28:20,11:28:20,2025,,,,2025,Stop Sign
2025-08-15 02:04:26.437000,7628724.0,CT0011000,Plainville,Racial Profile,51,25-10781,Case No.,2025-08-04 00:00:00,August,W,N,F,35,True,False, Plainville,Broad St,  ,  ,V,G,3.0,0,14-301,,False,N,False,False,V,2025-08-04 11:33:10,Verbal Warning,,,False,1.0,CT0011000,20250815020407000001,2025-08-04 11:33:10,11:33:10,2025,,,,2025,Stop Sign
2025-08-09 02:04:09.670000,7603452.0,CT0011000,Plainville,Racial Profile,51,25-10802,Case No.,2025-08-04 00:00:00,August,W,N,F,52,True,True, Plainville,Whiting St,  ,  ,V,G,3.0,0,14-299,,False,N,False,False,V,2025-08-04 20:36:40,Verbal Warning,,,False,1.0,CT0011000,20250809020358000001,2025-08-04 20:36:40,20:36:40,2025,,,,2025,Traffic Control Signal
2025-08-12 02:04:17.430000,7607584.0,CT0011000,Plainville,Racial Profile,37,25-10846,Case No.,2025-08-05 00:00:00,August,W,N,M,42,True,True, Plainville,Milford St Ext,  ,  ,V,G,1.0,0,14-218a,,False,N,False,False,W,2025-08-05 17:06:37,Written Ticket,,,False,1.0,CT0011000,20250812020405000001,2025-08-05 17:06:37,17:06:37,2025,,,,2025,Speed Related
2025-08-14 02:04:21.673000,7610844.0,CT0011000,Plainville,Racial Profile,7,25-10850,Case No.,2025-08-05 00:00:00,August,W,N,F,29,True,True, Plainville,East St,  ,  ,V,G,1.0,0,14-301,,False,N,False,False,V,2025-08-05 18:47:51,Verbal Warning,,,False,1.0,CT0011000,20250814020409000001,2025-08-05 18:47:51,18:47:51,2025,,,,2025,Stop Sign
2025-08-19 02:04:21.190000,7658061.0,CT0011000,Plainville,Racial Profile,7,25-10852,Case No.,2025-08-05 00:00:00,August,W,N,F,34,True,False, Plainville,Broad St,  ,  ,V,G,1.0,0,14-299,,False,N,False,False,V,2025-08-05 19:25:37,Verbal Warning,,,False,1.0,CT0011000,20250819020410000001,2025-08-05 19:25:37,19:25:37,2025,,,,2025,Traffic Control Signal
2025-08-11 02:04:15.887000,7606180.0,CT0011000,Plainville,Racial Profile,50,25-10867,Case No.,2025-08-06 00:00:00,August,W,N,M,23,True,False, Plainville,Cooke St,  ,  ,V,G,1.0,0,14-219,,False,N,False,False,V,2025-08-06 02:25:16,Verbal Warning,,,False,1.0,CT0011000,20250811020403000001,2025-08-06 02:25:16,02:25:16,2025,,,,2025,Speed Related
2025-08-11 02:04:15.890000,7606181.0,CT0011000,Plainville,Racial Profile,30,25-10902,Case No.,2025-08-07 00:00:00,August,W,N,M,40,True,True, Plainville,New Britain Ave,  ,  ,E,G,1.0,0,14-96c,,False,N,False,False,V,2025-08-07 07:04:06,Verbal Warning,,,False,1.0,CT0011000,20250811020403000001,2025-08-07 07:04:06,07:04:06,2025,,,,2025,Defective Lights
2025-08-13 02:05:18.627000,7608949.0,CT0011000,Plainville,Racial Profile,36,25-10908,Case No.,2025-08-07 00:00:00,August,W,N,M,24,True,False, Plainville,Northwest Dr,  ,  ,V,B,1.0,0,14-219,,False,N,False,False,I,2025-08-07 10:17:13,Infraction Ticket,,,False,1.0,CT0011000,20250813020455000001,2025-08-07 10:17:13,10:17:13,2025,,,,2025,Speed Related
2025-08-13 02:05:18.630000,7608950.0,CT0011000,Plainville,Racial Profile,43,25-10978,Case No.,2025-08-08 00:00:00,August,W,N,F,77,True,False, Plainville,East St,  ,  ,V,G,1.0,0,14-299,,False,N,False,False,V,2025-08-08 18:33:39,Verbal Warning,,,False,1.0,CT0011000,20250813020455000001,2025-08-08 18:33:39,18:33:39,2025,,,,2025,Traffic Control Signal
2025-08-16 02:04:20.380000,7651151.0,CT0011000,Plainville,Racial Profile,51,25-10967,Case No.,2025-08-08 00:00:00,August,W,N,M,67,True,False, Plainville,Newton Ave,  ,  ,V,G,1.0,0,14-301,,False,N,False,False,V,2025-08-08 17:22:38,Verbal Warning,,,False,1.0,CT0011000,20250816020408000001,2025-08-08 17:22:38,17:22:38,2025,,,,2025,Stop Sign
2025-08-16 02:04:20.390000,7651152.0,CT0011000,Plainville,Racial Profile,51,25-10973,Case No.,2025-08-08 00:00:00,August,W,N,F,53,True,False, Plainville,Newton Ave,  ,  ,V,G,1.0,0,14-301,,False,N,False,False,V,2025-08-08 17:38:35,Verbal Warning,,,False,1.0,CT0011000,20250816020408000001,2025-08-08 17:38:35,17:38:35,2025,,,,2025,Stop Sign
2025-08-19 02:04:21.200000,7658067.0,CT0011000,Plainville,Racial Profile,51,25-10976,Case No.,2025-08-08 00:00:00,August,W,N,F,21,True,False, Plainville,Park St,  ,  ,V,G,1.0,0,14-301,,False,N,False,False,V,2025-08-08 17:51:22,Verbal Warning,,,False,1.0,CT0011000,20250819020410000001,2025-08-08 17:51:22,17:51:22,2025,,,,2025,Stop Sign
2025-08-16 02:04:20.423000,7651155.0,CT0011000,Plainville,Racial Profile,51,25-10992,Case No.,2025-08-08 00:00:00,August,W,N,M,64,True,True, Plainville,Woodford Ave,  ,  ,V,G,1.0,0,14-96a(a),,False,N,False,False,V,2025-08-08 23:19:33,Verbal Warning,,,False,1.0,CT0011000,20250816020408000001,2025-08-08 23:19:33,23:19:33,2025,,,,2025,Defective Lights
2025-08-14 02:04:21.690000,7610852.0,CT0011000,Plainville,Racial Profile,50,25-11022,Case No.,2025-08-09 00:00:00,August,W,N,M,53,True,False, Plainville,Unionville Ave,  ,  ,V,G,1.0,0,14-241,,False,N,False,False,V,2025-08-09 12:27:04,Verbal Warning,,,False,1.0,CT0011000,20250814020409000001,2025-08-09 12:27:04,12:27:04,2025,,,,2025,Moving Violation
2025-08-20 02:04:19.640000,7659455.0,CT0011000,Plainville,Racial Profile,52,25-11017,Case No.,2025-08-09 00:00:00,August,W,H,M,21,True,False, Plainville,LINDEN ST,  ,  ,V,B,1.0,0,14-219,,False,N,False,False,V,2025-08-09 11:09:28,Verbal Warning,,,False,1.0,CT0011000,20250820020409000001,2025-08-09 11:09:28,11:09:28,2025,,,,2025,Speed Related
2025-08-14 02:04:21.687000,7610851.0,CT0011000,Plainville,Racial Profile,52,25-11018,Case No.,2025-08-09 00:00:00,August,W,N,M,56,True,False, Plainville,New Britain Ave,  ,  ,V,B,1.0,0,14-296aa(b1st,,False,N,False,False,V,2025-08-09 11:17:16,Verbal Warning,,,False,1.0,CT0011000,20250814020409000001,2025-08-09 11:17:16,11:17:16,2025,,,,2025,Cell Phone
2025-08-13 02:05:18.640000,7608954.0,CT0011000,Plainville,Racial Profile,52,25-11027,Case No.,2025-08-09 00:00:00,August,W,N,F,24,True,False, Plainville,West Main St,  ,  ,V,B,1.0,0,14-241,,False,N,False,False,V,2025-08-09 15:48:54,Verbal Warning,,,False,1.0,CT0011000,20250813020455000001,2025-08-09 15:48:54,15:48:54,2025,,,,2025,Moving Violation
2025-08-21 02:04:22.740000,7660856.0,CT0011000,Plainville,Racial Profile,50,25-11045,Case No.,2025-08-10 00:00:00,August,W,N,M,52,True,False, Plainville,South Washington St,  ,  ,V,G,1.0,0,14-96c,,False,N,False,False,V,2025-08-10 00:31:05,Verbal Warning,,,False,1.0,CT0011000,20250821020410000001,2025-08-10 00:31:05,00:31:05,2025,,,,2025,Defective Lights
2025-08-12 02:04:17.453000,7607593.0,CT0011000,Plainville,Racial Profile,40,25-11071,Case No.,2025-08-11 00:00:00,August,W,N,M,28,True,True, Plainville,East Main St,  ,  ,V,G,1.0,0,14-96b,,False,N,False,False,V,2025-08-11 01:28:15,Verbal Warning,,,False,1.0,CT0011000,20250812020405000001,2025-08-11 01:28:15,01:28:15,2025,,,,2025,Defective Lights
2025-08-18 02:04:18.367000,7655922.0,CT0011000,Plainville,Racial Profile,43,25-11111,Case No.,2025-08-11 00:00:00,August,W,N,F,40,True,False, Plainville,Broad St,  ,  ,V,G,1.0,0,14-311b,,False,N,False,False,V,2025-08-11 18:54:30,Verbal Warning,,,False,1.0,CT0011000,20250818020407000001,2025-08-11 18:54:30,18:54:30,2025,,,,2025,Other
2025-08-19 02:04:21.223000,7658076.0,CT0011000,Plainville,Racial Profile,50,25-11091,Case No.,2025-08-11 00:00:00,August,W,N,F,44,True,False, Plainville,New Britain Ave,  ,  ,V,G,1.0,0,14-241,,False,N,False,False,V,2025-08-11 11:27:13,Verbal Warning,,,False,1.0,CT0011000,20250819020410000001,2025-08-11 11:27:13,11:27:13,2025,,,,2025,Moving Violation
2025-08-14 02:04:21.700000,7610857.0,CT0011000,Plainville,Racial Profile,53,25-11114,Case No.,2025-08-11 00:00:00,August,W,N,M,43,True,True, Plainville,Usher Ave,  ,  ,E,B,1.0,1,14-96a(a),,False,N,False,False,V,2025-08-11 22:50:08,Verbal Warning,,,False,1.0,CT0011000,20250814020409000001,2025-08-11 22:50:08,22:50:08,2025,,,,2025,Defective Lights
2025-08-15 02:04:26.810000,7628745.0,CT0011000,Plainville,Racial Profile,37,25-11156,Case No.,2025-08-12 00:00:00,August,W,N,M,38,True,False, Plainville,Camp St,  ,  ,V,G,1.0,0,14-301,,False,N,False,False,W,2025-08-12 19:03:58,Written Ticket,,,False,1.0,CT0011000,20250815020407000001,2025-08-12 19:03:58,19:03:58,2025,,,,2025,Stop Sign
2025-08-19 02:04:21.240000,7658082.0,CT0011000,Plainville,Racial Profile,37,25-11159,Case No.,2025-08-12 00:00:00,August,W,N,F,23,True,False, Plainville,Broad St,  ,  ,V,G,1.0,0,14-301,,False,N,False,False,W,2025-08-12 19:47:02,Written Ticket,,,False,1.0,CT0011000,20250819020410000001,2025-08-12 19:47:02,19:47:02,2025,,,,2025,Stop Sign
2025-08-13 02:05:18.657000,7608959.0,CT0011000,Plainville,Racial Profile,52,25-11130,Case No.,2025-08-12 00:00:00,August,W,N,M,54,True,True, Plainville,Farmington Ave,  ,  ,V,B,1.0,0,14-296aa(b1st,,False,N,False,False,V,2025-08-12 10:43:27,Verbal Warning,,,False,1.0,CT0011000,20250813020455000001,2025-08-12 10:43:27,10:43:27,2025,,,,2025,Cell Phone
2025-08-19 02:04:21.237000,7658080.0,CT0011000,Plainville,Racial Profile,52,25-11132,Case No.,2025-08-12 00:00:00,August,W,N,M,58,True,False, Plainville,Hooker St,  ,  ,V,B,1.0,0,14-299,,False,N,False,False,V,2025-08-12 10:52:30,Verbal Warning,,,False,1.0,CT0011000,20250819020410000001,2025-08-12 10:52:30,10:52:30,2025,,,,2025,Traffic Control Signal
2025-08-13 02:05:18.670000,7608963.0,CT0011000,Plainville,Racial Profile,53,25-11160,Case No.,2025-08-12 00:00:00,August,W,N,F,54,True,False, Plainville,Pickney Ave,  ,  ,V,G,2.0,1,14-301,,False,N,False,False,I,2025-08-12 19:59:47,Infraction Ticket,,,False,1.0,CT0011000,20250813020455000001,2025-08-12 19:59:47,19:59:47,2025,14-213b,,,2025,Stop Sign
2025-08-16 02:04:20.507000,7651172.0,CT0011000,Plainville,Racial Profile,27,25-11202,Case No.,2025-08-13 00:00:00,August,W,N,M,29,True,True, Plainville,Arcadia Ave,  ,  ,V,G,1.0,0,14-301,,False,N,False,False,V,2025-08-13 16:26:42,Verbal Warning,,,False,1.0,CT0011000,20250816020408000001,2025-08-13 16:26:42,16:26:42,2025,,,,2025,Stop Sign
2025-08-17 02:04:17.890000,7653820.0,CT0011000,Plainville,Racial Profile,27,25-11204,Case No.,2025-08-13 00:00:00,August,W,N,M,46,True,False, Plainville,Arcadia Ave,  ,  ,V,G,1.0,0,14-301,,False,N,False,False,V,2025-08-13 16:40:51,Verbal Warning,,,False,1.0,CT0011000,20250817020407000001,2025-08-13 16:40:51,16:40:51,2025,,,,2025,Stop Sign
2025-08-20 02:04:19.680000,7659469.0,CT0011000,Plainville,Racial Profile,52,25-11194,Case No.,2025-08-13 00:00:00,August,W,N,M,63,True,False, Plainville,Northwest Dr,  ,  ,V,B,1.0,0,14-218a,,False,N,False,False,I,2025-08-13 12:49:13,Infraction Ticket,,,False,1.0,CT0011000,20250820020409000001,2025-08-13 12:49:13,12:49:13,2025,,,,2025,Speed Related
2025-08-14 02:04:21.720000,7610864.0,CT0011000,Plainville,Racial Profile,52,25-11197,Case No.,2025-08-13 00:00:00,August,W,N,M,35,True,False, Plainville,Northwest Dr,  ,  ,V,B,2.0,1,14-218a,,False,N,False,False,I,2025-08-13 13:55:02,Infraction Ticket,,,False,1.0,CT0011000,20250814020409000001,2025-08-13 13:55:02,13:55:02,2025,14-147(c),,,2025,Speed Related
2025-08-15 02:04:26.873000,7628752.0,CT0011000,Plainville,Racial Profile,53,25-11208,Case No.,2025-08-13 00:00:00,August,W,H,M,47,True,True, Plainville,Park St,  ,  ,V,G,1.0,0,14-301,,False,N,False,False,V,2025-08-13 17:51:45,Verbal Warning,,,False,1.0,CT0011000,20250815020407000001,2025-08-13 17:51:45,17:51:45,2025,,,,2025,Stop Sign
2025-08-15 02:04:26.880000,7628753.0,CT0011000,Plainville,Racial Profile,40,25-11233,Case No.,2025-08-14 00:00:00,August,A,N,M,37,True,True, Plainville,Arcadia Ave,  ,  ,V,G,1.0,0,14-301,,False,N,False,False,V,2025-08-14 07:00:32,Verbal Warning,,,False,1.0,CT0011000,20250815020407000001,2025-08-14 07:00:32,07:00:32,2025,,,,2025,Stop Sign
2025-08-19 02:04:21.263000,7658090.0,CT0011000,Plainville,Racial Profile,40,25-11234,Case No.,2025-08-14 00:00:00,August,W,N,M,39,True,True, Plainville,Arcadia Ave,  ,  ,V,G,1.0,0,14-301,,False,N,False,False,V,2025-08-14 07:06:27,Verbal Warning,,,False,1.0,CT0011000,20250819020410000001,2025-08-14 07:06:27,07:06:27,2025,,,,2025,Stop Sign
2025-08-24 02:04:27.080000,7665137.0,CT0011000,Plainville,Racial Profile,43,25-11257,Case No.,2025-08-14 00:00:00,August,B,N,F,0,True,False, Plainville,East Main St,  ,  ,V,G,1.0,0,14-299,,False,N,False,False,V,2025-08-14 17:04:16,Verbal Warning,,,False,1.0,CT0011000,20250824020415000001,2025-08-14 17:04:16,17:04:16,2025,,,,2025,Traffic Control Signal
2025-08-23 02:04:28.303000,7663704.0,CT0011000,Plainville,Racial Profile,45,25-11235,Case No.,2025-08-14 00:00:00,August,W,N,F,45,True,True, Plainville,Pinnacle Rd,  ,  ,V,G,1.0,0,14-301,,False,N,False,False,V,2025-08-14 07:11:57,Verbal Warning,,,False,1.0,CT0011000,20250823020414000001,2025-08-14 07:11:57,07:11:57,2025,,,,2025,Stop Sign
2025-08-19 02:04:21.270000,7658093.0,CT0011000,Plainville,Racial Profile,51,25-11314,Case No.,2025-08-15 00:00:00,August,W,N,F,33,True,False, Plainville,Metacomet Rd,  ,  ,V,G,1.0,0,14-301,,False,N,False,False,V,2025-08-15 10:24:33,Verbal Warning,,,False,1.0,CT0011000,20250819020410000001,2025-08-15 10:24:33,10:24:33,2025,,,,2025,Stop Sign
2025-08-16 02:04:20.530000,7651178.0,CT0011000,Plainville,Racial Profile,52,25-11307,Case No.,2025-08-15 00:00:00,August,W,N,M,75,True,False, Plainville,Park St,  ,  ,V,B,1.0,0,14-298,,False,N,False,False,I,2025-08-15 08:42:45,Infraction Ticket,,,False,1.0,CT0011000,20250816020408000001,2025-08-15 08:42:45,08:42:45,2025,,,,2025,STC Violation
2025-08-18 02:04:18.430000,7655939.0,CT0011000,Plainville,Racial Profile,52,25-11316,Case No.,2025-08-15 00:00:00,August,W,N,F,21,True,False, Plainville,West Main St,  ,  ,V,B,1.0,0,14-299,,False,N,False,False,V,2025-08-15 10:39:01,Verbal Warning,,,False,1.0,CT0011000,20250818020407000001,2025-08-15 10:39:01,10:39:01,2025,,,,2025,Traffic Control Signal
2025-08-25 02:04:26.103000,7666568.0,CT0011000,Plainville,Racial Profile,46,25-11348,Case No.,2025-08-16 00:00:00,August,W,N,M,44,False,False, Plainville,East St,  ,  ,V,G,1.0,0,14-236,,False,N,False,False,V,2025-08-16 01:43:22,Verbal Warning,,,False,1.0,CT0011000,20250825020415000001,2025-08-16 01:43:22,01:43:22,2025,,,,2025,Moving Violation
2025-08-19 02:04:21.273000,7658095.0,CT0011000,Plainville,Racial Profile,30,25-11386,Case No.,2025-08-17 00:00:00,August,W,N,F,27,True,False, Plainville,New Britain Ave,  ,  ,V,G,1.0,0,14-96c,,False,N,False,False,V,2025-08-17 01:09:35,Verbal Warning,,,False,1.0,CT0011000,20250819020410000001,2025-08-17 01:09:35,01:09:35,2025,,,,2025,Defective Lights
2025-08-19 02:04:21.277000,7658096.0,CT0011000,Plainville,Racial Profile,30,25-11389,Case No.,2025-08-17 00:00:00,August,W,N,M,20,True,False, Plainville,Camp St,  ,  ,V,G,2.0,0,14-301,,False,N,False,False,I,2025-08-17 01:44:15,Infraction Ticket,,,False,1.0,CT0011000,20250819020410000001,2025-08-17 01:44:15,01:44:15,2025,14-36(b)(1)++,,,2025,Stop Sign
2025-08-27 02:04:27.107000,7669482.0,CT0011000,Plainville,Racial Profile,51,25-11395,Case No.,2025-08-17 00:00:00,August,W,N,F,46,True,False, Plainville,East St,  ,  ,V,G,1.0,0,14-299,,False,N,False,False,V,2025-08-17 09:49:48,Verbal Warning,,,False,1.0,CT0011000,20250827020416000001,2025-08-17 09:49:48,09:49:48,2025,,,,2025,Traffic Control Signal
2025-08-19 02:04:21.280000,7658098.0,CT0011000,Plainville,Racial Profile,40,25-11425,Case No.,2025-08-18 00:00:00,August,W,N,F,26,True,False, Plainville,Arcadia Ave,  ,  ,V,G,1.0,0,14-301,,False,N,False,False,V,2025-08-18 07:23:10,Verbal Warning,,,False,1.0,CT0011000,20250819020410000001,2025-08-18 07:23:10,07:23:10,2025,,,,2025,Stop Sign
2025-08-19 02:04:21.297000,7658099.0,CT0011000,Plainville,Racial Profile,40,25-11426,Case No.,2025-08-18 00:00:00,August,W,N,F,62,True,True, Plainville,Arcadia Ave,  ,  ,V,G,1.0,0,14-301,,False,N,False,False,V,2025-08-18 07:30:37,Verbal Warning,,,False,1.0,CT0011000,20250819020410000001,2025-08-18 07:30:37,07:30:37,2025,,,,2025,Stop Sign
2025-08-25 02:04:26.127000,7666574.0,CT0011000,Plainville,Racial Profile,46,25-11427,Case No.,2025-08-18 00:00:00,August,W,N,M,19,True,False, Plainville,Farmington Ave,  ,  ,V,G,1.0,0,14-100a(c1)*,,False,N,False,False,W,2025-08-18 07:34:31,Written Ticket,,,False,1.0,CT0011000,20250825020415000001,2025-08-18 07:34:31,07:34:31,2025,,,,2025,Seatbelt
2025-08-20 02:04:19.727000,7659486.0,CT0011000,Plainville,Racial Profile,53,25-11456,Case No.,2025-08-18 00:00:00,August,W,N,M,33,True,True, Plainville,Broad St,  ,  ,E,B,1.0,0,14-18(c),,False,N,False,False,V,2025-08-18 23:21:38,Verbal Warning,,,False,1.0,CT0011000,20250820020409000001,2025-08-18 23:21:38,23:21:38,2025,,,,2025,Display of Plates
2025-08-19 02:04:21.300000,7658100.0,CT0011000,Plainville,Racial Profile,7,25-11430,Case No.,2025-08-18 00:00:00,August,W,N,M,29,True,False, Plainville,East Main St,  ,  ,V,G,1.0,0,14-299,,False,N,False,False,V,2025-08-18 10:17:39,Verbal Warning,,,False,1.0,CT0011000,20250819020410000001,2025-08-18 10:17:39,10:17:39,2025,,,,2025,Traffic Control Signal
2025-08-23 02:04:28.360000,7663718.0,CT0011000,Plainville,Racial Profile,30,25-11463,Case No.,2025-08-19 00:00:00,August,W,N,F,77,True,False, Plainville,Unionville Ave,  ,  ,V,G,1.0,0,14-96c,,False,N,False,False,V,2025-08-19 02:32:10,Verbal Warning,,,False,1.0,CT0011000,20250823020414000001,2025-08-19 02:32:10,02:32:10,2025,,,,2025,Defective Lights
2025-08-20 02:04:19.737000,7659489.0,CT0011000,Plainville,Racial Profile,35,25-11502,Case No.,2025-08-19 00:00:00,August,W,N,M,29,True,True, Plainville,Fleetwood Dr,  ,  ,V,B,1.0,0,14-301,,False,N,False,False,V,2025-08-19 18:17:42,Verbal Warning,,,False,1.0,CT0011000,20250820020409000001,2025-08-19 18:17:42,18:17:42,2025,,,,2025,Stop Sign
2025-08-23 02:04:28.377000,7663722.0,CT0011000,Plainville,Racial Profile,35,25-11503,Case No.,2025-08-19 00:00:00,August,W,N,F,59,True,True, Plainville,Maxine Rd,  ,  ,V,B,1.0,0,14-301,,False,N,False,False,V,2025-08-19 18:26:18,Verbal Warning,,,False,1.0,CT0011000,20250823020414000001,2025-08-19 18:26:18,18:26:18,2025,,,,2025,Stop Sign
2025-08-24 02:04:27.167000,7665155.0,CT0011000,Plainville,Racial Profile,35,25-11505,Case No.,2025-08-19 00:00:00,August,W,H,M,45,True,True, Plainville,Maxine Rd,  ,  ,V,B,1.0,0,14-301,,False,N,False,False,V,2025-08-19 18:32:27,Verbal Warning,,,False,1.0,CT0011000,20250824020415000001,2025-08-19 18:32:27,18:32:27,2025,,,,2025,Stop Sign
2025-09-04 02:04:31.700000,7682916.0,CT0011000,Plainville,Racial Profile,35,25-11506,Case No.,2025-08-19 00:00:00,August,W,H,F,63,True,True, Plainville,Maxine Rd,  ,  ,V,B,1.0,0,14-301,,False,N,False,False,V,2025-08-19 18:41:25,Verbal Warning,,,False,1.0,CT0011000,20250904020420000001,2025-08-19 18:41:25,18:41:25,2025,,,,2025,Stop Sign
2025-08-20 02:04:19.730000,7659487.0,CT0011000,Plainville,Racial Profile,40,25-11469,Case No.,2025-08-19 00:00:00,August,W,N,F,33,True,False, Plainville,Webster St,  ,  ,V,G,1.0,0,14-301,,False,N,False,False,V,2025-08-19 07:13:04,Verbal Warning,,,False,1.0,CT0011000,20250820020409000001,2025-08-19 07:13:04,07:13:04,2025,,,,2025,Stop Sign
2025-08-20 02:04:19.733000,7659488.0,CT0011000,Plainville,Racial Profile,40,25-11471,Case No.,2025-08-19 00:00:00,August,W,N,F,64,True,False, Plainville,Webster St,  ,  ,V,G,1.0,0,14-301,,False,N,False,False,V,2025-08-19 07:23:43,Verbal Warning,,,False,1.0,CT0011000,20250820020409000001,2025-08-19 07:23:43,07:23:43,2025,,,,2025,Stop Sign
2025-08-22 02:04:41.073000,7662306.0,CT0011000,Plainville,Racial Profile,53,25-11507,Case No.,2025-08-19 00:00:00,August,W,N,F,29,True,True, Plainville,Park St,  ,  ,V,G,1.0,0,14-301,,False,N,False,False,V,2025-08-19 19:37:43,Verbal Warning,,,False,1.0,CT0011000,20250822020409000001,2025-08-19 19:37:43,19:37:43,2025,,,,2025,Stop Sign
2025-08-22 02:04:41.097000,7662307.0,CT0011000,Plainville,Racial Profile,53,25-11508,Case No.,2025-08-19 00:00:00,August,W,N,F,76,True,True, Plainville,Cooke St,  ,  ,V,G,1.0,0,14-96a(a),,False,N,False,False,V,2025-08-19 20:11:51,Verbal Warning,,,False,1.0,CT0011000,20250822020409000001,2025-08-19 20:11:51,20:11:51,2025,,,,2025,Defective Lights
2025-08-24 02:04:27.180000,7665160.0,CT0011000,Plainville,Racial Profile,36,25-11545,Case No.,2025-08-20 00:00:00,August,W,N,M,38,True,True, Plainville,Crown St,  ,  ,V,G,2.0,1,14-215(a),,False,N,False,False,M,2025-08-20 09:49:19,Misdemeanor Summons,,,False,1.0,CT0011000,20250824020415000001,2025-08-20 09:49:19,09:49:19,2025,14-213b,,,2025,Administrative Offense
2025-08-21 02:04:22.880000,7660894.0,CT0011000,Plainville,Racial Profile,40,25-11537,Case No.,2025-08-20 00:00:00,August,B,H,M,26,True,True, Plainville,Maple St,  ,  ,V,G,1.0,0,14-301,,False,N,False,False,V,2025-08-20 07:24:51,Verbal Warning,,,False,1.0,CT0011000,20250821020410000001,2025-08-20 07:24:51,07:24:51,2025,,,,2025,Stop Sign
2025-09-04 02:04:31.727000,7682924.0,CT0011000,Plainville,Racial Profile,25,25-11593,Case No.,2025-08-21 00:00:00,August,W,H,M,0,True,True, Plainville,EAST MAIN ST,  ,  ,V,B,1.0,0,14-299,,False,N,False,False,V,2025-08-21 10:09:33,Verbal Warning,,,False,1.0,CT0011000,20250904020420000001,2025-08-21 10:09:33,10:09:33,2025,,,,2025,Traffic Control Signal
2025-08-30 02:04:34.357000,7673883.0,CT0011000,Plainville,Racial Profile,31,25-11605,Case No.,2025-08-21 00:00:00,August,W,N,F,62,True,True, Plainville,Maxine Rd,  ,  ,V,G,1.0,0,14-301,,False,N,False,False,V,2025-08-21 13:38:35,Verbal Warning,,,False,1.0,CT0011000,20250830020421000001,2025-08-21 13:38:35,13:38:35,2025,,,,2025,Stop Sign
2025-08-23 02:04:28.420000,7663733.0,CT0011000,Plainville,Racial Profile,31,25-11606,Case No.,2025-08-21 00:00:00,August,W,N,F,19,True,False, Plainville,Maxine Rd,  ,  ,V,G,1.0,0,14-301,,False,N,False,False,V,2025-08-21 13:48:27,Verbal Warning,,,False,1.0,CT0011000,20250823020414000001,2025-08-21 13:48:27,13:48:27,2025,,,,2025,Stop Sign
2025-08-31 02:04:44.597000,7675370.0,CT0011000,Plainville,Racial Profile,40,25-11574,Case No.,2025-08-21 00:00:00,August,B,N,M,26,True,False, Plainville,Farmington Ave,  ,  ,V,G,1.0,0,14-218a10,,False,N,False,False,V,2025-08-21 01:18:40,Verbal Warning,,,False,1.0,CT0011000,20250831020433000001,2025-08-21 01:18:40,01:18:40,2025,,,,2025,Speed Related
2025-08-22 02:04:41.307000,7662312.0,CT0011000,Plainville,Racial Profile,40,25-11585,Case No.,2025-08-21 00:00:00,August,B,N,F,26,True,False, Plainville,Park St,  ,  ,V,G,1.0,0,14-301,,False,N,False,False,V,2025-08-21 07:10:59,Verbal Warning,,,False,1.0,CT0011000,20250822020409000001,2025-08-21 07:10:59,07:10:59,2025,,,,2025,Stop Sign
2025-08-25 02:04:26.190000,7666589.0,CT0011000,Plainville,Racial Profile,50,25-11581,Case No.,2025-08-21 00:00:00,August,W,H,M,75,True,False, Plainville,Trumbull Ave,  ,  ,V,G,1.0,0,14-96c,,False,N,False,False,V,2025-08-21 06:53:14,Verbal Warning,,,False,1.0,CT0011000,20250825020415000001,2025-08-21 06:53:14,06:53:14,2025,,,,2025,Defective Lights
2025-08-26 02:04:32.523000,7668092.0,CT0011000,Plainville,Racial Profile,12,25-11652,Case No.,2025-08-22 00:00:00,August,W,N,M,57,True,False, Plainville,New Britain Ave,  ,  ,V,G,1.0,0,14-299,,False,N,False,False,V,2025-08-22 13:18:06,Verbal Warning,,,False,1.0,CT0011000,20250826020421000001,2025-08-22 13:18:06,13:18:06,2025,,,,2025,Traffic Control Signal
2025-08-30 02:04:34.380000,7673888.0,CT0011000,Plainville,Racial Profile,45,25-11646,Case No.,2025-08-22 00:00:00,August,W,N,F,60,True,True, Plainville,Gilberte St,  ,  ,V,G,1.0,0,14-301,,False,N,False,False,V,2025-08-22 07:40:57,Verbal Warning,,,False,1.0,CT0011000,20250830020421000001,2025-08-22 07:40:57,07:40:57,2025,,,,2025,Stop Sign
2025-08-24 02:04:27.197000,7665166.0,CT0011000,Plainville,Racial Profile,46,25-11638,Case No.,2025-08-22 00:00:00,August,W,M,M,27,True,False, Plainville,East St,  ,  ,V,G,2.0,1,14-18(a),,False,N,False,False,I,2025-08-22 02:34:10,Infraction Ticket,,,False,1.0,CT0011000,20250824020415000001,2025-08-22 02:34:10,02:34:10,2025,14-213b,,,2025,Display of Plates
2025-08-31 02:04:44.620000,7675377.0,CT0011000,Plainville,Racial Profile,50,25-11645,Case No.,2025-08-22 00:00:00,August,W,N,F,59,True,True, Plainville,Maxine Rd,  ,  ,V,G,1.0,0,14-301,,False,N,False,False,V,2025-08-22 07:34:35,Verbal Warning,,,False,1.0,CT0011000,20250831020433000001,2025-08-22 07:34:35,07:34:35,2025,,,,2025,Stop Sign
2025-08-25 02:04:26.233000,7666595.0,CT0011000,Plainville,Racial Profile,50,25-11647,Case No.,2025-08-22 00:00:00,August,W,N,M,40,True,True, Plainville,Maxine Rd,  ,  ,V,G,1.0,0,14-301,,False,N,False,False,V,2025-08-22 07:42:23,Verbal Warning,,,False,1.0,CT0011000,20250825020415000001,2025-08-22 07:42:23,07:42:23,2025,,,,2025,Stop Sign
2025-08-31 02:04:44.680000,7675387.0,CT0011000,Plainville,Racial Profile,21,25-11697,Case No.,2025-08-23 00:00:00,August,W,N,M,66,True,False, Plainville,New Britain Ave,  ,  ,V,G,1.0,0,14-299,,False,N,False,False,V,2025-08-23 09:26:53,Verbal Warning,,,False,1.0,CT0011000,20250831020433000001,2025-08-23 09:26:53,09:26:53,2025,,,,2025,Traffic Control Signal
2025-08-26 02:04:32.553000,7668100.0,CT0011000,Plainville,Racial Profile,21,25-11698,Case No.,2025-08-23 00:00:00,August,W,N,M,58,True,False, Plainville,East Main St,  ,  ,V,G,1.0,0,14-299,,False,N,False,False,V,2025-08-23 09:46:46,Verbal Warning,,,False,1.0,CT0011000,20250826020421000001,2025-08-23 09:46:46,09:46:46,2025,,,,2025,Traffic Control Signal
2025-08-25 02:04:26.237000,7666596.0,CT0011000,Plainville,Racial Profile,30,25-11681,Case No.,2025-08-23 00:00:00,August,W,N,F,20,True,False, Plainville,Washington St (Bristol),  ,  ,V,G,1.0,0,14-301,,False,N,False,False,V,2025-08-23 01:34:30,Verbal Warning,,,False,1.0,CT0011000,20250825020415000001,2025-08-23 01:34:30,01:34:30,2025,,,,2025,Stop Sign
2025-08-26 02:04:32.527000,7668094.0,CT0011000,Plainville,Racial Profile,30,25-11683,Case No.,2025-08-23 00:00:00,August,W,N,M,34,True,False, Plainville,Camp St,  ,  ,V,G,1.0,0,14-301,,False,N,False,False,V,2025-08-23 02:20:11,Verbal Warning,,,False,1.0,CT0011000,20250826020421000001,2025-08-23 02:20:11,02:20:11,2025,,,,2025,Stop Sign
2025-09-11 02:04:35.223000,7693675.0,CT0011000,Plainville,Racial Profile,46,25-11682,Case No.,2025-08-23 00:00:00,August,B,H,F,65,True,False, Plainville,Camp St,  ,  ,V,G,1.0,0,14-96c,,False,N,False,False,V,2025-08-23 01:35:57,Verbal Warning,,,False,1.0,CT0011000,20250911020424000001,2025-08-23 01:35:57,01:35:57,2025,,,,2025,Defective Lights
2025-08-28 02:04:27.803000,7670981.0,CT0011000,Plainville,Racial Profile,46,25-11685,Case No.,2025-08-23 00:00:00,August,W,M,M,28,True,True, Plainville,South Washington St,  ,  ,V,G,3.0,0,14-215,,False,N,False,False,M,2025-08-23 02:44:06,Misdemeanor Summons,,,False,1.0,CT0011000,20250828020416000001,2025-08-23 02:44:06,02:44:06,2025,,,,2025,Administrative Offense
2025-08-26 02:04:32.530000,7668096.0,CT0011000,Plainville,Racial Profile,46,25-11685,Case No.,2025-08-23 00:00:00,August,W,M,M,36,True,True, Plainville,South Washington St,  ,  ,V,G,3.0,0,14-215,,False,N,False,False,M,2025-08-23 02:44:06,Misdemeanor Summons,,,False,1.0,CT0011000,20250826020421000001,2025-08-23 02:44:06,02:44:06,2025,,,,2025,Administrative Offense
2025-08-26 02:04:32.533000,7668097.0,CT0011000,Plainville,Racial Profile,47,25-11690,Case No.,2025-08-23 00:00:00,August,W,N,F,36,True,False, Plainville,West Main St,  ,  ,E,G,1.0,0,14-96a(a),,False,N,False,False,V,2025-08-23 05:52:57,Verbal Warning,,,False,1.0,CT0011000,20250826020421000001,2025-08-23 05:52:57,05:52:57,2025,,,,2025,Defective Lights
2025-08-26 02:04:32.550000,7668098.0,CT0011000,Plainville,Racial Profile,51,25-11695,Case No.,2025-08-23 00:00:00,August,W,N,M,47,True,True, Plainville,West Main St,  ,  ,V,B,1.0,0,14-299,,False,N,False,False,V,2025-08-23 08:49:31,Verbal Warning,,,False,1.0,CT0011000,20250826020421000001,2025-08-23 08:49:31,08:49:31,2025,,,,2025,Traffic Control Signal
2025-08-25 02:04:26.247000,7666599.0,CT0011000,Plainville,Racial Profile,39,25-11756,Case No.,2025-08-24 00:00:00,August,B,N,M,29,True,True, Plainville,West Main St,  ,  ,E,G,1.0,0,14-96c,,False,N,False,False,V,2025-08-24 21:45:54,Verbal Warning,,,False,1.0,CT0011000,20250825020415000001,2025-08-24 21:45:54,21:45:54,2025,,,,2025,Defective Lights
2025-08-30 02:04:34.433000,7673899.0,CT0011000,Plainville,Racial Profile,39,25-11757,Case No.,2025-08-24 00:00:00,August,W,M,M,31,True,False, Plainville,East Main St,  ,  ,E,G,1.0,0,14-96c,,False,N,False,False,V,2025-08-24 21:49:25,Verbal Warning,,,False,1.0,CT0011000,20250830020421000001,2025-08-24 21:49:25,21:49:25,2025,,,,2025,Defective Lights
2025-08-29 02:04:49.810000,7672432.0,CT0011000,Plainville,Racial Profile,39,25-11758,Case No.,2025-08-24 00:00:00,August,W,H,F,55,True,False, Plainville,East Main St,  ,  ,E,G,1.0,0,14-96a(a),,False,N,False,False,V,2025-08-24 22:02:53,Verbal Warning,,,False,1.0,CT0011000,20250829020417000001,2025-08-24 22:02:53,22:02:53,2025,,,,2025,Defective Lights
2025-08-28 02:04:27.827000,7670992.0,CT0011000,Plainville,Racial Profile,40,25-11775,Case No.,2025-08-25 00:00:00,August,W,N,F,50,True,True, Plainville,Maxine Rd,  ,  ,V,G,1.0,0,14-301,,False,N,False,False,V,2025-08-25 06:36:18,Verbal Warning,,,False,1.0,CT0011000,20250828020416000001,2025-08-25 06:36:18,06:36:18,2025,,,,2025,Stop Sign
2025-08-27 02:04:27.210000,7669524.0,CT0011000,Plainville,Racial Profile,40,25-11777,Case No.,2025-08-25 00:00:00,August,W,N,F,47,True,True, Plainville,Maxine Rd,  ,  ,V,G,1.0,0,14-301,,False,N,False,False,V,2025-08-25 06:55:03,Verbal Warning,,,False,1.0,CT0011000,20250827020416000001,2025-08-25 06:55:03,06:55:03,2025,,,,2025,Stop Sign
2025-08-31 02:04:44.707000,7675395.0,CT0011000,Plainville,Racial Profile,47,25-11776,Case No.,2025-08-25 00:00:00,August,W,N,M,58,True,False, Plainville,New Britain Ave,  ,  ,V,G,1.0,0,14-299,,False,N,False,False,I,2025-08-25 06:46:50,Infraction Ticket,,,False,1.0,CT0011000,20250831020433000001,2025-08-25 06:46:50,06:46:50,2025,14-296aa(b1st,,,2025,Traffic Control Signal
2025-08-30 02:04:34.440000,7673901.0,CT0011000,Plainville,Racial Profile,48,25-11768,Case No.,2025-08-25 00:00:00,August,W,N,M,61,True,True, Plainville,New Britain Ave,  ,  ,V,G,1.0,0,14-96a(a),,False,N,False,False,V,2025-08-25 01:21:24,Verbal Warning,,,False,1.0,CT0011000,20250830020421000001,2025-08-25 01:21:24,01:21:24,2025,,,,2025,Defective Lights
2025-09-10 02:04:45.430000,7692124.0,CT0011000,Plainville,Racial Profile,48,25-11772,Case No.,2025-08-25 00:00:00,August,W,H,F,52,True,False, Plainville,East Main St,  ,  ,V,G,2.0,1,14-147(c),,False,N,False,False,M,2025-08-25 06:05:29,Misdemeanor Summons,,,False,1.0,CT0011000,20250910020435000001,2025-08-25 06:05:29,06:05:29,2025,14-215,,,2025,Administrative Offense
2025-08-26 02:04:32.580000,7668109.0,CT0011000,Plainville,Racial Profile,48,25-11779,Case No.,2025-08-25 00:00:00,August,W,N,F,36,True,True, Plainville,Arcadia Ave,  ,  ,V,G,1.0,0,14-301,,False,N,False,False,I,2025-08-25 07:25:09,Infraction Ticket,,,False,1.0,CT0011000,20250826020421000001,2025-08-25 07:25:09,07:25:09,2025,14-36(a),,,2025,Stop Sign
2025-08-26 02:04:32.580000,7668110.0,CT0011000,Plainville,Racial Profile,51,25-11794,Case No.,2025-08-25 00:00:00,August,W,N,F,65,True,False, Plainville,Webster St,  ,  ,V,G,1.0,0,14-301,,False,N,False,False,V,2025-08-25 16:22:53,Verbal Warning,,,False,1.0,CT0011000,20250826020421000001,2025-08-25 16:22:53,16:22:53,2025,,,,2025,Stop Sign
2025-08-31 02:04:44.717000,7675399.0,CT0011000,Plainville,Racial Profile,51,25-11798,Case No.,2025-08-25 00:00:00,August,W,N,F,49,True,False, Plainville,East Main St,  ,  ,V,G,1.0,0,14-96a(a),,False,N,False,False,V,2025-08-25 20:18:27,Verbal Warning,,,False,1.0,CT0011000,20250831020433000001,2025-08-25 20:18:27,20:18:27,2025,,,,2025,Defective Lights
2025-08-27 02:04:27.217000,7669527.0,CT0011000,Plainville,Racial Profile,25,25-11830,Case No.,2025-08-26 00:00:00,August,W,H,F,19,True,False, Plainville,Whiting St,  ,  ,V,B,1.0,0,14-219,,False,N,False,False,N,2025-08-26 11:11:04,No Disposition,,,False,1.0,CT0011000,20250827020416000001,2025-08-26 11:11:04,11:11:04,2025,,,,2025,Speed Related
2025-08-29 02:04:49.953000,7672444.0,CT0011000,Plainville,Racial Profile,27,25-11838,Case No.,2025-08-26 00:00:00,August,W,N,M,59,True,False, Plainville,Webster St,  ,  ,V,G,1.0,0,14-301,,False,N,False,False,V,2025-08-26 16:05:06,Verbal Warning,,,False,1.0,CT0011000,20250829020417000001,2025-08-26 16:05:06,16:05:06,2025,,,,2025,Stop Sign
2025-08-31 02:04:44.720000,7675400.0,CT0011000,Plainville,Racial Profile,51,25-11818,Case No.,2025-08-26 00:00:00,August,W,N,F,54,True,False, Plainville,Webster St,  ,  ,V,G,1.0,0,14-301,,False,N,False,False,V,2025-08-26 06:21:11,Verbal Warning,,,False,1.0,CT0011000,20250831020433000001,2025-08-26 06:21:11,06:21:11,2025,,,,2025,Stop Sign
2025-09-01 02:04:32.127000,7676859.0,CT0011000,Plainville,Racial Profile,51,25-11820,Case No.,2025-08-26 00:00:00,August,W,N,F,42,True,False, Plainville,Webster St,  ,  ,V,G,1.0,0,14-301,,False,N,False,False,V,2025-08-26 06:47:51,Verbal Warning,,,False,1.0,CT0011000,20250901020421000001,2025-08-26 06:47:51,06:47:51,2025,,,,2025,Stop Sign
2025-08-31 02:04:44.740000,7675408.0,CT0011000,Plainville,Racial Profile,36,25-11882,Case No.,2025-08-27 00:00:00,August,W,N,F,45,True,True, Plainville,Northwest Dr,  ,  ,V,B,1.0,0,14-218a,,False,N,False,False,V,2025-08-27 09:47:46,Verbal Warning,,,False,1.0,CT0011000,20250831020433000001,2025-08-27 09:47:46,09:47:46,2025,,,,2025,Speed Related
2025-08-28 02:04:27.853000,7671004.0,CT0011000,Plainville,Racial Profile,36,25-11891,Case No.,2025-08-27 00:00:00,August,W,H,F,58,False,False, Plainville,South Washington St,  ,  ,V,B,1.0,0,14-219(b),,False,N,False,False,I,2025-08-27 12:45:43,Infraction Ticket,,,False,1.0,CT0011000,20250828020416000001,2025-08-27 12:45:43,12:45:43,2025,,,,2025,Speed Related
2025-09-01 02:04:32.147000,7676868.0,CT0011000,Plainville,Racial Profile,36,25-11895,Case No.,2025-08-27 00:00:00,August,W,N,F,67,True,True, Plainville,South Washington St,  ,  ,V,B,1.0,0,14-218a,,False,N,False,False,V,2025-08-27 13:54:09,Verbal Warning,,,False,1.0,CT0011000,20250901020421000001,2025-08-27 13:54:09,13:54:09,2025,,,,2025,Speed Related
2025-08-28 02:04:27.860000,7671006.0,CT0011000,Plainville,Racial Profile,36,25-11896,Case No.,2025-08-27 00:00:00,August,W,H,M,64,True,True, Plainville,South Washington St,  ,  ,V,B,1.0,0,14-218a,,False,N,False,False,W,2025-08-27 13:57:12,Written Ticket,,,False,1.0,CT0011000,20250828020416000001,2025-08-27 13:57:12,13:57:12,2025,,,,2025,Speed Related
2025-08-29 02:04:49.980000,7672447.0,CT0011000,Plainville,Racial Profile,40,25-11876,Case No.,2025-08-27 00:00:00,August,W,N,F,47,True,True, Plainville,Katie Ln,  ,  ,V,G,1.0,0,14-301,,False,N,False,False,V,2025-08-27 06:53:33,Verbal Warning,,,False,1.0,CT0011000,20250829020417000001,2025-08-27 06:53:33,06:53:33,2025,,,,2025,Stop Sign
2025-08-31 02:04:44.737000,7675407.0,CT0011000,Plainville,Racial Profile,40,25-11878,Case No.,2025-08-27 00:00:00,August,W,N,F,21,True,False, Plainville,Arcadia Ave,  ,  ,V,G,1.0,0,14-301,,False,N,False,False,V,2025-08-27 07:00:56,Verbal Warning,,,False,1.0,CT0011000,20250831020433000001,2025-08-27 07:00:56,07:00:56,2025,,,,2025,Stop Sign
2025-09-10 02:04:45.470000,7692139.0,CT0011000,Plainville,Racial Profile,45,25-11880,Case No.,2025-08-27 00:00:00,August,W,N,F,33,True,False, Plainville,Webster St,  ,  ,V,G,1.0,0,14-301,,False,N,False,False,V,2025-08-27 07:20:15,Verbal Warning,,,False,1.0,CT0011000,20250910020435000001,2025-08-27 07:20:15,07:20:15,2025,,,,2025,Stop Sign
2025-08-28 02:04:27.840000,7670999.0,CT0011000,Plainville,Racial Profile,50,25-11871,Case No.,2025-08-27 00:00:00,August,W,N,M,73,True,False, Plainville,White Oak Ave,  ,  ,V,G,1.0,0,14-299,,False,N,False,False,V,2025-08-27 06:33:48,Verbal Warning,,,False,1.0,CT0011000,20250828020416000001,2025-08-27 06:33:48,06:33:48,2025,,,,2025,Traffic Control Signal
2025-09-02 02:04:35.683000,7678444.0,CT0011000,Plainville,Racial Profile,50,25-11875,Case No.,2025-08-27 00:00:00,August,W,N,F,47,True,True, Plainville,Meriline Ave,  ,  ,V,G,1.0,0,14-301,,False,N,False,False,V,2025-08-27 06:46:23,Verbal Warning,,,False,1.0,CT0011000,20250902020425000001,2025-08-27 06:46:23,06:46:23,2025,,,,2025,Stop Sign
2025-09-01 02:04:32.153000,7676870.0,CT0011000,Plainville,Racial Profile,14,25-11934,Case No.,2025-08-28 00:00:00,August,W,N,M,62,True,False, Plainville,EAST ST,  ,  ,V,G,1.0,0,14-299,,False,N,False,False,V,2025-08-28 06:25:39,Verbal Warning,,,False,1.0,CT0011000,20250901020421000001,2025-08-28 06:25:39,06:25:39,2025,,,,2025,Traffic Control Signal
2025-08-29 02:04:50.050000,7672454.0,CT0011000,Plainville,Racial Profile,50,25-11936,Case No.,2025-08-28 00:00:00,August,W,N,M,39,False,False, Plainville,Webster St,  ,  ,V,G,1.0,0,14-301,,False,N,False,False,V,2025-08-28 06:37:00,Verbal Warning,,,False,1.0,CT0011000,20250829020417000001,2025-08-28 06:37:00,06:37:00,2025,,,,2025,Stop Sign
2025-09-10 02:04:45.490000,7692148.0,CT0011000,Plainville,Racial Profile,18,25-11994,Case No.,2025-08-29 00:00:00,August,W,N,M,37,True,False, Plainville,Norton Pl,  ,  ,V,G,1.0,0,14-279,,False,N,False,False,V,2025-08-29 08:41:43,Verbal Warning,,,False,1.0,CT0011000,20250910020435000001,2025-08-29 08:41:43,08:41:43,2025,,,,2025,Other
2025-09-04 02:04:31.857000,7682968.0,CT0011000,Plainville,Racial Profile,31,25-12005,Case No.,2025-08-29 00:00:00,August,W,N,F,71,False,True, Plainville,Arcadia Ave,  ,  ,V,G,1.0,0,14-301,,False,N,False,False,V,2025-08-29 12:03:20,Verbal Warning,,,False,1.0,CT0011000,20250904020420000001,2025-08-29 12:03:20,12:03:20,2025,,,,2025,Stop Sign
2025-09-01 02:04:32.167000,7676877.0,CT0011000,Plainville,Racial Profile,31,25-12008,Case No.,2025-08-29 00:00:00,August,W,N,F,28,False,True, Plainville,Arcadia Ave,  ,  ,V,G,1.0,0,14-301,,False,N,False,False,V,2025-08-29 12:11:29,Verbal Warning,,,False,1.0,CT0011000,20250901020421000001,2025-08-29 12:11:29,12:11:29,2025,,,,2025,Stop Sign
2025-09-01 02:04:32.167000,7676876.0,CT0011000,Plainville,Racial Profile,49,25-12007,Case No.,2025-08-29 00:00:00,August,W,N,M,76,True,True, Plainville,Maxine Rd,  ,  ,V,G,1.0,0,14-301,,False,N,False,False,V,2025-08-29 12:05:53,Verbal Warning,,,False,1.0,CT0011000,20250901020421000001,2025-08-29 12:05:53,12:05:53,2025,,,,2025,Stop Sign
2025-09-26 02:04:49.410000,7744106.0,CT0011000,Plainville,Racial Profile,49,25-12009,Case No.,2025-08-29 00:00:00,August,W,N,F,0,False,False, Plainville,Maxine Rd,  ,  ,V,B,1.0,0,14-301,,False,N,False,False,V,2025-08-29 12:18:39,Verbal Warning,,,False,1.0,CT0011000,20250926020431000001,2025-08-29 12:18:39,12:18:39,2025,,,,2025,Stop Sign
2025-08-31 02:04:44.757000,7675414.0,CT0011000,Plainville,Racial Profile,50,25-11990,Case No.,2025-08-29 00:00:00,August,W,N,F,32,True,True, Plainville,Shuttle Meadow Rd,  ,  ,V,G,1.0,0,14-301,,False,N,False,False,V,2025-08-29 07:26:58,Verbal Warning,,,False,1.0,CT0011000,20250831020433000001,2025-08-29 07:26:58,07:26:58,2025,,,,2025,Stop Sign
2025-08-30 02:04:34.547000,7673924.0,CT0011000,Plainville,Racial Profile,50,25-11993,Case No.,2025-08-29 00:00:00,August,W,N,F,28,True,True, Plainville,Linden St,  ,  ,V,G,1.0,0,14-301,,False,N,False,False,V,2025-08-29 07:50:51,Verbal Warning,,,False,1.0,CT0011000,20250830020421000001,2025-08-29 07:50:51,07:50:51,2025,,,,2025,Stop Sign
2025-09-02 02:04:35.717000,7678455.0,CT0011000,Plainville,Racial Profile,51,25-12002,Case No.,2025-08-29 00:00:00,August,W,N,F,63,True,False, Plainville,East St,  ,  ,V,G,1.0,0,14-301,,False,N,False,False,V,2025-08-29 11:53:44,Verbal Warning,,,False,1.0,CT0011000,20250902020425000001,2025-08-29 11:53:44,11:53:44,2025,,,,2025,Stop Sign
2025-09-16 02:04:49.807000,7725690.0,CT0011000,Plainville,Racial Profile,51,25-12010,Case No.,2025-08-29 00:00:00,August,W,N,F,75,True,True, Plainville,West Main St,  ,  ,V,G,1.0,0,14-96a(a),,False,N,False,False,V,2025-08-29 12:19:41,Verbal Warning,,,False,1.0,CT0011000,20250916020440000001,2025-08-29 12:19:41,12:19:41,2025,,,,2025,Defective Lights
2025-09-02 02:04:35.743000,7678461.0,CT0011000,Plainville,Racial Profile,30,25-12086,Case No.,2025-08-31 00:00:00,August,W,N,M,79,True,False, Plainville,Hooker St,  ,  ,V,G,1.0,0,14-299,,False,N,False,False,V,2025-08-31 02:18:41,Verbal Warning,,,False,1.0,CT0011000,20250902020425000001,2025-08-31 02:18:41,02:18:41,2025,,,,2025,Traffic Control Signal
2025-09-02 02:04:35.740000,7678460.0,CT0011000,Plainville,Racial Profile,53,25-12074,Case No.,2025-08-31 00:00:00,August,B,N,M,47,True,False, Plainville,East Main St,  ,  ,E,B,1.0,0,14-96a(a),,False,N,False,False,V,2025-08-31 00:10:32,Verbal Warning,,,False,1.0,CT0011000,20250902020425000001,2025-08-31 00:10:32,00:10:32,2025,,,,2025,Defective Lights
2025-09-03 02:04:34.833000,7680435.0,CT0011000,Plainville,Racial Profile,30,25-12116,Case No.,2025-09-01 00:00:00,September,B,N,M,26,True,False, Plainville,New Britain Ave,  ,  ,V,G,2.0,0,14-96u,,False,N,False,False,I,2025-09-01 01:30:20,Infraction Ticket,,,False,1.0,CT0011000,20250903020424000001,2025-09-01 01:30:20,01:30:20,2025,14-36(a),,,2025,Defective Lights
2025-09-15 02:04:39.223000,7702652.0,CT0011000,Plainville,Racial Profile,45,25-12114,Case No.,2025-09-01 00:00:00,September,B,N,F,29,True,False, Plainville,New Britain Ave,  ,  ,V,G,1.0,0,14-243(b),,False,N,False,False,V,2025-09-01 01:19:43,Verbal Warning,,,False,1.0,CT0011000,20250915020428000001,2025-09-01 01:19:43,01:19:43,2025,,,,2025,Moving Violation
2025-09-02 02:04:35.750000,7678463.0,CT0011000,Plainville,Racial Profile,52,25-12128,Case No.,2025-09-01 00:00:00,September,W,N,F,63,True,True, Plainville,Broad St,  ,  ,V,B,1.0,0,14-12(a)*,,False,N,False,False,V,2025-09-01 10:58:22,Verbal Warning,,,False,1.0,CT0011000,20250902020425000001,2025-09-01 10:58:22,10:58:22,2025,,,,2025,Registration
2025-09-13 02:04:39.093000,7697960.0,CT0011000,Plainville,Racial Profile,52,25-12130,Case No.,2025-09-01 00:00:00,September,W,H,M,30,False,False, Plainville,East St,  ,  ,V,B,2.0,1,14-36(a),,False,N,False,False,I,2025-09-01 11:22:13,Infraction Ticket,,,False,1.0,CT0011000,20250913020427000001,2025-09-01 11:22:13,11:22:13,2025,,,,2025,Unlicensed Operation
2025-09-04 02:04:31.877000,7682976.0,CT0011000,Plainville,Racial Profile,53,25-12145,Case No.,2025-09-01 00:00:00,September,W,N,M,26,True,True, Plainville,Arcadia Ave,  ,  ,V,G,2.0,0,14-301,,False,N,False,False,I,2025-09-01 17:28:19,Infraction Ticket,,,False,1.0,CT0011000,20250904020420000001,2025-09-01 17:28:19,17:28:19,2025,14-147(c),,,2025,Stop Sign
2025-09-10 02:04:45.520000,7692161.0,CT0011000,Plainville,Racial Profile,53,25-12157,Case No.,2025-09-01 00:00:00,September,B,N,M,35,True,False, Plainville,Whiting St,  ,  ,E,B,3.0,0,14-96a(a),,False,N,False,False,V,2025-09-01 20:46:43,Verbal Warning,,,False,1.0,CT0011000,20250910020435000001,2025-09-01 20:46:43,20:46:43,2025,,,,2025,Defective Lights
2025-09-07 02:04:38.433000,7687485.0,CT0011000,Plainville,Racial Profile,14,25-12174,Case No.,2025-09-02 00:00:00,September,W,N,M,27,True,True, Plainville,East St,  ,  ,V,G,1.0,0,14-299,,False,N,False,False,V,2025-09-02 02:55:12,Verbal Warning,,,False,1.0,CT0011000,20250907020427000001,2025-09-02 02:55:12,02:55:12,2025,,,,2025,Traffic Control Signal
2025-09-07 02:04:38.443000,7687489.0,CT0011000,Plainville,Racial Profile,27,25-12202,Case No.,2025-09-02 00:00:00,September,W,N,M,38,True,True, Plainville,Broad St,  ,  ,V,G,1.0,0,14-299,,False,N,False,False,V,2025-09-02 17:56:54,Verbal Warning,,,False,1.0,CT0011000,20250907020427000001,2025-09-02 17:56:54,17:56:54,2025,14-12(a)*,,,2025,Traffic Control Signal
2025-09-28 02:04:37.820000,7747304.0,CT0011000,Plainville,Racial Profile,43,25-12203,Case No.,2025-09-02 00:00:00,September,B,N,M,0,True,True, Plainville,North Washington St,  ,  ,V,G,2.0,1,14-147,,False,N,False,False,I,2025-09-02 18:06:39,Infraction Ticket,,,False,1.0,CT0011000,20250928020427000001,2025-09-02 18:06:39,18:06:39,2025,,,,2025,Administrative Offense
2025-09-09 02:04:45.830000,7690626.0,CT0011000,Plainville,Racial Profile,50,25-12180,Case No.,2025-09-02 00:00:00,September,W,H,M,24,True,True, Plainville,Robert Holcomb Way,  ,  ,V,G,1.0,0,14-296aa(b1st,,False,N,False,False,V,2025-09-02 07:23:39,Verbal Warning,,,False,1.0,CT0011000,20250909020434000001,2025-09-02 07:23:39,07:23:39,2025,,,,2025,Cell Phone
2025-09-04 02:04:31.887000,7682980.0,CT0011000,Plainville,Racial Profile,50,25-12181,Case No.,2025-09-02 00:00:00,September,W,H,F,35,True,True, Plainville,East Broad St,  ,  ,V,G,1.0,0,14-301,,False,N,False,False,V,2025-09-02 07:31:26,Verbal Warning,,,False,1.0,CT0011000,20250904020420000001,2025-09-02 07:31:26,07:31:26,2025,,,,2025,Stop Sign
2025-09-03 02:04:34.850000,7680442.0,CT0011000,Plainville,Racial Profile,50,25-12182,Case No.,2025-09-02 00:00:00,September,W,H,F,41,True,True, Plainville,East Main St,  ,  ,V,G,1.0,0,14-301,,False,N,False,False,V,2025-09-02 07:47:54,Verbal Warning,,,False,1.0,CT0011000,20250903020424000001,2025-09-02 07:47:54,07:47:54,2025,,,,2025,Stop Sign
2025-09-03 02:04:34.857000,7680444.0,CT0011000,Plainville,Racial Profile,53,25-12208,Case No.,2025-09-02 00:00:00,September,W,N,F,57,True,False, Plainville,Pine St,  ,  ,V,B,1.0,0,14-96a(a),,False,N,False,False,V,2025-09-02 20:00:08,Verbal Warning,,,False,1.0,CT0011000,20250903020424000001,2025-09-02 20:00:08,20:00:08,2025,,,,2025,Defective Lights
2025-09-10 02:04:45.547000,7692172.0,CT0011000,Plainville,Racial Profile,37,25-12270,Case No.,2025-09-03 00:00:00,September,W,N,F,42,True,True, Plainville,East St,  ,  ,V,G,1.0,0,14-299,,False,N,False,False,W,2025-09-03 19:36:35,Written Ticket,,,False,1.0,CT0011000,20250910020435000001,2025-09-03 19:36:35,19:36:35,2025,,,,2025,Traffic Control Signal
2025-09-15 02:04:39.260000,7702667.0,CT0011000,Plainville,Racial Profile,43,25-12261,Case No.,2025-09-03 00:00:00,September,W,N,M,59,True,True, Plainville,Woodford Ave,  ,  ,V,G,1.0,0,14-296aa(b1st,,False,N,False,False,V,2025-09-03 17:17:13,Verbal Warning,,,False,1.0,CT0011000,20250915020428000001,2025-09-03 17:17:13,17:17:13,2025,,,,2025,Cell Phone
2025-09-05 02:04:57.690000,7684530.0,CT0011000,Plainville,Racial Profile,50,25-12235,Case No.,2025-09-03 00:00:00,September,W,N,M,72,True,False, Plainville,Camp St,  ,  ,V,G,1.0,0,14-301,,False,N,False,False,V,2025-09-03 06:56:05,Verbal Warning,,,False,1.0,CT0011000,20250905020424000001,2025-09-03 06:56:05,06:56:05,2025,,,,2025,Stop Sign
2025-09-07 02:04:38.453000,7687492.0,CT0011000,Plainville,Racial Profile,50,25-12236,Case No.,2025-09-03 00:00:00,September,W,N,F,32,True,False, Plainville,Camp St,  ,  ,V,G,1.0,0,14-301,,False,N,False,False,V,2025-09-03 07:07:44,Verbal Warning,,,False,1.0,CT0011000,20250907020427000001,2025-09-03 07:07:44,07:07:44,2025,,,,2025,Stop Sign
2025-09-04 02:04:31.900000,7682986.0,CT0011000,Plainville,Racial Profile,50,25-12240,Case No.,2025-09-03 00:00:00,September,W,N,M,40,True,False, Plainville,Camp St,  ,  ,V,G,1.0,0,14-301,,False,N,False,False,V,2025-09-03 07:30:20,Verbal Warning,,,False,1.0,CT0011000,20250904020420000001,2025-09-03 07:30:20,07:30:20,2025,,,,2025,Stop Sign
2025-09-06 02:04:39.597000,7686020.0,CT0011000,Plainville,Racial Profile,37,25-12358,Case No.,2025-09-05 00:00:00,September,W,N,M,46,True,True, Plainville,East St,  ,  ,V,G,1.0,0,14-299,,False,N,False,False,W,2025-09-05 19:08:48,Written Ticket,,,False,1.0,CT0011000,20250906020426000001,2025-09-05 19:08:48,19:08:48,2025,,,,2025,Traffic Control Signal
2025-09-07 02:04:38.463000,7687495.0,CT0011000,Plainville,Racial Profile,47,25-12331,Case No.,2025-09-05 00:00:00,September,W,H,F,35,True,False, Plainville,Broad St,  ,  ,V,G,1.0,0,14-301,,False,N,False,False,V,2025-09-05 06:47:04,Verbal Warning,,,False,1.0,CT0011000,20250907020427000001,2025-09-05 06:47:04,06:47:04,2025,,,,2025,Stop Sign
2025-09-10 02:04:45.550000,7692173.0,CT0011000,Plainville,Racial Profile,50,25-12328,Case No.,2025-09-05 00:00:00,September,W,N,M,68,True,False, Plainville,Farmington Ave,  ,  ,V,G,1.0,0,14-301,,False,N,False,False,V,2025-09-05 06:04:40,Verbal Warning,,,False,1.0,CT0011000,20250910020435000001,2025-09-05 06:04:40,06:04:40,2025,,,,2025,Stop Sign
2025-09-06 02:04:39.600000,7686021.0,CT0011000,Plainville,Racial Profile,51,25-12363,Case No.,2025-09-05 00:00:00,September,W,N,F,56,True,False, Plainville,New Britain Ave,  ,  ,V,G,1.0,0,14-96a(a),,False,N,False,False,V,2025-09-05 21:25:13,Verbal Warning,,,False,1.0,CT0011000,20250906020426000001,2025-09-05 21:25:13,21:25:13,2025,,,,2025,Defective Lights
2025-09-08 02:04:48.410000,7689067.0,CT0011000,Plainville,Racial Profile,51,25-12367,Case No.,2025-09-05 00:00:00,September,W,N,M,57,True,False, Plainville,New Britain Ave,  ,  ,V,G,1.0,0,14-101,,False,N,False,False,V,2025-09-05 22:49:36,Verbal Warning,,,False,1.0,CT0011000,20250908020438000001,2025-09-05 22:49:36,22:49:36,2025,,,,2025,Moving Violation
2025-09-12 02:04:55.820000,7695246.0,CT0011000,Plainville,Racial Profile,35,25-12403,Case No.,2025-09-06 00:00:00,September,W,M,M,56,True,False, Plainville,RT 72 Off Ramp EB,  ,  ,V,G,1.0,0,14-238,,False,N,False,False,I,2025-09-06 17:50:01,Infraction Ticket,,,False,1.0,CT0011000,20250912020431000001,2025-09-06 17:50:01,17:50:01,2025,,,,2025,Moving Violation
2025-09-15 02:04:39.310000,7702675.0,CT0011000,Plainville,Racial Profile,21,25-12432,Case No.,2025-09-07 00:00:00,September,A,N,M,59,True,False, Plainville,New Britain Ave,  ,  ,V,G,3.0,0,14-271(a),,False,N,False,False,V,2025-09-07 15:00:01,Verbal Warning,,,False,1.0,CT0011000,20250915020428000001,2025-09-07 15:00:01,15:00:01,2025,,,,2025,Other
2025-09-09 02:04:45.867000,7690640.0,CT0011000,Plainville,Racial Profile,51,25-12443,Case No.,2025-09-07 00:00:00,September,B,N,M,19,True,False, Plainville,North Washington St,  ,  ,V,G,1.0,0,14-101,,False,N,False,False,V,2025-09-07 21:13:48,Verbal Warning,,,False,1.0,CT0011000,20250909020434000001,2025-09-07 21:13:48,21:13:48,2025,,,,2025,Moving Violation
2025-09-24 02:04:44.070000,7740950.0,CT0011000,Plainville,Racial Profile,53,25-12442,Case No.,2025-09-07 00:00:00,September,W,N,M,51,True,True, Plainville,West Main St,  ,  ,V,G,1.0,0,14-301,,False,N,False,False,V,2025-09-07 21:09:53,Verbal Warning,,,False,1.0,CT0011000,20250924020434000001,2025-09-07 21:09:53,21:09:53,2025,,,,2025,Stop Sign
2025-09-13 02:04:39.203000,7697983.0,CT0011000,Plainville,Racial Profile,14,25-12463,Case No.,2025-09-08 00:00:00,September,W,H,M,21,True,True, Plainville,East St,  ,  ,V,G,1.0,0,14-215,,False,N,False,False,V,2025-09-08 03:07:52,Verbal Warning,,,False,1.0,CT0011000,20250913020427000001,2025-09-08 03:07:52,03:07:52,2025,,,,2025,Administrative Offense
2025-09-11 02:04:35.447000,7693746.0,CT0011000,Plainville,Racial Profile,25,25-12470,Case No.,2025-09-08 00:00:00,September,W,N,M,59,True,False, Plainville,Central Sq,  ,  ,V,B,1.0,0,14-299,,False,N,False,False,V,2025-09-08 07:29:39,Verbal Warning,,,False,1.0,CT0011000,20250911020424000001,2025-09-08 07:29:39,07:29:39,2025,,,,2025,Traffic Control Signal
2025-09-10 02:04:45.563000,7692180.0,CT0011000,Plainville,Racial Profile,48,25-12460,Case No.,2025-09-08 00:00:00,September,W,N,M,54,True,False, Plainville,New Britain Ave,  ,  ,V,G,3.0,1,14-147(c),,False,N,False,False,I,2025-09-08 02:13:53,Infraction Ticket,,,False,1.0,CT0011000,20250910020435000001,2025-09-08 02:13:53,02:13:53,2025,14-12(a)*,,,2025,Administrative Offense
2025-09-15 02:04:39.330000,7702679.0,CT0011000,Plainville,Racial Profile,48,25-12468,Case No.,2025-09-08 00:00:00,September,W,N,M,41,True,False, Plainville,East St,  ,  ,V,G,1.0,0,14-219,,False,O,False,False,V,2025-09-08 06:54:33,Verbal Warning,,,False,1.0,CT0011000,20250915020428000001,2025-09-08 06:54:33,06:54:33,2025,,,,2025,Speed Related
2025-09-12 02:04:55.980000,7695259.0,CT0011000,Plainville,Racial Profile,25,25-12519,Case No.,2025-09-09 00:00:00,September,W,N,M,64,True,False, Plainville,North Washington St,  ,  ,V,B,1.0,0,14-241,,False,N,False,False,V,2025-09-09 14:56:06,Verbal Warning,,,False,1.0,CT0011000,20250912020431000001,2025-09-09 14:56:06,14:56:06,2025,,,,2025,Moving Violation
2025-09-14 02:04:39.740000,7699526.0,CT0011000,Plainville,Racial Profile,46,25-12487,Case No.,2025-09-09 00:00:00,September,B,H,M,23,True,False, Plainville,New Britain Ave,  ,  ,V,G,1.0,0,14-96c,,False,N,False,False,V,2025-09-09 00:18:45,Verbal Warning,,,False,1.0,CT0011000,20250914020429000001,2025-09-09 00:18:45,00:18:45,2025,,,,2025,Defective Lights
2025-09-11 02:04:35.453000,7693749.0,CT0011000,Plainville,Racial Profile,46,25-12489,Case No.,2025-09-09 00:00:00,September,B,N,M,51,True,False, Plainville,East St,  ,  ,V,G,1.0,0,14-96u,,False,N,False,False,V,2025-09-09 01:37:23,Verbal Warning,,,False,1.0,CT0011000,20250911020424000001,2025-09-09 01:37:23,01:37:23,2025,,,,2025,Defective Lights
2025-09-14 02:04:39.740000,7699527.0,CT0011000,Plainville,Racial Profile,50,25-12488,Case No.,2025-09-09 00:00:00,September,W,N,M,18,True,False, Plainville,Camp St,  ,  ,V,G,1.0,0,14-301,,False,N,False,False,V,2025-09-09 00:32:38,Verbal Warning,,,False,1.0,CT0011000,20250914020429000001,2025-09-09 00:32:38,00:32:38,2025,,,,2025,Stop Sign
2025-09-12 02:04:55.967000,7695255.0,CT0011000,Plainville,Racial Profile,50,25-12498,Case No.,2025-09-09 00:00:00,September,W,N,F,51,True,False, Plainville,Camp St,  ,  ,V,G,1.0,0,14-301,,False,N,False,False,I,2025-09-09 06:25:59,Infraction Ticket,,,False,1.0,CT0011000,20250912020431000001,2025-09-09 06:25:59,06:25:59,2025,,,,2025,Stop Sign
2025-09-12 02:04:55.967000,7695256.0,CT0011000,Plainville,Racial Profile,50,25-12503,Case No.,2025-09-09 00:00:00,September,W,N,M,62,True,False, Plainville,Webster St,  ,  ,V,G,1.0,0,14-301,,False,N,False,False,V,2025-09-09 07:16:06,Verbal Warning,,,False,1.0,CT0011000,20250912020431000001,2025-09-09 07:16:06,07:16:06,2025,,,,2025,Stop Sign
2025-09-12 02:04:55.970000,7695257.0,CT0011000,Plainville,Racial Profile,50,25-12505,Case No.,2025-09-09 00:00:00,September,W,N,F,36,True,False, Plainville,Webster St,  ,  ,V,G,3.0,0,14-301,,False,N,False,False,V,2025-09-09 07:23:55,Verbal Warning,,,False,1.0,CT0011000,20250912020431000001,2025-09-09 07:23:55,07:23:55,2025,,,,2025,Stop Sign
2025-09-11 02:04:35.463000,7693753.0,CT0011000,Plainville,Racial Profile,50,25-12506,Case No.,2025-09-09 00:00:00,September,W,N,F,59,True,False, Plainville,Webster St,  ,  ,V,G,3.0,0,14-301,,False,N,False,False,I,2025-09-09 07:31:21,Infraction Ticket,,,False,1.0,CT0011000,20250911020424000001,2025-09-09 07:31:21,07:31:21,2025,,,,2025,Stop Sign
2025-09-12 02:04:55.980000,7695260.0,CT0011000,Plainville,Racial Profile,37,25-12580,Case No.,2025-09-10 00:00:00,September,B,N,M,31,True,False, Plainville,East St,  ,  ,V,G,1.0,0,14-232(1),,False,N,False,True,V,2025-09-10 20:04:28,Verbal Warning,,,False,1.0,CT0011000,20250912020431000001,2025-09-10 20:04:28,20:04:28,2025,,,,2025,Moving Violation
2025-09-24 02:04:44.113000,7740963.0,CT0011000,Plainville,Racial Profile,49,25-12563,Case No.,2025-09-10 00:00:00,September,W,N,F,72,True,True, Plainville,Webster St,  ,  ,V,B,1.0,0,14-301,,False,N,False,False,V,2025-09-10 11:00:24,Verbal Warning,,,False,1.0,CT0011000,20250924020434000001,2025-09-10 11:00:24,11:00:24,2025,,,,2025,Stop Sign
2025-09-15 02:04:39.370000,7702690.0,CT0011000,Plainville,Racial Profile,40,25-12586,Case No.,2025-09-11 00:00:00,September,W,N,M,34,True,True, Plainville,New Britain Ave,  ,  ,V,G,1.0,0,14-96b,,False,N,False,False,V,2025-09-11 00:25:47,Verbal Warning,,,False,1.0,CT0011000,20250915020428000001,2025-09-11 00:25:47,00:25:47,2025,,,,2025,Defective Lights
2025-09-13 02:04:39.257000,7697996.0,CT0011000,Plainville,Racial Profile,40,25-12604,Case No.,2025-09-11 00:00:00,September,B,N,F,38,True,True, Plainville,Arcadia Ave,  ,  ,V,G,1.0,0,14-301,,False,N,False,False,V,2025-09-11 06:14:45,Verbal Warning,,,False,1.0,CT0011000,20250913020427000001,2025-09-11 06:14:45,06:14:45,2025,,,,2025,Stop Sign
2025-09-14 02:04:39.793000,7699537.0,CT0011000,Plainville,Racial Profile,40,25-12605,Case No.,2025-09-11 00:00:00,September,W,N,F,43,True,False, Plainville,Arcadia Ave,  ,  ,V,G,1.0,0,14-301,,False,N,False,False,V,2025-09-11 06:23:09,Verbal Warning,,,False,1.0,CT0011000,20250914020429000001,2025-09-11 06:23:09,06:23:09,2025,,,,2025,Stop Sign
2025-09-14 02:04:39.813000,7699540.0,CT0011000,Plainville,Racial Profile,40,25-12611,Case No.,2025-09-11 00:00:00,September,W,N,F,26,True,True, Plainville,Arcadia Ave,  ,  ,V,G,1.0,0,14-301,,False,N,False,False,V,2025-09-11 06:57:30,Verbal Warning,,,False,1.0,CT0011000,20250914020429000001,2025-09-11 06:57:30,06:57:30,2025,,,,2025,Stop Sign
2025-09-19 02:05:35.443000,7733091.0,CT0011000,Plainville,Racial Profile,50,25-12609,Case No.,2025-09-11 00:00:00,September,W,N,M,23,True,False, Plainville,Shuttle Meadow Rd,  ,  ,V,G,3.0,0,14-301,,False,N,False,False,V,2025-09-11 06:47:08,Verbal Warning,,,False,1.0,CT0011000,20250919020433000001,2025-09-11 06:47:08,06:47:08,2025,,,,2025,Stop Sign
2025-09-12 02:04:56.007000,7695265.0,CT0011000,Plainville,Racial Profile,50,25-12610,Case No.,2025-09-11 00:00:00,September,W,N,M,58,True,False, Plainville,Shuttle Meadow Rd,  ,  ,V,G,1.0,0,14-301,,False,N,False,False,V,2025-09-11 06:53:12,Verbal Warning,,,False,1.0,CT0011000,20250912020431000001,2025-09-11 06:53:12,06:53:12,2025,,,,2025,Stop Sign
2025-09-12 02:04:56.017000,7695267.0,CT0011000,Plainville,Racial Profile,52,25-12619,Case No.,2025-09-11 00:00:00,September,W,H,M,0,True,False, Plainville,Forestville Ave,  ,  ,I,G,1.0,0,53a-181(a)(4),,False,N,False,False,N,2025-09-11 11:26:34,No Disposition,,,False,1.0,CT0011000,20250912020431000001,2025-09-11 11:26:34,11:26:34,2025,,,,2025,Other
2025-09-15 02:04:39.403000,7702701.0,CT0011000,Plainville,Racial Profile,27,25-12682,Case No.,2025-09-12 00:00:00,September,W,N,M,37,True,False, Plainville,Northwest Dr,  ,  ,V,G,1.0,0,14-18(a),,False,N,False,False,V,2025-09-12 16:49:57,Verbal Warning,,,False,1.0,CT0011000,20250915020428000001,2025-09-12 16:49:57,16:49:57,2025,,,,2025,Display of Plates
2025-09-15 02:04:39.400000,7702699.0,CT0011000,Plainville,Racial Profile,40,25-12658,Case No.,2025-09-12 00:00:00,September,W,N,F,24,True,True, Plainville,Perron Rd,  ,  ,V,G,1.0,0,14-301,,False,O,False,False,V,2025-09-12 06:48:28,Verbal Warning,,,False,1.0,CT0011000,20250915020428000001,2025-09-12 06:48:28,06:48:28,2025,,,,2025,Stop Sign
2025-09-19 02:05:35.897000,7733098.0,CT0011000,Plainville,Racial Profile,40,25-12660,Case No.,2025-09-12 00:00:00,September,W,N,F,44,True,False, Plainville,Maxine Rd,  ,  ,V,G,1.0,0,14-301,,False,O,False,False,V,2025-09-12 07:04:16,Verbal Warning,,,False,1.0,CT0011000,20250919020433000001,2025-09-12 07:04:16,07:04:16,2025,,,,2025,Stop Sign
2025-09-23 02:04:43.240000,7739406.0,CT0011000,Plainville,Racial Profile,46,25-12664,Case No.,2025-09-12 00:00:00,September,B,N,M,56,True,False, Plainville,West Main St,  ,  ,V,G,1.0,0,14-100a(a),,False,N,False,False,V,2025-09-12 07:38:20,Verbal Warning,,,False,1.0,CT0011000,20250923020433000001,2025-09-12 07:38:20,07:38:20,2025,,,,2025,Seatbelt
2025-09-13 02:04:39.290000,7698002.0,CT0011000,Plainville,Racial Profile,48,25-12654,Case No.,2025-09-12 00:00:00,September,W,N,M,53,True,False, Plainville,New Britain Ave,  ,  ,V,G,1.0,1,14-219,,False,O,False,False,V,2025-09-12 05:53:30,Verbal Warning,,,False,1.0,CT0011000,20250913020427000001,2025-09-12 05:53:30,05:53:30,2025,,,,2025,Speed Related
2025-09-15 02:04:39.397000,7702698.0,CT0011000,Plainville,Racial Profile,48,25-12656,Case No.,2025-09-12 00:00:00,September,W,H,F,40,True,False, Plainville,New Britain Ave,  ,  ,V,G,2.0,1,14-147(c),,False,O,False,False,I,2025-09-12 06:20:35,Infraction Ticket,,,False,1.0,CT0011000,20250915020428000001,2025-09-12 06:20:35,06:20:35,2025,14-36(a)**,,,2025,Administrative Offense
2025-09-19 02:05:36.190000,7733103.0,CT0011000,Plainville,Racial Profile,34,25-12745,Case No.,2025-09-13 00:00:00,September,W,N,F,78,True,True, Plainville,East St,  ,  ,E,G,1.0,0,14-96a(a),,False,N,False,False,V,2025-09-13 21:17:52,Verbal Warning,,,False,1.0,CT0011000,20250919020433000001,2025-09-13 21:17:52,21:17:52,2025,,,,2025,Defective Lights
2025-09-14 02:04:39.843000,7699550.0,CT0011000,Plainville,Racial Profile,34,25-12747,Case No.,2025-09-13 00:00:00,September,W,H,F,34,True,False, Plainville,East St,  ,  ,E,G,1.0,0,14-96b,,False,N,False,False,V,2025-09-13 21:34:06,Verbal Warning,,,False,1.0,CT0011000,20250914020429000001,2025-09-13 21:34:06,21:34:06,2025,,,,2025,Defective Lights
2025-09-14 02:04:39.850000,7699551.0,CT0011000,Plainville,Racial Profile,34,25-12748,Case No.,2025-09-13 00:00:00,September,W,N,F,36,True,False, Plainville,East St,  ,  ,E,G,1.0,0,14-96b,,False,N,False,False,V,2025-09-13 21:44:35,Verbal Warning,,,False,1.0,CT0011000,20250914020429000001,2025-09-13 21:44:35,21:44:35,2025,,,,2025,Defective Lights
2025-09-15 02:04:39.420000,7702707.0,CT0011000,Plainville,Racial Profile,34,25-12752,Case No.,2025-09-13 00:00:00,September,W,N,F,17,True,False, Plainville,WEST MAIN ST,  ,  ,E,G,1.0,0,14-96b,,False,N,False,False,V,2025-09-13 23:28:11,Verbal Warning,,,False,1.0,CT0011000,20250915020428000001,2025-09-13 23:28:11,23:28:11,2025,,,,2025,Defective Lights
2025-09-28 02:04:38.037000,7747354.0,CT0011000,Plainville,Racial Profile,34,25-12753,Case No.,2025-09-13 00:00:00,September,W,H,F,34,True,True, Plainville,WEST MAIN ST,  ,  ,V,G,1.0,0,14-96a(a),,False,N,False,False,V,2025-09-13 23:42:17,Verbal Warning,,,False,1.0,CT0011000,20250928020427000001,2025-09-13 23:42:17,23:42:17,2025,,,,2025,Defective Lights
2025-09-15 02:04:39.410000,7702703.0,CT0011000,Plainville,Racial Profile,39,25-12737,Case No.,2025-09-13 00:00:00,September,W,N,M,73,True,True, Plainville,EAST ST,  ,  ,V,G,1.0,0,14-101,,False,N,False,False,V,2025-09-13 18:09:51,Verbal Warning,,,False,1.0,CT0011000,20250915020428000001,2025-09-13 18:09:51,18:09:51,2025,,,,2025,Moving Violation
2025-09-14 02:04:39.837000,7699547.0,CT0011000,Plainville,Racial Profile,40,25-12704,Case No.,2025-09-13 00:00:00,September,B,N,F,21,True,False, Plainville,East St,  ,  ,V,G,1.0,0,14-301,,False,N,False,False,V,2025-09-13 01:25:41,Verbal Warning,,,False,1.0,CT0011000,20250914020429000001,2025-09-13 01:25:41,01:25:41,2025,14-12(a)*,,,2025,Stop Sign
2025-09-17 02:04:37.257000,7728653.0,CT0011000,Plainville,Racial Profile,50,25-12767,Case No.,2025-09-14 00:00:00,September,W,H,M,18,True,False, Plainville,New Britain Ave,  ,  ,V,G,2.0,0,14-96c,,False,N,False,False,I,2025-09-14 02:11:46,Infraction Ticket,,,False,1.0,CT0011000,20250917020427000001,2025-09-14 02:11:46,02:11:46,2025,,,,2025,Defective Lights
2025-09-15 02:04:39.423000,7702708.0,CT0011000,Plainville,Racial Profile,51,25-12774,Case No.,2025-09-14 00:00:00,September,W,N,F,65,True,True, Plainville,Meriline Ave,  ,  ,V,G,1.0,0,14-101,,False,N,False,False,V,2025-09-14 11:22:56,Verbal Warning,,,False,1.0,CT0011000,20250915020428000001,2025-09-14 11:22:56,11:22:56,2025,,,,2025,Moving Violation
2025-09-16 02:04:49.963000,7725751.0,CT0011000,Plainville,Racial Profile,51,25-12787,Case No.,2025-09-14 00:00:00,September,W,N,F,58,True,True, Plainville,Woodford Ave,  ,  ,V,G,1.0,0,14-101,,False,N,False,False,V,2025-09-14 17:12:47,Verbal Warning,,,False,1.0,CT0011000,20250916020440000001,2025-09-14 17:12:47,17:12:47,2025,,,,2025,Moving Violation
2025-09-20 02:04:43.637000,7734655.0,CT0011000,Plainville,Racial Profile,52,25-12783,Case No.,2025-09-14 00:00:00,September,W,H,M,0,True,False, Plainville,RT 72 West Bound,  ,  ,I,B,1.0,0,53a-181(a)(4),,False,N,False,False,N,2025-09-14 15:58:37,No Disposition,,,False,1.0,CT0011000,20250920020433000001,2025-09-14 15:58:37,15:58:37,2025,,,,2025,Other
2025-09-30 02:04:39.730000,7750652.0,CT0011000,Plainville,Racial Profile,51,25-12822,Case No.,2025-09-15 00:00:00,September,W,N,F,61,True,True, Plainville,North Washington St,  ,  ,V,G,1.0,0,14-101,,False,N,False,False,V,2025-09-15 11:51:03,Verbal Warning,,,False,1.0,CT0011000,20250930020430000001,2025-09-15 11:51:03,11:51:03,2025,,,,2025,Moving Violation
2025-09-24 02:04:44.200000,7740989.0,CT0011000,Plainville,Racial Profile,51,25-12827,Case No.,2025-09-15 00:00:00,September,B,N,M,36,True,False, Plainville,West Main St,  ,  ,V,G,1.0,0,14-101,,False,N,False,False,V,2025-09-15 13:35:13,Verbal Warning,,,False,1.0,CT0011000,20250924020434000001,2025-09-15 13:35:13,13:35:13,2025,,,,2025,Moving Violation
2025-09-19 02:05:36.540000,7733113.0,CT0011000,Plainville,Racial Profile,51,25-12830,Case No.,2025-09-15 00:00:00,September,W,N,F,45,True,False, Plainville,Redstone Hill,  ,  ,V,G,1.0,0,14-301,,False,N,False,False,V,2025-09-15 14:11:23,Verbal Warning,,,False,1.0,CT0011000,20250919020433000001,2025-09-15 14:11:23,14:11:23,2025,,,,2025,Stop Sign
2025-09-18 02:04:40.427000,7730697.0,CT0011000,Plainville,Racial Profile,51,25-12831,Case No.,2025-09-15 00:00:00,September,W,H,F,27,True,False, Plainville,Redstone Hill,  ,  ,V,G,1.0,0,14-301,,False,N,False,False,V,2025-09-15 14:17:54,Verbal Warning,,,False,1.0,CT0011000,20250918020429000001,2025-09-15 14:17:54,14:17:54,2025,,,,2025,Stop Sign
2025-09-19 02:05:36.630000,7733115.0,CT0011000,Plainville,Racial Profile,39,25-12885,Case No.,2025-09-16 00:00:00,September,W,N,F,56,True,False, Plainville,Farmington Ave,  ,  ,E,G,1.0,0,14-96c,,False,N,False,False,V,2025-09-16 23:09:11,Verbal Warning,,,False,1.0,CT0011000,20250919020433000001,2025-09-16 23:09:11,23:09:11,2025,,,,2025,Defective Lights
2025-10-10 02:05:20.587000,7767806.0,CT0011000,Plainville,Racial Profile,39,25-12886,Case No.,2025-09-16 00:00:00,September,W,N,F,24,True,True, Plainville,New Britain Ave,  ,  ,E,G,1.0,0,14-96c,,False,N,False,False,V,2025-09-16 23:17:01,Verbal Warning,,,False,1.0,CT0011000,20251010020451000001,2025-09-16 23:17:01,23:17:01,2025,,,,2025,Defective Lights
2025-09-21 02:04:43.253000,7736232.0,CT0011000,Plainville,Racial Profile,53,25-12887,Case No.,2025-09-16 00:00:00,September,W,H,M,19,True,False, Plainville,West Main St,  ,  ,V,G,2.0,1,14-96c,,False,N,False,False,I,2025-09-16 23:29:43,Infraction Ticket,,,False,1.0,CT0011000,20250921020432000001,2025-09-16 23:29:43,23:29:43,2025,14-213b,,,2025,Defective Lights
2025-09-21 02:04:43.257000,7736233.0,CT0011000,Plainville,Racial Profile,36,25-12902,Case No.,2025-09-17 00:00:00,September,W,H,M,40,True,False, Plainville,New Britain Ave,  ,  ,V,G,1.0,0,14-299,,False,N,False,False,V,2025-09-17 08:26:34,Verbal Warning,,,False,1.0,CT0011000,20250921020432000001,2025-09-17 08:26:34,08:26:34,2025,,,,2025,Traffic Control Signal
2025-09-23 02:04:43.300000,7739426.0,CT0011000,Plainville,Racial Profile,36,25-12905,Case No.,2025-09-17 00:00:00,September,W,H,M,58,True,False, Plainville,Farmington Ave,  ,  ,V,G,1.0,0,14-12(a)*,,False,N,False,False,V,2025-09-17 08:49:33,Verbal Warning,,,False,1.0,CT0011000,20250923020433000001,2025-09-17 08:49:33,08:49:33,2025,,,,2025,Registration
2025-12-08 02:05:58.423000,7940040.0,CT0011000,Plainville,Racial Profile,36,25-12923,Case No.,2025-09-17 00:00:00,September,A,M,M,34,True,False, Plainville,New Britain Ave,  ,  ,V,G,1.0,0,14-299,,False,N,False,False,V,2025-09-17 15:49:47,Verbal Warning,,,False,1.0,CT0011000,20251208020544000001,2025-09-17 15:49:47,15:49:47,2025,,,,2025,Traffic Control Signal
2025-09-30 02:04:39.750000,7750661.0,CT0011000,Plainville,Racial Profile,36,25-12923,Case No.,2025-09-17 00:00:00,September,I,M,M,34,True,False, Plainville,New Britain Ave,  ,  ,V,G,1.0,0,14-299,,False,N,False,False,V,2025-09-17 15:49:47,Verbal Warning,,,False,1.0,CT0011000,20250930020430000001,2025-09-17 15:49:47,15:49:47,2025,,,,2025,Traffic Control Signal
2025-09-19 02:05:36.840000,7733119.0,CT0011000,Plainville,Racial Profile,40,25-12949,Case No.,2025-09-18 00:00:00,September,W,H,M,41,True,True, Plainville,Maxine Rd,  ,  ,V,G,1.0,0,14-301,,False,N,False,False,V,2025-09-18 07:10:44,Verbal Warning,,,False,1.0,CT0011000,20250919020433000001,2025-09-18 07:10:44,07:10:44,2025,,,,2025,Stop Sign
2025-09-19 02:05:36.850000,7733120.0,CT0011000,Plainville,Racial Profile,40,25-12950,Case No.,2025-09-18 00:00:00,September,W,H,M,75,True,True, Plainville,Unionville Ave,  ,  ,V,G,1.0,0,14-301,,False,N,False,False,V,2025-09-18 07:20:30,Verbal Warning,,,False,1.0,CT0011000,20250919020433000001,2025-09-18 07:20:30,07:20:30,2025,,,,2025,Stop Sign
2025-09-23 02:04:43.310000,7739430.0,CT0011000,Plainville,Racial Profile,40,25-12951,Case No.,2025-09-18 00:00:00,September,W,H,F,40,True,True, Plainville,Unionville Ave,  ,  ,V,G,1.0,0,14-301,,False,N,False,False,V,2025-09-18 07:26:19,Verbal Warning,,,False,1.0,CT0011000,20250923020433000001,2025-09-18 07:26:19,07:26:19,2025,,,,2025,Stop Sign
2025-09-19 02:05:36.997000,7733123.0,CT0011000,Plainville,Racial Profile,51,25-12982,Case No.,2025-09-18 00:00:00,September,W,N,M,43,True,True, Plainville,Farmington Ave,  ,  ,V,G,1.0,0,14-299,,False,N,False,False,V,2025-09-18 19:27:54,Verbal Warning,,,False,1.0,CT0011000,20250919020433000001,2025-09-18 19:27:54,19:27:54,2025,,,,2025,Traffic Control Signal
2025-09-23 02:04:43.320000,7739432.0,CT0011000,Plainville,Racial Profile,52,25-12984,Case No.,2025-09-18 00:00:00,September,W,N,F,54,True,True, Plainville,Bradley St,  ,  ,V,B,1.0,0,14-96c,,False,N,False,False,V,2025-09-18 20:34:33,Verbal Warning,,,False,1.0,CT0011000,20250923020433000001,2025-09-18 20:34:33,20:34:33,2025,,,,2025,Defective Lights
2025-09-26 02:04:50.117000,7744168.0,CT0011000,Plainville,Racial Profile,53,25-12979,Case No.,2025-09-18 00:00:00,September,W,N,M,82,True,True, Plainville,EAST ST,  ,  ,V,G,1.0,0,14-96a(a),,False,N,False,False,V,2025-09-18 18:33:51,Verbal Warning,,,False,1.0,CT0011000,20250926020431000001,2025-09-18 18:33:51,18:33:51,2025,,,,2025,Defective Lights
2025-09-28 02:04:38.200000,7747378.0,CT0011000,Plainville,Racial Profile,21,25-13020,Case No.,2025-09-19 00:00:00,September,W,N,F,71,True,False, Plainville,New Britain Ave,  ,  ,V,G,1.0,0,14-12(a)*,,False,N,False,False,V,2025-09-19 13:46:59,Verbal Warning,,,False,1.0,CT0011000,20250928020427000001,2025-09-19 13:46:59,13:46:59,2025,,,,2025,Registration
2025-09-29 02:04:48.883000,7748978.0,CT0011000,Plainville,Racial Profile,21,25-13024,Case No.,2025-09-19 00:00:00,September,W,H,F,51,True,False, Plainville,New Britain Ave,  ,  ,V,G,3.0,1,14-12(a)*,,False,N,False,False,I,2025-09-19 14:44:27,Infraction Ticket,,,False,1.0,CT0011000,20250929020436000001,2025-09-19 14:44:27,14:44:27,2025,,,,2025,Registration
2025-09-23 02:04:43.327000,7739435.0,CT0011000,Plainville,Racial Profile,40,25-13010,Case No.,2025-09-19 00:00:00,September,A,N,F,61,True,False, Plainville,Arcadia Ave,  ,  ,V,G,1.0,0,14-301,,False,N,False,False,V,2025-09-19 07:27:38,Verbal Warning,,,False,1.0,CT0011000,20250923020433000001,2025-09-19 07:27:38,07:27:38,2025,,,,2025,Stop Sign
2025-09-29 02:04:48.877000,7748976.0,CT0011000,Plainville,Racial Profile,40,25-13011,Case No.,2025-09-19 00:00:00,September,B,N,F,55,True,False, Plainville,Arcadia Ave,  ,  ,V,G,1.0,0,14-301,,False,N,False,False,V,2025-09-19 07:34:24,Verbal Warning,,,False,1.0,CT0011000,20250929020436000001,2025-09-19 07:34:24,07:34:24,2025,,,,2025,Stop Sign
2025-09-30 02:04:39.770000,7750668.0,CT0011000,Plainville,Racial Profile,48,25-12995,Case No.,2025-09-19 00:00:00,September,W,H,M,22,True,False, Plainville,Camp St,  ,  ,V,G,2.0,0,14-301,,False,N,False,False,V,2025-09-19 01:05:06,Verbal Warning,,,False,1.0,CT0011000,20250930020430000001,2025-09-19 01:05:06,01:05:06,2025,,,,2025,Stop Sign
2025-09-23 02:04:43.330000,7739437.0,CT0011000,Plainville,Racial Profile,51,25-13039,Case No.,2025-09-19 00:00:00,September,W,N,F,52,True,True, Plainville,East St,  ,  ,V,G,1.0,0,14-101,,False,N,False,False,V,2025-09-19 22:26:49,Verbal Warning,,,False,1.0,CT0011000,20250923020433000001,2025-09-19 22:26:49,22:26:49,2025,,,,2025,Moving Violation
2025-11-02 02:05:29.100000,7848337.0,CT0011000,Plainville,Racial Profile,51,25-13044,Case No.,2025-09-19 00:00:00,September,B,N,M,28,True,False, Plainville,East St,  ,  ,V,G,2.0,1,14-96a(a),,False,N,False,False,I,2025-09-19 23:15:17,Infraction Ticket,,,False,1.0,CT0011000,20251102020516000001,2025-09-19 23:15:17,23:15:17,2025,,,,2025,Defective Lights
2025-09-23 02:04:43.333000,7739438.0,CT0011000,Plainville,Racial Profile,53,25-13041,Case No.,2025-09-19 00:00:00,September,W,H,M,44,True,False, Plainville,Whiting St,  ,  ,V,G,1.0,0,14-18(c),,False,N,False,False,V,2025-09-19 22:53:17,Verbal Warning,,,False,1.0,CT0011000,20250923020433000001,2025-09-19 22:53:17,22:53:17,2025,,,,2025,Display of Plates
2025-10-05 02:04:45.650000,7759466.0,CT0011000,Plainville,Racial Profile,36,25-13095,Case No.,2025-09-20 00:00:00,September,W,N,F,58,True,False, Plainville,Pine St,  ,  ,V,G,1.0,0,14-12(a)*,,False,N,False,False,V,2025-09-20 18:22:48,Verbal Warning,,,False,1.0,CT0011000,20251005020435000001,2025-09-20 18:22:48,18:22:48,2025,,,,2025,Registration
2025-09-23 02:04:43.353000,7739446.0,CT0011000,Plainville,Racial Profile,48,25-13098,Case No.,2025-09-20 00:00:00,September,B,N,F,39,True,False, Plainville,New Britain Ave,  ,  ,V,G,1.0,0,14-96f,,False,N,False,False,V,2025-09-20 20:12:07,Verbal Warning,,,False,1.0,CT0011000,20250923020433000001,2025-09-20 20:12:07,20:12:07,2025,,,,2025,Defective Lights
2025-09-21 02:04:43.313000,7736254.0,CT0011000,Plainville,Racial Profile,48,25-13101,Case No.,2025-09-20 00:00:00,September,B,N,F,25,True,False, Plainville,New Britain Ave,  ,  ,V,G,2.0,1,14-215(a),,False,N,False,False,M,2025-09-20 21:06:46,Misdemeanor Summons,,,False,1.0,CT0011000,20250921020432000001,2025-09-20 21:06:46,21:06:46,2025,,,,2025,Administrative Offense
2025-09-23 02:04:43.337000,7739439.0,CT0011000,Plainville,Racial Profile,50,25-13063,Case No.,2025-09-20 00:00:00,September,B,N,M,43,True,False, Plainville,East Main St,  ,  ,V,G,1.0,0,14-299,,False,N,False,False,V,2025-09-20 09:21:45,Verbal Warning,,,False,1.0,CT0011000,20250923020433000001,2025-09-20 09:21:45,09:21:45,2025,,,,2025,Traffic Control Signal
2025-09-22 02:04:39.030000,7737801.0,CT0011000,Plainville,Racial Profile,51,25-13064,Case No.,2025-09-20 00:00:00,September,W,N,F,84,True,True, Plainville,Crooked St,  ,  ,V,G,1.0,0,14-101,,False,N,False,False,V,2025-09-20 09:48:50,Verbal Warning,,,False,1.0,CT0011000,20250922020430000001,2025-09-20 09:48:50,09:48:50,2025,,,,2025,Moving Violation
2025-09-22 02:04:39.033000,7737802.0,CT0011000,Plainville,Racial Profile,51,25-13065,Case No.,2025-09-20 00:00:00,September,W,N,F,73,True,True, Plainville,Woodford Ave,  ,  ,V,G,1.0,0,14-101,,False,N,False,False,V,2025-09-20 09:52:10,Verbal Warning,,,False,1.0,CT0011000,20250922020430000001,2025-09-20 09:52:10,09:52:10,2025,,,,2025,Moving Violation
2025-09-24 02:04:44.280000,7741014.0,CT0011000,Plainville,Racial Profile,51,25-13066,Case No.,2025-09-20 00:00:00,September,W,N,F,50,True,True, Plainville,Linden St,  ,  ,V,G,1.0,0,14-101,,False,N,False,False,V,2025-09-20 09:56:54,Verbal Warning,,,False,1.0,CT0011000,20250924020434000001,2025-09-20 09:56:54,09:56:54,2025,,,,2025,Moving Violation
2025-09-22 02:04:39.047000,7737806.0,CT0011000,Plainville,Racial Profile,51,25-13097,Case No.,2025-09-20 00:00:00,September,W,N,F,17,True,False, Plainville,East Maple St,  ,  ,V,G,1.0,0,14-299,,False,N,False,False,V,2025-09-20 20:08:04,Verbal Warning,,,False,1.0,CT0011000,20250922020430000001,2025-09-20 20:08:04,20:08:04,2025,,,,2025,Traffic Control Signal
2025-09-21 02:04:43.317000,7736255.0,CT0011000,Plainville,Racial Profile,51,25-13103,Case No.,2025-09-20 00:00:00,September,W,N,M,20,True,False, Plainville,Woodford Ave,  ,  ,V,G,2.0,1,14-213b,,False,N,False,False,I,2025-09-20 21:36:47,Infraction Ticket,,,False,1.0,CT0011000,20250921020432000001,2025-09-20 21:36:47,21:36:47,2025,,,,2025,Administrative Offense
2025-09-22 02:04:39.040000,7737804.0,CT0011000,Plainville,Racial Profile,7,25-13080,Case No.,2025-09-20 00:00:00,September,W,N,M,39,True,True, Plainville,Whiting St,  ,  ,V,S,1.0,0,14-218a,,False,N,False,False,V,2025-09-20 14:44:57,Verbal Warning,,,False,1.0,CT0011000,20250922020430000001,2025-09-20 14:44:57,14:44:57,2025,,,,2025,Speed Related
2025-09-23 02:04:43.347000,7739444.0,CT0011000,Plainville,Racial Profile,7,25-13082,Case No.,2025-09-20 00:00:00,September,W,N,M,44,True,True, Plainville,Pierce St,  ,  ,V,S,1.0,0,14-218a,,False,N,False,False,V,2025-09-20 15:05:36,Verbal Warning,,,False,1.0,CT0011000,20250923020433000001,2025-09-20 15:05:36,15:05:36,2025,,,,2025,Speed Related
2025-10-08 02:04:57.230000,7764532.0,CT0011000,Plainville,Racial Profile,48,25-13111,Case No.,2025-09-21 00:00:00,September,W,N,F,31,True,False, Plainville,East St,  ,  ,V,G,2.0,1,14-215,,False,N,False,False,M,2025-09-21 01:25:00,Misdemeanor Summons,,,False,1.0,CT0011000,20251008020445000001,2025-09-21 01:25:00,01:25:00,2025,,,,2025,Administrative Offense
2025-09-23 02:04:43.360000,7739450.0,CT0011000,Plainville,Racial Profile,51,25-13134,Case No.,2025-09-21 00:00:00,September,W,H,M,28,False,False, Plainville,Broad St,  ,  ,V,G,1.0,0,14-301,,False,N,False,False,V,2025-09-21 19:40:14,Verbal Warning,,,False,1.0,CT0011000,20250923020433000001,2025-09-21 19:40:14,19:40:14,2025,,,,2025,Stop Sign
2025-09-23 02:04:43.363000,7739451.0,CT0011000,Plainville,Racial Profile,51,25-13136,Case No.,2025-09-21 00:00:00,September,W,N,M,29,True,True, Plainville,South Washington St,  ,  ,V,G,1.0,0,14-96a(a),,False,N,False,False,V,2025-09-21 19:45:51,Verbal Warning,,,False,1.0,CT0011000,20250923020433000001,2025-09-21 19:45:51,19:45:51,2025,,,,2025,Defective Lights
2025-09-24 02:04:44.307000,7741024.0,CT0011000,Plainville,Racial Profile,52,25-13144,Case No.,2025-09-21 00:00:00,September,W,N,M,19,True,True, Plainville,New Britain Ave,  ,  ,E,B,1.0,0,14-96a(a),,False,N,False,False,V,2025-09-21 22:38:52,Verbal Warning,,,False,1.0,CT0011000,20250924020434000001,2025-09-21 22:38:52,22:38:52,2025,,,,2025,Defective Lights
2025-09-22 02:04:39.103000,7737814.0,CT0011000,Plainville,Racial Profile,52,25-13145,Case No.,2025-09-21 00:00:00,September,W,N,M,27,True,True, Plainville,New Britain Ave,  ,  ,E,B,1.0,0,14-96b,,False,N,False,False,I,2025-09-21 22:51:32,Infraction Ticket,,,False,1.0,CT0011000,20250922020430000001,2025-09-21 22:51:32,22:51:32,2025,,,,2025,Defective Lights
2025-09-23 02:04:43.370000,7739454.0,CT0011000,Plainville,Racial Profile,50,25-13161,Case No.,2025-09-22 00:00:00,September,W,N,M,76,True,True, Plainville,West Main St,  ,  ,V,G,1.0,0,14-301,,False,N,False,False,V,2025-09-22 07:40:17,Verbal Warning,,,False,1.0,CT0011000,20250923020433000001,2025-09-22 07:40:17,07:40:17,2025,,,,2025,Stop Sign
2025-09-30 02:04:39.830000,7750693.0,CT0011000,Plainville,Racial Profile,52,25-13190,Case No.,2025-09-22 00:00:00,September,W,N,F,63,True,False, Plainville,Redstone Hill,  ,  ,V,B,1.0,0,14-12(a),,False,N,False,False,V,2025-09-22 19:37:35,Verbal Warning,,,False,1.0,CT0011000,20250930020430000001,2025-09-22 19:37:35,19:37:35,2025,,,,2025,Registration
2025-09-23 02:04:43.383000,7739458.0,CT0011000,Plainville,Racial Profile,52,25-13194,Case No.,2025-09-22 00:00:00,September,W,N,M,73,True,False, Plainville,Northwest Dr,  ,  ,V,B,2.0,0,14-219,,False,N,False,False,V,2025-09-22 20:53:53,Verbal Warning,,,False,1.0,CT0011000,20250923020433000001,2025-09-22 20:53:53,20:53:53,2025,,,,2025,Speed Related
2025-09-27 02:04:49.023000,7745796.0,CT0011000,Plainville,Racial Profile,52,25-13196,Case No.,2025-09-22 00:00:00,September,W,N,M,31,True,False, Plainville,Redstone Hill,  ,  ,V,B,1.0,0,14-219,,False,N,False,False,V,2025-09-22 22:07:11,Verbal Warning,,,False,1.0,CT0011000,20250927020436000001,2025-09-22 22:07:11,22:07:11,2025,,,,2025,Speed Related
2025-09-26 02:04:50.420000,7744194.0,CT0011000,Plainville,Racial Profile,53,25-13185,Case No.,2025-09-22 00:00:00,September,W,N,M,72,True,True, Plainville,Arcadia Ave,  ,  ,V,G,1.0,0,14-301,,False,N,False,False,V,2025-09-22 17:17:13,Verbal Warning,,,False,1.0,CT0011000,20250926020431000001,2025-09-22 17:17:13,17:17:13,2025,,,,2025,Stop Sign
2025-09-27 02:04:49.003000,7745793.0,CT0011000,Plainville,Racial Profile,53,25-13186,Case No.,2025-09-22 00:00:00,September,W,N,M,0,True,True, Plainville,Arcadia Ave,  ,  ,E,G,2.0,0,14-96a(a),,False,N,False,False,I,2025-09-22 17:32:09,Infraction Ticket,,,False,1.0,CT0011000,20250927020436000001,2025-09-22 17:32:09,17:32:09,2025,14-36(a),,,2025,Defective Lights
2025-09-24 02:04:44.330000,7741032.0,CT0011000,Plainville,Racial Profile,53,25-13198,Case No.,2025-09-22 00:00:00,September,W,N,F,42,True,True, Plainville,New Britain Ave,  ,  ,E,G,2.0,0,14-96c,,False,N,False,False,I,2025-09-22 22:58:28,Infraction Ticket,,,False,1.0,CT0011000,20250924020434000001,2025-09-22 22:58:28,22:58:28,2025,14-36(a),,,2025,Defective Lights
2025-09-24 02:04:44.340000,7741036.0,CT0011000,Plainville,Racial Profile,21,25-13218,Case No.,2025-09-23 00:00:00,September,B,N,F,36,True,False, Plainville,New Britain Ave,  ,  ,V,G,1.0,0,14-12(a)*,,False,N,False,False,I,2025-09-23 09:21:07,Infraction Ticket,,,False,1.0,CT0011000,20250924020434000001,2025-09-23 09:21:07,09:21:07,2025,,,,2025,Registration
2025-09-27 02:04:49.047000,7745804.0,CT0011000,Plainville,Racial Profile,21,25-13239,Case No.,2025-09-23 00:00:00,September,W,H,M,49,True,False, Plainville,New Britain Ave,  ,  ,V,G,3.0,1,14-147(c),,False,N,False,False,M,2025-09-23 15:19:08,Misdemeanor Summons,,,False,1.0,CT0011000,20250927020436000001,2025-09-23 15:19:08,15:19:08,2025,14-213b,,,2025,Administrative Offense
2025-10-13 02:05:08.693000,7774029.0,CT0011000,Plainville,Racial Profile,22,25-13230,Case No.,2025-09-23 00:00:00,September,W,N,F,35,True,False, Plainville,Woodford Ave,  ,  ,V,G,1.0,0,14-299,,False,N,False,False,V,2025-09-23 11:54:55,Verbal Warning,,,False,1.0,CT0011000,20251013020456000001,2025-09-23 11:54:55,11:54:55,2025,,,,2025,Traffic Control Signal
2025-09-26 02:04:50.547000,7744207.0,CT0011000,Plainville,Racial Profile,39,25-13246,Case No.,2025-09-23 00:00:00,September,W,N,M,88,True,False, Plainville,Crooked St,  ,  ,E,G,1.0,0,14-237,,False,N,False,False,V,2025-09-23 17:07:01,Verbal Warning,,,False,1.0,CT0011000,20250926020431000001,2025-09-23 17:07:01,17:07:01,2025,,,,2025,Moving Violation
2025-09-30 02:04:39.843000,7750700.0,CT0011000,Plainville,Racial Profile,46,25-13215,Case No.,2025-09-23 00:00:00,September,W,N,F,29,True,False, Plainville,West Main St,  ,  ,V,G,1.0,0,14-219,,False,N,False,False,V,2025-09-23 07:26:08,Verbal Warning,,,False,1.0,CT0011000,20250930020430000001,2025-09-23 07:26:08,07:26:08,2025,,,,2025,Speed Related
2025-10-02 02:04:42.880000,7754562.0,CT0011000,Plainville,Racial Profile,46,25-13216,Case No.,2025-09-23 00:00:00,September,W,N,M,45,True,False, Plainville,East Main St,  ,  ,V,G,1.0,0,14-219,,False,N,False,False,V,2025-09-23 07:38:47,Verbal Warning,,,False,1.0,CT0011000,20251002020432000001,2025-09-23 07:38:47,07:38:47,2025,,,,2025,Speed Related
2025-09-25 02:04:40.603000,7742606.0,CT0011000,Plainville,Racial Profile,50,25-13212,Case No.,2025-09-23 00:00:00,September,W,N,M,18,True,True, Plainville,Linden St,  ,  ,V,G,1.0,0,14-301,,False,N,False,False,V,2025-09-23 07:09:15,Verbal Warning,,,False,1.0,CT0011000,20250925020429000001,2025-09-23 07:09:15,07:09:15,2025,,,,2025,Stop Sign
2025-10-11 02:05:01.547000,7770690.0,CT0011000,Plainville,Racial Profile,50,25-13213,Case No.,2025-09-23 00:00:00,September,W,N,M,55,True,True, Plainville,Linden St,  ,  ,V,G,1.0,0,14-301,,False,N,False,False,V,2025-09-23 07:18:03,Verbal Warning,,,False,1.0,CT0011000,20251011020447000001,2025-09-23 07:18:03,07:18:03,2025,,,,2025,Stop Sign
2025-09-26 02:04:50.500000,7744202.0,CT0011000,Plainville,Racial Profile,50,25-13214,Case No.,2025-09-23 00:00:00,September,W,N,M,49,True,True, Plainville,Linden St,  ,  ,V,G,1.0,0,14-301,,False,N,False,False,V,2025-09-23 07:23:33,Verbal Warning,,,False,1.0,CT0011000,20250926020431000001,2025-09-23 07:23:33,07:23:33,2025,,,,2025,Stop Sign
2025-12-05 02:06:03.407000,7933843.0,CT0011000,Plainville,Racial Profile,52,25-13251,Case No.,2025-09-23 00:00:00,September,A,N,M,53,False,False, Plainville,New Britain Ave,  ,  ,V,B,2.0,0,14-96b,,False,N,False,False,V,2025-09-23 21:07:05,Verbal Warning,,,False,1.0,CT0011000,20251205020544000001,2025-09-23 21:07:05,21:07:05,2025,,,,2025,Defective Lights
2025-09-25 02:04:40.623000,7742611.0,CT0011000,Plainville,Racial Profile,52,25-13251,Case No.,2025-09-23 00:00:00,September,I,N,M,53,False,False, Plainville,New Britain Ave,  ,  ,V,B,2.0,0,14-96b,,False,N,False,False,V,2025-09-23 21:07:05,Verbal Warning,,,False,1.0,CT0011000,20250925020429000001,2025-09-23 21:07:05,21:07:05,2025,,,,2025,Defective Lights
2025-09-27 02:04:49.067000,7745807.0,CT0011000,Plainville,Racial Profile,53,25-13257,Case No.,2025-09-23 00:00:00,September,W,N,M,34,True,False, Plainville,Bradley St,  ,  ,V,G,1.0,0,14-96a(a),,False,N,False,False,W,2025-09-23 22:35:17,Written Ticket,,,False,1.0,CT0011000,20250927020436000001,2025-09-23 22:35:17,22:35:17,2025,14-36(a),,,2025,Defective Lights
2025-09-25 02:04:40.627000,7742613.0,CT0011000,Plainville,Racial Profile,53,25-13258,Case No.,2025-09-23 00:00:00,September,W,N,M,81,True,True, Plainville,Bradley St,  ,  ,V,G,1.0,0,14-236,,False,N,False,False,V,2025-09-23 22:56:31,Verbal Warning,,,False,1.0,CT0011000,20250925020429000001,2025-09-23 22:56:31,22:56:31,2025,,,,2025,Moving Violation
2025-09-27 02:04:49.040000,7745802.0,CT0011000,Plainville,Racial Profile,54,25-13223,Case No.,2025-09-23 00:00:00,September,W,N,F,40,True,False, Plainville,Cooke St,  ,  ,V,G,2.0,0,14-12(a)*,,False,N,False,False,V,2025-09-23 10:09:54,Verbal Warning,,,False,1.0,CT0011000,20250927020436000001,2025-09-23 10:09:54,10:09:54,2025,,,,2025,Registration
2025-10-08 02:04:57.273000,7764551.0,CT0011000,Plainville,Racial Profile,54,25-13225,Case No.,2025-09-23 00:00:00,September,W,N,M,31,True,False, Plainville,New Britain Ave,  ,  ,V,G,2.0,0,14-12(a)*,,False,N,False,False,I,2025-09-23 10:29:02,Infraction Ticket,,,False,1.0,CT0011000,20251008020445000001,2025-09-23 10:29:02,10:29:02,2025,,,,2025,Registration
2025-09-29 02:04:49.007000,7749018.0,CT0011000,Plainville,Racial Profile,21,25-13301,Case No.,2025-09-24 00:00:00,September,W,N,M,25,True,True, Plainville,East St,  ,  ,V,G,3.0,0,14-215,,False,N,False,False,V,2025-09-24 15:34:46,Verbal Warning,,,False,1.0,CT0011000,20250929020436000001,2025-09-24 15:34:46,15:34:46,2025,14-213b,,,2025,Administrative Offense
2025-09-25 02:04:40.637000,7742618.0,CT0011000,Plainville,Racial Profile,27,25-13303,Case No.,2025-09-24 00:00:00,September,W,N,F,63,True,True, Plainville,West Main St,  ,  ,V,B,1.0,0,14-18(a),,False,N,False,False,V,2025-09-24 16:54:24,Verbal Warning,,,False,1.0,CT0011000,20250925020429000001,2025-09-24 16:54:24,16:54:24,2025,,,,2025,Display of Plates
2025-09-28 02:04:38.320000,7747422.0,CT0011000,Plainville,Racial Profile,27,25-13307,Case No.,2025-09-24 00:00:00,September,W,N,M,52,True,True, Plainville,Milford St Ext,  ,  ,V,B,1.0,0,14-301,,False,N,False,False,V,2025-09-24 17:10:41,Verbal Warning,,,False,1.0,CT0011000,20250928020427000001,2025-09-24 17:10:41,17:10:41,2025,,,,2025,Stop Sign
2025-09-28 02:04:38.313000,7747420.0,CT0011000,Plainville,Racial Profile,39,25-13304,Case No.,2025-09-24 00:00:00,September,W,N,F,74,True,True, Plainville,West Main St,  ,  ,E,G,1.0,0,14-18(c),,False,N,False,False,V,2025-09-24 16:54:29,Verbal Warning,,,False,1.0,CT0011000,20250928020427000001,2025-09-24 16:54:29,16:54:29,2025,,,,2025,Display of Plates
2025-09-28 02:04:38.320000,7747423.0,CT0011000,Plainville,Racial Profile,39,25-13308,Case No.,2025-09-24 00:00:00,September,W,N,F,41,True,False, Plainville,East St,  ,  ,E,G,1.0,0,14-18(c),,False,N,False,False,V,2025-09-24 17:31:17,Verbal Warning,,,False,1.0,CT0011000,20250928020427000001,2025-09-24 17:31:17,17:31:17,2025,,,,2025,Display of Plates
2025-09-25 02:04:40.633000,7742616.0,CT0011000,Plainville,Racial Profile,40,25-13281,Case No.,2025-09-24 00:00:00,September,W,N,M,43,True,True, Plainville,Maxine Rd,  ,  ,V,G,1.0,0,14-301,,False,N,False,False,V,2025-09-24 07:29:21,Verbal Warning,,,False,1.0,CT0011000,20250925020429000001,2025-09-24 07:29:21,07:29:21,2025,,,,2025,Stop Sign
2025-09-26 02:04:50.570000,7744211.0,CT0011000,Plainville,Racial Profile,48,25-13268,Case No.,2025-09-24 00:00:00,September,B,N,M,57,True,False, Plainville,Hooker St,  ,  ,V,G,2.0,1,14-215,,False,N,False,False,M,2025-09-24 01:30:40,Misdemeanor Summons,,,False,1.0,CT0011000,20250926020431000001,2025-09-24 01:30:40,01:30:40,2025,,,,2025,Administrative Offense
2025-09-27 02:04:49.087000,7745810.0,CT0011000,Plainville,Racial Profile,48,25-13273,Case No.,2025-09-24 00:00:00,September,W,N,M,31,True,False, Plainville,New Britain Ave,  ,  ,V,G,2.0,1,14-147(c),,False,N,False,False,I,2025-09-24 02:24:22,Infraction Ticket,,,False,1.0,CT0011000,20250927020436000001,2025-09-24 02:24:22,02:24:22,2025,,,,2025,Administrative Offense
2025-10-10 02:05:21.337000,7767864.0,CT0011000,Plainville,Racial Profile,49,25-13282,Case No.,2025-09-24 00:00:00,September,W,N,F,44,True,True, Plainville,East Main St,  ,  ,V,G,1.0,0,14-301,,False,N,False,False,V,2025-09-24 07:44:32,Verbal Warning,,,False,1.0,CT0011000,20251010020451000001,2025-09-24 07:44:32,07:44:32,2025,,,,2025,Stop Sign
2025-09-25 02:04:40.647000,7742622.0,CT0011000,Plainville,Racial Profile,52,25-13311,Case No.,2025-09-24 00:00:00,September,W,N,F,45,True,True, Plainville,Webster St,  ,  ,V,B,1.0,0,14-301,,False,N,False,False,V,2025-09-24 18:23:46,Verbal Warning,,,False,1.0,CT0011000,20250925020429000001,2025-09-24 18:23:46,18:23:46,2025,,,,2025,Stop Sign
2025-09-27 02:04:49.123000,7745820.0,CT0011000,Plainville,Racial Profile,52,25-13313,Case No.,2025-09-24 00:00:00,September,W,N,M,0,False,False, Plainville,Webster St,  ,  ,V,B,1.0,0,14-301,,False,N,False,False,V,2025-09-24 18:34:12,Verbal Warning,,,False,1.0,CT0011000,20250927020436000001,2025-09-24 18:34:12,18:34:12,2025,,,,2025,Stop Sign
2025-10-01 02:04:48.580000,7752329.0,CT0011000,Plainville,Racial Profile,52,25-13322,Case No.,2025-09-24 00:00:00,September,W,H,M,53,True,False, Plainville,Camp St,  ,  ,V,B,1.0,0,14-301,,False,N,False,False,V,2025-09-24 22:53:29,Verbal Warning,,,False,1.0,CT0011000,20251001020438000001,2025-09-24 22:53:29,22:53:29,2025,,,,2025,Stop Sign
2025-10-01 02:04:48.580000,7752330.0,CT0011000,Plainville,Racial Profile,52,25-13323,Case No.,2025-09-24 00:00:00,September,W,H,M,34,False,False, Plainville,New Britain Ave,  ,  ,V,B,3.0,1,14-213b,,False,N,False,False,I,2025-09-24 23:31:37,Infraction Ticket,,,False,1.0,CT0011000,20251001020438000001,2025-09-24 23:31:37,23:31:37,2025,,,,2025,Administrative Offense
2025-09-25 02:04:40.643000,7742621.0,CT0011000,Plainville,Racial Profile,53,25-13309,Case No.,2025-09-24 00:00:00,September,B,N,M,49,True,False, Plainville,Farmington Ave,  ,  ,V,G,1.0,0,14-80(b),,False,N,False,False,I,2025-09-24 18:03:14,Infraction Ticket,,,False,1.0,CT0011000,20250925020429000001,2025-09-24 18:03:14,18:03:14,2025,,,,2025,Equipment Violation
2025-09-29 02:04:49.037000,7749026.0,CT0011000,Plainville,Racial Profile,53,25-13317,Case No.,2025-09-24 00:00:00,September,W,N,M,34,True,False, Plainville,East St,  ,  ,V,G,1.0,0,14-12(a),,False,N,False,False,V,2025-09-24 19:17:00,Verbal Warning,,,False,1.0,CT0011000,20250929020436000001,2025-09-24 19:17:00,19:17:00,2025,,,,2025,Registration
2025-09-28 02:04:38.310000,7747418.0,CT0011000,Plainville,Racial Profile,54,25-13295,Case No.,2025-09-24 00:00:00,September,W,N,M,62,True,True, Plainville,Rosemont Dr,  ,  ,V,G,1.0,0,14-301,,False,N,False,False,V,2025-09-24 12:40:17,Verbal Warning,,,False,1.0,CT0011000,20250928020427000001,2025-09-24 12:40:17,12:40:17,2025,,,,2025,Stop Sign
2025-09-26 02:04:50.733000,7744229.0,CT0011000,Plainville,Racial Profile,27,25-13361,Case No.,2025-09-25 00:00:00,September,W,N,M,31,True,False, Plainville,Redstone Hill,  ,  ,V,G,1.0,0,14-18(a),,False,N,False,False,V,2025-09-25 17:24:06,Verbal Warning,,,False,1.0,CT0011000,20250926020431000001,2025-09-25 17:24:06,17:24:06,2025,,,,2025,Display of Plates
2025-09-27 02:04:49.153000,7745824.0,CT0011000,Plainville,Racial Profile,40,25-13340,Case No.,2025-09-25 00:00:00,September,W,N,F,32,True,True, Plainville,Arcadia Ave,  ,  ,V,G,1.0,0,14-301,,False,N,False,False,V,2025-09-25 07:02:37,Verbal Warning,,,False,1.0,CT0011000,20250927020436000001,2025-09-25 07:02:37,07:02:37,2025,,,,2025,Stop Sign
2025-10-07 02:04:52.210000,7762873.0,CT0011000,Plainville,Racial Profile,40,25-13341,Case No.,2025-09-25 00:00:00,September,W,N,F,56,True,False, Plainville,Arcadia Ave,  ,  ,V,G,1.0,0,14-301,,False,N,False,False,V,2025-09-25 07:13:21,Verbal Warning,,,False,1.0,CT0011000,20251007020441000001,2025-09-25 07:13:21,07:13:21,2025,,,,2025,Stop Sign
2025-10-01 02:04:48.590000,7752334.0,CT0011000,Plainville,Racial Profile,43,25-13356,Case No.,2025-09-25 00:00:00,September,W,N,F,68,True,False, Plainville,Farmington Ave,  ,  ,V,G,1.0,0,14-299,,False,N,False,False,V,2025-09-25 16:50:37,Verbal Warning,,,False,1.0,CT0011000,20251001020438000001,2025-09-25 16:50:37,16:50:37,2025,,,,2025,Traffic Control Signal
2025-09-28 02:04:38.343000,7747434.0,CT0011000,Plainville,Racial Profile,43,25-13359,Case No.,2025-09-25 00:00:00,September,W,N,F,36,True,False, Plainville,New Britain Ave,  ,  ,V,G,1.0,0,14-296aa(f1st,,False,N,False,False,V,2025-09-25 17:12:01,Verbal Warning,,,False,1.0,CT0011000,20250928020427000001,2025-09-25 17:12:01,17:12:01,2025,,,,2025,Cell Phone
2025-10-01 02:04:48.593000,7752336.0,CT0011000,Plainville,Racial Profile,43,25-13360,Case No.,2025-09-25 00:00:00,September,W,N,F,67,True,False, Plainville,East St,  ,  ,V,G,1.0,0,14-299,,False,N,False,False,V,2025-09-25 17:17:21,Verbal Warning,,,False,1.0,CT0011000,20251001020438000001,2025-09-25 17:17:21,17:17:21,2025,,,,2025,Traffic Control Signal
2025-09-28 02:04:38.340000,7747432.0,CT0011000,Plainville,Racial Profile,48,25-13354,Case No.,2025-09-25 00:00:00,September,W,N,F,56,True,False, Plainville,New Britain Ave,  ,  ,V,G,1.0,0,14-242,,False,N,False,False,V,2025-09-25 15:37:16,Verbal Warning,,,False,1.0,CT0011000,20250928020427000001,2025-09-25 15:37:16,15:37:16,2025,,,,2025,Moving Violation
2025-10-04 02:04:52.170000,7757846.0,CT0011000,Plainville,Racial Profile,34,25-13421,Case No.,2025-09-26 00:00:00,September,W,M,M,22,True,False, Plainville,WEST MAIN ST,  ,  ,V,B,1.0,0,14-301,,False,N,False,False,V,2025-09-26 19:26:25,Verbal Warning,,,False,1.0,CT0011000,20251004020438000001,2025-09-26 19:26:25,19:26:25,2025,,,,2025,Stop Sign
2025-09-30 02:04:39.917000,7750733.0,CT0011000,Plainville,Racial Profile,50,25-13393,Case No.,2025-09-26 00:00:00,September,W,N,F,63,True,False, Plainville,Arcadia Ave,  ,  ,V,G,1.0,0,14-301,,False,N,False,False,V,2025-09-26 11:07:40,Verbal Warning,,,False,1.0,CT0011000,20250930020430000001,2025-09-26 11:07:40,11:07:40,2025,,,,2025,Stop Sign
2025-10-01 02:04:48.610000,7752342.0,CT0011000,Plainville,Racial Profile,50,25-13407,Case No.,2025-09-26 00:00:00,September,W,N,F,97,True,True, Plainville,Woodford Ave,  ,  ,V,G,1.0,0,14-299,,False,N,False,False,V,2025-09-26 14:58:57,Verbal Warning,,,False,1.0,CT0011000,20251001020438000001,2025-09-26 14:58:57,14:58:57,2025,,,,2025,Traffic Control Signal
2025-09-29 02:04:49.067000,7749036.0,CT0011000,Plainville,Racial Profile,51,25-13391,Case No.,2025-09-26 00:00:00,September,W,N,F,82,True,False, Plainville,Woodford Ave,  ,  ,V,G,1.0,0,14-101,,False,N,False,False,V,2025-09-26 11:01:43,Verbal Warning,,,False,1.0,CT0011000,20250929020436000001,2025-09-26 11:01:43,11:01:43,2025,,,,2025,Moving Violation
2025-10-03 02:04:56.180000,7756211.0,CT0011000,Plainville,Racial Profile,7,25-13400,Case No.,2025-09-26 00:00:00,September,W,N,F,19,True,False, Plainville,Whiting St,  ,  ,V,G,1.0,0,14-218a,,False,N,False,False,V,2025-09-26 12:30:48,Verbal Warning,,,False,1.0,CT0011000,20251003020434000001,2025-09-26 12:30:48,12:30:48,2025,,,,2025,Speed Related
2025-09-27 02:04:49.197000,7745834.0,CT0011000,Plainville,Racial Profile,7,25-13401,Case No.,2025-09-26 00:00:00,September,W,N,F,27,True,False, Plainville,Whiting St,  ,  ,V,G,1.0,0,14-218a,,False,N,False,False,V,2025-09-26 12:40:46,Verbal Warning,,,False,1.0,CT0011000,20250927020436000001,2025-09-26 12:40:46,12:40:46,2025,,,,2025,Speed Related
2025-09-29 02:04:49.083000,7749041.0,CT0011000,Plainville,Racial Profile,48,25-13436,Case No.,2025-09-27 00:00:00,September,W,H,M,34,True,False, Plainville,East St,  ,  ,V,G,3.0,1,14-236,,True,O,False,False,U,2025-09-27 02:11:44,Uniform ArrestReport,,,False,1.0,CT0011000,20250929020436000001,2025-09-27 02:11:44,02:11:44,2025,14-227a,,,2025,Moving Violation
2025-10-02 02:04:42.997000,7754605.0,CT0011000,Plainville,Racial Profile,19,25-13508,Case No.,2025-09-28 00:00:00,September,W,H,M,21,True,False, Plainville,Maple St,  ,  ,V,G,2.0,0,14-12(a)*,,False,N,False,False,W,2025-09-28 22:18:07,Written Ticket,,,False,1.0,CT0011000,20251002020432000001,2025-09-28 22:18:07,22:18:07,2025,,,,2025,Registration
2025-10-02 02:04:42.990000,7754603.0,CT0011000,Plainville,Racial Profile,43,25-13494,Case No.,2025-09-28 00:00:00,September,W,N,F,58,False,False, Plainville,Park St,  ,  ,V,G,1.0,0,14-301,,False,N,False,False,V,2025-09-28 16:47:34,Verbal Warning,,,False,1.0,CT0011000,20251002020432000001,2025-09-28 16:47:34,16:47:34,2025,,,,2025,Stop Sign
2025-09-29 02:04:49.087000,7749042.0,CT0011000,Plainville,Racial Profile,50,25-13473,Case No.,2025-09-28 00:00:00,September,W,N,F,33,True,True, Plainville,Maxine Rd,  ,  ,V,G,3.0,0,14-301,,False,N,False,False,I,2025-09-28 07:48:33,Infraction Ticket,,,False,1.0,CT0011000,20250929020436000001,2025-09-28 07:48:33,07:48:33,2025,,,,2025,Stop Sign
2025-09-29 02:04:49.090000,7749043.0,CT0011000,Plainville,Racial Profile,51,25-13478,Case No.,2025-09-28 00:00:00,September,W,N,F,56,True,True, Plainville,WEST MAIN ST,  ,  ,V,B,1.0,0,14-101,,False,N,False,False,V,2025-09-28 12:57:13,Verbal Warning,,,False,1.0,CT0011000,20250929020436000001,2025-09-28 12:57:13,12:57:13,2025,,,,2025,Moving Violation
2025-10-06 02:04:50.423000,7761176.0,CT0011000,Plainville,Racial Profile,52,25-13492,Case No.,2025-09-28 00:00:00,September,W,N,F,28,True,True, Plainville,Webster St,  ,  ,V,B,1.0,0,14-301,,False,N,False,False,V,2025-09-28 16:31:25,Verbal Warning,,,False,1.0,CT0011000,20251006020440000001,2025-09-28 16:31:25,16:31:25,2025,,,,2025,Stop Sign
2025-10-05 02:04:45.807000,7759529.0,CT0011000,Plainville,Racial Profile,52,25-13493,Case No.,2025-09-28 00:00:00,September,A,N,M,47,True,False, Plainville,Webster St,  ,  ,V,B,1.0,0,14-301,,False,N,False,False,I,2025-09-28 16:46:17,Infraction Ticket,,,False,1.0,CT0011000,20251005020435000001,2025-09-28 16:46:17,16:46:17,2025,,,,2025,Stop Sign
2025-10-01 02:04:48.677000,7752350.0,CT0011000,Plainville,Racial Profile,36,25-13574,Case No.,2025-09-30 00:00:00,September,W,N,M,45,True,True, Plainville,East Main St,  ,  ,V,G,1.0,0,14-12(a),,False,N,False,False,V,2025-09-30 11:48:19,Verbal Warning,,,False,1.0,CT0011000,20251001020438000001,2025-09-30 11:48:19,11:48:19,2025,,,,2025,Registration
2025-10-08 02:04:57.413000,7764593.0,CT0011000,Plainville,Racial Profile,54,25-13583,Case No.,2025-09-30 00:00:00,September,W,N,M,27,True,False, Plainville,Unionville Ave,  ,  ,V,G,2.0,0,14-12(a)*,,False,N,False,False,I,2025-09-30 14:47:13,Infraction Ticket,,,False,1.0,CT0011000,20251008020445000001,2025-09-30 14:47:13,14:47:13,2025,,,,2025,Registration
2025-10-05 02:04:45.817000,7759533.0,CT0011000,Plainville,Racial Profile,54,25-13584,Case No.,2025-09-30 00:00:00,September,B,N,M,38,False,False, Plainville,Cowles Rd,  ,  ,V,G,1.0,0,14-12(a)*,,False,N,False,False,V,2025-09-30 15:12:16,Verbal Warning,,,False,1.0,CT0011000,20251005020435000001,2025-09-30 15:12:16,15:12:16,2025,,,,2025,Registration
2025-10-08 02:04:57.420000,7764595.0,CT0011000,Plainville,Racial Profile,54,25-13586,Case No.,2025-09-30 00:00:00,September,B,N,F,33,True,False, Plainville,Hooker St,  ,  ,V,G,1.0,0,14-222(a)(1),,False,N,False,False,V,2025-09-30 15:53:24,Verbal Warning,,,False,1.0,CT0011000,20251008020445000001,2025-09-30 15:53:24,15:53:24,2025,,,,2025,Other
2025-10-05 02:04:45.847000,7759538.0,CT0011000,Plainville,Racial Profile,36,25-13631,Case No.,2025-10-01 00:00:00,October,W,N,M,30,True,False, Plainville,WEST MAIN ST,  ,  ,V,G,1.0,0,14-296aa(b1st,,False,N,False,False,V,2025-10-01 13:36:37,Verbal Warning,,,False,1.0,CT0011000,20251005020435000001,2025-10-01 13:36:37,13:36:37,2025,,,,2025,Cell Phone
2025-10-11 02:05:01.743000,7770745.0,CT0011000,Plainville,Racial Profile,40,25-13620,Case No.,2025-10-01 00:00:00,October,B,H,F,39,True,True, Plainville,Arcadia Ave,  ,  ,V,G,1.0,0,14-301,,False,N,False,False,V,2025-10-01 07:31:11,Verbal Warning,,,False,1.0,CT0011000,20251011020447000001,2025-10-01 07:31:11,07:31:11,2025,,,,2025,Stop Sign
2025-10-03 02:04:56.303000,7756224.0,CT0011000,Plainville,Racial Profile,47,25-13618,Case No.,2025-10-01 00:00:00,October,B,N,F,65,True,False, Plainville,South Washington St,  ,  ,E,G,1.0,0,14-96c,,False,N,False,False,V,2025-10-01 07:27:12,Verbal Warning,,,False,1.0,CT0011000,20251003020434000001,2025-10-01 07:27:12,07:27:12,2025,,,,2025,Defective Lights
2025-10-08 02:04:57.420000,7764596.0,CT0011000,Plainville,Racial Profile,48,25-13613,Case No.,2025-10-01 00:00:00,October,W,H,M,23,True,False, Plainville,Hooker St,  ,  ,V,G,2.0,1,14-147(c),,False,O,False,False,I,2025-10-01 05:56:23,Infraction Ticket,,,False,1.0,CT0011000,20251008020445000001,2025-10-01 05:56:23,05:56:23,2025,14-36(a),,,2025,Administrative Offense
2025-10-06 02:04:50.470000,7761188.0,CT0011000,Plainville,Racial Profile,7,25-13649,Case No.,2025-10-01 00:00:00,October,W,N,M,20,True,False, Plainville,West Main St,  ,  ,V,G,1.0,0,14-230(a),,False,N,False,False,V,2025-10-01 20:16:27,Verbal Warning,,,False,1.0,CT0011000,20251006020440000001,2025-10-01 20:16:27,20:16:27,2025,,,,2025,Moving Violation
2025-10-07 02:04:52.280000,7762906.0,CT0011000,Plainville,Racial Profile,36,25-13678,Case No.,2025-10-02 00:00:00,October,W,N,F,48,True,False, Plainville,West Main St,  ,  ,V,G,1.0,0,14-299,,False,N,False,False,V,2025-10-02 10:05:12,Verbal Warning,,,False,1.0,CT0011000,20251007020441000001,2025-10-02 10:05:12,10:05:12,2025,,,,2025,Traffic Control Signal
2025-10-11 02:05:01.790000,7770756.0,CT0011000,Plainville,Racial Profile,37,25-13713,Case No.,2025-10-02 00:00:00,October,W,H,F,0,True,False, Plainville,East St,  ,  ,V,G,1.0,0,14-299,,False,N,False,False,V,2025-10-02 21:37:34,Verbal Warning,,,False,1.0,CT0011000,20251011020447000001,2025-10-02 21:37:34,21:37:34,2025,,,,2025,Traffic Control Signal
2025-10-03 02:04:56.323000,7756228.0,CT0011000,Plainville,Racial Profile,40,25-13664,Case No.,2025-10-02 00:00:00,October,W,N,M,34,True,False, Plainville,Bohemia St,  ,  ,V,G,1.0,0,14-301,,False,N,False,False,V,2025-10-02 06:36:33,Verbal Warning,,,False,1.0,CT0011000,20251003020434000001,2025-10-02 06:36:33,06:36:33,2025,,,,2025,Stop Sign
2025-10-11 02:05:01.770000,7770750.0,CT0011000,Plainville,Racial Profile,40,25-13665,Case No.,2025-10-02 00:00:00,October,W,N,M,36,True,False, Plainville,Bohemia St,  ,  ,V,G,1.0,0,14-301,,False,N,False,False,V,2025-10-02 06:46:47,Verbal Warning,,,False,1.0,CT0011000,20251011020447000001,2025-10-02 06:46:47,06:46:47,2025,,,,2025,Stop Sign
2025-10-04 02:04:52.223000,7757863.0,CT0011000,Plainville,Racial Profile,40,25-13666,Case No.,2025-10-02 00:00:00,October,W,N,F,57,True,False, Plainville,Broad St,  ,  ,V,G,1.0,0,14-301,,False,N,False,False,V,2025-10-02 06:54:44,Verbal Warning,,,False,1.0,CT0011000,20251004020438000001,2025-10-02 06:54:44,06:54:44,2025,,,,2025,Stop Sign
2025-10-11 02:05:01.777000,7770752.0,CT0011000,Plainville,Racial Profile,40,25-13668,Case No.,2025-10-02 00:00:00,October,W,N,F,76,True,False, Plainville,Park St,  ,  ,V,G,1.0,0,14-301,,False,N,False,False,V,2025-10-02 07:04:24,Verbal Warning,,,False,1.0,CT0011000,20251011020447000001,2025-10-02 07:04:24,07:04:24,2025,,,,2025,Stop Sign
2025-10-05 02:04:45.853000,7759540.0,CT0011000,Plainville,Racial Profile,48,25-13655,Case No.,2025-10-02 00:00:00,October,W,H,M,33,True,False, Plainville,New Britain Ave,  ,  ,V,G,2.0,1,14-18(c),,False,O,False,False,I,2025-10-02 01:31:52,Infraction Ticket,,,False,1.0,CT0011000,20251005020435000001,2025-10-02 01:31:52,01:31:52,2025,14-147(c),,,2025,Display of Plates
2025-10-18 02:04:55.717000,7801514.0,CT0011000,Plainville,Racial Profile,48,25-13716,Case No.,2025-10-02 00:00:00,October,W,H,M,24,True,False, Plainville,West Main St,  ,  ,V,G,1.0,0,14-18(a),,False,N,False,False,V,2025-10-02 22:04:19,Verbal Warning,,,False,1.0,CT0011000,20251018020444000001,2025-10-02 22:04:19,22:04:19,2025,,,,2025,Display of Plates
2025-10-05 02:04:45.880000,7759546.0,CT0011000,Plainville,Racial Profile,51,25-13686,Case No.,2025-10-02 00:00:00,October,W,N,M,58,True,True, Plainville,Bradley St,  ,  ,V,G,1.0,0,14-101,,False,N,False,False,V,2025-10-02 12:14:04,Verbal Warning,,,False,1.0,CT0011000,20251005020435000001,2025-10-02 12:14:04,12:14:04,2025,,,,2025,Moving Violation
2025-10-13 02:05:09.057000,7774087.0,CT0011000,Plainville,Racial Profile,51,25-13700,Case No.,2025-10-02 00:00:00,October,W,N,M,36,True,False, Plainville,North Washington St,  ,  ,V,G,1.0,0,14-299,,False,N,False,False,V,2025-10-02 15:46:59,Verbal Warning,,,False,1.0,CT0011000,20251013020456000001,2025-10-02 15:46:59,15:46:59,2025,,,,2025,Traffic Control Signal
2025-10-07 02:04:52.293000,7762910.0,CT0011000,Plainville,Racial Profile,35,25-13745,Case No.,2025-10-03 00:00:00,October,W,N,F,47,True,False, Plainville,Pinnacle Rd,  ,  ,V,G,1.0,0,14-301,,False,N,False,False,V,2025-10-03 17:25:43,Verbal Warning,,,False,1.0,CT0011000,20251007020441000001,2025-10-03 17:25:43,17:25:43,2025,,,,2025,Stop Sign
2025-10-04 02:04:52.267000,7757870.0,CT0011000,Plainville,Racial Profile,35,25-13746,Case No.,2025-10-03 00:00:00,October,W,N,M,38,True,True, Plainville,Pinnacle Rd,  ,  ,V,G,1.0,0,14-301,,False,N,False,False,V,2025-10-03 17:33:03,Verbal Warning,,,False,1.0,CT0011000,20251004020438000001,2025-10-03 17:33:03,17:33:03,2025,,,,2025,Stop Sign
2025-10-12 02:05:03.517000,7772422.0,CT0011000,Plainville,Racial Profile,35,25-13749,Case No.,2025-10-03 00:00:00,October,W,N,M,32,False,False, Plainville,Farmington Ave,  ,  ,E,G,1.0,0,14-18(a),,False,N,False,False,V,2025-10-03 18:25:17,Verbal Warning,,,False,1.0,CT0011000,20251012020446000001,2025-10-03 18:25:17,18:25:17,2025,,,,2025,Display of Plates
2025-10-08 02:04:57.503000,7764613.0,CT0011000,Plainville,Racial Profile,43,25-13750,Case No.,2025-10-03 00:00:00,October,W,H,F,58,True,False, Plainville,Farmington Ave,  ,  ,V,G,1.0,0,14-299,,False,N,False,False,V,2025-10-03 18:37:38,Verbal Warning,,,False,1.0,CT0011000,20251008020445000001,2025-10-03 18:37:38,18:37:38,2025,,,,2025,Traffic Control Signal
2025-10-04 02:04:52.273000,7757872.0,CT0011000,Plainville,Racial Profile,52,25-13751,Case No.,2025-10-03 00:00:00,October,W,N,M,28,True,False, Plainville,Spring St,  ,  ,E,B,1.0,0,14-18(a),,False,N,False,False,V,2025-10-03 18:55:21,Verbal Warning,,,False,1.0,CT0011000,20251004020438000001,2025-10-03 18:55:21,18:55:21,2025,,,,2025,Display of Plates
2025-10-20 02:04:50.593000,7806421.0,CT0011000,Plainville,Racial Profile,52,25-13758,Case No.,2025-10-03 00:00:00,October,W,H,M,18,True,True, Plainville,Broad St,  ,  ,E,B,1.0,0,14-96c,,False,N,False,False,V,2025-10-03 22:32:53,Verbal Warning,,,False,1.0,CT0011000,20251020020439000001,2025-10-03 22:32:53,22:32:53,2025,,,,2025,Defective Lights
2025-10-11 02:05:01.820000,7770764.0,CT0011000,Plainville,Racial Profile,39,25-13828,Case No.,2025-10-05 00:00:00,October,W,N,F,34,True,False, Plainville,West Main St,  ,  ,E,G,1.0,0,14-96c,,False,N,False,False,V,2025-10-05 21:15:37,Verbal Warning,,,False,1.0,CT0011000,20251011020447000001,2025-10-05 21:15:37,21:15:37,2025,,,,2025,Defective Lights
2025-10-06 02:04:50.513000,7761205.0,CT0011000,Plainville,Racial Profile,39,25-13831,Case No.,2025-10-05 00:00:00,October,B,N,F,37,True,True, Plainville,West Main St,  ,  ,E,G,2.0,1,14-96c,,False,N,False,False,W,2025-10-05 21:34:05,Written Ticket,,,False,1.0,CT0011000,20251006020440000001,2025-10-05 21:34:05,21:34:05,2025,14-213b,,,2025,Defective Lights
2025-10-07 02:04:52.303000,7762915.0,CT0011000,Plainville,Racial Profile,52,25-13822,Case No.,2025-10-05 00:00:00,October,W,H,M,50,True,False, Plainville,East Main St,  ,  ,V,B,1.0,0,14-100a(c1)*,,False,N,False,False,V,2025-10-05 18:30:57,Verbal Warning,,,False,1.0,CT0011000,20251007020441000001,2025-10-05 18:30:57,18:30:57,2025,,,,2025,Seatbelt
2025-10-09 02:04:47.343000,7766272.0,CT0011000,Plainville,Racial Profile,36,25-13864,Case No.,2025-10-06 00:00:00,October,W,N,F,61,True,False, Plainville,Webster St,  ,  ,V,G,1.0,0,14-301,,False,N,False,False,W,2025-10-06 14:12:10,Written Ticket,,,False,1.0,CT0011000,20251009020437000001,2025-10-06 14:12:10,14:12:10,2025,,,,2025,Stop Sign
2025-10-09 02:04:47.323000,7766268.0,CT0011000,Plainville,Racial Profile,40,25-13843,Case No.,2025-10-06 00:00:00,October,W,N,M,34,True,True, Plainville,Maxine Rd,  ,  ,V,G,1.0,0,14-301,,False,N,False,False,V,2025-10-06 07:28:54,Verbal Warning,,,False,1.0,CT0011000,20251009020437000001,2025-10-06 07:28:54,07:28:54,2025,,,,2025,Stop Sign
2025-10-10 02:05:22.220000,7767925.0,CT0011000,Plainville,Racial Profile,40,25-13844,Case No.,2025-10-06 00:00:00,October,W,N,F,42,True,True, Plainville,Maxine Rd,  ,  ,V,G,1.0,0,14-301,,False,N,False,False,V,2025-10-06 07:38:15,Verbal Warning,,,False,1.0,CT0011000,20251010020451000001,2025-10-06 07:38:15,07:38:15,2025,,,,2025,Stop Sign
2025-10-07 02:04:52.320000,7762922.0,CT0011000,Plainville,Racial Profile,51,25-13876,Case No.,2025-10-06 00:00:00,October,W,N,F,25,True,False, Plainville,Broad St,  ,  ,V,G,1.0,0,14-101,,False,N,False,False,V,2025-10-06 18:08:14,Verbal Warning,,,False,1.0,CT0011000,20251007020441000001,2025-10-06 18:08:14,18:08:14,2025,,,,2025,Moving Violation
2025-10-16 02:05:00.240000,7797013.0,CT0011000,Plainville,Racial Profile,53,25-13858,Case No.,2025-10-06 00:00:00,October,W,N,M,48,True,False, Plainville,Broad St,  ,  ,V,G,1.0,0,14-301,,False,N,False,False,V,2025-10-06 13:31:05,Verbal Warning,,,False,1.0,CT0011000,20251016020448000001,2025-10-06 13:31:05,13:31:05,2025,,,,2025,Stop Sign
2025-10-10 02:05:22.247000,7767927.0,CT0011000,Plainville,Racial Profile,53,25-13859,Case No.,2025-10-06 00:00:00,October,W,H,F,34,True,False, Plainville,Broad St,  ,  ,V,G,1.0,0,14-301,,False,N,False,False,V,2025-10-06 13:36:49,Verbal Warning,,,False,1.0,CT0011000,20251010020451000001,2025-10-06 13:36:49,13:36:49,2025,,,,2025,Stop Sign
2025-10-10 02:05:22.270000,7767929.0,CT0011000,Plainville,Racial Profile,53,25-13866,Case No.,2025-10-06 00:00:00,October,W,H,F,38,True,False, Plainville,Webster St,  ,  ,V,G,1.0,0,14-301,,False,N,False,False,V,2025-10-06 14:24:10,Verbal Warning,,,False,1.0,CT0011000,20251010020451000001,2025-10-06 14:24:10,14:24:10,2025,,,,2025,Stop Sign
2025-10-09 02:04:47.350000,7766274.0,CT0011000,Plainville,Racial Profile,54,25-13867,Case No.,2025-10-06 00:00:00,October,W,N,M,43,True,False, Plainville,New Britain Ave,  ,  ,V,G,2.0,0,14-12(a)*,,False,N,False,False,I,2025-10-06 14:26:12,Infraction Ticket,,,False,1.0,CT0011000,20251009020437000001,2025-10-06 14:26:12,14:26:12,2025,,,,2025,Registration
2025-10-08 02:04:57.530000,7764622.0,CT0011000,Plainville,Racial Profile,54,25-13868,Case No.,2025-10-06 00:00:00,October,W,N,F,62,True,False, Plainville,New Britain Ave,  ,  ,V,G,3.0,1,14-213b,,False,N,False,False,I,2025-10-06 14:54:30,Infraction Ticket,,,False,1.0,CT0011000,20251008020445000001,2025-10-06 14:54:30,14:54:30,2025,,,,2025,Administrative Offense
2025-10-10 02:05:22.327000,7767935.0,CT0011000,Plainville,Racial Profile,40,25-13914,Case No.,2025-10-07 00:00:00,October,W,N,M,29,True,True, Plainville,Arcadia Ave,  ,  ,V,G,1.0,0,14-301,,False,N,False,False,V,2025-10-07 07:26:25,Verbal Warning,,,False,1.0,CT0011000,20251010020451000001,2025-10-07 07:26:25,07:26:25,2025,,,,2025,Stop Sign
2025-10-10 02:05:22.330000,7767936.0,CT0011000,Plainville,Racial Profile,43,25-13930,Case No.,2025-10-07 00:00:00,October,W,H,M,43,True,False, Plainville,Cooke St,  ,  ,V,G,1.0,0,14-296aa(b1st,,False,N,False,False,V,2025-10-07 18:19:04,Verbal Warning,,,False,1.0,CT0011000,20251010020451000001,2025-10-07 18:19:04,18:19:04,2025,,,,2025,Cell Phone
2025-10-17 02:05:04.420000,7799669.0,CT0011000,Plainville,Racial Profile,52,25-13899,Case No.,2025-10-07 00:00:00,October,W,N,M,30,True,False, Plainville,Northwest Dr,  ,  ,E,B,1.0,0,14-96i,,False,N,False,False,V,2025-10-07 02:15:32,Verbal Warning,,,False,1.0,CT0011000,20251017020453000001,2025-10-07 02:15:32,02:15:32,2025,,,,2025,Defective Lights
2025-10-13 02:05:09.220000,7774108.0,CT0011000,Plainville,Racial Profile,52,25-13913,Case No.,2025-10-07 00:00:00,October,W,N,M,47,True,True, Plainville,Broad St,  ,  ,E,B,1.0,0,14-18(a),,False,N,False,False,V,2025-10-07 07:24:43,Verbal Warning,,,False,1.0,CT0011000,20251013020456000001,2025-10-07 07:24:43,07:24:43,2025,,,,2025,Display of Plates
2025-10-11 02:05:01.917000,7770779.0,CT0011000,Plainville,Racial Profile,40,25-13958,Case No.,2025-10-08 00:00:00,October,W,N,F,62,True,True, Plainville,Maxine Rd,  ,  ,V,G,1.0,0,14-301,,False,N,False,False,V,2025-10-08 07:15:54,Verbal Warning,,,False,1.0,CT0011000,20251011020447000001,2025-10-08 07:15:54,07:15:54,2025,,,,2025,Stop Sign
2025-10-10 02:05:22.360000,7767940.0,CT0011000,Plainville,Racial Profile,43,25-13989,Case No.,2025-10-08 00:00:00,October,W,H,M,27,True,False, Plainville,West Main St,  ,  ,V,G,1.0,0,14-96i,,False,N,False,False,V,2025-10-08 18:42:48,Verbal Warning,,,False,1.0,CT0011000,20251010020451000001,2025-10-08 18:42:48,18:42:48,2025,,,,2025,Defective Lights
2025-10-13 02:05:09.243000,7774113.0,CT0011000,Plainville,Racial Profile,50,25-13960,Case No.,2025-10-08 00:00:00,October,W,N,F,27,True,True, Plainville,Robert Holcomb Way,  ,  ,V,G,1.0,0,14-301,,False,N,False,False,V,2025-10-08 07:35:55,Verbal Warning,,,False,2.0,CT0011000,20251013020456000001,2025-10-08 07:35:55,07:35:55,2025,,,,2025,Stop Sign
2025-10-13 02:05:09.247000,7774114.0,CT0011000,Plainville,Racial Profile,51,25-13974,Case No.,2025-10-08 00:00:00,October,W,N,M,73,True,True, Plainville,New Britain Ave,  ,  ,V,G,1.0,0,14-299,,False,N,False,False,V,2025-10-08 14:00:23,Verbal Warning,,,False,1.0,CT0011000,20251013020456000001,2025-10-08 14:00:23,14:00:23,2025,,,,2025,Traffic Control Signal
2025-10-09 02:04:47.377000,7766283.0,CT0011000,Plainville,Racial Profile,51,25-13976,Case No.,2025-10-08 00:00:00,October,W,N,F,40,True,False, Plainville,East St,  ,  ,V,G,1.0,0,14-299,,False,N,False,False,V,2025-10-08 14:14:32,Verbal Warning,,,False,1.0,CT0011000,20251009020437000001,2025-10-08 14:14:32,14:14:32,2025,,,,2025,Traffic Control Signal
2025-10-18 02:04:55.800000,7801548.0,CT0011000,Plainville,Racial Profile,25,25-14046,Case No.,2025-10-09 00:00:00,October,W,N,M,17,True,False, Plainville,North Washington St,  ,  ,V,B,1.0,0,14-241,,False,N,False,False,V,2025-10-09 14:56:46,Verbal Warning,,,False,1.0,CT0011000,20251018020444000001,2025-10-09 14:56:46,14:56:46,2025,,,,2025,Moving Violation
2025-10-17 02:05:04.493000,7799685.0,CT0011000,Plainville,Racial Profile,43,25-14050,Case No.,2025-10-09 00:00:00,October,W,N,M,48,True,False, Plainville,East Main St,  ,  ,V,G,1.0,0,14-299,,False,N,False,False,V,2025-10-09 17:45:44,Verbal Warning,,,False,1.0,CT0011000,20251017020453000001,2025-10-09 17:45:44,17:45:44,2025,,,,2025,Traffic Control Signal
2025-10-15 02:04:40.380000,7778555.0,CT0011000,Plainville,Racial Profile,50,25-14016,Case No.,2025-10-09 00:00:00,October,W,N,M,30,True,True, Plainville,Washington St,  ,  ,V,G,1.0,0,14-301,,False,N,False,False,V,2025-10-09 07:29:17,Verbal Warning,,,False,1.0,CT0011000,20251015020429000001,2025-10-09 07:29:17,07:29:17,2025,,,,2025,Stop Sign
2025-10-17 02:05:04.460000,7799679.0,CT0011000,Plainville,Racial Profile,50,25-14018,Case No.,2025-10-09 00:00:00,October,W,N,F,29,True,True, Plainville,Unionville Ave,  ,  ,V,G,1.0,0,14-299,,False,N,False,False,V,2025-10-09 07:41:23,Verbal Warning,,,False,1.0,CT0011000,20251017020453000001,2025-10-09 07:41:23,07:41:23,2025,,,,2025,Traffic Control Signal
2025-10-14 02:05:13.250000,7775838.0,CT0011000,Plainville,Racial Profile,51,25-14029,Case No.,2025-10-09 00:00:00,October,W,N,F,82,True,True, Plainville,North Washington St,  ,  ,V,G,1.0,0,14-299,,False,N,False,False,V,2025-10-09 10:52:55,Verbal Warning,,,False,1.0,CT0011000,20251014020457000001,2025-10-09 10:52:55,10:52:55,2025,,,,2025,Traffic Control Signal
2025-10-12 02:05:03.743000,7772450.0,CT0011000,Plainville,Racial Profile,51,25-14031,Case No.,2025-10-09 00:00:00,October,W,N,M,68,True,True, Plainville,Forestville Ave,  ,  ,V,G,1.0,0,14-296aa(b1st,,False,N,False,False,V,2025-10-09 11:11:36,Verbal Warning,,,False,1.0,CT0011000,20251012020446000001,2025-10-09 11:11:36,11:11:36,2025,,,,2025,Cell Phone
2025-10-14 02:05:13.253000,7775840.0,CT0011000,Plainville,Racial Profile,51,25-14032,Case No.,2025-10-09 00:00:00,October,W,N,M,57,True,False, Plainville,West Main St,  ,  ,V,G,1.0,0,14-299,,False,N,False,False,V,2025-10-09 11:17:25,Verbal Warning,,,False,1.0,CT0011000,20251014020457000001,2025-10-09 11:17:25,11:17:25,2025,,,,2025,Traffic Control Signal
2025-10-13 02:05:09.273000,7774121.0,CT0011000,Plainville,Racial Profile,51,25-14033,Case No.,2025-10-09 00:00:00,October,W,N,M,64,True,False, Plainville,North Washington St,  ,  ,V,G,1.0,0,14-299,,False,N,False,False,V,2025-10-09 11:22:06,Verbal Warning,,,False,1.0,CT0011000,20251013020456000001,2025-10-09 11:22:06,11:22:06,2025,,,,2025,Traffic Control Signal
2025-10-12 02:05:03.780000,7772455.0,CT0011000,Plainville,Racial Profile,39,25-14090,Case No.,2025-10-10 00:00:00,October,W,N,F,17,True,False, Plainville,New Britain Ave,  ,  ,E,G,1.0,0,14-96a(a),,False,N,False,False,V,2025-10-10 19:50:03,Verbal Warning,,,False,1.0,CT0011000,20251012020446000001,2025-10-10 19:50:03,19:50:03,2025,,,,2025,Defective Lights
2025-10-16 02:05:00.357000,7797039.0,CT0011000,Plainville,Racial Profile,52,25-14093,Case No.,2025-10-10 00:00:00,October,W,H,M,28,True,False, Plainville,Northwest Dr,  ,  ,E,B,1.0,0,14-96b,,False,N,False,False,V,2025-10-10 22:11:25,Verbal Warning,,,False,1.0,CT0011000,20251016020448000001,2025-10-10 22:11:25,22:11:25,2025,,,,2025,Defective Lights
2025-10-13 02:05:09.280000,7774123.0,CT0011000,Plainville,Racial Profile,54,25-14070,Case No.,2025-10-10 00:00:00,October,W,N,M,0,True,False, Plainville,West Main St,  ,  ,V,G,1.0,0,14-18(a),,False,N,False,False,V,2025-10-10 09:11:15,Verbal Warning,,,False,1.0,CT0011000,20251013020456000001,2025-10-10 09:11:15,09:11:15,2025,,,,2025,Display of Plates
2025-10-16 02:05:00.380000,7797043.0,CT0011000,Plainville,Racial Profile,19,25-14270,Case No.,2025-10-15 00:00:00,October,B,N,M,18,True,True, Plainville,Arcadia Ave,  ,  ,V,G,1.0,0,14-301,,False,N,False,False,V,2025-10-15 17:32:22,Verbal Warning,,,False,1.0,CT0011000,20251016020448000001,2025-10-15 17:32:22,17:32:22,2025,,,,2025,Stop Sign
2025-10-15 02:04:40.417000,7778566.0,CT0011000,Plainville,Racial Profile,48,25-14243,Case No.,2025-10-15 00:00:00,October,W,H,M,24,True,False, Plainville,Camp St,  ,  ,V,G,1.0,0,14-301,,False,N,False,False,V,2025-10-15 01:05:37,Verbal Warning,,,False,1.0,CT0011000,20251015020429000001,2025-10-15 01:05:37,01:05:37,2025,,,,2025,Stop Sign
2025-10-19 02:04:49.263000,7804072.0,CT0011000,Plainville,Racial Profile,51,25-14259,Case No.,2025-10-15 00:00:00,October,W,N,F,69,True,True, Plainville,West Main St,  ,  ,V,G,1.0,0,14-299,,False,N,False,False,V,2025-10-15 13:35:03,Verbal Warning,,,False,1.0,CT0011000,20251019020438000001,2025-10-15 13:35:03,13:35:03,2025,,,,2025,Traffic Control Signal
2025-10-20 02:04:50.693000,7806456.0,CT0011000,Plainville,Racial Profile,51,25-14263,Case No.,2025-10-15 00:00:00,October,W,N,M,55,True,True, Plainville,East St,  ,  ,V,G,1.0,0,14-296aa(b1st,,False,N,False,False,V,2025-10-15 15:21:29,Verbal Warning,,,False,1.0,CT0011000,20251020020439000001,2025-10-15 15:21:29,15:21:29,2025,,,,2025,Cell Phone
2025-10-19 02:04:49.277000,7804078.0,CT0011000,Plainville,Racial Profile,52,25-14276,Case No.,2025-10-15 00:00:00,October,W,N,F,31,True,True, Plainville,Northwest Dr,  ,  ,E,B,1.0,0,14-96b,,False,N,False,False,V,2025-10-15 18:56:36,Verbal Warning,,,False,1.0,CT0011000,20251019020438000001,2025-10-15 18:56:36,18:56:36,2025,,,,2025,Defective Lights
2025-10-16 02:05:00.390000,7797044.0,CT0011000,Plainville,Racial Profile,54,25-14271,Case No.,2025-10-15 00:00:00,October,W,N,M,49,True,False, Plainville,Pinnacle Rd,  ,  ,V,G,1.0,0,14-301,,False,N,False,False,V,2025-10-15 17:46:43,Verbal Warning,,,False,1.0,CT0011000,20251016020448000001,2025-10-15 17:46:43,17:46:43,2025,,,,2025,Stop Sign
2025-10-17 02:05:04.520000,7799694.0,CT0011000,Plainville,Racial Profile,54,25-14272,Case No.,2025-10-15 00:00:00,October,W,N,M,18,True,True, Plainville,Pinnacle Rd,  ,  ,V,G,1.0,0,14-301,,False,N,False,False,V,2025-10-15 18:00:23,Verbal Warning,,,False,1.0,CT0011000,20251017020453000001,2025-10-15 18:00:23,18:00:23,2025,,,,2025,Stop Sign
2025-10-21 02:04:50.157000,7808217.0,CT0011000,Plainville,Racial Profile,54,25-14274,Case No.,2025-10-15 00:00:00,October,W,N,F,21,True,False, Plainville,Pickney Ave,  ,  ,V,G,1.0,0,14-301,,False,N,False,False,W,2025-10-15 18:27:32,Written Ticket,,,False,1.0,CT0011000,20251021020438000001,2025-10-15 18:27:32,18:27:32,2025,,,,2025,Stop Sign
2025-10-16 02:05:00.433000,7797048.0,CT0011000,Plainville,Racial Profile,54,25-14280,Case No.,2025-10-15 00:00:00,October,W,N,F,35,True,False, Plainville,Cooke St,  ,  ,E,G,1.0,0,14-96aa,,False,N,False,False,V,2025-10-15 22:15:58,Verbal Warning,,,False,1.0,CT0011000,20251016020448000001,2025-10-15 22:15:58,22:15:58,2025,,,,2025,Defective Lights
2025-10-21 02:04:50.193000,7808230.0,CT0011000,Plainville,Racial Profile,35,25-14341,Case No.,2025-10-16 00:00:00,October,W,N,F,20,True,False, Plainville,Redstone Hill,  ,  ,V,B,1.0,0,14-219,,False,N,False,False,V,2025-10-16 20:55:12,Verbal Warning,,,False,1.0,CT0011000,20251021020438000001,2025-10-16 20:55:12,20:55:12,2025,,,,2025,Speed Related
2025-10-18 02:04:55.877000,7801568.0,CT0011000,Plainville,Racial Profile,43,25-14327,Case No.,2025-10-16 00:00:00,October,W,N,F,43,False,False, Plainville,White Oak Ave,  ,  ,V,G,1.0,0,14-213b,,False,N,False,False,V,2025-10-16 17:09:38,Verbal Warning,,,False,1.0,CT0011000,20251018020444000001,2025-10-16 17:09:38,17:09:38,2025,,,,2025,Administrative Offense
2025-10-19 02:04:49.303000,7804087.0,CT0011000,Plainville,Racial Profile,43,25-14331,Case No.,2025-10-16 00:00:00,October,W,N,F,19,False,False, Plainville,Whiting St,  ,  ,V,G,1.0,0,14-301,,False,N,False,False,V,2025-10-16 17:36:41,Verbal Warning,,,False,1.0,CT0011000,20251019020438000001,2025-10-16 17:36:41,17:36:41,2025,,,,2025,Stop Sign
2025-10-25 02:04:58.873000,7815179.0,CT0011000,Plainville,Racial Profile,47,25-14316,Case No.,2025-10-16 00:00:00,October,W,N,M,52,True,False, Plainville,Webster St,  ,  ,V,G,1.0,0,14-301,,False,N,False,False,V,2025-10-16 14:25:49,Verbal Warning,,,False,1.0,CT0011000,20251025020444000001,2025-10-16 14:25:49,14:25:49,2025,,,,2025,Stop Sign
2025-10-25 02:04:58.877000,7815180.0,CT0011000,Plainville,Racial Profile,47,25-14317,Case No.,2025-10-16 00:00:00,October,W,N,F,50,True,False, Plainville,Webster St,  ,  ,V,G,1.0,0,14-301,,False,N,False,False,V,2025-10-16 14:32:27,Verbal Warning,,,False,1.0,CT0011000,20251025020444000001,2025-10-16 14:32:27,14:32:27,2025,,,,2025,Stop Sign
2025-10-19 02:04:49.283000,7804080.0,CT0011000,Plainville,Racial Profile,51,25-14301,Case No.,2025-10-16 00:00:00,October,W,N,F,59,True,False, Plainville,West Main St,  ,  ,V,G,1.0,0,14-299,,False,N,False,False,W,2025-10-16 10:06:12,Written Ticket,,,False,1.0,CT0011000,20251019020438000001,2025-10-16 10:06:12,10:06:12,2025,,,,2025,Traffic Control Signal
2025-10-18 02:04:55.857000,7801563.0,CT0011000,Plainville,Racial Profile,51,25-14304,Case No.,2025-10-16 00:00:00,October,W,N,M,60,True,False, Plainville,West Main St,  ,  ,V,G,1.0,0,14-299,,False,N,False,False,V,2025-10-16 10:20:05,Verbal Warning,,,False,1.0,CT0011000,20251018020444000001,2025-10-16 10:20:05,10:20:05,2025,,,,2025,Traffic Control Signal
2025-10-19 02:04:49.290000,7804082.0,CT0011000,Plainville,Racial Profile,51,25-14305,Case No.,2025-10-16 00:00:00,October,W,N,M,62,True,True, Plainville,North Washington St,  ,  ,V,G,1.0,0,14-101,,False,N,False,False,V,2025-10-16 10:26:32,Verbal Warning,,,False,1.0,CT0011000,20251019020438000001,2025-10-16 10:26:32,10:26:32,2025,,,,2025,Moving Violation
2025-10-23 02:05:11.383000,7811697.0,CT0011000,Plainville,Racial Profile,51,25-14306,Case No.,2025-10-16 00:00:00,October,W,N,M,34,True,False, Plainville,West Main St,  ,  ,V,G,1.0,0,14-299,,False,N,False,False,V,2025-10-16 11:01:45,Verbal Warning,,,False,1.0,CT0011000,20251023020458000001,2025-10-16 11:01:45,11:01:45,2025,,,,2025,Traffic Control Signal
2025-10-18 02:04:55.937000,7801578.0,CT0011000,Plainville,Racial Profile,52,25-14347,Case No.,2025-10-16 00:00:00,October,B,N,M,28,True,False, Plainville,New Britain Ave,  ,  ,V,B,1.0,0,14-18(a),,False,N,False,False,V,2025-10-16 22:44:01,Verbal Warning,,,False,1.0,CT0011000,20251018020444000001,2025-10-16 22:44:01,22:44:01,2025,,,,2025,Display of Plates
2025-10-18 02:04:55.880000,7801570.0,CT0011000,Plainville,Racial Profile,54,25-14334,Case No.,2025-10-16 00:00:00,October,W,M,M,41,True,True, Plainville,Maxine Rd,  ,  ,V,G,1.0,0,14-301,,False,N,False,False,V,2025-10-16 18:10:26,Verbal Warning,,,False,1.0,CT0011000,20251018020444000001,2025-10-16 18:10:26,18:10:26,2025,,,,2025,Stop Sign
2025-10-17 02:05:04.550000,7799707.0,CT0011000,Plainville,Racial Profile,54,25-14340,Case No.,2025-10-16 00:00:00,October,B,N,F,47,True,False, Plainville,Redstone Hill,  ,  ,V,G,1.0,0,14-219(b),,False,N,False,False,V,2025-10-16 20:41:40,Verbal Warning,,,False,1.0,CT0011000,20251017020453000001,2025-10-16 20:41:40,20:41:40,2025,,,,2025,Speed Related
2025-10-17 02:05:04.557000,7799709.0,CT0011000,Plainville,Racial Profile,54,25-14342,Case No.,2025-10-16 00:00:00,October,W,N,F,20,True,True, Plainville,Northwest Dr,  ,  ,V,G,1.0,0,14-219(b),,False,N,False,False,W,2025-10-16 21:13:26,Written Ticket,,,False,1.0,CT0011000,20251017020453000001,2025-10-16 21:13:26,21:13:26,2025,,,,2025,Speed Related
2025-10-17 02:05:04.557000,7799710.0,CT0011000,Plainville,Racial Profile,54,25-14343,Case No.,2025-10-16 00:00:00,October,W,N,M,28,True,False, Plainville,Northwest Dr,  ,  ,V,G,1.0,0,14-219(b),,False,N,False,False,V,2025-10-16 21:33:31,Verbal Warning,,,False,1.0,CT0011000,20251017020453000001,2025-10-16 21:33:31,21:33:31,2025,,,,2025,Speed Related
2025-10-26 02:05:00.967000,7816932.0,CT0011000,Plainville,Racial Profile,54,25-14344,Case No.,2025-10-16 00:00:00,October,W,N,F,17,True,True, Plainville,Northwest Dr,  ,  ,V,G,1.0,0,14-219(b),,False,N,False,False,V,2025-10-16 21:49:44,Verbal Warning,,,False,1.0,CT0011000,20251026020447000001,2025-10-16 21:49:44,21:49:44,2025,,,,2025,Speed Related
2025-10-17 02:05:04.563000,7799712.0,CT0011000,Plainville,Racial Profile,54,25-14345,Case No.,2025-10-16 00:00:00,October,W,N,F,28,True,False, Plainville,Northwest Dr,  ,  ,V,G,1.0,0,14-219(b),,False,N,False,False,V,2025-10-16 21:57:38,Verbal Warning,,,False,1.0,CT0011000,20251017020453000001,2025-10-16 21:57:38,21:57:38,2025,,,,2025,Speed Related
2025-10-17 02:05:04.567000,7799713.0,CT0011000,Plainville,Racial Profile,54,25-14346,Case No.,2025-10-16 00:00:00,October,W,N,M,23,True,False, Plainville,Unionville Ave,  ,  ,E,G,1.0,0,14-96c,,False,N,False,False,V,2025-10-16 22:31:03,Verbal Warning,,,False,1.0,CT0011000,20251017020453000001,2025-10-16 22:31:03,22:31:03,2025,,,,2025,Defective Lights
2025-10-17 02:05:04.537000,7799701.0,CT0011000,Plainville,Racial Profile,7,25-14312,Case No.,2025-10-16 00:00:00,October,W,N,M,53,True,True, Plainville,Whiting St,  ,  ,V,G,1.0,0,14-218a,,False,N,False,False,V,2025-10-16 13:43:19,Verbal Warning,,,False,1.0,CT0011000,20251017020453000001,2025-10-16 13:43:19,13:43:19,2025,,,,2025,Speed Related
2025-10-18 02:04:55.870000,7801566.0,CT0011000,Plainville,Racial Profile,7,25-14313,Case No.,2025-10-16 00:00:00,October,B,N,M,28,True,False, Plainville,Whiting St,  ,  ,V,G,1.0,0,14-218a,,False,N,False,False,W,2025-10-16 14:00:10,Written Ticket,,,False,1.0,CT0011000,20251018020444000001,2025-10-16 14:00:10,14:00:10,2025,,,,2025,Speed Related
2025-10-21 02:04:50.180000,7808225.0,CT0011000,Plainville,Racial Profile,7,25-14315,Case No.,2025-10-16 00:00:00,October,W,N,F,47,True,False, Plainville,Whiting St,  ,  ,V,G,1.0,0,14-218a,,False,N,False,False,V,2025-10-16 14:16:57,Verbal Warning,,,False,1.0,CT0011000,20251021020438000001,2025-10-16 14:16:57,14:16:57,2025,,,,2025,Speed Related
2025-10-18 02:04:55.947000,7801582.0,CT0011000,Plainville,Racial Profile,37,25-14381,Case No.,2025-10-17 00:00:00,October,W,N,M,43,True,False, Plainville,Pickney Ave,  ,  ,V,G,1.0,0,14-301,,False,N,False,False,W,2025-10-17 17:01:12,Written Ticket,,,False,1.0,CT0011000,20251018020444000001,2025-10-17 17:01:12,17:01:12,2025,,,,2025,Stop Sign
2025-10-26 02:05:00.980000,7816937.0,CT0011000,Plainville,Racial Profile,46,25-14356,Case No.,2025-10-17 00:00:00,October,W,N,F,19,True,False, Plainville,West Main St,  ,  ,V,G,1.0,0,14-219,,False,N,False,False,V,2025-10-17 07:02:22,Verbal Warning,,,False,1.0,CT0011000,20251026020447000001,2025-10-17 07:02:22,07:02:22,2025,,,,2025,Speed Related
2025-10-18 02:04:55.953000,7801583.0,CT0011000,Plainville,Racial Profile,52,25-14382,Case No.,2025-10-17 00:00:00,October,W,N,M,17,True,False, Plainville,East Main St,  ,  ,V,B,2.0,0,14-236,,False,N,False,False,I,2025-10-17 17:16:45,Infraction Ticket,,,False,1.0,CT0011000,20251018020444000001,2025-10-17 17:16:45,17:16:45,2025,,,,2025,Moving Violation
2025-10-21 02:04:50.247000,7808245.0,CT0011000,Plainville,Racial Profile,52,25-14387,Case No.,2025-10-17 00:00:00,October,W,N,M,42,True,False, Plainville,Northwest Dr,  ,  ,V,B,1.0,0,14-299,,False,N,False,False,V,2025-10-17 18:55:19,Verbal Warning,,,False,1.0,CT0011000,20251021020438000001,2025-10-17 18:55:19,18:55:19,2025,,,,2025,Traffic Control Signal
2025-10-24 02:05:14.237000,7813450.0,CT0011000,Plainville,Racial Profile,52,25-14391,Case No.,2025-10-17 00:00:00,October,W,N,M,36,True,False, Plainville,Northwest Dr,  ,  ,V,B,1.0,0,14-301,,False,N,False,False,V,2025-10-17 19:20:27,Verbal Warning,,,False,1.0,CT0011000,20251024020500000001,2025-10-17 19:20:27,19:20:27,2025,,,,2025,Stop Sign
2025-10-18 02:04:55.980000,7801588.0,CT0011000,Plainville,Racial Profile,52,25-14392,Case No.,2025-10-17 00:00:00,October,B,N,M,37,True,False, Plainville,Northwest Dr,  ,  ,V,B,1.0,0,14-96a(a),,False,N,False,False,V,2025-10-17 19:32:27,Verbal Warning,,,False,1.0,CT0011000,20251018020444000001,2025-10-17 19:32:27,19:32:27,2025,,,,2025,Defective Lights
2025-10-22 02:04:54.463000,7809966.0,CT0011000,Plainville,Racial Profile,54,25-14375,Case No.,2025-10-17 00:00:00,October,W,H,F,25,True,False, Plainville,East Broad St,  ,  ,V,G,1.0,0,14-301,,False,N,False,False,V,2025-10-17 16:25:08,Verbal Warning,,,False,1.0,CT0011000,20251022020442000001,2025-10-17 16:25:08,16:25:08,2025,,,,2025,Stop Sign
2025-10-24 02:05:14.203000,7813442.0,CT0011000,Plainville,Racial Profile,54,25-14376,Case No.,2025-10-17 00:00:00,October,A,N,M,28,True,False, Plainville,Diamond Ave,  ,  ,V,G,1.0,0,14-301,,False,N,False,False,V,2025-10-17 16:37:29,Verbal Warning,,,False,1.0,CT0011000,20251024020500000001,2025-10-17 16:37:29,16:37:29,2025,,,,2025,Stop Sign
2025-10-21 02:04:50.243000,7808244.0,CT0011000,Plainville,Racial Profile,54,25-14386,Case No.,2025-10-17 00:00:00,October,W,N,F,61,True,True, Plainville,Woodford Ave,  ,  ,E,G,1.0,0,14-96aa,,False,N,False,False,V,2025-10-17 18:50:23,Verbal Warning,,,False,1.0,CT0011000,20251021020438000001,2025-10-17 18:50:23,18:50:23,2025,,,,2025,Defective Lights
2025-10-20 02:04:50.770000,7806489.0,CT0011000,Plainville,Racial Profile,54,25-14388,Case No.,2025-10-17 00:00:00,October,W,N,M,29,True,False, Plainville,Woodford Ave,  ,  ,E,G,1.0,0,14-96b,,False,N,False,False,V,2025-10-17 19:14:20,Verbal Warning,,,False,1.0,CT0011000,20251020020439000001,2025-10-17 19:14:20,19:14:20,2025,,,,2025,Defective Lights
2025-10-19 02:04:49.330000,7804100.0,CT0011000,Plainville,Racial Profile,57,25-14377,Case No.,2025-10-17 00:00:00,October,W,H,F,60,True,True, Plainville,Hooker St,  ,  ,V,G,1.0,0,14-296aa(b1st,,False,N,False,False,V,2025-10-17 16:44:22,Verbal Warning,,,False,1.0,CT0011000,20251019020438000001,2025-10-17 16:44:22,16:44:22,2025,,,,2025,Cell Phone
2025-10-19 02:04:49.340000,7804103.0,CT0011000,Plainville,Racial Profile,57,25-14384,Case No.,2025-10-17 00:00:00,October,W,N,F,55,True,False, Plainville,New Britain Ave,  ,  ,V,G,2.0,0,14-12(a)*,,False,N,False,False,I,2025-10-17 18:04:44,Infraction Ticket,,,False,1.0,CT0011000,20251019020438000001,2025-10-17 18:04:44,18:04:44,2025,,,,2025,Registration
2025-10-22 02:04:54.497000,7809978.0,CT0011000,Plainville,Racial Profile,51,25-14443,Case No.,2025-10-18 00:00:00,October,W,N,M,23,True,True, Plainville,Woodford Ave,  ,  ,V,G,1.0,0,14-101,,False,N,False,False,V,2025-10-18 21:16:44,Verbal Warning,,,False,1.0,CT0011000,20251022020442000001,2025-10-18 21:16:44,21:16:44,2025,,,,2025,Moving Violation
2025-11-01 02:05:15.790000,7846428.0,CT0011000,Plainville,Racial Profile,52,25-14409,Case No.,2025-10-18 00:00:00,October,W,N,M,28,True,False, Plainville,Crooked St,  ,  ,V,B,1.0,0,14-301,,False,N,False,False,V,2025-10-18 01:21:06,Verbal Warning,,,False,1.0,CT0011000,20251101020501000001,2025-10-18 01:21:06,01:21:06,2025,,,,2025,Stop Sign
2025-10-25 02:04:59.010000,7815209.0,CT0011000,Plainville,Racial Profile,33,25-14492,Case No.,2025-10-19 00:00:00,October,W,N,M,54,True,True, Plainville,East Main St,  ,  ,V,S,1.0,0,14-12(a)*,,False,N,False,False,N,2025-10-19 11:43:55,No Disposition,,,False,1.0,CT0011000,20251025020444000001,2025-10-19 11:43:55,11:43:55,2025,,,,2025,Registration
2025-10-22 02:04:54.513000,7809982.0,CT0011000,Plainville,Racial Profile,33,25-14493,Case No.,2025-10-19 00:00:00,October,W,H,M,27,True,True, Plainville,New Britain Ave,  ,  ,V,G,1.0,0,14-12(a),,False,N,False,False,V,2025-10-19 11:52:15,Verbal Warning,,,False,1.0,CT0011000,20251022020442000001,2025-10-19 11:52:15,11:52:15,2025,,,,2025,Registration
2025-10-22 02:04:54.510000,7809980.0,CT0011000,Plainville,Racial Profile,36,25-14490,Case No.,2025-10-19 00:00:00,October,W,N,F,34,True,False, Plainville,East Main St,  ,  ,V,G,1.0,0,14-296aa(b2nd,,False,N,False,False,I,2025-10-19 11:13:17,Infraction Ticket,,,False,1.0,CT0011000,20251022020442000001,2025-10-19 11:13:17,11:13:17,2025,,,,2025,Cell Phone
2025-10-22 02:04:54.523000,7809983.0,CT0011000,Plainville,Racial Profile,36,25-14494,Case No.,2025-10-19 00:00:00,October,B,N,M,25,True,False, Plainville,East Main St,  ,  ,V,G,1.0,0,14-296aa(b1st,,False,N,False,False,I,2025-10-19 12:04:05,Infraction Ticket,,,False,1.0,CT0011000,20251022020442000001,2025-10-19 12:04:05,12:04:05,2025,,,,2025,Cell Phone
2025-10-23 02:05:11.423000,7811713.0,CT0011000,Plainville,Racial Profile,51,25-14483,Case No.,2025-10-19 00:00:00,October,W,N,F,72,True,True, Plainville,Farmington Ave,  ,  ,V,G,1.0,0,14-232(1),,False,N,False,False,V,2025-10-19 07:35:59,Verbal Warning,,,False,1.0,CT0011000,20251023020458000001,2025-10-19 07:35:59,07:35:59,2025,,,,2025,Moving Violation
2025-10-25 02:04:59.020000,7815212.0,CT0011000,Plainville,Racial Profile,7,25-14496,Case No.,2025-10-19 00:00:00,October,W,N,M,19,True,True, Plainville,Hillside Ave,  ,  ,V,G,1.0,0,14-218a,,False,N,False,False,V,2025-10-19 12:28:14,Verbal Warning,,,False,1.0,CT0011000,20251025020444000001,2025-10-19 12:28:14,12:28:14,2025,,,,2025,Speed Related
2025-10-22 02:04:54.540000,7809985.0,CT0011000,Plainville,Racial Profile,7,25-14498,Case No.,2025-10-19 00:00:00,October,W,N,F,44,True,True, Plainville,Broad St,  ,  ,V,G,1.0,0,14-218a,,False,N,False,False,V,2025-10-19 14:13:38,Verbal Warning,,,False,1.0,CT0011000,20251022020442000001,2025-10-19 14:13:38,14:13:38,2025,,,,2025,Speed Related
2025-10-23 02:05:11.440000,7811720.0,CT0011000,Plainville,Racial Profile,36,25-14535,Case No.,2025-10-20 00:00:00,October,W,H,M,68,True,False, Plainville,New Britain Ave,  ,  ,V,G,1.0,0,14-271(a),,False,N,False,False,W,2025-10-20 13:58:20,Written Ticket,,,False,1.0,CT0011000,20251023020458000001,2025-10-20 13:58:20,13:58:20,2025,,,,2025,Other
2025-10-29 02:05:17.343000,7841085.0,CT0011000,Plainville,Racial Profile,17,25-14583,Case No.,2025-10-21 00:00:00,October,W,N,M,38,True,False, Plainville,Newton Ave,  ,  ,V,G,1.0,0,14-301,,False,N,False,False,V,2025-10-21 12:35:08,Verbal Warning,,,False,1.0,CT0011000,20251029020503000001,2025-10-21 12:35:08,12:35:08,2025,,,,2025,Stop Sign
2025-10-26 02:05:01.133000,7816965.0,CT0011000,Plainville,Racial Profile,46,25-14564,Case No.,2025-10-21 00:00:00,October,W,N,M,43,True,True, Plainville,East St,  ,  ,V,G,1.0,0,14-96u,,False,N,False,False,V,2025-10-21 02:42:02,Verbal Warning,,,False,1.0,CT0011000,20251026020447000001,2025-10-21 02:42:02,02:42:02,2025,,,,2025,Defective Lights
2025-10-22 02:04:54.550000,7809990.0,CT0011000,Plainville,Racial Profile,48,25-14561,Case No.,2025-10-21 00:00:00,October,W,H,M,29,True,False, Plainville,Camp St,  ,  ,V,G,2.0,1,14-301,,False,N,False,False,M,2025-10-21 01:58:25,Misdemeanor Summons,,,False,1.0,CT0011000,20251022020442000001,2025-10-21 01:58:25,01:58:25,2025,14-215,,,2025,Stop Sign
2025-10-23 02:05:11.457000,7811727.0,CT0011000,Plainville,Racial Profile,48,25-14565,Case No.,2025-10-21 00:00:00,October,W,H,M,36,True,False, Plainville,Camp St,  ,  ,V,G,1.0,1,14-301,,False,N,False,False,V,2025-10-21 02:50:07,Verbal Warning,,,False,1.0,CT0011000,20251023020458000001,2025-10-21 02:50:07,02:50:07,2025,,,,2025,Stop Sign
2025-10-25 02:04:59.117000,7815223.0,CT0011000,Plainville,Racial Profile,48,25-14566,Case No.,2025-10-21 00:00:00,October,B,N,F,62,True,False, Plainville,Camp St,  ,  ,V,G,1.0,1,14-301,,False,N,False,False,V,2025-10-21 02:56:34,Verbal Warning,,,False,1.0,CT0011000,20251025020444000001,2025-10-21 02:56:34,02:56:34,2025,,,,2025,Stop Sign
2025-10-24 02:05:14.340000,7813471.0,CT0011000,Plainville,Racial Profile,48,25-14567,Case No.,2025-10-21 00:00:00,October,W,N,F,0,True,False, Plainville,Camp St,  ,  ,V,G,1.0,1,14-301,,False,N,False,False,V,2025-10-21 03:22:31,Verbal Warning,,,False,1.0,CT0011000,20251024020500000001,2025-10-21 03:22:31,03:22:31,2025,,,,2025,Stop Sign
2025-10-24 02:05:14.307000,7813462.0,CT0011000,Plainville,Racial Profile,51,25-14552,Case No.,2025-10-21 00:00:00,October,W,N,F,33,True,True, Plainville,East St,  ,  ,V,G,1.0,0,14-101,,False,N,False,False,V,2025-10-21 01:35:33,Verbal Warning,,,False,1.0,CT0011000,20251024020500000001,2025-10-21 01:35:33,01:35:33,2025,,,,2025,Moving Violation
2025-10-23 02:05:11.443000,7811722.0,CT0011000,Plainville,Racial Profile,51,25-14558,Case No.,2025-10-21 00:00:00,October,W,N,F,39,True,False, Plainville,North Washington St,  ,  ,V,G,1.0,0,14-301,,False,N,False,False,V,2025-10-21 01:43:40,Verbal Warning,,,False,1.0,CT0011000,20251023020458000001,2025-10-21 01:43:40,01:43:40,2025,,,,2025,Stop Sign
2025-10-23 02:05:11.447000,7811723.0,CT0011000,Plainville,Racial Profile,51,25-14560,Case No.,2025-10-21 00:00:00,October,W,N,F,53,True,False, Plainville,Camp St,  ,  ,V,G,1.0,0,14-301,,False,N,False,False,V,2025-10-21 01:51:00,Verbal Warning,,,False,1.0,CT0011000,20251023020458000001,2025-10-21 01:51:00,01:51:00,2025,,,,2025,Stop Sign
2025-10-23 02:05:11.450000,7811725.0,CT0011000,Plainville,Racial Profile,51,25-14562,Case No.,2025-10-21 00:00:00,October,W,N,M,55,True,False, Plainville,Bradley St,  ,  ,V,G,1.0,0,14-101,,False,N,False,False,V,2025-10-21 02:24:54,Verbal Warning,,,False,1.0,CT0011000,20251023020458000001,2025-10-21 02:24:54,02:24:54,2025,,,,2025,Moving Violation
2025-10-25 02:04:59.103000,7815220.0,CT0011000,Plainville,Racial Profile,51,25-14563,Case No.,2025-10-21 00:00:00,October,W,M,M,22,True,True, Plainville,Camp St,  ,  ,V,G,1.0,0,14-301,,False,N,False,False,V,2025-10-21 02:31:58,Verbal Warning,,,False,1.0,CT0011000,20251025020444000001,2025-10-21 02:31:58,02:31:58,2025,,,,2025,Stop Sign
2025-10-24 02:05:14.343000,7813472.0,CT0011000,Plainville,Racial Profile,51,25-14572,Case No.,2025-10-21 00:00:00,October,W,M,F,48,True,True, Plainville,Farmington Ave,  ,  ,V,G,1.0,0,14-101,,False,N,False,False,V,2025-10-21 07:10:46,Verbal Warning,,,False,1.0,CT0011000,20251024020500000001,2025-10-21 07:10:46,07:10:46,2025,,,,2025,Moving Violation
2025-10-23 02:05:11.463000,7811731.0,CT0011000,Plainville,Racial Profile,51,25-14578,Case No.,2025-10-21 00:00:00,October,W,M,M,77,True,True, Plainville,East St,  ,  ,V,G,1.0,0,14-101,,False,N,False,False,V,2025-10-21 10:07:42,Verbal Warning,,,False,1.0,CT0011000,20251023020458000001,2025-10-21 10:07:42,10:07:42,2025,,,,2025,Moving Violation
2025-10-27 02:05:21.750000,7818746.0,CT0011000,Plainville,Racial Profile,51,25-14589,Case No.,2025-10-21 00:00:00,October,W,H,M,31,True,False, Plainville,Broad St,  ,  ,V,G,1.0,0,14-101,,False,N,False,False,V,2025-10-21 15:12:48,Verbal Warning,,,False,1.0,CT0011000,20251027020508000001,2025-10-21 15:12:48,15:12:48,2025,,,,2025,Moving Violation
2025-10-22 02:04:54.570000,7809998.0,CT0011000,Plainville,Racial Profile,52,25-14602,Case No.,2025-10-21 00:00:00,October,W,N,F,55,True,False, Plainville,East Main St,  ,  ,V,B,1.0,0,14-96b,,False,N,False,False,V,2025-10-21 19:47:38,Verbal Warning,,,False,1.0,CT0011000,20251022020442000001,2025-10-21 19:47:38,19:47:38,2025,,,,2025,Defective Lights
2025-10-23 02:05:11.470000,7811733.0,CT0011000,Plainville,Racial Profile,50,25-14614,Case No.,2025-10-22 00:00:00,October,W,N,M,23,True,True, Plainville,East St,  ,  ,V,G,1.0,0,14-299,,False,N,False,False,V,2025-10-22 02:03:07,Verbal Warning,,,False,1.0,CT0011000,20251023020458000001,2025-10-22 02:03:07,02:03:07,2025,,,,2025,Traffic Control Signal
2025-10-25 02:04:59.170000,7815229.0,CT0011000,Plainville,Racial Profile,50,25-14625,Case No.,2025-10-22 00:00:00,October,W,N,M,59,True,False, Plainville,Washington St,  ,  ,V,G,1.0,0,14-299,,False,N,False,False,V,2025-10-22 07:28:54,Verbal Warning,,,False,1.0,CT0011000,20251025020444000001,2025-10-22 07:28:54,07:28:54,2025,,,,2025,Traffic Control Signal
2025-10-23 02:05:11.473000,7811735.0,CT0011000,Plainville,Racial Profile,50,25-14627,Case No.,2025-10-22 00:00:00,October,W,N,M,39,True,True, Plainville,Washington St,  ,  ,V,G,1.0,0,14-299,,False,N,False,False,V,2025-10-22 07:39:53,Verbal Warning,,,False,1.0,CT0011000,20251023020458000001,2025-10-22 07:39:53,07:39:53,2025,,,,2025,Traffic Control Signal
2025-10-23 02:05:11.487000,7811736.0,CT0011000,Plainville,Racial Profile,50,25-14628,Case No.,2025-10-22 00:00:00,October,W,N,M,25,True,False, Plainville,West Main St,  ,  ,V,G,1.0,0,14-299,,False,N,False,False,V,2025-10-22 07:52:04,Verbal Warning,,,False,1.0,CT0011000,20251023020458000001,2025-10-22 07:52:04,07:52:04,2025,,,,2025,Traffic Control Signal
2025-10-25 02:04:59.190000,7815233.0,CT0011000,Plainville,Racial Profile,52,25-14660,Case No.,2025-10-22 00:00:00,October,W,H,F,55,True,True, Plainville,Farmington Ave,  ,  ,E,B,1.0,0,14-96c,,False,N,False,False,V,2025-10-22 19:34:28,Verbal Warning,,,False,1.0,CT0011000,20251025020444000001,2025-10-22 19:34:28,19:34:28,2025,,,,2025,Defective Lights
2025-10-31 02:05:20.600000,7844673.0,CT0011000,Plainville,Racial Profile,54,25-14657,Case No.,2025-10-22 00:00:00,October,W,N,M,0,True,False, Plainville,Unionville Ave,  ,  ,V,G,1.0,0,14-12(a)*,,False,N,False,False,V,2025-10-22 18:18:34,Verbal Warning,,,False,1.0,CT0011000,20251031020507000001,2025-10-22 18:18:34,18:18:34,2025,,,,2025,Registration
2025-10-25 02:04:59.193000,7815234.0,CT0011000,Plainville,Racial Profile,50,25-14672,Case No.,2025-10-23 00:00:00,October,W,H,M,31,True,False, Plainville,East Main St,  ,  ,V,G,2.0,0,14-147(c),,False,N,False,False,I,2025-10-23 01:24:23,Infraction Ticket,,,False,1.0,CT0011000,20251025020444000001,2025-10-23 01:24:23,01:24:23,2025,14-213b,,,2025,Administrative Offense
2025-11-26 02:05:40.187000,7915170.0,CT0011000,Plainville,Racial Profile,50,25-14682,Case No.,2025-10-23 00:00:00,October,W,N,M,54,True,True, Plainville,New Britain Ave,  ,  ,V,G,3.0,0,14-147a,,False,N,True,False,U,2025-10-23 03:49:33,Uniform ArrestReport,,,False,1.0,CT0011000,20251126020526000001,2025-10-23 03:49:33,03:49:33,2025,21a-279(a)(2),,,2025,Administrative Offense
2025-10-25 02:04:59.197000,7815235.0,CT0011000,Plainville,Racial Profile,54,25-14702,Case No.,2025-10-23 00:00:00,October,W,N,M,61,False,False, Plainville,East Main St,  ,  ,V,G,3.0,1,14-213b,,False,N,False,False,I,2025-10-23 18:10:38,Infraction Ticket,,,False,1.0,CT0011000,20251025020444000001,2025-10-23 18:10:38,18:10:38,2025,,,,2025,Administrative Offense
2025-10-26 02:05:01.180000,7816983.0,CT0011000,Plainville,Racial Profile,16,25-14753,Case No.,2025-10-24 00:00:00,October,W,N,F,34,True,False, Plainville,East St,  ,  ,V,G,1.0,0,14-299,,False,N,False,False,V,2025-10-24 17:18:07,Verbal Warning,,,False,1.0,CT0011000,20251026020447000001,2025-10-24 17:18:07,17:18:07,2025,,,,2025,Traffic Control Signal
2025-10-25 02:04:59.203000,7815237.0,CT0011000,Plainville,Racial Profile,39,25-14726,Case No.,2025-10-24 00:00:00,October,B,N,M,34,True,True, Plainville,Redstone Hill,  ,  ,V,G,1.0,1,14-301,,False,N,False,False,I,2025-10-24 08:24:53,Infraction Ticket,,,False,1.0,CT0011000,20251025020444000001,2025-10-24 08:24:53,08:24:53,2025,14-12(a)*,,,2025,Stop Sign
2025-10-27 02:05:21.783000,7818758.0,CT0011000,Plainville,Racial Profile,39,25-14751,Case No.,2025-10-24 00:00:00,October,B,N,F,34,True,False, Plainville,New Britain Ave,  ,  ,E,G,3.0,1,14-147(c),,False,N,False,False,M,2025-10-24 16:36:58,Misdemeanor Summons,,,False,1.0,CT0011000,20251027020508000001,2025-10-24 16:36:58,16:36:58,2025,14-215,,,2025,Administrative Offense
2025-10-25 02:04:59.213000,7815240.0,CT0011000,Plainville,Racial Profile,39,25-14759,Case No.,2025-10-24 00:00:00,October,B,H,F,0,False,False, Plainville,East St,  ,  ,E,G,3.0,1,14-18(a),,False,N,False,False,I,2025-10-24 20:39:20,Infraction Ticket,,,False,1.0,CT0011000,20251025020444000001,2025-10-24 20:39:20,20:39:20,2025,14-36(a),,,2025,Display of Plates
2025-10-30 02:04:57.097000,7842897.0,CT0011000,Plainville,Racial Profile,40,25-14725,Case No.,2025-10-24 00:00:00,October,W,N,M,73,True,True, Plainville,Maxine Rd,  ,  ,V,G,1.0,0,14-301,,False,N,False,False,V,2025-10-24 07:36:10,Verbal Warning,,,False,1.0,CT0011000,20251030020444000001,2025-10-24 07:36:10,07:36:10,2025,,,,2025,Stop Sign
2025-11-25 02:05:32.510000,7912914.0,CT0011000,Plainville,Racial Profile,46,25-14735,Case No.,2025-10-24 00:00:00,October,B,N,F,35,True,True, Plainville,East Main St,  ,  ,E,G,1.0,0,14-99g(b),,False,N,False,False,W,2025-10-24 11:07:38,Written Ticket,,,False,1.0,CT0011000,20251125020518000001,2025-10-24 11:07:38,11:07:38,2025,,,,2025,Window Tint
2025-11-01 02:05:15.940000,7846464.0,CT0011000,Plainville,Racial Profile,46,25-14736,Case No.,2025-10-24 00:00:00,October,B,N,M,54,True,False, Plainville,North Washington St,  ,  ,E,G,1.0,0,14-99g(b),,False,N,False,False,I,2025-10-24 11:29:49,Infraction Ticket,,,False,1.0,CT0011000,20251101020501000001,2025-10-24 11:29:49,11:29:49,2025,,,,2025,Window Tint
2025-10-30 02:04:57.110000,7842901.0,CT0011000,Plainville,Racial Profile,46,25-14737,Case No.,2025-10-24 00:00:00,October,B,N,M,44,True,False, Plainville,West Main St,  ,  ,V,G,1.0,0,14-299,,False,N,False,False,I,2025-10-24 11:39:42,Infraction Ticket,,,False,1.0,CT0011000,20251030020444000001,2025-10-24 11:39:42,11:39:42,2025,,,,2025,Traffic Control Signal
2025-10-27 02:05:21.820000,7818762.0,CT0011000,Plainville,Racial Profile,27,25-14792,Case No.,2025-10-25 00:00:00,October,W,H,M,57,True,True, Plainville,Broad St,  ,  ,I,G,1.0,0,14-218a,,False,N,False,False,N,2025-10-25 17:51:50,No Disposition,,,False,1.0,CT0011000,20251027020508000001,2025-10-25 17:51:50,17:51:50,2025,,,,2025,Speed Related
2025-11-01 02:05:15.970000,7846474.0,CT0011000,Plainville,Racial Profile,39,25-14807,Case No.,2025-10-25 00:00:00,October,W,N,M,32,True,False, Plainville,New Britain Ave,  ,  ,E,G,1.0,0,14-96a(a),,False,N,False,False,V,2025-10-25 22:12:23,Verbal Warning,,,False,1.0,CT0011000,20251101020501000001,2025-10-25 22:12:23,22:12:23,2025,,,,2025,Defective Lights
2025-10-25 02:04:59.217000,7815241.0,CT0011000,Plainville,Racial Profile,40,25-14762,Case No.,2025-10-25 00:00:00,October,W,N,M,37,True,False, Plainville,Unionville Ave,  ,  ,V,G,1.0,0,14-96b,,False,N,False,False,V,2025-10-25 00:58:13,Verbal Warning,,,False,1.0,CT0011000,20251025020444000001,2025-10-25 00:58:13,00:58:13,2025,14-13*,,,2025,Defective Lights
2025-10-31 02:05:20.643000,7844687.0,CT0011000,Plainville,Racial Profile,57,25-14800,Case No.,2025-10-25 00:00:00,October,A,M,M,32,True,True, Plainville,East St,  ,  ,V,G,3.0,0,14-236,,False,N,False,False,M,2025-10-25 19:54:30,Misdemeanor Summons,,,False,1.0,CT0011000,20251031020507000001,2025-10-25 19:54:30,19:54:30,2025,14-36(a)**,,,2025,Moving Violation
2025-10-26 02:05:01.193000,7816988.0,CT0011000,Plainville,Racial Profile,57,25-14802,Case No.,2025-10-25 00:00:00,October,W,H,M,21,True,False, Plainville,Farmington Ave,  ,  ,E,G,1.0,0,14-18(a),,False,N,False,False,V,2025-10-25 20:48:38,Verbal Warning,,,False,1.0,CT0011000,20251026020447000001,2025-10-25 20:48:38,20:48:38,2025,,,,2025,Display of Plates
2025-11-01 02:05:15.967000,7846473.0,CT0011000,Plainville,Racial Profile,57,25-14805,Case No.,2025-10-25 00:00:00,October,W,N,M,60,True,False, Plainville,Hooker St,  ,  ,E,G,1.0,0,14-299,,False,N,False,False,I,2025-10-25 21:36:06,Infraction Ticket,,,False,1.0,CT0011000,20251101020501000001,2025-10-25 21:36:06,21:36:06,2025,,,,2025,Traffic Control Signal
2025-10-30 02:04:57.147000,7842913.0,CT0011000,Plainville,Racial Profile,51,25-14837,Case No.,2025-10-26 00:00:00,October,W,N,F,61,True,False, Plainville,East St,  ,  ,V,G,1.0,0,14-241,,False,N,False,False,V,2025-10-26 16:04:54,Verbal Warning,,,False,1.0,CT0011000,20251030020444000001,2025-10-26 16:04:54,16:04:54,2025,,,,2025,Moving Violation
2025-10-27 02:05:21.837000,7818768.0,CT0011000,Plainville,Racial Profile,51,25-14846,Case No.,2025-10-26 00:00:00,October,W,N,M,38,True,False, Plainville,West Main St,  ,  ,V,G,1.0,0,14-241,,False,N,False,False,V,2025-10-26 18:56:47,Verbal Warning,,,False,1.0,CT0011000,20251027020508000001,2025-10-26 18:56:47,18:56:47,2025,,,,2025,Moving Violation
2025-10-30 02:04:57.157000,7842917.0,CT0011000,Plainville,Racial Profile,51,25-14854,Case No.,2025-10-26 00:00:00,October,W,N,M,60,True,False, Plainville,New Britain Ave,  ,  ,V,G,1.0,0,14-101,,False,N,False,False,V,2025-10-26 21:38:55,Verbal Warning,,,False,1.0,CT0011000,20251030020444000001,2025-10-26 21:38:55,21:38:55,2025,,,,2025,Moving Violation
2025-11-03 02:05:20.717000,7850369.0,CT0011000,Plainville,Racial Profile,53,25-14828,Case No.,2025-10-26 00:00:00,October,W,N,F,51,True,False, Plainville,Bohemia St,  ,  ,V,G,1.0,0,14-301,,False,N,False,False,V,2025-10-26 13:22:26,Verbal Warning,,,False,1.0,CT0011000,20251103020504000001,2025-10-26 13:22:26,13:22:26,2025,,,,2025,Stop Sign
2025-10-30 02:04:57.143000,7842912.0,CT0011000,Plainville,Racial Profile,53,25-14829,Case No.,2025-10-26 00:00:00,October,W,N,M,34,True,False, Plainville,Bohemia St,  ,  ,V,G,1.0,0,14-301,,False,N,False,False,V,2025-10-26 13:32:03,Verbal Warning,,,False,1.0,CT0011000,20251030020444000001,2025-10-26 13:32:03,13:32:03,2025,,,,2025,Stop Sign
2025-10-29 02:05:17.513000,7841114.0,CT0011000,Plainville,Racial Profile,57,25-14850,Case No.,2025-10-26 00:00:00,October,B,N,M,21,True,False, Plainville,West Main St,  ,  ,E,G,1.0,0,14-96a(a),,False,N,False,False,V,2025-10-26 20:30:19,Verbal Warning,,,False,1.0,CT0011000,20251029020503000001,2025-10-26 20:30:19,20:30:19,2025,,,,2025,Defective Lights
2025-10-30 02:04:57.153000,7842916.0,CT0011000,Plainville,Racial Profile,57,25-14852,Case No.,2025-10-26 00:00:00,October,W,N,M,39,True,False, Plainville,Hooker St,  ,  ,V,G,1.0,0,14-12(a)*,,False,N,False,False,I,2025-10-26 20:47:16,Infraction Ticket,,,False,1.0,CT0011000,20251030020444000001,2025-10-26 20:47:16,20:47:16,2025,,,,2025,Registration
2025-10-27 02:05:21.850000,7818772.0,CT0011000,Plainville,Racial Profile,57,25-14856,Case No.,2025-10-26 00:00:00,October,W,N,M,44,True,False, Plainville,Woodford Ave,  ,  ,V,G,1.0,0,14-12(a)*,,False,N,False,False,I,2025-10-26 22:49:21,Infraction Ticket,,,False,1.0,CT0011000,20251027020508000001,2025-10-26 22:49:21,22:49:21,2025,,,,2025,Registration
2025-11-01 02:05:16.033000,7846492.0,CT0011000,Plainville,Racial Profile,37,25-14912,Case No.,2025-10-27 00:00:00,October,B,N,M,43,True,False, Plainville,East St,  ,  ,I,G,1.0,0,14-299,,False,N,False,False,W,2025-10-27 18:17:44,Written Ticket,,,False,1.0,CT0011000,20251101020501000001,2025-10-27 18:17:44,18:17:44,2025,,,,2025,Traffic Control Signal
2025-10-31 02:05:20.697000,7844709.0,CT0011000,Plainville,Racial Profile,37,25-14913,Case No.,2025-10-27 00:00:00,October,W,H,M,23,True,False, Plainville,East Main St,  ,  ,I,G,1.0,0,14-299,,False,N,False,False,W,2025-10-27 18:25:28,Written Ticket,,,False,1.0,CT0011000,20251031020507000001,2025-10-27 18:25:28,18:25:28,2025,,,,2025,Traffic Control Signal
2025-10-31 02:05:20.700000,7844710.0,CT0011000,Plainville,Racial Profile,43,25-14914,Case No.,2025-10-27 00:00:00,October,W,H,M,46,True,False, Plainville,East St,  ,  ,V,G,1.0,0,14-299,,False,N,False,False,V,2025-10-27 18:31:22,Verbal Warning,,,False,1.0,CT0011000,20251031020507000001,2025-10-27 18:31:22,18:31:22,2025,,,,2025,Traffic Control Signal
2025-10-30 02:04:57.170000,7842919.0,CT0011000,Plainville,Racial Profile,46,25-14868,Case No.,2025-10-27 00:00:00,October,B,N,F,49,True,False, Plainville,New Britain Ave,  ,  ,V,G,1.0,0,14-96a(a),,False,N,False,False,I,2025-10-27 07:00:40,Infraction Ticket,,,False,1.0,CT0011000,20251030020444000001,2025-10-27 07:00:40,07:00:40,2025,,,,2025,Defective Lights
2025-10-31 02:05:20.687000,7844704.0,CT0011000,Plainville,Racial Profile,49,25-14887,Case No.,2025-10-27 00:00:00,October,W,N,M,52,True,False, Plainville,CT Commons,  ,  ,E,G,1.0,0,14-18(a),,False,N,False,False,V,2025-10-27 11:47:48,Verbal Warning,,,False,1.0,CT0011000,20251031020507000001,2025-10-27 11:47:48,11:47:48,2025,14-12(a)*,,,2025,Display of Plates
2025-11-03 02:05:20.743000,7850378.0,CT0011000,Plainville,Racial Profile,50,25-14874,Case No.,2025-10-27 00:00:00,October,W,N,M,55,True,True, Plainville,Unionville Ave,  ,  ,V,G,1.0,0,14-299,,False,N,False,False,V,2025-10-27 07:37:05,Verbal Warning,,,False,1.0,CT0011000,20251103020504000001,2025-10-27 07:37:05,07:37:05,2025,,,,2025,Traffic Control Signal
2025-10-29 02:05:17.530000,7841121.0,CT0011000,Plainville,Racial Profile,51,25-14885,Case No.,2025-10-27 00:00:00,October,W,N,M,71,True,False, Plainville,North Washington St,  ,  ,V,G,1.0,0,14-299,,False,N,False,False,V,2025-10-27 11:24:18,Verbal Warning,,,False,1.0,CT0011000,20251029020503000001,2025-10-27 11:24:18,11:24:18,2025,,,,2025,Traffic Control Signal
2025-11-04 02:05:11.017000,7853283.0,CT0011000,Plainville,Racial Profile,51,25-14886,Case No.,2025-10-27 00:00:00,October,W,N,M,22,True,False, Plainville,North Washington St,  ,  ,V,G,1.0,0,14-299,,False,N,False,False,V,2025-10-27 11:36:54,Verbal Warning,,,False,1.0,CT0011000,20251104020457000001,2025-10-27 11:36:54,11:36:54,2025,,,,2025,Traffic Control Signal
2025-11-02 02:05:28.990000,7848297.0,CT0011000,Plainville,Racial Profile,53,25-14883,Case No.,2025-10-27 00:00:00,October,W,N,M,40,True,False, Plainville,Arcadia Ave,  ,  ,V,G,1.0,0,14-301,,False,N,False,False,V,2025-10-27 10:54:33,Verbal Warning,,,False,1.0,CT0011000,20251102020516000001,2025-10-27 10:54:33,10:54:33,2025,,,,2025,Stop Sign
2025-11-01 02:05:16.023000,7846489.0,CT0011000,Plainville,Racial Profile,53,25-14889,Case No.,2025-10-27 00:00:00,October,W,N,F,56,True,False, Plainville,New Britain Ave,  ,  ,V,G,1.0,0,14-236,,False,N,False,False,V,2025-10-27 11:59:44,Verbal Warning,,,False,1.0,CT0011000,20251101020501000001,2025-10-27 11:59:44,11:59:44,2025,,,,2025,Moving Violation
2025-10-31 02:05:20.690000,7844706.0,CT0011000,Plainville,Racial Profile,53,25-14895,Case No.,2025-10-27 00:00:00,October,W,N,F,48,True,False, Plainville,Whiting St,  ,  ,V,G,1.0,0,14-219,,False,N,False,False,V,2025-10-27 14:24:46,Verbal Warning,,,False,1.0,CT0011000,20251031020507000001,2025-10-27 14:24:46,14:24:46,2025,,,,2025,Speed Related
2025-10-31 02:05:20.693000,7844707.0,CT0011000,Plainville,Racial Profile,54,25-14910,Case No.,2025-10-27 00:00:00,October,W,N,F,68,True,True, Plainville,Pickney Ave,  ,  ,V,G,1.0,0,14-301,,False,N,False,False,V,2025-10-27 17:58:25,Verbal Warning,,,False,1.0,CT0011000,20251031020507000001,2025-10-27 17:58:25,17:58:25,2025,,,,2025,Stop Sign
2025-10-30 02:04:57.207000,7842931.0,CT0011000,Plainville,Racial Profile,54,25-14924,Case No.,2025-10-27 00:00:00,October,W,H,M,33,False,False, Plainville,New Britain Ave,  ,  ,V,G,2.0,0,14-251,,False,N,False,False,V,2025-10-27 22:44:21,Verbal Warning,,,False,1.0,CT0011000,20251030020444000001,2025-10-27 22:44:21,22:44:21,2025,,,,2025,Other
2025-11-16 02:05:26.827000,7893925.0,CT0011000,Plainville,Racial Profile,7,25-14927,Case No.,2025-10-27 00:00:00,October,W,H,M,32,True,True, Plainville,South Washington St,  ,  ,V,G,1.0,0,14-301,,False,N,False,False,V,2025-10-27 23:24:50,Verbal Warning,,,False,1.0,CT0011000,20251116020513000001,2025-10-27 23:24:50,23:24:50,2025,,,,2025,Stop Sign
2025-11-02 02:05:29.027000,7848309.0,CT0011000,Plainville,Racial Profile,30,25-14940,Case No.,2025-10-28 00:00:00,October,W,H,M,45,True,False, Plainville,Bradley St,  ,  ,V,G,1.0,0,14-299,,False,N,False,False,V,2025-10-28 06:54:58,Verbal Warning,,,False,1.0,CT0011000,20251102020516000001,2025-10-28 06:54:58,06:54:58,2025,,,,2025,Traffic Control Signal
2025-11-01 02:05:16.057000,7846500.0,CT0011000,Plainville,Racial Profile,39,25-14989,Case No.,2025-10-28 00:00:00,October,W,H,F,26,True,False, Plainville,New Britain Ave,  ,  ,E,G,1.0,0,14-96e,,False,N,False,False,V,2025-10-28 17:06:49,Verbal Warning,,,False,1.0,CT0011000,20251101020501000001,2025-10-28 17:06:49,17:06:49,2025,,,,2025,Defective Lights
2025-11-03 02:05:20.790000,7850392.0,CT0011000,Plainville,Racial Profile,50,25-14944,Case No.,2025-10-28 00:00:00,October,W,H,F,37,True,False, Plainville,Whiting St,  ,  ,V,G,1.0,0,14-299,,False,N,False,False,V,2025-10-28 07:09:21,Verbal Warning,,,False,1.0,CT0011000,20251103020504000001,2025-10-28 07:09:21,07:09:21,2025,,,,2025,Traffic Control Signal
2025-11-03 02:05:20.797000,7850393.0,CT0011000,Plainville,Racial Profile,50,25-14947,Case No.,2025-10-28 00:00:00,October,W,H,M,28,True,False, Plainville,Whiting St,  ,  ,V,G,1.0,0,14-218a,,False,N,False,False,V,2025-10-28 07:23:52,Verbal Warning,,,False,1.0,CT0011000,20251103020504000001,2025-10-28 07:23:52,07:23:52,2025,,,,2025,Speed Related
2025-10-31 02:05:20.710000,7844715.0,CT0011000,Plainville,Racial Profile,54,25-15000,Case No.,2025-10-28 00:00:00,October,W,H,M,34,False,False, Plainville,New Britain Ave,  ,  ,E,G,1.0,0,14-96y,,False,N,False,False,V,2025-10-28 20:46:15,Verbal Warning,,,False,1.0,CT0011000,20251031020507000001,2025-10-28 20:46:15,20:46:15,2025,,,,2025,Defective Lights
2025-11-01 02:05:16.067000,7846502.0,CT0011000,Plainville,Racial Profile,40,25-15019,Case No.,2025-10-29 00:00:00,October,W,N,F,20,True,True, Plainville,Park St,  ,  ,V,G,1.0,0,14-301,,False,N,False,True,V,2025-10-29 07:27:15,Verbal Warning,,,False,1.0,CT0011000,20251101020501000001,2025-10-29 07:27:15,07:27:15,2025,,,,2025,Stop Sign
2025-10-31 02:05:20.717000,7844717.0,CT0011000,Plainville,Racial Profile,51,25-15028,Case No.,2025-10-29 00:00:00,October,W,N,M,23,True,True, Plainville,West Main St,  ,  ,V,G,1.0,0,14-296aa(b1st,,False,N,False,False,V,2025-10-29 11:29:49,Verbal Warning,,,False,1.0,CT0011000,20251031020507000001,2025-10-29 11:29:49,11:29:49,2025,,,,2025,Cell Phone
2025-10-31 02:05:20.720000,7844718.0,CT0011000,Plainville,Racial Profile,51,25-15034,Case No.,2025-10-29 00:00:00,October,W,H,M,65,True,True, Plainville,Broad St,  ,  ,V,G,1.0,0,14-101,,False,N,False,False,V,2025-10-29 15:24:18,Verbal Warning,,,False,1.0,CT0011000,20251031020507000001,2025-10-29 15:24:18,15:24:18,2025,,,,2025,Moving Violation
2025-11-06 02:05:36.540000,7858026.0,CT0011000,Plainville,Racial Profile,54,25-15050,Case No.,2025-10-29 00:00:00,October,W,N,M,22,True,True, Plainville,Granger Ln,  ,  ,E,G,1.0,0,14-96y,,False,N,False,False,V,2025-10-29 20:55:42,Verbal Warning,,,False,1.0,CT0011000,20251106020523000001,2025-10-29 20:55:42,20:55:42,2025,,,,2025,Defective Lights
2025-10-31 02:05:20.723000,7844720.0,CT0011000,Plainville,Racial Profile,54,25-15051,Case No.,2025-10-29 00:00:00,October,W,N,M,46,True,True, Plainville,North Washington St,  ,  ,E,G,3.0,0,14-96y,,False,N,False,False,V,2025-10-29 21:01:22,Verbal Warning,,,False,1.0,CT0011000,20251031020507000001,2025-10-29 21:01:22,21:01:22,2025,,,,2025,Defective Lights
2025-11-05 02:05:27.393000,7856154.0,CT0011000,Plainville,Racial Profile,57,25-15041,Case No.,2025-10-29 00:00:00,October,W,H,M,60,True,True, Plainville,New Britain Ave,  ,  ,V,G,3.0,1,14-215,,False,N,False,False,I,2025-10-29 18:49:53,Infraction Ticket,,,False,1.0,CT0011000,20251105020515000001,2025-10-29 18:49:53,18:49:53,2025,14-213b,,,2025,Administrative Offense
2025-11-02 02:05:29.053000,7848318.0,CT0011000,Plainville,Racial Profile,57,25-15044,Case No.,2025-10-29 00:00:00,October,W,H,F,33,True,True, Plainville,Crooked St,  ,  ,V,G,1.0,0,14-96a(a),,False,N,False,False,V,2025-10-29 20:01:28,Verbal Warning,,,False,1.0,CT0011000,20251102020516000001,2025-10-29 20:01:28,20:01:28,2025,,,,2025,Defective Lights
2025-11-05 02:05:27.397000,7856156.0,CT0011000,Plainville,Racial Profile,57,25-15045,Case No.,2025-10-29 00:00:00,October,W,N,F,57,True,True, Plainville,Burnham St,  ,  ,V,G,1.0,0,14-18(c),,False,N,False,False,V,2025-10-29 20:11:40,Verbal Warning,,,False,1.0,CT0011000,20251105020515000001,2025-10-29 20:11:40,20:11:40,2025,,,,2025,Display of Plates
2025-11-04 02:05:11.083000,7853304.0,CT0011000,Plainville,Racial Profile,57,25-15049,Case No.,2025-10-29 00:00:00,October,W,N,M,51,True,True, Plainville,South Washington St,  ,  ,V,G,1.0,0,14-244,,False,N,False,False,V,2025-10-29 20:53:15,Verbal Warning,,,False,1.0,CT0011000,20251104020457000001,2025-10-29 20:53:15,20:53:15,2025,,,,2025,Moving Violation
2025-11-03 02:05:20.837000,7850405.0,CT0011000,Plainville,Racial Profile,30,25-15065,Case No.,2025-10-30 00:00:00,October,W,H,M,48,True,False, Plainville,Robert Holcomb Way,  ,  ,V,G,3.0,1,14-218a,,True,O,False,True,U,2025-10-30 01:16:15,Uniform ArrestReport,,,False,1.0,CT0011000,20251103020504000001,2025-10-30 01:16:15,01:16:15,2025,14-227a,,,2025,Speed Related
2025-11-01 02:05:16.117000,7846515.0,CT0011000,Plainville,Racial Profile,30,25-15079,Case No.,2025-10-30 00:00:00,October,W,N,F,28,True,True, Plainville,East Main St,  ,  ,E,G,2.0,1,14-96d,,False,N,False,False,I,2025-10-30 07:15:36,Infraction Ticket,,,False,1.0,CT0011000,20251101020501000001,2025-10-30 07:15:36,07:15:36,2025,14-213b,,,2025,Defective Lights
2025-11-02 02:05:29.087000,7848331.0,CT0011000,Plainville,Racial Profile,36,25-15086,Case No.,2025-10-30 00:00:00,October,W,N,F,84,True,True, Plainville,Northwest Dr,  ,  ,V,G,1.0,0,14-236,,False,N,False,False,V,2025-10-30 10:27:13,Verbal Warning,,,False,1.0,CT0011000,20251102020516000001,2025-10-30 10:27:13,10:27:13,2025,,,,2025,Moving Violation
2025-10-31 02:05:20.730000,7844723.0,CT0011000,Plainville,Racial Profile,40,25-15078,Case No.,2025-10-30 00:00:00,October,W,N,F,40,True,True, Plainville,Maxine Rd,  ,  ,V,G,1.0,0,14-301,,False,N,False,False,V,2025-10-30 07:14:02,Verbal Warning,,,False,1.0,CT0011000,20251031020507000001,2025-10-30 07:14:02,07:14:02,2025,,,,2025,Stop Sign
2025-11-02 02:05:29.080000,7848328.0,CT0011000,Plainville,Racial Profile,40,25-15082,Case No.,2025-10-30 00:00:00,October,W,N,F,38,True,True, Plainville,Maxine Rd,  ,  ,V,G,1.0,0,14-301,,False,N,False,False,V,2025-10-30 07:24:21,Verbal Warning,,,False,1.0,CT0011000,20251102020516000001,2025-10-30 07:24:21,07:24:21,2025,,,,2025,Stop Sign
2025-11-04 02:05:11.120000,7853314.0,CT0011000,Plainville,Racial Profile,46,25-15080,Case No.,2025-10-30 00:00:00,October,B,N,F,36,True,False, Plainville,West Main St,  ,  ,V,G,1.0,0,14-219,,False,N,False,False,V,2025-10-30 07:15:48,Verbal Warning,,,False,1.0,CT0011000,20251104020457000001,2025-10-30 07:15:48,07:15:48,2025,,,,2025,Speed Related
2025-11-04 02:05:11.113000,7853313.0,CT0011000,Plainville,Racial Profile,47,25-15081,Case No.,2025-10-30 00:00:00,October,W,N,F,37,True,False, Plainville,East St,  ,  ,E,G,1.0,0,14-96c,,False,N,False,False,V,2025-10-30 07:23:41,Verbal Warning,,,False,1.0,CT0011000,20251104020457000001,2025-10-30 07:23:41,07:23:41,2025,14-12(a)*,,,2025,Defective Lights
2025-11-03 02:05:20.840000,7850406.0,CT0011000,Plainville,Racial Profile,48,25-15074,Case No.,2025-10-30 00:00:00,October,B,N,M,60,True,False, Plainville,New Britain Ave,  ,  ,V,G,1.0,0,14-96f,,False,N,False,False,V,2025-10-30 06:53:10,Verbal Warning,,,False,1.0,CT0011000,20251103020504000001,2025-10-30 06:53:10,06:53:10,2025,,,,2025,Defective Lights
2025-11-02 02:05:29.073000,7848326.0,CT0011000,Plainville,Racial Profile,48,25-15077,Case No.,2025-10-30 00:00:00,October,B,M,M,35,False,False, Plainville,New Britain Ave,  ,  ,V,G,1.0,0,14-96y,,True,N,False,False,V,2025-10-30 07:11:07,Verbal Warning,,,False,1.0,CT0011000,20251102020516000001,2025-10-30 07:11:07,07:11:07,2025,,,,2025,Defective Lights
2025-11-01 02:05:16.123000,7846517.0,CT0011000,Plainville,Racial Profile,48,25-15084,Case No.,2025-10-30 00:00:00,October,W,N,F,35,True,False, Plainville,West Main St,  ,  ,V,G,1.0,0,14-21b(c),,False,N,False,False,V,2025-10-30 07:42:50,Verbal Warning,,,False,1.0,CT0011000,20251101020501000001,2025-10-30 07:42:50,07:42:50,2025,,,,2025,Display of Plates
2025-11-01 02:05:16.127000,7846519.0,CT0011000,Plainville,Racial Profile,57,25-15104,Case No.,2025-10-30 00:00:00,October,W,N,F,51,True,True, Plainville,Pierce St,  ,  ,V,G,1.0,0,14-244,,False,N,False,False,V,2025-10-30 22:40:43,Verbal Warning,,,False,1.0,CT0011000,20251101020501000001,2025-10-30 22:40:43,22:40:43,2025,,,,2025,Moving Violation
2025-11-02 02:05:29.097000,7848335.0,CT0011000,Plainville,Racial Profile,33,25-15139,Case No.,2025-10-31 00:00:00,October,W,N,F,66,True,True, Plainville,West Main St,  ,  ,V,G,1.0,0,14-12(a),,False,N,False,False,V,2025-10-31 11:27:09,Verbal Warning,,,False,1.0,CT0011000,20251102020516000001,2025-10-31 11:27:09,11:27:09,2025,,,,2025,Registration
2025-11-08 02:05:45.247000,7861799.0,CT0011000,Plainville,Racial Profile,33,25-15140,Case No.,2025-10-31 00:00:00,October,W,N,F,34,True,False, Plainville,East Main St,  ,  ,V,G,1.0,0,14-12(a),,False,N,False,False,V,2025-10-31 11:32:56,Verbal Warning,,,False,1.0,CT0011000,20251108020531000001,2025-10-31 11:32:56,11:32:56,2025,,,,2025,Registration
2025-11-04 02:05:11.153000,7853323.0,CT0011000,Plainville,Racial Profile,33,25-15142,Case No.,2025-10-31 00:00:00,October,W,N,M,66,True,True, Plainville,East St,  ,  ,V,G,1.0,0,14-12(a),,False,N,False,False,V,2025-10-31 11:45:08,Verbal Warning,,,False,1.0,CT0011000,20251104020457000001,2025-10-31 11:45:08,11:45:08,2025,,,,2025,Registration
2025-11-17 02:05:23.487000,7896529.0,CT0011000,Plainville,Racial Profile,36,25-15135,Case No.,2025-10-31 00:00:00,October,W,N,M,69,True,True, Plainville,Whiting St,  ,  ,V,G,1.0,0,14-299,,False,N,False,False,V,2025-10-31 09:37:05,Verbal Warning,,,False,1.0,CT0011000,20251117020511000001,2025-10-31 09:37:05,09:37:05,2025,,,,2025,Traffic Control Signal
2025-11-02 02:05:29.110000,7848341.0,CT0011000,Plainville,Racial Profile,50,25-15165,Case No.,2025-10-31 00:00:00,October,B,N,M,19,True,False, Plainville,New Britain Ave,  ,  ,V,G,1.0,0,14-96b,,False,N,False,False,V,2025-10-31 21:03:58,Verbal Warning,,,False,1.0,CT0011000,20251102020516000001,2025-10-31 21:03:58,21:03:58,2025,,,,2025,Defective Lights
2025-11-04 02:05:11.167000,7853328.0,CT0011000,Plainville,Racial Profile,50,25-15167,Case No.,2025-10-31 00:00:00,October,W,N,F,0,True,True, Plainville,New Britain Ave,  ,  ,V,G,1.0,0,14-147(b),,False,N,False,False,M,2025-10-31 21:18:27,Misdemeanor Summons,,,False,1.0,CT0011000,20251104020457000001,2025-10-31 21:18:27,21:18:27,2025,,,,2025,Administrative Offense
2025-11-03 02:05:20.873000,7850416.0,CT0011000,Plainville,Racial Profile,51,25-15136,Case No.,2025-10-31 00:00:00,October,B,N,M,32,True,False, Plainville,East St,  ,  ,V,G,2.0,1,14-215,,False,N,False,False,I,2025-10-31 10:12:35,Infraction Ticket,,,False,1.0,CT0011000,20251103020504000001,2025-10-31 10:12:35,10:12:35,2025,,,,2025,Administrative Offense
2025-11-01 02:05:16.157000,7846528.0,CT0011000,Plainville,Racial Profile,51,25-15166,Case No.,2025-10-31 00:00:00,October,B,N,F,35,True,False, Plainville,New Britain Ave,  ,  ,V,G,1.0,0,14-96a(a),,False,N,False,False,V,2025-10-31 21:12:24,Verbal Warning,,,False,1.0,CT0011000,20251101020501000001,2025-10-31 21:12:24,21:12:24,2025,,,,2025,Defective Lights
2025-11-02 02:05:29.107000,7848339.0,CT0011000,Plainville,Racial Profile,53,25-15143,Case No.,2025-10-31 00:00:00,October,W,N,M,60,True,False, Plainville,Whiting St,  ,  ,V,G,1.0,0,14-219,,False,N,False,False,V,2025-10-31 11:47:08,Verbal Warning,,,False,1.0,CT0011000,20251102020516000001,2025-10-31 11:47:08,11:47:08,2025,,,,2025,Speed Related
2025-11-17 02:05:23.503000,7896536.0,CT0011000,Plainville,Racial Profile,57,25-15154,Case No.,2025-10-31 00:00:00,October,B,N,M,30,True,False, Plainville,East St,  ,  ,V,S,3.0,1,14-12(a)*,,False,N,False,False,M,2025-10-31 18:18:30,Misdemeanor Summons,,,False,1.0,CT0011000,20251117020511000001,2025-10-31 18:18:30,18:18:30,2025,14-215(a),,,2025,Registration
2025-11-02 02:05:29.110000,7848340.0,CT0011000,Plainville,Racial Profile,57,25-15160,Case No.,2025-10-31 00:00:00,October,B,N,F,38,False,False, Plainville,East Main St,  ,  ,V,S,1.0,0,14-215,,False,N,False,False,V,2025-10-31 20:08:56,Verbal Warning,,,False,1.0,CT0011000,20251102020516000001,2025-10-31 20:08:56,20:08:56,2025,,,,2025,Administrative Offense
2025-11-27 02:05:57.490000,7917327.0,CT0011000,Plainville,Racial Profile,57,25-15161,Case No.,2025-10-31 00:00:00,October,W,H,M,33,True,True, Plainville,East Main St,  ,  ,E,G,2.0,0,14-12(a)*,,False,N,False,False,V,2025-10-31 20:21:28,Verbal Warning,,,False,1.0,CT0011000,20251127020545000001,2025-10-31 20:21:28,20:21:28,2025,,,,2025,Registration
2025-11-17 02:05:23.517000,7896541.0,CT0011000,Plainville,Racial Profile,57,25-15168,Case No.,2025-10-31 00:00:00,October,W,H,M,44,True,False, Plainville,Woodford Ave,  ,  ,V,S,1.0,0,14-12(a)*,,False,N,False,False,I,2025-10-31 22:11:55,Infraction Ticket,,,False,1.0,CT0011000,20251117020511000001,2025-10-31 22:11:55,22:11:55,2025,,,,2025,Registration
2025-11-01 02:05:16.160000,7846529.0,CT0011000,Plainville,Racial Profile,57,25-15169,Case No.,2025-10-31 00:00:00,October,B,N,F,54,False,False, Plainville,New Britain Ave,  ,  ,V,S,1.0,0,14-12(a)*,,False,N,False,False,V,2025-10-31 22:30:25,Verbal Warning,,,False,1.0,CT0011000,20251101020501000001,2025-10-31 22:30:25,22:30:25,2025,,,,2025,Registration
2025-11-01 02:05:16.160000,7846530.0,CT0011000,Plainville,Racial Profile,57,25-15171,Case No.,2025-10-31 00:00:00,October,B,N,F,73,False,False, Plainville,Camp St,  ,  ,V,S,1.0,0,14-301,,False,N,False,False,V,2025-10-31 23:01:31,Verbal Warning,,,False,1.0,CT0011000,20251101020501000001,2025-10-31 23:01:31,23:01:31,2025,,,,2025,Stop Sign
2025-11-02 02:05:29.120000,7848345.0,CT0011000,Plainville,Racial Profile,57,25-15172,Case No.,2025-10-31 00:00:00,October,W,N,F,54,False,False, Plainville,West Main St,  ,  ,V,S,1.0,0,14-12(a)*,,False,N,False,False,V,2025-10-31 23:11:02,Verbal Warning,,,False,1.0,CT0011000,20251102020516000001,2025-10-31 23:11:02,23:11:02,2025,,,,2025,Registration
2025-12-14 02:06:01.853000,7959325.0,CT0011000,Plainville,Racial Profile,36,25-15206,Case No.,2025-11-01 00:00:00,November,A,M,M,65,True,False, Plainville,RT 72 East Bound,  ,  ,I,G,1.0,0,53a-97,,False,N,False,False,N,2025-11-01 13:33:17,No Disposition,,,False,1.0,CT0011000,20251214020547000001,2025-11-01 13:33:17,13:33:17,2025,53a-94,,,2025,Other
2025-11-02 02:05:29.133000,7848350.0,CT0011000,Plainville,Racial Profile,36,25-15206,Case No.,2025-11-01 00:00:00,November,I,M,M,65,True,False, Plainville,RT 72 East Bound,  ,  ,I,G,1.0,0,53a-97,,False,N,False,False,N,2025-11-01 13:33:17,No Disposition,,,False,1.0,CT0011000,20251102020516000001,2025-11-01 13:33:17,13:33:17,2025,53a-94,,,2025,Other
2025-11-05 02:05:27.477000,7856187.0,CT0011000,Plainville,Racial Profile,40,25-15185,Case No.,2025-11-01 00:00:00,November,W,N,F,22,True,True, Plainville,Laurel Ct,  ,  ,V,G,1.0,0,14-301,,False,N,False,False,V,2025-11-01 01:16:33,Verbal Warning,,,False,1.0,CT0011000,20251105020515000001,2025-11-01 01:16:33,01:16:33,2025,,,,2025,Stop Sign
2025-11-06 02:05:36.713000,7858056.0,CT0011000,Plainville,Racial Profile,40,25-15189,Case No.,2025-11-01 00:00:00,November,A,N,M,22,True,False, Plainville,Woodford Ave,  ,  ,V,G,1.0,0,14-218a15,,False,N,False,False,V,2025-11-01 01:31:32,Verbal Warning,,,False,1.0,CT0011000,20251106020523000001,2025-11-01 01:31:32,01:31:32,2025,14-213b,,,2025,Speed Related
2025-11-02 02:05:29.127000,7848348.0,CT0011000,Plainville,Racial Profile,40,25-15190,Case No.,2025-11-01 00:00:00,November,A,N,F,22,True,False, Plainville,WOODFORD AVE,  ,  ,V,G,1.0,0,14-218a15,,False,N,False,False,V,2025-11-01 02:00:34,Verbal Warning,,,False,1.0,CT0011000,20251102020516000001,2025-11-01 02:00:34,02:00:34,2025,14-213b,,,2025,Speed Related
2025-11-17 02:05:23.553000,7896556.0,CT0011000,Plainville,Racial Profile,43,25-15231,Case No.,2025-11-01 00:00:00,November,W,H,F,54,True,False, Plainville,Unionville Ave,  ,  ,V,G,1.0,0,14-296aa(b1st,,False,N,False,False,V,2025-11-01 20:35:01,Verbal Warning,,,False,1.0,CT0011000,20251117020511000001,2025-11-01 20:35:01,20:35:01,2025,,,,2025,Cell Phone
2025-11-17 02:05:23.540000,7896551.0,CT0011000,Plainville,Racial Profile,53,25-15198,Case No.,2025-11-01 00:00:00,November,W,N,F,0,False,False, Plainville,Broad St,  ,  ,V,G,1.0,0,14-301,,False,N,False,False,V,2025-11-01 10:03:17,Verbal Warning,,,False,1.0,CT0011000,20251117020511000001,2025-11-01 10:03:17,10:03:17,2025,,,,2025,Stop Sign
2025-11-03 02:05:20.917000,7850432.0,CT0011000,Plainville,Racial Profile,53,25-15200,Case No.,2025-11-01 00:00:00,November,W,N,F,83,True,False, Plainville,Broad St,  ,  ,V,G,1.0,0,14-301,,False,N,False,False,V,2025-11-01 10:13:31,Verbal Warning,,,False,1.0,CT0011000,20251103020504000001,2025-11-01 10:13:31,10:13:31,2025,,,,2025,Stop Sign
2025-11-05 02:05:27.487000,7856191.0,CT0011000,Plainville,Racial Profile,53,25-15201,Case No.,2025-11-01 00:00:00,November,W,N,F,66,True,False, Plainville,Broad St,  ,  ,V,G,1.0,0,14-301,,False,N,False,False,V,2025-11-01 10:21:27,Verbal Warning,,,False,1.0,CT0011000,20251105020515000001,2025-11-01 10:21:27,10:21:27,2025,,,,2025,Stop Sign
2025-11-03 02:05:20.923000,7850435.0,CT0011000,Plainville,Racial Profile,53,25-15211,Case No.,2025-11-01 00:00:00,November,W,N,M,70,True,False, Plainville,Whiting St,  ,  ,V,G,1.0,0,14-218a10,,False,N,False,False,V,2025-11-01 15:32:16,Verbal Warning,,,False,1.0,CT0011000,20251103020504000001,2025-11-01 15:32:16,15:32:16,2025,,,,2025,Speed Related
2025-11-06 02:05:36.750000,7858064.0,CT0011000,Plainville,Racial Profile,54,25-15222,Case No.,2025-11-01 00:00:00,November,W,N,F,44,True,True, Plainville,Farmington Ave,  ,  ,E,G,1.0,0,14-96y,,False,N,False,False,V,2025-11-01 18:09:31,Verbal Warning,,,False,1.0,CT0011000,20251106020523000001,2025-11-01 18:09:31,18:09:31,2025,,,,2025,Defective Lights
2025-11-03 02:05:20.927000,7850436.0,CT0011000,Plainville,Racial Profile,57,25-15221,Case No.,2025-11-01 00:00:00,November,W,N,M,24,True,True, Plainville,East St,  ,  ,V,S,1.0,0,14-12(a)*,,False,N,False,False,V,2025-11-01 18:06:56,Verbal Warning,,,False,1.0,CT0011000,20251103020504000001,2025-11-01 18:06:56,18:06:56,2025,,,,2025,Registration
2025-11-04 02:05:11.297000,7853342.0,CT0011000,Plainville,Racial Profile,57,25-15223,Case No.,2025-11-01 00:00:00,November,B,N,M,35,True,True, Plainville,Park St,  ,  ,V,S,1.0,0,14-12(a)*,,False,N,False,False,V,2025-11-01 18:18:15,Verbal Warning,,,False,1.0,CT0011000,20251104020457000001,2025-11-01 18:18:15,18:18:15,2025,,,,2025,Registration
2025-11-17 02:05:23.553000,7896557.0,CT0011000,Plainville,Racial Profile,57,25-15236,Case No.,2025-11-01 00:00:00,November,W,H,F,26,True,False, Plainville,East St,  ,  ,E,G,1.0,0,14-96c,,False,N,False,False,V,2025-11-01 23:46:20,Verbal Warning,,,False,1.0,CT0011000,20251117020511000001,2025-11-01 23:46:20,23:46:20,2025,,,,2025,Defective Lights
2025-11-04 02:05:11.300000,7853344.0,CT0011000,Plainville,Racial Profile,50,25-15254,Case No.,2025-11-02 00:00:00,November,W,N,F,44,True,True, Plainville,Broad St,  ,  ,V,G,1.0,0,14-301,,False,N,False,False,V,2025-11-02 06:55:40,Verbal Warning,,,False,1.0,CT0011000,20251104020457000001,2025-11-02 06:55:40,06:55:40,2025,,,,2025,Stop Sign
2025-11-04 02:05:11.303000,7853345.0,CT0011000,Plainville,Racial Profile,50,25-15255,Case No.,2025-11-02 00:00:00,November,W,N,M,71,True,True, Plainville,Bohemia St,  ,  ,V,G,1.0,0,14-301,,False,N,False,False,V,2025-11-02 07:09:31,Verbal Warning,,,False,1.0,CT0011000,20251104020457000001,2025-11-02 07:09:31,07:09:31,2025,,,,2025,Stop Sign
2025-11-04 02:05:11.313000,7853346.0,CT0011000,Plainville,Racial Profile,50,25-15256,Case No.,2025-11-02 00:00:00,November,W,N,M,50,True,False, Plainville,Broad St,  ,  ,V,G,1.0,0,14-301,,False,N,False,False,V,2025-11-02 07:16:52,Verbal Warning,,,False,1.0,CT0011000,20251104020457000001,2025-11-02 07:16:52,07:16:52,2025,,,,2025,Stop Sign
2025-11-05 02:05:27.520000,7856204.0,CT0011000,Plainville,Racial Profile,51,25-15278,Case No.,2025-11-02 00:00:00,November,W,N,M,35,True,False, Plainville,Crooked St,  ,  ,V,G,1.0,0,14-96b,,False,N,False,False,V,2025-11-02 17:09:09,Verbal Warning,,,False,1.0,CT0011000,20251105020515000001,2025-11-02 17:09:09,17:09:09,2025,,,,2025,Defective Lights
2025-11-04 02:05:11.317000,7853347.0,CT0011000,Plainville,Racial Profile,53,25-15262,Case No.,2025-11-02 00:00:00,November,W,N,M,59,True,False, Plainville,Whiting St,  ,  ,V,G,1.0,0,14-218a,,False,N,False,False,W,2025-11-02 11:00:10,Written Ticket,,,False,1.0,CT0011000,20251104020457000001,2025-11-02 11:00:10,11:00:10,2025,,,,2025,Speed Related
2025-11-11 02:05:23.623000,7867546.0,CT0011000,Plainville,Racial Profile,45,25-15335,Case No.,2025-11-03 00:00:00,November,W,N,F,80,True,False, Plainville,Arcadia Ave,  ,  ,V,G,1.0,0,14-301,,False,N,False,False,V,2025-11-03 07:38:24,Verbal Warning,,,False,1.0,CT0011000,20251111020512000001,2025-11-03 07:38:24,07:38:24,2025,,,,2025,Stop Sign
2025-11-05 02:05:27.530000,7856207.0,CT0011000,Plainville,Racial Profile,49,25-15332,Case No.,2025-11-03 00:00:00,November,W,N,M,53,True,True, Plainville,Redstone Hill,  ,  ,V,G,1.0,0,14-301,,False,N,False,False,V,2025-11-03 07:29:41,Verbal Warning,,,False,1.0,CT0011000,20251105020515000001,2025-11-03 07:29:41,07:29:41,2025,,,,2025,Stop Sign
2025-11-08 02:05:45.347000,7861831.0,CT0011000,Plainville,Racial Profile,50,25-15329,Case No.,2025-11-03 00:00:00,November,W,N,F,41,True,True, Plainville,Robert Holcomb Way,  ,  ,V,G,1.0,0,14-301,,False,N,False,False,V,2025-11-03 07:18:34,Verbal Warning,,,False,1.0,CT0011000,20251108020531000001,2025-11-03 07:18:34,07:18:34,2025,,,,2025,Stop Sign
2025-11-08 02:05:45.350000,7861833.0,CT0011000,Plainville,Racial Profile,50,25-15331,Case No.,2025-11-03 00:00:00,November,W,N,F,38,True,True, Plainville,Robert Holcomb Way,  ,  ,V,G,1.0,0,14-301,,False,N,False,False,V,2025-11-03 07:25:39,Verbal Warning,,,False,1.0,CT0011000,20251108020531000001,2025-11-03 07:25:39,07:25:39,2025,,,,2025,Stop Sign
2025-11-09 02:05:35.727000,7863719.0,CT0011000,Plainville,Racial Profile,51,25-15287,Case No.,2025-11-03 00:00:00,November,W,N,M,28,True,True, Plainville,East Main St,  ,  ,V,G,1.0,0,14-96b,,False,N,False,False,V,2025-11-03 00:11:53,Verbal Warning,,,False,1.0,CT0011000,20251109020523000001,2025-11-03 00:11:53,00:11:53,2025,,,,2025,Defective Lights
2025-11-05 02:05:27.527000,7856206.0,CT0011000,Plainville,Racial Profile,51,25-15330,Case No.,2025-11-03 00:00:00,November,W,N,F,66,True,False, Plainville,Woodford Ave,  ,  ,V,G,1.0,0,14-299,,False,N,False,False,V,2025-11-03 07:19:38,Verbal Warning,,,False,1.0,CT0011000,20251105020515000001,2025-11-03 07:19:38,07:19:38,2025,,,,2025,Traffic Control Signal
2025-11-06 02:05:36.807000,7858079.0,CT0011000,Plainville,Racial Profile,51,25-15336,Case No.,2025-11-03 00:00:00,November,W,N,M,52,True,True, Plainville,New Britain Ave,  ,  ,V,G,1.0,0,14-299,,False,N,False,False,V,2025-11-03 07:41:44,Verbal Warning,,,False,1.0,CT0011000,20251106020523000001,2025-11-03 07:41:44,07:41:44,2025,,,,2025,Traffic Control Signal
2025-11-05 02:05:27.537000,7856210.0,CT0011000,Plainville,Racial Profile,53,25-15345,Case No.,2025-11-03 00:00:00,November,W,N,M,0,False,False, Plainville,Arcadia Ave,  ,  ,V,G,1.0,0,14-301,,False,N,False,False,V,2025-11-03 14:25:58,Verbal Warning,,,False,1.0,CT0011000,20251105020515000001,2025-11-03 14:25:58,14:25:58,2025,,,,2025,Stop Sign
2025-11-16 02:05:27.200000,7893993.0,CT0011000,Plainville,Racial Profile,53,25-15346,Case No.,2025-11-03 00:00:00,November,W,N,M,28,True,True, Plainville,Arcadia Ave,  ,  ,V,G,1.0,0,14-301,,False,N,False,False,I,2025-11-03 14:36:27,Infraction Ticket,,,False,1.0,CT0011000,20251116020513000001,2025-11-03 14:36:27,14:36:27,2025,,,,2025,Stop Sign
2025-11-11 02:05:23.633000,7867550.0,CT0011000,Plainville,Racial Profile,53,25-15347,Case No.,2025-11-03 00:00:00,November,B,N,M,18,True,True, Plainville,Arcadia Ave,  ,  ,V,B,1.0,0,14-301,,False,N,False,False,V,2025-11-03 14:56:39,Verbal Warning,,,False,1.0,CT0011000,20251111020512000001,2025-11-03 14:56:39,14:56:39,2025,,,,2025,Stop Sign
2025-11-07 02:05:52.583000,7859967.0,CT0011000,Plainville,Racial Profile,47,25-15424,Case No.,2025-11-04 00:00:00,November,W,N,M,71,True,True, Plainville,West Main St,  ,  ,E,G,1.0,0,14-96c,,False,N,False,False,V,2025-11-04 16:55:29,Verbal Warning,,,False,1.0,CT0011000,20251107020521000001,2025-11-04 16:55:29,16:55:29,2025,,,,2025,Defective Lights
2025-11-25 02:05:32.837000,7913021.0,CT0011000,Plainville,Racial Profile,47,25-15439,Case No.,2025-11-04 00:00:00,November,W,N,F,62,True,False, Plainville,South Washington St,  ,  ,E,G,1.0,0,14-96c,,False,N,False,False,V,2025-11-04 21:42:50,Verbal Warning,,,False,1.0,CT0011000,20251125020518000001,2025-11-04 21:42:50,21:42:50,2025,14-12(a)*,,,2025,Defective Lights
2025-11-14 02:05:38.967000,7873364.0,CT0011000,Plainville,Racial Profile,54,25-15437,Case No.,2025-11-04 00:00:00,November,W,N,M,67,True,False, Plainville,East St,  ,  ,E,G,1.0,0,14-96y,,False,N,False,False,V,2025-11-04 21:38:46,Verbal Warning,,,False,1.0,CT0011000,20251114020525000001,2025-11-04 21:38:46,21:38:46,2025,,,,2025,Defective Lights
2025-11-10 02:05:14.813000,7865626.0,CT0011000,Plainville,Racial Profile,57,25-15425,Case No.,2025-11-04 00:00:00,November,W,N,M,56,True,True, Plainville,Rockwell Ave,  ,  ,E,G,3.0,0,14-215(a),,False,N,False,False,M,2025-11-04 17:02:23,Misdemeanor Summons,,,False,1.0,CT0011000,20251110020502000001,2025-11-04 17:02:23,17:02:23,2025,,,,2025,Administrative Offense
2025-11-10 02:05:14.817000,7865627.0,CT0011000,Plainville,Racial Profile,57,25-15430,Case No.,2025-11-04 00:00:00,November,W,N,F,44,True,False, Plainville,Broad St,  ,  ,E,G,1.0,0,14-101,,False,N,False,False,V,2025-11-04 17:53:49,Verbal Warning,,,False,1.0,CT0011000,20251110020502000001,2025-11-04 17:53:49,17:53:49,2025,,,,2025,Moving Violation
2025-11-08 02:05:45.377000,7861843.0,CT0011000,Plainville,Racial Profile,57,25-15432,Case No.,2025-11-04 00:00:00,November,W,N,M,67,True,False, Plainville,Church St,  ,  ,V,G,3.0,1,14-215(a),,False,N,False,False,M,2025-11-04 19:20:20,Misdemeanor Summons,,,False,1.0,CT0011000,20251108020531000001,2025-11-04 19:20:20,19:20:20,2025,,,,2025,Administrative Offense
2025-11-25 02:05:32.840000,7913023.0,CT0011000,Plainville,Racial Profile,57,25-15435,Case No.,2025-11-04 00:00:00,November,W,N,F,86,True,True, Plainville,Pearl St,  ,  ,V,G,1.0,0,14-18(c),,False,N,False,False,V,2025-11-04 21:28:59,Verbal Warning,,,False,1.0,CT0011000,20251125020518000001,2025-11-04 21:28:59,21:28:59,2025,,,,2025,Display of Plates
2025-11-10 02:05:14.847000,7865638.0,CT0011000,Plainville,Racial Profile,36,25-15495,Case No.,2025-11-05 00:00:00,November,W,H,M,42,True,False, Plainville,Cooke St,  ,  ,V,G,1.0,1,14-12(a)*,,False,N,False,False,I,2025-11-05 11:21:32,Infraction Ticket,,,False,1.0,CT0011000,20251110020502000001,2025-11-05 11:21:32,11:21:32,2025,,,,2025,Registration
2025-11-11 02:05:23.700000,7867565.0,CT0011000,Plainville,Racial Profile,36,25-15498,Case No.,2025-11-05 00:00:00,November,W,N,M,40,True,False, Plainville,North Washington St,  ,  ,V,G,1.0,0,14-12(a)*,,False,N,False,False,I,2025-11-05 12:09:05,Infraction Ticket,,,False,1.0,CT0011000,20251111020512000001,2025-11-05 12:09:05,12:09:05,2025,,,,2025,Registration
2025-11-10 02:05:14.853000,7865640.0,CT0011000,Plainville,Racial Profile,36,25-15507,Case No.,2025-11-05 00:00:00,November,W,N,M,63,True,True, Plainville,East Main St,  ,  ,V,G,1.0,0,14-299,,False,N,False,False,V,2025-11-05 15:15:39,Verbal Warning,,,False,1.0,CT0011000,20251110020502000001,2025-11-05 15:15:39,15:15:39,2025,,,,2025,Traffic Control Signal
2025-11-05 02:05:27.557000,7856217.0,CT0011000,Plainville,Racial Profile,40,25-15447,Case No.,2025-11-05 00:00:00,November,W,N,M,56,True,True, Plainville,Pierce St,  ,  ,V,G,1.0,0,14-12(a)*,,False,N,False,False,V,2025-11-05 00:49:43,Verbal Warning,,,False,1.0,CT0011000,20251105020515000001,2025-11-05 00:49:43,00:49:43,2025,,,,2025,Registration
2025-11-06 02:05:36.850000,7858094.0,CT0011000,Plainville,Racial Profile,40,25-15481,Case No.,2025-11-05 00:00:00,November,W,N,F,65,True,True, Plainville,Broad St,  ,  ,V,G,1.0,0,14-301,,False,N,False,False,V,2025-11-05 06:22:36,Verbal Warning,,,False,1.0,CT0011000,20251106020523000001,2025-11-05 06:22:36,06:22:36,2025,,,,2025,Stop Sign
2025-11-07 02:05:52.833000,7859979.0,CT0011000,Plainville,Racial Profile,40,25-15483,Case No.,2025-11-05 00:00:00,November,W,N,F,65,True,True, Plainville,Broad St,  ,  ,V,G,1.0,0,14-96b,,False,N,False,False,V,2025-11-05 06:32:06,Verbal Warning,,,False,1.0,CT0011000,20251107020521000001,2025-11-05 06:32:06,06:32:06,2025,,,,2025,Defective Lights
2025-11-11 02:05:23.680000,7867561.0,CT0011000,Plainville,Racial Profile,48,25-15472,Case No.,2025-11-05 00:00:00,November,W,N,M,33,True,False, Plainville,New Britain Ave,  ,  ,V,G,2.0,1,14-147(c),,False,O,False,False,M,2025-11-05 02:06:02,Misdemeanor Summons,,,False,1.0,CT0011000,20251111020512000001,2025-11-05 02:06:02,02:06:02,2025,14-215,,,2025,Administrative Offense
2025-11-07 02:05:52.680000,7859975.0,CT0011000,Plainville,Racial Profile,51,25-15450,Case No.,2025-11-05 00:00:00,November,W,N,F,22,True,False, Plainville,East St,  ,  ,V,G,1.0,0,14-96a(a),,False,N,False,False,V,2025-11-05 00:55:41,Verbal Warning,,,False,1.0,CT0011000,20251107020521000001,2025-11-05 00:55:41,00:55:41,2025,,,,2025,Defective Lights
2025-11-11 02:05:23.663000,7867560.0,CT0011000,Plainville,Racial Profile,51,25-15459,Case No.,2025-11-05 00:00:00,November,W,N,M,37,True,True, Plainville,East St,  ,  ,V,G,1.0,0,14-96a(a),,False,N,False,False,V,2025-11-05 01:18:02,Verbal Warning,,,False,1.0,CT0011000,20251111020512000001,2025-11-05 01:18:02,01:18:02,2025,,,,2025,Defective Lights
2025-11-06 02:05:36.870000,7858100.0,CT0011000,Plainville,Racial Profile,54,25-15514,Case No.,2025-11-05 00:00:00,November,W,N,F,30,False,False, Plainville,North Washington St,  ,  ,E,G,1.0,0,14-96y,,False,N,False,False,V,2025-11-05 17:46:31,Verbal Warning,,,False,1.0,CT0011000,20251106020523000001,2025-11-05 17:46:31,17:46:31,2025,,,,2025,Defective Lights
2025-11-10 02:05:14.880000,7865646.0,CT0011000,Plainville,Racial Profile,54,25-15530,Case No.,2025-11-05 00:00:00,November,W,N,M,35,False,False, Plainville,Northwest Dr,  ,  ,V,G,2.0,0,14-301,,False,N,False,False,V,2025-11-05 21:39:03,Verbal Warning,,,False,1.0,CT0011000,20251110020502000001,2025-11-05 21:39:03,21:39:03,2025,,,,2025,Stop Sign
2025-11-10 02:05:14.857000,7865641.0,CT0011000,Plainville,Racial Profile,57,25-15513,Case No.,2025-11-05 00:00:00,November,W,N,M,67,True,True, Plainville,Farmington Ave,  ,  ,V,G,1.0,0,14-296aa(b1st,,False,N,False,False,I,2025-11-05 17:44:51,Infraction Ticket,,,False,1.0,CT0011000,20251110020502000001,2025-11-05 17:44:51,17:44:51,2025,,,,2025,Cell Phone
2025-11-17 02:05:23.803000,7896591.0,CT0011000,Plainville,Racial Profile,57,25-15515,Case No.,2025-11-05 00:00:00,November,W,N,F,30,True,True, Plainville,Farmington Ave,  ,  ,V,G,1.0,0,14-236,,False,N,False,False,V,2025-11-05 18:04:59,Verbal Warning,,,False,1.0,CT0011000,20251117020511000001,2025-11-05 18:04:59,18:04:59,2025,,,,2025,Moving Violation
2025-11-26 02:05:39.717000,7915027.0,CT0011000,Plainville,Racial Profile,57,25-15516,Case No.,2025-11-05 00:00:00,November,W,H,F,28,True,False, Plainville,East Main St,  ,  ,V,G,2.0,0,14-215(a),,False,N,False,False,V,2025-11-05 18:15:50,Verbal Warning,,,False,1.0,CT0011000,20251126020526000001,2025-11-05 18:15:50,18:15:50,2025,,,,2025,Administrative Offense
2025-11-07 02:05:52.903000,7859987.0,CT0011000,Plainville,Racial Profile,57,25-15519,Case No.,2025-11-05 00:00:00,November,W,M,M,39,True,False, Plainville,Grant Ave,  ,  ,V,G,2.0,0,14-96a(a),,False,N,False,False,V,2025-11-05 18:29:45,Verbal Warning,,,False,1.0,CT0011000,20251107020521000001,2025-11-05 18:29:45,18:29:45,2025,,,,2025,Defective Lights
2025-11-12 02:05:26.027000,7869530.0,CT0011000,Plainville,Racial Profile,30,25-15606,Case No.,2025-11-06 00:00:00,November,W,N,F,33,True,False, Plainville,West Main St,  ,  ,V,G,1.0,0,14-96a(a),,False,N,False,False,V,2025-11-06 21:36:37,Verbal Warning,,,False,1.0,CT0011000,20251112020513000001,2025-11-06 21:36:37,21:36:37,2025,,,,2025,Defective Lights
2025-11-17 02:05:23.813000,7896595.0,CT0011000,Plainville,Racial Profile,36,25-15577,Case No.,2025-11-06 00:00:00,November,W,N,F,36,True,False, Plainville,East Main St,  ,  ,E,G,1.0,0,14-96c,,False,N,False,False,V,2025-11-06 09:32:12,Verbal Warning,,,False,1.0,CT0011000,20251117020511000001,2025-11-06 09:32:12,09:32:12,2025,,,,2025,Defective Lights
2025-11-07 02:05:52.950000,7859990.0,CT0011000,Plainville,Racial Profile,54,25-15592,Case No.,2025-11-06 00:00:00,November,W,N,F,22,True,True, Plainville,Pickney Ave,  ,  ,V,G,1.0,0,14-301,,False,N,False,False,V,2025-11-06 18:31:14,Verbal Warning,,,False,1.0,CT0011000,20251107020521000001,2025-11-06 18:31:14,18:31:14,2025,,,,2025,Stop Sign
2025-11-10 02:05:14.887000,7865650.0,CT0011000,Plainville,Racial Profile,54,25-15601,Case No.,2025-11-06 00:00:00,November,W,N,M,50,True,False, Plainville,East St,  ,  ,E,G,1.0,0,14-96y,,False,N,False,False,V,2025-11-06 20:55:32,Verbal Warning,,,False,1.0,CT0011000,20251110020502000001,2025-11-06 20:55:32,20:55:32,2025,,,,2025,Defective Lights
2025-11-08 02:05:45.477000,7861864.0,CT0011000,Plainville,Racial Profile,57,25-15600,Case No.,2025-11-06 00:00:00,November,B,N,F,24,True,False, Plainville,North Washington St,  ,  ,V,G,1.0,0,14-218a,,False,N,False,False,V,2025-11-06 20:48:27,Verbal Warning,,,False,1.0,CT0011000,20251108020531000001,2025-11-06 20:48:27,20:48:27,2025,,,,2025,Speed Related
2025-11-08 02:05:45.480000,7861866.0,CT0011000,Plainville,Racial Profile,57,25-15604,Case No.,2025-11-06 00:00:00,November,A,M,M,27,True,False, Plainville,South Washington St,  ,  ,V,G,1.0,0,14-296aa(b1st,,False,N,False,False,I,2025-11-06 21:08:19,Infraction Ticket,,,False,1.0,CT0011000,20251108020531000001,2025-11-06 21:08:19,21:08:19,2025,,,,2025,Cell Phone
2025-11-10 02:05:14.893000,7865652.0,CT0011000,Plainville,Racial Profile,57,25-15605,Case No.,2025-11-06 00:00:00,November,B,H,F,31,True,True, Plainville,East Main St,  ,  ,V,G,3.0,1,14-215(a),,False,N,False,False,M,2025-11-06 21:29:30,Misdemeanor Summons,,,False,1.0,CT0011000,20251110020502000001,2025-11-06 21:29:30,21:29:30,2025,,,,2025,Administrative Offense
2025-11-11 02:05:23.803000,7867593.0,CT0011000,Plainville,Racial Profile,30,25-15668,Case No.,2025-11-07 00:00:00,November,W,N,F,27,True,False, Plainville,Broad St,  ,  ,V,G,1.0,0,14-96u,,False,N,False,False,V,2025-11-07 22:09:19,Verbal Warning,,,False,1.0,CT0011000,20251111020512000001,2025-11-07 22:09:19,22:09:19,2025,,,,2025,Defective Lights
2025-11-10 02:05:14.937000,7865668.0,CT0011000,Plainville,Racial Profile,30,25-15669,Case No.,2025-11-07 00:00:00,November,W,N,F,31,True,False, Plainville,New Britain Ave,  ,  ,V,G,1.0,0,14-242,,False,N,False,False,V,2025-11-07 22:20:05,Verbal Warning,,,False,1.0,CT0011000,20251110020502000001,2025-11-07 22:20:05,22:20:05,2025,,,,2025,Moving Violation
2025-11-12 02:05:26.063000,7869537.0,CT0011000,Plainville,Racial Profile,36,25-15651,Case No.,2025-11-07 00:00:00,November,W,N,M,58,True,True, Plainville,East Main St,  ,  ,E,G,1.0,0,14-96c,,False,N,False,True,V,2025-11-07 11:26:53,Verbal Warning,,,False,1.0,CT0011000,20251112020513000001,2025-11-07 11:26:53,11:26:53,2025,,,,2025,Defective Lights
2025-11-08 02:05:45.510000,7861876.0,CT0011000,Plainville,Racial Profile,36,25-15652,Case No.,2025-11-07 00:00:00,November,W,N,M,56,True,True, Plainville,Pine St,  ,  ,V,G,1.0,0,14-296aa(b1st,,False,N,False,False,V,2025-11-07 11:38:08,Verbal Warning,,,False,1.0,CT0011000,20251108020531000001,2025-11-07 11:38:08,11:38:08,2025,,,,2025,Cell Phone
2025-11-08 02:05:45.490000,7861869.0,CT0011000,Plainville,Racial Profile,40,25-15637,Case No.,2025-11-07 00:00:00,November,W,N,M,37,True,False, Plainville,Arcadia Ave,  ,  ,V,G,1.0,0,14-301,,False,N,False,False,V,2025-11-07 07:09:52,Verbal Warning,,,False,1.0,CT0011000,20251108020531000001,2025-11-07 07:09:52,07:09:52,2025,,,,2025,Stop Sign
2025-11-11 02:05:23.773000,7867581.0,CT0011000,Plainville,Racial Profile,40,25-15640,Case No.,2025-11-07 00:00:00,November,B,N,M,40,True,False, Plainville,Arcadia Ave,  ,  ,V,G,1.0,0,14-301,,False,N,False,False,V,2025-11-07 07:21:54,Verbal Warning,,,False,1.0,CT0011000,20251111020512000001,2025-11-07 07:21:54,07:21:54,2025,14-12(a),,,2025,Stop Sign
2025-11-16 02:05:27.343000,7894026.0,CT0011000,Plainville,Racial Profile,45,25-15641,Case No.,2025-11-07 00:00:00,November,W,N,F,33,True,False, Plainville,Webster St,  ,  ,V,G,1.0,0,14-301,,False,N,False,False,V,2025-11-07 07:25:47,Verbal Warning,,,False,1.0,CT0011000,20251116020513000001,2025-11-07 07:25:47,07:25:47,2025,,,,2025,Stop Sign
2025-11-10 02:05:14.903000,7865656.0,CT0011000,Plainville,Racial Profile,53,25-15643,Case No.,2025-11-07 00:00:00,November,B,N,M,28,False,False, Plainville,Camp St,  ,  ,V,G,1.0,0,14-12(a),,False,N,False,False,V,2025-11-07 09:04:36,Verbal Warning,,,False,1.0,CT0011000,20251110020502000001,2025-11-07 09:04:36,09:04:36,2025,,,,2025,Registration
2025-11-08 02:05:45.500000,7861872.0,CT0011000,Plainville,Racial Profile,53,25-15644,Case No.,2025-11-07 00:00:00,November,B,N,M,42,True,False, Plainville,Camp St,  ,  ,V,G,1.0,0,14-18(a),,False,N,False,False,V,2025-11-07 09:23:30,Verbal Warning,,,False,1.0,CT0011000,20251108020531000001,2025-11-07 09:23:30,09:23:30,2025,,,,2025,Display of Plates
2025-11-16 02:05:27.360000,7894029.0,CT0011000,Plainville,Racial Profile,53,25-15647,Case No.,2025-11-07 00:00:00,November,B,H,M,46,True,False, Plainville,Corban Ave,  ,  ,V,G,1.0,0,14-18(a),,False,N,False,False,V,2025-11-07 10:35:34,Verbal Warning,,,False,1.0,CT0011000,20251116020513000001,2025-11-07 10:35:34,10:35:34,2025,,,,2025,Display of Plates
2025-11-08 02:05:45.507000,7861874.0,CT0011000,Plainville,Racial Profile,53,25-15650,Case No.,2025-11-07 00:00:00,November,W,N,M,72,True,False, Plainville,Bohemia St,  ,  ,V,G,1.0,0,14-301,,False,N,False,False,I,2025-11-07 11:20:23,Infraction Ticket,,,False,1.0,CT0011000,20251108020531000001,2025-11-07 11:20:23,11:20:23,2025,,,,2025,Stop Sign
2025-11-17 02:05:23.870000,7896611.0,CT0011000,Plainville,Racial Profile,53,25-15654,Case No.,2025-11-07 00:00:00,November,W,N,M,49,True,False, Plainville,Broad St,  ,  ,V,G,1.0,0,14-301,,False,N,False,False,V,2025-11-07 11:51:30,Verbal Warning,,,False,1.0,CT0011000,20251117020511000001,2025-11-07 11:51:30,11:51:30,2025,,,,2025,Stop Sign
2025-11-10 02:05:14.920000,7865663.0,CT0011000,Plainville,Racial Profile,57,25-15661,Case No.,2025-11-07 00:00:00,November,W,N,M,29,False,True, Plainville,New Britain Ave,  ,  ,V,G,1.0,0,14-296aa(b1st,,False,N,False,False,I,2025-11-07 18:51:15,Infraction Ticket,,,False,1.0,CT0011000,20251110020502000001,2025-11-07 18:51:15,18:51:15,2025,,,,2025,Cell Phone
2025-11-13 02:05:32.740000,7871476.0,CT0011000,Plainville,Racial Profile,57,25-15662,Case No.,2025-11-07 00:00:00,November,W,H,M,26,True,False, Plainville,New Britain Ave,  ,  ,V,G,1.0,0,14-12(a)*,,False,N,False,False,I,2025-11-07 18:51:20,Infraction Ticket,,,False,1.0,CT0011000,20251113020518000001,2025-11-07 18:51:20,18:51:20,2025,,,,2025,Registration
2025-11-12 02:05:26.087000,7869542.0,CT0011000,Plainville,Racial Profile,57,25-15664,Case No.,2025-11-07 00:00:00,November,W,H,M,16,True,False, Plainville,New Britain Ave,  ,  ,V,G,1.0,1,14-147(c),,False,N,False,False,I,2025-11-07 19:22:30,Infraction Ticket,,,False,1.0,CT0011000,20251112020513000001,2025-11-07 19:22:30,19:22:30,2025,14-213b,,,2025,Administrative Offense
2025-11-16 02:05:27.400000,7894037.0,CT0011000,Plainville,Racial Profile,57,25-15666,Case No.,2025-11-07 00:00:00,November,B,N,M,47,True,False, Plainville,New Britain Ave,  ,  ,V,G,3.0,1,14-12(a)*,,False,N,False,False,I,2025-11-07 20:22:19,Infraction Ticket,,,False,1.0,CT0011000,20251116020513000001,2025-11-07 20:22:19,20:22:19,2025,,,,2025,Registration
2025-11-09 02:05:35.883000,7863773.0,CT0011000,Plainville,Racial Profile,43,25-15704,Case No.,2025-11-08 00:00:00,November,W,N,M,28,True,False, Plainville,West Main St,  ,  ,V,G,1.0,0,14-299,,False,O,False,False,V,2025-11-08 16:58:33,Verbal Warning,,,False,1.0,CT0011000,20251109020523000001,2025-11-08 16:58:33,16:58:33,2025,,,,2025,Traffic Control Signal
2025-11-18 02:05:38.257000,7898743.0,CT0011000,Plainville,Racial Profile,50,25-15731,Case No.,2025-11-09 00:00:00,November,W,H,M,52,True,False, Plainville,Plum Tree Rd,  ,  ,V,G,1.0,0,14-96a(a),,False,N,False,False,V,2025-11-09 01:14:53,Verbal Warning,,,False,1.0,CT0011000,20251118020524000001,2025-11-09 01:14:53,01:14:53,2025,,,,2025,Defective Lights
2025-11-20 02:05:23.297000,7903040.0,CT0011000,Plainville,Racial Profile,51,25-15763,Case No.,2025-11-09 00:00:00,November,W,N,M,47,True,True, Plainville,East St,  ,  ,V,G,1.0,0,14-299,,False,N,False,False,V,2025-11-09 06:41:31,Verbal Warning,,,False,1.0,CT0011000,20251120020509000001,2025-11-09 06:41:31,06:41:31,2025,,,,2025,Traffic Control Signal
2025-11-30 02:05:52.590000,7923318.0,CT0011000,Plainville,Racial Profile,22,25-15839,Case No.,2025-11-10 00:00:00,November,W,N,M,46,True,False, Plainville,Northwest Dr,  ,  ,V,G,1.0,0,14-241,,False,N,False,False,V,2025-11-10 12:50:46,Verbal Warning,,,False,1.0,CT0011000,20251130020539000001,2025-11-10 12:50:46,12:50:46,2025,,,,2025,Moving Violation
2025-11-15 02:05:10.517000,7875890.0,CT0011000,Plainville,Racial Profile,34,25-15823,Case No.,2025-11-10 00:00:00,November,W,N,M,43,True,True, Plainville,East St,  ,  ,V,G,1.0,0,14-296aa(b1st,,False,N,False,False,V,2025-11-10 07:47:46,Verbal Warning,,,False,1.0,CT0011000,20251115020457000001,2025-11-10 07:47:46,07:47:46,2025,,,,2025,Cell Phone
2025-11-26 02:05:39.790000,7915058.0,CT0011000,Plainville,Racial Profile,36,25-15836,Case No.,2025-11-10 00:00:00,November,W,H,F,21,True,False, Plainville,North Washington St,  ,  ,V,G,1.0,1,14-236,,False,N,False,False,M,2025-11-10 11:34:49,Misdemeanor Summons,,,False,1.0,CT0011000,20251126020526000001,2025-11-10 11:34:49,11:34:49,2025,14-215(a),,,2025,Moving Violation
2025-11-12 02:05:26.123000,7869549.0,CT0011000,Plainville,Racial Profile,36,25-15837,Case No.,2025-11-10 00:00:00,November,W,N,F,66,True,True, Plainville,New Britain Ave,  ,  ,V,G,1.0,0,14-296aa(b1st,,False,N,False,False,I,2025-11-10 12:12:50,Infraction Ticket,,,False,1.0,CT0011000,20251112020513000001,2025-11-10 12:12:50,12:12:50,2025,,,,2025,Cell Phone
2025-11-17 02:05:23.923000,7896626.0,CT0011000,Plainville,Racial Profile,36,25-15841,Case No.,2025-11-10 00:00:00,November,W,N,F,81,True,True, Plainville,East St,  ,  ,V,G,1.0,0,14-12(a)*,,False,N,False,False,I,2025-11-10 13:58:33,Infraction Ticket,,,False,1.0,CT0011000,20251117020511000001,2025-11-10 13:58:33,13:58:33,2025,,,,2025,Registration
2025-11-12 02:05:26.160000,7869557.0,CT0011000,Plainville,Racial Profile,39,25-15866,Case No.,2025-11-10 00:00:00,November,W,N,F,21,True,False, Plainville,West Main St,  ,  ,E,G,1.0,0,14-96y,,False,N,False,False,V,2025-11-10 23:20:01,Verbal Warning,,,False,1.0,CT0011000,20251112020513000001,2025-11-10 23:20:01,23:20:01,2025,,,,2025,Defective Lights
2025-11-12 02:05:26.143000,7869553.0,CT0011000,Plainville,Racial Profile,47,25-15851,Case No.,2025-11-10 00:00:00,November,W,N,F,31,True,False, Plainville,east st,  ,  ,V,G,1.0,0,14-96a(a),,False,N,False,False,V,2025-11-10 20:10:16,Verbal Warning,,,False,1.0,CT0011000,20251112020513000001,2025-11-10 20:10:16,20:10:16,2025,14-96y,,,2025,Defective Lights
2025-11-26 02:05:39.807000,7915066.0,CT0011000,Plainville,Racial Profile,47,25-15858,Case No.,2025-11-10 00:00:00,November,W,N,F,61,True,True, Plainville,West Main St,  ,  ,V,G,1.0,0,14-96y,,False,N,False,False,V,2025-11-10 21:40:52,Verbal Warning,,,False,1.0,CT0011000,20251126020526000001,2025-11-10 21:40:52,21:40:52,2025,,,,2025,Defective Lights
2025-11-14 02:05:39.170000,7873405.0,CT0011000,Plainville,Racial Profile,51,25-15792,Case No.,2025-11-10 00:00:00,November,B,N,M,38,True,False, Plainville,Camp St,  ,  ,V,G,1.0,0,14-301,,False,N,False,False,V,2025-11-10 01:02:20,Verbal Warning,,,False,1.0,CT0011000,20251114020525000001,2025-11-10 01:02:20,01:02:20,2025,,,,2025,Stop Sign
2025-11-26 02:05:39.797000,7915062.0,CT0011000,Plainville,Racial Profile,57,25-15846,Case No.,2025-11-10 00:00:00,November,W,N,M,65,True,True, Plainville,West Main St,  ,  ,V,G,1.0,0,14-301,,False,N,False,False,V,2025-11-10 18:45:58,Verbal Warning,,,False,1.0,CT0011000,20251126020526000001,2025-11-10 18:45:58,18:45:58,2025,,,,2025,Stop Sign
2025-11-11 02:05:23.820000,7867601.0,CT0011000,Plainville,Racial Profile,57,25-15849,Case No.,2025-11-10 00:00:00,November,W,N,F,23,True,False, Plainville,Camp St,  ,  ,V,G,1.0,0,14-18(c),,False,N,False,False,V,2025-11-10 19:39:50,Verbal Warning,,,False,1.0,CT0011000,20251111020512000001,2025-11-10 19:39:50,19:39:50,2025,,,,2025,Display of Plates
2025-11-15 02:05:10.533000,7875897.0,CT0011000,Plainville,Racial Profile,57,25-15857,Case No.,2025-11-10 00:00:00,November,W,N,F,38,True,False, Plainville,West Main St,  ,  ,V,G,1.0,0,14-12(a)*,,False,N,False,False,I,2025-11-10 21:27:30,Infraction Ticket,,,False,1.0,CT0011000,20251115020457000001,2025-11-10 21:27:30,21:27:30,2025,,,,2025,Registration
2025-11-17 02:05:23.937000,7896632.0,CT0011000,Plainville,Racial Profile,57,25-15860,Case No.,2025-11-10 00:00:00,November,W,H,M,30,True,False, Plainville,New Britain Ave,  ,  ,V,G,2.0,1,14-12(a)*,,False,N,False,False,I,2025-11-10 21:59:17,Infraction Ticket,,,False,1.0,CT0011000,20251117020511000001,2025-11-10 21:59:17,21:59:17,2025,14-213b,,,2025,Registration
2025-11-12 02:05:26.177000,7869561.0,CT0011000,Plainville,Racial Profile,36,25-15900,Case No.,2025-11-11 00:00:00,November,W,N,F,33,True,False, Plainville,Woodford Ave,  ,  ,V,G,1.0,0,14-242,,False,N,False,False,W,2025-11-11 10:25:20,Written Ticket,,,False,1.0,CT0011000,20251112020513000001,2025-11-11 10:25:20,10:25:20,2025,14-236,,,2025,Moving Violation
2025-11-24 02:05:44.793000,7911015.0,CT0011000,Plainville,Racial Profile,39,25-15911,Case No.,2025-11-11 00:00:00,November,B,N,F,37,True,False, Plainville,New Britain Ave,  ,  ,E,G,1.0,0,14-96c,,False,N,False,False,V,2025-11-11 18:23:13,Verbal Warning,,,False,1.0,CT0011000,20251124020531000001,2025-11-11 18:23:13,18:23:13,2025,14-12(a)*,,,2025,Defective Lights
2025-11-17 02:05:23.960000,7896641.0,CT0011000,Plainville,Racial Profile,39,25-15918,Case No.,2025-11-11 00:00:00,November,W,H,M,18,True,False, Plainville,New Britain Ave,  ,  ,E,G,2.0,0,14-12(a)*,,False,N,False,False,I,2025-11-11 20:03:17,Infraction Ticket,,,False,1.0,CT0011000,20251117020511000001,2025-11-11 20:03:17,20:03:17,2025,14-36(a),,,2025,Registration
2025-11-24 02:05:44.780000,7911011.0,CT0011000,Plainville,Racial Profile,40,25-15872,Case No.,2025-11-11 00:00:00,November,W,N,F,60,True,True, Plainville,Cooke St,  ,  ,V,G,1.0,0,14-96b,,False,N,False,False,V,2025-11-11 02:10:55,Verbal Warning,,,False,1.0,CT0011000,20251124020531000001,2025-11-11 02:10:55,02:10:55,2025,,,,2025,Defective Lights
2025-11-12 02:05:26.167000,7869559.0,CT0011000,Plainville,Racial Profile,48,25-15893,Case No.,2025-11-11 00:00:00,November,W,H,M,42,True,False, Plainville,East Main St,  ,  ,V,G,2.0,1,14-236,,False,N,False,False,M,2025-11-11 07:07:48,Misdemeanor Summons,,,False,1.0,CT0011000,20251112020513000001,2025-11-11 07:07:48,07:07:48,2025,14-215,,,2025,Moving Violation
2025-11-15 02:05:10.573000,7875908.0,CT0011000,Plainville,Racial Profile,54,25-15921,Case No.,2025-11-11 00:00:00,November,W,H,F,22,True,False, Plainville,Northwest Dr,  ,  ,E,G,2.0,0,14-96y,,False,N,False,False,V,2025-11-11 22:43:27,Verbal Warning,,,False,1.0,CT0011000,20251115020457000001,2025-11-11 22:43:27,22:43:27,2025,,,,2025,Defective Lights
2025-11-26 02:05:39.817000,7915071.0,CT0011000,Plainville,Racial Profile,57,25-15898,Case No.,2025-11-11 00:00:00,November,W,N,F,69,True,True, Plainville,East St,  ,  ,V,G,1.0,0,14-12(a)*,,False,N,False,False,I,2025-11-11 09:29:02,Infraction Ticket,,,False,1.0,CT0011000,20251126020526000001,2025-11-11 09:29:02,09:29:02,2025,,,,2025,Registration
2025-11-14 02:05:39.227000,7873422.0,CT0011000,Plainville,Racial Profile,57,25-15916,Case No.,2025-11-11 00:00:00,November,W,N,F,68,True,False, Plainville,Crooked St,  ,  ,V,G,1.0,0,14-12(a)*,,False,N,False,False,I,2025-11-11 19:18:15,Infraction Ticket,,,False,1.0,CT0011000,20251114020525000001,2025-11-11 19:18:15,19:18:15,2025,,,,2025,Registration
2025-11-15 02:05:10.567000,7875907.0,CT0011000,Plainville,Racial Profile,57,25-15917,Case No.,2025-11-11 00:00:00,November,W,N,F,41,True,False, Plainville,New Britain Ave,  ,  ,V,G,1.0,0,14-12(a)*,,False,N,False,False,I,2025-11-11 19:33:11,Infraction Ticket,,,False,1.0,CT0011000,20251115020457000001,2025-11-11 19:33:11,19:33:11,2025,14-213b,,,2025,Registration
2025-11-16 02:05:27.510000,7894063.0,CT0011000,Plainville,Racial Profile,51,25-15947,Case No.,2025-11-12 00:00:00,November,W,N,F,37,True,False, Plainville,West Main St,  ,  ,V,G,1.0,0,14-101,,False,N,False,False,V,2025-11-12 08:40:54,Verbal Warning,,,False,1.0,CT0011000,20251116020513000001,2025-11-12 08:40:54,08:40:54,2025,,,,2025,Moving Violation
2025-11-13 02:05:32.807000,7871502.0,CT0011000,Plainville,Racial Profile,51,25-15950,Case No.,2025-11-12 00:00:00,November,W,N,M,62,True,False, Plainville,Broad St,  ,  ,V,G,1.0,0,14-299,,False,N,False,False,V,2025-11-12 10:03:48,Verbal Warning,,,False,1.0,CT0011000,20251113020518000001,2025-11-12 10:03:48,10:03:48,2025,,,,2025,Traffic Control Signal
2025-11-26 02:05:40.153000,7915158.0,CT0011000,Plainville,Racial Profile,51,25-15953,Case No.,2025-11-12 00:00:00,November,W,N,F,78,True,False, Plainville,Broad St,  ,  ,V,G,1.0,0,14-301,,False,N,False,False,V,2025-11-12 11:40:46,Verbal Warning,,,False,1.0,CT0011000,20251126020526000001,2025-11-12 11:40:46,11:40:46,2025,,,,2025,Stop Sign
2025-11-16 02:05:27.517000,7894065.0,CT0011000,Plainville,Racial Profile,40,25-15991,Case No.,2025-11-13 00:00:00,November,B,N,F,35,True,False, Plainville,East St,  ,  ,V,G,1.0,0,14-96c,,False,N,False,False,V,2025-11-13 00:57:40,Verbal Warning,,,False,1.0,CT0011000,20251116020513000001,2025-11-13 00:57:40,00:57:40,2025,,,,2025,Defective Lights
2025-11-16 02:05:27.520000,7894066.0,CT0011000,Plainville,Racial Profile,40,25-16009,Case No.,2025-11-13 00:00:00,November,W,N,F,50,True,True, Plainville,Arcadia Ave,  ,  ,V,G,1.0,0,14-301,,False,N,False,False,V,2025-11-13 07:06:24,Verbal Warning,,,False,1.0,CT0011000,20251116020513000001,2025-11-13 07:06:24,07:06:24,2025,,,,2025,Stop Sign
2025-11-17 02:05:23.977000,7896647.0,CT0011000,Plainville,Racial Profile,48,25-16011,Case No.,2025-11-13 00:00:00,November,B,N,F,29,True,False, Plainville,New Britain Ave,  ,  ,V,G,2.0,1,14-147(c),,False,N,False,False,I,2025-11-13 07:33:01,Infraction Ticket,,,False,1.0,CT0011000,20251117020511000001,2025-11-13 07:33:01,07:33:01,2025,14-12(a)*,,,2025,Administrative Offense
2025-11-26 02:05:39.880000,7915090.0,CT0011000,Plainville,Racial Profile,52,25-16040,Case No.,2025-11-13 00:00:00,November,W,N,M,52,True,False, Plainville,East St,  ,  ,E,B,1.0,0,14-18(a),,False,N,False,False,V,2025-11-13 18:14:35,Verbal Warning,,,False,1.0,CT0011000,20251126020526000001,2025-11-13 18:14:35,18:14:35,2025,,,,2025,Display of Plates
2025-11-26 02:05:39.887000,7915092.0,CT0011000,Plainville,Racial Profile,52,25-16046,Case No.,2025-11-13 00:00:00,November,W,N,M,30,True,False, Plainville,New Britain Ave,  ,  ,V,B,1.0,0,14-213bZ,,False,N,False,False,N,2025-11-13 19:33:39,No Disposition,,,False,1.0,CT0011000,20251126020526000001,2025-11-13 19:33:39,19:33:39,2025,,,,2025,Administrative Offense
2025-11-15 02:05:10.620000,7875925.0,CT0011000,Plainville,Racial Profile,52,25-16048,Case No.,2025-11-13 00:00:00,November,W,N,M,67,True,True, Plainville,Hooker St,  ,  ,V,B,1.0,0,14-18(a),,False,N,False,False,I,2025-11-13 20:04:51,Infraction Ticket,,,False,1.0,CT0011000,20251115020457000001,2025-11-13 20:04:51,20:04:51,2025,,,,2025,Display of Plates
2025-11-17 02:05:23.980000,7896649.0,CT0011000,Plainville,Racial Profile,53,25-16017,Case No.,2025-11-13 00:00:00,November,W,N,M,62,True,False, Plainville,Camp St,  ,  ,V,G,1.0,0,14-99g(b),,False,N,False,False,V,2025-11-13 09:08:48,Verbal Warning,,,False,1.0,CT0011000,20251117020511000001,2025-11-13 09:08:48,09:08:48,2025,,,,2025,Window Tint
2025-11-19 02:05:45.493000,7901118.0,CT0011000,Plainville,Racial Profile,53,25-16028,Case No.,2025-11-13 00:00:00,November,W,N,F,49,True,False, Plainville,Northwest Dr,  ,  ,V,G,1.0,0,14-218a10,,False,N,False,False,V,2025-11-13 11:00:18,Verbal Warning,,,False,1.0,CT0011000,20251119020533000001,2025-11-13 11:00:18,11:00:18,2025,,,,2025,Speed Related
2025-11-14 02:05:39.253000,7873435.0,CT0011000,Plainville,Racial Profile,53,25-16032,Case No.,2025-11-13 00:00:00,November,B,N,F,39,True,False, Plainville,West Broad St,  ,  ,V,G,1.0,0,14-12(a),,False,N,False,False,V,2025-11-13 12:54:15,Verbal Warning,,,False,1.0,CT0011000,20251114020525000001,2025-11-13 12:54:15,12:54:15,2025,,,,2025,Registration
2025-11-14 02:05:39.257000,7873436.0,CT0011000,Plainville,Racial Profile,53,25-16033,Case No.,2025-11-13 00:00:00,November,W,N,F,60,True,False, Plainville,West Broad St,  ,  ,V,G,1.0,0,14-301,,False,N,False,False,I,2025-11-13 13:11:52,Infraction Ticket,,,False,1.0,CT0011000,20251114020525000001,2025-11-13 13:11:52,13:11:52,2025,,,,2025,Stop Sign
2025-11-17 02:05:23.980000,7896648.0,CT0011000,Plainville,Racial Profile,54,25-16016,Case No.,2025-11-13 00:00:00,November,W,N,F,67,True,True, Plainville,Arcadia Ave,  ,  ,V,G,1.0,0,14-301,,False,N,False,False,V,2025-11-13 09:02:48,Verbal Warning,,,False,1.0,CT0011000,20251117020511000001,2025-11-13 09:02:48,09:02:48,2025,,,,2025,Stop Sign
2025-11-23 02:05:27.380000,7909050.0,CT0011000,Plainville,Racial Profile,54,25-16019,Case No.,2025-11-13 00:00:00,November,W,N,F,23,True,True, Plainville,Arcadia Ave,  ,  ,V,G,2.0,0,14-301,,False,N,False,False,I,2025-11-13 09:11:23,Infraction Ticket,,,False,1.0,CT0011000,20251123020514000001,2025-11-13 09:11:23,09:11:23,2025,,,,2025,Stop Sign
2025-11-16 02:05:27.540000,7894071.0,CT0011000,Plainville,Racial Profile,54,25-16027,Case No.,2025-11-13 00:00:00,November,W,H,M,31,True,False, Plainville,EAST ST,  ,  ,V,B,3.0,0,14-215(a),,False,N,False,False,M,2025-11-13 10:49:48,Misdemeanor Summons,,,False,1.0,CT0011000,20251116020513000001,2025-11-13 10:49:48,10:49:48,2025,,,,2025,Administrative Offense
2025-11-17 02:05:23.997000,7896656.0,CT0011000,Plainville,Racial Profile,57,25-16044,Case No.,2025-11-13 00:00:00,November,W,N,F,68,True,False, Plainville,New Britain Ave,  ,  ,V,G,1.0,0,14-12(a)*,,False,N,False,False,I,2025-11-13 19:16:47,Infraction Ticket,,,False,1.0,CT0011000,20251117020511000001,2025-11-13 19:16:47,19:16:47,2025,,,,2025,Registration
2025-11-25 02:05:33.150000,7913102.0,CT0011000,Plainville,Racial Profile,57,25-16047,Case No.,2025-11-13 00:00:00,November,W,N,F,33,True,False, Plainville,East St,  ,  ,V,G,1.0,0,14-12(a)*,,False,N,False,False,I,2025-11-13 19:45:08,Infraction Ticket,,,False,1.0,CT0011000,20251125020518000001,2025-11-13 19:45:08,19:45:08,2025,,,,2025,Registration
2025-11-23 02:05:27.403000,7909060.0,CT0011000,Plainville,Racial Profile,57,25-16050,Case No.,2025-11-13 00:00:00,November,B,N,M,36,True,False, Plainville,Forestville Ave,  ,  ,V,B,1.0,0,14-213b,,False,N,False,False,V,2025-11-13 20:56:58,Verbal Warning,,,False,1.0,CT0011000,20251123020514000001,2025-11-13 20:56:58,20:56:58,2025,,,,2025,Administrative Offense
2025-11-17 02:05:24.023000,7896661.0,CT0011000,Plainville,Racial Profile,40,25-16078,Case No.,2025-11-14 00:00:00,November,W,N,M,62,True,False, Plainville,Woodford Ave,  ,  ,V,G,1.0,0,14-96b,,False,N,False,False,V,2025-11-14 16:39:34,Verbal Warning,,,False,1.0,CT0011000,20251117020511000001,2025-11-14 16:39:34,16:39:34,2025,,,,2025,Defective Lights
2025-11-19 02:05:45.520000,7901128.0,CT0011000,Plainville,Racial Profile,40,25-16079,Case No.,2025-11-14 00:00:00,November,W,N,F,41,True,False, Plainville,Woodford Ave,  ,  ,V,G,1.0,0,14-218a11,,False,N,False,False,V,2025-11-14 16:47:45,Verbal Warning,,,False,1.0,CT0011000,20251119020533000001,2025-11-14 16:47:45,16:47:45,2025,,,,2025,Speed Related
2025-11-16 02:05:27.600000,7894083.0,CT0011000,Plainville,Racial Profile,40,25-16082,Case No.,2025-11-14 00:00:00,November,W,N,F,27,True,False, Plainville,Woodford Ave,  ,  ,V,G,1.0,0,14-218a10,,False,N,False,False,V,2025-11-14 17:08:51,Verbal Warning,,,False,1.0,CT0011000,20251116020513000001,2025-11-14 17:08:51,17:08:51,2025,14-12(a),,,2025,Speed Related
2025-11-18 02:05:38.393000,7898789.0,CT0011000,Plainville,Racial Profile,40,25-16088,Case No.,2025-11-14 00:00:00,November,W,N,F,46,True,False, Plainville,Northwest Dr,  ,  ,V,G,1.0,0,14-218a11,,False,N,False,False,V,2025-11-14 18:01:55,Verbal Warning,,,False,1.0,CT0011000,20251118020524000001,2025-11-14 18:01:55,18:01:55,2025,,,,2025,Speed Related
2025-11-18 02:05:38.390000,7898788.0,CT0011000,Plainville,Racial Profile,51,25-16083,Case No.,2025-11-14 00:00:00,November,W,N,F,43,True,False, Plainville,East Main St,  ,  ,V,G,1.0,0,14-96b,,False,N,False,False,V,2025-11-14 17:11:29,Verbal Warning,,,False,1.0,CT0011000,20251118020524000001,2025-11-14 17:11:29,17:11:29,2025,,,,2025,Defective Lights
2025-11-28 02:05:56.970000,7919292.0,CT0011000,Plainville,Racial Profile,51,25-16097,Case No.,2025-11-14 00:00:00,November,W,N,M,69,True,True, Plainville,Whiting St,  ,  ,V,G,1.0,0,14-299,,False,N,False,False,V,2025-11-14 19:39:25,Verbal Warning,,,False,1.0,CT0011000,20251128020543000001,2025-11-14 19:39:25,19:39:25,2025,,,,2025,Traffic Control Signal
2025-11-25 02:05:33.170000,7913111.0,CT0011000,Plainville,Racial Profile,53,25-16136,Case No.,2025-11-15 00:00:00,November,W,N,F,62,True,False, Plainville,New Britain Ave,  ,  ,I,B,1.0,0,14-215,,False,N,False,False,V,2025-11-15 11:09:16,Verbal Warning,,,False,1.0,CT0011000,20251125020518000001,2025-11-15 11:09:16,11:09:16,2025,,,,2025,Administrative Offense
2025-11-17 02:05:24.043000,7896668.0,CT0011000,Plainville,Racial Profile,30,25-16227,Case No.,2025-11-16 00:00:00,November,W,N,M,23,True,False, Plainville,Broad St,  ,  ,V,G,1.0,0,14-301,,False,N,False,False,V,2025-11-16 22:19:29,Verbal Warning,,,False,1.0,CT0011000,20251117020511000001,2025-11-16 22:19:29,22:19:29,2025,,,,2025,Stop Sign
2025-11-18 02:05:38.410000,7898796.0,CT0011000,Plainville,Racial Profile,30,25-16230,Case No.,2025-11-16 00:00:00,November,W,H,M,41,True,False, Plainville,72 on ramp,  ,  ,E,G,1.0,0,14-147,,False,N,False,False,N,2025-11-16 23:29:14,No Disposition,,,False,1.0,CT0011000,20251118020524000001,2025-11-16 23:29:14,23:29:14,2025,,,,2025,Administrative Offense
2025-11-18 02:05:38.393000,7898790.0,CT0011000,Plainville,Racial Profile,51,25-16206,Case No.,2025-11-16 00:00:00,November,W,N,M,60,True,False, Plainville,Camp St,  ,  ,V,G,1.0,0,14-301,,False,N,False,False,V,2025-11-16 15:08:58,Verbal Warning,,,False,1.0,CT0011000,20251118020524000001,2025-11-16 15:08:58,15:08:58,2025,,,,2025,Stop Sign
2025-11-17 02:05:24.040000,7896667.0,CT0011000,Plainville,Racial Profile,51,25-16209,Case No.,2025-11-16 00:00:00,November,W,N,M,37,True,False, Plainville,Camp St,  ,  ,V,G,1.0,0,14-301,,False,N,False,False,V,2025-11-16 17:38:55,Verbal Warning,,,False,1.0,CT0011000,20251117020511000001,2025-11-16 17:38:55,17:38:55,2025,,,,2025,Stop Sign
2025-11-20 02:05:23.553000,7903090.0,CT0011000,Plainville,Racial Profile,51,25-16210,Case No.,2025-11-16 00:00:00,November,B,N,M,38,True,False, Plainville,Camp St,  ,  ,V,G,2.0,1,14-301,,False,N,False,False,I,2025-11-16 19:51:05,Infraction Ticket,,,False,2.0,CT0011000,20251120020509000001,2025-11-16 19:51:05,19:51:05,2025,14-213b,,,2025,Stop Sign
2025-11-18 02:05:38.403000,7898794.0,CT0011000,Plainville,Racial Profile,51,25-16213,Case No.,2025-11-16 00:00:00,November,W,N,F,34,True,False, Plainville,Bradley St,  ,  ,V,G,1.0,0,14-96c,,False,N,False,False,V,2025-11-16 20:21:47,Verbal Warning,,,False,1.0,CT0011000,20251118020524000001,2025-11-16 20:21:47,20:21:47,2025,,,,2025,Defective Lights
2025-11-26 02:05:39.947000,7915108.0,CT0011000,Plainville,Racial Profile,51,25-16222,Case No.,2025-11-16 00:00:00,November,W,N,M,74,True,True, Plainville,Camp St,  ,  ,V,G,1.0,0,14-301,,False,N,False,False,V,2025-11-16 21:06:05,Verbal Warning,,,False,1.0,CT0011000,20251126020526000001,2025-11-16 21:06:05,21:06:05,2025,,,,2025,Stop Sign
2025-12-01 02:06:02.890000,7925397.0,CT0011000,Plainville,Racial Profile,51,25-16232,Case No.,2025-11-16 00:00:00,November,W,H,M,33,True,True, Plainville,North Washington St,  ,  ,V,G,1.0,0,14-12(a)*,,False,N,False,False,I,2025-11-16 23:43:00,Infraction Ticket,,,False,1.0,CT0011000,20251201020550000001,2025-11-16 23:43:00,23:43:00,2025,,,,2025,Registration
2025-11-20 02:05:23.593000,7903103.0,CT0011000,Plainville,Racial Profile,27,25-16293,Case No.,2025-11-17 00:00:00,November,W,N,M,29,True,True, Plainville,North Washington St,  ,  ,V,S,2.0,1,14-12(a)*,,False,N,False,False,M,2025-11-17 22:46:50,Misdemeanor Summons,,,False,1.0,CT0011000,20251120020509000001,2025-11-17 22:46:50,22:46:50,2025,14-215(a),,,2025,Registration
2025-11-20 02:05:23.597000,7903104.0,CT0011000,Plainville,Racial Profile,30,25-16294,Case No.,2025-11-17 00:00:00,November,W,N,F,34,True,True, Plainville,Cooke St,  ,  ,V,G,2.0,0,14-242,,False,N,False,False,V,2025-11-17 22:59:13,Verbal Warning,,,False,1.0,CT0011000,20251120020509000001,2025-11-17 22:59:13,22:59:13,2025,,,,2025,Moving Violation
2025-11-19 02:05:45.553000,7901141.0,CT0011000,Plainville,Racial Profile,40,25-16262,Case No.,2025-11-17 00:00:00,November,W,N,F,84,True,True, Plainville,Maxine Rd,  ,  ,V,G,1.0,0,14-301,,False,N,False,False,V,2025-11-17 07:04:20,Verbal Warning,,,False,1.0,CT0011000,20251119020533000001,2025-11-17 07:04:20,07:04:20,2025,,,,2025,Stop Sign
2025-11-24 02:05:44.977000,7911056.0,CT0011000,Plainville,Racial Profile,40,25-16264,Case No.,2025-11-17 00:00:00,November,W,N,F,45,True,True, Plainville,Maxine Rd,  ,  ,V,G,1.0,0,14-301,,False,N,False,False,V,2025-11-17 07:13:05,Verbal Warning,,,False,1.0,CT0011000,20251124020531000001,2025-11-17 07:13:05,07:13:05,2025,,,,2025,Stop Sign
2025-11-19 02:05:45.560000,7901143.0,CT0011000,Plainville,Racial Profile,40,25-16266,Case No.,2025-11-17 00:00:00,November,W,N,F,31,True,True, Plainville,Maxine Rd,  ,  ,V,G,1.0,0,14-301,,False,N,False,False,V,2025-11-17 07:29:02,Verbal Warning,,,False,1.0,CT0011000,20251119020533000001,2025-11-17 07:29:02,07:29:02,2025,,,,2025,Stop Sign
2025-11-24 02:05:44.943000,7911054.0,CT0011000,Plainville,Racial Profile,48,25-16260,Case No.,2025-11-17 00:00:00,November,B,N,M,25,True,False, Plainville,New Britain Ave,  ,  ,V,G,2.0,0,14-12(a)*,,False,O,False,False,I,2025-11-17 06:45:37,Infraction Ticket,,,False,1.0,CT0011000,20251124020531000001,2025-11-17 06:45:37,06:45:37,2025,,,,2025,Registration
2025-11-26 02:05:39.983000,7915116.0,CT0011000,Plainville,Racial Profile,57,25-16282,Case No.,2025-11-17 00:00:00,November,B,N,F,68,True,False, Plainville,New Britain Ave,  ,  ,V,S,2.0,0,14-215(a),,False,N,False,False,V,2025-11-17 19:23:55,Verbal Warning,,,False,1.0,CT0011000,20251126020526000001,2025-11-17 19:23:55,19:23:55,2025,,,,2025,Administrative Offense
2025-11-24 02:05:44.983000,7911059.0,CT0011000,Plainville,Racial Profile,57,25-16283,Case No.,2025-11-17 00:00:00,November,W,H,M,40,True,False, Plainville,New Britain Ave,  ,  ,V,S,2.0,1,14-215(a),,False,N,False,False,M,2025-11-17 19:51:03,Misdemeanor Summons,,,False,1.0,CT0011000,20251124020531000001,2025-11-17 19:51:03,19:51:03,2025,,,,2025,Administrative Offense
2025-11-21 02:05:41.373000,7905086.0,CT0011000,Plainville,Racial Profile,57,25-16287,Case No.,2025-11-17 00:00:00,November,B,H,F,34,True,False, Plainville,Broad St,  ,  ,V,G,1.0,0,14-236,,False,N,False,False,V,2025-11-17 21:16:11,Verbal Warning,,,False,1.0,CT0011000,20251121020518000001,2025-11-17 21:16:11,21:16:11,2025,,,,2025,Moving Violation
2025-11-23 02:05:27.480000,7909082.0,CT0011000,Plainville,Racial Profile,57,25-16288,Case No.,2025-11-17 00:00:00,November,W,N,M,42,True,True, Plainville,West Main St,  ,  ,V,S,1.0,0,14-12(a)*,,False,N,False,False,I,2025-11-17 21:30:53,Infraction Ticket,,,False,1.0,CT0011000,20251123020514000001,2025-11-17 21:30:53,21:30:53,2025,,,,2025,Registration
2025-11-28 02:05:57.020000,7919313.0,CT0011000,Plainville,Racial Profile,51,25-16301,Case No.,2025-11-18 00:00:00,November,W,N,M,66,True,False, Plainville,Camp St,  ,  ,V,G,1.0,0,14-301,,False,N,False,False,V,2025-11-18 01:57:51,Verbal Warning,,,False,1.0,CT0011000,20251128020543000001,2025-11-18 01:57:51,01:57:51,2025,,,,2025,Stop Sign
2025-11-21 02:05:41.387000,7905091.0,CT0011000,Plainville,Racial Profile,51,25-16302,Case No.,2025-11-18 00:00:00,November,W,N,M,41,True,False, Plainville,Camp St,  ,  ,V,G,1.0,0,14-301,,False,N,False,False,V,2025-11-18 02:08:52,Verbal Warning,,,False,1.0,CT0011000,20251121020518000001,2025-11-18 02:08:52,02:08:52,2025,,,,2025,Stop Sign
2025-11-19 02:05:45.587000,7901151.0,CT0011000,Plainville,Racial Profile,51,25-16319,Case No.,2025-11-18 00:00:00,November,A,H,M,31,True,False, Plainville,East Main St,  ,  ,V,G,1.0,0,14-299,,False,N,False,False,V,2025-11-18 09:09:15,Verbal Warning,,,False,1.0,CT0011000,20251119020533000001,2025-11-18 09:09:15,09:09:15,2025,,,,2025,Traffic Control Signal
2025-11-25 02:05:33.247000,7913134.0,CT0011000,Plainville,Racial Profile,52,25-16343,Case No.,2025-11-18 00:00:00,November,W,H,M,61,True,False, Plainville,New Britain Ave,  ,  ,V,B,1.0,0,14-299,,False,N,False,False,I,2025-11-18 17:05:56,Infraction Ticket,,,False,1.0,CT0011000,20251125020518000001,2025-11-18 17:05:56,17:05:56,2025,,,,2025,Traffic Control Signal
2025-11-21 02:05:41.397000,7905095.0,CT0011000,Plainville,Racial Profile,54,25-16359,Case No.,2025-11-18 00:00:00,November,W,H,F,26,True,True, Plainville,New Britain Ave,  ,  ,V,B,1.0,0,14-12(a)*,,False,N,False,False,V,2025-11-18 21:24:03,Verbal Warning,,,False,1.0,CT0011000,20251121020518000001,2025-11-18 21:24:03,21:24:03,2025,,,,2025,Registration
2025-11-21 02:05:41.400000,7905096.0,CT0011000,Plainville,Racial Profile,54,25-16360,Case No.,2025-11-18 00:00:00,November,W,N,F,67,True,False, Plainville,New Britain Ave,  ,  ,V,B,2.0,0,14-12(a)*,,False,N,False,False,I,2025-11-18 21:34:53,Infraction Ticket,,,False,1.0,CT0011000,20251121020518000001,2025-11-18 21:34:53,21:34:53,2025,,,,2025,Registration
2025-11-26 02:05:40.027000,7915126.0,CT0011000,Plainville,Racial Profile,57,25-16352,Case No.,2025-11-18 00:00:00,November,W,N,F,24,True,False, Plainville,FARMINGTON AVE,  ,  ,V,G,1.0,0,14-230(a),,False,N,False,False,V,2025-11-18 19:45:46,Verbal Warning,,,False,1.0,CT0011000,20251126020526000001,2025-11-18 19:45:46,19:45:46,2025,,,,2025,Moving Violation
2025-11-30 02:05:52.817000,7923387.0,CT0011000,Plainville,Racial Profile,40,25-16398,Case No.,2025-11-19 00:00:00,November,W,N,F,75,True,False, Plainville,Arcadia Ave,  ,  ,V,G,1.0,0,14-301,,False,N,False,False,V,2025-11-19 07:14:54,Verbal Warning,,,False,1.0,CT0011000,20251130020539000001,2025-11-19 07:14:54,07:14:54,2025,,,,2025,Stop Sign
2025-11-21 02:05:41.403000,7905098.0,CT0011000,Plainville,Racial Profile,40,25-16399,Case No.,2025-11-19 00:00:00,November,W,N,F,57,True,False, Plainville,Arcadia Ave,  ,  ,V,G,1.0,0,14-301,,False,N,False,False,V,2025-11-19 07:25:27,Verbal Warning,,,False,1.0,CT0011000,20251121020518000001,2025-11-19 07:25:27,07:25:27,2025,,,,2025,Stop Sign
2025-11-25 02:05:33.267000,7913142.0,CT0011000,Plainville,Racial Profile,43,25-16421,Case No.,2025-11-19 00:00:00,November,B,N,F,33,True,False, Plainville,Broad St,  ,  ,V,G,2.0,0,14-12(a),,False,N,False,False,I,2025-11-19 17:26:21,Infraction Ticket,,,False,1.0,CT0011000,20251125020518000001,2025-11-19 17:26:21,17:26:21,2025,,,,2025,Registration
2025-11-24 02:05:45.050000,7911073.0,CT0011000,Plainville,Racial Profile,50,25-16401,Case No.,2025-11-19 00:00:00,November,W,N,M,49,True,False, Plainville,New Britain Ave,  ,  ,V,G,1.0,0,14-299,,False,C,False,False,I,2025-11-19 07:44:12,Infraction Ticket,,,False,1.0,CT0011000,20251124020531000001,2025-11-19 07:44:12,07:44:12,2025,,,,2025,Traffic Control Signal
2025-11-26 02:05:40.060000,7915134.0,CT0011000,Plainville,Racial Profile,52,25-16424,Case No.,2025-11-19 00:00:00,November,W,N,M,36,True,True, Plainville,Crown St,  ,  ,V,B,2.0,0,14-244,,False,N,False,False,I,2025-11-19 17:58:16,Infraction Ticket,,,False,1.0,CT0011000,20251126020526000001,2025-11-19 17:58:16,17:58:16,2025,14-12(a)*,,,2025,Moving Violation
2025-11-24 02:05:45.077000,7911078.0,CT0011000,Plainville,Racial Profile,52,25-16429,Case No.,2025-11-19 00:00:00,November,B,N,F,34,True,False, Plainville,Hooker St,  ,  ,V,B,2.0,1,14-12(a)*,,False,N,False,False,I,2025-11-19 21:47:48,Infraction Ticket,,,False,1.0,CT0011000,20251124020531000001,2025-11-19 21:47:48,21:47:48,2025,,,,2025,Registration
2025-11-25 02:05:33.270000,7913144.0,CT0011000,Plainville,Racial Profile,54,25-16428,Case No.,2025-11-19 00:00:00,November,W,H,F,48,True,True, Plainville,Pine St,  ,  ,V,G,1.0,0,14-96a(a),,False,N,False,False,V,2025-11-19 21:21:52,Verbal Warning,,,False,1.0,CT0011000,20251125020518000001,2025-11-19 21:21:52,21:21:52,2025,,,,2025,Defective Lights
2025-11-28 02:05:57.077000,7919323.0,CT0011000,Plainville,Racial Profile,8,25-16403,Case No.,2025-11-19 00:00:00,November,W,H,M,54,True,False, Plainville,RT 72 East Bound,  ,  ,V,B,2.0,0,14-299,,False,N,False,False,I,2025-11-19 09:04:53,Infraction Ticket,,,False,1.0,CT0011000,20251128020543000001,2025-11-19 09:04:53,09:04:53,2025,,,,2025,Traffic Control Signal
2025-11-21 02:05:41.420000,7905105.0,CT0011000,Plainville,Racial Profile,16,25-16480,Case No.,2025-11-20 00:00:00,November,W,N,F,25,True,False, Plainville,New Britain Ave,  ,  ,V,G,1.0,0,14-232(1),,False,O,False,False,V,2025-11-20 10:49:31,Verbal Warning,,,False,1.0,CT0011000,20251121020518000001,2025-11-20 10:49:31,10:49:31,2025,,,,2025,Moving Violation
2025-11-26 02:05:40.093000,7915140.0,CT0011000,Plainville,Racial Profile,35,25-16492,Case No.,2025-11-20 00:00:00,November,W,N,F,52,True,False, Plainville,Miles Ave,  ,  ,V,G,1.0,0,14-236,,False,N,False,False,V,2025-11-20 15:26:26,Verbal Warning,,,False,1.0,CT0011000,20251126020526000001,2025-11-20 15:26:26,15:26:26,2025,,,,2025,Moving Violation
2025-11-22 02:05:40.430000,7907097.0,CT0011000,Plainville,Racial Profile,48,25-16462,Case No.,2025-11-20 00:00:00,November,W,N,M,26,True,False, Plainville,New Britain Ave,  ,  ,V,G,1.0,0,14-96y,,False,N,False,False,V,2025-11-20 05:49:48,Verbal Warning,,,False,1.0,CT0011000,20251122020525000001,2025-11-20 05:49:48,05:49:48,2025,,,,2025,Defective Lights
2025-11-23 02:05:27.603000,7909101.0,CT0011000,Plainville,Racial Profile,50,25-16468,Case No.,2025-11-20 00:00:00,November,W,H,M,21,True,False, Plainville,Camp St,  ,  ,V,G,2.0,1,14-301,,False,N,False,False,M,2025-11-20 07:21:52,Misdemeanor Summons,,,False,1.0,CT0011000,20251123020514000001,2025-11-20 07:21:52,07:21:52,2025,14-215,,,2025,Stop Sign
2025-11-27 02:05:57.323000,7917284.0,CT0011000,Plainville,Racial Profile,52,25-16505,Case No.,2025-11-20 00:00:00,November,W,N,M,53,True,False, Plainville,Broad St,  ,  ,V,G,1.0,0,14-12(a)*,,False,N,False,False,V,2025-11-20 22:40:35,Verbal Warning,,,False,1.0,CT0011000,20251127020545000001,2025-11-20 22:40:35,22:40:35,2025,,,,2025,Registration
2025-11-29 02:05:48.837000,7921361.0,CT0011000,Plainville,Racial Profile,50,25-16545,Case No.,2025-11-21 00:00:00,November,W,N,F,61,True,True, Plainville,Race Ave,  ,  ,V,G,2.0,1,14-301,,False,N,False,False,M,2025-11-21 07:44:17,Misdemeanor Summons,,,False,1.0,CT0011000,20251129020534000001,2025-11-21 07:44:17,07:44:17,2025,14-215,,,2025,Stop Sign
2025-11-23 02:05:27.610000,7909104.0,CT0011000,Plainville,Racial Profile,51,25-16543,Case No.,2025-11-21 00:00:00,November,W,N,M,61,True,False, Plainville,East St,  ,  ,V,G,1.0,0,14-299,,False,N,False,False,V,2025-11-21 07:27:03,Verbal Warning,,,False,1.0,CT0011000,20251123020514000001,2025-11-21 07:27:03,07:27:03,2025,,,,2025,Traffic Control Signal
2025-11-24 02:05:45.127000,7911085.0,CT0011000,Plainville,Racial Profile,51,25-16546,Case No.,2025-11-21 00:00:00,November,B,N,M,68,True,False, Plainville,New Britain Ave,  ,  ,V,G,1.0,0,14-299,,False,N,False,False,V,2025-11-21 07:56:00,Verbal Warning,,,False,1.0,CT0011000,20251124020531000001,2025-11-21 07:56:00,07:56:00,2025,,,,2025,Traffic Control Signal
2025-12-01 02:06:02.993000,7925439.0,CT0011000,Plainville,Racial Profile,30,25-16641,Case No.,2025-11-22 00:00:00,November,W,H,F,46,True,True, Plainville,New Britain Ave,  ,  ,V,G,1.0,0,14-96a(a),,False,N,False,False,V,2025-11-22 20:32:01,Verbal Warning,,,False,1.0,CT0011000,20251201020550000001,2025-11-22 20:32:01,20:32:01,2025,,,,2025,Defective Lights
2025-11-24 02:05:45.157000,7911094.0,CT0011000,Plainville,Racial Profile,30,25-16646,Case No.,2025-11-22 00:00:00,November,B,N,F,38,True,False, Plainville,East Main St,  ,  ,V,G,2.0,1,14-215(a),,False,N,False,False,M,2025-11-22 22:08:52,Misdemeanor Summons,,,False,1.0,CT0011000,20251124020531000001,2025-11-22 22:08:52,22:08:52,2025,14-213b,,,2025,Administrative Offense
2025-11-24 02:05:45.150000,7911092.0,CT0011000,Plainville,Racial Profile,36,25-16630,Case No.,2025-11-22 00:00:00,November,W,N,F,39,True,True, Plainville,Unionville Ave,  ,  ,V,G,1.0,0,14-240,,False,N,False,False,V,2025-11-22 14:51:47,Verbal Warning,,,False,1.0,CT0011000,20251124020531000001,2025-11-22 14:51:47,14:51:47,2025,,,,2025,Moving Violation
2025-12-11 02:05:45.537000,7953125.0,CT0011000,Plainville,Racial Profile,39,25-16647,Case No.,2025-11-22 00:00:00,November,W,H,M,60,True,False, Plainville,Forestville Ave,  ,  ,V,G,3.0,1,14-236,,True,O,False,True,U,2025-11-22 22:25:06,Uniform ArrestReport,,,False,1.0,CT0011000,20251211020532000001,2025-11-22 22:25:06,22:25:06,2025,14-227a,,,2025,Moving Violation
2025-12-11 02:05:45.513000,7953115.0,CT0011000,Plainville,Racial Profile,40,25-16566,Case No.,2025-11-22 00:00:00,November,W,N,F,22,True,True, Plainville,West Main St,  ,  ,V,G,1.0,0,14-96b,,False,N,False,False,V,2025-11-22 00:48:09,Verbal Warning,,,False,1.0,CT0011000,20251211020532000001,2025-11-22 00:48:09,00:48:09,2025,,,,2025,Defective Lights
2025-11-30 02:05:52.860000,7923407.0,CT0011000,Plainville,Racial Profile,49,25-16614,Case No.,2025-11-22 00:00:00,November,W,N,M,18,True,True, Plainville,Norton Park,  ,  ,I,G,1.0,0,53a-110a,,False,N,False,False,V,2025-11-22 04:47:46,Verbal Warning,,,False,1.0,CT0011000,20251130020539000001,2025-11-22 04:47:46,04:47:46,2025,,,,2025,Other
2025-11-30 02:05:52.857000,7923406.0,CT0011000,Plainville,Racial Profile,50,25-16605,Case No.,2025-11-22 00:00:00,November,W,H,F,38,True,False, Plainville,Milford St Ext,  ,  ,V,G,3.0,1,14-96y,,False,N,False,False,I,2025-11-22 01:46:00,Infraction Ticket,,,False,1.0,CT0011000,20251130020539000001,2025-11-22 01:46:00,01:46:00,2025,14-213b,,,2025,Defective Lights
2025-11-23 02:05:27.620000,7909108.0,CT0011000,Plainville,Racial Profile,51,25-16576,Case No.,2025-11-22 00:00:00,November,W,N,F,41,True,False, Plainville,Camp St,  ,  ,V,G,1.0,0,14-301,,False,N,False,False,V,2025-11-22 00:59:11,Verbal Warning,,,False,1.0,CT0011000,20251123020514000001,2025-11-22 00:59:11,00:59:11,2025,,,,2025,Stop Sign
2025-11-30 02:05:52.853000,7923405.0,CT0011000,Plainville,Racial Profile,51,25-16590,Case No.,2025-11-22 00:00:00,November,B,N,M,34,True,False, Plainville,West Main St,  ,  ,V,G,1.0,0,14-301,,False,N,False,False,V,2025-11-22 01:24:42,Verbal Warning,,,False,1.0,CT0011000,20251130020539000001,2025-11-22 01:24:42,01:24:42,2025,,,,2025,Stop Sign
2025-11-28 02:05:57.130000,7919341.0,CT0011000,Plainville,Racial Profile,54,25-16625,Case No.,2025-11-22 00:00:00,November,W,N,F,0,False,False, Plainville,East St,  ,  ,E,G,1.0,0,14-18(a),,False,N,False,False,N,2025-11-22 13:29:44,No Disposition,,,False,1.0,CT0011000,20251128020543000001,2025-11-22 13:29:44,13:29:44,2025,,,,2025,Display of Plates
2025-11-25 02:05:33.353000,7913159.0,CT0011000,Plainville,Racial Profile,54,25-16627,Case No.,2025-11-22 00:00:00,November,W,N,M,19,True,False, Plainville,South Washington St,  ,  ,V,G,2.0,0,14-301,,False,N,False,False,V,2025-11-22 14:00:34,Verbal Warning,,,False,1.0,CT0011000,20251125020518000001,2025-11-22 14:00:34,14:00:34,2025,,,,2025,Stop Sign
2025-11-28 02:05:57.150000,7919347.0,CT0011000,Plainville,Racial Profile,29,25-16652,Case No.,2025-11-23 00:00:00,November,W,H,F,26,True,True, Plainville,Crooked St,  ,  ,V,G,2.0,1,14-299,,False,N,False,False,I,2025-11-23 02:19:40,Infraction Ticket,,,False,1.0,CT0011000,20251128020543000001,2025-11-23 02:19:40,02:19:40,2025,,,,2025,Traffic Control Signal
2025-11-27 02:05:57.420000,7917300.0,CT0011000,Plainville,Racial Profile,48,25-16674,Case No.,2025-11-23 00:00:00,November,W,H,F,51,True,False, Plainville,West Main St,  ,  ,V,G,1.0,0,14-36(a),,False,N,False,False,I,2025-11-23 06:56:13,Infraction Ticket,,,False,1.0,CT0011000,20251127020545000001,2025-11-23 06:56:13,06:56:13,2025,,,,2025,Unlicensed Operation
2025-11-28 02:05:57.153000,7919349.0,CT0011000,Plainville,Racial Profile,51,25-16677,Case No.,2025-11-23 00:00:00,November,W,N,M,59,True,True, Plainville,New Britain Ave,  ,  ,V,G,1.0,0,14-147(c),,False,N,False,False,V,2025-11-23 07:53:18,Verbal Warning,,,False,1.0,CT0011000,20251128020543000001,2025-11-23 07:53:18,07:53:18,2025,,,,2025,Administrative Offense
2025-11-27 02:05:57.443000,7917310.0,CT0011000,Plainville,Racial Profile,30,25-16761,Case No.,2025-11-24 00:00:00,November,W,N,F,47,True,False, Plainville,East Main St,  ,  ,V,G,1.0,0,14-241,,False,N,False,False,V,2025-11-24 22:58:48,Verbal Warning,,,False,1.0,CT0011000,20251127020545000001,2025-11-24 22:58:48,22:58:48,2025,,,,2025,Moving Violation
2025-12-06 02:06:00.730000,7936352.0,CT0011000,Plainville,Racial Profile,30,25-16763,Case No.,2025-11-24 00:00:00,November,A,N,F,0,True,True, Plainville,New Britain Ave,  ,  ,V,G,1.0,0,14-241,,False,N,False,False,V,2025-11-24 23:25:21,Verbal Warning,,,False,1.0,CT0011000,20251206020545000001,2025-11-24 23:25:21,23:25:21,2025,,,,2025,Moving Violation
2025-12-01 02:06:03.077000,7925455.0,CT0011000,Plainville,Racial Profile,30,25-16764,Case No.,2025-11-24 00:00:00,November,A,N,F,23,True,True, Plainville,Farmington Ave,  ,  ,V,G,1.0,0,14-96t,,False,N,False,False,V,2025-11-24 23:36:34,Verbal Warning,,,False,1.0,CT0011000,20251201020550000001,2025-11-24 23:36:34,23:36:34,2025,,,,2025,Defective Lights
2025-12-01 02:06:03.017000,7925448.0,CT0011000,Plainville,Racial Profile,43,25-16749,Case No.,2025-11-24 00:00:00,November,W,N,M,34,True,True, Plainville,East Main St,  ,  ,V,G,1.0,0,14-301,,False,N,False,False,V,2025-11-24 17:59:40,Verbal Warning,,,False,1.0,CT0011000,20251201020550000001,2025-11-24 17:59:40,17:59:40,2025,,,,2025,Stop Sign
2025-11-28 02:05:57.163000,7919354.0,CT0011000,Plainville,Racial Profile,43,25-16752,Case No.,2025-11-24 00:00:00,November,A,N,F,49,True,False, Plainville,East St,  ,  ,V,G,1.0,0,14-96i,,False,N,False,False,V,2025-11-24 19:07:56,Verbal Warning,,,False,1.0,CT0011000,20251128020543000001,2025-11-24 19:07:56,19:07:56,2025,,,,2025,Defective Lights
2025-12-14 02:06:02.660000,7959500.0,CT0011000,Plainville,Racial Profile,57,25-16746,Case No.,2025-11-24 00:00:00,November,W,N,M,60,False,True, Plainville,Day St,  ,  ,V,G,1.0,0,14-12(a)*,,False,N,False,False,I,2025-11-24 17:25:30,Infraction Ticket,,,False,1.0,CT0011000,20251214020547000001,2025-11-24 17:25:30,17:25:30,2025,,,,2025,Registration
2025-11-27 02:05:57.430000,7917304.0,CT0011000,Plainville,Racial Profile,57,25-16747,Case No.,2025-11-24 00:00:00,November,W,N,F,68,True,False, Plainville,Redstone Hill,  ,  ,V,G,1.0,0,14-301,,False,N,False,False,I,2025-11-24 17:43:59,Infraction Ticket,,,False,1.0,CT0011000,20251127020545000001,2025-11-24 17:43:59,17:43:59,2025,,,,2025,Stop Sign
2025-11-28 02:05:57.167000,7919355.0,CT0011000,Plainville,Racial Profile,57,25-16751,Case No.,2025-11-24 00:00:00,November,W,N,F,58,True,False, Plainville,Hooker St,  ,  ,V,G,1.0,0,14-12(a)*,,False,N,False,False,V,2025-11-24 19:06:52,Verbal Warning,,,False,1.0,CT0011000,20251128020543000001,2025-11-24 19:06:52,19:06:52,2025,,,,2025,Registration
2025-11-28 02:05:57.170000,7919356.0,CT0011000,Plainville,Racial Profile,57,25-16753,Case No.,2025-11-24 00:00:00,November,B,N,F,51,False,True, Plainville,West Main St,  ,  ,V,G,1.0,0,14-12(a)*,,False,N,False,False,I,2025-11-24 19:29:33,Infraction Ticket,,,False,1.0,CT0011000,20251128020543000001,2025-11-24 19:29:33,19:29:33,2025,,,,2025,Registration
2025-12-03 02:06:02.890000,7930163.0,CT0011000,Plainville,Racial Profile,57,25-16754,Case No.,2025-11-24 00:00:00,November,W,N,M,56,False,True, Plainville,East Main St,  ,  ,V,G,2.0,1,14-299,,False,N,False,False,I,2025-11-24 19:44:54,Infraction Ticket,,,False,1.0,CT0011000,20251203020549000001,2025-11-24 19:44:54,19:44:54,2025,14-213b,,,2025,Traffic Control Signal
2025-11-26 02:05:40.210000,7915176.0,CT0011000,Plainville,Racial Profile,18,25-16804,Case No.,2025-11-25 00:00:00,November,B,N,F,41,True,False, Plainville,East Main St,  ,  ,I,G,1.0,0,14-232(1),,False,N,False,False,V,2025-11-25 09:38:25,Verbal Warning,,,False,1.0,CT0011000,20251126020526000001,2025-11-25 09:38:25,09:38:25,2025,,,,2025,Moving Violation
2025-12-01 02:06:03.220000,7925471.0,CT0011000,Plainville,Racial Profile,19,25-16822,Case No.,2025-11-25 00:00:00,November,W,H,F,46,True,False, Plainville,East St,  ,  ,V,G,1.0,0,14-299,,False,N,False,False,I,2025-11-25 18:41:34,Infraction Ticket,,,False,1.0,CT0011000,20251201020550000001,2025-11-25 18:41:34,18:41:34,2025,,,,2025,Traffic Control Signal
2025-11-29 02:05:49.010000,7921412.0,CT0011000,Plainville,Racial Profile,30,25-16835,Case No.,2025-11-25 00:00:00,November,W,H,M,57,True,True, Plainville,Whiting St,  ,  ,V,G,1.0,0,14-299,,False,N,False,False,V,2025-11-25 22:57:14,Verbal Warning,,,False,1.0,CT0011000,20251129020534000001,2025-11-25 22:57:14,22:57:14,2025,,,,2025,Traffic Control Signal
2025-12-01 02:06:03.127000,7925459.0,CT0011000,Plainville,Racial Profile,33,25-16799,Case No.,2025-11-25 00:00:00,November,W,N,F,61,True,True, Plainville,Tomlinson Ave,  ,  ,V,G,1.0,0,14-301,,False,N,False,False,V,2025-11-25 09:16:38,Verbal Warning,,,False,1.0,CT0011000,20251201020550000001,2025-11-25 09:16:38,09:16:38,2025,,,,2025,Stop Sign
2025-12-04 02:05:45.233000,7932221.0,CT0011000,Plainville,Racial Profile,33,25-16800,Case No.,2025-11-25 00:00:00,November,W,N,F,23,True,True, Plainville,Tomlinson Ave,  ,  ,V,G,1.0,0,14-301,,False,N,False,False,V,2025-11-25 09:23:27,Verbal Warning,,,False,1.0,CT0011000,20251204020532000001,2025-11-25 09:23:27,09:23:27,2025,,,,2025,Stop Sign
2025-12-02 02:05:39.880000,7928125.0,CT0011000,Plainville,Racial Profile,33,25-16803,Case No.,2025-11-25 00:00:00,November,W,N,F,22,True,True, Plainville,Broad St,  ,  ,V,G,2.0,1,14-12(a),,False,N,False,False,I,2025-11-25 09:35:10,Infraction Ticket,,,False,1.0,CT0011000,20251202020525000001,2025-11-25 09:35:10,09:35:10,2025,14-213b,,,2025,Registration
2025-12-01 02:06:03.173000,7925466.0,CT0011000,Plainville,Racial Profile,33,25-16809,Case No.,2025-11-25 00:00:00,November,W,N,F,74,True,True, Plainville,East Main St,  ,  ,V,G,1.0,0,14-12(a),,False,N,False,False,V,2025-11-25 13:55:03,Verbal Warning,,,False,1.0,CT0011000,20251201020550000001,2025-11-25 13:55:03,13:55:03,2025,,,,2025,Registration
2025-11-27 02:05:57.500000,7917332.0,CT0011000,Plainville,Racial Profile,43,25-16828,Case No.,2025-11-25 00:00:00,November,B,N,F,23,True,False, Plainville,Unionville Ave,  ,  ,V,G,1.0,0,14-240(d)(1)Z,,False,N,False,False,V,2025-11-25 21:07:56,Verbal Warning,,,False,1.0,CT0011000,20251127020545000001,2025-11-25 21:07:56,21:07:56,2025,,,,2025,Other
2025-11-27 02:05:57.497000,7917330.0,CT0011000,Plainville,Racial Profile,46,25-16826,Case No.,2025-11-25 00:00:00,November,B,M,M,68,True,False, Plainville,Cooke St,  ,  ,V,G,1.0,0,14-96a(a),,False,N,False,False,V,2025-11-25 20:56:58,Verbal Warning,,,False,1.0,CT0011000,20251127020545000001,2025-11-25 20:56:58,20:56:58,2025,,,,2025,Defective Lights
2025-11-30 02:05:52.943000,7923446.0,CT0011000,Plainville,Racial Profile,46,25-16827,Case No.,2025-11-25 00:00:00,November,B,M,M,44,True,False, Plainville,New Britain Ave,  ,  ,V,G,1.0,0,14-299,,False,N,False,False,V,2025-11-25 21:06:54,Verbal Warning,,,False,1.0,CT0011000,20251130020539000001,2025-11-25 21:06:54,21:06:54,2025,,,,2025,Traffic Control Signal
2025-11-30 02:05:52.907000,7923428.0,CT0011000,Plainville,Racial Profile,50,25-16769,Case No.,2025-11-25 00:00:00,November,W,N,F,19,False,False, Plainville,New Britain Ave,  ,  ,V,G,1.0,0,14-147(c),,False,N,False,False,V,2025-11-25 01:18:05,Verbal Warning,,,False,1.0,CT0011000,20251130020539000001,2025-11-25 01:18:05,01:18:05,2025,,,,2025,Administrative Offense
2025-11-27 02:05:57.457000,7917315.0,CT0011000,Plainville,Racial Profile,52,25-16797,Case No.,2025-11-25 00:00:00,November,W,N,M,44,True,False, Plainville,Farmington Ave,  ,  ,V,G,1.0,0,14-299,,False,N,False,False,V,2025-11-25 09:05:00,Verbal Warning,,,False,1.0,CT0011000,20251127020545000001,2025-11-25 09:05:00,09:05:00,2025,,,,2025,Traffic Control Signal
2025-11-27 02:05:57.477000,7917321.0,CT0011000,Plainville,Racial Profile,52,25-16805,Case No.,2025-11-25 00:00:00,November,W,N,F,37,True,False, Plainville,New Britain Ave,  ,  ,V,G,1.0,0,14-299,,False,N,False,False,I,2025-11-25 10:01:48,Infraction Ticket,,,False,1.0,CT0011000,20251127020545000001,2025-11-25 10:01:48,10:01:48,2025,,,,2025,Traffic Control Signal
2025-11-28 02:05:57.207000,7919372.0,CT0011000,Plainville,Racial Profile,52,25-16811,Case No.,2025-11-25 00:00:00,November,W,N,F,90,True,False, Plainville,New Britain Ave,  ,  ,V,G,1.0,0,14-299,,False,N,False,False,V,2025-11-25 14:06:55,Verbal Warning,,,False,1.0,CT0011000,20251128020543000001,2025-11-25 14:06:55,14:06:55,2025,,,,2025,Traffic Control Signal
2025-11-26 02:05:40.223000,7915181.0,CT0011000,Plainville,Racial Profile,52,25-16812,Case No.,2025-11-25 00:00:00,November,W,N,M,54,True,False, Plainville,Northwest Dr,  ,  ,V,G,1.0,0,14-219,,False,N,False,False,V,2025-11-25 14:14:46,Verbal Warning,,,False,1.0,CT0011000,20251126020526000001,2025-11-25 14:14:46,14:14:46,2025,,,,2025,Speed Related
2025-11-29 02:05:48.977000,7921401.0,CT0011000,Plainville,Racial Profile,52,25-16815,Case No.,2025-11-25 00:00:00,November,W,H,M,40,True,False, Plainville,East Main St,  ,  ,V,G,2.0,1,14-147(b),,False,N,False,False,I,2025-11-25 14:51:51,Infraction Ticket,,,False,1.0,CT0011000,20251129020534000001,2025-11-25 14:51:51,14:51:51,2025,,,,2025,Administrative Offense
2025-11-26 02:05:40.207000,7915174.0,CT0011000,Plainville,Racial Profile,53,25-16802,Case No.,2025-11-25 00:00:00,November,W,H,F,27,True,False, Plainville,Northwest Dr,  ,  ,V,G,1.0,0,14-99g(g),,False,N,False,False,I,2025-11-25 09:31:53,Infraction Ticket,,,False,1.0,CT0011000,20251126020526000001,2025-11-25 09:31:53,09:31:53,2025,,,,2025,Window Tint
2025-11-28 02:05:57.200000,7919370.0,CT0011000,Plainville,Racial Profile,53,25-16807,Case No.,2025-11-25 00:00:00,November,W,N,F,74,True,False, Plainville,East Main St,  ,  ,V,B,1.0,0,14-299,,False,N,False,False,V,2025-11-25 12:32:07,Verbal Warning,,,False,1.0,CT0011000,20251128020543000001,2025-11-25 12:32:07,12:32:07,2025,,,,2025,Traffic Control Signal
2025-11-27 02:05:57.493000,7917329.0,CT0011000,Plainville,Racial Profile,57,25-16824,Case No.,2025-11-25 00:00:00,November,B,N,M,36,True,False, Plainville,East Main St,  ,  ,V,S,1.0,0,14-215,,False,N,False,False,V,2025-11-25 20:05:46,Verbal Warning,,,False,1.0,CT0011000,20251127020545000001,2025-11-25 20:05:46,20:05:46,2025,,,,2025,Administrative Offense
2025-11-28 02:05:57.230000,7919381.0,CT0011000,Plainville,Racial Profile,57,25-16829,Case No.,2025-11-25 00:00:00,November,W,N,F,23,True,False, Plainville,Farmington Ave,  ,  ,V,G,1.0,0,14-236,,False,N,False,False,V,2025-11-25 21:19:12,Verbal Warning,,,False,1.0,CT0011000,20251128020543000001,2025-11-25 21:19:12,21:19:12,2025,,,,2025,Moving Violation
2025-11-26 02:05:40.247000,7915189.0,CT0011000,Plainville,Racial Profile,57,25-16830,Case No.,2025-11-25 00:00:00,November,W,H,F,39,True,False, Plainville,New Britain Ave,  ,  ,V,S,1.0,0,14-12(a)*,,False,N,False,False,I,2025-11-25 21:35:48,Infraction Ticket,,,False,1.0,CT0011000,20251126020526000001,2025-11-25 21:35:48,21:35:48,2025,,,,2025,Registration
2025-11-26 02:05:40.247000,7915190.0,CT0011000,Plainville,Racial Profile,57,25-16832,Case No.,2025-11-25 00:00:00,November,W,N,F,38,True,True, Plainville,Kent St,  ,  ,V,G,1.0,0,14-12(a)*,,False,N,False,False,I,2025-11-25 22:04:49,Infraction Ticket,,,False,1.0,CT0011000,20251126020526000001,2025-11-25 22:04:49,22:04:49,2025,,,,2025,Registration
2025-11-26 02:05:40.250000,7915191.0,CT0011000,Plainville,Racial Profile,57,25-16833,Case No.,2025-11-25 00:00:00,November,B,N,M,47,True,False, Plainville,Farmington Ave,  ,  ,V,G,2.0,0,14-218a10,,False,N,False,False,I,2025-11-25 22:31:28,Infraction Ticket,,,False,1.0,CT0011000,20251126020526000001,2025-11-25 22:31:28,22:31:28,2025,14-36(a),,,2025,Speed Related
2025-11-30 02:05:52.960000,7923453.0,CT0011000,Plainville,Racial Profile,19,25-16881,Case No.,2025-11-26 00:00:00,November,W,N,M,34,True,True, Plainville,Broad St,  ,  ,V,G,1.0,0,14-299,,False,N,False,False,V,2025-11-26 18:09:36,Verbal Warning,,,False,1.0,CT0011000,20251130020539000001,2025-11-26 18:09:36,18:09:36,2025,,,,2025,Traffic Control Signal
2025-11-27 02:05:57.517000,7917339.0,CT0011000,Plainville,Racial Profile,52,25-16884,Case No.,2025-11-26 00:00:00,November,W,N,M,46,True,False, Plainville,Crooked St,  ,  ,E,G,1.0,0,14-96b,,False,N,False,False,V,2025-11-26 22:12:25,Verbal Warning,,,False,1.0,CT0011000,20251127020545000001,2025-11-26 22:12:25,22:12:25,2025,,,,2025,Defective Lights
2025-11-27 02:05:57.520000,7917340.0,CT0011000,Plainville,Racial Profile,52,25-16887,Case No.,2025-11-26 00:00:00,November,W,N,M,53,True,True, Plainville,Crooked St,  ,  ,V,G,1.0,0,14-299,,False,N,False,False,V,2025-11-26 23:19:28,Verbal Warning,,,False,1.0,CT0011000,20251127020545000001,2025-11-26 23:19:28,23:19:28,2025,,,,2025,Traffic Control Signal
2025-12-04 02:05:45.323000,7932245.0,CT0011000,Plainville,Racial Profile,34,25-16938,Case No.,2025-11-27 00:00:00,November,B,N,M,41,True,True, Plainville,New Britain Ave,  ,  ,V,B,1.0,0,14-299,,False,N,False,False,V,2025-11-27 13:21:50,Verbal Warning,,,False,1.0,CT0011000,20251204020532000001,2025-11-27 13:21:50,13:21:50,2025,,,,2025,Traffic Control Signal
2025-11-30 02:05:52.973000,7923458.0,CT0011000,Plainville,Racial Profile,39,25-16982,Case No.,2025-11-28 00:00:00,November,W,N,M,17,True,False, Plainville,Whiting St,  ,  ,E,G,1.0,0,14-80(b),,False,N,False,False,V,2025-11-28 21:05:57,Verbal Warning,,,False,1.0,CT0011000,20251130020539000001,2025-11-28 21:05:57,21:05:57,2025,,,,2025,Equipment Violation
2025-12-06 02:06:00.897000,7936391.0,CT0011000,Plainville,Racial Profile,39,25-16995,Case No.,2025-11-28 00:00:00,November,W,N,F,20,True,False, Plainville,East St,  ,  ,E,G,2.0,0,14-213b,,False,N,False,False,V,2025-11-28 22:28:49,Verbal Warning,,,False,1.0,CT0011000,20251206020545000001,2025-11-28 22:28:49,22:28:49,2025,,,,2025,Administrative Offense
2025-12-17 02:06:15.077000,7976670.0,CT0011000,Plainville,Racial Profile,47,25-16983,Case No.,2025-11-28 00:00:00,November,W,N,F,49,False,False, Plainville,North Washington St,  ,  ,V,G,1.0,0,14-96a(a),,False,N,False,False,V,2025-11-28 21:07:55,Verbal Warning,,,False,1.0,CT0011000,20251217020601000001,2025-11-28 21:07:55,21:07:55,2025,,,,2025,Defective Lights
2025-12-02 02:05:39.960000,7928153.0,CT0011000,Plainville,Racial Profile,47,25-16991,Case No.,2025-11-28 00:00:00,November,W,N,M,57,False,False, Plainville,North Washington St,  ,  ,V,G,1.0,0,14-96a(a),,False,N,False,False,V,2025-11-28 21:33:38,Verbal Warning,,,False,1.0,CT0011000,20251202020525000001,2025-11-28 21:33:38,21:33:38,2025,,,,2025,Defective Lights
2025-12-11 02:05:45.670000,7953169.0,CT0011000,Plainville,Racial Profile,50,25-16960,Case No.,2025-11-28 00:00:00,November,W,N,F,34,True,True, Plainville,Meriline Ave,  ,  ,V,G,1.0,0,14-301,,False,N,False,False,V,2025-11-28 07:31:16,Verbal Warning,,,False,1.0,CT0011000,20251211020532000001,2025-11-28 07:31:16,07:31:16,2025,,,,2025,Stop Sign
2025-12-04 02:05:45.333000,7932249.0,CT0011000,Plainville,Racial Profile,57,25-16985,Case No.,2025-11-28 00:00:00,November,A,M,M,34,True,False, Plainville,East St,  ,  ,E,G,1.0,0,14-96aa,,False,N,False,False,V,2025-11-28 21:16:22,Verbal Warning,,,False,1.0,CT0011000,20251204020532000001,2025-11-28 21:16:22,21:16:22,2025,,,,2025,Defective Lights
2025-12-02 02:05:39.957000,7928152.0,CT0011000,Plainville,Racial Profile,57,25-16989,Case No.,2025-11-28 00:00:00,November,A,M,F,30,False,False, Plainville,EAST ST,  ,  ,E,G,1.0,0,14-18(c),,False,N,False,False,V,2025-11-28 21:32:38,Verbal Warning,,,False,1.0,CT0011000,20251202020525000001,2025-11-28 21:32:38,21:32:38,2025,,,,2025,Display of Plates
2025-12-01 02:06:03.273000,7925490.0,CT0011000,Plainville,Racial Profile,57,25-16992,Case No.,2025-11-28 00:00:00,November,W,H,F,24,True,False, Plainville,New Britain Ave,  ,  ,V,G,1.0,0,14-299,,False,N,False,False,V,2025-11-28 22:03:04,Verbal Warning,,,False,1.0,CT0011000,20251201020550000001,2025-11-28 22:03:04,22:03:04,2025,,,,2025,Traffic Control Signal
2025-12-02 02:05:39.967000,7928155.0,CT0011000,Plainville,Racial Profile,57,25-16993,Case No.,2025-11-28 00:00:00,November,B,N,M,31,True,False, Plainville,New Britain Ave,  ,  ,V,G,2.0,0,14-215,,False,N,False,False,I,2025-11-28 22:09:43,Infraction Ticket,,,False,1.0,CT0011000,20251202020525000001,2025-11-28 22:09:43,22:09:43,2025,14-147(c),,,2025,Administrative Offense
2025-12-01 02:06:03.280000,7925493.0,CT0011000,Plainville,Racial Profile,57,25-16996,Case No.,2025-11-28 00:00:00,November,W,N,M,22,True,True, Plainville,Whiting St,  ,  ,E,G,1.0,1,14-18(a),,True,O,True,True,U,2025-11-28 22:47:31,Uniform ArrestReport,,,False,1.0,CT0011000,20251201020550000001,2025-11-28 22:47:31,22:47:31,2025,14-227a,,,2025,Display of Plates
2025-12-01 02:06:03.283000,7925495.0,CT0011000,Plainville,Racial Profile,30,25-17033,Case No.,2025-11-29 00:00:00,November,W,N,M,39,True,True, Plainville,East St,  ,  ,V,G,1.0,0,14-299,,False,N,False,False,V,2025-11-29 20:21:55,Verbal Warning,,,False,1.0,CT0011000,20251201020550000001,2025-11-29 20:21:55,20:21:55,2025,,,,2025,Traffic Control Signal
2025-11-30 02:05:52.987000,7923463.0,CT0011000,Plainville,Racial Profile,30,25-17034,Case No.,2025-11-29 00:00:00,November,W,N,M,19,True,True, Plainville,New Britain Ave,  ,  ,V,G,1.0,0,14-244,,False,N,False,False,V,2025-11-29 20:37:12,Verbal Warning,,,False,1.0,CT0011000,20251130020539000001,2025-11-29 20:37:12,20:37:12,2025,,,,2025,Moving Violation
2025-12-01 02:06:03.290000,7925497.0,CT0011000,Plainville,Racial Profile,30,25-17036,Case No.,2025-11-29 00:00:00,November,W,N,M,39,True,False, Plainville,West Main St,  ,  ,V,G,2.0,1,14-236,,True,O,False,True,U,2025-11-29 22:13:18,Uniform ArrestReport,,,False,1.0,CT0011000,20251201020550000001,2025-11-29 22:13:18,22:13:18,2025,14-227a,,,2025,Moving Violation
2025-12-01 02:06:03.280000,7925494.0,CT0011000,Plainville,Racial Profile,39,25-17027,Case No.,2025-11-29 00:00:00,November,W,N,M,19,True,False, Plainville,New Britain Ave,  ,  ,E,B,1.0,0,14-12(a)*,,False,N,False,False,V,2025-11-29 16:36:31,Verbal Warning,,,False,1.0,CT0011000,20251201020550000001,2025-11-29 16:36:31,16:36:31,2025,14-18(c),,,2025,Registration
2025-12-03 02:06:03.017000,7930212.0,CT0011000,Plainville,Racial Profile,43,25-17091,Case No.,2025-11-30 00:00:00,November,W,N,F,19,True,False, Plainville,New Britain Ave,  ,  ,E,G,1.0,0,15-129a(b),,False,N,False,False,N,2025-11-30 21:54:21,No Disposition,,,False,1.0,CT0011000,20251203020549000001,2025-11-30 21:54:21,21:54:21,2025,,,,2025,Other
2025-12-03 02:06:03.020000,7930213.0,CT0011000,Plainville,Racial Profile,52,25-17092,Case No.,2025-11-30 00:00:00,November,B,N,F,34,True,False, Plainville,Northwest Dr,  ,  ,V,G,2.0,1,14-215,,False,N,False,False,M,2025-11-30 21:56:56,Misdemeanor Summons,,,False,1.0,CT0011000,20251203020549000001,2025-11-30 21:56:56,21:56:56,2025,,,,2025,Administrative Offense
2025-12-13 02:06:04.990000,7957428.0,CT0011000,Plainville,Racial Profile,57,25-17082,Case No.,2025-11-30 00:00:00,November,W,H,M,36,True,False, Plainville,West Main St,  ,  ,V,G,1.0,0,14-236,,False,N,False,False,V,2025-11-30 18:40:47,Verbal Warning,,,False,1.0,CT0011000,20251213020550000001,2025-11-30 18:40:47,18:40:47,2025,,,,2025,Moving Violation
2025-12-07 02:05:40.400000,7938486.0,CT0011000,Plainville,Racial Profile,57,25-17088,Case No.,2025-11-30 00:00:00,November,W,H,M,25,True,False, Plainville,Unionville Ave,  ,  ,V,G,1.0,0,14-218a10,,False,N,False,False,I,2025-11-30 21:06:08,Infraction Ticket,,,False,1.0,CT0011000,20251207020523000001,2025-11-30 21:06:08,21:06:08,2025,14-12(a)*,,,2025,Speed Related
2025-12-14 02:06:02.933000,7959557.0,CT0011000,Plainville,Racial Profile,57,25-17094,Case No.,2025-11-30 00:00:00,November,B,N,M,55,True,False, Plainville,Forestville Ave,  ,  ,V,G,1.0,0,14-236,,False,N,False,False,V,2025-11-30 22:47:11,Verbal Warning,,,False,1.0,CT0011000,20251214020547000001,2025-11-30 22:47:11,22:47:11,2025,,,,2025,Moving Violation
2025-12-07 02:05:40.413000,7938490.0,CT0011000,Plainville,Racial Profile,57,25-17095,Case No.,2025-11-30 00:00:00,November,B,N,F,52,True,False, Plainville,East St,  ,  ,V,G,1.0,0,14-12(a)*,,False,N,False,False,I,2025-11-30 22:56:53,Infraction Ticket,,,False,1.0,CT0011000,20251207020523000001,2025-11-30 22:56:53,22:56:53,2025,,,,2025,Registration
2025-12-02 02:05:40.067000,7928169.0,CT0011000,Plainville,Racial Profile,27,25-17135,Case No.,2025-12-01 00:00:00,December,W,N,F,45,True,False, Plainville,Broad St,  ,  ,V,B,1.0,0,14-299,,False,N,False,False,V,2025-12-01 17:00:50,Verbal Warning,,,False,1.0,CT0011000,20251202020525000001,2025-12-01 17:00:50,17:00:50,2025,,,,2025,Traffic Control Signal
2025-12-13 02:06:05.030000,7957437.0,CT0011000,Plainville,Racial Profile,46,25-17141,Case No.,2025-12-01 00:00:00,December,W,N,M,52,True,False, Plainville,New Britain Ave,  ,  ,V,G,1.0,0,14-299,,False,N,False,False,V,2025-12-01 19:23:40,Verbal Warning,,,False,1.0,CT0011000,20251213020550000001,2025-12-01 19:23:40,19:23:40,2025,,,,2025,Traffic Control Signal
2025-12-14 02:06:02.950000,7959561.0,CT0011000,Plainville,Racial Profile,52,25-17140,Case No.,2025-12-01 00:00:00,December,W,H,F,57,True,True, Plainville,East Main St,  ,  ,V,G,1.0,0,14-12(a)*,,False,N,False,False,V,2025-12-01 18:19:11,Verbal Warning,,,False,1.0,CT0011000,20251214020547000001,2025-12-01 18:19:11,18:19:11,2025,,,,2025,Registration
2025-12-02 02:05:40.083000,7928171.0,CT0011000,Plainville,Racial Profile,52,25-17145,Case No.,2025-12-01 00:00:00,December,W,N,M,59,True,False, Plainville,Camp St,  ,  ,V,G,1.0,0,14-301,,False,N,False,False,V,2025-12-01 20:18:50,Verbal Warning,,,False,1.0,CT0011000,20251202020525000001,2025-12-01 20:18:50,20:18:50,2025,,,,2025,Stop Sign
2025-12-03 02:06:03.023000,7930216.0,CT0011000,Plainville,Racial Profile,57,25-17133,Case No.,2025-12-01 00:00:00,December,W,H,F,24,True,False, Plainville,East Main St,  ,  ,V,G,1.0,0,14-299,,False,N,False,False,I,2025-12-01 16:42:01,Infraction Ticket,,,False,1.0,CT0011000,20251203020549000001,2025-12-01 16:42:01,16:42:01,2025,,,,2025,Traffic Control Signal
2025-12-03 02:06:03.040000,7930220.0,CT0011000,Plainville,Racial Profile,57,25-17146,Case No.,2025-12-01 00:00:00,December,W,N,M,65,True,True, Plainville,East Main St,  ,  ,V,G,1.0,0,14-215,,False,N,False,False,N,2025-12-01 20:28:47,No Disposition,,,False,1.0,CT0011000,20251203020549000001,2025-12-01 20:28:47,20:28:47,2025,,,,2025,Administrative Offense
2025-12-14 02:06:02.970000,7959565.0,CT0011000,Plainville,Racial Profile,48,25-17186,Case No.,2025-12-02 00:00:00,December,W,N,M,56,True,False, Plainville,East St,  ,  ,V,G,1.0,0,14-230(a),,False,N,False,False,V,2025-12-02 06:26:07,Verbal Warning,,,False,1.0,CT0011000,20251214020547000001,2025-12-02 06:26:07,06:26:07,2025,,,,2025,Moving Violation
2025-12-08 02:06:00.527000,7940581.0,CT0011000,Plainville,Racial Profile,22,25-17232,Case No.,2025-12-03 00:00:00,December,B,N,M,37,True,False, Plainville,West Main St,  ,  ,V,G,1.0,0,14-218a10,,False,N,False,False,V,2025-12-03 11:44:27,Verbal Warning,,,False,1.0,CT0011000,20251208020544000001,2025-12-03 11:44:27,11:44:27,2025,,,,2025,Speed Related
2025-12-06 02:06:01.020000,7936411.0,CT0011000,Plainville,Racial Profile,35,25-17299,Case No.,2025-12-04 00:00:00,December,W,N,M,69,False,False, Plainville,Arcadia Ave,  ,  ,V,G,1.0,0,14-301,,False,N,False,False,V,2025-12-04 09:12:20,Verbal Warning,,,False,1.0,CT0011000,20251206020545000001,2025-12-04 09:12:20,09:12:20,2025,,,,2025,Stop Sign
2025-12-08 02:06:00.530000,7940583.0,CT0011000,Plainville,Racial Profile,57,25-17308,Case No.,2025-12-04 00:00:00,December,B,N,F,31,True,False, Plainville,New Britain Ave,  ,  ,V,G,1.0,0,14-12(a)*,,False,N,False,False,V,2025-12-04 16:56:33,Verbal Warning,,,False,1.0,CT0011000,20251208020544000001,2025-12-04 16:56:33,16:56:33,2025,,,,2025,Registration
2025-12-14 02:06:02.993000,7959569.0,CT0011000,Plainville,Racial Profile,57,25-17310,Case No.,2025-12-04 00:00:00,December,W,N,M,42,True,False, Plainville,East Main St,  ,  ,E,G,1.0,0,14-18(c),,False,N,False,False,V,2025-12-04 17:38:17,Verbal Warning,,,False,1.0,CT0011000,20251214020547000001,2025-12-04 17:38:17,17:38:17,2025,,,,2025,Display of Plates
2025-12-07 02:05:40.450000,7938502.0,CT0011000,Plainville,Racial Profile,57,25-17313,Case No.,2025-12-04 00:00:00,December,W,H,F,34,True,True, Plainville,Broad St,  ,  ,E,G,3.0,0,14-215,,False,N,False,False,M,2025-12-04 19:28:58,Misdemeanor Summons,,,False,1.0,CT0011000,20251207020523000001,2025-12-04 19:28:58,19:28:58,2025,,,,2025,Administrative Offense
2025-12-12 02:06:28.950000,7955332.0,CT0011000,Plainville,Racial Profile,57,25-17314,Case No.,2025-12-04 00:00:00,December,W,N,M,67,True,True, Plainville,Paderewski Park,  ,  ,V,G,1.0,0,14-236,,False,N,False,False,V,2025-12-04 20:19:19,Verbal Warning,,,False,1.0,CT0011000,20251212020601000001,2025-12-04 20:19:19,20:19:19,2025,,,,2025,Moving Violation
2025-12-14 02:06:03.010000,7959572.0,CT0011000,Plainville,Racial Profile,57,25-17315,Case No.,2025-12-04 00:00:00,December,W,H,M,47,True,False, Plainville,Crooked St,  ,  ,V,G,1.0,0,14-299,,False,N,False,False,V,2025-12-04 20:27:59,Verbal Warning,,,False,1.0,CT0011000,20251214020547000001,2025-12-04 20:27:59,20:27:59,2025,,,,2025,Traffic Control Signal
2025-12-13 02:06:05.070000,7957448.0,CT0011000,Plainville,Racial Profile,57,25-17316,Case No.,2025-12-04 00:00:00,December,W,N,F,40,True,False, Plainville,Cooke St,  ,  ,V,G,1.0,0,14-296aa(b1st,,False,N,False,False,V,2025-12-04 20:46:57,Verbal Warning,,,False,1.0,CT0011000,20251213020550000001,2025-12-04 20:46:57,20:46:57,2025,,,,2025,Cell Phone
2025-12-18 02:05:55.500000,7979809.0,CT0011000,Plainville,Racial Profile,57,25-17319,Case No.,2025-12-04 00:00:00,December,B,N,F,21,True,False, Plainville,Crooked St,  ,  ,V,G,1.0,0,14-96a(a),,False,N,False,False,V,2025-12-04 21:07:38,Verbal Warning,,,False,1.0,CT0011000,20251218020541000001,2025-12-04 21:07:38,21:07:38,2025,,,,2025,Defective Lights
2025-12-11 02:05:45.803000,7953221.0,CT0011000,Plainville,Racial Profile,30,25-17379,Case No.,2025-12-05 00:00:00,December,W,N,F,17,True,True, Plainville,Cooke St,  ,  ,V,G,1.0,0,14-219,,False,N,False,False,V,2025-12-05 21:57:25,Verbal Warning,,,False,1.0,CT0011000,20251211020532000001,2025-12-05 21:57:25,21:57:25,2025,,,,2025,Speed Related
2025-12-06 02:06:01.043000,7936419.0,CT0011000,Plainville,Racial Profile,36,25-17346,Case No.,2025-12-05 00:00:00,December,W,N,M,59,True,False, Plainville,Spring Ln,  ,  ,V,G,1.0,0,14-12(a)*,,False,N,False,False,I,2025-12-05 11:11:38,Infraction Ticket,,,False,1.0,CT0011000,20251206020545000001,2025-12-05 11:11:38,11:11:38,2025,,,,2025,Registration
2025-12-08 02:06:00.563000,7940594.0,CT0011000,Plainville,Racial Profile,36,25-17347,Case No.,2025-12-05 00:00:00,December,W,M,M,39,True,False, Plainville,Broad St,  ,  ,V,G,1.0,0,14-301,,False,N,False,False,V,2025-12-05 11:28:53,Verbal Warning,,,False,1.0,CT0011000,20251208020544000001,2025-12-05 11:28:53,11:28:53,2025,,,,2025,Stop Sign
2025-12-16 02:05:51,7973848.0,CT0011000,Plainville,Racial Profile,39,25-17366,Case No.,2025-12-05 00:00:00,December,W,H,M,23,True,False, Plainville,East St,  ,  ,E,G,2.0,0,14-96a(a),,False,N,False,False,V,2025-12-05 17:41:30,Verbal Warning,,,False,1.0,CT0011000,20251216020537000001,2025-12-05 17:41:30,17:41:30,2025,14-215a,,,2025,Defective Lights
2025-12-13 02:06:05.097000,7957459.0,CT0011000,Plainville,Racial Profile,39,25-17367,Case No.,2025-12-05 00:00:00,December,W,N,M,65,True,True, Plainville,East Main St,  ,  ,E,G,1.0,0,14-18(c),,False,N,False,False,V,2025-12-05 18:08:23,Verbal Warning,,,False,1.0,CT0011000,20251213020550000001,2025-12-05 18:08:23,18:08:23,2025,,,,2025,Display of Plates
2025-12-07 02:05:40.497000,7938517.0,CT0011000,Plainville,Racial Profile,39,25-17377,Case No.,2025-12-05 00:00:00,December,W,N,F,33,True,False, Plainville,Farmington Ave,  ,  ,E,G,1.0,0,14-18(c),,False,N,False,False,V,2025-12-05 21:47:03,Verbal Warning,,,False,1.0,CT0011000,20251207020523000001,2025-12-05 21:47:03,21:47:03,2025,,,,2025,Display of Plates
2025-12-13 02:06:05.133000,7957467.0,CT0011000,Plainville,Racial Profile,39,25-17381,Case No.,2025-12-05 00:00:00,December,W,H,F,47,True,False, Plainville,East Main St,  ,  ,V,G,1.0,0,14-299,,False,N,False,False,V,2025-12-05 22:06:18,Verbal Warning,,,False,1.0,CT0011000,20251213020550000001,2025-12-05 22:06:18,22:06:18,2025,14-300c(d),,,2025,Traffic Control Signal
2025-12-11 02:05:45.810000,7953224.0,CT0011000,Plainville,Racial Profile,39,25-17383,Case No.,2025-12-05 00:00:00,December,B,N,F,20,True,False, Plainville,Hooker St,  ,  ,V,G,1.0,0,14-299,,False,N,False,False,V,2025-12-05 22:59:54,Verbal Warning,,,False,1.0,CT0011000,20251211020532000001,2025-12-05 22:59:54,22:59:54,2025,,,,2025,Traffic Control Signal
2025-12-11 02:05:45.787000,7953212.0,CT0011000,Plainville,Racial Profile,46,25-17362,Case No.,2025-12-05 00:00:00,December,W,N,M,57,True,False, Plainville,Granger Ln,  ,  ,V,G,1.0,0,14-96aa,,False,N,False,False,V,2025-12-05 17:15:43,Verbal Warning,,,False,1.0,CT0011000,20251211020532000001,2025-12-05 17:15:43,17:15:43,2025,,,,2025,Defective Lights
2025-12-13 02:06:05.093000,7957458.0,CT0011000,Plainville,Racial Profile,46,25-17365,Case No.,2025-12-05 00:00:00,December,W,N,M,18,True,False, Plainville,McKernan Dr,  ,  ,V,G,1.0,0,14-299,,False,N,False,False,W,2025-12-05 17:39:28,Written Ticket,,,False,1.0,CT0011000,20251213020550000001,2025-12-05 17:39:28,17:39:28,2025,,,,2025,Traffic Control Signal
2025-12-11 02:05:45.797000,7953217.0,CT0011000,Plainville,Racial Profile,46,25-17372,Case No.,2025-12-05 00:00:00,December,W,N,M,46,True,False, Plainville,East Main St,  ,  ,V,G,1.0,0,14-299,,False,N,False,False,V,2025-12-05 20:23:28,Verbal Warning,,,False,1.0,CT0011000,20251211020532000001,2025-12-05 20:23:28,20:23:28,2025,,,,2025,Traffic Control Signal
2025-12-06 02:06:01.060000,7936424.0,CT0011000,Plainville,Racial Profile,47,25-17378,Case No.,2025-12-05 00:00:00,December,W,N,F,82,True,False, Plainville,North Washington St,  ,  ,V,G,1.0,0,14-96a(a),,False,N,False,False,V,2025-12-05 21:53:22,Verbal Warning,,,False,1.0,CT0011000,20251206020545000001,2025-12-05 21:53:22,21:53:22,2025,,,,2025,Defective Lights
2025-12-08 02:06:00.607000,7940604.0,CT0011000,Plainville,Racial Profile,47,25-17382,Case No.,2025-12-05 00:00:00,December,W,N,M,39,True,False, Plainville,Washington St,  ,  ,V,G,1.0,0,14-12(a)*,,False,N,False,False,W,2025-12-05 22:12:46,Written Ticket,,,False,1.0,CT0011000,20251208020544000001,2025-12-05 22:12:46,22:12:46,2025,,,,2025,Registration
2025-12-09 02:05:57.270000,7948932.0,CT0011000,Plainville,Racial Profile,54,25-17355,Case No.,2025-12-05 00:00:00,December,B,N,M,37,True,False, Plainville,New Britain Ave,  ,  ,V,G,2.0,0,14-299,,False,N,False,False,W,2025-12-05 14:45:41,Written Ticket,,,False,1.0,CT0011000,20251209020543000001,2025-12-05 14:45:41,14:45:41,2025,,,,2025,Traffic Control Signal
2025-12-08 02:06:00.553000,7940590.0,CT0011000,Plainville,Racial Profile,57,25-17325,Case No.,2025-12-05 00:00:00,December,W,N,M,36,True,False, Plainville,Cooke St,  ,  ,V,G,1.0,0,14-236,,False,N,False,False,V,2025-12-05 01:34:04,Verbal Warning,,,False,1.0,CT0011000,20251208020544000001,2025-12-05 01:34:04,01:34:04,2025,,,,2025,Moving Violation
2025-12-07 02:05:40.470000,7938508.0,CT0011000,Plainville,Racial Profile,57,25-17330,Case No.,2025-12-05 00:00:00,December,W,H,M,53,True,False, Plainville,Camp St,  ,  ,V,G,1.0,0,14-301,,False,N,False,False,V,2025-12-05 02:02:20,Verbal Warning,,,False,1.0,CT0011000,20251207020523000001,2025-12-05 02:02:20,02:02:20,2025,,,,2025,Stop Sign
2025-12-12 02:06:29.007000,7955338.0,CT0011000,Plainville,Racial Profile,57,25-17335,Case No.,2025-12-05 00:00:00,December,W,H,F,42,False,False, Plainville,North Washington St,  ,  ,V,G,3.0,1,14-215,,False,N,False,False,M,2025-12-05 04:54:02,Misdemeanor Summons,,,False,1.0,CT0011000,20251212020601000001,2025-12-05 04:54:02,04:54:02,2025,,,,2025,Administrative Offense
2025-12-07 02:05:40.483000,7938512.0,CT0011000,Plainville,Racial Profile,57,25-17361,Case No.,2025-12-05 00:00:00,December,W,H,M,29,True,False, Plainville,Farmington Ave,  ,  ,V,G,1.0,0,14-240,,False,N,False,False,V,2025-12-05 17:13:34,Verbal Warning,,,False,1.0,CT0011000,20251207020523000001,2025-12-05 17:13:34,17:13:34,2025,,,,2025,Moving Violation
2025-12-14 02:06:03.047000,7959586.0,CT0011000,Plainville,Racial Profile,57,25-17369,Case No.,2025-12-05 00:00:00,December,W,H,M,55,True,True, Plainville,New Britain Ave,  ,  ,V,G,3.0,1,14-243(a),,True,O,False,True,U,2025-12-05 18:31:36,Uniform ArrestReport,,,False,1.0,CT0011000,20251214020547000001,2025-12-05 18:31:36,18:31:36,2025,14-227a,,,2025,Moving Violation
2025-12-12 02:06:29.250000,7955349.0,CT0011000,Plainville,Racial Profile,57,25-17373,Case No.,2025-12-05 00:00:00,December,A,M,M,30,True,False, Plainville,East St,  ,  ,V,G,1.0,0,14-12(a)*,,False,O,False,False,V,2025-12-05 20:57:36,Verbal Warning,,,False,1.0,CT0011000,20251212020601000001,2025-12-05 20:57:36,20:57:36,2025,,,,2025,Registration
2025-12-18 02:05:55.700000,7979832.0,CT0011000,Plainville,Racial Profile,43,25-17435,Case No.,2025-12-06 00:00:00,December,W,H,F,34,True,False, Plainville,Farmington Ave,  ,  ,E,G,1.0,0,14-299,,False,N,False,False,V,2025-12-06 21:34:34,Verbal Warning,,,False,1.0,CT0011000,20251218020541000001,2025-12-06 21:34:34,21:34:34,2025,,,,2025,Traffic Control Signal
2025-12-08 02:06:00.610000,7940605.0,CT0011000,Plainville,Racial Profile,48,25-17387,Case No.,2025-12-06 00:00:00,December,W,H,F,33,True,True, Plainville,Camp St,  ,  ,V,G,1.0,0,14-301,,False,N,False,False,V,2025-12-06 01:15:20,Verbal Warning,,,False,1.0,CT0011000,20251208020544000001,2025-12-06 01:15:20,01:15:20,2025,,,,2025,Stop Sign
2025-12-14 02:06:03.077000,7959596.0,CT0011000,Plainville,Racial Profile,57,25-17432,Case No.,2025-12-06 00:00:00,December,W,N,F,38,True,False, Plainville,North Washington St,  ,  ,V,G,1.0,0,14-12(a)*,,False,N,False,False,V,2025-12-06 21:28:54,Verbal Warning,,,False,1.0,CT0011000,20251214020547000001,2025-12-06 21:28:54,21:28:54,2025,,,,2025,Registration
2025-12-08 02:06:00.617000,7940607.0,CT0011000,Plainville,Racial Profile,57,25-17437,Case No.,2025-12-06 00:00:00,December,W,H,M,33,True,False, Plainville,West Main St,  ,  ,E,G,1.0,0,14-96a(a),,False,N,False,False,I,2025-12-06 21:52:00,Infraction Ticket,,,False,1.0,CT0011000,20251208020544000001,2025-12-06 21:52:00,21:52:00,2025,14-100a(d)(4),,,2025,Defective Lights
2025-12-08 02:06:00.620000,7940608.0,CT0011000,Plainville,Racial Profile,57,25-17439,Case No.,2025-12-06 00:00:00,December,W,N,F,28,True,False, Plainville,Camp St,  ,  ,E,G,1.0,0,14-244,,False,N,False,False,V,2025-12-06 22:18:16,Verbal Warning,,,False,1.0,CT0011000,20251208020544000001,2025-12-06 22:18:16,22:18:16,2025,,,,2025,Moving Violation
2025-12-09 02:05:57.320000,7948948.0,CT0011000,Plainville,Racial Profile,57,25-17440,Case No.,2025-12-06 00:00:00,December,W,H,M,40,True,False, Plainville,South Washington St,  ,  ,E,G,2.0,0,14-236,,False,N,False,False,V,2025-12-06 22:28:05,Verbal Warning,,,False,1.0,CT0011000,20251209020543000001,2025-12-06 22:28:05,22:28:05,2025,,,,2025,Moving Violation
2025-12-19 02:05:58.680000,7982068.0,CT0011000,Plainville,Racial Profile,52,25-17530,Case No.,2025-12-08 00:00:00,December,W,H,M,22,True,False, Plainville,East St,  ,  ,E,G,2.0,0,14-18(c),,False,N,False,False,V,2025-12-08 19:37:21,Verbal Warning,,,False,1.0,CT0011000,20251219020536000001,2025-12-08 19:37:21,19:37:21,2025,,,,2025,Display of Plates
2025-12-11 02:05:45.840000,7953236.0,CT0011000,Plainville,Racial Profile,30,25-17594,Case No.,2025-12-09 00:00:00,December,W,N,M,0,False,False, Plainville,Cooke St,  ,  ,V,G,1.0,0,14-299,,False,N,False,False,N,2025-12-09 22:38:43,No Disposition,,,False,1.0,CT0011000,20251211020532000001,2025-12-09 22:38:43,22:38:43,2025,,,,2025,Traffic Control Signal
2025-12-14 02:06:03.120000,7959607.0,CT0011000,Plainville,Racial Profile,30,25-17595,Case No.,2025-12-09 00:00:00,December,W,N,M,18,False,False, Plainville,Forestville Ave,  ,  ,V,G,1.0,0,14-96a(a),,False,N,False,False,N,2025-12-09 23:05:28,No Disposition,,,False,1.0,CT0011000,20251214020547000001,2025-12-09 23:05:28,23:05:28,2025,,,,2025,Defective Lights
2025-12-10 02:05:51.750000,7951137.0,CT0011000,Plainville,Racial Profile,37,25-17574,Case No.,2025-12-09 00:00:00,December,W,N,F,35,True,False, Plainville,East St,  ,  ,V,G,1.0,0,14-299,,False,N,False,False,W,2025-12-09 11:57:43,Written Ticket,,,False,1.0,CT0011000,20251210020536000001,2025-12-09 11:57:43,11:57:43,2025,,,,2025,Traffic Control Signal
2025-12-15 02:05:53.100000,7962523.0,CT0011000,Plainville,Racial Profile,37,25-17578,Case No.,2025-12-09 00:00:00,December,W,N,F,59,True,True, Plainville,East St ,  ,  ,V,G,1.0,0,14-299,,False,N,False,False,I,2025-12-09 14:30:22,Infraction Ticket,,,False,1.0,CT0011000,20251215020538000001,2025-12-09 14:30:22,14:30:22,2025,,,,2025,Traffic Control Signal
2025-12-12 02:06:29.580000,7955369.0,CT0011000,Plainville,Racial Profile,39,25-17596,Case No.,2025-12-09 00:00:00,December,B,M,F,43,True,False, Plainville,Camp St,  ,  ,E,G,1.0,0,14-18(c),,False,N,False,False,V,2025-12-09 23:28:40,Verbal Warning,,,False,1.0,CT0011000,20251212020601000001,2025-12-09 23:28:40,23:28:40,2025,,,,2025,Display of Plates
2025-12-11 02:05:45.827000,7953231.0,CT0011000,Plainville,Racial Profile,53,25-17569,Case No.,2025-12-09 00:00:00,December,B,N,F,41,True,False, Plainville,Whiting St,  ,  ,V,G,1.0,0,14-219,,False,N,False,False,V,2025-12-09 11:03:23,Verbal Warning,,,False,1.0,CT0011000,20251211020532000001,2025-12-09 11:03:23,11:03:23,2025,,,,2025,Speed Related
2025-12-14 02:06:03.090000,7959602.0,CT0011000,Plainville,Racial Profile,54,25-17571,Case No.,2025-12-09 00:00:00,December,W,N,M,71,False,False, Plainville,Northwest Dr,  ,  ,V,B,1.0,0,14-219(b),,False,N,False,False,V,2025-12-09 11:19:57,Verbal Warning,,,False,1.0,CT0011000,20251214020547000001,2025-12-09 11:19:57,11:19:57,2025,,,,2025,Speed Related
2025-12-14 02:06:03.100000,7959603.0,CT0011000,Plainville,Racial Profile,54,25-17572,Case No.,2025-12-09 00:00:00,December,W,N,M,24,False,False, Plainville,Northwest Dr,  ,  ,V,B,2.0,0,14-219(b),,False,N,False,False,I,2025-12-09 11:31:18,Infraction Ticket,,,False,1.0,CT0011000,20251214020547000001,2025-12-09 11:31:18,11:31:18,2025,,,,2025,Speed Related
2025-12-12 02:06:29.587000,7955371.0,CT0011000,Plainville,Racial Profile,36,25-17635,Case No.,2025-12-10 00:00:00,December,W,N,F,36,True,False, Plainville,New Britain Ave,  ,  ,V,G,1.0,0,14-12(a)*,,False,N,False,False,V,2025-12-10 16:55:01,Verbal Warning,,,False,1.0,CT0011000,20251212020601000001,2025-12-10 16:55:01,16:55:01,2025,,,,2025,Registration
2025-12-12 02:06:29.597000,7955372.0,CT0011000,Plainville,Racial Profile,36,25-17637,Case No.,2025-12-10 00:00:00,December,W,N,F,0,True,False, Plainville,New Britain Ave,  ,  ,V,G,1.0,0,14-96a(a),,False,N,False,False,V,2025-12-10 17:02:38,Verbal Warning,,,False,1.0,CT0011000,20251212020601000001,2025-12-10 17:02:38,17:02:38,2025,,,,2025,Defective Lights
2025-12-25 02:06:27.620000,8012086.0,CT0011000,Plainville,Racial Profile,39,25-17658,Case No.,2025-12-10 00:00:00,December,W,H,M,23,True,False, Plainville,Broad St,  ,  ,V,G,1.0,0,14-236,,False,N,False,False,V,2025-12-10 23:18:25,Verbal Warning,,,False,1.0,CT0011000,20251225020612000001,2025-12-10 23:18:25,23:18:25,2025,,,,2025,Moving Violation
2025-12-12 02:06:29.610000,7955373.0,CT0011000,Plainville,Racial Profile,47,25-17651,Case No.,2025-12-10 00:00:00,December,W,H,M,49,True,False, Plainville,Broad St,  ,  ,V,G,1.0,0,14-299,,False,N,False,False,V,2025-12-10 21:30:28,Verbal Warning,,,False,1.0,CT0011000,20251212020601000001,2025-12-10 21:30:28,21:30:28,2025,,,,2025,Traffic Control Signal
2025-12-11 02:05:45.847000,7953239.0,CT0011000,Plainville,Racial Profile,50,25-17613,Case No.,2025-12-10 00:00:00,December,W,N,M,40,True,True, Plainville,Unionville Ave,  ,  ,V,G,1.0,0,14-299,,False,N,False,False,V,2025-12-10 03:36:32,Verbal Warning,,,False,1.0,CT0011000,20251211020532000001,2025-12-10 03:36:32,03:36:32,2025,,,,2025,Traffic Control Signal
2025-12-14 02:06:03.130000,7959611.0,CT0011000,Plainville,Racial Profile,57,25-17638,Case No.,2025-12-10 00:00:00,December,W,N,F,47,True,False, Plainville,Canal St,  ,  ,V,G,2.0,0,14-213b,,False,N,False,False,M,2025-12-10 17:04:51,Misdemeanor Summons,,,False,1.0,CT0011000,20251214020547000001,2025-12-10 17:04:51,17:04:51,2025,14-36(a),,,2025,Administrative Offense
2025-12-16 02:05:51.083000,7973877.0,CT0011000,Plainville,Racial Profile,57,25-17645,Case No.,2025-12-10 00:00:00,December,W,N,F,17,True,False, Plainville,Webster St,  ,  ,V,G,2.0,0,14-218a*,,False,N,False,False,V,2025-12-10 19:44:51,Verbal Warning,,,False,1.0,CT0011000,20251216020537000001,2025-12-10 19:44:51,19:44:51,2025,,,,2025,Speed Related
2025-12-18 02:05:55.763000,7979850.0,CT0011000,Plainville,Racial Profile,57,25-17646,Case No.,2025-12-10 00:00:00,December,W,N,F,46,True,False, Plainville,New Britain Ave,  ,  ,V,G,2.0,0,14-213b,,False,N,False,False,N,2025-12-10 20:07:49,No Disposition,,,False,1.0,CT0011000,20251218020541000001,2025-12-10 20:07:49,20:07:49,2025,,,,2025,Administrative Offense
2025-12-13 02:06:05.250000,7957493.0,CT0011000,Plainville,Racial Profile,47,25-17750,Case No.,2025-12-11 00:00:00,December,W,H,F,19,True,False, Plainville,West Main St,  ,  ,V,G,1.0,0,14-96c,,False,N,False,False,V,2025-12-11 18:02:49,Verbal Warning,,,False,1.0,CT0011000,20251213020550000001,2025-12-11 18:02:49,18:02:49,2025,,,,2025,Defective Lights
2025-12-14 02:06:03.143000,7959616.0,CT0011000,Plainville,Racial Profile,51,25-17669,Case No.,2025-12-11 00:00:00,December,W,N,M,43,True,True, Plainville,New Britain Ave,  ,  ,V,G,1.0,0,14-299,,False,N,False,False,V,2025-12-11 01:20:51,Verbal Warning,,,False,1.0,CT0011000,20251214020547000001,2025-12-11 01:20:51,01:20:51,2025,,,,2025,Traffic Control Signal
2025-12-13 02:06:05.247000,7957492.0,CT0011000,Plainville,Racial Profile,51,25-17696,Case No.,2025-12-11 00:00:00,December,W,N,M,50,True,False, Plainville,New Britain Ave,  ,  ,V,G,1.0,0,14-101,,False,N,False,False,I,2025-12-11 02:01:46,Infraction Ticket,,,False,1.0,CT0011000,20251213020550000001,2025-12-11 02:01:46,02:01:46,2025,,,,2025,Moving Violation
2026-01-05 02:06:05.217000,8037633.0,CT0011000,Plainville,Racial Profile,43,25-17809,Case No.,2025-12-12 00:00:00,December,W,N,M,53,True,False, Plainville,New Britain Ave,  ,  ,V,G,1.0,0,14-299,,False,N,False,False,V,2025-12-12 17:01:28,Verbal Warning,,,False,1.0,CT0011000,20260105020550000001,2025-12-12 17:01:28,17:01:28,2025,,,,2025,Traffic Control Signal
2025-12-15 02:05:53.150000,7962537.0,CT0011000,Plainville,Racial Profile,43,25-17811,Case No.,2025-12-12 00:00:00,December,W,N,M,36,True,False, Plainville,New Britain Ave,  ,  ,V,G,1.0,0,14-311b,,False,N,False,False,V,2025-12-12 17:19:46,Verbal Warning,,,False,1.0,CT0011000,20251215020538000001,2025-12-12 17:19:46,17:19:46,2025,,,,2025,Other
2025-12-22 02:06:09.507000,7988497.0,CT0011000,Plainville,Racial Profile,57,25-17818,Case No.,2025-12-12 00:00:00,December,W,N,M,45,True,False, Plainville,East Main St,  ,  ,V,G,1.0,0,14-236,,False,N,False,False,V,2025-12-12 21:09:38,Verbal Warning,,,False,1.0,CT0011000,20251222020556000001,2025-12-12 21:09:38,21:09:38,2025,,,,2025,Moving Violation
2025-12-16 02:05:51.107000,7973885.0,CT0011000,Plainville,Racial Profile,57,25-17820,Case No.,2025-12-12 00:00:00,December,W,N,M,28,True,False, Plainville,Unionville Ave,  ,  ,E,G,1.0,0,14-18(a),,False,N,False,False,V,2025-12-12 21:30:12,Verbal Warning,,,False,1.0,CT0011000,20251216020537000001,2025-12-12 21:30:12,21:30:12,2025,,,,2025,Display of Plates
2025-12-16 02:05:51.110000,7973886.0,CT0011000,Plainville,Racial Profile,57,25-17822,Case No.,2025-12-12 00:00:00,December,B,N,M,44,True,False, Plainville,Washington St (Bristol),  ,  ,V,G,1.0,0,14-236,,False,N,False,False,V,2025-12-12 21:46:13,Verbal Warning,,,False,1.0,CT0011000,20251216020537000001,2025-12-12 21:46:13,21:46:13,2025,,,,2025,Moving Violation
2025-12-13 02:06:05.263000,7957497.0,CT0011000,Plainville,Racial Profile,57,25-17823,Case No.,2025-12-12 00:00:00,December,W,N,F,38,True,False, Plainville,West Main St,  ,  ,E,G,1.0,0,14-18(a),,False,N,False,False,V,2025-12-12 22:14:28,Verbal Warning,,,False,1.0,CT0011000,20251213020550000001,2025-12-12 22:14:28,22:14:28,2025,,,,2025,Display of Plates
2025-12-22 02:06:09.523000,7988501.0,CT0011000,Plainville,Racial Profile,57,25-17825,Case No.,2025-12-12 00:00:00,December,B,H,M,38,True,False, Plainville,Whiting St,  ,  ,V,G,1.0,0,14-299,,False,N,False,False,W,2025-12-12 22:28:04,Written Ticket,,,False,1.0,CT0011000,20251222020556000001,2025-12-12 22:28:04,22:28:04,2025,,,,2025,Traffic Control Signal
2025-12-16 02:05:51.123000,7973889.0,CT0011000,Plainville,Racial Profile,57,25-17827,Case No.,2025-12-12 00:00:00,December,W,N,F,37,True,False, Plainville,Cooke St,  ,  ,V,G,1.0,1,14-213b,,False,N,False,False,M,2025-12-12 22:40:19,Misdemeanor Summons,,,False,1.0,CT0011000,20251216020537000001,2025-12-12 22:40:19,22:40:19,2025,14-215(a),,,2025,Administrative Offense
2025-12-15 02:05:53.187000,7962544.0,CT0011000,Plainville,Racial Profile,40,25-17845,Case No.,2025-12-13 00:00:00,December,W,N,F,36,True,False, Plainville,Woodford Ave,  ,  ,V,G,1.0,0,14-96b,,False,N,False,False,V,2025-12-13 00:56:13,Verbal Warning,,,False,1.0,CT0011000,20251215020538000001,2025-12-13 00:56:13,00:56:13,2025,,,,2025,Defective Lights
2025-12-16 02:05:51.137000,7973893.0,CT0011000,Plainville,Racial Profile,43,25-17924,Case No.,2025-12-13 00:00:00,December,W,N,M,34,True,False, Plainville,Whiting St,  ,  ,V,G,1.0,0,14-311b,,False,N,False,False,V,2025-12-13 18:29:18,Verbal Warning,,,False,1.0,CT0011000,20251216020537000001,2025-12-13 18:29:18,18:29:18,2025,,,,2025,Other
2025-12-20 02:06:11.413000,7984230.0,CT0011000,Plainville,Racial Profile,48,25-17891,Case No.,2025-12-13 00:00:00,December,W,N,M,63,True,False, Plainville,East St,  ,  ,V,G,1.0,0,14-96y,,False,N,False,False,V,2025-12-13 03:24:32,Verbal Warning,,,False,1.0,CT0011000,20251220020555000001,2025-12-13 03:24:32,03:24:32,2025,,,,2025,Defective Lights
2025-12-14 02:06:03.173000,7959627.0,CT0011000,Plainville,Racial Profile,48,25-17901,Case No.,2025-12-13 00:00:00,December,W,N,F,20,True,False, Plainville,Cooke St,  ,  ,V,G,1.0,0,14-219,,False,O,False,False,V,2025-12-13 07:02:05,Verbal Warning,,,False,1.0,CT0011000,20251214020547000001,2025-12-13 07:02:05,07:02:05,2025,,,,2025,Speed Related
2025-12-15 02:05:53.203000,7962549.0,CT0011000,Plainville,Racial Profile,14,25-17987,Case No.,2025-12-14 00:00:00,December,W,N,M,36,True,False, Plainville,West Main St,  ,  ,V,G,2.0,0,14-299,,False,N,False,False,I,2025-12-14 07:13:48,Infraction Ticket,,,False,1.0,CT0011000,20251215020538000001,2025-12-14 07:13:48,07:13:48,2025,,,,2025,Traffic Control Signal
2025-12-15 02:05:53.197000,7962548.0,CT0011000,Plainville,Racial Profile,50,25-17949,Case No.,2025-12-14 00:00:00,December,W,N,M,0,False,False, Plainville,Camp St,  ,  ,V,G,1.0,0,14-301,,False,N,False,False,N,2025-12-14 01:35:56,No Disposition,,,False,1.0,CT0011000,20251215020538000001,2025-12-14 01:35:56,01:35:56,2025,,,,2025,Stop Sign
2025-12-25 02:06:27.670000,8012103.0,CT0011000,Plainville,Racial Profile,50,25-17988,Case No.,2025-12-14 00:00:00,December,W,N,M,34,True,False, Plainville,North Washington St,  ,  ,V,G,1.0,0,14-218a*,,False,N,False,False,V,2025-12-14 07:36:05,Verbal Warning,,,False,1.0,CT0011000,20251225020612000001,2025-12-14 07:36:05,07:36:05,2025,,,,2025,Speed Related
2025-12-21 02:05:55.457000,7986373.0,CT0011000,Plainville,Racial Profile,36,25-18145,Case No.,2025-12-16 00:00:00,December,W,N,F,0,True,False, Plainville,Farmington Ave,  ,  ,V,G,1.0,0,14-299,,False,N,False,False,V,2025-12-16 10:20:48,Verbal Warning,,,False,1.0,CT0011000,20251221020541000001,2025-12-16 10:20:48,10:20:48,2025,,,,2025,Traffic Control Signal
2025-12-25 02:06:27.677000,8012106.0,CT0011000,Plainville,Racial Profile,30,25-18241,Case No.,2025-12-17 00:00:00,December,W,N,M,18,True,False, Plainville,RT 72 East Bound,  ,  ,V,G,1.0,0,14-96a(a),,False,N,False,False,V,2025-12-17 20:38:20,Verbal Warning,,,False,1.0,CT0011000,20251225020612000001,2025-12-17 20:38:20,20:38:20,2025,,,,2025,Defective Lights
2025-12-26 02:06:29.280000,8014288.0,CT0011000,Plainville,Racial Profile,40,25-18211,Case No.,2025-12-17 00:00:00,December,W,N,F,43,True,False, Plainville,Bohemia St,  ,  ,V,G,1.0,0,14-301,,False,N,False,False,V,2025-12-17 05:31:08,Verbal Warning,,,False,1.0,CT0011000,20251226020604000001,2025-12-17 05:31:08,05:31:08,2025,,,,2025,Stop Sign
2026-01-06 02:06:33.583000,8040021.0,CT0011000,Plainville,Racial Profile,57,25-18239,Case No.,2025-12-17 00:00:00,December,W,N,F,60,True,True, Plainville,Canal St,  ,  ,I,G,1.0,0,14-224(a),,False,N,False,False,N,2025-12-17 20:19:04,No Disposition,,,False,1.0,CT0011000,20260106020617000001,2025-12-17 20:19:04,20:19:04,2025,,,,2025,Other
2025-12-20 02:06:11.480000,7984245.0,CT0011000,Plainville,Racial Profile,36,25-18313,Case No.,2025-12-18 00:00:00,December,W,N,F,65,True,False, Plainville,Woodford Ave,  ,  ,V,G,1.0,0,14-236,,False,N,False,False,V,2025-12-18 15:02:08,Verbal Warning,,,False,1.0,CT0011000,20251220020555000001,2025-12-18 15:02:08,15:02:08,2025,14-232(2),,,2025,Moving Violation
2025-12-19 02:05:58.867000,7982096.0,CT0011000,Plainville,Racial Profile,40,25-18282,Case No.,2025-12-18 00:00:00,December,W,N,F,33,True,False, Plainville,Tomlinson Ave,  ,  ,V,G,1.0,0,14-301,,False,N,False,False,V,2025-12-18 07:29:20,Verbal Warning,,,False,1.0,CT0011000,20251219020536000001,2025-12-18 07:29:20,07:29:20,2025,,,,2025,Stop Sign
2025-12-22 02:06:09.600000,7988520.0,CT0011000,Plainville,Racial Profile,43,25-18321,Case No.,2025-12-18 00:00:00,December,W,N,M,36,True,False, Plainville,East St,  ,  ,V,G,1.0,0,14-299,,False,N,False,False,V,2025-12-18 17:21:39,Verbal Warning,,,False,1.0,CT0011000,20251222020556000001,2025-12-18 17:21:39,17:21:39,2025,,,,2025,Traffic Control Signal
2025-12-25 02:06:27.690000,8012111.0,CT0011000,Plainville,Racial Profile,47,25-18294,Case No.,2025-12-18 00:00:00,December,W,N,F,0,True,False, Plainville,Camp St,  ,  ,V,G,1.0,0,14-219,,False,N,False,False,V,2025-12-18 10:21:27,Verbal Warning,,,False,1.0,CT0011000,20251225020612000001,2025-12-18 10:21:27,10:21:27,2025,,,,2025,Speed Related
2025-12-19 02:05:58.887000,7982099.0,CT0011000,Plainville,Racial Profile,47,25-18296,Case No.,2025-12-18 00:00:00,December,W,N,M,0,True,False, Plainville,Camp St,  ,  ,V,G,1.0,0,14-219,,False,N,False,False,V,2025-12-18 10:36:28,Verbal Warning,,,False,1.0,CT0011000,20251219020536000001,2025-12-18 10:36:28,10:36:28,2025,,,,2025,Speed Related
2025-12-22 02:06:09.583000,7988513.0,CT0011000,Plainville,Racial Profile,48,25-18274,Case No.,2025-12-18 00:00:00,December,W,N,M,34,True,True, Plainville,East Main St,  ,  ,V,G,2.0,1,14-18(a),,False,N,False,False,I,2025-12-18 06:29:57,Infraction Ticket,,,False,1.0,CT0011000,20251222020556000001,2025-12-18 06:29:57,06:29:57,2025,14-213b,,,2025,Display of Plates
2025-12-19 02:05:58.897000,7982101.0,CT0011000,Plainville,Racial Profile,52,25-18335,Case No.,2025-12-18 00:00:00,December,W,N,F,71,True,False, Plainville,East St,  ,  ,E,G,1.0,0,14-96a(a),,False,N,False,False,V,2025-12-18 21:56:18,Verbal Warning,,,False,1.0,CT0011000,20251219020536000001,2025-12-18 21:56:18,21:56:18,2025,,,,2025,Defective Lights
2025-12-20 02:06:11.457000,7984241.0,CT0011000,Plainville,Racial Profile,53,25-18292,Case No.,2025-12-18 00:00:00,December,W,N,M,29,True,False, Plainville,Arcadia Ave,  ,  ,V,G,1.0,0,14-301,,False,N,False,False,V,2025-12-18 10:01:48,Verbal Warning,,,False,1.0,CT0011000,20251220020555000001,2025-12-18 10:01:48,10:01:48,2025,,,,2025,Stop Sign
2025-12-27 02:06:11.373000,8016467.0,CT0011000,Plainville,Racial Profile,53,25-18295,Case No.,2025-12-18 00:00:00,December,W,H,M,0,False,False, Plainville,Arcadia Ave,  ,  ,V,G,1.0,0,14-301,,False,N,False,False,V,2025-12-18 10:26:47,Verbal Warning,,,False,1.0,CT0011000,20251227020553000001,2025-12-18 10:26:47,10:26:47,2025,,,,2025,Stop Sign
2025-12-24 02:05:50.550000,8009955.0,CT0011000,Plainville,Racial Profile,57,25-18318,Case No.,2025-12-18 00:00:00,December,W,N,F,31,True,False, Plainville,East Main St,  ,  ,V,G,1.0,0,14-299,,False,N,False,False,V,2025-12-18 16:26:10,Verbal Warning,,,False,1.0,CT0011000,20251224020536000001,2025-12-18 16:26:10,16:26:10,2025,,,,2025,Traffic Control Signal
2026-01-06 02:06:33.613000,8040031.0,CT0011000,Plainville,Racial Profile,57,25-18326,Case No.,2025-12-18 00:00:00,December,B,N,F,23,True,False, Plainville,South Washington St,  ,  ,V,G,1.0,0,14-243(b),,False,N,False,False,V,2025-12-18 19:33:56,Verbal Warning,,,False,1.0,CT0011000,20260106020617000001,2025-12-18 19:33:56,19:33:56,2025,,,,2025,Moving Violation
2025-12-24 02:05:50.557000,8009958.0,CT0011000,Plainville,Racial Profile,57,25-18328,Case No.,2025-12-18 00:00:00,December,B,N,F,40,True,False, Plainville,North Washington St,  ,  ,V,G,1.0,0,14-299,,False,N,False,False,I,2025-12-18 19:46:47,Infraction Ticket,,,False,1.0,CT0011000,20251224020536000001,2025-12-18 19:46:47,19:46:47,2025,,,,2025,Traffic Control Signal
2025-12-23 02:05:54.433000,7990715.0,CT0011000,Plainville,Racial Profile,57,25-18329,Case No.,2025-12-18 00:00:00,December,W,N,M,62,True,True, Plainville,Northwest Dr,  ,  ,V,G,1.0,0,14-12(a),,False,N,False,False,N,2025-12-18 20:01:07,No Disposition,,,False,1.0,CT0011000,20251223020540000001,2025-12-18 20:01:07,20:01:07,2025,,,,2025,Registration
2025-12-31 02:06:03.940000,8026223.0,CT0011000,Plainville,Racial Profile,57,25-18330,Case No.,2025-12-18 00:00:00,December,W,H,F,70,True,True, Plainville,Farmington Ave,  ,  ,V,G,1.0,0,14-236,,False,N,False,False,V,2025-12-18 20:19:11,Verbal Warning,,,False,1.0,CT0011000,20251231020548000001,2025-12-18 20:19:11,20:19:11,2025,,,,2025,Moving Violation
2025-12-24 02:05:50.563000,8009961.0,CT0011000,Plainville,Racial Profile,57,25-18331,Case No.,2025-12-18 00:00:00,December,B,H,F,18,True,False, Plainville,East Main St,  ,  ,V,G,1.0,0,14-215,,False,N,False,False,V,2025-12-18 20:26:30,Verbal Warning,,,False,1.0,CT0011000,20251224020536000001,2025-12-18 20:26:30,20:26:30,2025,,,,2025,Administrative Offense
2025-12-23 02:05:54.440000,7990718.0,CT0011000,Plainville,Racial Profile,57,25-18333,Case No.,2025-12-18 00:00:00,December,B,H,F,40,True,False, Plainville,New Britain Ave,  ,  ,V,G,2.0,1,14-215(a),,False,N,False,False,M,2025-12-18 21:38:59,Misdemeanor Summons,,,False,1.0,CT0011000,20251223020540000001,2025-12-18 21:38:59,21:38:59,2025,14-213b,,,2025,Administrative Offense
2026-01-06 02:06:33.630000,8040038.0,CT0011000,Plainville,Racial Profile,57,25-18336,Case No.,2025-12-18 00:00:00,December,W,N,F,62,True,False, Plainville,New Britain Ave,  ,  ,V,G,1.0,0,14-236,,False,N,False,False,V,2025-12-18 22:34:27,Verbal Warning,,,False,1.0,CT0011000,20260106020617000001,2025-12-18 22:34:27,22:34:27,2025,,,,2025,Moving Violation
2025-12-23 02:05:54.447000,7990721.0,CT0011000,Plainville,Racial Profile,57,25-18338,Case No.,2025-12-18 00:00:00,December,W,H,M,67,True,False, Plainville,East St,  ,  ,V,G,1.0,0,14-236,,False,N,False,False,V,2025-12-18 22:41:38,Verbal Warning,,,False,1.0,CT0011000,20251223020540000001,2025-12-18 22:41:38,22:41:38,2025,,,,2025,Moving Violation
2025-12-26 02:06:29.430000,8014309.0,CT0011000,Plainville,Racial Profile,30,25-18341,Case No.,2025-12-19 00:00:00,December,W,N,M,38,True,False, Plainville,Woodford Ave,  ,  ,V,G,2.0,1,14-243(b),,False,O,False,True,U,2025-12-19 00:04:24,Uniform ArrestReport,,,False,1.0,CT0011000,20251226020604000001,2025-12-19 00:04:24,00:04:24,2025,,,,2025,Moving Violation
2025-12-31 02:06:03.990000,8026236.0,CT0011000,Plainville,Racial Profile,43,25-18412,Case No.,2025-12-19 00:00:00,December,W,N,F,61,True,False, Plainville,norton dr,  ,  ,V,G,1.0,0,14-301,,False,N,False,False,V,2025-12-19 21:34:40,Verbal Warning,,,False,1.0,CT0011000,20251231020548000001,2025-12-19 21:34:40,21:34:40,2025,,,,2025,Stop Sign
2025-12-25 02:06:27.737000,8012128.0,CT0011000,Plainville,Racial Profile,48,25-18355,Case No.,2025-12-19 00:00:00,December,W,H,M,23,True,True, Plainville,New Britain Ave,  ,  ,V,G,2.0,1,14-96y,,False,O,False,False,I,2025-12-19 02:29:27,Infraction Ticket,,,False,1.0,CT0011000,20251225020612000001,2025-12-19 02:29:27,02:29:27,2025,14-213b,,,2025,Defective Lights
2025-12-24 02:05:50.577000,8009967.0,CT0011000,Plainville,Racial Profile,57,25-18342,Case No.,2025-12-19 00:00:00,December,W,H,M,22,True,True, Plainville,Woodford Ave,  ,  ,E,G,1.0,0,14-96a(a),,False,N,False,False,V,2025-12-19 00:07:46,Verbal Warning,,,False,1.0,CT0011000,20251224020536000001,2025-12-19 00:07:46,00:07:46,2025,,,,2025,Defective Lights
2025-12-27 02:06:11.427000,8016484.0,CT0011000,Plainville,Racial Profile,57,25-18405,Case No.,2025-12-19 00:00:00,December,A,M,M,34,True,False, Plainville,East St,  ,  ,V,G,1.0,0,14-299,,False,N,False,False,I,2025-12-19 18:45:26,Infraction Ticket,,,False,1.0,CT0011000,20251227020553000001,2025-12-19 18:45:26,18:45:26,2025,,,,2025,Traffic Control Signal
2025-12-23 02:05:54.460000,7990726.0,CT0011000,Plainville,Racial Profile,57,25-18406,Case No.,2025-12-19 00:00:00,December,W,N,F,40,True,False, Plainville,New Britain Ave,  ,  ,V,G,1.0,0,14-236,,False,N,False,False,I,2025-12-19 19:11:31,Infraction Ticket,,,False,1.0,CT0011000,20251223020540000001,2025-12-19 19:11:31,19:11:31,2025,,,,2025,Moving Violation
2025-12-24 02:05:50.590000,8009971.0,CT0011000,Plainville,Racial Profile,57,25-18408,Case No.,2025-12-19 00:00:00,December,W,N,F,17,True,False, Plainville,Broad St,  ,  ,V,G,1.0,0,14-242,,False,N,False,False,V,2025-12-19 20:49:32,Verbal Warning,,,False,1.0,CT0011000,20251224020536000001,2025-12-19 20:49:32,20:49:32,2025,,,,2025,Moving Violation
2025-12-23 02:05:54.463000,7990728.0,CT0011000,Plainville,Racial Profile,57,25-18411,Case No.,2025-12-19 00:00:00,December,W,H,M,41,True,False, Plainville,New Britain Ave,  ,  ,V,G,1.0,0,14-18(a),,False,N,False,False,V,2025-12-19 21:23:06,Verbal Warning,,,False,1.0,CT0011000,20251223020540000001,2025-12-19 21:23:06,21:23:06,2025,,,,2025,Display of Plates
2025-12-27 02:06:11.450000,8016489.0,CT0011000,Plainville,Racial Profile,57,25-18413,Case No.,2025-12-19 00:00:00,December,W,N,M,61,True,False, Plainville,East St,  ,  ,V,G,2.0,0,14-299,,False,N,False,False,M,2025-12-19 21:36:44,Misdemeanor Summons,,,False,1.0,CT0011000,20251227020553000001,2025-12-19 21:36:44,21:36:44,2025,14-215,,,2025,Traffic Control Signal
2025-12-26 02:06:29.483000,8014318.0,CT0011000,Plainville,Racial Profile,57,25-18414,Case No.,2025-12-19 00:00:00,December,W,N,M,32,True,True, Plainville,Woodford Ave,  ,  ,V,G,2.0,1,14-242,,True,O,False,True,U,2025-12-19 22:11:37,Uniform ArrestReport,,,False,1.0,CT0011000,20251226020604000001,2025-12-19 22:11:37,22:11:37,2025,14-227a,,,2025,Moving Violation
2025-12-27 02:06:11.460000,8016493.0,CT0011000,Plainville,Racial Profile,39,25-18567,Case No.,2025-12-21 00:00:00,December,W,H,F,31,True,False,Plainville,East Main St,  ,  ,E,G,1.0,0,14-96a(a),,False,N,False,False,V,2025-12-21 17:03:18,Verbal Warning,,,False,1.0,CT0011000,20251227020553000001,2025-12-21 17:03:18,17:03:18,2025,,,,2025,Defective Lights
2025-12-31 02:06:04.010000,8026243.0,CT0011000,Plainville,Racial Profile,39,25-18569,Case No.,2025-12-21 00:00:00,December,W,N,F,31,True,False,Plainville,North Washington St,  ,  ,E,G,1.0,0,14-96y,,False,N,False,False,V,2025-12-21 17:17:54,Verbal Warning,,,False,1.0,CT0011000,20251231020548000001,2025-12-21 17:17:54,17:17:54,2025,,,,2025,Defective Lights
2025-12-23 02:05:54.483000,7990736.0,CT0011000,Plainville,Racial Profile,39,25-18570,Case No.,2025-12-21 00:00:00,December,W,N,F,33,True,False,Plainville,Camp St,  ,  ,E,G,2.0,0,14-96y,,False,N,False,False,V,2025-12-21 17:22:37,Verbal Warning,,,False,1.0,CT0011000,20251223020540000001,2025-12-21 17:22:37,17:22:37,2025,14-12(a)*,,,2025,Defective Lights
2026-01-06 02:06:33.687000,8040053.0,CT0011000,Plainville,Racial Profile,52,25-18568,Case No.,2025-12-21 00:00:00,December,W,H,M,48,True,False,Plainville,West Main St,  ,  ,V,G,1.0,0,14-296aa(b1st,,False,N,False,False,I,2025-12-21 17:06:59,Infraction Ticket,,,False,1.0,CT0011000,20260106020617000001,2025-12-21 17:06:59,17:06:59,2025,,,,2025,Cell Phone
2025-12-23 02:05:54.477000,7990733.0,CT0011000,Plainville,Racial Profile,54,25-18553,Case No.,2025-12-21 00:00:00,December,W,H,M,57,True,False,Plainville,Northwest Dr,  ,  ,V,G,2.0,0,14-219,,False,N,False,False,V,2025-12-21 10:30:12,Verbal Warning,,,False,1.0,CT0011000,20251223020540000001,2025-12-21 10:30:12,10:30:12,2025,,,,2025,Speed Related
2026-01-05 02:06:05.240000,8037640.0,CT0011000,Plainville,Racial Profile,36,25-18632,Case No.,2025-12-22 00:00:00,December,W,N,F,37,True,True, Plainville,Woodford Ave,  ,  ,V,G,1.0,0,14-243(b),,False,N,False,False,V,2025-12-22 11:18:22,Verbal Warning,,,False,1.0,CT0011000,20260105020550000001,2025-12-22 11:18:22,11:18:22,2025,,,,2025,Moving Violation
2025-12-24 02:05:50.630000,8009984.0,CT0011000,Plainville,Racial Profile,36,25-18642,Case No.,2025-12-22 00:00:00,December,W,H,F,35,True,True, Plainville,North Washington St,  ,  ,V,G,1.0,0,14-12(a)*,,False,N,False,False,W,2025-12-22 13:25:13,Written Ticket,,,False,1.0,CT0011000,20251224020536000001,2025-12-22 13:25:13,13:25:13,2025,,,,2025,Registration
2025-12-25 02:06:27.790000,8012145.0,CT0011000,Plainville,Racial Profile,46,25-18656,Case No.,2025-12-22 00:00:00,December,W,N,F,48,True,False, Plainville,Woodford Ave,  ,  ,E,G,1.0,0,14-96b,,False,N,False,False,V,2025-12-22 19:12:22,Verbal Warning,,,False,1.0,CT0011000,20251225020612000001,2025-12-22 19:12:22,19:12:22,2025,,,,2025,Defective Lights
2026-01-03 02:06:36.680000,8033011.0,CT0011000,Plainville,Racial Profile,54,25-18631,Case No.,2025-12-22 00:00:00,December,B,N,M,0,False,False, Plainville,Broad St,  ,  ,V,G,1.0,0,14-219,,False,N,False,False,V,2025-12-22 11:16:54,Verbal Warning,,,False,1.0,CT0011000,20260103020619000001,2025-12-22 11:16:54,11:16:54,2025,,,,2025,Speed Related
2025-12-25 02:06:27.777000,8012143.0,CT0011000,Plainville,Racial Profile,54,25-18635,Case No.,2025-12-22 00:00:00,December,B,N,M,0,False,False, Plainville,BROAD ST,  ,  ,V,G,1.0,0,14-219,,False,N,False,False,V,2025-12-22 11:30:03,Verbal Warning,,,False,1.0,CT0011000,20251225020612000001,2025-12-22 11:30:03,11:30:03,2025,,,,2025,Speed Related
2026-01-05 02:06:05.247000,8037644.0,CT0011000,Plainville,Racial Profile,57,25-18659,Case No.,2025-12-22 00:00:00,December,W,N,M,32,False,False, Plainville,Hooker St,  ,  ,E,G,1.0,0,14-96a(a),,False,N,False,False,V,2025-12-22 19:50:52,Verbal Warning,,,False,1.0,CT0011000,20260105020550000001,2025-12-22 19:50:52,19:50:52,2025,,,,2025,Defective Lights
2025-12-24 02:05:50.667000,8009989.0,CT0011000,Plainville,Racial Profile,36,25-18736,Case No.,2025-12-23 00:00:00,December,B,N,M,0,True,False, Plainville,North Washington St,  ,  ,V,G,1.0,0,14-299,,False,N,False,False,V,2025-12-23 11:24:27,Verbal Warning,,,False,1.0,CT0011000,20251224020536000001,2025-12-23 11:24:27,11:24:27,2025,,,,2025,Traffic Control Signal
2025-12-25 02:06:27.817000,8012151.0,CT0011000,Plainville,Racial Profile,46,25-18753,Case No.,2025-12-23 00:00:00,December,W,M,F,45,True,False, Plainville,New Britain Ave,  ,  ,E,G,1.0,0,14-96a(a),,False,N,False,False,V,2025-12-23 17:31:08,Verbal Warning,,,False,1.0,CT0011000,20251225020612000001,2025-12-23 17:31:08,17:31:08,2025,,,,2025,Defective Lights
2025-12-27 02:06:11.500000,8016508.0,CT0011000,Plainville,Racial Profile,46,25-18760,Case No.,2025-12-23 00:00:00,December,W,M,F,58,True,False, Plainville,Unionville Ave,  ,  ,E,G,1.0,0,14-96a(a),,False,N,False,False,V,2025-12-23 19:20:02,Verbal Warning,,,False,1.0,CT0011000,20251227020553000001,2025-12-23 19:20:02,19:20:02,2025,,,,2025,Defective Lights
2026-01-03 02:06:36.740000,8033025.0,CT0011000,Plainville,Racial Profile,46,25-18766,Case No.,2025-12-23 00:00:00,December,B,N,M,20,True,True, Plainville,East St,  ,  ,E,G,1.0,0,14-218a*,,False,N,False,False,V,2025-12-23 22:40:12,Verbal Warning,,,False,1.0,CT0011000,20260103020619000001,2025-12-23 22:40:12,22:40:12,2025,,,,2025,Speed Related
2025-12-26 02:06:29.570000,8014331.0,CT0011000,Plainville,Racial Profile,48,25-18670,Case No.,2025-12-23 00:00:00,December,W,N,M,36,True,False, Plainville,Farmington Ave,  ,  ,V,G,1.0,0,14-12(a)*,,False,N,False,False,V,2025-12-23 01:03:29,Verbal Warning,,,False,1.0,CT0011000,20251226020604000001,2025-12-23 01:03:29,01:03:29,2025,,,,2025,Registration
2025-12-27 02:06:11.493000,8016505.0,CT0011000,Plainville,Racial Profile,48,25-18677,Case No.,2025-12-23 00:00:00,December,W,H,F,44,True,False, Plainville,New Britain Ave,  ,  ,V,G,2.0,1,14-215,,False,N,False,False,M,2025-12-23 01:28:39,Misdemeanor Summons,,,False,1.0,CT0011000,20251227020553000001,2025-12-23 01:28:39,01:28:39,2025,14-213b,,,2025,Administrative Offense
2025-12-26 02:06:29.573000,8014332.0,CT0011000,Plainville,Racial Profile,51,25-18676,Case No.,2025-12-23 00:00:00,December,W,N,M,36,True,False, Plainville,West Main St,  ,  ,V,G,1.0,0,14-96b,,False,N,False,False,V,2025-12-23 01:25:09,Verbal Warning,,,False,1.0,CT0011000,20251226020604000001,2025-12-23 01:25:09,01:25:09,2025,,,,2025,Defective Lights
2026-01-06 02:06:33.763000,8040068.0,CT0011000,Plainville,Racial Profile,57,25-18762,Case No.,2025-12-23 00:00:00,December,W,H,M,58,True,False, Plainville,East St,  ,  ,V,G,1.0,0,14-215,,False,N,False,False,N,2025-12-23 21:08:59,No Disposition,,,False,1.0,CT0011000,20260106020617000001,2025-12-23 21:08:59,21:08:59,2025,,,,2025,Administrative Offense
2025-12-24 02:05:50.673000,8009991.0,CT0011000,Plainville,Racial Profile,57,25-18764,Case No.,2025-12-23 00:00:00,December,W,H,M,52,True,False, Plainville,New Britain Ave,  ,  ,V,G,2.0,0,14-215,,False,N,False,False,N,2025-12-23 21:50:53,No Disposition,,,False,1.0,CT0011000,20251224020536000001,2025-12-23 21:50:53,21:50:53,2025,,,,2025,Administrative Offense
2025-12-25 02:06:27.840000,8012158.0,CT0011000,Plainville,Racial Profile,43,25-18832,Case No.,2025-12-24 00:00:00,December,B,N,F,56,True,False, Plainville,New Britain Ave,  ,  ,E,G,1.0,0,14-96i,,False,N,False,False,V,2025-12-24 19:59:34,Verbal Warning,,,False,1.0,CT0011000,20251225020612000001,2025-12-24 19:59:34,19:59:34,2025,,,,2025,Defective Lights
2025-12-26 02:06:29.620000,8014340.0,CT0011000,Plainville,Racial Profile,46,25-18828,Case No.,2025-12-24 00:00:00,December,B,N,M,68,True,False, Plainville,Jefferson St,  ,  ,E,G,1.0,0,14-96b,,False,N,False,False,V,2025-12-24 18:29:29,Verbal Warning,,,False,1.0,CT0011000,20251226020604000001,2025-12-24 18:29:29,18:29:29,2025,,,,2025,Defective Lights
2026-01-05 02:06:05.310000,8037655.0,CT0011000,Plainville,Racial Profile,46,25-18829,Case No.,2025-12-24 00:00:00,December,B,N,F,18,True,False, Plainville,New Britain Ave,  ,  ,E,G,1.0,0,14-96b,,False,N,False,False,V,2025-12-24 18:35:03,Verbal Warning,,,False,1.0,CT0011000,20260105020550000001,2025-12-24 18:35:03,18:35:03,2025,,,,2025,Defective Lights
2025-12-25 02:06:27.850000,8012159.0,CT0011000,Plainville,Racial Profile,47,25-18834,Case No.,2025-12-24 00:00:00,December,A,M,F,18,True,False, Plainville,New Britain Ave,  ,  ,V,G,2.0,0,14-96a(a),,False,N,False,False,V,2025-12-24 20:51:09,Verbal Warning,,,False,1.0,CT0011000,20251225020612000001,2025-12-24 20:51:09,20:51:09,2025,,,,2025,Defective Lights
2025-12-29 02:06:19.637000,8020940.0,CT0011000,Plainville,Racial Profile,50,25-18850,Case No.,2025-12-25 00:00:00,December,W,N,M,27,False,True, Plainville,East Main St,  ,  ,V,G,1.0,0,14-96c,,False,N,False,False,V,2025-12-25 01:25:51,Verbal Warning,,,False,1.0,CT0011000,20251229020605000001,2025-12-25 01:25:51,01:25:51,2025,,,,2025,Defective Lights
2025-12-27 02:06:11.597000,8016517.0,CT0011000,Plainville,Racial Profile,50,25-18859,Case No.,2025-12-25 00:00:00,December,B,N,M,26,True,False, Plainville,New Britain Ave,  ,  ,V,G,1.0,0,14-299,,False,N,False,False,V,2025-12-25 02:07:35,Verbal Warning,,,False,1.0,CT0011000,20251227020553000001,2025-12-25 02:07:35,02:07:35,2025,,,,2025,Traffic Control Signal
2025-12-26 02:06:29.690000,8014349.0,CT0011000,Plainville,Racial Profile,52,25-18887,Case No.,2025-12-25 00:00:00,December,W,N,F,72,True,False, Plainville,East St,  ,  ,V,G,1.0,0,14-236,,False,N,False,False,V,2025-12-25 22:19:17,Verbal Warning,,,False,1.0,CT0011000,20251226020604000001,2025-12-25 22:19:17,22:19:17,2025,,,,2025,Moving Violation
2025-12-26 02:06:29.663000,8014346.0,CT0011000,Plainville,Racial Profile,57,25-18879,Case No.,2025-12-25 00:00:00,December,B,N,M,32,True,False, Plainville,Hughes St,  ,  ,V,G,1.0,0,14-236,,False,N,False,False,V,2025-12-25 20:22:52,Verbal Warning,,,False,1.0,CT0011000,20251226020604000001,2025-12-25 20:22:52,20:22:52,2025,,,,2025,Moving Violation
2025-12-26 02:06:29.677000,8014347.0,CT0011000,Plainville,Racial Profile,57,25-18880,Case No.,2025-12-25 00:00:00,December,W,N,M,70,True,False, Plainville,Washington St,  ,  ,V,G,1.0,0,14-299,,False,N,False,False,V,2025-12-25 20:37:27,Verbal Warning,,,False,1.0,CT0011000,20251226020604000001,2025-12-25 20:37:27,20:37:27,2025,,,,2025,Traffic Control Signal
2025-12-29 02:06:19.647000,8020944.0,CT0011000,Plainville,Racial Profile,57,25-18882,Case No.,2025-12-25 00:00:00,December,B,H,M,23,True,False, Plainville,North Washington St,  ,  ,V,G,1.0,0,14-96a(a),,False,N,False,False,V,2025-12-25 20:50:02,Verbal Warning,,,False,1.0,CT0011000,20251229020605000001,2025-12-25 20:50:02,20:50:02,2025,14-215,,,2025,Defective Lights
2025-12-28 02:05:44.063000,8018709.0,CT0011000,Plainville,Racial Profile,39,25-18952,Case No.,2025-12-26 00:00:00,December,W,N,M,49,True,False, Plainville,Northwest Dr,  ,  ,E,G,1.0,0,14-96c,,False,N,False,False,V,2025-12-26 18:42:25,Verbal Warning,,,False,1.0,CT0011000,20251228020527000001,2025-12-26 18:42:25,18:42:25,2025,,,,2025,Defective Lights
2026-01-02 02:06:29.613000,8030784.0,CT0011000,Plainville,Racial Profile,43,25-18948,Case No.,2025-12-26 00:00:00,December,W,N,F,63,True,False, Plainville,East St,  ,  ,V,G,1.0,0,14-299b,,False,N,False,False,V,2025-12-26 17:47:10,Verbal Warning,,,False,1.0,CT0011000,20260102020605000001,2025-12-26 17:47:10,17:47:10,2025,,,,2025,Traffic Control Signal
2026-01-02 02:06:29.623000,8030786.0,CT0011000,Plainville,Racial Profile,43,25-18954,Case No.,2025-12-26 00:00:00,December,W,N,M,67,True,False, Plainville,East Main St,  ,  ,E,G,1.0,0,15-129a(b),,False,N,False,False,V,2025-12-26 19:11:44,Verbal Warning,,,False,1.0,CT0011000,20260102020605000001,2025-12-26 19:11:44,19:11:44,2025,,,,2025,Other
2026-01-01 02:06:22.737000,8028512.0,CT0011000,Plainville,Racial Profile,53,25-18932,Case No.,2025-12-26 00:00:00,December,B,N,F,48,True,True, Plainville,Arcadia Ave,  ,  ,V,G,1.0,0,14-301,,False,N,False,False,V,2025-12-26 09:35:09,Verbal Warning,,,False,1.0,CT0011000,20260101020607000001,2025-12-26 09:35:09,09:35:09,2025,,,,2025,Stop Sign
2025-12-27 02:06:11.650000,8016523.0,CT0011000,Plainville,Racial Profile,53,25-18934,Case No.,2025-12-26 00:00:00,December,W,N,F,70,False,False, Plainville,Arcadia Ave,  ,  ,V,G,1.0,0,14-301,,False,N,False,False,V,2025-12-26 09:58:48,Verbal Warning,,,False,1.0,CT0011000,20251227020553000001,2025-12-26 09:58:48,09:58:48,2025,,,,2025,Stop Sign
2025-12-27 02:06:11.650000,8016524.0,CT0011000,Plainville,Racial Profile,54,25-18937,Case No.,2025-12-26 00:00:00,December,W,N,M,53,True,False, Plainville,Cooke St,  ,  ,V,G,1.0,0,14-219,,False,N,False,False,V,2025-12-26 10:12:33,Verbal Warning,,,False,1.0,CT0011000,20251227020553000001,2025-12-26 10:12:33,10:12:33,2025,,,,2025,Speed Related
2026-01-01 02:06:22.753000,8028518.0,CT0011000,Plainville,Racial Profile,53,25-19013,Case No.,2025-12-27 00:00:00,December,W,N,M,0,False,False, Plainville,East Main St,  ,  ,E,B,1.0,0,14-96c,,False,N,False,False,V,2025-12-27 18:02:20,Verbal Warning,,,False,1.0,CT0011000,20260101020607000001,2025-12-27 18:02:20,18:02:20,2025,,,,2025,Defective Lights
2025-12-29 02:06:19.663000,8020952.0,CT0011000,Plainville,Racial Profile,30,25-19060,Case No.,2025-12-28 00:00:00,December,W,N,M,80,True,False, Plainville,East Main St,  ,  ,V,G,1.0,0,14-96a(a),,False,N,False,False,V,2025-12-28 17:56:22,Verbal Warning,,,False,1.0,CT0011000,20251229020605000001,2025-12-28 17:56:22,17:56:22,2025,,,,2025,Defective Lights
2025-12-29 02:06:19.663000,8020951.0,CT0011000,Plainville,Racial Profile,52,25-19046,Case No.,2025-12-28 00:00:00,December,W,H,M,51,True,False, Plainville,Woodford Ave,  ,  ,V,G,2.0,1,14-12(a)*,,False,N,False,False,W,2025-12-28 07:19:55,Written Ticket,,,False,1.0,CT0011000,20251229020605000001,2025-12-28 07:19:55,07:19:55,2025,,,,2025,Registration
2025-12-29 02:06:19.667000,8020953.0,CT0011000,Plainville,Racial Profile,57,25-19061,Case No.,2025-12-28 00:00:00,December,B,N,F,46,True,True, Plainville,West Main St,  ,  ,E,G,1.0,0,14-96a(a),,False,O,False,False,V,2025-12-28 19:01:13,Verbal Warning,,,False,1.0,CT0011000,20251229020605000001,2025-12-28 19:01:13,19:01:13,2025,,,,2025,Defective Lights
2026-01-02 02:06:29.647000,8030791.0,CT0011000,Plainville,Racial Profile,57,25-19063,Case No.,2025-12-28 00:00:00,December,W,N,F,49,True,False, Plainville,Camp St,  ,  ,E,G,1.0,0,14-301,,False,O,False,False,V,2025-12-28 19:39:38,Verbal Warning,,,False,1.0,CT0011000,20260102020605000001,2025-12-28 19:39:38,19:39:38,2025,,,,2025,Stop Sign
2025-12-31 02:06:04.177000,8026279.0,CT0011000,Plainville,Racial Profile,57,25-19066,Case No.,2025-12-28 00:00:00,December,B,N,M,51,True,False, Plainville,East St,  ,  ,E,G,1.0,0,14-236,,False,O,False,False,V,2025-12-28 20:11:59,Verbal Warning,,,False,1.0,CT0011000,20251231020548000001,2025-12-28 20:11:59,20:11:59,2025,,,,2025,Moving Violation
2025-12-31 02:06:04.190000,8026280.0,CT0011000,Plainville,Racial Profile,57,25-19067,Case No.,2025-12-28 00:00:00,December,W,H,M,50,True,False, Plainville,West Main St,  ,  ,E,G,3.0,1,14-96c,,True,O,True,True,U,2025-12-28 21:05:18,Uniform ArrestReport,,,False,1.0,CT0011000,20251231020548000001,2025-12-28 21:05:18,21:05:18,2025,14-227a,,,2025,Defective Lights
2026-01-03 02:06:36.893000,8033057.0,CT0011000,Plainville,Racial Profile,30,25-19139,Case No.,2025-12-29 00:00:00,December,W,N,M,71,True,False, Plainville,New Britain Ave,  ,  ,E,G,1.0,0,14-96y,,False,N,False,False,V,2025-12-29 19:49:30,Verbal Warning,,,False,1.0,CT0011000,20260103020619000001,2025-12-29 19:49:30,19:49:30,2025,,,,2025,Defective Lights
2025-12-30 02:06:22.390000,8024082.0,CT0011000,Plainville,Racial Profile,33,25-19123,Case No.,2025-12-29 00:00:00,December,W,H,F,38,True,False, Plainville,East Main St,  ,  ,V,G,1.0,0,14-296aa(b1st,,False,N,False,False,V,2025-12-29 14:42:51,Verbal Warning,,,False,1.0,CT0011000,20251230020606000001,2025-12-29 14:42:51,14:42:51,2025,,,,2025,Cell Phone
2026-01-04 02:06:28.703000,8035348.0,CT0011000,Plainville,Racial Profile,39,25-19141,Case No.,2025-12-29 00:00:00,December,W,N,M,28,True,False, Plainville,Woodford Ave,  ,  ,E,G,1.0,0,14-96c,,False,O,False,False,I,2025-12-29 19:57:51,Infraction Ticket,,,False,1.0,CT0011000,20260104020612000001,2025-12-29 19:57:51,19:57:51,2025,14-12(a)*,,,2025,Defective Lights
2026-01-05 02:06:05.430000,8037687.0,CT0011000,Plainville,Racial Profile,39,25-19143,Case No.,2025-12-29 00:00:00,December,W,N,M,24,True,False, Plainville,Woodford Ave,  ,  ,E,G,1.0,0,14-96c,,False,N,False,False,V,2025-12-29 20:42:48,Verbal Warning,,,False,1.0,CT0011000,20260105020550000001,2025-12-29 20:42:48,20:42:48,2025,,,,2025,Defective Lights
2026-01-04 02:06:28.697000,8035346.0,CT0011000,Plainville,Racial Profile,46,25-19127,Case No.,2025-12-29 00:00:00,December,W,N,F,37,True,True, Plainville,North Washington St,  ,  ,E,G,1.0,0,14-96c,,False,N,False,False,V,2025-12-29 17:40:04,Verbal Warning,,,False,1.0,CT0011000,20260104020612000001,2025-12-29 17:40:04,17:40:04,2025,,,,2025,Defective Lights
2025-12-31 02:06:04.200000,8026282.0,CT0011000,Plainville,Racial Profile,48,25-19083,Case No.,2025-12-29 00:00:00,December,W,N,M,42,True,False, Plainville,New Britain Ave,  ,  ,V,G,1.0,0,14-96y,,True,N,False,False,V,2025-12-29 03:18:51,Verbal Warning,,,False,1.0,CT0011000,20251231020548000001,2025-12-29 03:18:51,03:18:51,2025,,,,2025,Defective Lights
2025-12-30 02:06:22.343000,8024076.0,CT0011000,Plainville,Racial Profile,51,25-19073,Case No.,2025-12-29 00:00:00,December,W,N,M,36,True,False, Plainville,Camp St,  ,  ,V,G,1.0,0,14-96b,,False,N,False,False,V,2025-12-29 01:23:55,Verbal Warning,,,False,1.0,CT0011000,20251230020606000001,2025-12-29 01:23:55,01:23:55,2025,,,,2025,Defective Lights
2026-01-06 02:06:33.833000,8040096.0,CT0011000,Plainville,Racial Profile,54,25-19118,Case No.,2025-12-29 00:00:00,December,W,N,F,67,True,True, Plainville,Arcadia Ave,  ,  ,V,G,1.0,0,14-12(a)*,,False,N,False,False,V,2025-12-29 13:36:06,Verbal Warning,,,False,1.0,CT0011000,20260106020617000001,2025-12-29 13:36:06,13:36:06,2025,,,,2025,Registration
2026-01-06 02:06:33.833000,8040097.0,CT0011000,Plainville,Racial Profile,54,25-19120,Case No.,2025-12-29 00:00:00,December,W,N,M,54,True,True, Plainville,Pickney Ave,  ,  ,V,G,1.0,0,14-301,,False,N,False,False,V,2025-12-29 13:57:47,Verbal Warning,,,False,1.0,CT0011000,20260106020617000001,2025-12-29 13:57:47,13:57:47,2025,,,,2025,Stop Sign
2026-01-01 02:06:22.780000,8028529.0,CT0011000,Plainville,Racial Profile,54,25-19121,Case No.,2025-12-29 00:00:00,December,W,N,M,21,True,True, Plainville,Pickney Ave,  ,  ,V,G,2.0,0,14-301,,False,N,False,False,I,2025-12-29 14:05:06,Infraction Ticket,,,False,1.0,CT0011000,20260101020607000001,2025-12-29 14:05:06,14:05:06,2025,,,,2025,Stop Sign
2026-01-02 02:06:29.693000,8030799.0,CT0011000,Plainville,Racial Profile,55,25-19122,Case No.,2025-12-29 00:00:00,December,W,N,M,59,True,False, Plainville,East Main St,  ,  ,E,G,1.0,0,14-96c,,False,N,False,False,V,2025-12-29 14:13:32,Verbal Warning,,,False,1.0,CT0011000,20260102020605000001,2025-12-29 14:13:32,14:13:32,2025,,,,2025,Defective Lights
2026-01-03 02:06:36.903000,8033060.0,CT0011000,Plainville,Racial Profile,56,25-19144,Case No.,2025-12-29 00:00:00,December,W,N,F,17,True,True, Plainville,North Washington St,  ,  ,E,G,1.0,0,14-96c,,False,N,False,False,V,2025-12-29 22:57:04,Verbal Warning,,,False,1.0,CT0011000,20260103020619000001,2025-12-29 22:57:04,22:57:04,2025,,,,2025,Defective Lights
2026-01-04 02:06:28.747000,8035365.0,CT0011000,Plainville,Racial Profile,27,25-19224,Case No.,2025-12-30 00:00:00,December,W,H,F,33,True,False, Plainville,Farmington Ave,  ,  ,V,G,1.0,0,14-299,,False,N,False,False,V,2025-12-30 17:53:10,Verbal Warning,,,False,1.0,CT0011000,20260104020612000001,2025-12-30 17:53:10,17:53:10,2025,,,,2025,Traffic Control Signal
2026-01-04 02:06:28.713000,8035352.0,CT0011000,Plainville,Racial Profile,29,25-19181,Case No.,2025-12-30 00:00:00,December,W,N,M,47,True,False, Plainville,New Britain Ave,  ,  ,V,G,1.0,0,14-236,,False,N,False,False,V,2025-12-30 05:14:01,Verbal Warning,,,False,1.0,CT0011000,20260104020612000001,2025-12-30 05:14:01,05:14:01,2025,,,,2025,Moving Violation
2025-12-31 02:06:04.277000,8026304.0,CT0011000,Plainville,Racial Profile,30,25-19219,Case No.,2025-12-30 00:00:00,December,W,N,F,56,True,False, Plainville,Farmington Ave,  ,  ,V,G,1.0,0,14-299,,False,N,False,False,V,2025-12-30 16:25:02,Verbal Warning,,,False,1.0,CT0011000,20251231020548000001,2025-12-30 16:25:02,16:25:02,2025,,,,2025,Traffic Control Signal
2026-01-01 02:06:22.810000,8028538.0,CT0011000,Plainville,Racial Profile,33,25-19190,Case No.,2025-12-30 00:00:00,December,A,N,F,51,True,True, Plainville,Broad St,  ,  ,V,G,1.0,0,14-301,,False,N,False,False,V,2025-12-30 09:03:10,Verbal Warning,,,False,1.0,CT0011000,20260101020607000001,2025-12-30 09:03:10,09:03:10,2025,,,,2025,Stop Sign
2026-01-03 02:06:36.927000,8033069.0,CT0011000,Plainville,Racial Profile,33,25-19197,Case No.,2025-12-30 00:00:00,December,B,N,F,39,True,True, Plainville,Crooked St,  ,  ,V,G,1.0,0,14-12(a),,False,N,False,False,W,2025-12-30 10:58:46,Written Ticket,,,False,1.0,CT0011000,20260103020619000001,2025-12-30 10:58:46,10:58:46,2025,,,,2025,Registration
2026-01-01 02:06:22.823000,8028544.0,CT0011000,Plainville,Racial Profile,33,25-19201,Case No.,2025-12-30 00:00:00,December,W,N,F,21,True,False, Plainville,Broad St,  ,  ,V,G,1.0,0,14-301,,False,N,False,False,V,2025-12-30 11:52:32,Verbal Warning,,,False,1.0,CT0011000,20260101020607000001,2025-12-30 11:52:32,11:52:32,2025,,,,2025,Stop Sign
2026-01-06 02:06:33.897000,8040116.0,CT0011000,Plainville,Racial Profile,33,25-19202,Case No.,2025-12-30 00:00:00,December,W,N,F,52,True,False, Plainville,Broad St,  ,  ,V,G,1.0,0,14-301,,False,N,False,False,V,2025-12-30 12:00:44,Verbal Warning,,,False,1.0,CT0011000,20260106020617000001,2025-12-30 12:00:44,12:00:44,2025,,,,2025,Stop Sign
2026-01-02 02:06:29.813000,8030816.0,CT0011000,Plainville,Racial Profile,33,25-19209,Case No.,2025-12-30 00:00:00,December,W,N,M,41,True,False, Plainville,West Main St,  ,  ,V,B,3.0,1,14-215(a),,False,N,False,False,M,2025-12-30 13:43:02,Misdemeanor Summons,,,False,1.0,CT0011000,20260102020605000001,2025-12-30 13:43:02,13:43:02,2025,,,,2025,Administrative Offense
2026-01-01 02:06:22.830000,8028547.0,CT0011000,Plainville,Racial Profile,33,25-19215,Case No.,2025-12-30 00:00:00,December,W,N,F,60,True,False, Plainville,Laurel Ct,  ,  ,V,G,1.0,0,14-301,,False,N,False,False,V,2025-12-30 14:43:55,Verbal Warning,,,False,1.0,CT0011000,20260101020607000001,2025-12-30 14:43:55,14:43:55,2025,,,,2025,Stop Sign
2026-01-05 02:06:05.443000,8037693.0,CT0011000,Plainville,Racial Profile,36,25-19191,Case No.,2025-12-30 00:00:00,December,W,N,M,81,True,False, Plainville,Broad St,  ,  ,V,G,1.0,0,14-100a(c)(1),,False,N,False,False,W,2025-12-30 09:19:02,Written Ticket,,,False,1.0,CT0011000,20260105020550000001,2025-12-30 09:19:02,09:19:02,2025,,,,2025,Seatbelt
2025-12-31 02:06:04.250000,8026296.0,CT0011000,Plainville,Racial Profile,36,25-19193,Case No.,2025-12-30 00:00:00,December,W,N,F,65,True,False, Plainville,Neal Ct,  ,  ,V,G,1.0,0,14-96c,,False,N,False,False,V,2025-12-30 09:31:16,Verbal Warning,,,False,1.0,CT0011000,20251231020548000001,2025-12-30 09:31:16,09:31:16,2025,,,,2025,Defective Lights
2026-01-09 02:06:59.260000,8060070.0,CT0011000,Plainville,Racial Profile,47,25-19237,Case No.,2025-12-30 00:00:00,December,W,H,F,40,True,True, Plainville,East St,  ,  ,V,G,3.0,1,14-236,,True,O,True,True,U,2025-12-30 21:53:50,Uniform ArrestReport,,,False,1.0,CT0011000,20260109020634000001,2025-12-30 21:53:50,21:53:50,2025,14-227a,,,2025,Moving Violation
2026-01-01 02:06:22.800000,8028536.0,CT0011000,Plainville,Racial Profile,48,25-19152,Case No.,2025-12-30 00:00:00,December,W,H,M,32,True,False, Plainville,North Washington St,  ,  ,V,G,1.0,0,14-96a(a),,False,N,False,False,V,2025-12-30 01:05:58,Verbal Warning,,,False,1.0,CT0011000,20260101020607000001,2025-12-30 01:05:58,01:05:58,2025,,,,2025,Defective Lights
2025-12-31 02:06:04.230000,8026293.0,CT0011000,Plainville,Racial Profile,51,25-19183,Case No.,2025-12-30 00:00:00,December,W,N,M,29,True,True, Plainville,Newton Ave,  ,  ,V,G,1.0,0,14-301,,False,N,False,False,V,2025-12-30 05:28:04,Verbal Warning,,,False,1.0,CT0011000,20251231020548000001,2025-12-30 05:28:04,05:28:04,2025,,,,2025,Stop Sign
2026-01-01 02:06:22.817000,8028541.0,CT0011000,Plainville,Racial Profile,55,25-19194,Case No.,2025-12-30 00:00:00,December,W,N,F,34,True,False, Plainville,Twining St,  ,  ,V,G,1.0,0,14-301,,False,N,False,False,W,2025-12-30 09:40:21,Written Ticket,,,False,1.0,CT0011000,20260101020607000001,2025-12-30 09:40:21,09:40:21,2025,,,,2025,Stop Sign
2026-01-01 02:06:22.820000,8028542.0,CT0011000,Plainville,Racial Profile,55,25-19196,Case No.,2025-12-30 00:00:00,December,W,N,F,68,True,True, Plainville,South Washington St,  ,  ,V,G,1.0,0,14-301,,False,N,False,False,V,2025-12-30 10:17:17,Verbal Warning,,,False,1.0,CT0011000,20260101020607000001,2025-12-30 10:17:17,10:17:17,2025,,,,2025,Stop Sign
2026-01-04 02:06:28.757000,8035366.0,CT0011000,Plainville,Racial Profile,57,25-19229,Case No.,2025-12-30 00:00:00,December,W,N,F,43,True,False, Plainville,Camp St,  ,  ,V,G,1.0,0,14-236,,False,N,False,False,V,2025-12-30 20:21:41,Verbal Warning,,,False,1.0,CT0011000,20260104020612000001,2025-12-30 20:21:41,20:21:41,2025,,,,2025,Moving Violation
2026-01-01 02:06:22.840000,8028551.0,CT0011000,Plainville,Racial Profile,57,25-19230,Case No.,2025-12-30 00:00:00,December,W,N,F,61,True,False, Plainville,Washington St,  ,  ,V,G,2.0,0,14-12(a)*,,False,N,False,False,I,2025-12-30 20:27:35,Infraction Ticket,,,False,1.0,CT0011000,20260101020607000001,2025-12-30 20:27:35,20:27:35,2025,,,,2025,Registration
2026-01-01 02:06:22.843000,8028552.0,CT0011000,Plainville,Racial Profile,57,25-19232,Case No.,2025-12-30 00:00:00,December,W,H,M,38,True,True, Plainville,Farmington Ave,  ,  ,V,G,3.0,0,14-213b,,False,N,False,False,I,2025-12-30 20:54:20,Infraction Ticket,,,False,1.0,CT0011000,20260101020607000001,2025-12-30 20:54:20,20:54:20,2025,,,,2025,Administrative Offense
2026-01-04 02:06:28.763000,8035369.0,CT0011000,Plainville,Racial Profile,57,25-19236,Case No.,2025-12-30 00:00:00,December,W,H,M,17,True,False, Plainville,West Main St,  ,  ,V,G,1.0,0,14-36(a),,False,N,False,False,N,2025-12-30 21:45:42,No Disposition,,,False,1.0,CT0011000,20260104020612000001,2025-12-30 21:45:42,21:45:42,2025,,,,2025,Unlicensed Operation
2026-01-01 02:06:22.897000,8028568.0,CT0011000,Plainville,Racial Profile,27,25-19300,Case No.,2025-12-31 00:00:00,December,W,N,M,21,True,False, Plainville,WEST MAIN ST,  ,  ,E,G,1.0,0,14-96a(a),,False,N,False,False,V,2025-12-31 20:36:22,Verbal Warning,,,False,1.0,CT0011000,20260101020607000001,2025-12-31 20:36:22,20:36:22,2025,,,,2025,Defective Lights
2026-01-06 02:06:33.940000,8040131.0,CT0011000,Plainville,Racial Profile,33,25-19273,Case No.,2025-12-31 00:00:00,December,W,N,M,35,True,True, Plainville,Whiting St,  ,  ,V,G,1.0,0,14-12(a)*,,False,N,False,False,V,2025-12-31 09:22:13,Verbal Warning,,,False,1.0,CT0011000,20260106020617000001,2025-12-31 09:22:13,09:22:13,2025,,,,2025,Registration
2026-01-10 02:06:20.300000,8063130.0,CT0011000,Plainville,Racial Profile,33,25-19277,Case No.,2025-12-31 00:00:00,December,W,N,F,16,True,True, Plainville,Tomlinson Ave,  ,  ,V,G,1.0,0,14-301,,False,N,False,False,V,2025-12-31 10:06:48,Verbal Warning,,,False,1.0,CT0011000,20260110020602000001,2025-12-31 10:06:48,10:06:48,2025,,,,2025,Stop Sign
2026-01-04 02:06:28.813000,8035378.0,CT0011000,Plainville,Racial Profile,33,25-19278,Case No.,2025-12-31 00:00:00,December,W,N,F,64,True,True, Plainville,Laurel Ct,  ,  ,V,G,1.0,0,14-301,,False,N,False,False,V,2025-12-31 10:18:06,Verbal Warning,,,False,1.0,CT0011000,20260104020612000001,2025-12-31 10:18:06,10:18:06,2025,,,,2025,Stop Sign
2026-01-01 02:06:22.860000,8028558.0,CT0011000,Plainville,Racial Profile,45,25-19271,Case No.,2025-12-31 00:00:00,December,W,N,F,34,True,False, Plainville,Broad St,  ,  ,V,G,1.0,0,14-301,,False,N,False,False,V,2025-12-31 07:32:39,Verbal Warning,,,False,1.0,CT0011000,20260101020607000001,2025-12-31 07:32:39,07:32:39,2025,,,,2025,Stop Sign
2026-01-03 02:06:36.973000,8033080.0,CT0011000,Plainville,Racial Profile,48,25-19239,Case No.,2025-12-31 00:00:00,December,W,N,M,34,True,False, Plainville,East St,  ,  ,V,G,1.0,0,14-96a(a),,False,N,False,False,V,2025-12-31 01:07:54,Verbal Warning,,,False,1.0,CT0011000,20260103020619000001,2025-12-31 01:07:54,01:07:54,2025,,,,2025,Defective Lights
2025-12-31 02:06:04.300000,8026311.0,CT0011000,Plainville,Racial Profile,48,25-19246,Case No.,2025-12-31 00:00:00,December,W,N,M,34,True,True, Plainville,Metacomet Rd,  ,  ,V,G,1.0,0,14-96y,,False,N,False,False,V,2025-12-31 01:28:16,Verbal Warning,,,False,1.0,CT0011000,20251231020548000001,2025-12-31 01:28:16,01:28:16,2025,,,,2025,Defective Lights
2026-01-01 02:06:22.853000,8028556.0,CT0011000,Plainville,Racial Profile,50,25-19269,Case No.,2025-12-31 00:00:00,December,W,N,F,68,False,False, Plainville,New Britain Ave,  ,  ,V,G,1.0,0,14-219,,False,N,False,False,V,2025-12-31 07:16:16,Verbal Warning,,,False,1.0,CT0011000,20260101020607000001,2025-12-31 07:16:16,07:16:16,2025,,,,2025,Speed Related
2026-01-05 02:06:05.500000,8037712.0,CT0011000,Plainville,Racial Profile,50,25-19270,Case No.,2025-12-31 00:00:00,December,W,N,F,64,True,False, Plainville,New Britain Ave,  ,  ,V,G,1.0,0,14-299,,False,N,False,False,V,2025-12-31 07:27:45,Verbal Warning,,,False,1.0,CT0011000,20260105020550000001,2025-12-31 07:27:45,07:27:45,2025,,,,2025,Traffic Control Signal
2026-01-08 02:06:32.497000,8050462.0,CT0011000,Plainville,Racial Profile,52,25-19295,Case No.,2025-12-31 00:00:00,December,W,H,M,64,True,False, Plainville,Farmington Ave,  ,  ,V,G,3.0,1,14-299,,True,O,False,True,U,2025-12-31 19:28:03,Uniform ArrestReport,,,False,1.0,CT0011000,20260108020618000001,2025-12-31 19:28:03,19:28:03,2025,14-227a,,,2025,Traffic Control Signal
2026-01-04 02:06:28.817000,8035379.0,CT0011000,Plainville,Racial Profile,55,25-19287,Case No.,2025-12-31 00:00:00,December,W,N,F,68,True,True, Plainville,Lincoln St,  ,  ,V,G,1.0,0,14-96c,,False,N,False,False,V,2025-12-31 14:41:17,Verbal Warning,,,False,1.0,CT0011000,20260104020612000001,2025-12-31 14:41:17,14:41:17,2025,,,,2025,Defective Lights
2026-01-01 02:06:22.873000,8028563.0,CT0011000,Plainville,Racial Profile,55,25-19288,Case No.,2025-12-31 00:00:00,December,W,N,F,29,True,True, Plainville,Whiting St,  ,  ,V,G,1.0,0,14-236,,False,N,False,False,V,2025-12-31 14:57:03,Verbal Warning,,,False,1.0,CT0011000,20260101020607000001,2025-12-31 14:57:03,14:57:03,2025,,,,2025,Moving Violation
2026-01-03 02:06:37.003000,8033090.0,CT0011000,Plainville,Racial Profile,55,25-19289,Case No.,2025-12-31 00:00:00,December,W,N,M,35,True,False, Plainville,West Broad St,  ,  ,V,G,1.0,0,14-301,,False,N,False,False,I,2025-12-31 15:19:11,Infraction Ticket,,,False,1.0,CT0011000,20260103020619000001,2025-12-31 15:19:11,15:19:11,2025,,,,2025,Stop Sign
2026-01-01 02:06:22.887000,8028565.0,CT0011000,Plainville,Racial Profile,56,25-19292,Case No.,2025-12-31 00:00:00,December,W,N,M,29,True,True, Plainville,Broad St,  ,  ,V,G,1.0,0,14-219,,False,N,False,False,I,2025-12-31 18:58:23,Infraction Ticket,,,False,1.0,CT0011000,20260101020607000001,2025-12-31 18:58:23,18:58:23,2025,14-12(a),,,2025,Speed Related
2026-01-01 02:06:22.903000,8028571.0,CT0011000,Plainville,Racial Profile,56,25-19305,Case No.,2025-12-31 00:00:00,December,W,N,M,33,True,False, Plainville,Linden St,  ,  ,V,G,1.0,0,14-301,,False,N,False,False,V,2025-12-31 21:33:47,Verbal Warning,,,False,1.0,CT0011000,20260101020607000001,2025-12-31 21:33:47,21:33:47,2025,,,,2025,Stop Sign
2026-01-05 02:06:05.557000,8037731.0,CT0011000,Plainville,Racial Profile,56,25-19311,Case No.,2025-12-31 00:00:00,December,B,N,M,56,True,False, Plainville,New Britain Ave,  ,  ,V,G,1.0,0,14-242,,False,N,False,False,V,2025-12-31 22:26:15,Verbal Warning,,,False,1.0,CT0011000,20260105020550000001,2025-12-31 22:26:15,22:26:15,2025,,,,2025,Moving Violation
2026-01-03 02:06:37.007000,8033092.0,CT0011000,Plainville,Racial Profile,57,25-19294,Case No.,2025-12-31 00:00:00,December,W,N,M,42,True,True, Plainville,East St,  ,  ,V,G,1.0,0,14-12(a)*,,False,N,False,False,I,2025-12-31 19:21:25,Infraction Ticket,,,False,1.0,CT0011000,20260103020619000001,2025-12-31 19:21:25,19:21:25,2025,,,,2025,Registration
2026-01-01 02:06:22.890000,8028567.0,CT0011000,Plainville,Racial Profile,57,25-19297,Case No.,2025-12-31 00:00:00,December,W,N,F,54,True,False, Plainville,New Britain Ave,  ,  ,V,G,1.0,0,14-236,,False,N,False,False,I,2025-12-31 20:22:21,Infraction Ticket,,,False,1.0,CT0011000,20260101020607000001,2025-12-31 20:22:21,20:22:21,2025,,,,2025,Moving Violation
2026-01-04 02:06:28.840000,8035387.0,CT0011000,Plainville,Racial Profile,57,25-19301,Case No.,2025-12-31 00:00:00,December,W,H,M,18,True,False, Plainville,New Britain Ave,  ,  ,V,G,1.0,0,14-236,,False,N,False,False,V,2025-12-31 20:47:24,Verbal Warning,,,False,1.0,CT0011000,20260104020612000001,2025-12-31 20:47:24,20:47:24,2025,,,,2025,Moving Violation
2026-01-01 02:06:22.900000,8028570.0,CT0011000,Plainville,Racial Profile,57,25-19303,Case No.,2025-12-31 00:00:00,December,W,H,M,75,True,False, Plainville,Mohawk Rd,  ,  ,V,G,1.0,0,14-301,,False,N,False,False,V,2025-12-31 21:26:05,Verbal Warning,,,False,1.0,CT0011000,20260101020607000001,2025-12-31 21:26:05,21:26:05,2025,,,,2025,Stop Sign
2026-01-03 02:06:37.027000,8033099.0,CT0011000,Plainville,Racial Profile,57,25-19306,Case No.,2025-12-31 00:00:00,December,W,N,M,33,True,True, Plainville,East St,  ,  ,V,G,1.0,0,14-299,,False,N,False,False,V,2025-12-31 21:37:28,Verbal Warning,,,False,1.0,CT0011000,20260103020619000001,2025-12-31 21:37:28,21:37:28,2025,,,,2025,Traffic Control Signal
2026-01-01 02:06:22.910000,8028574.0,CT0011000,Plainville,Racial Profile,57,25-19307,Case No.,2025-12-31 00:00:00,December,W,H,M,31,True,False, Plainville,Cooke St,  ,  ,V,G,1.0,0,14-213b,,False,N,False,False,V,2025-12-31 21:47:15,Verbal Warning,,,False,1.0,CT0011000,20260101020607000001,2025-12-31 21:47:15,21:47:15,2025,,,,2025,Administrative Offense
2026-01-04 02:06:28.860000,8035391.0,CT0011000,Plainville,Racial Profile,57,25-19308,Case No.,2025-12-31 00:00:00,December,W,M,M,57,True,False, Plainville,Farmington Ave,  ,  ,V,G,1.0,0,14-215,,False,N,False,False,V,2025-12-31 21:59:52,Verbal Warning,,,False,1.0,CT0011000,20260104020612000001,2025-12-31 21:59:52,21:59:52,2025,,,,2025,Administrative Offense
2026-01-09 02:06:59.427000,8060094.0,CT0011000,Plainville,Racial Profile,57,25-19310,Case No.,2025-12-31 00:00:00,December,W,N,F,17,True,True, Plainville,Woodford Ave,  ,  ,V,G,1.0,0,14-18(c),,False,N,False,False,V,2025-12-31 22:04:44,Verbal Warning,,,False,1.0,CT0011000,20260109020634000001,2025-12-31 22:04:44,22:04:44,2025,,,,2025,Display of Plates
