CreatedDate,ProfileNo,OrganizationIdentificationID,Department Name,OrganizationActivityText,ReportingOfficerIdentificationID,InterventionIdentificationID,IdentificationCategoryDescriptionText,InterventionDate,Month,SubjectRaceCode,SubjectEthnicityCode,SubjectSexCode,SubjectAge,ResidentIndicator,TownRecidentIndicator,InterventionLocationName,InterventionLocationDescriptionText,InterventionLocationLatitude,InterventionLocationLongitude,InterventionReasonCode,InterventionTechniqueCode,InterventionDurationCode,TowedIndicator,StatuteCodeIdentificationID,StatutatoryCitationPostStop,VehicleSearchedIndicator,SearchAuthorizationCode,ContrabandIndicator,CustodialArrestIndicator,InterventionDispositionCode,InterventionDispositionDate,InterventionDispositionReasonText,IsStatuteCodeValid,IsStatutatoryCitationValid,IsaTest,RecordCount,SourceId,SourceReferenceId,InterventionDateTime,InterventionTime,filenumber,StatutatoryCitation,Road Type,ReasonForStop,Year,Reason for Stop
2025-01-15 03:00:07.730000,7169172.0,CT0014000,Thomaston,Racial Profile,07,25-89,Case No.,2025-01-02 00:00:00,January,W,N,F,56,True,False, Thomaston,Elm Street,  ,  ,V,G,1.0,0,14-301,,False,N,False,False,V,2025-01-02 16:11:26,Verbal Warning,,,False,1.0,CT0014000,20250115030004000001,2025-01-02 16:11:26,16:11:26,2025,,,,2025,Stop Sign
2025-01-19 03:00:08.267000,7184835.0,CT0014000,Thomaston,Racial Profile,05,25-275,Case No.,2025-01-05 00:00:00,January,I,N,M,21,False,False, Thomaston,Elm Street,  ,  ,V,G,1.0,0,14-301,,False,N,False,False,V,2025-01-05 21:12:22,Verbal Warning,,,False,1.0,CT0014000,20250119030005000001,2025-01-05 21:12:22,21:12:22,2025,,,,2025,Stop Sign
2025-01-19 03:00:08.260000,7184834.0,CT0014000,Thomaston,Racial Profile,05,25-274,Case No.,2025-01-05 00:00:00,January,W,N,F,31,False,True, Thomaston,Elm Street,  ,  ,V,G,1.0,0,14-301,,False,N,False,False,V,2025-01-05 20:49:32,Verbal Warning,,,False,1.0,CT0014000,20250119030005000001,2025-01-05 20:49:32,20:49:32,2025,,,,2025,Stop Sign
2025-01-10 03:00:10.713000,7167357.0,CT0014000,Thomaston,Racial Profile,05,25-400,Case No.,2025-01-07 00:00:00,January,W,N,M,55,True,False, Thomaston,Elm Street,  ,  ,V,G,1.0,0,14-301,,False,N,False,False,V,2025-01-07 20:22:46,Verbal Warning,,,False,1.0,CT0014000,20250110030005000001,2025-01-07 20:22:46,20:22:46,2025,,,,2025,Stop Sign
2025-01-11 03:00:07.730000,7167413.0,CT0014000,Thomaston,Racial Profile,05,25-607,Case No.,2025-01-10 00:00:00,January,W,N,M,29,True,False, Thomaston,Maple Street,  ,  ,V,G,1.0,0,14-301,,False,N,False,False,V,2025-01-10 16:36:15,Verbal Warning,,,False,1.0,CT0014000,20250111030004000001,2025-01-10 16:36:15,16:36:15,2025,,,,2025,Stop Sign
2025-01-11 03:00:07.717000,7167412.0,CT0014000,Thomaston,Racial Profile,05,25-606,Case No.,2025-01-10 00:00:00,January,W,N,M,37,True,False, Thomaston,Park Street,  ,  ,V,G,1.0,0,14-301,,False,N,False,False,V,2025-01-10 16:00:17,Verbal Warning,,,False,1.0,CT0014000,20250111030004000001,2025-01-10 16:00:17,16:00:17,2025,,,,2025,Stop Sign
2025-01-15 03:00:07.740000,7169173.0,CT0014000,Thomaston,Racial Profile,07,25-735,Case No.,2025-01-13 00:00:00,January,W,N,F,17,True,False, Thomaston,East Main Street (Rt. 6),  ,  ,V,G,1.0,0,14-301,,False,N,False,False,V,2025-01-13 15:03:03,Verbal Warning,,,False,1.0,CT0014000,20250115030004000001,2025-01-13 15:03:03,15:03:03,2025,,,,2025,Stop Sign
2025-01-15 03:00:07.750000,7169174.0,CT0014000,Thomaston,Racial Profile,07,25-807,Case No.,2025-01-14 00:00:00,January,W,N,M,22,True,False, Thomaston,Route 8 SB x 39 Entrance Ramp,  ,  ,V,G,1.0,0,14-301,,False,N,False,False,V,2025-01-14 16:09:28,Verbal Warning,,,False,1.0,CT0014000,20250115030004000001,2025-01-14 16:09:28,16:09:28,2025,,,,2025,Stop Sign
2025-01-19 03:00:08.283000,7184837.0,CT0014000,Thomaston,Racial Profile,05,25-969,Case No.,2025-01-17 00:00:00,January,W,N,F,34,False,True, Thomaston,Elm Street,  ,  ,V,G,1.0,0,14-4,,False,N,False,False,V,2025-01-17 17:25:20,Verbal Warning,,,False,1.0,CT0014000,20250119030005000001,2025-01-17 17:25:20,17:25:20,2025,,,,2025,Other
2025-01-19 03:00:08.277000,7184836.0,CT0014000,Thomaston,Racial Profile,05,25-965,Case No.,2025-01-17 00:00:00,January,W,N,F,55,False,False, Thomaston,Elm Street,  ,  ,V,G,1.0,0,14-301,,False,N,False,False,V,2025-01-17 17:05:09,Verbal Warning,,,False,1.0,CT0014000,20250119030005000001,2025-01-17 17:05:09,17:05:09,2025,,,,2025,Stop Sign
2025-01-19 03:00:08.293000,7184838.0,CT0014000,Thomaston,Racial Profile,07,25-1027,Case No.,2025-01-18 00:00:00,January,W,N,F,22,True,True, Thomaston,South Main Street (Rt. 254),  ,  ,V,G,1.0,0,14-299,,False,N,False,False,V,2025-01-18 19:25:35,Verbal Warning,,,False,1.0,CT0014000,20250119030005000001,2025-01-18 19:25:35,19:25:35,2025,,,,2025,Traffic Control Signal
2025-01-25 03:00:06.620000,7185638.0,CT0014000,Thomaston,Racial Profile,05,25-1324,Case No.,2025-01-24 00:00:00,January,B,N,M,33,False,False, Thomaston,Elm Street,  ,  ,V,G,1.0,0,14-301,,False,N,False,False,V,2025-01-24 15:33:43,Verbal Warning,,,False,1.0,CT0014000,20250125030004000001,2025-01-24 15:33:43,15:33:43,2025,,,,2025,Stop Sign
2025-01-25 03:00:06.627000,7185641.0,CT0014000,Thomaston,Racial Profile,05,25-1327,Case No.,2025-01-24 00:00:00,January,W,N,M,78,True,True, Thomaston,Elm Street,  ,  ,V,G,1.0,0,14-301,,False,N,False,False,V,2025-01-24 16:30:21,Verbal Warning,,,False,1.0,CT0014000,20250125030004000001,2025-01-24 16:30:21,16:30:21,2025,,,,2025,Stop Sign
2025-01-25 03:00:06.623000,7185640.0,CT0014000,Thomaston,Racial Profile,07,25-1326,Case No.,2025-01-24 00:00:00,January,W,N,M,42,True,False, Thomaston,Main Street (Rt. 807),  ,  ,V,B,1.0,0,14-218a10,,False,N,False,False,V,2025-01-24 16:20:20,Verbal Warning,,,False,1.0,CT0014000,20250125030004000001,2025-01-24 16:20:20,16:20:20,2025,,,,2025,Speed Related
2025-01-25 03:00:06.633000,7185643.0,CT0014000,Thomaston,Racial Profile,05,25-1329,Case No.,2025-01-24 00:00:00,January,W,N,F,36,True,True, Thomaston,Elm Street,  ,  ,V,G,1.0,0,14-301,,False,N,False,False,V,2025-01-24 17:01:06,Verbal Warning,,,False,1.0,CT0014000,20250125030004000001,2025-01-24 17:01:06,17:01:06,2025,,,,2025,Stop Sign
2025-01-25 03:00:06.630000,7185642.0,CT0014000,Thomaston,Racial Profile,05,25-1328,Case No.,2025-01-24 00:00:00,January,W,N,F,0,True,True, Thomaston,Elm Street,  ,  ,V,G,1.0,0,14-301,,False,N,False,False,V,2025-01-24 16:39:59,Verbal Warning,,,False,1.0,CT0014000,20250125030004000001,2025-01-24 16:39:59,16:39:59,2025,,,,2025,Stop Sign
2025-01-25 03:00:06.623000,7185639.0,CT0014000,Thomaston,Racial Profile,07,25-1325,Case No.,2025-01-24 00:00:00,January,W,N,M,22,True,False, Thomaston,Main Street (Rt. 807),  ,  ,V,B,1.0,0,14-218a10,,False,N,False,False,V,2025-01-24 16:09:34,Verbal Warning,,,False,1.0,CT0014000,20250125030004000001,2025-01-24 16:09:34,16:09:34,2025,,,,2025,Speed Related
2025-01-26 03:00:07.360000,7185795.0,CT0014000,Thomaston,Racial Profile,07,25-1385,Case No.,2025-01-25 00:00:00,January,W,N,M,34,True,False, Thomaston,South Main Street (Rt. 254),  ,  ,V,G,1.0,0,14-301,,False,N,False,False,V,2025-01-25 16:47:44,Verbal Warning,,,False,1.0,CT0014000,20250126030004000001,2025-01-25 16:47:44,16:47:44,2025,,,,2025,Stop Sign
2025-01-28 03:00:08.003000,7186135.0,CT0014000,Thomaston,Racial Profile,07,25-1507,Case No.,2025-01-27 00:00:00,January,W,N,M,43,True,False, Thomaston,Route 8 NB x 39 Ramp,  ,  ,V,G,1.0,0,14-301,,False,N,False,False,V,2025-01-27 16:54:20,Verbal Warning,,,False,1.0,CT0014000,20250128030004000001,2025-01-27 16:54:20,16:54:20,2025,,,,2025,Stop Sign
2025-01-30 03:00:08.980000,7186470.0,CT0014000,Thomaston,Racial Profile,02,25-1591,Case No.,2025-01-29 00:00:00,January,W,N,M,40,True,True, Thomaston,Branch Road (Rt. 109),  ,  ,V,G,1.0,0,14-218a10,,False,N,False,False,V,2025-01-29 08:03:12,Verbal Warning,,,False,1.0,CT0014000,20250130030005000001,2025-01-29 08:03:12,08:03:12,2025,,,,2025,Speed Related
2025-01-31 03:00:07.897000,7186645.0,CT0014000,Thomaston,Racial Profile,01,25-1662,Case No.,2025-01-30 00:00:00,January,W,H,M,50,True,False, Thomaston,Branch Road (Rt. 109),  ,  ,V,G,1.0,0,14-219,,False,N,False,False,V,2025-01-30 09:19:59,Verbal Warning,,,False,1.0,CT0014000,20250131030004000001,2025-01-30 09:19:59,09:19:59,2025,,,,2025,Speed Related
2025-01-31 03:00:07.893000,7186644.0,CT0014000,Thomaston,Racial Profile,01,25-1661,Case No.,2025-01-30 00:00:00,January,W,N,M,49,True,False, Thomaston,Branch Road (Rt. 109),  ,  ,V,G,1.0,0,14-219,,False,N,False,False,V,2025-01-30 09:05:40,Verbal Warning,,,False,1.0,CT0014000,20250131030004000001,2025-01-30 09:05:40,09:05:40,2025,,,,2025,Speed Related
2025-01-31 03:00:07.890000,7186643.0,CT0014000,Thomaston,Racial Profile,01,25-1660,Case No.,2025-01-30 00:00:00,January,W,N,F,41,True,False, Thomaston,Branch Road (Rt. 109),  ,  ,V,G,1.0,0,14-219,,False,N,False,False,V,2025-01-30 08:59:54,Verbal Warning,,,False,1.0,CT0014000,20250131030004000001,2025-01-30 08:59:54,08:59:54,2025,,,,2025,Speed Related
2025-02-01 03:00:08.013000,7186839.0,CT0014000,Thomaston,Racial Profile,07,25-1783,Case No.,2025-01-31 00:00:00,January,W,H,M,31,True,False, Thomaston,Pine Hill Road (Rt. 6),  ,  ,V,G,1.0,0,14-299,,False,N,False,False,V,2025-01-31 16:14:50,Verbal Warning,,,False,1.0,CT0014000,20250201030004000001,2025-01-31 16:14:50,16:14:50,2025,,,,2025,Traffic Control Signal
2025-02-16 03:00:08.463000,7221906.0,CT0014000,Thomaston,Racial Profile,04,25-1820,Case No.,2025-02-01 00:00:00,February,W,N,M,58,True,True, Thomaston,Elm Street,  ,  ,V,G,1.0,0,14-301,,False,N,False,False,V,2025-02-01 15:56:42,Verbal Warning,,,False,1.0,CT0014000,20250216030005000001,2025-02-01 15:56:42,15:56:42,2025,,,,2025,Stop Sign
2025-02-04 03:00:08.643000,7187602.0,CT0014000,Thomaston,Racial Profile,02,25-1938,Case No.,2025-02-03 00:00:00,February,W,N,F,62,True,True, Thomaston,Clay Street,  ,  ,V,G,1.0,0,14-218a,,False,N,False,False,V,2025-02-03 08:19:15,Verbal Warning,,,False,1.0,CT0014000,20250204030005000001,2025-02-03 08:19:15,08:19:15,2025,,,,2025,Speed Related
2025-02-04 03:00:08.627000,7187600.0,CT0014000,Thomaston,Racial Profile,02,25-1935,Case No.,2025-02-03 00:00:00,February,W,N,M,39,True,True, Thomaston,Clay Street,  ,  ,V,G,1.0,0,14-218a,,False,N,False,False,V,2025-02-03 07:54:50,Verbal Warning,,,False,1.0,CT0014000,20250204030005000001,2025-02-03 07:54:50,07:54:50,2025,,,,2025,Speed Related
2025-02-04 03:00:08.637000,7187601.0,CT0014000,Thomaston,Racial Profile,02,25-1937,Case No.,2025-02-03 00:00:00,February,W,N,M,50,True,True, Thomaston,Clay Street,  ,  ,V,G,1.0,0,14-218a,,False,N,False,False,V,2025-02-03 08:07:25,Verbal Warning,,,False,1.0,CT0014000,20250204030005000001,2025-02-03 08:07:25,08:07:25,2025,,,,2025,Speed Related
2025-02-05 03:00:08.790000,7187798.0,CT0014000,Thomaston,Racial Profile,02,25-1994,Case No.,2025-02-04 00:00:00,February,W,N,M,31,True,True, Thomaston,High Street,  ,  ,V,G,1.0,0,14-218a,,False,N,False,False,V,2025-02-04 08:10:44,Verbal Warning,,,False,1.0,CT0014000,20250205030005000001,2025-02-04 08:10:44,08:10:44,2025,,,,2025,Speed Related
2025-02-05 03:00:08.780000,7187796.0,CT0014000,Thomaston,Racial Profile,02,25-1991,Case No.,2025-02-04 00:00:00,February,W,N,M,93,True,True, Thomaston,High Street,  ,  ,V,G,1.0,0,14-218a,,False,N,False,False,V,2025-02-04 07:44:53,Verbal Warning,,,False,1.0,CT0014000,20250205030005000001,2025-02-04 07:44:53,07:44:53,2025,,,,2025,Speed Related
2025-02-05 03:00:08.787000,7187797.0,CT0014000,Thomaston,Racial Profile,02,25-1992,Case No.,2025-02-04 00:00:00,February,W,N,F,54,True,True, Thomaston,High Street,  ,  ,V,G,1.0,0,14-218a,,False,N,False,False,V,2025-02-04 07:54:30,Verbal Warning,,,False,1.0,CT0014000,20250205030005000001,2025-02-04 07:54:30,07:54:30,2025,,,,2025,Speed Related
2025-02-16 03:00:08.470000,7221907.0,CT0014000,Thomaston,Racial Profile,04,25-2024,Case No.,2025-02-04 00:00:00,February,B,N,M,51,True,False, Thomaston,Elm Street,  ,  ,V,G,1.0,0,14-301,,False,N,False,False,V,2025-02-04 16:04:42,Verbal Warning,,,False,1.0,CT0014000,20250216030005000001,2025-02-04 16:04:42,16:04:42,2025,,,,2025,Stop Sign
2025-02-09 03:00:09.657000,7189613.0,CT0014000,Thomaston,Racial Profile,07,25-2090,Case No.,2025-02-05 00:00:00,February,W,N,F,40,True,False, Thomaston,East Main Street (Rt. 222),  ,  ,V,G,1.0,0,14-218a10,,False,N,False,False,V,2025-02-05 16:32:42,Verbal Warning,,,False,1.0,CT0014000,20250209030005000001,2025-02-05 16:32:42,16:32:42,2025,,,,2025,Speed Related
2025-02-06 03:00:08.293000,7187999.0,CT0014000,Thomaston,Racial Profile,07,25-2089,Case No.,2025-02-05 00:00:00,February,W,N,F,43,True,True, Thomaston,Elm Street,  ,  ,V,G,1.0,0,14-301,,False,N,False,False,V,2025-02-05 16:26:10,Verbal Warning,,,False,1.0,CT0014000,20250206030004000001,2025-02-05 16:26:10,16:26:10,2025,,,,2025,Stop Sign
2025-02-06 03:00:08.290000,7187998.0,CT0014000,Thomaston,Racial Profile,01,25-2072,Case No.,2025-02-05 00:00:00,February,W,N,F,58,True,True, Thomaston,Litchfield Street,  ,  ,V,G,1.0,0,14-218a,,False,N,False,False,V,2025-02-05 09:18:23,Verbal Warning,,,False,1.0,CT0014000,20250206030004000001,2025-02-05 09:18:23,09:18:23,2025,,,,2025,Speed Related
2025-02-09 03:00:09.683000,7189616.0,CT0014000,Thomaston,Racial Profile,07,25-2287,Case No.,2025-02-08 00:00:00,February,W,N,M,48,True,False, Thomaston,Park Street,  ,  ,V,G,1.0,0,14-219,,False,N,False,False,V,2025-02-08 15:16:05,Verbal Warning,,,False,1.0,CT0014000,20250209030005000001,2025-02-08 15:16:05,15:16:05,2025,,,,2025,Speed Related
2025-02-09 03:00:09.677000,7189615.0,CT0014000,Thomaston,Racial Profile,07,25-2286,Case No.,2025-02-08 00:00:00,February,W,N,F,72,True,False, Thomaston,Elm Street,  ,  ,V,G,1.0,0,14-301,,False,N,False,False,V,2025-02-08 15:01:52,Verbal Warning,,,False,1.0,CT0014000,20250209030005000001,2025-02-08 15:01:52,15:01:52,2025,,,,2025,Stop Sign
2025-02-09 03:00:09.667000,7189614.0,CT0014000,Thomaston,Racial Profile,07,25-2285,Case No.,2025-02-08 00:00:00,February,W,N,M,77,True,False, Thomaston,Elm Street,  ,  ,V,G,1.0,0,14-301,,False,N,False,False,V,2025-02-08 14:54:19,Verbal Warning,,,False,1.0,CT0014000,20250209030005000001,2025-02-08 14:54:19,14:54:19,2025,,,,2025,Stop Sign
2025-02-12 03:00:10.227000,7201176.0,CT0014000,Thomaston,Racial Profile,07,25-2454,Case No.,2025-02-11 00:00:00,February,W,N,M,63,True,False, Thomaston,Northfield Road (Rt. 254),  ,  ,V,G,1.0,0,14-219,,False,N,False,False,V,2025-02-11 16:57:01,Verbal Warning,,,False,1.0,CT0014000,20250212030005000001,2025-02-11 16:57:01,16:57:01,2025,,,,2025,Speed Related
2025-02-13 03:00:09.703000,7203442.0,CT0014000,Thomaston,Racial Profile,07,25-2485,Case No.,2025-02-12 00:00:00,February,W,N,F,58,True,False, Thomaston,East Main Street (Rt. 6),  ,  ,V,G,1.0,0,14-219,,False,N,False,False,V,2025-02-12 13:25:47,Verbal Warning,,,False,1.0,CT0014000,20250213030006000001,2025-02-12 13:25:47,13:25:47,2025,,,,2025,Speed Related
2025-02-20 03:00:09.157000,7228112.0,CT0014000,Thomaston,Racial Profile,07,25-2890,Case No.,2025-02-19 00:00:00,February,W,N,M,46,True,False, Thomaston,Elm Street,  ,  ,V,G,1.0,0,14-301,,False,N,False,False,V,2025-02-19 15:38:24,Verbal Warning,,,False,1.0,CT0014000,20250220030005000001,2025-02-19 15:38:24,15:38:24,2025,,,,2025,Stop Sign
2025-02-20 03:00:09.163000,7228113.0,CT0014000,Thomaston,Racial Profile,07,25-2891,Case No.,2025-02-19 00:00:00,February,W,N,M,34,True,False, Thomaston,Elm Street,  ,  ,V,G,1.0,0,14-301,,False,N,False,False,V,2025-02-19 15:49:48,Verbal Warning,,,False,1.0,CT0014000,20250220030005000001,2025-02-19 15:49:48,15:49:48,2025,,,,2025,Stop Sign
2025-02-21 03:00:09.890000,7228375.0,CT0014000,Thomaston,Racial Profile,02,25-2933,Case No.,2025-02-20 00:00:00,February,W,N,M,74,True,False, Thomaston,Branch Road (Rt. 109),  ,  ,V,G,1.0,0,14-218a,,False,N,False,False,V,2025-02-20 08:16:13,Verbal Warning,,,False,1.0,CT0014000,20250221030004000001,2025-02-20 08:16:13,08:16:13,2025,,,,2025,Speed Related
2025-02-26 03:00:08.807000,7232928.0,CT0014000,Thomaston,Racial Profile,02,25-3198,Case No.,2025-02-25 00:00:00,February,W,N,F,24,True,True, Thomaston,Clay Street,  ,  ,V,G,1.0,0,14-218a,,False,N,False,False,V,2025-02-25 07:50:48,Verbal Warning,,,False,1.0,CT0014000,20250226030005000001,2025-02-25 07:50:48,07:50:48,2025,,,,2025,Speed Related
2025-02-26 03:00:08.810000,7232929.0,CT0014000,Thomaston,Racial Profile,02,25-3199,Case No.,2025-02-25 00:00:00,February,W,N,F,61,True,True, Thomaston,Clay Street,  ,  ,V,G,1.0,0,14-218a,,False,N,False,False,V,2025-02-25 07:57:49,Verbal Warning,,,False,1.0,CT0014000,20250226030005000001,2025-02-25 07:57:49,07:57:49,2025,,,,2025,Speed Related
2025-02-27 03:00:12.260000,7242313.0,CT0014000,Thomaston,Racial Profile,02,25-3200,Case No.,2025-02-25 00:00:00,February,W,N,F,36,True,True, Thomaston,Clay Street,  ,  ,V,G,1.0,0,14-218a,,False,N,False,False,V,2025-02-25 08:07:21,Verbal Warning,,,False,1.0,CT0014000,20250227030005000001,2025-02-25 08:07:21,08:07:21,2025,,,,2025,Speed Related
2025-02-27 03:00:12.270000,7242315.0,CT0014000,Thomaston,Racial Profile,07,25-3287,Case No.,2025-02-26 00:00:00,February,W,N,M,31,True,False, Thomaston,Branch Road (Rt. 109),  ,  ,V,G,1.0,0,14-218a,,False,N,False,False,V,2025-02-26 15:59:07,Verbal Warning,,,False,1.0,CT0014000,20250227030005000001,2025-02-26 15:59:07,15:59:07,2025,,,,2025,Speed Related
2025-02-27 03:00:12.280000,7242316.0,CT0014000,Thomaston,Racial Profile,07,25-3288,Case No.,2025-02-26 00:00:00,February,W,N,F,41,True,False, Thomaston,Branch Road (Rt. 109),  ,  ,V,G,1.0,0,14-218a,,False,N,False,False,V,2025-02-26 16:04:48,Verbal Warning,,,False,1.0,CT0014000,20250227030005000001,2025-02-26 16:04:48,16:04:48,2025,,,,2025,Speed Related
2025-02-27 03:00:12.267000,7242314.0,CT0014000,Thomaston,Racial Profile,02,25-3268,Case No.,2025-02-26 00:00:00,February,W,N,M,25,True,True, Thomaston,North Main Street,  ,  ,V,G,1.0,0,14-218a,,False,N,False,False,V,2025-02-26 12:35:30,Verbal Warning,,,False,1.0,CT0014000,20250227030005000001,2025-02-26 12:35:30,12:35:30,2025,,,,2025,Speed Related
2025-03-01 03:00:08.453000,7242951.0,CT0014000,Thomaston,Racial Profile,05,25-3374,Case No.,2025-02-27 00:00:00,February,W,N,F,29,True,False, Thomaston,Union Street,  ,  ,V,G,3.0,0,14-301,,False,N,False,False,V,2025-02-27 17:55:24,Verbal Warning,,,False,1.0,CT0014000,20250301030005000001,2025-02-27 17:55:24,17:55:24,2025,,,,2025,Stop Sign
2025-03-01 03:00:08.460000,7242952.0,CT0014000,Thomaston,Racial Profile,05,25-3422,Case No.,2025-02-28 00:00:00,February,W,N,M,41,True,False, Thomaston,Elm Street,  ,  ,V,G,3.0,0,14-301,,False,N,False,False,V,2025-02-28 13:49:58,Verbal Warning,,,False,1.0,CT0014000,20250301030005000001,2025-02-28 13:49:58,13:49:58,2025,,,,2025,Stop Sign
2025-03-01 03:00:08.467000,7242953.0,CT0014000,Thomaston,Racial Profile,05,25-3423,Case No.,2025-02-28 00:00:00,February,W,H,F,0,True,False, Thomaston,Elm Street,  ,  ,V,G,3.0,0,14-301,,False,N,False,False,V,2025-02-28 14:07:30,Verbal Warning,,,False,1.0,CT0014000,20250301030005000001,2025-02-28 14:07:30,14:07:30,2025,,,,2025,Stop Sign
2025-03-04 03:00:09.040000,7255175.0,CT0014000,Thomaston,Racial Profile,07,25-3590,Case No.,2025-03-03 00:00:00,March,W,N,F,38,True,True, Thomaston,Clay Street,  ,  ,V,G,1.0,0,14-218a10,,False,N,False,False,V,2025-03-03 17:37:04,Verbal Warning,,,False,1.0,CT0014000,20250304030005000001,2025-03-03 17:37:04,17:37:04,2025,,,,2025,Speed Related
2025-03-04 03:00:09.037000,7255174.0,CT0014000,Thomaston,Racial Profile,02,25-3570,Case No.,2025-03-03 00:00:00,March,W,N,F,45,True,True, Thomaston,Branch Road (Rt. 109),  ,  ,V,G,1.0,0,14-218a,,False,N,False,False,V,2025-03-03 08:32:51,Verbal Warning,,,False,1.0,CT0014000,20250304030005000001,2025-03-03 08:32:51,08:32:51,2025,,,,2025,Speed Related
2025-03-08 03:00:09.080000,7259773.0,CT0014000,Thomaston,Racial Profile,07,25-3591,Case No.,2025-03-03 00:00:00,March,W,N,F,19,True,False, Thomaston,Clay Street,  ,  ,V,G,1.0,0,14-218a10,,False,N,False,False,V,2025-03-03 17:53:31,Verbal Warning,,,False,1.0,CT0014000,20250308030006000001,2025-03-03 17:53:31,17:53:31,2025,,,,2025,Speed Related
2025-03-06 03:00:09.290000,7256658.0,CT0014000,Thomaston,Racial Profile,02,25-3711,Case No.,2025-03-05 00:00:00,March,W,N,F,73,True,False, Thomaston,Northfield Road (Rt. 254),  ,  ,V,G,1.0,0,14-218a,,False,N,False,False,V,2025-03-05 10:35:35,Verbal Warning,,,False,1.0,CT0014000,20250306030006000001,2025-03-05 10:35:35,10:35:35,2025,,,,2025,Speed Related
2025-03-11 03:00:08.547000,7261009.0,CT0014000,Thomaston,Racial Profile,02,25-3790,Case No.,2025-03-06 00:00:00,March,W,N,M,31,True,False, Thomaston,Watertown Road (Rt. 6),  ,  ,V,G,1.0,0,14-218a,,False,N,False,False,V,2025-03-06 08:43:44,Verbal Warning,,,False,1.0,CT0014000,20250311030005000001,2025-03-06 08:43:44,08:43:44,2025,,,,2025,Speed Related
2025-03-07 03:00:08.420000,7259303.0,CT0014000,Thomaston,Racial Profile,02,25-3789,Case No.,2025-03-06 00:00:00,March,W,N,F,80,True,False, Thomaston,Branch Road (Rt. 109),  ,  ,V,G,1.0,0,14-218a,,False,N,False,False,V,2025-03-06 08:29:12,Verbal Warning,,,False,1.0,CT0014000,20250307030005000001,2025-03-06 08:29:12,08:29:12,2025,,,,2025,Speed Related
2025-03-08 03:00:09.093000,7259776.0,CT0014000,Thomaston,Racial Profile,05,25-3863,Case No.,2025-03-07 00:00:00,March,W,N,F,76,True,False, Thomaston,Elm Street,  ,  ,V,G,1.0,0,14-301,,False,N,False,False,V,2025-03-07 16:16:03,Verbal Warning,,,False,1.0,CT0014000,20250308030006000001,2025-03-07 16:16:03,16:16:03,2025,,,,2025,Stop Sign
2025-03-08 03:00:09.097000,7259777.0,CT0014000,Thomaston,Racial Profile,07,25-3867,Case No.,2025-03-07 00:00:00,March,W,N,F,32,True,False, Thomaston,Hickory Hill Road,  ,  ,V,G,1.0,0,14-218a10,,False,N,False,False,V,2025-03-07 16:31:55,Verbal Warning,,,False,1.0,CT0014000,20250308030006000001,2025-03-07 16:31:55,16:31:55,2025,,,,2025,Speed Related
2025-03-08 03:00:09.083000,7259774.0,CT0014000,Thomaston,Racial Profile,05,25-3860,Case No.,2025-03-07 00:00:00,March,W,N,F,34,True,True, Thomaston,Elm Street,  ,  ,V,G,1.0,0,14-301,,False,N,False,False,V,2025-03-07 15:44:42,Verbal Warning,,,False,1.0,CT0014000,20250308030006000001,2025-03-07 15:44:42,15:44:42,2025,,,,2025,Stop Sign
2025-03-08 03:00:09.100000,7259778.0,CT0014000,Thomaston,Racial Profile,07,25-3868,Case No.,2025-03-07 00:00:00,March,W,N,F,28,True,True, Thomaston,Hickory Hill Road,  ,  ,V,G,1.0,0,14-218a10,,False,N,False,False,V,2025-03-07 16:39:16,Verbal Warning,,,False,1.0,CT0014000,20250308030006000001,2025-03-07 16:39:16,16:39:16,2025,,,,2025,Speed Related
2025-03-08 03:00:09.090000,7259775.0,CT0014000,Thomaston,Racial Profile,05,25-3861,Case No.,2025-03-07 00:00:00,March,W,N,F,0,True,False, Thomaston,Elm Street,  ,  ,V,G,1.0,0,14-301,,False,N,False,False,V,2025-03-07 15:51:40,Verbal Warning,,,False,1.0,CT0014000,20250308030006000001,2025-03-07 15:51:40,15:51:40,2025,,,,2025,Stop Sign
2025-03-08 03:00:09.100000,7259779.0,CT0014000,Thomaston,Racial Profile,07,25-3869,Case No.,2025-03-07 00:00:00,March,W,N,F,61,True,True, Thomaston,Hickory Hill Road,  ,  ,V,G,1.0,0,14-218a10,,False,N,False,False,V,2025-03-07 16:50:02,Verbal Warning,,,False,1.0,CT0014000,20250308030006000001,2025-03-07 16:50:02,16:50:02,2025,,,,2025,Speed Related
2025-03-10 03:00:10.280000,7260246.0,CT0014000,Thomaston,Racial Profile,07,25-3995,Case No.,2025-03-09 00:00:00,March,W,N,F,44,True,True, Thomaston,Hickory Hill Road,  ,  ,V,G,1.0,0,14-218a10,,False,N,False,False,V,2025-03-09 16:22:48,Verbal Warning,,,False,1.0,CT0014000,20250310030006000001,2025-03-09 16:22:48,16:22:48,2025,,,,2025,Speed Related
2025-03-11 03:00:08.563000,7261011.0,CT0014000,Thomaston,Racial Profile,02,25-4036,Case No.,2025-03-10 00:00:00,March,W,N,F,48,True,True, Thomaston,Clay Street,  ,  ,V,G,1.0,0,14-218a,,False,N,False,False,V,2025-03-10 08:07:16,Verbal Warning,,,False,1.0,CT0014000,20250311030005000001,2025-03-10 08:07:16,08:07:16,2025,,,,2025,Speed Related
2025-03-14 03:00:08.280000,7270367.0,CT0014000,Thomaston,Racial Profile,07,25-4066,Case No.,2025-03-10 00:00:00,March,W,N,M,19,False,False, Thomaston,Hickory Hill Road,  ,  ,V,G,1.0,0,14-218a10,,False,N,False,False,V,2025-03-10 16:05:41,Verbal Warning,,,False,1.0,CT0014000,20250314030005000001,2025-03-10 16:05:41,16:05:41,2025,,,,2025,Speed Related
2025-03-11 03:00:08.567000,7261012.0,CT0014000,Thomaston,Racial Profile,02,25-4037,Case No.,2025-03-10 00:00:00,March,W,N,M,53,True,True, Thomaston,Clay Street,  ,  ,V,G,1.0,0,14-218a10,,False,N,False,False,V,2025-03-10 08:15:19,Verbal Warning,,,False,1.0,CT0014000,20250311030005000001,2025-03-10 08:15:19,08:15:19,2025,,,,2025,Speed Related
2025-03-11 03:00:08.577000,7261013.0,CT0014000,Thomaston,Racial Profile,07,25-4065,Case No.,2025-03-10 00:00:00,March,W,N,F,45,True,True, Thomaston,Hickory Hill Road,  ,  ,V,G,1.0,0,14-218a10,,False,N,False,False,V,2025-03-10 15:32:20,Verbal Warning,,,False,1.0,CT0014000,20250311030005000001,2025-03-10 15:32:20,15:32:20,2025,,,,2025,Speed Related
2025-03-11 03:00:08.553000,7261010.0,CT0014000,Thomaston,Racial Profile,02,25-4034,Case No.,2025-03-10 00:00:00,March,W,N,M,50,True,False, Thomaston,Clay Street,  ,  ,V,G,1.0,0,14-218a,,False,N,False,False,V,2025-03-10 07:55:49,Verbal Warning,,,False,1.0,CT0014000,20250311030005000001,2025-03-10 07:55:49,07:55:49,2025,,,,2025,Speed Related
2025-03-14 03:00:08.470000,7270373.0,CT0014000,Thomaston,Racial Profile,05,25-4257,Case No.,2025-03-13 00:00:00,March,W,N,M,61,True,False, Thomaston,Hickory Hill Road,  ,  ,V,G,1.0,0,14-301,,False,N,False,False,V,2025-03-13 15:48:57,Verbal Warning,,,False,1.0,CT0014000,20250314030005000001,2025-03-13 15:48:57,15:48:57,2025,,,,2025,Stop Sign
2025-03-14 03:00:08.513000,7270375.0,CT0014000,Thomaston,Racial Profile,05,25-4258,Case No.,2025-03-13 00:00:00,March,W,N,F,58,True,False, Thomaston,Hickory Hill Road,  ,  ,V,G,1.0,0,14-301,,False,N,False,False,V,2025-03-13 16:02:58,Verbal Warning,,,False,1.0,CT0014000,20250314030005000001,2025-03-13 16:02:58,16:02:58,2025,,,,2025,Stop Sign
2025-03-14 03:00:08.443000,7270369.0,CT0014000,Thomaston,Racial Profile,07,25-4238,Case No.,2025-03-13 00:00:00,March,W,N,M,26,False,False, Thomaston,Clay Street,  ,  ,V,G,1.0,0,14-218a,,False,N,False,False,V,2025-03-13 12:17:08,Verbal Warning,,,False,1.0,CT0014000,20250314030005000001,2025-03-13 12:17:08,12:17:08,2025,,,,2025,Speed Related
2025-03-14 03:00:08.463000,7270371.0,CT0014000,Thomaston,Racial Profile,07,25-4244,Case No.,2025-03-13 00:00:00,March,W,N,M,83,True,False, Thomaston,Clay Street,  ,  ,V,G,1.0,0,14-218a,,False,N,False,False,V,2025-03-13 12:31:18,Verbal Warning,,,False,1.0,CT0014000,20250314030005000001,2025-03-13 12:31:18,12:31:18,2025,,,,2025,Speed Related
2025-03-18 03:00:08.247000,7312288.0,CT0014000,Thomaston,Racial Profile,02,25-4452,Case No.,2025-03-17 00:00:00,March,B,H,F,36,True,True, Thomaston,Branch Road (Rt. 109),  ,  ,V,G,1.0,0,14-18,,False,N,False,False,V,2025-03-17 10:06:29,Verbal Warning,,,False,1.0,CT0014000,20250318030005000001,2025-03-17 10:06:29,10:06:29,2025,,,,2025,Display of Plates
2025-03-18 03:00:08.243000,7312287.0,CT0014000,Thomaston,Racial Profile,02,25-4451,Case No.,2025-03-17 00:00:00,March,B,H,F,48,True,False, Thomaston,Branch Road (Rt. 109),  ,  ,V,G,1.0,0,14-218a,,False,N,False,False,V,2025-03-17 09:50:11,Verbal Warning,,,False,1.0,CT0014000,20250318030005000001,2025-03-17 09:50:11,09:50:11,2025,,,,2025,Speed Related
2025-03-19 03:00:08.920000,7313310.0,CT0014000,Thomaston,Racial Profile,02,25-4454,Case No.,2025-03-17 00:00:00,March,W,N,F,54,True,False, Thomaston,South Main Street (Rt. 848),  ,  ,I,G,1.0,0,14-217,,False,N,False,False,V,2025-03-17 10:18:13,Verbal Warning,,,False,1.0,CT0014000,20250319030005000001,2025-03-17 10:18:13,10:18:13,2025,,,,2025,Other
2025-03-19 03:00:08.930000,7313311.0,CT0014000,Thomaston,Racial Profile,02,25-4522,Case No.,2025-03-18 00:00:00,March,W,H,M,57,True,False, Thomaston,Waterbury Road (Rt. 262),  ,  ,I,G,1.0,0,14-218a,,False,N,False,False,V,2025-03-18 09:04:51,Verbal Warning,,,False,1.0,CT0014000,20250319030005000001,2025-03-18 09:04:51,09:04:51,2025,,,,2025,Speed Related
2025-03-21 03:00:09.497000,7314258.0,CT0014000,Thomaston,Racial Profile,07,25-4655,Case No.,2025-03-20 00:00:00,March,W,N,F,33,True,True, Thomaston,Hickory Hill Road,  ,  ,V,G,1.0,0,14-218a10,,False,N,False,False,V,2025-03-20 16:54:34,Verbal Warning,,,False,1.0,CT0014000,20250321030005000001,2025-03-20 16:54:34,16:54:34,2025,,,,2025,Speed Related
2025-03-28 03:00:08.790000,7319584.0,CT0014000,Thomaston,Racial Profile,07,25-4656,Case No.,2025-03-20 00:00:00,March,W,N,M,65,True,False, Thomaston,Trestle Lane,  ,  ,V,G,1.0,0,14-218a10,,False,N,False,False,V,2025-03-20 17:05:32,Verbal Warning,,,False,1.0,CT0014000,20250328030005000001,2025-03-20 17:05:32,17:05:32,2025,,,,2025,Speed Related
2025-03-28 03:00:08.793000,7319585.0,CT0014000,Thomaston,Racial Profile,07,25-5085,Case No.,2025-03-27 00:00:00,March,W,N,M,49,True,False, Thomaston,River Street,  ,  ,V,G,1.0,0,14-301,,False,N,False,False,V,2025-03-27 16:49:28,Verbal Warning,,,False,1.0,CT0014000,20250328030005000001,2025-03-27 16:49:28,16:49:28,2025,,,,2025,Stop Sign
2025-03-29 03:00:08.573000,7320109.0,CT0014000,Thomaston,Racial Profile,07,25-5142,Case No.,2025-03-28 00:00:00,March,W,H,M,52,True,True, Thomaston,East Main Street (Rt. 222),  ,  ,V,G,1.0,0,14-301,,False,N,False,False,V,2025-03-28 16:20:02,Verbal Warning,,,False,1.0,CT0014000,20250329030005000001,2025-03-28 16:20:02,16:20:02,2025,,,,2025,Stop Sign
2025-03-30 03:00:08.493000,7320641.0,CT0014000,Thomaston,Racial Profile,05,25-5204,Case No.,2025-03-29 00:00:00,March,W,N,M,31,True,False, Thomaston,Union Street,  ,  ,V,G,1.0,0,14-301,,False,N,False,False,V,2025-03-29 15:45:47,Verbal Warning,,,False,1.0,CT0014000,20250330030005000001,2025-03-29 15:45:47,15:45:47,2025,,,,2025,Stop Sign
2025-03-30 03:00:08.500000,7320642.0,CT0014000,Thomaston,Racial Profile,05,25-5207,Case No.,2025-03-29 00:00:00,March,W,N,M,56,True,True, Thomaston,Union Street,  ,  ,V,G,1.0,0,14-301,,False,N,False,False,V,2025-03-29 15:55:08,Verbal Warning,,,False,1.0,CT0014000,20250330030005000001,2025-03-29 15:55:08,15:55:08,2025,,,,2025,Stop Sign
2025-04-01 03:00:07.897000,7321853.0,CT0014000,Thomaston,Racial Profile,05,25-5346,Case No.,2025-03-31 00:00:00,March,W,N,M,35,True,False, Thomaston,Union Street,  ,  ,V,G,1.0,0,14-301,,False,N,False,False,V,2025-03-31 15:43:39,Verbal Warning,,,False,1.0,CT0014000,20250401030006000001,2025-03-31 15:43:39,15:43:39,2025,,,,2025,Stop Sign
2025-04-01 03:00:07.937000,7321856.0,CT0014000,Thomaston,Racial Profile,07,25-5368,Case No.,2025-03-31 00:00:00,March,W,N,F,50,False,False, Thomaston,Branch Road (Rt. 109),  ,  ,V,G,1.0,0,14-218a10,,False,N,False,False,V,2025-03-31 17:25:00,Verbal Warning,,,False,1.0,CT0014000,20250401030006000001,2025-03-31 17:25:00,17:25:00,2025,,,,2025,Speed Related
2025-04-01 03:00:07.910000,7321854.0,CT0014000,Thomaston,Racial Profile,05,25-5347,Case No.,2025-03-31 00:00:00,March,W,N,F,48,True,False, Thomaston,Union Street,  ,  ,V,G,1.0,0,14-301,,False,N,False,False,V,2025-03-31 15:52:05,Verbal Warning,,,False,1.0,CT0014000,20250401030006000001,2025-03-31 15:52:05,15:52:05,2025,,,,2025,Stop Sign
2025-04-01 03:00:07.913000,7321855.0,CT0014000,Thomaston,Racial Profile,05,25-5350,Case No.,2025-03-31 00:00:00,March,W,N,M,70,True,False, Thomaston,Union Street,  ,  ,V,G,1.0,0,14-301,,False,N,False,False,V,2025-03-31 16:11:48,Verbal Warning,,,False,1.0,CT0014000,20250401030006000001,2025-03-31 16:11:48,16:11:48,2025,,,,2025,Stop Sign
2025-04-07 03:00:09.317000,7331774.0,CT0014000,Thomaston,Racial Profile,05,25-5474,Case No.,2025-04-01 00:00:00,April,W,N,M,47,True,False, Thomaston,Union Street,  ,  ,V,G,1.0,1,14-301,,False,N,False,False,V,2025-04-01 17:02:22,Verbal Warning,,,False,1.0,CT0014000,20250407030005000001,2025-04-01 17:02:22,17:02:22,2025,,,,2025,Stop Sign
2025-04-07 03:00:09.310000,7331773.0,CT0014000,Thomaston,Racial Profile,05,25-5473,Case No.,2025-04-01 00:00:00,April,W,N,M,17,True,False, Thomaston,Elm Street,  ,  ,V,G,1.0,1,14-301,,False,N,False,False,V,2025-04-01 16:56:57,Verbal Warning,,,False,1.0,CT0014000,20250407030005000001,2025-04-01 16:56:57,16:56:57,2025,,,,2025,Stop Sign
2025-04-07 03:00:09.323000,7331775.0,CT0014000,Thomaston,Racial Profile,05,25-5475,Case No.,2025-04-01 00:00:00,April,W,N,M,21,True,False, Thomaston,Elm Street,  ,  ,V,G,1.0,1,14-213b,,False,N,False,False,V,2025-04-01 17:08:39,Verbal Warning,,,False,1.0,CT0014000,20250407030005000001,2025-04-01 17:08:39,17:08:39,2025,14-301,,,2025,Administrative Offense
2025-04-03 03:00:07.907000,7323537.0,CT0014000,Thomaston,Racial Profile,07,25-5579,Case No.,2025-04-02 00:00:00,April,W,N,M,48,True,True, Thomaston,Hickory Hill Road,  ,  ,V,G,1.0,0,14-218a10,,False,N,False,False,V,2025-04-02 17:25:05,Verbal Warning,,,False,1.0,CT0014000,20250403030004000001,2025-04-02 17:25:05,17:25:05,2025,,,,2025,Speed Related
2025-04-05 03:00:09.163000,7330606.0,CT0014000,Thomaston,Racial Profile,02,25-5722,Case No.,2025-04-04 00:00:00,April,W,N,F,42,True,True, Thomaston,Martha’s Way,  ,  ,V,G,3.0,0,14-218a,,False,N,False,False,V,2025-04-04 07:15:31,Verbal Warning,,,False,1.0,CT0014000,20250405030005000001,2025-04-04 07:15:31,07:15:31,2025,,,,2025,Speed Related
2025-04-07 03:00:09.330000,7331776.0,CT0014000,Thomaston,Racial Profile,05,25-5846,Case No.,2025-04-06 00:00:00,April,W,N,F,27,True,True, Thomaston,Elm Street,  ,  ,V,G,1.0,0,14-301,,False,N,False,False,V,2025-04-06 17:29:14,Verbal Warning,,,False,1.0,CT0014000,20250407030005000001,2025-04-06 17:29:14,17:29:14,2025,,,,2025,Stop Sign
2025-04-07 03:00:09.340000,7331778.0,CT0014000,Thomaston,Racial Profile,05,25-5848,Case No.,2025-04-06 00:00:00,April,W,N,M,60,True,False, Thomaston,Elm Street,  ,  ,V,G,1.0,0,14-301,,False,N,False,False,V,2025-04-06 17:46:39,Verbal Warning,,,False,1.0,CT0014000,20250407030005000001,2025-04-06 17:46:39,17:46:39,2025,,,,2025,Stop Sign
2025-04-07 03:00:09.333000,7331777.0,CT0014000,Thomaston,Racial Profile,05,25-5847,Case No.,2025-04-06 00:00:00,April,W,N,F,36,True,True, Thomaston,Elm Street,  ,  ,V,G,1.0,0,14-301,,False,N,False,False,V,2025-04-06 17:38:49,Verbal Warning,,,False,1.0,CT0014000,20250407030005000001,2025-04-06 17:38:49,17:38:49,2025,,,,2025,Stop Sign
2025-04-09 03:00:09.173000,7334010.0,CT0014000,Thomaston,Racial Profile,07,25-5841,Case No.,2025-04-06 00:00:00,April,W,N,F,49,True,True, Thomaston,High Street Ext,  ,  ,V,G,1.0,0,14-301,,False,N,False,False,V,2025-04-06 14:56:05,Verbal Warning,,,False,1.0,CT0014000,20250409030005000001,2025-04-06 14:56:05,14:56:05,2025,,,,2025,Stop Sign
2025-04-09 03:00:09.177000,7334011.0,CT0014000,Thomaston,Racial Profile,07,25-5842,Case No.,2025-04-06 00:00:00,April,W,N,F,39,True,True, Thomaston,High Street Ext,  ,  ,V,G,1.0,0,14-218a*,,False,N,False,False,V,2025-04-06 15:02:40,Verbal Warning,,,False,1.0,CT0014000,20250409030005000001,2025-04-06 15:02:40,15:02:40,2025,,,,2025,Speed Related
2025-04-09 03:00:09.183000,7334012.0,CT0014000,Thomaston,Racial Profile,07,25-5999,Case No.,2025-04-08 00:00:00,April,W,N,M,49,True,True, Thomaston,Williams Street,  ,  ,V,G,1.0,0,14-301,,False,N,False,False,V,2025-04-08 15:42:10,Verbal Warning,,,False,1.0,CT0014000,20250409030005000001,2025-04-08 15:42:10,15:42:10,2025,,,,2025,Stop Sign
2025-04-09 03:00:09.193000,7334014.0,CT0014000,Thomaston,Racial Profile,07,25-6007,Case No.,2025-04-08 00:00:00,April,W,N,M,47,True,True, Thomaston,South Main Street (Rt. 848),  ,  ,V,G,1.0,0,14-301,,False,N,False,False,V,2025-04-08 17:29:21,Verbal Warning,,,False,1.0,CT0014000,20250409030005000001,2025-04-08 17:29:21,17:29:21,2025,,,,2025,Stop Sign
2025-04-09 03:00:09.187000,7334013.0,CT0014000,Thomaston,Racial Profile,07,25-6006,Case No.,2025-04-08 00:00:00,April,W,N,M,23,True,True, Thomaston,Elm Street,  ,  ,V,G,1.0,0,14-301,,False,N,False,False,V,2025-04-08 17:21:52,Verbal Warning,,,False,1.0,CT0014000,20250409030005000001,2025-04-08 17:21:52,17:21:52,2025,,,,2025,Stop Sign
2025-04-11 03:00:08.900000,7335335.0,CT0014000,Thomaston,Racial Profile,02,25-6142,Case No.,2025-04-10 00:00:00,April,B,N,M,0,False,False, Thomaston,Northfield Road (Rt. 254),  ,  ,V,G,1.0,0,14-219(b),,False,N,False,False,V,2025-04-10 10:40:26,Verbal Warning,,,False,1.0,CT0014000,20250411030005000001,2025-04-10 10:40:26,10:40:26,2025,,,,2025,Speed Related
2025-04-11 03:00:09.080000,7335336.0,CT0014000,Thomaston,Racial Profile,02,25-6144,Case No.,2025-04-10 00:00:00,April,W,N,M,0,False,False, Thomaston,Route 254 and South,  ,  ,V,G,1.0,0,14-218,,False,N,False,False,V,2025-04-10 11:00:29,Verbal Warning,,,False,1.0,CT0014000,20250411030005000001,2025-04-10 11:00:29,11:00:29,2025,,,,2025,Speed Related
2025-04-12 03:00:09.330000,7336011.0,CT0014000,Thomaston,Racial Profile,05,25-6250,Case No.,2025-04-11 00:00:00,April,W,N,F,50,True,True, Thomaston,Elm Street,  ,  ,V,G,1.0,0,14-301,,False,N,False,False,V,2025-04-11 15:00:52,Verbal Warning,,,False,1.0,CT0014000,20250412030005000001,2025-04-11 15:00:52,15:00:52,2025,,,,2025,Stop Sign
2025-04-12 03:00:09.337000,7336012.0,CT0014000,Thomaston,Racial Profile,05,25-6251,Case No.,2025-04-11 00:00:00,April,W,N,F,47,True,True, Thomaston,Elm Street,  ,  ,V,G,1.0,0,14-301,,False,N,False,False,V,2025-04-11 15:08:37,Verbal Warning,,,False,1.0,CT0014000,20250412030005000001,2025-04-11 15:08:37,15:08:37,2025,,,,2025,Stop Sign
2025-04-12 03:00:09.347000,7336013.0,CT0014000,Thomaston,Racial Profile,05,25-6252,Case No.,2025-04-11 00:00:00,April,W,N,M,84,True,False, Thomaston,Elm Street,  ,  ,V,G,1.0,0,14-301,,False,N,False,False,V,2025-04-11 15:12:48,Verbal Warning,,,False,1.0,CT0014000,20250412030005000001,2025-04-11 15:12:48,15:12:48,2025,,,,2025,Stop Sign
2025-04-12 03:00:09.350000,7336014.0,CT0014000,Thomaston,Racial Profile,05,25-6253,Case No.,2025-04-11 00:00:00,April,W,N,F,17,True,True, Thomaston,Elm Street,  ,  ,V,G,1.0,0,14-301,,False,N,False,False,V,2025-04-11 15:17:53,Verbal Warning,,,False,1.0,CT0014000,20250412030005000001,2025-04-11 15:17:53,15:17:53,2025,,,,2025,Stop Sign
2025-04-18 03:00:09.943000,7367443.0,CT0014000,Thomaston,Racial Profile,05,25-6306,Case No.,2025-04-12 00:00:00,April,W,N,F,60,True,False, Thomaston,Clay Street,  ,  ,V,G,1.0,0,14-301,,False,N,False,False,V,2025-04-12 15:22:56,Verbal Warning,,,False,1.0,CT0014000,20250418030005000001,2025-04-12 15:22:56,15:22:56,2025,,,,2025,Stop Sign
2025-08-05 03:00:08.233000,7598001.0,CT0014000,Thomaston,Racial Profile,03,25-6348,Case No.,2025-04-13 00:00:00,April,W,N,M,0,True,False, Thomaston,East Main Street (Rt. 222),  ,  ,E,G,1.0,0,14-96a(a),,False,N,False,False,V,2025-04-13 01:30:36,Verbal Warning,,,False,1.0,CT0014000,20250805030005000001,2025-04-13 01:30:36,01:30:36,2025,,,,2025,Defective Lights
2025-04-18 03:00:11.690000,7367453.0,CT0014000,Thomaston,Racial Profile,05,25-6672,Case No.,2025-04-17 00:00:00,April,W,N,M,34,True,False, Thomaston,Elm Street,  ,  ,V,G,1.0,0,14-301,,False,N,False,False,V,2025-04-17 19:22:12,Verbal Warning,,,False,1.0,CT0014000,20250418030005000001,2025-04-17 19:22:12,19:22:12,2025,,,,2025,Stop Sign
2025-04-18 03:00:10.753000,7367448.0,CT0014000,Thomaston,Racial Profile,02,25-6637,Case No.,2025-04-17 00:00:00,April,W,N,F,44,True,False, Thomaston,North Main Street,  ,  ,V,G,1.0,0,14-218a,,False,N,False,False,V,2025-04-17 09:38:41,Verbal Warning,,,False,1.0,CT0014000,20250418030005000001,2025-04-17 09:38:41,09:38:41,2025,,,,2025,Speed Related
2025-04-18 03:00:11.303000,7367451.0,CT0014000,Thomaston,Racial Profile,05,25-6671,Case No.,2025-04-17 00:00:00,April,W,N,F,44,True,False, Thomaston,Elm Street,  ,  ,V,G,1.0,0,14-301,,False,N,False,False,V,2025-04-17 19:12:12,Verbal Warning,,,False,1.0,CT0014000,20250418030005000001,2025-04-17 19:12:12,19:12:12,2025,,,,2025,Stop Sign
2025-04-18 03:00:10.393000,7367445.0,CT0014000,Thomaston,Racial Profile,02,25-6636,Case No.,2025-04-17 00:00:00,April,W,N,F,63,True,False, Thomaston,North Main Street,  ,  ,V,G,1.0,0,14-218a,,False,N,False,False,V,2025-04-17 09:29:37,Verbal Warning,,,False,1.0,CT0014000,20250418030005000001,2025-04-17 09:29:37,09:29:37,2025,,,,2025,Speed Related
2025-04-18 03:00:11.067000,7367449.0,CT0014000,Thomaston,Racial Profile,05,25-6670,Case No.,2025-04-17 00:00:00,April,W,N,M,28,True,True, Thomaston,Elm Street,  ,  ,V,G,1.0,0,14-301,,False,N,False,False,V,2025-04-17 19:06:11,Verbal Warning,,,False,1.0,CT0014000,20250418030005000001,2025-04-17 19:06:11,19:06:11,2025,,,,2025,Stop Sign
2025-04-22 03:00:08.993000,7371477.0,CT0014000,Thomaston,Racial Profile,02,25-6873,Case No.,2025-04-21 00:00:00,April,W,N,M,0,True,False, Thomaston,Branch Road (Rt. 109),  ,  ,V,B,1.0,0,14-218a,,False,N,False,False,V,2025-04-21 09:06:26,Verbal Warning,,,False,1.0,CT0014000,20250422030005000001,2025-04-21 09:06:26,09:06:26,2025,,,,2025,Speed Related
2025-04-22 03:00:08.997000,7371478.0,CT0014000,Thomaston,Racial Profile,07,25-6908,Case No.,2025-04-21 00:00:00,April,W,N,F,57,True,False, Thomaston,High Street Ext,  ,  ,V,G,1.0,0,14-218a,,False,N,False,False,V,2025-04-21 17:15:33,Verbal Warning,,,False,1.0,CT0014000,20250422030005000001,2025-04-21 17:15:33,17:15:33,2025,,,,2025,Speed Related
2025-04-22 03:00:09,7371479.0,CT0014000,Thomaston,Racial Profile,07,25-6910,Case No.,2025-04-21 00:00:00,April,W,H,F,39,True,False, Thomaston,Main Street (Rt. 807),  ,  ,V,G,1.0,0,14-218a,,False,N,False,False,V,2025-04-21 17:21:41,Verbal Warning,,,False,1.0,CT0014000,20250422030005000001,2025-04-21 17:21:41,17:21:41,2025,,,,2025,Speed Related
2025-04-22 03:00:08.990000,7371476.0,CT0014000,Thomaston,Racial Profile,02,25-6872,Case No.,2025-04-21 00:00:00,April,W,N,M,17,True,False, Thomaston,Branch Road (Rt. 109),  ,  ,V,B,1.0,0,14-218a,,False,N,False,False,V,2025-04-21 08:42:55,Verbal Warning,,,False,1.0,CT0014000,20250422030005000001,2025-04-21 08:42:55,08:42:55,2025,,,,2025,Speed Related
2025-04-23 03:00:08.393000,7372264.0,CT0014000,Thomaston,Racial Profile,02,25-6958,Case No.,2025-04-22 00:00:00,April,W,N,M,77,True,False, Thomaston,Northfield Road (Rt. 254),  ,  ,V,G,1.0,0,14-218a,,False,N,False,False,V,2025-04-22 10:18:57,Verbal Warning,,,False,1.0,CT0014000,20250423030004000001,2025-04-22 10:18:57,10:18:57,2025,,,,2025,Speed Related
2025-04-23 03:00:08.390000,7372263.0,CT0014000,Thomaston,Racial Profile,02,25-6957,Case No.,2025-04-22 00:00:00,April,W,N,M,53,True,False, Thomaston,Northfield Road (Rt. 254),  ,  ,V,G,1.0,0,14-218a,,False,N,False,False,V,2025-04-22 09:50:42,Verbal Warning,,,False,1.0,CT0014000,20250423030004000001,2025-04-22 09:50:42,09:50:42,2025,,,,2025,Speed Related
2025-04-24 03:00:09.320000,7373068.0,CT0014000,Thomaston,Racial Profile,05,25-7039,Case No.,2025-04-23 00:00:00,April,W,H,F,63,True,False, Thomaston,Elm Street,  ,  ,V,G,1.0,0,14-301,,False,N,False,False,V,2025-04-23 16:35:06,Verbal Warning,,,False,1.0,CT0014000,20250424030004000001,2025-04-23 16:35:06,16:35:06,2025,,,,2025,Stop Sign
2025-04-24 03:00:09.313000,7373067.0,CT0014000,Thomaston,Racial Profile,05,25-7038,Case No.,2025-04-23 00:00:00,April,W,N,F,64,True,False, Thomaston,Elm Street,  ,  ,V,G,1.0,0,14-301,,False,N,False,False,V,2025-04-23 16:07:46,Verbal Warning,,,False,1.0,CT0014000,20250424030004000001,2025-04-23 16:07:46,16:07:46,2025,,,,2025,Stop Sign
2025-04-24 03:00:09.307000,7373066.0,CT0014000,Thomaston,Racial Profile,05,25-7037,Case No.,2025-04-23 00:00:00,April,W,N,F,48,True,False, Thomaston,Elm Street,  ,  ,V,G,1.0,0,14-301,,False,N,False,False,V,2025-04-23 16:07:08,Verbal Warning,,,False,1.0,CT0014000,20250424030004000001,2025-04-23 16:07:08,16:07:08,2025,14-12(a),,,2025,Stop Sign
2025-04-26 03:00:08.207000,7374730.0,CT0014000,Thomaston,Racial Profile,05,25-7204,Case No.,2025-04-25 00:00:00,April,W,N,M,66,True,True, Thomaston,Clay Street,  ,  ,V,G,1.0,0,14-301,,False,N,False,False,V,2025-04-25 20:48:58,Verbal Warning,,,False,1.0,CT0014000,20250426030004000001,2025-04-25 20:48:58,20:48:58,2025,,,,2025,Stop Sign
2025-04-29 03:00:06.320000,7377327.0,CT0014000,Thomaston,Racial Profile,02,25-7362,Case No.,2025-04-28 00:00:00,April,W,N,F,38,True,True, Thomaston,Main Street (Rt. 807),  ,  ,V,G,1.0,0,14-218a,,False,N,False,False,V,2025-04-28 08:16:11,Verbal Warning,,,False,1.0,CT0014000,20250429030004000001,2025-04-28 08:16:11,08:16:11,2025,,,,2025,Speed Related
2025-05-05 03:00:07.760000,7384262.0,CT0014000,Thomaston,Racial Profile,05,25-7534,Case No.,2025-04-30 00:00:00,April,W,N,M,19,True,False, Thomaston,Elm Street,  ,  ,V,G,1.0,0,14-301,,False,N,False,False,V,2025-04-30 18:51:31,Verbal Warning,,,False,1.0,CT0014000,20250505030005000001,2025-04-30 18:51:31,18:51:31,2025,,,,2025,Stop Sign
2025-05-01 03:00:08.020000,7379107.0,CT0014000,Thomaston,Racial Profile,07,25-7533,Case No.,2025-04-30 00:00:00,April,W,N,M,53,True,False, Thomaston,Hill Road (Rt. 222),  ,  ,V,G,1.0,0,14-218a*,,False,N,False,False,V,2025-04-30 18:10:07,Verbal Warning,,,False,1.0,CT0014000,20250501030004000001,2025-04-30 18:10:07,18:10:07,2025,,,,2025,Speed Related
2025-05-02 03:00:09.893000,7381574.0,CT0014000,Thomaston,Racial Profile,07,25-7612,Case No.,2025-05-01 00:00:00,May,W,N,M,22,True,False, Thomaston,North Main Street,  ,  ,V,G,1.0,0,14-218a,,False,N,False,False,V,2025-05-01 17:41:07,Verbal Warning,,,False,1.0,CT0014000,20250502030004000001,2025-05-01 17:41:07,17:41:07,2025,,,,2025,Speed Related
2025-05-03 03:00:08.617000,7382467.0,CT0014000,Thomaston,Racial Profile,02,25-7656,Case No.,2025-05-02 00:00:00,May,W,N,M,42,True,True, Thomaston,Branch Road (Rt. 109),  ,  ,V,G,1.0,0,14-218a,,False,N,False,False,V,2025-05-02 09:11:05,Verbal Warning,,,False,1.0,CT0014000,20250503030004000001,2025-05-02 09:11:05,09:11:05,2025,,,,2025,Speed Related
2025-05-03 03:00:08.627000,7382468.0,CT0014000,Thomaston,Racial Profile,07,25-7688,Case No.,2025-05-02 00:00:00,May,W,N,F,29,True,False, Thomaston,North Main Street,  ,  ,V,G,1.0,0,14-218a,,False,N,False,False,V,2025-05-02 17:37:33,Verbal Warning,,,False,1.0,CT0014000,20250503030004000001,2025-05-02 17:37:33,17:37:33,2025,,,,2025,Speed Related
2025-05-08 03:00:09.347000,7398229.0,CT0014000,Thomaston,Racial Profile,05,25-7790,Case No.,2025-05-04 00:00:00,May,W,N,M,21,True,False, Thomaston,Elm Street,  ,  ,V,G,1.0,0,14-301,,False,N,False,False,V,2025-05-04 21:51:30,Verbal Warning,,,False,1.0,CT0014000,20250508030005000001,2025-05-04 21:51:30,21:51:30,2025,,,,2025,Stop Sign
2025-05-08 03:00:09.353000,7398231.0,CT0014000,Thomaston,Racial Profile,05,25-7974,Case No.,2025-05-07 00:00:00,May,W,N,M,61,True,False, Thomaston,Union Street,  ,  ,V,G,1.0,0,14-301,,False,N,False,False,V,2025-05-07 17:27:42,Verbal Warning,,,False,1.0,CT0014000,20250508030005000001,2025-05-07 17:27:42,17:27:42,2025,,,,2025,Stop Sign
2025-05-08 03:00:09.350000,7398230.0,CT0014000,Thomaston,Racial Profile,05,25-7973,Case No.,2025-05-07 00:00:00,May,W,N,M,37,True,False, Thomaston,Union Street,  ,  ,V,G,1.0,0,14-301,,False,N,False,False,V,2025-05-07 17:19:02,Verbal Warning,,,False,1.0,CT0014000,20250508030005000001,2025-05-07 17:19:02,17:19:02,2025,,,,2025,Stop Sign
2025-05-09 03:00:10.770000,7399122.0,CT0014000,Thomaston,Racial Profile,07,25-8064,Case No.,2025-05-08 00:00:00,May,W,N,M,61,True,False, Thomaston,Hickory Hill Road,  ,  ,V,G,1.0,0,14-218a,,False,N,False,False,V,2025-05-08 16:56:29,Verbal Warning,,,False,1.0,CT0014000,20250509030005000001,2025-05-08 16:56:29,16:56:29,2025,,,,2025,Speed Related
2025-05-09 03:00:11.213000,7399123.0,CT0014000,Thomaston,Racial Profile,07,25-8065,Case No.,2025-05-08 00:00:00,May,W,N,F,62,True,False, Thomaston,Hickory Hill Road,  ,  ,V,G,1.0,0,14-218a,,False,N,False,False,V,2025-05-08 17:02:07,Verbal Warning,,,False,1.0,CT0014000,20250509030005000001,2025-05-08 17:02:07,17:02:07,2025,,,,2025,Speed Related
2025-05-09 03:00:10.390000,7399121.0,CT0014000,Thomaston,Racial Profile,07,25-8063,Case No.,2025-05-08 00:00:00,May,W,N,M,44,True,False, Thomaston,Hickory Hill Road,  ,  ,V,G,1.0,0,14-218a,,False,N,False,False,V,2025-05-08 16:46:43,Verbal Warning,,,False,1.0,CT0014000,20250509030005000001,2025-05-08 16:46:43,16:46:43,2025,,,,2025,Speed Related
2025-05-10 03:00:08.213000,7400011.0,CT0014000,Thomaston,Racial Profile,01,25-8121,Case No.,2025-05-09 00:00:00,May,A,N,M,41,True,True, Thomaston,Watertown Road (Rt. 6),  ,  ,V,G,1.0,0,14-299,,False,N,False,False,V,2025-05-09 09:25:14,Verbal Warning,,,False,1.0,CT0014000,20250510030005000001,2025-05-09 09:25:14,09:25:14,2025,,,,2025,Traffic Control Signal
2025-05-30 03:00:11.037000,7455550.0,CT0014000,Thomaston,Racial Profile,05,25-8260,Case No.,2025-05-11 00:00:00,May,W,N,M,63,True,False, Thomaston,Turner Road,  ,  ,V,G,1.0,0,14-301,,False,N,False,False,V,2025-05-11 20:32:23,Verbal Warning,,,False,1.0,CT0014000,20250530030004000001,2025-05-11 20:32:23,20:32:23,2025,,,,2025,Stop Sign
2025-05-13 03:00:09.007000,7402777.0,CT0014000,Thomaston,Racial Profile,07,25-8300,Case No.,2025-05-12 00:00:00,May,W,N,F,59,True,True, Thomaston,Branch Road (Rt. 109),  ,  ,V,G,1.0,0,14-218a,,False,N,False,False,V,2025-05-12 09:01:34,Verbal Warning,,,False,1.0,CT0014000,20250513030005000001,2025-05-12 09:01:34,09:01:34,2025,,,,2025,Speed Related
2025-05-13 03:00:09.010000,7402778.0,CT0014000,Thomaston,Racial Profile,07,25-8335,Case No.,2025-05-12 00:00:00,May,W,N,F,58,True,True, Thomaston,Clay Street,  ,  ,V,G,1.0,0,14-218a,,False,N,False,False,V,2025-05-12 17:50:24,Verbal Warning,,,False,1.0,CT0014000,20250513030005000001,2025-05-12 17:50:24,17:50:24,2025,,,,2025,Speed Related
2025-09-10 03:00:09.933000,7692193.0,CT0014000,Thomaston,Racial Profile,D1,25-8437,Case No.,2025-05-13 00:00:00,May,W,N,M,20,True,False, Thomaston,Main Street (Rt. 807),  ,  ,E,G,1.0,0,14-301,,False,N,False,False,V,2025-05-13 20:48:03,Verbal Warning,,,False,1.0,CT0014000,20250910030005000001,2025-05-13 20:48:03,20:48:03,2025,,,,2025,Stop Sign
2025-05-22 03:00:10.477000,7447208.0,CT0014000,Thomaston,Racial Profile,02,25-8477,Case No.,2025-05-14 00:00:00,May,W,N,F,49,True,True, Thomaston,Branch Road (Rt. 109),  ,  ,V,G,1.0,0,14-218a,,False,N,False,False,V,2025-05-14 08:16:22,Verbal Warning,,,False,1.0,CT0014000,20250522030005000001,2025-05-14 08:16:22,08:16:22,2025,,,,2025,Speed Related
2025-05-22 03:00:11.017000,7447209.0,CT0014000,Thomaston,Racial Profile,02,25-8871,Case No.,2025-05-21 00:00:00,May,W,N,F,0,True,True, Thomaston,Clay Street,  ,  ,V,G,1.0,0,14-218a,,False,N,False,False,V,2025-05-21 08:02:54,Verbal Warning,,,False,1.0,CT0014000,20250522030005000001,2025-05-21 08:02:54,08:02:54,2025,,,,2025,Speed Related
2025-05-22 03:00:11.040000,7447211.0,CT0014000,Thomaston,Racial Profile,02,25-8879,Case No.,2025-05-21 00:00:00,May,W,N,F,0,True,True, Thomaston,Clay Street,  ,  ,V,G,1.0,0,14-218a,,False,N,False,False,N,2025-05-21 08:28:31,No Disposition,,,False,1.0,CT0014000,20250522030005000001,2025-05-21 08:28:31,08:28:31,2025,,,,2025,Speed Related
2025-05-22 03:00:11.033000,7447210.0,CT0014000,Thomaston,Racial Profile,02,25-8874,Case No.,2025-05-21 00:00:00,May,W,N,F,26,True,True, Thomaston,Clay Street,  ,  ,V,G,1.0,0,14-218a,,False,N,False,False,V,2025-05-21 08:17:19,Verbal Warning,,,False,1.0,CT0014000,20250522030005000001,2025-05-21 08:17:19,08:17:19,2025,,,,2025,Speed Related
2025-06-06 03:00:09.050000,7463841.0,CT0014000,Thomaston,Racial Profile,07,25-9225,Case No.,2025-05-27 00:00:00,May,W,N,M,59,True,False, Thomaston,North Main Street,  ,  ,V,G,1.0,0,14-218a,,False,N,False,False,V,2025-05-27 16:03:25,Verbal Warning,,,False,1.0,CT0014000,20250606030005000001,2025-05-27 16:03:25,16:03:25,2025,,,,2025,Speed Related
2025-05-29 03:00:08.303000,7454491.0,CT0014000,Thomaston,Racial Profile,02,25-9280,Case No.,2025-05-28 00:00:00,May,W,N,F,75,True,False, Thomaston,Watertown Road (Rt. 810),  ,  ,V,G,1.0,0,14-218a10,,False,N,False,False,V,2025-05-28 12:00:58,Verbal Warning,,,False,1.0,CT0014000,20250529030005000001,2025-05-28 12:00:58,12:00:58,2025,,,,2025,Speed Related
2025-05-30 03:00:11.090000,7455551.0,CT0014000,Thomaston,Racial Profile,05,25-9371,Case No.,2025-05-29 00:00:00,May,B,N,M,37,True,False, Thomaston,Elm Street,  ,  ,V,G,1.0,0,14-301,,False,N,False,False,V,2025-05-29 19:43:46,Verbal Warning,,,False,1.0,CT0014000,20250530030004000001,2025-05-29 19:43:46,19:43:46,2025,,,,2025,Stop Sign
2025-06-06 03:00:09.070000,7463842.0,CT0014000,Thomaston,Racial Profile,S3,25-9837,Case No.,2025-06-05 00:00:00,June,W,N,F,22,True,False, Thomaston,North Main Street,  ,  ,V,G,1.0,0,14-218a,,False,N,False,False,V,2025-06-05 16:56:19,Verbal Warning,,,False,1.0,CT0014000,20250606030005000001,2025-06-05 16:56:19,16:56:19,2025,,,,2025,Speed Related
2025-06-10 03:00:08.637000,7469501.0,CT0014000,Thomaston,Racial Profile,02,25-10000,Case No.,2025-06-09 00:00:00,June,W,N,F,46,True,False, Thomaston,Northfield Road (Rt. 254),  ,  ,V,G,1.0,0,14-218a,,False,N,False,False,V,2025-06-09 11:28:08,Verbal Warning,,,False,1.0,CT0014000,20250610030005000001,2025-06-09 11:28:08,11:28:08,2025,,,,2025,Speed Related
2025-06-10 03:00:08.643000,7469502.0,CT0014000,Thomaston,Racial Profile,02,25-10017,Case No.,2025-06-09 00:00:00,June,W,N,M,51,True,False, Thomaston,Northfield Road (Rt. 254),  ,  ,V,G,1.0,0,14-218a,,False,N,False,False,V,2025-06-09 12:43:32,Verbal Warning,,,False,1.0,CT0014000,20250610030005000001,2025-06-09 12:43:32,12:43:32,2025,,,,2025,Speed Related
2025-06-10 03:00:08.660000,7469503.0,CT0014000,Thomaston,Racial Profile,02,25-10018,Case No.,2025-06-09 00:00:00,June,W,N,M,0,True,False, Thomaston,Northfield Road (Rt. 254),  ,  ,V,G,1.0,0,14-218a,,False,O,False,False,V,2025-06-09 13:41:05,Verbal Warning,,,False,1.0,CT0014000,20250610030005000001,2025-06-09 13:41:05,13:41:05,2025,,,,2025,Speed Related
2025-06-11 03:00:08.817000,7470618.0,CT0014000,Thomaston,Racial Profile,05,25-10104,Case No.,2025-06-10 00:00:00,June,W,N,M,22,True,False, Thomaston,North Main Street,  ,  ,V,G,1.0,0,14-219,,False,N,False,False,V,2025-06-10 17:54:56,Verbal Warning,,,False,1.0,CT0014000,20250611030005000001,2025-06-10 17:54:56,17:54:56,2025,,,,2025,Speed Related
2025-06-12 03:00:09.890000,7471750.0,CT0014000,Thomaston,Racial Profile,03,25-10223,Case No.,2025-06-11 00:00:00,June,W,N,F,0,True,False, Thomaston,Waterbury Road (Rt. 848),  ,  ,E,G,3.0,0,14-96a(a),,False,N,False,False,V,2025-06-11 21:44:36,Verbal Warning,,,False,1.0,CT0014000,20250612030005000001,2025-06-11 21:44:36,21:44:36,2025,,,,2025,Defective Lights
2025-06-12 03:00:09.880000,7471748.0,CT0014000,Thomaston,Racial Profile,05,25-10201,Case No.,2025-06-11 00:00:00,June,W,N,F,65,True,False, Thomaston,Union Street,  ,  ,V,G,1.0,0,14-301,,False,N,False,False,V,2025-06-11 17:36:47,Verbal Warning,,,False,1.0,CT0014000,20250612030005000001,2025-06-11 17:36:47,17:36:47,2025,,,,2025,Stop Sign
2025-06-12 03:00:09.827000,7471743.0,CT0014000,Thomaston,Racial Profile,01,25-10143,Case No.,2025-06-11 00:00:00,June,W,N,F,33,True,False, Thomaston,Branch Road (Rt. 109),  ,  ,V,G,1.0,0,14-218a,,False,N,False,False,V,2025-06-11 07:23:46,Verbal Warning,,,False,1.0,CT0014000,20250612030005000001,2025-06-11 07:23:46,07:23:46,2025,,,,2025,Speed Related
2025-06-12 03:00:09.843000,7471745.0,CT0014000,Thomaston,Racial Profile,S3,25-10194,Case No.,2025-06-11 00:00:00,June,W,N,F,61,True,False, Thomaston,Branch Road (Rt. 109),  ,  ,V,G,1.0,0,14-218a10,,False,N,False,False,V,2025-06-11 16:52:21,Verbal Warning,,,False,1.0,CT0014000,20250612030005000001,2025-06-11 16:52:21,16:52:21,2025,,,,2025,Speed Related
2025-06-12 03:00:09.850000,7471746.0,CT0014000,Thomaston,Racial Profile,S3,25-10196,Case No.,2025-06-11 00:00:00,June,W,N,M,83,True,False, Thomaston,Branch Road (Rt. 109),  ,  ,V,G,1.0,0,14-218a10,,False,N,False,False,V,2025-06-11 17:10:13,Verbal Warning,,,False,1.0,CT0014000,20250612030005000001,2025-06-11 17:10:13,17:10:13,2025,,,,2025,Speed Related
2025-06-12 03:00:09.877000,7471747.0,CT0014000,Thomaston,Racial Profile,S3,25-10197,Case No.,2025-06-11 00:00:00,June,W,N,M,45,True,False, Thomaston,Branch Road (Rt. 109),  ,  ,V,G,1.0,0,14-218a10,,False,N,False,False,V,2025-06-11 17:18:27,Verbal Warning,,,False,1.0,CT0014000,20250612030005000001,2025-06-11 17:18:27,17:18:27,2025,,,,2025,Speed Related
2025-06-12 03:00:09.820000,7471742.0,CT0014000,Thomaston,Racial Profile,01,25-10142,Case No.,2025-06-11 00:00:00,June,W,H,M,29,True,False, Thomaston,Branch Road (Rt. 109),  ,  ,V,G,1.0,0,14-219,,False,N,False,False,V,2025-06-11 07:19:33,Verbal Warning,,,False,1.0,CT0014000,20250612030005000001,2025-06-11 07:19:33,07:19:33,2025,,,,2025,Speed Related
2025-06-12 03:00:09.830000,7471744.0,CT0014000,Thomaston,Racial Profile,01,25-10146,Case No.,2025-06-11 00:00:00,June,W,N,M,29,True,False, Thomaston,Branch Road (Rt. 109),  ,  ,V,G,1.0,0,14-218a,,False,N,False,False,V,2025-06-11 07:44:12,Verbal Warning,,,False,1.0,CT0014000,20250612030005000001,2025-06-11 07:44:12,07:44:12,2025,,,,2025,Speed Related
2025-06-12 03:00:09.887000,7471749.0,CT0014000,Thomaston,Racial Profile,05,25-10202,Case No.,2025-06-11 00:00:00,June,W,N,M,54,True,False, Thomaston,Union Street,  ,  ,V,G,1.0,0,14-301,,False,N,False,False,V,2025-06-11 17:54:17,Verbal Warning,,,False,1.0,CT0014000,20250612030005000001,2025-06-11 17:54:17,17:54:17,2025,,,,2025,Stop Sign
2025-06-13 03:00:09.757000,7472871.0,CT0014000,Thomaston,Racial Profile,05,25-10203,Case No.,2025-06-11 00:00:00,June,W,N,M,74,True,True, Thomaston,Union Street,  ,  ,V,G,1.0,0,14-301,,False,N,False,False,V,2025-06-11 18:06:12,Verbal Warning,,,False,1.0,CT0014000,20250613030005000001,2025-06-11 18:06:12,18:06:12,2025,,,,2025,Stop Sign
2025-06-13 03:00:09.767000,7472872.0,CT0014000,Thomaston,Racial Profile,01,25-10251,Case No.,2025-06-12 00:00:00,June,W,N,F,48,True,True, Thomaston,Walnut Hill Road,  ,  ,V,G,1.0,0,14-218a,,False,N,False,False,V,2025-06-12 07:40:10,Verbal Warning,,,False,1.0,CT0014000,20250613030005000001,2025-06-12 07:40:10,07:40:10,2025,,,,2025,Speed Related
2025-06-13 03:00:09.863000,7472879.0,CT0014000,Thomaston,Racial Profile,05,25-10300,Case No.,2025-06-12 00:00:00,June,W,N,F,30,True,False, Thomaston,Elm Street,  ,  ,V,G,1.0,0,14-301,,False,N,False,False,V,2025-06-12 17:30:18,Verbal Warning,,,False,1.0,CT0014000,20250613030005000001,2025-06-12 17:30:18,17:30:18,2025,,,,2025,Stop Sign
2025-06-16 03:00:08.613000,7497357.0,CT0014000,Thomaston,Racial Profile,06,25-10305,Case No.,2025-06-12 00:00:00,June,W,N,F,39,True,False, Thomaston,Northfield Road (Rt. 254),  ,  ,V,B,1.0,0,14-301,,False,N,False,False,V,2025-06-12 18:23:49,Verbal Warning,,,False,1.0,CT0014000,20250616030005000001,2025-06-12 18:23:49,18:23:49,2025,,,,2025,Stop Sign
2025-06-13 03:00:09.783000,7472873.0,CT0014000,Thomaston,Racial Profile,01,25-10258,Case No.,2025-06-12 00:00:00,June,W,N,F,61,True,True, Thomaston,Walnut Hill Road,  ,  ,V,G,1.0,0,14-218a,,False,N,False,False,V,2025-06-12 07:56:42,Verbal Warning,,,False,1.0,CT0014000,20250613030005000001,2025-06-12 07:56:42,07:56:42,2025,,,,2025,Speed Related
2025-06-13 03:00:09.813000,7472875.0,CT0014000,Thomaston,Racial Profile,S2,25-10271,Case No.,2025-06-12 00:00:00,June,W,N,M,56,True,False, Thomaston,East Main Street (Rt. 6),  ,  ,V,G,1.0,0,14-301,,False,N,False,False,V,2025-06-12 08:43:11,Verbal Warning,,,False,1.0,CT0014000,20250613030005000001,2025-06-12 08:43:11,08:43:11,2025,,,,2025,Stop Sign
2025-06-13 03:00:09.887000,7472881.0,CT0014000,Thomaston,Racial Profile,05,25-10303,Case No.,2025-06-12 00:00:00,June,W,N,F,36,True,False, Thomaston,Elm Street,  ,  ,V,G,1.0,0,14-301,,False,N,False,False,V,2025-06-12 18:04:31,Verbal Warning,,,False,1.0,CT0014000,20250613030005000001,2025-06-12 18:04:31,18:04:31,2025,,,,2025,Stop Sign
2025-06-16 03:00:08.607000,7497355.0,CT0014000,Thomaston,Racial Profile,06,25-10302,Case No.,2025-06-12 00:00:00,June,W,N,M,18,True,False, Thomaston,North Main Street (Rt. 222),  ,  ,V,B,1.0,0,14-301,,False,N,False,False,V,2025-06-12 17:41:40,Verbal Warning,,,False,1.0,CT0014000,20250616030005000001,2025-06-12 17:41:40,17:41:40,2025,,,,2025,Stop Sign
2025-06-16 03:00:08.610000,7497356.0,CT0014000,Thomaston,Racial Profile,06,25-10304,Case No.,2025-06-12 00:00:00,June,W,N,F,30,True,False, Thomaston,East Main Street (Rt. 6),  ,  ,V,B,1.0,0,14-301,,False,N,False,False,V,2025-06-12 18:11:16,Verbal Warning,,,False,1.0,CT0014000,20250616030005000001,2025-06-12 18:11:16,18:11:16,2025,,,,2025,Stop Sign
2025-06-12 03:00:09.897000,7471751.0,CT0014000,Thomaston,Racial Profile,03,25-10227,Case No.,2025-06-12 00:00:00,June,W,N,F,25,True,False, Thomaston,Grand Street,  ,  ,E,G,3.0,0,14-96a(a),,False,N,False,False,V,2025-06-12 00:01:25,Verbal Warning,,,False,1.0,CT0014000,20250612030005000001,2025-06-12 00:01:25,00:01:25,2025,,,,2025,Defective Lights
2025-06-13 03:00:09.827000,7472876.0,CT0014000,Thomaston,Racial Profile,05,25-10282,Case No.,2025-06-12 00:00:00,June,W,N,F,49,True,True, Thomaston,Elm Street,  ,  ,V,G,1.0,0,14-301,,False,N,False,False,V,2025-06-12 12:39:03,Verbal Warning,,,False,1.0,CT0014000,20250613030005000001,2025-06-12 12:39:03,12:39:03,2025,,,,2025,Stop Sign
2025-06-13 03:00:09.843000,7472877.0,CT0014000,Thomaston,Racial Profile,05,25-10291,Case No.,2025-06-12 00:00:00,June,W,N,F,40,True,False, Thomaston,Elm Street,  ,  ,V,G,1.0,0,14-301,,False,N,False,False,V,2025-06-12 13:52:37,Verbal Warning,,,False,1.0,CT0014000,20250613030005000001,2025-06-12 13:52:37,13:52:37,2025,,,,2025,Stop Sign
2025-06-13 03:00:09.853000,7472878.0,CT0014000,Thomaston,Racial Profile,05,25-10292,Case No.,2025-06-12 00:00:00,June,W,N,M,67,True,False, Thomaston,Elm Street,  ,  ,V,G,1.0,0,14-301,,False,N,False,False,V,2025-06-12 13:58:47,Verbal Warning,,,False,1.0,CT0014000,20250613030005000001,2025-06-12 13:58:47,13:58:47,2025,,,,2025,Stop Sign
2025-06-13 03:00:09.880000,7472880.0,CT0014000,Thomaston,Racial Profile,05,25-10301,Case No.,2025-06-12 00:00:00,June,W,N,F,36,True,False, Thomaston,Elm Street,  ,  ,V,G,1.0,0,14-301,,False,N,False,False,V,2025-06-12 17:39:44,Verbal Warning,,,False,1.0,CT0014000,20250613030005000001,2025-06-12 17:39:44,17:39:44,2025,,,,2025,Stop Sign
2025-06-13 03:00:09.907000,7472882.0,CT0014000,Thomaston,Racial Profile,05,25-10316,Case No.,2025-06-12 00:00:00,June,W,N,F,22,True,True, Thomaston,Union Street,  ,  ,V,G,1.0,0,14-301,,False,N,False,False,V,2025-06-12 21:22:10,Verbal Warning,,,False,1.0,CT0014000,20250613030005000001,2025-06-12 21:22:10,21:22:10,2025,,,,2025,Stop Sign
2025-06-13 03:00:09.797000,7472874.0,CT0014000,Thomaston,Racial Profile,01,25-10259,Case No.,2025-06-12 00:00:00,June,W,N,M,60,True,True, Thomaston,Walnut Hill Road,  ,  ,V,G,1.0,0,14-218a,,False,N,False,False,V,2025-06-12 07:59:34,Verbal Warning,,,False,1.0,CT0014000,20250613030005000001,2025-06-12 07:59:34,07:59:34,2025,,,,2025,Speed Related
2025-06-14 03:00:09.590000,7474036.0,CT0014000,Thomaston,Racial Profile,03,25-10327,Case No.,2025-06-12 00:00:00,June,W,N,M,22,True,False, Thomaston,South Main Street (Rt. 254),  ,  ,V,G,1.0,0,14-96a(a),,False,N,False,False,V,2025-06-12 23:32:40,Verbal Warning,,,False,1.0,CT0014000,20250614030005000001,2025-06-12 23:32:40,23:32:40,2025,,,,2025,Defective Lights
2025-06-14 03:00:09.620000,7474043.0,CT0014000,Thomaston,Racial Profile,01,25-10361,Case No.,2025-06-13 00:00:00,June,W,N,F,37,True,True, Thomaston,Old Northfield Road,  ,  ,V,G,1.0,0,14-218a,,False,N,False,False,W,2025-06-13 07:56:08,Written Ticket,,,False,1.0,CT0014000,20250614030005000001,2025-06-13 07:56:08,07:56:08,2025,,,,2025,Speed Related
2025-06-14 03:00:09.623000,7474044.0,CT0014000,Thomaston,Racial Profile,01,25-10362,Case No.,2025-06-13 00:00:00,June,W,N,M,35,True,True, Thomaston,Old Northfield Road,  ,  ,V,G,1.0,0,14-218a,,False,N,False,False,W,2025-06-13 08:08:32,Written Ticket,,,False,1.0,CT0014000,20250614030005000001,2025-06-13 08:08:32,08:08:32,2025,,,,2025,Speed Related
2025-06-14 03:00:09.650000,7474049.0,CT0014000,Thomaston,Racial Profile,02,25-10405,Case No.,2025-06-13 00:00:00,June,W,N,M,31,True,False, Thomaston,Elm Street,  ,  ,V,G,1.0,0,14-301,,False,N,False,False,V,2025-06-13 16:42:13,Verbal Warning,,,False,1.0,CT0014000,20250614030005000001,2025-06-13 16:42:13,16:42:13,2025,,,,2025,Stop Sign
2025-06-14 03:00:09.653000,7474050.0,CT0014000,Thomaston,Racial Profile,02,25-10408,Case No.,2025-06-13 00:00:00,June,W,N,M,34,True,False, Thomaston,Main Street (Rt. 807),  ,  ,V,G,1.0,0,14-218a,,False,N,False,False,V,2025-06-13 17:17:18,Verbal Warning,,,False,1.0,CT0014000,20250614030005000001,2025-06-13 17:17:18,17:17:18,2025,,,,2025,Speed Related
2025-06-14 03:00:09.663000,7474052.0,CT0014000,Thomaston,Racial Profile,03,25-10411,Case No.,2025-06-13 00:00:00,June,W,N,M,70,True,False, Thomaston,Branch Road (Rt. 109),  ,  ,V,B,1.0,0,14-218a,,False,N,False,False,V,2025-06-13 19:28:20,Verbal Warning,,,False,1.0,CT0014000,20250614030005000001,2025-06-13 19:28:20,19:28:20,2025,,,,2025,Speed Related
2025-06-14 03:00:09.627000,7474045.0,CT0014000,Thomaston,Racial Profile,01,25-10364,Case No.,2025-06-13 00:00:00,June,W,N,M,35,True,True, Thomaston,Old Northfield Road,  ,  ,V,G,1.0,0,14-218a,,False,N,False,False,W,2025-06-13 08:29:58,Written Ticket,,,False,1.0,CT0014000,20250614030005000001,2025-06-13 08:29:58,08:29:58,2025,,,,2025,Speed Related
2025-06-14 03:00:09.610000,7474041.0,CT0014000,Thomaston,Racial Profile,02,25-10348,Case No.,2025-06-13 00:00:00,June,W,N,M,49,True,True, Thomaston,Main Street (Rt. 807),  ,  ,V,G,1.0,0,14-218a,,False,N,False,False,V,2025-06-13 07:17:00,Verbal Warning,,,False,1.0,CT0014000,20250614030005000001,2025-06-13 07:17:00,07:17:00,2025,,,,2025,Speed Related
2025-06-14 03:00:09.600000,7474038.0,CT0014000,Thomaston,Racial Profile,03,25-10332,Case No.,2025-06-13 00:00:00,June,W,N,M,31,True,True, Thomaston,Branch Road (Rt. 109),  ,  ,E,G,2.0,0,14-96a(a),,False,N,False,False,V,2025-06-13 00:41:20,Verbal Warning,,,False,1.0,CT0014000,20250614030005000001,2025-06-13 00:41:20,00:41:20,2025,,,,2025,Defective Lights
2025-06-14 03:00:09.660000,7474051.0,CT0014000,Thomaston,Racial Profile,03,25-10409,Case No.,2025-06-13 00:00:00,June,W,N,M,26,True,False, Thomaston,Branch Road (Rt. 109),  ,  ,E,B,1.0,0,14-219(b),,False,N,False,False,V,2025-06-13 19:19:02,Verbal Warning,,,False,1.0,CT0014000,20250614030005000001,2025-06-13 19:19:02,19:19:02,2025,,,,2025,Speed Related
2025-06-14 03:00:09.633000,7474047.0,CT0014000,Thomaston,Racial Profile,S3,25-10398,Case No.,2025-06-13 00:00:00,June,W,N,F,53,True,True, Thomaston,Hickory Hill Road,  ,  ,V,G,1.0,0,14-219,,False,N,False,False,V,2025-06-13 16:01:11,Verbal Warning,,,False,1.0,CT0014000,20250614030005000001,2025-06-13 16:01:11,16:01:11,2025,,,,2025,Speed Related
2025-06-13 03:00:09.920000,7472883.0,CT0014000,Thomaston,Racial Profile,08,25-10337,Case No.,2025-06-13 00:00:00,June,W,N,M,36,True,False, Thomaston,Northfield Road (Rt. 254),  ,  ,V,G,1.0,1,14-219,,False,N,False,False,V,2025-06-13 02:33:45,Verbal Warning,,,False,1.0,CT0014000,20250613030005000001,2025-06-13 02:33:45,02:33:45,2025,,,,2025,Speed Related
2025-06-14 03:00:09.603000,7474039.0,CT0014000,Thomaston,Racial Profile,S2,25-10346,Case No.,2025-06-13 00:00:00,June,W,N,F,34,True,True, Thomaston,East Main Street (Rt. 6),  ,  ,V,B,1.0,0,14-218a,,False,N,False,False,V,2025-06-13 05:09:19,Verbal Warning,,,False,1.0,CT0014000,20250614030005000001,2025-06-13 05:09:19,05:09:19,2025,,,,2025,Speed Related
2025-06-14 03:00:09.630000,7474046.0,CT0014000,Thomaston,Racial Profile,S3,25-10397,Case No.,2025-06-13 00:00:00,June,W,N,M,38,True,True, Thomaston,Hickory Hill Road,  ,  ,V,G,1.0,0,14-218a,,False,N,False,False,V,2025-06-13 15:50:39,Verbal Warning,,,False,1.0,CT0014000,20250614030005000001,2025-06-13 15:50:39,15:50:39,2025,,,,2025,Speed Related
2025-06-14 03:00:09.617000,7474042.0,CT0014000,Thomaston,Racial Profile,02,25-10349,Case No.,2025-06-13 00:00:00,June,W,N,M,43,True,True, Thomaston,Hill Road (Rt. 222),  ,  ,V,G,1.0,0,14-218a,,False,N,False,False,V,2025-06-13 07:22:31,Verbal Warning,,,False,1.0,CT0014000,20250614030005000001,2025-06-13 07:22:31,07:22:31,2025,,,,2025,Speed Related
2025-06-14 03:00:09.637000,7474048.0,CT0014000,Thomaston,Racial Profile,S3,25-10400,Case No.,2025-06-13 00:00:00,June,W,N,M,54,True,True, Thomaston,Northfield Road (Rt. 254),  ,  ,V,G,1.0,0,14-218a,,False,N,False,False,V,2025-06-13 16:17:23,Verbal Warning,,,False,1.0,CT0014000,20250614030005000001,2025-06-13 16:17:23,16:17:23,2025,,,,2025,Speed Related
2025-06-14 03:00:09.607000,7474040.0,CT0014000,Thomaston,Racial Profile,02,25-10347,Case No.,2025-06-13 00:00:00,June,W,N,M,21,True,True, Thomaston,Main Street (Rt. 807),  ,  ,V,G,1.0,0,14-218a,,False,N,False,False,V,2025-06-13 07:09:22,Verbal Warning,,,False,1.0,CT0014000,20250614030005000001,2025-06-13 07:09:22,07:09:22,2025,,,,2025,Speed Related
2025-06-14 03:00:09.597000,7474037.0,CT0014000,Thomaston,Racial Profile,03,25-10330,Case No.,2025-06-13 00:00:00,June,W,N,M,30,True,True, Thomaston,Branch Road (Rt. 109),  ,  ,E,B,2.0,0,14-219(b),,False,N,False,False,V,2025-06-13 00:31:19,Verbal Warning,,,False,1.0,CT0014000,20250614030005000001,2025-06-13 00:31:19,00:31:19,2025,,,,2025,Speed Related
2025-06-14 03:00:09.670000,7474053.0,CT0014000,Thomaston,Racial Profile,03,25-10412,Case No.,2025-06-13 00:00:00,June,W,N,M,22,True,False, Thomaston,Branch Road (Rt. 109),  ,  ,V,B,1.0,0,14-219(b),,False,N,False,False,V,2025-06-13 19:46:48,Verbal Warning,,,False,1.0,CT0014000,20250614030005000001,2025-06-13 19:46:48,19:46:48,2025,,,,2025,Speed Related
2025-06-15 03:00:08.633000,7476891.0,CT0014000,Thomaston,Racial Profile,01,25-10451,Case No.,2025-06-14 00:00:00,June,W,N,M,23,True,True, Thomaston,Branch Road (Rt. 109),  ,  ,V,G,1.0,0,14-219(b),,False,N,False,False,W,2025-06-14 07:47:09,Written Ticket,,,False,1.0,CT0014000,20250615030005000001,2025-06-14 07:47:09,07:47:09,2025,,,,2025,Speed Related
2025-06-15 03:00:08.697000,7476898.0,CT0014000,Thomaston,Racial Profile,02,25-10475,Case No.,2025-06-14 00:00:00,June,W,N,M,36,True,False, Thomaston,East Main Street (Rt. 222),  ,  ,V,G,1.0,0,14-218a,,False,N,False,False,V,2025-06-14 15:28:32,Verbal Warning,,,False,1.0,CT0014000,20250615030005000001,2025-06-14 15:28:32,15:28:32,2025,,,,2025,Speed Related
2025-06-15 03:00:08.647000,7476892.0,CT0014000,Thomaston,Racial Profile,01,25-10455,Case No.,2025-06-14 00:00:00,June,W,H,M,63,True,False, Thomaston,Branch Road (Rt. 109),  ,  ,V,G,1.0,0,14-218a,,False,N,False,False,W,2025-06-14 07:56:07,Written Ticket,,,False,1.0,CT0014000,20250615030005000001,2025-06-14 07:56:07,07:56:07,2025,,,,2025,Speed Related
2025-06-15 03:00:08.690000,7476897.0,CT0014000,Thomaston,Racial Profile,02,25-10461,Case No.,2025-06-14 00:00:00,June,W,N,M,21,True,False, Thomaston,Electric Avenue,  ,  ,V,G,1.0,0,14-218a,,False,N,False,False,V,2025-06-14 09:04:14,Verbal Warning,,,False,1.0,CT0014000,20250615030005000001,2025-06-14 09:04:14,09:04:14,2025,,,,2025,Speed Related
2025-06-15 03:00:08.710000,7476900.0,CT0014000,Thomaston,Racial Profile,02,25-10478,Case No.,2025-06-14 00:00:00,June,W,N,M,43,True,False, Thomaston,East Main Street (Rt. 222),  ,  ,V,G,1.0,0,14-218a,,False,N,False,False,V,2025-06-14 16:04:40,Verbal Warning,,,False,1.0,CT0014000,20250615030005000001,2025-06-14 16:04:40,16:04:40,2025,,,,2025,Speed Related
2025-06-14 03:00:09.677000,7474054.0,CT0014000,Thomaston,Racial Profile,08,25-10435,Case No.,2025-06-14 00:00:00,June,W,N,M,21,True,False, Thomaston,Northfield Road (Rt. 254),  ,  ,V,G,1.0,0,14-219b9,,False,N,False,False,V,2025-06-14 02:30:55,Verbal Warning,,,False,1.0,CT0014000,20250614030005000001,2025-06-14 02:30:55,02:30:55,2025,,,,2025,Speed Related
2025-06-15 03:00:08.713000,7476901.0,CT0014000,Thomaston,Racial Profile,S3,25-10479,Case No.,2025-06-14 00:00:00,June,W,N,M,63,True,False, Thomaston,Branch Road (Rt. 109),  ,  ,V,G,1.0,0,14-12(a),,False,N,False,False,V,2025-06-14 16:08:01,Verbal Warning,,,False,1.0,CT0014000,20250615030005000001,2025-06-14 16:08:01,16:08:01,2025,,,,2025,Registration
2025-06-15 03:00:08.727000,7476903.0,CT0014000,Thomaston,Racial Profile,S3,25-10487,Case No.,2025-06-14 00:00:00,June,W,N,M,35,True,False, Thomaston,Branch Road (Rt. 109),  ,  ,V,G,1.0,0,14-218a,,False,N,False,False,V,2025-06-14 16:38:11,Verbal Warning,,,False,1.0,CT0014000,20250615030005000001,2025-06-14 16:38:11,16:38:11,2025,,,,2025,Speed Related
2025-06-15 03:00:08.717000,7476902.0,CT0014000,Thomaston,Racial Profile,S3,25-10486,Case No.,2025-06-14 00:00:00,June,B,N,M,20,True,False, Thomaston,Branch Road (Rt. 109),  ,  ,V,G,1.0,0,14-218a,,False,N,False,False,V,2025-06-14 16:26:21,Verbal Warning,,,False,1.0,CT0014000,20250615030005000001,2025-06-14 16:26:21,16:26:21,2025,,,,2025,Speed Related
2025-06-15 03:00:08.660000,7476893.0,CT0014000,Thomaston,Racial Profile,01,25-10456,Case No.,2025-06-14 00:00:00,June,W,N,M,0,True,False, Thomaston,Branch Road (Rt. 109),  ,  ,V,G,1.0,0,14-218a*,,False,N,False,False,N,2025-06-14 08:04:56,No Disposition,,,False,1.0,CT0014000,20250615030005000001,2025-06-14 08:04:56,08:04:56,2025,,,,2025,Speed Related
2025-06-15 03:00:08.673000,7476895.0,CT0014000,Thomaston,Racial Profile,02,25-10458,Case No.,2025-06-14 00:00:00,June,W,N,F,22,True,False, Thomaston,East Main Street (Rt. 6),  ,  ,V,G,1.0,0,14-218a,,False,N,False,False,V,2025-06-14 08:16:13,Verbal Warning,,,False,1.0,CT0014000,20250615030005000001,2025-06-14 08:16:13,08:16:13,2025,,,,2025,Speed Related
2025-06-16 03:00:08.617000,7497358.0,CT0014000,Thomaston,Racial Profile,06,25-10520,Case No.,2025-06-14 00:00:00,June,W,N,F,34,True,False, Thomaston,Branch Road (Rt. 109),  ,  ,V,B,1.0,0,14-218a,,False,N,False,False,V,2025-06-14 23:53:26,Verbal Warning,,,False,1.0,CT0014000,20250616030005000001,2025-06-14 23:53:26,23:53:26,2025,,,,2025,Speed Related
2025-06-15 03:00:08.667000,7476894.0,CT0014000,Thomaston,Racial Profile,01,25-10457,Case No.,2025-06-14 00:00:00,June,W,N,M,39,True,False, Thomaston,Branch Road (Rt. 109),  ,  ,V,G,1.0,0,14-218a,,False,N,False,False,W,2025-06-14 08:15:45,Written Ticket,,,False,1.0,CT0014000,20250615030005000001,2025-06-14 08:15:45,08:15:45,2025,,,,2025,Speed Related
2025-06-15 03:00:08.687000,7476896.0,CT0014000,Thomaston,Racial Profile,02,25-10459,Case No.,2025-06-14 00:00:00,June,W,N,M,27,True,False, Thomaston,East Main Street (Rt. 6),  ,  ,V,G,1.0,0,14-301,,False,N,False,False,V,2025-06-14 08:26:26,Verbal Warning,,,False,1.0,CT0014000,20250615030005000001,2025-06-14 08:26:26,08:26:26,2025,,,,2025,Stop Sign
2025-06-15 03:00:08.703000,7476899.0,CT0014000,Thomaston,Racial Profile,02,25-10476,Case No.,2025-06-14 00:00:00,June,W,N,M,34,True,False, Thomaston,East Main Street (Rt. 222),  ,  ,V,G,1.0,0,14-218a,,False,N,False,False,V,2025-06-14 15:39:48,Verbal Warning,,,False,1.0,CT0014000,20250615030005000001,2025-06-14 15:39:48,15:39:48,2025,,,,2025,Speed Related
2025-06-15 03:00:08.730000,7476904.0,CT0014000,Thomaston,Racial Profile,08,25-10506,Case No.,2025-06-14 00:00:00,June,W,N,M,29,True,False, Thomaston,Northfield Road (Rt. 254),  ,  ,V,G,1.0,0,14-219b9,,False,N,False,False,V,2025-06-14 20:07:25,Verbal Warning,,,False,1.0,CT0014000,20250615030005000001,2025-06-14 20:07:25,20:07:25,2025,,,,2025,Speed Related
2025-07-20 03:00:08.737000,7575772.0,CT0014000,Thomaston,Racial Profile,04,25-10582,Case No.,2025-06-15 00:00:00,June,W,N,M,51,True,True, Thomaston,River Street,  ,  ,V,G,1.0,0,14-301,,False,N,False,False,V,2025-06-15 16:11:52,Verbal Warning,,,False,1.0,CT0014000,20250720030006000001,2025-06-15 16:11:52,16:11:52,2025,,,,2025,Stop Sign
2025-06-16 03:00:08.647000,7497366.0,CT0014000,Thomaston,Racial Profile,06,25-10598,Case No.,2025-06-15 00:00:00,June,W,N,F,25,True,False, Thomaston,Branch Road (Rt. 109),  ,  ,V,B,1.0,0,14-218a,,False,N,False,False,V,2025-06-15 23:15:38,Verbal Warning,,,False,1.0,CT0014000,20250616030005000001,2025-06-15 23:15:38,23:15:38,2025,,,,2025,Speed Related
2025-06-16 03:00:08.620000,7497359.0,CT0014000,Thomaston,Racial Profile,06,25-10521,Case No.,2025-06-15 00:00:00,June,W,H,M,31,True,False, Thomaston,Branch Road (Rt. 109),  ,  ,V,B,1.0,0,14-218a,,False,N,False,False,V,2025-06-15 00:02:49,Verbal Warning,,,False,1.0,CT0014000,20250616030005000001,2025-06-15 00:02:49,00:02:49,2025,,,,2025,Speed Related
2025-06-16 03:00:08.653000,7497367.0,CT0014000,Thomaston,Racial Profile,06,25-10601,Case No.,2025-06-15 00:00:00,June,W,N,F,30,True,False, Thomaston,Branch Road (Rt. 109),  ,  ,V,B,1.0,0,14-218a,,False,N,False,False,V,2025-06-15 23:46:29,Verbal Warning,,,False,1.0,CT0014000,20250616030005000001,2025-06-15 23:46:29,23:46:29,2025,,,,2025,Speed Related
2025-06-16 03:00:08.643000,7497365.0,CT0014000,Thomaston,Racial Profile,05,25-10573,Case No.,2025-06-15 00:00:00,June,W,H,F,51,True,True, Thomaston,Union Street,  ,  ,V,G,1.0,0,14-301,,False,N,False,False,V,2025-06-15 15:41:01,Verbal Warning,,,False,1.0,CT0014000,20250616030005000001,2025-06-15 15:41:01,15:41:01,2025,,,,2025,Stop Sign
2025-06-16 03:00:08.620000,7497360.0,CT0014000,Thomaston,Racial Profile,02,25-10542,Case No.,2025-06-15 00:00:00,June,W,N,M,0,True,False, Thomaston,Elm Street,  ,  ,V,G,1.0,0,14-218a,,False,N,False,False,V,2025-06-15 07:47:04,Verbal Warning,,,False,1.0,CT0014000,20250616030005000001,2025-06-15 07:47:04,07:47:04,2025,,,,2025,Speed Related
2025-06-16 03:00:08.623000,7497361.0,CT0014000,Thomaston,Racial Profile,02,25-10547,Case No.,2025-06-15 00:00:00,June,W,N,F,72,True,False, Thomaston,East Main Street (Rt. 6),  ,  ,V,G,1.0,0,14-218a,,False,N,False,False,V,2025-06-15 08:00:00,Verbal Warning,,,False,1.0,CT0014000,20250616030005000001,2025-06-15 08:00:00,08:00:00,2025,,,,2025,Speed Related
2025-06-16 03:00:08.630000,7497362.0,CT0014000,Thomaston,Racial Profile,02,25-10551,Case No.,2025-06-15 00:00:00,June,W,N,F,49,True,False, Thomaston,East Main Street (Rt. 6),  ,  ,V,G,1.0,0,14-218a,,False,N,False,False,V,2025-06-15 08:23:21,Verbal Warning,,,False,1.0,CT0014000,20250616030005000001,2025-06-15 08:23:21,08:23:21,2025,,,,2025,Speed Related
2025-07-20 03:00:08.727000,7575771.0,CT0014000,Thomaston,Racial Profile,04,25-10581,Case No.,2025-06-15 00:00:00,June,W,N,F,54,True,True, Thomaston,Elm Street,  ,  ,V,G,1.0,0,14-301,,False,N,False,False,V,2025-06-15 15:56:45,Verbal Warning,,,False,1.0,CT0014000,20250720030006000001,2025-06-15 15:56:45,15:56:45,2025,,,,2025,Stop Sign
2025-06-16 03:00:08.633000,7497363.0,CT0014000,Thomaston,Racial Profile,05,25-10570,Case No.,2025-06-15 00:00:00,June,W,N,F,34,True,True, Thomaston,Elm Street,  ,  ,V,G,1.0,0,14-301,,False,N,False,False,V,2025-06-15 15:27:09,Verbal Warning,,,False,1.0,CT0014000,20250616030005000001,2025-06-15 15:27:09,15:27:09,2025,,,,2025,Stop Sign
2025-06-16 03:00:08.637000,7497364.0,CT0014000,Thomaston,Racial Profile,05,25-10572,Case No.,2025-06-15 00:00:00,June,W,N,F,39,True,False, Thomaston,Elm Street,  ,  ,V,G,1.0,0,14-301,,False,N,False,False,V,2025-06-15 15:31:48,Verbal Warning,,,False,1.0,CT0014000,20250616030005000001,2025-06-15 15:31:48,15:31:48,2025,,,,2025,Stop Sign
2025-06-21 03:00:09.103000,7515718.0,CT0014000,Thomaston,Racial Profile,08,25-10522,Case No.,2025-06-15 00:00:00,June,A,N,M,43,True,False, Thomaston,Northfield Road (Rt. 254),  ,  ,V,G,1.0,0,14-219(b),,False,N,False,False,V,2025-06-15 00:18:47,Verbal Warning,,,False,1.0,CT0014000,20250621030005000001,2025-06-15 00:18:47,00:18:47,2025,,,,2025,Speed Related
2025-06-18 03:00:09.957000,7501134.0,CT0014000,Thomaston,Racial Profile,03,25-10684,Case No.,2025-06-16 00:00:00,June,W,N,M,0,True,False, Thomaston,Branch Road (Rt. 109),  ,  ,V,B,1.0,0,14-219(b),,False,N,False,False,V,2025-06-16 23:59:46,Verbal Warning,,,False,1.0,CT0014000,20250618030006000001,2025-06-16 23:59:46,23:59:46,2025,,,,2025,Speed Related
2025-06-17 03:00:07.180000,7499771.0,CT0014000,Thomaston,Racial Profile,02,25-10653,Case No.,2025-06-16 00:00:00,June,W,N,M,49,True,False, Thomaston,Waterbury Road (Rt. 262),  ,  ,V,G,1.0,0,14-96c,,False,N,False,False,V,2025-06-16 12:40:35,Verbal Warning,,,False,1.0,CT0014000,20250617030005000001,2025-06-16 12:40:35,12:40:35,2025,,,,2025,Defective Lights
2025-07-20 03:00:08.743000,7575773.0,CT0014000,Thomaston,Racial Profile,04,25-10665,Case No.,2025-06-16 00:00:00,June,W,N,F,29,True,True, Thomaston,Elm Street,  ,  ,V,G,1.0,0,14-301,,False,N,False,False,V,2025-06-16 16:35:59,Verbal Warning,,,False,1.0,CT0014000,20250720030006000001,2025-06-16 16:35:59,16:35:59,2025,,,,2025,Stop Sign
2025-06-17 03:00:07.183000,7499772.0,CT0014000,Thomaston,Racial Profile,05,25-10660,Case No.,2025-06-16 00:00:00,June,W,N,F,37,True,False, Thomaston,Elm Street,  ,  ,V,G,1.0,0,14-301,,False,N,False,False,V,2025-06-16 15:55:47,Verbal Warning,,,False,1.0,CT0014000,20250617030005000001,2025-06-16 15:55:47,15:55:47,2025,,,,2025,Stop Sign
2025-06-16 03:00:08.657000,7497368.0,CT0014000,Thomaston,Racial Profile,06,25-10602,Case No.,2025-06-16 00:00:00,June,W,N,F,39,True,False, Thomaston,Branch Road (Rt. 109),  ,  ,V,B,1.0,0,14-218a,,False,N,False,False,V,2025-06-16 00:08:29,Verbal Warning,,,False,1.0,CT0014000,20250616030005000001,2025-06-16 00:08:29,00:08:29,2025,,,,2025,Speed Related
2025-06-17 03:00:07.190000,7499773.0,CT0014000,Thomaston,Racial Profile,05,25-10668,Case No.,2025-06-16 00:00:00,June,W,N,F,0,True,False, Thomaston,Elm Street,  ,  ,V,G,1.0,0,14-301,,False,N,False,False,V,2025-06-16 16:46:12,Verbal Warning,,,False,1.0,CT0014000,20250617030005000001,2025-06-16 16:46:12,16:46:12,2025,,,,2025,Stop Sign
2025-06-17 03:00:07.193000,7499774.0,CT0014000,Thomaston,Racial Profile,05,25-10669,Case No.,2025-06-16 00:00:00,June,W,N,F,56,True,True, Thomaston,Elm Street,  ,  ,V,G,1.0,0,14-301,,False,N,False,False,V,2025-06-16 17:28:42,Verbal Warning,,,False,1.0,CT0014000,20250617030005000001,2025-06-16 17:28:42,17:28:42,2025,,,,2025,Stop Sign
2025-06-17 03:00:07.193000,7499775.0,CT0014000,Thomaston,Racial Profile,06,25-10676,Case No.,2025-06-16 00:00:00,June,W,H,M,53,True,False, Thomaston,Branch Road (Rt. 109),  ,  ,V,B,1.0,0,14-218a,,False,N,False,False,V,2025-06-16 23:09:50,Verbal Warning,,,False,1.0,CT0014000,20250617030005000001,2025-06-16 23:09:50,23:09:50,2025,,,,2025,Speed Related
2025-06-17 03:00:07.197000,7499776.0,CT0014000,Thomaston,Racial Profile,06,25-10679,Case No.,2025-06-16 00:00:00,June,W,H,M,53,True,False, Thomaston,Pine Hill Road (Rt. 6),  ,  ,V,B,1.0,0,14-218a,,False,N,False,False,V,2025-06-16 23:19:41,Verbal Warning,,,False,1.0,CT0014000,20250617030005000001,2025-06-16 23:19:41,23:19:41,2025,,,,2025,Speed Related
2025-06-17 03:00:07.200000,7499777.0,CT0014000,Thomaston,Racial Profile,06,25-10680,Case No.,2025-06-16 00:00:00,June,W,N,M,54,True,False, Thomaston,Branch Road (Rt. 109),  ,  ,V,B,1.0,0,14-218a,,False,N,False,False,V,2025-06-16 23:35:59,Verbal Warning,,,False,1.0,CT0014000,20250617030005000001,2025-06-16 23:35:59,23:35:59,2025,,,,2025,Speed Related
2025-06-17 03:00:07.177000,7499769.0,CT0014000,Thomaston,Racial Profile,02,25-10625,Case No.,2025-06-16 00:00:00,June,W,N,F,62,True,True, Thomaston,North Main Street,  ,  ,V,G,1.0,0,14-218a,,False,N,False,False,V,2025-06-16 06:55:48,Verbal Warning,,,False,1.0,CT0014000,20250617030005000001,2025-06-16 06:55:48,06:55:48,2025,,,,2025,Speed Related
2025-06-17 03:00:07.177000,7499770.0,CT0014000,Thomaston,Racial Profile,02,25-10627,Case No.,2025-06-16 00:00:00,June,W,H,M,0,True,False, Thomaston,North Main Street,  ,  ,V,G,2.0,1,14-36(a),,False,N,False,False,I,2025-06-16 07:06:07,Infraction Ticket,,,False,1.0,CT0014000,20250617030005000001,2025-06-16 07:06:07,07:06:07,2025,,,,2025,Unlicensed Operation
2025-06-18 03:00:09.970000,7501136.0,CT0014000,Thomaston,Racial Profile,01,25-10709,Case No.,2025-06-17 00:00:00,June,W,N,M,56,True,True, Thomaston,Clay Street,  ,  ,V,G,1.0,0,14-218a,,False,N,False,False,W,2025-06-17 09:39:56,Written Ticket,,,False,1.0,CT0014000,20250618030006000001,2025-06-17 09:39:56,09:39:56,2025,,,,2025,Speed Related
2025-06-18 03:00:10,7501143.0,CT0014000,Thomaston,Racial Profile,03,25-10755,Case No.,2025-06-17 00:00:00,June,W,N,M,28,True,False, Thomaston,Branch Road (Rt. 109),  ,  ,V,B,1.0,0,14-219(b),,False,N,False,False,V,2025-06-17 23:11:00,Verbal Warning,,,False,1.0,CT0014000,20250618030006000001,2025-06-17 23:11:00,23:11:00,2025,,,,2025,Speed Related
2025-06-18 03:00:09.987000,7501140.0,CT0014000,Thomaston,Racial Profile,05,25-10747,Case No.,2025-06-17 00:00:00,June,W,N,F,67,True,True, Thomaston,Elm Street,  ,  ,V,G,1.0,0,14-301,,False,N,False,False,V,2025-06-17 19:40:33,Verbal Warning,,,False,1.0,CT0014000,20250618030006000001,2025-06-17 19:40:33,19:40:33,2025,,,,2025,Stop Sign
2025-06-18 03:00:09.990000,7501141.0,CT0014000,Thomaston,Racial Profile,05,25-10748,Case No.,2025-06-17 00:00:00,June,W,N,F,0,True,False, Thomaston,Elm Street,  ,  ,V,G,1.0,0,14-301,,False,N,False,False,V,2025-06-17 19:50:08,Verbal Warning,,,False,1.0,CT0014000,20250618030006000001,2025-06-17 19:50:08,19:50:08,2025,,,,2025,Stop Sign
2025-06-18 03:00:09.967000,7501135.0,CT0014000,Thomaston,Racial Profile,03,25-10690,Case No.,2025-06-17 00:00:00,June,W,N,M,27,True,False, Thomaston,Branch Road (Rt. 109),  ,  ,V,B,1.0,0,14-219(b),,False,N,False,False,V,2025-06-17 04:42:37,Verbal Warning,,,False,1.0,CT0014000,20250618030006000001,2025-06-17 04:42:37,04:42:37,2025,,,,2025,Speed Related
2025-06-18 03:00:09.983000,7501139.0,CT0014000,Thomaston,Racial Profile,S3,25-10743,Case No.,2025-06-17 00:00:00,June,W,N,M,60,True,False, Thomaston,East Main Street (Rt. 222),  ,  ,V,G,1.0,0,14-301,,False,N,False,False,V,2025-06-17 18:04:22,Verbal Warning,,,False,1.0,CT0014000,20250618030006000001,2025-06-17 18:04:22,18:04:22,2025,,,,2025,Stop Sign
2025-06-19 03:00:08.783000,7503245.0,CT0014000,Thomaston,Racial Profile,S3,25-10744,Case No.,2025-06-17 00:00:00,June,W,N,F,44,True,True, Thomaston,East Main Street (Rt. 6),  ,  ,V,G,1.0,0,14-301,,False,N,False,False,V,2025-06-17 18:16:23,Verbal Warning,,,False,1.0,CT0014000,20250619030005000001,2025-06-17 18:16:23,18:16:23,2025,,,,2025,Stop Sign
2025-06-18 03:00:09.997000,7501142.0,CT0014000,Thomaston,Racial Profile,05,25-10749,Case No.,2025-06-17 00:00:00,June,W,N,F,19,True,False, Thomaston,Elm Street,  ,  ,V,B,1.0,0,14-218a,,False,N,False,False,V,2025-06-17 20:04:48,Verbal Warning,,,False,1.0,CT0014000,20250618030006000001,2025-06-17 20:04:48,20:04:48,2025,,,,2025,Speed Related
2025-06-18 03:00:10.010000,7501145.0,CT0014000,Thomaston,Racial Profile,06,25-10757,Case No.,2025-06-17 00:00:00,June,A,N,F,25,True,False, Thomaston,Branch Road (Rt. 109),  ,  ,V,B,1.0,0,14-218a,,False,N,False,False,V,2025-06-17 23:42:13,Verbal Warning,,,False,1.0,CT0014000,20250618030006000001,2025-06-17 23:42:13,23:42:13,2025,,,,2025,Speed Related
2025-06-18 03:00:09.973000,7501137.0,CT0014000,Thomaston,Racial Profile,01,25-10710,Case No.,2025-06-17 00:00:00,June,W,N,F,66,True,True, Thomaston,Clay Street,  ,  ,V,G,1.0,0,14-218a,,False,N,False,False,V,2025-06-17 09:55:13,Verbal Warning,,,False,1.0,CT0014000,20250618030006000001,2025-06-17 09:55:13,09:55:13,2025,,,,2025,Speed Related
2025-06-18 03:00:10.003000,7501144.0,CT0014000,Thomaston,Racial Profile,03,25-10756,Case No.,2025-06-17 00:00:00,June,B,N,F,19,True,False, Thomaston,Branch Road (Rt. 109),  ,  ,V,B,1.0,0,14-219(b),,False,N,False,False,I,2025-06-17 23:27:07,Infraction Ticket,,,False,1.0,CT0014000,20250618030006000001,2025-06-17 23:27:07,23:27:07,2025,,,,2025,Speed Related
2025-06-18 03:00:09.977000,7501138.0,CT0014000,Thomaston,Racial Profile,S3,25-10742,Case No.,2025-06-17 00:00:00,June,W,N,M,40,True,False, Thomaston,Elm Street,  ,  ,V,G,1.0,0,14-301,,False,N,False,False,V,2025-06-17 17:59:17,Verbal Warning,,,False,1.0,CT0014000,20250618030006000001,2025-06-17 17:59:17,17:59:17,2025,,,,2025,Stop Sign
2025-06-19 03:00:08.817000,7503248.0,CT0014000,Thomaston,Racial Profile,01,25-10802,Case No.,2025-06-18 00:00:00,June,W,N,M,69,True,True, Thomaston,Elm Street,  ,  ,V,G,1.0,0,14-301,,False,N,False,False,W,2025-06-18 10:23:21,Written Ticket,,,False,1.0,CT0014000,20250619030005000001,2025-06-18 10:23:21,10:23:21,2025,,,,2025,Stop Sign
2025-06-19 03:00:08.840000,7503252.0,CT0014000,Thomaston,Racial Profile,05,25-10831,Case No.,2025-06-18 00:00:00,June,W,N,M,-23,True,False, Thomaston,Union Street,  ,  ,V,G,1.0,0,14-301,,False,N,False,False,V,2025-06-18 16:47:39,Verbal Warning,,,False,1.0,CT0014000,20250619030005000001,2025-06-18 16:47:39,16:47:39,2025,,,,2025,Stop Sign
2025-06-19 03:00:08.810000,7503247.0,CT0014000,Thomaston,Racial Profile,01,25-10801,Case No.,2025-06-18 00:00:00,June,W,N,M,33,True,True, Thomaston,Union Street,  ,  ,V,G,1.0,0,14-301,,False,N,False,False,W,2025-06-18 10:10:32,Written Ticket,,,False,1.0,CT0014000,20250619030005000001,2025-06-18 10:10:32,10:10:32,2025,,,,2025,Stop Sign
2025-06-24 03:00:09.003000,7519340.0,CT0014000,Thomaston,Racial Profile,S3,25-10820,Case No.,2025-06-18 00:00:00,June,W,N,F,62,True,True, Thomaston,South Main Street (Rt. 254),  ,  ,V,G,1.0,0,14-218a10,,False,N,False,False,V,2025-06-18 15:39:46,Verbal Warning,,,False,1.0,CT0014000,20250624030005000001,2025-06-18 15:39:46,15:39:46,2025,,,,2025,Speed Related
2025-06-19 03:00:08.850000,7503254.0,CT0014000,Thomaston,Racial Profile,05,25-10834,Case No.,2025-06-18 00:00:00,June,W,N,M,76,True,False, Thomaston,Union Street,  ,  ,V,G,1.0,0,14-301,,False,N,False,False,V,2025-06-18 17:03:56,Verbal Warning,,,False,1.0,CT0014000,20250619030005000001,2025-06-18 17:03:56,17:03:56,2025,,,,2025,Stop Sign
2025-06-21 03:00:09.130000,7515719.0,CT0014000,Thomaston,Racial Profile,06,25-10779,Case No.,2025-06-18 00:00:00,June,W,N,M,20,False,False, Thomaston,Branch Road (Rt. 109),  ,  ,V,S,1.0,0,14-218a,,False,N,False,False,V,2025-06-18 05:35:25,Verbal Warning,,,False,1.0,CT0014000,20250621030005000001,2025-06-18 05:35:25,05:35:25,2025,,,,2025,Speed Related
2025-06-19 03:00:08.820000,7503249.0,CT0014000,Thomaston,Racial Profile,S3,25-10805,Case No.,2025-06-18 00:00:00,June,W,N,M,83,True,True, Thomaston,Hickory Hill Road,  ,  ,V,G,1.0,0,14-218a,,False,N,False,False,V,2025-06-18 11:26:52,Verbal Warning,,,False,1.0,CT0014000,20250619030005000001,2025-06-18 11:26:52,11:26:52,2025,,,,2025,Speed Related
2025-06-19 03:00:08.843000,7503253.0,CT0014000,Thomaston,Racial Profile,05,25-10832,Case No.,2025-06-18 00:00:00,June,W,N,M,57,True,False, Thomaston,Union Street,  ,  ,V,G,1.0,0,14-301,,False,N,False,False,V,2025-06-18 16:55:12,Verbal Warning,,,False,1.0,CT0014000,20250619030005000001,2025-06-18 16:55:12,16:55:12,2025,,,,2025,Stop Sign
2025-06-19 03:00:08.830000,7503250.0,CT0014000,Thomaston,Racial Profile,S3,25-10806,Case No.,2025-06-18 00:00:00,June,W,N,F,40,True,True, Thomaston,Hickory Hill Road,  ,  ,V,G,1.0,0,14-218a,,False,N,False,False,V,2025-06-18 11:32:45,Verbal Warning,,,False,1.0,CT0014000,20250619030005000001,2025-06-18 11:32:45,11:32:45,2025,,,,2025,Speed Related
2025-06-19 03:00:08.833000,7503251.0,CT0014000,Thomaston,Racial Profile,S3,25-10819,Case No.,2025-06-18 00:00:00,June,W,N,F,53,True,False, Thomaston,South Main Street (Rt. 848),  ,  ,V,G,1.0,0,14-218a10,,False,N,False,False,V,2025-06-18 15:27:53,Verbal Warning,,,False,1.0,CT0014000,20250619030005000001,2025-06-18 15:27:53,15:27:53,2025,,,,2025,Speed Related
2025-06-19 03:00:08.797000,7503246.0,CT0014000,Thomaston,Racial Profile,01,25-10800,Case No.,2025-06-18 00:00:00,June,W,H,F,50,True,True, Thomaston,Union Street,  ,  ,V,G,1.0,0,14-301,,False,N,False,False,W,2025-06-18 10:04:01,Written Ticket,,,False,1.0,CT0014000,20250619030005000001,2025-06-18 10:04:01,10:04:01,2025,,,,2025,Stop Sign
2025-06-18 03:00:10.013000,7501146.0,CT0014000,Thomaston,Racial Profile,06,25-10758,Case No.,2025-06-18 00:00:00,June,W,N,M,50,True,False, Thomaston,Branch Road (Rt. 109),  ,  ,V,B,1.0,0,14-218a,,False,N,False,False,V,2025-06-18 00:00:52,Verbal Warning,,,False,1.0,CT0014000,20250618030006000001,2025-06-18 00:00:52,00:00:52,2025,,,,2025,Speed Related
2025-06-20 03:00:10.047000,7514549.0,CT0014000,Thomaston,Racial Profile,02,25-10883,Case No.,2025-06-19 00:00:00,June,W,N,M,70,True,True, Thomaston,Branch Road (Rt. 109),  ,  ,V,G,1.0,0,14-218a,,False,N,False,False,V,2025-06-19 07:50:12,Verbal Warning,,,False,1.0,CT0014000,20250620030005000001,2025-06-19 07:50:12,07:50:12,2025,,,,2025,Speed Related
2025-06-20 03:00:10.063000,7514552.0,CT0014000,Thomaston,Racial Profile,S2,25-10929,Case No.,2025-06-19 00:00:00,June,W,N,M,29,True,False, Thomaston,Northfield Road (Rt. 254),  ,  ,V,B,1.0,0,14-218a10,,False,N,False,False,V,2025-06-19 19:50:14,Verbal Warning,,,False,1.0,CT0014000,20250620030005000001,2025-06-19 19:50:14,19:50:14,2025,,,,2025,Speed Related
2025-07-20 03:00:08.757000,7575774.0,CT0014000,Thomaston,Racial Profile,04,25-10905,Case No.,2025-06-19 00:00:00,June,W,N,F,59,True,True, Thomaston,Elm Street,  ,  ,V,G,1.0,0,14-301,,False,N,False,False,V,2025-06-19 11:29:07,Verbal Warning,,,False,1.0,CT0014000,20250720030006000001,2025-06-19 11:29:07,11:29:07,2025,,,,2025,Stop Sign
2025-06-20 03:00:10.053000,7514550.0,CT0014000,Thomaston,Racial Profile,02,25-10896,Case No.,2025-06-19 00:00:00,June,W,N,F,50,True,False, Thomaston,Branch Road (Rt. 109),  ,  ,V,G,1.0,0,14-218a10,,False,N,False,False,V,2025-06-19 08:08:50,Verbal Warning,,,False,1.0,CT0014000,20250620030005000001,2025-06-19 08:08:50,08:08:50,2025,,,,2025,Speed Related
2025-06-21 03:00:09.137000,7515720.0,CT0014000,Thomaston,Racial Profile,06,25-10936,Case No.,2025-06-19 00:00:00,June,B,H,M,0,False,False, Thomaston,Branch Road (Rt. 109),  ,  ,V,B,1.0,0,14-218a,,False,N,False,False,V,2025-06-19 23:44:19,Verbal Warning,,,False,1.0,CT0014000,20250621030005000001,2025-06-19 23:44:19,23:44:19,2025,,,,2025,Speed Related
2025-06-20 03:00:10.057000,7514551.0,CT0014000,Thomaston,Racial Profile,02,25-10899,Case No.,2025-06-19 00:00:00,June,W,N,M,0,True,False, Thomaston,Branch Road (Rt. 109),  ,  ,V,G,1.0,0,14-218a,,False,N,False,False,V,2025-06-19 08:20:38,Verbal Warning,,,False,1.0,CT0014000,20250620030005000001,2025-06-19 08:20:38,08:20:38,2025,,,,2025,Speed Related
2025-06-20 03:00:10.070000,7514553.0,CT0014000,Thomaston,Racial Profile,S2,25-10930,Case No.,2025-06-19 00:00:00,June,W,N,F,31,True,False, Thomaston,Northfield Road (Rt. 254),  ,  ,V,B,1.0,0,14-218a10,,False,N,False,False,V,2025-06-19 20:20:16,Verbal Warning,,,False,1.0,CT0014000,20250620030005000001,2025-06-19 20:20:16,20:20:16,2025,,,,2025,Speed Related
2025-06-21 03:00:09.140000,7515721.0,CT0014000,Thomaston,Racial Profile,06,25-10937,Case No.,2025-06-20 00:00:00,June,B,H,F,28,False,False, Thomaston,Branch Road (Rt. 109),  ,  ,V,B,1.0,0,14-218a,,False,N,False,False,V,2025-06-20 00:06:09,Verbal Warning,,,False,1.0,CT0014000,20250621030005000001,2025-06-20 00:06:09,00:06:09,2025,,,,2025,Speed Related
2025-06-21 03:00:09.160000,7515723.0,CT0014000,Thomaston,Racial Profile,08,25-11012,Case No.,2025-06-20 00:00:00,June,W,N,F,0,True,True, Thomaston,Old Branch Road,  ,  ,V,G,1.0,0,14-219(b),,False,N,False,False,V,2025-06-20 23:31:04,Verbal Warning,,,False,1.0,CT0014000,20250621030005000001,2025-06-20 23:31:04,23:31:04,2025,,,,2025,Speed Related
2025-06-21 03:00:09.153000,7515722.0,CT0014000,Thomaston,Racial Profile,06,25-10967,Case No.,2025-06-20 00:00:00,June,W,H,M,30,False,False, Thomaston,Branch Road (Rt. 109),  ,  ,V,S,1.0,0,14-218a,,False,N,False,False,V,2025-06-20 05:28:12,Verbal Warning,,,False,1.0,CT0014000,20250621030005000001,2025-06-20 05:28:12,05:28:12,2025,,,,2025,Speed Related
2025-06-30 03:00:09.100000,7526521.0,CT0014000,Thomaston,Racial Profile,06,25-11013,Case No.,2025-06-20 00:00:00,June,B,N,M,47,True,False, Thomaston,Branch Road (Rt. 109),  ,  ,V,B,1.0,0,14-218a,,False,N,False,False,V,2025-06-20 23:35:49,Verbal Warning,,,False,1.0,CT0014000,20250630030005000001,2025-06-20 23:35:49,23:35:49,2025,,,,2025,Speed Related
2025-07-20 03:00:08.763000,7575775.0,CT0014000,Thomaston,Racial Profile,04,25-10987,Case No.,2025-06-20 00:00:00,June,B,H,M,44,True,True, Thomaston,Northfield Road (Rt. 254),  ,  ,V,G,1.0,0,14-218a,,False,N,False,False,V,2025-06-20 11:17:32,Verbal Warning,,,False,1.0,CT0014000,20250720030006000001,2025-06-20 11:17:32,11:17:32,2025,,,,2025,Speed Related
2025-06-22 03:00:08.143000,7516894.0,CT0014000,Thomaston,Racial Profile,05,25-11061,Case No.,2025-06-21 00:00:00,June,W,N,M,63,True,False, Thomaston,Union Street,  ,  ,V,G,1.0,0,14-301,,False,N,False,False,V,2025-06-21 20:45:21,Verbal Warning,,,False,1.0,CT0014000,20250622030005000001,2025-06-21 20:45:21,20:45:21,2025,,,,2025,Stop Sign
2025-06-22 03:00:08.123000,7516891.0,CT0014000,Thomaston,Racial Profile,02,25-11050,Case No.,2025-06-21 00:00:00,June,W,N,M,47,True,False, Thomaston,Northfield Road (Rt. 254),  ,  ,V,G,1.0,0,14-218a,,False,N,False,False,W,2025-06-21 13:08:33,Written Ticket,,,False,1.0,CT0014000,20250622030005000001,2025-06-21 13:08:33,13:08:33,2025,,,,2025,Speed Related
2025-06-22 03:00:08.140000,7516893.0,CT0014000,Thomaston,Racial Profile,05,25-11060,Case No.,2025-06-21 00:00:00,June,W,N,F,52,True,False, Thomaston,Union Street,  ,  ,V,G,1.0,0,14-301,,False,N,False,False,V,2025-06-21 20:40:26,Verbal Warning,,,False,1.0,CT0014000,20250622030005000001,2025-06-21 20:40:26,20:40:26,2025,,,,2025,Stop Sign
2025-06-21 03:00:09.173000,7515724.0,CT0014000,Thomaston,Racial Profile,08,25-11017,Case No.,2025-06-21 00:00:00,June,W,N,F,37,True,True, Thomaston,Branch Road (Rt. 109),  ,  ,V,G,1.0,0,14-219(b),,False,N,False,False,V,2025-06-21 01:44:41,Verbal Warning,,,False,1.0,CT0014000,20250621030005000001,2025-06-21 01:44:41,01:44:41,2025,,,,2025,Speed Related
2025-06-22 03:00:08.150000,7516895.0,CT0014000,Thomaston,Racial Profile,05,25-11063,Case No.,2025-06-21 00:00:00,June,W,N,F,44,True,True, Thomaston,Union Street,  ,  ,V,G,1.0,0,14-301,,False,N,False,False,V,2025-06-21 20:55:40,Verbal Warning,,,False,1.0,CT0014000,20250622030005000001,2025-06-21 20:55:40,20:55:40,2025,,,,2025,Stop Sign
2025-06-30 03:00:09.107000,7526522.0,CT0014000,Thomaston,Racial Profile,06,25-11016,Case No.,2025-06-21 00:00:00,June,B,N,M,54,True,False, Thomaston,Branch Road (Rt. 109),  ,  ,V,B,1.0,0,14-218a,,False,N,False,False,V,2025-06-21 00:56:22,Verbal Warning,,,False,1.0,CT0014000,20250630030005000001,2025-06-21 00:56:22,00:56:22,2025,,,,2025,Speed Related
2025-06-22 03:00:08.113000,7516890.0,CT0014000,Thomaston,Racial Profile,02,25-11044,Case No.,2025-06-21 00:00:00,June,W,N,F,64,True,False, Thomaston,Northfield Road (Rt. 254),  ,  ,V,G,1.0,0,14-218a,,False,N,False,False,W,2025-06-21 12:16:16,Written Ticket,,,False,1.0,CT0014000,20250622030005000001,2025-06-21 12:16:16,12:16:16,2025,,,,2025,Speed Related
2025-06-22 03:00:08.130000,7516892.0,CT0014000,Thomaston,Racial Profile,02,25-11051,Case No.,2025-06-21 00:00:00,June,W,N,F,75,True,False, Thomaston,South Main Street (Rt. 254),  ,  ,V,G,1.0,0,14-218a10,,False,N,False,False,W,2025-06-21 13:13:44,Written Ticket,,,False,1.0,CT0014000,20250622030005000001,2025-06-21 13:13:44,13:13:44,2025,,,,2025,Speed Related
2025-06-23 03:00:09.403000,7518084.0,CT0014000,Thomaston,Racial Profile,03,25-11141,Case No.,2025-06-22 00:00:00,June,W,N,M,24,True,True, Thomaston,Branch Road (Rt. 109),  ,  ,V,B,1.0,0,14-219(b),,False,N,False,False,W,2025-06-22 23:02:57,Written Ticket,,,False,1.0,CT0014000,20250623030004000001,2025-06-22 23:02:57,23:02:57,2025,,,,2025,Speed Related
2025-06-23 03:00:09.343000,7518079.0,CT0014000,Thomaston,Racial Profile,05,25-11121,Case No.,2025-06-22 00:00:00,June,W,H,M,23,False,False, Thomaston,Union Street,  ,  ,V,G,1.0,0,14-301,,False,N,False,False,V,2025-06-22 16:00:07,Verbal Warning,,,False,1.0,CT0014000,20250623030004000001,2025-06-22 16:00:07,16:00:07,2025,,,,2025,Stop Sign
2025-06-23 03:00:09.360000,7518080.0,CT0014000,Thomaston,Racial Profile,05,25-11122,Case No.,2025-06-22 00:00:00,June,W,H,M,40,True,False, Thomaston,Union Street,  ,  ,V,G,1.0,0,14-301,,False,N,False,False,V,2025-06-22 16:03:31,Verbal Warning,,,False,1.0,CT0014000,20250623030004000001,2025-06-22 16:03:31,16:03:31,2025,,,,2025,Stop Sign
2025-06-23 03:00:09.370000,7518081.0,CT0014000,Thomaston,Racial Profile,05,25-11123,Case No.,2025-06-22 00:00:00,June,W,H,F,34,True,True, Thomaston,Union Street,  ,  ,V,G,1.0,0,14-301,,False,N,False,False,V,2025-06-22 16:16:05,Verbal Warning,,,False,1.0,CT0014000,20250623030004000001,2025-06-22 16:16:05,16:16:05,2025,,,,2025,Stop Sign
2025-06-23 03:00:09.390000,7518083.0,CT0014000,Thomaston,Racial Profile,05,25-11125,Case No.,2025-06-22 00:00:00,June,W,N,M,41,True,True, Thomaston,Union Street,  ,  ,V,G,1.0,0,14-301,,False,N,False,False,V,2025-06-22 16:28:31,Verbal Warning,,,False,1.0,CT0014000,20250623030004000001,2025-06-22 16:28:31,16:28:31,2025,14-12(a),,,2025,Stop Sign
2025-06-24 03:00:09.017000,7519341.0,CT0014000,Thomaston,Racial Profile,03,25-11148,Case No.,2025-06-22 00:00:00,June,W,N,M,32,True,False, Thomaston,Branch Road (Rt. 109),  ,  ,V,B,1.0,0,14-219,,False,N,False,False,W,2025-06-22 23:32:00,Written Ticket,,,False,1.0,CT0014000,20250624030005000001,2025-06-22 23:32:00,23:32:00,2025,,,,2025,Speed Related
2025-06-23 03:00:09.337000,7518078.0,CT0014000,Thomaston,Racial Profile,05,25-11120,Case No.,2025-06-22 00:00:00,June,W,N,M,37,True,False, Thomaston,Union Street,  ,  ,V,G,1.0,0,14-301,,False,N,False,False,V,2025-06-22 15:52:27,Verbal Warning,,,False,1.0,CT0014000,20250623030004000001,2025-06-22 15:52:27,15:52:27,2025,,,,2025,Stop Sign
2025-06-23 03:00:09.380000,7518082.0,CT0014000,Thomaston,Racial Profile,05,25-11124,Case No.,2025-06-22 00:00:00,June,W,N,M,68,True,True, Thomaston,Union Street,  ,  ,V,G,1.0,0,14-301,,False,N,False,False,V,2025-06-22 16:20:02,Verbal Warning,,,False,1.0,CT0014000,20250623030004000001,2025-06-22 16:20:02,16:20:02,2025,,,,2025,Stop Sign
2025-06-23 03:00:09.333000,7518077.0,CT0014000,Thomaston,Racial Profile,08,25-11088,Case No.,2025-06-22 00:00:00,June,B,N,F,26,True,False, Thomaston,Branch Road (Rt. 109),  ,  ,V,G,1.0,0,14-219b9,,False,N,False,False,V,2025-06-22 03:19:39,Verbal Warning,,,False,1.0,CT0014000,20250623030004000001,2025-06-22 03:19:39,03:19:39,2025,,,,2025,Speed Related
2025-06-24 03:00:09.073000,7519349.0,CT0014000,Thomaston,Racial Profile,03,25-11252,Case No.,2025-06-23 00:00:00,June,W,N,M,17,True,False, Thomaston,Branch Road (Rt. 109),  ,  ,V,B,1.0,0,14-219(b),,False,N,False,False,W,2025-06-23 23:06:39,Written Ticket,,,False,1.0,CT0014000,20250624030005000001,2025-06-23 23:06:39,23:06:39,2025,,,,2025,Speed Related
2025-06-24 03:00:09.037000,7519344.0,CT0014000,Thomaston,Racial Profile,05,25-11221,Case No.,2025-06-23 00:00:00,June,W,N,M,75,True,True, Thomaston,Elm Street,  ,  ,V,G,1.0,0,14-301,,False,N,False,False,V,2025-06-23 16:20:25,Verbal Warning,,,False,1.0,CT0014000,20250624030005000001,2025-06-23 16:20:25,16:20:25,2025,,,,2025,Stop Sign
2025-06-24 03:00:09.030000,7519342.0,CT0014000,Thomaston,Racial Profile,01,25-11187,Case No.,2025-06-23 00:00:00,June,W,N,F,19,True,False, Thomaston,Northfield Road (Rt. 254),  ,  ,V,G,1.0,0,14-218a,,False,N,False,False,V,2025-06-23 09:25:16,Verbal Warning,,,False,1.0,CT0014000,20250624030005000001,2025-06-23 09:25:16,09:25:16,2025,,,,2025,Speed Related
2025-06-24 03:00:09.087000,7519351.0,CT0014000,Thomaston,Racial Profile,03,25-11254,Case No.,2025-06-23 00:00:00,June,W,N,M,35,True,True, Thomaston,Branch Road (Rt. 109),  ,  ,E,G,1.0,0,14-96c,,False,N,False,False,V,2025-06-23 23:45:56,Verbal Warning,,,False,1.0,CT0014000,20250624030005000001,2025-06-23 23:45:56,23:45:56,2025,,,,2025,Defective Lights
2025-06-24 03:00:09.063000,7519348.0,CT0014000,Thomaston,Racial Profile,05,25-11249,Case No.,2025-06-23 00:00:00,June,B,N,M,36,True,False, Thomaston,Elm Street,  ,  ,V,G,1.0,0,14-301,,False,N,False,False,V,2025-06-23 21:39:14,Verbal Warning,,,False,1.0,CT0014000,20250624030005000001,2025-06-23 21:39:14,21:39:14,2025,,,,2025,Stop Sign
2025-06-24 03:00:09.057000,7519347.0,CT0014000,Thomaston,Racial Profile,S3,25-11228,Case No.,2025-06-23 00:00:00,June,W,N,F,76,True,True, Thomaston,East Main Street (Rt. 6),  ,  ,V,G,1.0,0,14-218a10,,False,N,False,False,V,2025-06-23 16:59:15,Verbal Warning,,,False,1.0,CT0014000,20250624030005000001,2025-06-23 16:59:15,16:59:15,2025,,,,2025,Speed Related
2025-06-25 03:00:08.290000,7520529.0,CT0014000,Thomaston,Racial Profile,S3,25-11250,Case No.,2025-06-23 00:00:00,June,W,N,F,19,True,True, Thomaston,Grove Street,  ,  ,V,G,1.0,0,14-301,,False,N,False,False,V,2025-06-23 22:07:18,Verbal Warning,,,False,1.0,CT0014000,20250625030005000001,2025-06-23 22:07:18,22:07:18,2025,,,,2025,Stop Sign
2025-06-24 03:00:09.033000,7519343.0,CT0014000,Thomaston,Racial Profile,05,25-11212,Case No.,2025-06-23 00:00:00,June,W,N,F,64,True,True, Thomaston,Elm Street,  ,  ,V,G,1.0,0,14-301,,False,N,False,False,V,2025-06-23 16:08:58,Verbal Warning,,,False,1.0,CT0014000,20250624030005000001,2025-06-23 16:08:58,16:08:58,2025,,,,2025,Stop Sign
2025-06-24 03:00:09.043000,7519345.0,CT0014000,Thomaston,Racial Profile,05,25-11222,Case No.,2025-06-23 00:00:00,June,W,N,M,30,True,True, Thomaston,Elm Street,  ,  ,V,G,1.0,0,14-301,,False,N,False,False,V,2025-06-23 16:30:30,Verbal Warning,,,False,1.0,CT0014000,20250624030005000001,2025-06-23 16:30:30,16:30:30,2025,,,,2025,Stop Sign
2025-06-24 03:00:09.050000,7519346.0,CT0014000,Thomaston,Racial Profile,S3,25-11227,Case No.,2025-06-23 00:00:00,June,B,N,F,38,True,True, Thomaston,South Main Street (Rt. 848),  ,  ,V,G,1.0,0,14-218a10,,False,N,False,False,V,2025-06-23 16:51:44,Verbal Warning,,,False,1.0,CT0014000,20250624030005000001,2025-06-23 16:51:44,16:51:44,2025,,,,2025,Speed Related
2025-06-24 03:00:09.080000,7519350.0,CT0014000,Thomaston,Racial Profile,03,25-11253,Case No.,2025-06-23 00:00:00,June,W,N,M,28,True,True, Thomaston,Branch Road (Rt. 109),  ,  ,V,B,1.0,0,14-218a,,False,N,False,False,V,2025-06-23 23:23:47,Verbal Warning,,,False,1.0,CT0014000,20250624030005000001,2025-06-23 23:23:47,23:23:47,2025,,,,2025,Speed Related
2025-06-25 03:00:08.297000,7520530.0,CT0014000,Thomaston,Racial Profile,01,25-11297,Case No.,2025-06-24 00:00:00,June,W,N,M,60,True,False, Thomaston,Northfield Road (Rt. 254),  ,  ,V,G,1.0,0,14-218a,,False,N,False,False,V,2025-06-24 08:47:27,Verbal Warning,,,False,1.0,CT0014000,20250625030005000001,2025-06-24 08:47:27,08:47:27,2025,,,,2025,Speed Related
2025-06-25 03:00:08.313000,7520531.0,CT0014000,Thomaston,Racial Profile,01,25-11298,Case No.,2025-06-24 00:00:00,June,W,N,F,29,True,False, Thomaston,Branch Road (Rt. 109),  ,  ,V,G,1.0,0,14-219(b),,False,N,False,False,V,2025-06-24 09:54:31,Verbal Warning,,,False,1.0,CT0014000,20250625030005000001,2025-06-24 09:54:31,09:54:31,2025,,,,2025,Speed Related
2025-06-25 03:00:08.330000,7520532.0,CT0014000,Thomaston,Racial Profile,05,25-11319,Case No.,2025-06-24 00:00:00,June,W,N,F,45,True,False, Thomaston,Elm Street,  ,  ,V,G,1.0,0,14-301,,False,N,False,False,V,2025-06-24 15:54:55,Verbal Warning,,,False,1.0,CT0014000,20250625030005000001,2025-06-24 15:54:55,15:54:55,2025,,,,2025,Stop Sign
2025-06-25 03:00:08.367000,7520534.0,CT0014000,Thomaston,Racial Profile,05,25-11321,Case No.,2025-06-24 00:00:00,June,W,N,F,68,True,False, Thomaston,Elm Street,  ,  ,V,G,1.0,0,14-301,,False,N,False,False,V,2025-06-24 16:19:08,Verbal Warning,,,False,1.0,CT0014000,20250625030005000001,2025-06-24 16:19:08,16:19:08,2025,,,,2025,Stop Sign
2025-06-25 03:00:08.347000,7520533.0,CT0014000,Thomaston,Racial Profile,05,25-11320,Case No.,2025-06-24 00:00:00,June,W,N,F,62,True,False, Thomaston,Elm Street,  ,  ,V,G,1.0,0,14-301,,False,N,False,False,V,2025-06-24 16:03:23,Verbal Warning,,,False,1.0,CT0014000,20250625030005000001,2025-06-24 16:03:23,16:03:23,2025,,,,2025,Stop Sign
2025-06-26 03:00:08.650000,7521704.0,CT0014000,Thomaston,Racial Profile,S3,25-11301,Case No.,2025-06-24 00:00:00,June,W,H,F,39,True,False, Thomaston,Elm Street,  ,  ,V,G,1.0,0,14-301,,False,N,False,False,V,2025-06-24 10:45:04,Verbal Warning,,,False,1.0,CT0014000,20250626030005000001,2025-06-24 10:45:04,10:45:04,2025,,,,2025,Stop Sign
2025-06-26 03:00:08.657000,7521705.0,CT0014000,Thomaston,Racial Profile,S3,25-11303,Case No.,2025-06-24 00:00:00,June,W,N,F,17,True,True, Thomaston,South Main Street (Rt. 848),  ,  ,V,G,1.0,0,14-218a,,False,N,False,False,V,2025-06-24 11:04:14,Verbal Warning,,,False,1.0,CT0014000,20250626030005000001,2025-06-24 11:04:14,11:04:14,2025,,,,2025,Speed Related
2025-06-26 03:00:08.670000,7521707.0,CT0014000,Thomaston,Racial Profile,02,25-11367,Case No.,2025-06-25 00:00:00,June,W,N,M,35,True,True, Thomaston,Clay Street,  ,  ,V,G,1.0,0,14-218a,,False,N,False,False,V,2025-06-25 07:34:57,Verbal Warning,,,False,1.0,CT0014000,20250626030005000001,2025-06-25 07:34:57,07:34:57,2025,,,,2025,Speed Related
2025-06-26 03:00:08.677000,7521709.0,CT0014000,Thomaston,Racial Profile,02,25-11370,Case No.,2025-06-25 00:00:00,June,W,N,F,38,True,True, Thomaston,Clay Street,  ,  ,V,G,1.0,0,14-218a,,False,N,False,False,V,2025-06-25 07:52:10,Verbal Warning,,,False,1.0,CT0014000,20250626030005000001,2025-06-25 07:52:10,07:52:10,2025,,,,2025,Speed Related
2025-06-25 03:00:08.410000,7520536.0,CT0014000,Thomaston,Racial Profile,03,25-11341,Case No.,2025-06-25 00:00:00,June,W,N,F,29,True,False, Thomaston,Branch Road (Rt. 109),  ,  ,V,B,1.0,0,14-218a,,False,N,False,False,V,2025-06-25 01:33:28,Verbal Warning,,,False,1.0,CT0014000,20250625030005000001,2025-06-25 01:33:28,01:33:28,2025,,,,2025,Speed Related
2025-06-26 03:00:08.680000,7521710.0,CT0014000,Thomaston,Racial Profile,01,25-11371,Case No.,2025-06-25 00:00:00,June,W,N,F,29,True,False, Thomaston,Northfield Road (Rt. 254),  ,  ,V,G,1.0,0,14-218a,,False,N,False,False,W,2025-06-25 07:55:02,Written Ticket,,,False,1.0,CT0014000,20250626030005000001,2025-06-25 07:55:02,07:55:02,2025,,,,2025,Speed Related
2025-06-26 03:00:08.683000,7521711.0,CT0014000,Thomaston,Racial Profile,01,25-11373,Case No.,2025-06-25 00:00:00,June,W,N,F,20,True,False, Thomaston,Northfield Road (Rt. 254),  ,  ,V,G,1.0,0,14-218a,,False,N,False,False,W,2025-06-25 08:24:18,Written Ticket,,,False,1.0,CT0014000,20250626030005000001,2025-06-25 08:24:18,08:24:18,2025,,,,2025,Speed Related
2025-06-26 03:00:08.663000,7521706.0,CT0014000,Thomaston,Racial Profile,03,25-11342,Case No.,2025-06-25 00:00:00,June,W,N,F,31,True,True, Thomaston,Branch Road (Rt. 109),  ,  ,V,B,1.0,0,14-218a,,False,N,False,False,V,2025-06-25 01:55:41,Verbal Warning,,,False,1.0,CT0014000,20250626030005000001,2025-06-25 01:55:41,01:55:41,2025,,,,2025,Speed Related
2025-06-26 03:00:08.673000,7521708.0,CT0014000,Thomaston,Racial Profile,02,25-11368,Case No.,2025-06-25 00:00:00,June,W,N,F,49,True,True, Thomaston,Clay Street,  ,  ,V,G,1.0,0,14-218a,,False,N,False,False,V,2025-06-25 07:40:51,Verbal Warning,,,False,1.0,CT0014000,20250626030005000001,2025-06-25 07:40:51,07:40:51,2025,,,,2025,Speed Related
2025-06-25 03:00:08.377000,7520535.0,CT0014000,Thomaston,Racial Profile,03,25-11339,Case No.,2025-06-25 00:00:00,June,W,N,F,28,True,False, Thomaston,Branch Road (Rt. 109),  ,  ,V,B,1.0,0,14-218a,,False,N,False,False,V,2025-06-25 00:02:33,Verbal Warning,,,False,1.0,CT0014000,20250625030005000001,2025-06-25 00:02:33,00:02:33,2025,,,,2025,Speed Related
2025-07-20 03:00:08.770000,7575776.0,CT0014000,Thomaston,Racial Profile,04,25-11391,Case No.,2025-06-25 00:00:00,June,B,N,M,51,True,True, Thomaston,Elm Street,  ,  ,V,G,1.0,0,14-301,,False,N,False,False,M,2025-06-25 15:04:37,Misdemeanor Summons,,,False,1.0,CT0014000,20250720030006000001,2025-06-25 15:04:37,15:04:37,2025,14-215,,,2025,Stop Sign
2025-06-27 03:00:08.817000,7522896.0,CT0014000,Thomaston,Racial Profile,02,25-11447,Case No.,2025-06-26 00:00:00,June,W,N,F,30,True,True, Thomaston,Branch Road (Rt. 109),  ,  ,V,G,1.0,0,14-218a,,False,N,False,False,V,2025-06-26 08:04:51,Verbal Warning,,,False,1.0,CT0014000,20250627030005000001,2025-06-26 08:04:51,08:04:51,2025,,,,2025,Speed Related
2025-06-26 03:00:08.693000,7521712.0,CT0014000,Thomaston,Racial Profile,03,25-11429,Case No.,2025-06-26 00:00:00,June,W,N,M,61,True,True, Thomaston,Branch Road (Rt. 109),  ,  ,V,B,1.0,0,14-219(b),,False,N,False,False,V,2025-06-26 00:36:28,Verbal Warning,,,False,1.0,CT0014000,20250626030005000001,2025-06-26 00:36:28,00:36:28,2025,,,,2025,Speed Related
2025-06-27 03:00:08.830000,7522898.0,CT0014000,Thomaston,Racial Profile,02,25-11449,Case No.,2025-06-26 00:00:00,June,W,N,M,64,True,True, Thomaston,Clay Street,  ,  ,V,G,1.0,0,14-218a,,False,N,False,False,V,2025-06-26 08:40:04,Verbal Warning,,,False,1.0,CT0014000,20250627030005000001,2025-06-26 08:40:04,08:40:04,2025,,,,2025,Speed Related
2025-06-27 03:00:08.827000,7522897.0,CT0014000,Thomaston,Racial Profile,02,25-11448,Case No.,2025-06-26 00:00:00,June,W,N,F,54,True,True, Thomaston,Branch Road (Rt. 109),  ,  ,V,G,1.0,0,14-218a,,False,N,False,False,V,2025-06-26 08:25:40,Verbal Warning,,,False,1.0,CT0014000,20250627030005000001,2025-06-26 08:25:40,08:25:40,2025,,,,2025,Speed Related
2025-06-28 03:00:09.067000,7524122.0,CT0014000,Thomaston,Racial Profile,03,25-11431,Case No.,2025-06-26 00:00:00,June,W,N,M,19,True,True, Thomaston,Branch Road (Rt. 109),  ,  ,V,B,1.0,0,14-219(b),,False,N,False,False,V,2025-06-26 01:05:04,Verbal Warning,,,False,1.0,CT0014000,20250628030005000001,2025-06-26 01:05:04,01:05:04,2025,,,,2025,Speed Related
2025-06-27 03:00:08.837000,7522899.0,CT0014000,Thomaston,Racial Profile,08,25-11466,Case No.,2025-06-26 00:00:00,June,W,N,F,47,True,True, Thomaston,Branch Road (Rt. 109),  ,  ,V,G,1.0,0,14-218a,,False,N,False,False,V,2025-06-26 12:34:45,Verbal Warning,,,False,1.0,CT0014000,20250627030005000001,2025-06-26 12:34:45,12:34:45,2025,,,,2025,Speed Related
2025-06-27 03:00:08.847000,7522900.0,CT0014000,Thomaston,Racial Profile,S2,25-11491,Case No.,2025-06-26 00:00:00,June,W,H,M,38,True,False, Thomaston,Northfield Road (Rt. 254),  ,  ,V,B,1.0,0,14-218a,,False,N,False,False,V,2025-06-26 20:42:36,Verbal Warning,,,False,1.0,CT0014000,20250627030005000001,2025-06-26 20:42:36,20:42:36,2025,,,,2025,Speed Related
2025-06-28 03:00:09.043000,7524121.0,CT0014000,Thomaston,Racial Profile,03,25-11430,Case No.,2025-06-26 00:00:00,June,W,N,M,24,True,True, Thomaston,Branch Road (Rt. 109),  ,  ,V,B,1.0,0,14-218a,,False,N,False,False,V,2025-06-26 00:49:30,Verbal Warning,,,False,1.0,CT0014000,20250628030005000001,2025-06-26 00:49:30,00:49:30,2025,,,,2025,Speed Related
2025-06-28 03:00:09.107000,7524125.0,CT0014000,Thomaston,Racial Profile,03,25-11537,Case No.,2025-06-27 00:00:00,June,W,N,M,27,True,True, Thomaston,Branch Road (Rt. 109),  ,  ,V,B,1.0,0,14-219(b),,False,N,False,False,V,2025-06-27 19:20:24,Verbal Warning,,,False,1.0,CT0014000,20250628030005000001,2025-06-27 19:20:24,19:20:24,2025,,,,2025,Speed Related
2025-06-28 03:00:09.127000,7524127.0,CT0014000,Thomaston,Racial Profile,03,25-11539,Case No.,2025-06-27 00:00:00,June,W,N,M,31,True,True, Thomaston,Branch Road (Rt. 109),  ,  ,V,B,1.0,0,14-219b9,,False,N,False,False,V,2025-06-27 19:45:29,Verbal Warning,,,False,1.0,CT0014000,20250628030005000001,2025-06-27 19:45:29,19:45:29,2025,,,,2025,Speed Related
2025-06-28 03:00:09.100000,7524124.0,CT0014000,Thomaston,Racial Profile,05,25-11527,Case No.,2025-06-27 00:00:00,June,W,N,F,0,True,False, Thomaston,Elm Street,  ,  ,V,G,1.0,0,14-301,,False,N,False,False,V,2025-06-27 16:53:57,Verbal Warning,,,False,1.0,CT0014000,20250628030005000001,2025-06-27 16:53:57,16:53:57,2025,,,,2025,Stop Sign
2025-07-01 03:00:08.787000,7527829.0,CT0014000,Thomaston,Racial Profile,08,25-11501,Case No.,2025-06-27 00:00:00,June,W,M,M,46,True,False, Thomaston,Northfield Road (Rt. 254),  ,  ,V,G,1.0,0,14-218a,,False,N,False,False,V,2025-06-27 00:41:24,Verbal Warning,,,False,1.0,CT0014000,20250701030005000001,2025-06-27 00:41:24,00:41:24,2025,,,,2025,Speed Related
2025-06-28 03:00:09.117000,7524126.0,CT0014000,Thomaston,Racial Profile,03,25-11538,Case No.,2025-06-27 00:00:00,June,W,N,M,67,True,True, Thomaston,Branch Road (Rt. 109),  ,  ,V,B,1.0,0,14-218a10,,False,N,False,False,V,2025-06-27 19:35:45,Verbal Warning,,,False,1.0,CT0014000,20250628030005000001,2025-06-27 19:35:45,19:35:45,2025,,,,2025,Speed Related
2025-06-28 03:00:09.083000,7524123.0,CT0014000,Thomaston,Racial Profile,05,25-11526,Case No.,2025-06-27 00:00:00,June,W,M,M,34,True,False, Thomaston,Elm Street,  ,  ,V,G,1.0,0,14-301,,False,N,False,False,V,2025-06-27 16:42:52,Verbal Warning,,,False,1.0,CT0014000,20250628030005000001,2025-06-27 16:42:52,16:42:52,2025,,,,2025,Stop Sign
2025-06-29 03:00:08.827000,7525321.0,CT0014000,Thomaston,Racial Profile,05,25-11528,Case No.,2025-06-27 00:00:00,June,W,N,F,58,True,False, Thomaston,Elm Street,  ,  ,V,G,1.0,0,14-301,,False,N,False,False,V,2025-06-27 16:58:30,Verbal Warning,,,False,1.0,CT0014000,20250629030005000001,2025-06-27 16:58:30,16:58:30,2025,,,,2025,Stop Sign
2025-07-01 03:00:08.793000,7527830.0,CT0014000,Thomaston,Racial Profile,05,25-11590,Case No.,2025-06-28 00:00:00,June,W,N,M,21,True,False, Thomaston,Elm Street,  ,  ,V,G,1.0,0,14-301,,False,N,False,False,V,2025-06-28 17:12:27,Verbal Warning,,,False,1.0,CT0014000,20250701030005000001,2025-06-28 17:12:27,17:12:27,2025,,,,2025,Stop Sign
2025-06-29 03:00:08.860000,7525325.0,CT0014000,Thomaston,Racial Profile,03,25-11610,Case No.,2025-06-28 00:00:00,June,W,N,F,37,True,False, Thomaston,Branch Road (Rt. 109),  ,  ,V,B,1.0,0,14-219(b),,False,N,False,False,V,2025-06-28 23:24:44,Verbal Warning,,,False,1.0,CT0014000,20250629030005000001,2025-06-28 23:24:44,23:24:44,2025,,,,2025,Speed Related
2025-06-29 03:00:08.870000,7525326.0,CT0014000,Thomaston,Racial Profile,03,25-11611,Case No.,2025-06-28 00:00:00,June,W,N,F,60,True,False, Thomaston,Branch Road (Rt. 109),  ,  ,V,B,3.0,1,14-218a,,False,N,False,False,M,2025-06-28 23:32:24,Misdemeanor Summons,,,False,1.0,CT0014000,20250629030005000001,2025-06-28 23:32:24,23:32:24,2025,14-215(a),,,2025,Speed Related
2025-06-29 03:00:08.847000,7525323.0,CT0014000,Thomaston,Racial Profile,05,25-11586,Case No.,2025-06-28 00:00:00,June,W,N,M,36,False,True, Thomaston,East Main Street (Rt. 6),  ,  ,V,G,1.0,0,14-301,,False,N,False,False,V,2025-06-28 16:51:13,Verbal Warning,,,False,1.0,CT0014000,20250629030005000001,2025-06-28 16:51:13,16:51:13,2025,,,,2025,Stop Sign
2025-06-29 03:00:08.850000,7525324.0,CT0014000,Thomaston,Racial Profile,05,25-11589,Case No.,2025-06-28 00:00:00,June,W,N,M,50,True,True, Thomaston,Elm Street,  ,  ,V,G,1.0,0,14-301,,False,N,False,False,V,2025-06-28 17:00:32,Verbal Warning,,,False,1.0,CT0014000,20250629030005000001,2025-06-28 17:00:32,17:00:32,2025,,,,2025,Stop Sign
2025-06-29 03:00:08.840000,7525322.0,CT0014000,Thomaston,Racial Profile,S2,25-11564,Case No.,2025-06-28 00:00:00,June,W,N,M,28,True,False, Thomaston,Northfield Road (Rt. 254),  ,  ,V,B,1.0,0,14-218a,,False,N,False,False,V,2025-06-28 05:24:41,Verbal Warning,,,False,1.0,CT0014000,20250629030005000001,2025-06-28 05:24:41,05:24:41,2025,,,,2025,Speed Related
2025-06-30 03:00:09.110000,7526523.0,CT0014000,Thomaston,Racial Profile,06,25-11647,Case No.,2025-06-29 00:00:00,June,B,N,M,36,True,False, Thomaston,Branch Road (Rt. 109),  ,  ,V,B,1.0,0,14-218a,,False,N,False,False,V,2025-06-29 23:19:51,Verbal Warning,,,False,1.0,CT0014000,20250630030005000001,2025-06-29 23:19:51,23:19:51,2025,,,,2025,Speed Related
2025-06-30 03:00:09.113000,7526524.0,CT0014000,Thomaston,Racial Profile,03,25-11648,Case No.,2025-06-29 00:00:00,June,W,N,M,22,True,False, Thomaston,South Main Street (Rt. 254),  ,  ,E,G,1.0,0,14-96a(a),,False,N,False,False,V,2025-06-29 23:26:40,Verbal Warning,,,False,1.0,CT0014000,20250630030005000001,2025-06-29 23:26:40,23:26:40,2025,,,,2025,Defective Lights
2025-06-30 03:00:09.117000,7526525.0,CT0014000,Thomaston,Racial Profile,06,25-11649,Case No.,2025-06-29 00:00:00,June,B,N,F,63,True,False, Thomaston,Branch Road (Rt. 109),  ,  ,V,B,1.0,0,14-218a,,False,N,False,False,V,2025-06-29 23:31:16,Verbal Warning,,,False,1.0,CT0014000,20250630030005000001,2025-06-29 23:31:16,23:31:16,2025,,,,2025,Speed Related
2025-07-05 03:00:09.593000,7533673.0,CT0014000,Thomaston,Racial Profile,03,25-11742,Case No.,2025-06-30 00:00:00,June,W,N,F,29,True,False, Thomaston,Watertown Road (Rt. 6),  ,  ,V,B,1.0,0,14-219(b),,False,N,False,False,V,2025-06-30 23:16:17,Verbal Warning,,,False,1.0,CT0014000,20250705030005000001,2025-06-30 23:16:17,23:16:17,2025,,,,2025,Speed Related
2025-07-01 03:00:08.807000,7527833.0,CT0014000,Thomaston,Racial Profile,05,25-11697,Case No.,2025-06-30 00:00:00,June,W,N,M,54,True,False, Thomaston,Union Street,  ,  ,V,G,1.0,0,14-301,,False,N,False,False,V,2025-06-30 13:25:13,Verbal Warning,,,False,1.0,CT0014000,20250701030005000001,2025-06-30 13:25:13,13:25:13,2025,,,,2025,Stop Sign
2025-06-30 03:00:09.120000,7526526.0,CT0014000,Thomaston,Racial Profile,03,25-11650,Case No.,2025-06-30 00:00:00,June,W,N,M,22,True,False, Thomaston,Old Branch Road,  ,  ,V,B,1.0,0,14-219(b),,False,N,False,False,V,2025-06-30 00:04:21,Verbal Warning,,,False,1.0,CT0014000,20250630030005000001,2025-06-30 00:04:21,00:04:21,2025,,,,2025,Speed Related
2025-07-05 03:00:09.590000,7533672.0,CT0014000,Thomaston,Racial Profile,03,25-11655,Case No.,2025-06-30 00:00:00,June,W,N,M,21,True,False, Thomaston,Branch Road (Rt. 109),  ,  ,V,B,1.0,0,14-219(b),,False,N,False,False,V,2025-06-30 00:50:58,Verbal Warning,,,False,1.0,CT0014000,20250705030005000001,2025-06-30 00:50:58,00:50:58,2025,,,,2025,Speed Related
2025-07-01 03:00:08.797000,7527831.0,CT0014000,Thomaston,Racial Profile,05,25-11691,Case No.,2025-06-30 00:00:00,June,W,N,F,0,False,False, Thomaston,Elm Street,  ,  ,V,G,1.0,0,14-301,,False,N,False,False,V,2025-06-30 12:28:06,Verbal Warning,,,False,1.0,CT0014000,20250701030005000001,2025-06-30 12:28:06,12:28:06,2025,,,,2025,Stop Sign
2025-06-30 03:00:09.123000,7526527.0,CT0014000,Thomaston,Racial Profile,06,25-11654,Case No.,2025-06-30 00:00:00,June,W,N,M,31,True,False, Thomaston,Branch Road (Rt. 109),  ,  ,V,B,1.0,0,14-218a,,False,N,False,False,V,2025-06-30 00:41:56,Verbal Warning,,,False,1.0,CT0014000,20250630030005000001,2025-06-30 00:41:56,00:41:56,2025,,,,2025,Speed Related
2025-07-01 03:00:08.817000,7527834.0,CT0014000,Thomaston,Racial Profile,S3,25-11718,Case No.,2025-06-30 00:00:00,June,W,N,M,74,True,False, Thomaston,Elm Street,  ,  ,V,G,1.0,0,14-301,,False,N,False,False,V,2025-06-30 17:45:40,Verbal Warning,,,False,1.0,CT0014000,20250701030005000001,2025-06-30 17:45:40,17:45:40,2025,,,,2025,Stop Sign
2025-07-01 03:00:08.800000,7527832.0,CT0014000,Thomaston,Racial Profile,05,25-11692,Case No.,2025-06-30 00:00:00,June,W,N,M,41,True,False, Thomaston,Union Street,  ,  ,V,G,1.0,0,14-301,,False,N,False,False,V,2025-06-30 12:40:40,Verbal Warning,,,False,1.0,CT0014000,20250701030005000001,2025-06-30 12:40:40,12:40:40,2025,,,,2025,Stop Sign
2025-07-05 03:00:09.610000,7533675.0,CT0014000,Thomaston,Racial Profile,03,25-11761,Case No.,2025-07-01 00:00:00,July,W,N,M,25,True,True, Thomaston,Northfield Road (Rt. 254),  ,  ,V,B,1.0,0,14-219(b),,False,N,False,False,V,2025-07-01 05:22:24,Verbal Warning,,,False,1.0,CT0014000,20250705030005000001,2025-07-01 05:22:24,05:22:24,2025,,,,2025,Speed Related
2025-07-20 03:00:08.780000,7575777.0,CT0014000,Thomaston,Racial Profile,04,25-11782,Case No.,2025-07-01 00:00:00,July,W,N,M,36,True,True, Thomaston,Elm Street,  ,  ,V,G,1.0,0,14-301,,False,N,False,False,V,2025-07-01 09:45:12,Verbal Warning,,,False,1.0,CT0014000,20250720030006000001,2025-07-01 09:45:12,09:45:12,2025,,,,2025,Stop Sign
2025-07-20 03:00:08.787000,7575778.0,CT0014000,Thomaston,Racial Profile,04,25-11783,Case No.,2025-07-01 00:00:00,July,W,N,M,68,True,True, Thomaston,Elm Street,  ,  ,V,G,1.0,0,14-301,,False,N,False,False,V,2025-07-01 09:50:33,Verbal Warning,,,False,1.0,CT0014000,20250720030006000001,2025-07-01 09:50:33,09:50:33,2025,,,,2025,Stop Sign
2025-07-02 03:00:08.300000,7529689.0,CT0014000,Thomaston,Racial Profile,S2,25-11760,Case No.,2025-07-01 00:00:00,July,W,N,F,40,True,False, Thomaston,Northfield Road (Rt. 254),  ,  ,V,B,1.0,0,14-218a,,False,N,False,False,V,2025-07-01 04:54:51,Verbal Warning,,,False,1.0,CT0014000,20250702030005000001,2025-07-01 04:54:51,04:54:51,2025,,,,2025,Speed Related
2025-07-08 03:00:09.060000,7537451.0,CT0014000,Thomaston,Racial Profile,S3,25-11803,Case No.,2025-07-01 00:00:00,July,W,N,M,17,True,True, Thomaston,Meadow Street,  ,  ,V,G,1.0,0,14-218a10,,False,N,False,False,V,2025-07-01 17:00:55,Verbal Warning,,,False,1.0,CT0014000,20250708030005000001,2025-07-01 17:00:55,17:00:55,2025,,,,2025,Speed Related
2025-07-02 03:00:08.317000,7529690.0,CT0014000,Thomaston,Racial Profile,02,25-11775,Case No.,2025-07-01 00:00:00,July,W,N,M,73,True,False, Thomaston,Branch Road (Rt. 109),  ,  ,V,G,1.0,0,14-218a,,False,N,False,False,V,2025-07-01 08:53:22,Verbal Warning,,,False,1.0,CT0014000,20250702030005000001,2025-07-01 08:53:22,08:53:22,2025,,,,2025,Speed Related
2025-07-20 03:00:08.793000,7575779.0,CT0014000,Thomaston,Racial Profile,04,25-11807,Case No.,2025-07-01 00:00:00,July,W,N,M,36,True,True, Thomaston,Northfield Road (Rt. 254),  ,  ,V,G,1.0,0,14-218a10,,False,N,False,False,V,2025-07-01 17:32:34,Verbal Warning,,,False,1.0,CT0014000,20250720030006000001,2025-07-01 17:32:34,17:32:34,2025,,,,2025,Speed Related
2025-07-20 03:00:08.800000,7575780.0,CT0014000,Thomaston,Racial Profile,04,25-11809,Case No.,2025-07-01 00:00:00,July,W,N,M,58,True,True, Thomaston,Hickory Hill Road,  ,  ,V,G,1.0,0,14-301,,False,N,False,False,V,2025-07-01 17:50:16,Verbal Warning,,,False,1.0,CT0014000,20250720030006000001,2025-07-01 17:50:16,17:50:16,2025,,,,2025,Stop Sign
2025-07-01 03:00:08.820000,7527835.0,CT0014000,Thomaston,Racial Profile,08,25-11753,Case No.,2025-07-01 00:00:00,July,W,N,F,33,True,False, Thomaston,Branch Road (Rt. 109),  ,  ,V,G,1.0,0,14-218a,,False,N,False,False,V,2025-07-01 01:42:08,Verbal Warning,,,False,1.0,CT0014000,20250701030005000001,2025-07-01 01:42:08,01:42:08,2025,,,,2025,Speed Related
2025-07-05 03:00:09.603000,7533674.0,CT0014000,Thomaston,Racial Profile,03,25-11744,Case No.,2025-07-01 00:00:00,July,W,N,F,24,True,True, Thomaston,Branch Road (Rt. 109),  ,  ,V,B,1.0,0,14-218a,,False,N,False,False,V,2025-07-01 00:14:05,Verbal Warning,,,False,1.0,CT0014000,20250705030005000001,2025-07-01 00:14:05,00:14:05,2025,,,,2025,Speed Related
2025-07-02 03:00:08.333000,7529691.0,CT0014000,Thomaston,Racial Profile,S3,25-11801,Case No.,2025-07-01 00:00:00,July,W,N,F,19,True,False, Thomaston,Main Street (Rt. 807),  ,  ,V,G,1.0,0,14-218a10,,False,N,False,False,V,2025-07-01 16:43:03,Verbal Warning,,,False,1.0,CT0014000,20250702030005000001,2025-07-01 16:43:03,16:43:03,2025,,,,2025,Speed Related
2025-07-02 03:00:08.347000,7529692.0,CT0014000,Thomaston,Racial Profile,S3,25-11802,Case No.,2025-07-01 00:00:00,July,W,N,F,19,True,False, Thomaston,Main Street (Rt. 807),  ,  ,V,G,1.0,0,14-218a10,,False,N,False,False,V,2025-07-01 16:49:12,Verbal Warning,,,False,1.0,CT0014000,20250702030005000001,2025-07-01 16:49:12,16:49:12,2025,,,,2025,Speed Related
2025-07-03 03:00:09.200000,7531215.0,CT0014000,Thomaston,Racial Profile,02,25-11853,Case No.,2025-07-02 00:00:00,July,W,N,M,42,True,False, Thomaston,Northfield Road (Rt. 254),  ,  ,V,G,1.0,0,14-218a,,False,N,False,False,V,2025-07-02 07:22:23,Verbal Warning,,,False,1.0,CT0014000,20250703030005000001,2025-07-02 07:22:23,07:22:23,2025,,,,2025,Speed Related
2025-07-03 03:00:09.203000,7531216.0,CT0014000,Thomaston,Racial Profile,02,25-11861,Case No.,2025-07-02 00:00:00,July,W,N,F,38,True,False, Thomaston,Branch Road (Rt. 109),  ,  ,V,G,1.0,0,14-218a,,False,N,False,False,V,2025-07-02 07:45:38,Verbal Warning,,,False,1.0,CT0014000,20250703030005000001,2025-07-02 07:45:38,07:45:38,2025,,,,2025,Speed Related
2025-07-04 03:00:09.320000,7532454.0,CT0014000,Thomaston,Racial Profile,02,25-11885,Case No.,2025-07-02 00:00:00,July,W,M,F,19,True,False, Thomaston,Branch Road (Rt. 109),  ,  ,V,G,1.0,0,14-218a,,False,N,False,False,V,2025-07-02 13:31:47,Verbal Warning,,,False,1.0,CT0014000,20250704030005000001,2025-07-02 13:31:47,13:31:47,2025,,,,2025,Speed Related
2025-07-03 03:00:09.210000,7531218.0,CT0014000,Thomaston,Racial Profile,06,25-11930,Case No.,2025-07-02 00:00:00,July,W,N,F,26,False,False, Thomaston,South Main Street (Rt. 254),  ,  ,V,B,1.0,0,14-218a,,False,N,False,False,V,2025-07-02 23:34:56,Verbal Warning,,,False,1.0,CT0014000,20250703030005000001,2025-07-02 23:34:56,23:34:56,2025,,,,2025,Speed Related
2025-07-08 03:00:09.070000,7537453.0,CT0014000,Thomaston,Racial Profile,S3,25-11904,Case No.,2025-07-02 00:00:00,July,W,N,F,60,True,True, Thomaston,South Main Street (Rt. 848),  ,  ,V,G,1.0,0,14-218a10,,False,C,False,False,V,2025-07-02 16:31:10,Verbal Warning,,,False,1.0,CT0014000,20250708030005000001,2025-07-02 16:31:10,16:31:10,2025,,,,2025,Speed Related
2025-07-20 03:00:08.807000,7575781.0,CT0014000,Thomaston,Racial Profile,04,25-11888,Case No.,2025-07-02 00:00:00,July,W,N,M,40,True,True, Thomaston,Elm Street,  ,  ,V,G,1.0,0,14-301,,False,N,False,False,V,2025-07-02 14:35:56,Verbal Warning,,,False,1.0,CT0014000,20250720030006000001,2025-07-02 14:35:56,14:35:56,2025,,,,2025,Stop Sign
2025-07-03 03:00:09.207000,7531217.0,CT0014000,Thomaston,Racial Profile,08,25-11875,Case No.,2025-07-02 00:00:00,July,W,N,F,34,True,False, Thomaston,Northfield Road (Rt. 254),  ,  ,V,G,1.0,0,14-218a,,False,N,False,False,V,2025-07-02 11:50:40,Verbal Warning,,,False,1.0,CT0014000,20250703030005000001,2025-07-02 11:50:40,11:50:40,2025,,,,2025,Speed Related
2025-07-08 03:00:09.063000,7537452.0,CT0014000,Thomaston,Racial Profile,S3,25-11902,Case No.,2025-07-02 00:00:00,July,W,N,M,49,True,True, Thomaston,South Main Street (Rt. 254),  ,  ,V,G,1.0,0,14-218a10,,False,C,False,False,V,2025-07-02 16:20:36,Verbal Warning,,,False,1.0,CT0014000,20250708030005000001,2025-07-02 16:20:36,16:20:36,2025,,,,2025,Speed Related
2025-07-04 03:00:09.333000,7532456.0,CT0014000,Thomaston,Racial Profile,02,25-11938,Case No.,2025-07-03 00:00:00,July,W,M,F,45,True,False, Thomaston,Northfield Road (Rt. 254),  ,  ,V,G,1.0,0,14-218a,,False,N,False,False,V,2025-07-03 07:41:46,Verbal Warning,,,False,1.0,CT0014000,20250704030005000001,2025-07-03 07:41:46,07:41:46,2025,,,,2025,Speed Related
2025-07-04 03:00:09.353000,7532459.0,CT0014000,Thomaston,Racial Profile,05,25-11974,Case No.,2025-07-03 00:00:00,July,W,N,M,0,True,False, Thomaston,Elm Street,  ,  ,V,G,1.0,0,14-301,,False,N,False,False,V,2025-07-03 16:07:42,Verbal Warning,,,False,1.0,CT0014000,20250704030005000001,2025-07-03 16:07:42,16:07:42,2025,,,,2025,Stop Sign
2025-07-04 03:00:09.330000,7532455.0,CT0014000,Thomaston,Racial Profile,02,25-11936,Case No.,2025-07-03 00:00:00,July,W,M,M,38,True,False, Thomaston,Waterbury Road (Rt. 262),  ,  ,V,G,1.0,0,14-299,,False,N,False,False,V,2025-07-03 07:30:09,Verbal Warning,,,False,1.0,CT0014000,20250704030005000001,2025-07-03 07:30:09,07:30:09,2025,,,,2025,Traffic Control Signal
2025-07-05 03:00:09.613000,7533676.0,CT0014000,Thomaston,Racial Profile,02,25-11955,Case No.,2025-07-03 00:00:00,July,W,N,M,37,False,False, Thomaston,Branch Road (Rt. 109),  ,  ,V,G,1.0,0,14-218a,,False,N,False,False,V,2025-07-03 08:04:11,Verbal Warning,,,False,1.0,CT0014000,20250705030005000001,2025-07-03 08:04:11,08:04:11,2025,,,,2025,Speed Related
2025-07-04 03:00:09.360000,7532460.0,CT0014000,Thomaston,Racial Profile,06,25-11997,Case No.,2025-07-03 00:00:00,July,W,N,M,45,False,False, Thomaston,Branch Road (Rt. 109),  ,  ,V,B,1.0,0,14-218a,,False,N,False,False,V,2025-07-03 23:06:50,Verbal Warning,,,False,1.0,CT0014000,20250704030005000001,2025-07-03 23:06:50,23:06:50,2025,,,,2025,Speed Related
2025-07-04 03:00:09.370000,7532462.0,CT0014000,Thomaston,Racial Profile,06,25-12000,Case No.,2025-07-03 00:00:00,July,W,N,M,32,True,False, Thomaston,Branch Road (Rt. 109),  ,  ,V,B,1.0,0,14-218a,,False,N,False,False,V,2025-07-03 23:53:39,Verbal Warning,,,False,1.0,CT0014000,20250704030005000001,2025-07-03 23:53:39,23:53:39,2025,,,,2025,Speed Related
2025-07-04 03:00:09.347000,7532458.0,CT0014000,Thomaston,Racial Profile,05,25-11973,Case No.,2025-07-03 00:00:00,July,W,N,F,63,True,False, Thomaston,Elm Street,  ,  ,V,G,1.0,0,14-301,,False,N,False,False,V,2025-07-03 15:58:49,Verbal Warning,,,False,1.0,CT0014000,20250704030005000001,2025-07-03 15:58:49,15:58:49,2025,,,,2025,Stop Sign
2025-07-20 03:00:08.813000,7575782.0,CT0014000,Thomaston,Racial Profile,04,25-11978,Case No.,2025-07-03 00:00:00,July,W,N,M,68,True,True, Thomaston,Watertown Road (Rt. 6),  ,  ,V,G,1.0,0,14-218a10,,False,N,False,False,V,2025-07-03 16:19:19,Verbal Warning,,,False,1.0,CT0014000,20250720030006000001,2025-07-03 16:19:19,16:19:19,2025,,,,2025,Speed Related
2025-07-04 03:00:09.363000,7532461.0,CT0014000,Thomaston,Racial Profile,06,25-11999,Case No.,2025-07-03 00:00:00,July,W,N,F,21,False,False, Thomaston,Branch Road (Rt. 109),  ,  ,V,B,1.0,0,14-218a,,False,N,False,False,V,2025-07-03 23:27:56,Verbal Warning,,,False,1.0,CT0014000,20250704030005000001,2025-07-03 23:27:56,23:27:56,2025,,,,2025,Speed Related
2025-07-04 03:00:09.340000,7532457.0,CT0014000,Thomaston,Racial Profile,05,25-11972,Case No.,2025-07-03 00:00:00,July,W,N,M,71,True,False, Thomaston,Elm Street,  ,  ,V,G,1.0,0,14-301,,False,N,False,False,V,2025-07-03 15:54:55,Verbal Warning,,,False,1.0,CT0014000,20250704030005000001,2025-07-03 15:54:55,15:54:55,2025,,,,2025,Stop Sign
2025-07-05 03:00:09.647000,7533678.0,CT0014000,Thomaston,Racial Profile,02,25-12024,Case No.,2025-07-04 00:00:00,July,W,N,M,27,False,False, Thomaston,Northfield Road (Rt. 254),  ,  ,V,G,1.0,0,14-219b10,,False,N,False,False,V,2025-07-04 07:45:11,Verbal Warning,,,False,1.0,CT0014000,20250705030005000001,2025-07-04 07:45:11,07:45:11,2025,,,,2025,Speed Related
2025-07-05 03:00:09.660000,7533681.0,CT0014000,Thomaston,Racial Profile,03,25-12073,Case No.,2025-07-04 00:00:00,July,W,N,M,56,True,False, Thomaston,Branch Road (Rt. 109),  ,  ,V,B,1.0,0,14-219(b),,False,N,False,False,V,2025-07-04 23:24:23,Verbal Warning,,,False,1.0,CT0014000,20250705030005000001,2025-07-04 23:24:23,23:24:23,2025,14-12(a)*,,,2025,Speed Related
2025-07-05 03:00:09.653000,7533680.0,CT0014000,Thomaston,Racial Profile,06,25-12070,Case No.,2025-07-04 00:00:00,July,W,N,F,45,True,True, Thomaston,Branch Road (Rt. 109),  ,  ,V,B,1.0,0,14-218a,,False,N,False,False,V,2025-07-04 23:10:33,Verbal Warning,,,False,1.0,CT0014000,20250705030005000001,2025-07-04 23:10:33,23:10:33,2025,,,,2025,Speed Related
2025-07-05 03:00:09.620000,7533677.0,CT0014000,Thomaston,Racial Profile,02,25-12023,Case No.,2025-07-04 00:00:00,July,W,N,F,59,False,False, Thomaston,Northfield Road (Rt. 254),  ,  ,V,G,1.0,0,14-218a,,False,N,False,False,V,2025-07-04 07:36:38,Verbal Warning,,,False,1.0,CT0014000,20250705030005000001,2025-07-04 07:36:38,07:36:38,2025,,,,2025,Speed Related
2025-07-05 03:00:09.650000,7533679.0,CT0014000,Thomaston,Racial Profile,02,25-12041,Case No.,2025-07-04 00:00:00,July,W,N,M,42,False,False, Thomaston,Branch Road (Rt. 109),  ,  ,V,G,1.0,0,14-218a,,False,N,False,False,V,2025-07-04 08:10:57,Verbal Warning,,,False,1.0,CT0014000,20250705030005000001,2025-07-04 08:10:57,08:10:57,2025,,,,2025,Speed Related
2025-07-06 03:00:09.180000,7534885.0,CT0014000,Thomaston,Racial Profile,03,25-12082,Case No.,2025-07-05 00:00:00,July,W,N,M,39,False,False, Thomaston,Branch Road (Rt. 109),  ,  ,V,B,1.0,0,14-219(b),,False,N,False,False,V,2025-07-05 05:26:25,Verbal Warning,,,False,1.0,CT0014000,20250706030005000001,2025-07-05 05:26:25,05:26:25,2025,,,,2025,Speed Related
2025-07-06 03:00:09.237000,7534891.0,CT0014000,Thomaston,Racial Profile,03,25-12124,Case No.,2025-07-05 00:00:00,July,W,N,F,53,True,False, Thomaston,Branch Road (Rt. 109),  ,  ,V,B,1.0,0,14-219(b),,False,N,False,False,V,2025-07-05 23:16:13,Verbal Warning,,,False,1.0,CT0014000,20250706030005000001,2025-07-05 23:16:13,23:16:13,2025,,,,2025,Speed Related
2025-07-06 03:00:09.203000,7534887.0,CT0014000,Thomaston,Racial Profile,16,25-12098,Case No.,2025-07-05 00:00:00,July,W,H,M,0,True,True, Thomaston,Watertown Road (Rt. 6),  ,  ,V,G,1.0,0,14-301,,False,N,False,False,V,2025-07-05 15:28:05,Verbal Warning,,,False,1.0,CT0014000,20250706030005000001,2025-07-05 15:28:05,15:28:05,2025,,,,2025,Stop Sign
2025-07-06 03:00:09.173000,7534884.0,CT0014000,Thomaston,Racial Profile,03,25-12077,Case No.,2025-07-05 00:00:00,July,W,N,M,33,True,False, Thomaston,Branch Road (Rt. 109),  ,  ,V,B,1.0,0,14-219(b),,False,N,False,False,V,2025-07-05 01:33:21,Verbal Warning,,,False,1.0,CT0014000,20250706030005000001,2025-07-05 01:33:21,01:33:21,2025,,,,2025,Speed Related
2025-07-06 03:00:09.213000,7534888.0,CT0014000,Thomaston,Racial Profile,05,25-12102,Case No.,2025-07-05 00:00:00,July,W,N,M,35,False,False, Thomaston,Elm Street,  ,  ,V,G,1.0,0,14-301,,False,N,False,False,V,2025-07-05 16:26:48,Verbal Warning,,,False,1.0,CT0014000,20250706030005000001,2025-07-05 16:26:48,16:26:48,2025,,,,2025,Stop Sign
2025-07-06 03:00:09.223000,7534889.0,CT0014000,Thomaston,Racial Profile,05,25-12103,Case No.,2025-07-05 00:00:00,July,W,N,M,31,True,False, Thomaston,Elm Street,  ,  ,V,G,1.0,0,14-301,,False,N,False,False,V,2025-07-05 16:32:56,Verbal Warning,,,False,1.0,CT0014000,20250706030005000001,2025-07-05 16:32:56,16:32:56,2025,,,,2025,Stop Sign
2025-07-06 03:00:09.197000,7534886.0,CT0014000,Thomaston,Racial Profile,16,25-12092,Case No.,2025-07-05 00:00:00,July,W,N,M,56,True,False, Thomaston,Watertown Road (Rt. 6),  ,  ,V,G,1.0,0,14-301,,False,N,False,False,V,2025-07-05 14:53:50,Verbal Warning,,,False,1.0,CT0014000,20250706030005000001,2025-07-05 14:53:50,14:53:50,2025,,,,2025,Stop Sign
2025-07-06 03:00:09.240000,7534892.0,CT0014000,Thomaston,Racial Profile,03,25-12126,Case No.,2025-07-05 00:00:00,July,W,N,F,60,True,False, Thomaston,Branch Road (Rt. 109),  ,  ,V,B,1.0,0,14-219(b),,False,N,False,False,V,2025-07-05 23:50:57,Verbal Warning,,,False,1.0,CT0014000,20250706030005000001,2025-07-05 23:50:57,23:50:57,2025,,,,2025,Speed Related
2025-07-06 03:00:09.230000,7534890.0,CT0014000,Thomaston,Racial Profile,05,25-12106,Case No.,2025-07-05 00:00:00,July,W,N,M,66,True,False, Thomaston,Elm Street,  ,  ,V,G,1.0,0,14-301,,False,N,False,False,V,2025-07-05 16:40:23,Verbal Warning,,,False,1.0,CT0014000,20250706030005000001,2025-07-05 16:40:23,16:40:23,2025,,,,2025,Stop Sign
2025-07-07 03:00:08.647000,7536105.0,CT0014000,Thomaston,Racial Profile,05,25-12180,Case No.,2025-07-06 00:00:00,July,W,N,F,62,True,False, Thomaston,Union Street,  ,  ,V,G,1.0,0,14-301,,False,N,False,False,V,2025-07-06 14:59:29,Verbal Warning,,,False,1.0,CT0014000,20250707030005000001,2025-07-06 14:59:29,14:59:29,2025,,,,2025,Stop Sign
2025-07-07 03:00:08.650000,7536107.0,CT0014000,Thomaston,Racial Profile,08,25-12188,Case No.,2025-07-06 00:00:00,July,A,N,M,51,True,False, Thomaston,Branch Road (Rt. 109),  ,  ,V,G,1.0,0,14-218a10,,False,N,False,False,V,2025-07-06 18:11:20,Verbal Warning,,,False,1.0,CT0014000,20250707030005000001,2025-07-06 18:11:20,18:11:20,2025,,,,2025,Speed Related
2025-07-07 03:00:08.640000,7536104.0,CT0014000,Thomaston,Racial Profile,05,25-12178,Case No.,2025-07-06 00:00:00,July,W,N,F,18,True,False, Thomaston,Union Street,  ,  ,V,G,1.0,0,14-301,,False,N,False,False,V,2025-07-06 14:44:34,Verbal Warning,,,False,1.0,CT0014000,20250707030005000001,2025-07-06 14:44:34,14:44:34,2025,,,,2025,Stop Sign
2025-07-07 03:00:08.647000,7536106.0,CT0014000,Thomaston,Racial Profile,05,25-12181,Case No.,2025-07-06 00:00:00,July,W,N,F,17,True,True, Thomaston,Union Street,  ,  ,V,G,1.0,0,14-301,,False,N,False,False,V,2025-07-06 15:06:36,Verbal Warning,,,False,1.0,CT0014000,20250707030005000001,2025-07-06 15:06:36,15:06:36,2025,,,,2025,Stop Sign
2025-07-08 03:00:09.080000,7537454.0,CT0014000,Thomaston,Racial Profile,08,25-12203,Case No.,2025-07-06 00:00:00,July,W,N,F,73,True,False, Thomaston,Northfield Road (Rt. 254),  ,  ,V,G,1.0,0,14-218a,,False,N,False,False,V,2025-07-06 23:15:34,Verbal Warning,,,False,1.0,CT0014000,20250708030005000001,2025-07-06 23:15:34,23:15:34,2025,,,,2025,Speed Related
2025-07-11 03:00:07.710000,7541250.0,CT0014000,Thomaston,Racial Profile,03,25-12204,Case No.,2025-07-06 00:00:00,July,W,N,M,33,True,False, Thomaston,Branch Road (Rt. 109),  ,  ,E,G,2.0,0,14-96c,,False,N,False,False,V,2025-07-06 23:23:35,Verbal Warning,,,False,1.0,CT0014000,20250711030005000001,2025-07-06 23:23:35,23:23:35,2025,,,,2025,Defective Lights
2025-07-09 03:00:09.327000,7538735.0,CT0014000,Thomaston,Racial Profile,02,25-12248,Case No.,2025-07-07 00:00:00,July,W,N,M,67,True,False, Thomaston,South Main Street (Rt. 254),  ,  ,V,G,1.0,0,14-218a,,False,N,False,False,V,2025-07-07 13:21:13,Verbal Warning,,,False,1.0,CT0014000,20250709030006000001,2025-07-07 13:21:13,13:21:13,2025,,,,2025,Speed Related
2025-07-20 03:00:08.830000,7575784.0,CT0014000,Thomaston,Racial Profile,04,25-12255,Case No.,2025-07-07 00:00:00,July,W,N,M,62,True,True, Thomaston,Elm Street,  ,  ,V,G,1.0,0,14-301,,False,N,False,False,V,2025-07-07 15:45:17,Verbal Warning,,,False,1.0,CT0014000,20250720030006000001,2025-07-07 15:45:17,15:45:17,2025,,,,2025,Stop Sign
2025-07-08 03:00:09.090000,7537455.0,CT0014000,Thomaston,Racial Profile,02,25-12229,Case No.,2025-07-07 00:00:00,July,W,N,M,34,True,False, Thomaston,Branch Road (Rt. 109),  ,  ,V,G,1.0,0,14-218a10,,False,N,False,False,I,2025-07-07 07:51:26,Infraction Ticket,,,False,1.0,CT0014000,20250708030005000001,2025-07-07 07:51:26,07:51:26,2025,,,,2025,Speed Related
2025-07-11 03:00:07.730000,7541252.0,CT0014000,Thomaston,Racial Profile,03,25-12280,Case No.,2025-07-07 00:00:00,July,W,N,F,22,True,False, Thomaston,Branch Road (Rt. 109),  ,  ,V,B,1.0,0,14-219(b),,False,N,False,False,V,2025-07-07 23:31:52,Verbal Warning,,,False,1.0,CT0014000,20250711030005000001,2025-07-07 23:31:52,23:31:52,2025,,,,2025,Speed Related
2025-07-20 03:00:08.840000,7575785.0,CT0014000,Thomaston,Racial Profile,04,25-12276,Case No.,2025-07-07 00:00:00,July,W,N,F,80,True,True, Thomaston,East Main Street (Rt. 6),  ,  ,V,G,1.0,0,14-301,,False,N,False,False,V,2025-07-07 20:00:16,Verbal Warning,,,False,1.0,CT0014000,20250720030006000001,2025-07-07 20:00:16,20:00:16,2025,,,,2025,Stop Sign
2025-07-12 03:00:10.017000,7542521.0,CT0014000,Thomaston,Racial Profile,S3,25-12267,Case No.,2025-07-07 00:00:00,July,W,N,F,49,True,False, Thomaston,Main Street (Rt. 807),  ,  ,V,G,1.0,0,14-218a10,,False,N,False,False,V,2025-07-07 16:57:38,Verbal Warning,,,False,1.0,CT0014000,20250712030006000001,2025-07-07 16:57:38,16:57:38,2025,,,,2025,Speed Related
2025-07-08 03:00:09.100000,7537457.0,CT0014000,Thomaston,Racial Profile,S3,25-12265,Case No.,2025-07-07 00:00:00,July,W,N,M,55,True,True, Thomaston,South Main Street (Rt. 848),  ,  ,V,G,1.0,0,14-218a10,,False,N,False,False,V,2025-07-07 16:47:53,Verbal Warning,,,False,1.0,CT0014000,20250708030005000001,2025-07-07 16:47:53,16:47:53,2025,,,,2025,Speed Related
2025-07-08 03:00:09.093000,7537456.0,CT0014000,Thomaston,Racial Profile,02,25-12237,Case No.,2025-07-07 00:00:00,July,W,N,M,74,True,False, Thomaston,Watertown Road (Rt. 6),  ,  ,V,G,1.0,0,14-299,,False,N,False,False,V,2025-07-07 09:22:45,Verbal Warning,,,False,1.0,CT0014000,20250708030005000001,2025-07-07 09:22:45,09:22:45,2025,,,,2025,Traffic Control Signal
2025-07-11 03:00:07.720000,7541251.0,CT0014000,Thomaston,Racial Profile,03,25-12205,Case No.,2025-07-07 00:00:00,July,W,N,M,33,True,False, Thomaston,Watertown Road (Rt. 6),  ,  ,V,B,1.0,0,14-219(b),,False,N,False,False,V,2025-07-07 00:28:44,Verbal Warning,,,False,1.0,CT0014000,20250711030005000001,2025-07-07 00:28:44,00:28:44,2025,,,,2025,Speed Related
2025-07-20 03:00:08.823000,7575783.0,CT0014000,Thomaston,Racial Profile,04,25-12239,Case No.,2025-07-07 00:00:00,July,W,N,M,43,True,True, Thomaston,Elm Street,  ,  ,V,G,1.0,0,14-301,,False,N,False,False,V,2025-07-07 09:38:52,Verbal Warning,,,False,1.0,CT0014000,20250720030006000001,2025-07-07 09:38:52,09:38:52,2025,,,,2025,Stop Sign
2025-07-09 03:00:09.330000,7538736.0,CT0014000,Thomaston,Racial Profile,02,25-12328,Case No.,2025-07-08 00:00:00,July,W,N,M,45,True,False, Thomaston,South Main Street (Rt. 848),  ,  ,V,G,1.0,0,14-218a10,,False,N,False,False,V,2025-07-08 12:58:07,Verbal Warning,,,False,1.0,CT0014000,20250709030006000001,2025-07-08 12:58:07,12:58:07,2025,,,,2025,Speed Related
2025-07-20 03:00:08.857000,7575786.0,CT0014000,Thomaston,Racial Profile,04,25-12324,Case No.,2025-07-08 00:00:00,July,W,N,F,21,True,True, Thomaston,south Main Street (Rt. 254),  ,  ,V,G,1.0,0,14-301,,False,N,False,False,V,2025-07-08 12:19:05,Verbal Warning,,,False,1.0,CT0014000,20250720030006000001,2025-07-08 12:19:05,12:19:05,2025,,,,2025,Stop Sign
2025-07-20 03:00:08.867000,7575787.0,CT0014000,Thomaston,Racial Profile,04,25-12340,Case No.,2025-07-08 00:00:00,July,W,N,F,29,True,True, Thomaston,Elm Street,  ,  ,V,G,1.0,0,14-301,,False,N,False,False,V,2025-07-08 16:37:08,Verbal Warning,,,False,1.0,CT0014000,20250720030006000001,2025-07-08 16:37:08,16:37:08,2025,,,,2025,Stop Sign
2025-07-09 03:00:09.337000,7538737.0,CT0014000,Thomaston,Racial Profile,02,25-12329,Case No.,2025-07-08 00:00:00,July,W,N,F,57,True,False, Thomaston,Northfield Road (Rt. 254),  ,  ,V,G,1.0,0,14-218a10,,False,N,False,False,V,2025-07-08 13:12:09,Verbal Warning,,,False,1.0,CT0014000,20250709030006000001,2025-07-08 13:12:09,13:12:09,2025,,,,2025,Speed Related
2025-07-09 03:00:09.343000,7538738.0,CT0014000,Thomaston,Racial Profile,02,25-12332,Case No.,2025-07-08 00:00:00,July,W,N,M,22,True,False, Thomaston,Northfield Road (Rt. 254),  ,  ,V,G,1.0,0,14-218a,,False,N,False,False,V,2025-07-08 13:20:11,Verbal Warning,,,False,1.0,CT0014000,20250709030006000001,2025-07-08 13:20:11,13:20:11,2025,,,,2025,Speed Related
2025-07-08 03:00:09.107000,7537458.0,CT0014000,Thomaston,Racial Profile,08,25-12283,Case No.,2025-07-08 00:00:00,July,W,N,M,19,True,False, Thomaston,Northfield Road (Rt. 254),  ,  ,V,G,1.0,0,14-218a,,False,N,False,False,V,2025-07-08 00:13:07,Verbal Warning,,,False,1.0,CT0014000,20250708030005000001,2025-07-08 00:13:07,00:13:07,2025,,,,2025,Speed Related
2025-07-10 03:00:09.310000,7539990.0,CT0014000,Thomaston,Racial Profile,02,25-12390,Case No.,2025-07-09 00:00:00,July,W,N,M,39,True,True, Thomaston,Clay Street,  ,  ,V,G,1.0,0,14-218a10,,False,N,False,False,V,2025-07-09 08:07:42,Verbal Warning,,,False,1.0,CT0014000,20250710030005000001,2025-07-09 08:07:42,08:07:42,2025,,,,2025,Speed Related
2025-07-10 03:00:09.350000,7539995.0,CT0014000,Thomaston,Racial Profile,05,25-12422,Case No.,2025-07-09 00:00:00,July,B,N,M,0,True,False, Thomaston,Union Street,  ,  ,V,G,1.0,0,14-301,,False,N,False,False,N,2025-07-09 16:12:29,No Disposition,,,False,1.0,CT0014000,20250710030005000001,2025-07-09 16:12:29,16:12:29,2025,,,,2025,Stop Sign
2025-07-10 03:00:09.317000,7539991.0,CT0014000,Thomaston,Racial Profile,02,25-12391,Case No.,2025-07-09 00:00:00,July,W,N,M,56,True,True, Thomaston,Clay Street,  ,  ,V,G,1.0,0,14-218a10,,False,N,False,False,V,2025-07-09 08:12:03,Verbal Warning,,,False,1.0,CT0014000,20250710030005000001,2025-07-09 08:12:03,08:12:03,2025,,,,2025,Speed Related
2025-07-20 03:00:08.877000,7575789.0,CT0014000,Thomaston,Racial Profile,04,25-12417,Case No.,2025-07-09 00:00:00,July,W,N,M,63,True,True, Thomaston,Clay Street,  ,  ,V,G,1.0,0,14-218a,,False,N,False,False,V,2025-07-09 15:10:55,Verbal Warning,,,False,1.0,CT0014000,20250720030006000001,2025-07-09 15:10:55,15:10:55,2025,,,,2025,Speed Related
2025-07-10 03:00:09.320000,7539992.0,CT0014000,Thomaston,Racial Profile,05,25-12419,Case No.,2025-07-09 00:00:00,July,W,N,M,84,True,True, Thomaston,Sanford Avenue,  ,  ,V,G,1.0,0,14-218a,,False,N,False,False,V,2025-07-09 15:25:34,Verbal Warning,,,False,1.0,CT0014000,20250710030005000001,2025-07-09 15:25:34,15:25:34,2025,,,,2025,Speed Related
2025-07-10 03:00:09.307000,7539989.0,CT0014000,Thomaston,Racial Profile,02,25-12373,Case No.,2025-07-09 00:00:00,July,W,N,M,39,True,True, Thomaston,South Main Street (Rt. 254),  ,  ,V,G,1.0,0,14-218a10,,False,N,False,False,V,2025-07-09 07:25:46,Verbal Warning,,,False,1.0,CT0014000,20250710030005000001,2025-07-09 07:25:46,07:25:46,2025,,,,2025,Speed Related
2025-07-20 03:00:08.873000,7575788.0,CT0014000,Thomaston,Racial Profile,04,25-12416,Case No.,2025-07-09 00:00:00,July,W,N,M,29,True,True, Thomaston,Clay Street,  ,  ,V,G,1.0,0,14-218a,,False,N,False,False,V,2025-07-09 15:00:09,Verbal Warning,,,False,1.0,CT0014000,20250720030006000001,2025-07-09 15:00:09,15:00:09,2025,,,,2025,Speed Related
2025-07-10 03:00:09.330000,7539993.0,CT0014000,Thomaston,Racial Profile,05,25-12420,Case No.,2025-07-09 00:00:00,July,W,N,F,43,True,True, Thomaston,Sanford Avenue,  ,  ,V,G,1.0,0,14-218a10,,False,N,False,False,V,2025-07-09 15:34:49,Verbal Warning,,,False,1.0,CT0014000,20250710030005000001,2025-07-09 15:34:49,15:34:49,2025,,,,2025,Speed Related
2025-07-10 03:00:09.340000,7539994.0,CT0014000,Thomaston,Racial Profile,05,25-12421,Case No.,2025-07-09 00:00:00,July,B,N,M,0,True,True, Thomaston,Elm Street,  ,  ,V,G,1.0,0,14-301,,False,N,False,False,N,2025-07-09 15:58:51,No Disposition,,,False,1.0,CT0014000,20250710030005000001,2025-07-09 15:58:51,15:58:51,2025,7-313a,,,2025,Stop Sign
2025-07-11 03:00:07.820000,7541258.0,CT0014000,Thomaston,Racial Profile,03,25-12525,Case No.,2025-07-10 00:00:00,July,W,N,M,36,True,False, Thomaston,Branch Road (Rt. 109),  ,  ,V,B,1.0,0,14-219(b),,False,N,False,False,V,2025-07-10 23:19:53,Verbal Warning,,,False,1.0,CT0014000,20250711030005000001,2025-07-10 23:19:53,23:19:53,2025,,,,2025,Speed Related
2025-07-20 03:00:08.887000,7575790.0,CT0014000,Thomaston,Racial Profile,04,25-12493,Case No.,2025-07-10 00:00:00,July,W,N,M,38,True,True, Thomaston,Clay Street,  ,  ,V,G,1.0,0,14-218a10,,False,N,False,False,V,2025-07-10 15:30:33,Verbal Warning,,,False,1.0,CT0014000,20250720030006000001,2025-07-10 15:30:33,15:30:33,2025,,,,2025,Speed Related
2025-07-20 03:00:08.890000,7575791.0,CT0014000,Thomaston,Racial Profile,04,25-12494,Case No.,2025-07-10 00:00:00,July,W,N,M,23,True,True, Thomaston,Clay Street,  ,  ,V,G,1.0,0,14-218a10,,False,N,False,False,V,2025-07-10 15:45:27,Verbal Warning,,,False,1.0,CT0014000,20250720030006000001,2025-07-10 15:45:27,15:45:27,2025,,,,2025,Speed Related
2025-07-11 03:00:07.780000,7541255.0,CT0014000,Thomaston,Racial Profile,05,25-12509,Case No.,2025-07-10 00:00:00,July,W,N,M,52,False,False, Thomaston,Elm Street,  ,  ,V,G,1.0,0,14-301,,False,N,False,False,V,2025-07-10 17:54:38,Verbal Warning,,,False,1.0,CT0014000,20250711030005000001,2025-07-10 17:54:38,17:54:38,2025,,,,2025,Stop Sign
2025-07-21 03:00:08.053000,7577105.0,CT0014000,Thomaston,Racial Profile,02,25-12476,Case No.,2025-07-10 00:00:00,July,W,N,F,63,True,True, Thomaston,Main Street (Rt. 807),  ,  ,V,G,1.0,0,14-218a,,False,N,False,False,V,2025-07-10 09:38:39,Verbal Warning,,,False,1.0,CT0014000,20250721030005000001,2025-07-10 09:38:39,09:38:39,2025,,,,2025,Speed Related
2025-07-11 03:00:07.750000,7541253.0,CT0014000,Thomaston,Racial Profile,02,25-12473,Case No.,2025-07-10 00:00:00,July,W,N,F,60,True,True, Thomaston,East Main Street (Rt. 6),  ,  ,V,G,1.0,0,14-218a,,False,N,False,False,N,2025-07-10 08:49:38,No Disposition,,,False,1.0,CT0014000,20250711030005000001,2025-07-10 08:49:38,08:49:38,2025,,,,2025,Speed Related
2025-07-11 03:00:07.767000,7541254.0,CT0014000,Thomaston,Racial Profile,02,25-12474,Case No.,2025-07-10 00:00:00,July,W,N,F,65,True,False, Thomaston,Main Street (Rt. 807),  ,  ,V,G,1.0,0,14-218a,,False,N,False,False,V,2025-07-10 09:28:31,Verbal Warning,,,False,1.0,CT0014000,20250711030005000001,2025-07-10 09:28:31,09:28:31,2025,,,,2025,Speed Related
2025-07-11 03:00:07.800000,7541256.0,CT0014000,Thomaston,Racial Profile,05,25-12510,Case No.,2025-07-10 00:00:00,July,W,N,M,56,True,False, Thomaston,Elm Street,  ,  ,V,G,1.0,0,14-301,,False,N,False,False,V,2025-07-10 18:03:05,Verbal Warning,,,False,1.0,CT0014000,20250711030005000001,2025-07-10 18:03:05,18:03:05,2025,,,,2025,Stop Sign
2025-07-11 03:00:07.810000,7541257.0,CT0014000,Thomaston,Racial Profile,05,25-12511,Case No.,2025-07-10 00:00:00,July,W,N,F,39,True,False, Thomaston,Elm Street,  ,  ,V,G,1.0,0,14-301,,False,N,False,False,V,2025-07-10 18:10:52,Verbal Warning,,,False,1.0,CT0014000,20250711030005000001,2025-07-10 18:10:52,18:10:52,2025,,,,2025,Stop Sign
2025-07-12 03:00:10.020000,7542522.0,CT0014000,Thomaston,Racial Profile,06,25-12526,Case No.,2025-07-10 00:00:00,July,W,N,F,25,True,True, Thomaston,Branch Road (Rt. 109),  ,  ,V,B,1.0,0,14-218a,,False,N,False,False,V,2025-07-10 23:34:00,Verbal Warning,,,False,1.0,CT0014000,20250712030006000001,2025-07-10 23:34:00,23:34:00,2025,,,,2025,Speed Related
2025-07-12 03:00:10.020000,7542523.0,CT0014000,Thomaston,Racial Profile,06,25-12527,Case No.,2025-07-10 00:00:00,July,W,N,F,18,True,True, Thomaston,Branch Road (Rt. 109),  ,  ,V,B,1.0,0,14-218a,,False,N,False,False,V,2025-07-10 23:41:55,Verbal Warning,,,False,1.0,CT0014000,20250712030006000001,2025-07-10 23:41:55,23:41:55,2025,,,,2025,Speed Related
2025-07-12 03:00:10.030000,7542524.0,CT0014000,Thomaston,Racial Profile,03,25-12529,Case No.,2025-07-11 00:00:00,July,W,N,F,34,True,False, Thomaston,Branch Road (Rt. 109),  ,  ,V,B,1.0,0,14-219(b),,False,N,False,False,V,2025-07-11 00:11:40,Verbal Warning,,,False,1.0,CT0014000,20250712030006000001,2025-07-11 00:11:40,00:11:40,2025,,,,2025,Speed Related
2025-07-14 03:00:08.990000,7545063.0,CT0014000,Thomaston,Racial Profile,03,25-12617,Case No.,2025-07-11 00:00:00,July,W,N,F,54,True,False, Thomaston,Branch Road (Rt. 109),  ,  ,V,B,1.0,0,14-219(b),,False,N,False,False,V,2025-07-11 23:48:52,Verbal Warning,,,False,1.0,CT0014000,20250714030005000001,2025-07-11 23:48:52,23:48:52,2025,,,,2025,Speed Related
2025-07-12 03:00:10.057000,7542530.0,CT0014000,Thomaston,Racial Profile,S3,25-12606,Case No.,2025-07-11 00:00:00,July,W,N,M,19,True,True, Thomaston,South Main Street (Rt. 254),  ,  ,V,G,1.0,0,14-301,,False,N,False,False,V,2025-07-11 19:26:01,Verbal Warning,,,False,1.0,CT0014000,20250712030006000001,2025-07-11 19:26:01,19:26:01,2025,,,,2025,Stop Sign
2025-07-12 03:00:10.050000,7542528.0,CT0014000,Thomaston,Racial Profile,05,25-12586,Case No.,2025-07-11 00:00:00,July,W,N,F,29,True,True, Thomaston,Elm Street,  ,  ,V,G,1.0,0,14-301,,False,N,False,False,V,2025-07-11 16:49:20,Verbal Warning,,,False,1.0,CT0014000,20250712030006000001,2025-07-11 16:49:20,16:49:20,2025,,,,2025,Stop Sign
2025-07-12 03:00:10.053000,7542529.0,CT0014000,Thomaston,Racial Profile,05,25-12587,Case No.,2025-07-11 00:00:00,July,W,N,F,71,True,False, Thomaston,Elm Street,  ,  ,V,G,1.0,0,14-301,,False,N,False,False,V,2025-07-11 16:59:30,Verbal Warning,,,False,1.0,CT0014000,20250712030006000001,2025-07-11 16:59:30,16:59:30,2025,,,,2025,Stop Sign
2025-07-12 03:00:10.033000,7542525.0,CT0014000,Thomaston,Racial Profile,06,25-12530,Case No.,2025-07-11 00:00:00,July,W,N,M,41,True,True, Thomaston,Old Northfield Road,  ,  ,V,B,1.0,0,14-218a,,False,N,False,False,V,2025-07-11 00:32:38,Verbal Warning,,,False,1.0,CT0014000,20250712030006000001,2025-07-11 00:32:38,00:32:38,2025,,,,2025,Speed Related
2025-07-13 03:00:09.137000,7543787.0,CT0014000,Thomaston,Racial Profile,06,25-12618,Case No.,2025-07-11 00:00:00,July,W,N,M,28,True,False, Thomaston,Branch Road (Rt. 109),  ,  ,V,B,1.0,0,14-218a,,False,N,False,False,V,2025-07-11 23:53:58,Verbal Warning,,,False,1.0,CT0014000,20250713030006000001,2025-07-11 23:53:58,23:53:58,2025,,,,2025,Speed Related
2025-07-11 03:00:07.833000,7541259.0,CT0014000,Thomaston,Racial Profile,03,25-12528,Case No.,2025-07-11 00:00:00,July,W,N,M,32,True,False, Thomaston,Branch Road (Rt. 109),  ,  ,V,B,1.0,0,14-218a,,False,N,False,False,V,2025-07-11 00:05:39,Verbal Warning,,,False,1.0,CT0014000,20250711030005000001,2025-07-11 00:05:39,00:05:39,2025,,,,2025,Speed Related
2025-07-12 03:00:10.047000,7542527.0,CT0014000,Thomaston,Racial Profile,05,25-12584,Case No.,2025-07-11 00:00:00,July,W,N,M,33,True,True, Thomaston,union Street,  ,  ,V,G,1.0,0,14-301,,False,N,False,False,V,2025-07-11 16:42:30,Verbal Warning,,,False,1.0,CT0014000,20250712030006000001,2025-07-11 16:42:30,16:42:30,2025,,,,2025,Stop Sign
2025-10-16 03:00:09.180000,7797342.0,CT0014000,Thomaston,Racial Profile,S1,25-12579,Case No.,2025-07-11 00:00:00,July,A,N,M,70,True,False, Thomaston,Main Street (Rt. 807),  ,  ,V,G,1.0,0,14-301,,False,N,False,False,V,2025-07-11 13:01:08,Verbal Warning,,,False,1.0,CT0014000,20251016030005000001,2025-07-11 13:01:08,13:01:08,2025,,,,2025,Stop Sign
2025-07-14 03:00:08.963000,7545061.0,CT0014000,Thomaston,Racial Profile,S3,25-12608,Case No.,2025-07-11 00:00:00,July,W,N,M,26,True,True, Thomaston,South Main Street (Rt. 254),  ,  ,V,G,1.0,0,14-301,,False,N,False,False,V,2025-07-11 19:32:53,Verbal Warning,,,False,1.0,CT0014000,20250714030005000001,2025-07-11 19:32:53,19:32:53,2025,,,,2025,Stop Sign
2025-07-12 03:00:10.037000,7542526.0,CT0014000,Thomaston,Racial Profile,01,25-12564,Case No.,2025-07-11 00:00:00,July,W,N,F,55,True,False, Thomaston,North Main Street,  ,  ,V,G,1.0,0,14-218a,,False,N,False,False,V,2025-07-11 10:31:59,Verbal Warning,,,False,1.0,CT0014000,20250712030006000001,2025-07-11 10:31:59,10:31:59,2025,,,,2025,Speed Related
2025-07-14 03:00:08.970000,7545062.0,CT0014000,Thomaston,Racial Profile,S3,25-12610,Case No.,2025-07-11 00:00:00,July,W,N,F,59,True,True, Thomaston,South Main Street (Rt. 254),  ,  ,V,G,1.0,0,14-301,,False,N,False,False,V,2025-07-11 19:42:16,Verbal Warning,,,False,1.0,CT0014000,20250714030005000001,2025-07-11 19:42:16,19:42:16,2025,,,,2025,Stop Sign
2025-07-13 03:00:09.163000,7543790.0,CT0014000,Thomaston,Racial Profile,01,25-12628,Case No.,2025-07-12 00:00:00,July,W,N,M,41,True,False, Thomaston,Main Street (Rt. 807),  ,  ,V,G,1.0,0,14-218a,,False,N,False,False,V,2025-07-12 07:25:42,Verbal Warning,,,False,1.0,CT0014000,20250713030006000001,2025-07-12 07:25:42,07:25:42,2025,,,,2025,Speed Related
2025-07-14 03:00:09.003000,7545064.0,CT0014000,Thomaston,Racial Profile,03,25-12622,Case No.,2025-07-12 00:00:00,July,W,N,M,41,True,False, Thomaston,Branch Road (Rt. 109),  ,  ,V,B,1.0,0,14-219(b),,False,N,False,False,V,2025-07-12 01:03:22,Verbal Warning,,,False,1.0,CT0014000,20250714030005000001,2025-07-12 01:03:22,01:03:22,2025,,,,2025,Speed Related
2025-07-13 03:00:09.140000,7543788.0,CT0014000,Thomaston,Racial Profile,06,25-12619,Case No.,2025-07-12 00:00:00,July,W,N,M,42,True,False, Thomaston,Branch Road (Rt. 109),  ,  ,V,B,1.0,0,14-218a,,False,N,False,False,V,2025-07-12 00:04:47,Verbal Warning,,,False,1.0,CT0014000,20250713030006000001,2025-07-12 00:04:47,00:04:47,2025,,,,2025,Speed Related
2025-07-13 03:00:09.157000,7543789.0,CT0014000,Thomaston,Racial Profile,06,25-12621,Case No.,2025-07-12 00:00:00,July,W,N,F,17,True,False, Thomaston,Branch Road (Rt. 109),  ,  ,V,B,1.0,0,14-218a,,False,N,False,False,V,2025-07-12 00:10:04,Verbal Warning,,,False,1.0,CT0014000,20250713030006000001,2025-07-12 00:10:04,00:10:04,2025,,,,2025,Speed Related
2025-07-13 03:00:09.170000,7543791.0,CT0014000,Thomaston,Racial Profile,16,25-12630,Case No.,2025-07-12 00:00:00,July,W,N,F,28,True,False, Thomaston,Waterbury Road (Rt. 262),  ,  ,V,G,1.0,0,14-301,,False,N,False,False,V,2025-07-12 07:44:42,Verbal Warning,,,False,1.0,CT0014000,20250713030006000001,2025-07-12 07:44:42,07:44:42,2025,,,,2025,Stop Sign
2025-07-13 03:00:09.170000,7543792.0,CT0014000,Thomaston,Racial Profile,16,25-12631,Case No.,2025-07-12 00:00:00,July,W,N,M,74,True,True, Thomaston,Watertown Road (Rt. 6),  ,  ,V,G,1.0,0,14-301,,False,N,False,False,V,2025-07-12 07:51:19,Verbal Warning,,,False,1.0,CT0014000,20250713030006000001,2025-07-12 07:51:19,07:51:19,2025,,,,2025,Stop Sign
2025-07-13 03:00:09.180000,7543793.0,CT0014000,Thomaston,Racial Profile,16,25-12681,Case No.,2025-07-12 00:00:00,July,W,N,M,0,False,False, Thomaston,Branch Road (Rt. 109),  ,  ,V,G,1.0,0,14-301,,False,N,False,False,V,2025-07-12 19:12:52,Verbal Warning,,,False,1.0,CT0014000,20250713030006000001,2025-07-12 19:12:52,19:12:52,2025,,,,2025,Stop Sign
2025-07-14 03:00:09.030000,7545067.0,CT0014000,Thomaston,Racial Profile,01,25-12704,Case No.,2025-07-13 00:00:00,July,B,N,F,26,True,False, Thomaston,Clay Street,  ,  ,V,G,1.0,0,14-218a,,False,N,False,False,V,2025-07-13 09:38:12,Verbal Warning,,,False,1.0,CT0014000,20250714030005000001,2025-07-13 09:38:12,09:38:12,2025,,,,2025,Speed Related
2025-07-14 03:00:09.033000,7545068.0,CT0014000,Thomaston,Racial Profile,01,25-12705,Case No.,2025-07-13 00:00:00,July,W,N,F,58,True,False, Thomaston,Clay Street,  ,  ,V,G,1.0,0,14-218a,,False,N,False,False,V,2025-07-13 09:55:07,Verbal Warning,,,False,1.0,CT0014000,20250714030005000001,2025-07-13 09:55:07,09:55:07,2025,,,,2025,Speed Related
2025-07-14 03:00:09.020000,7545065.0,CT0014000,Thomaston,Racial Profile,03,25-12697,Case No.,2025-07-13 00:00:00,July,W,N,M,25,True,False, Thomaston,Branch Road (Rt. 109),  ,  ,V,B,1.0,0,14-219b,,False,N,False,False,V,2025-07-13 05:23:39,Verbal Warning,,,False,1.0,CT0014000,20250714030005000001,2025-07-13 05:23:39,05:23:39,2025,,,,2025,Speed Related
2025-07-14 03:00:09.043000,7545069.0,CT0014000,Thomaston,Racial Profile,S3,25-12724,Case No.,2025-07-13 00:00:00,July,W,N,M,65,True,True, Thomaston,Clay Street,  ,  ,V,G,1.0,0,14-218a,,False,N,False,False,V,2025-07-13 15:56:21,Verbal Warning,,,False,1.0,CT0014000,20250714030005000001,2025-07-13 15:56:21,15:56:21,2025,,,,2025,Speed Related
2025-07-14 03:00:09.053000,7545070.0,CT0014000,Thomaston,Racial Profile,S3,25-12727,Case No.,2025-07-13 00:00:00,July,W,N,M,49,True,False, Thomaston,South Main Street (Rt. 848),  ,  ,V,G,1.0,0,14-301,,False,N,False,False,V,2025-07-13 16:18:43,Verbal Warning,,,False,1.0,CT0014000,20250714030005000001,2025-07-13 16:18:43,16:18:43,2025,,,,2025,Stop Sign
2025-07-14 03:00:09.023000,7545066.0,CT0014000,Thomaston,Racial Profile,01,25-12702,Case No.,2025-07-13 00:00:00,July,W,N,F,28,True,False, Thomaston,South Main Street (Rt. 848),  ,  ,E,G,1.0,0,14-96c,,False,N,False,False,V,2025-07-13 09:23:40,Verbal Warning,,,False,1.0,CT0014000,20250714030005000001,2025-07-13 09:23:40,09:23:40,2025,,,,2025,Defective Lights
2025-07-14 03:00:09.060000,7545071.0,CT0014000,Thomaston,Racial Profile,03,25-12752,Case No.,2025-07-13 00:00:00,July,W,N,M,22,True,False, Thomaston,Branch Road (Rt. 109),  ,  ,V,B,1.0,0,14-219(b),,False,N,False,False,V,2025-07-13 23:41:03,Verbal Warning,,,False,1.0,CT0014000,20250714030005000001,2025-07-13 23:41:03,23:41:03,2025,,,,2025,Speed Related
2025-07-23 03:00:09.033000,7579886.0,CT0014000,Thomaston,Racial Profile,06,25-12820,Case No.,2025-07-14 00:00:00,July,B,N,M,20,True,False, Thomaston,Branch Road (Rt. 109),  ,  ,V,B,1.0,0,14-218a,,False,N,False,False,V,2025-07-14 18:46:49,Verbal Warning,,,False,1.0,CT0014000,20250723030005000001,2025-07-14 18:46:49,18:46:49,2025,,,,2025,Speed Related
2025-07-17 03:00:07.870000,7569802.0,CT0014000,Thomaston,Racial Profile,06,25-12821,Case No.,2025-07-14 00:00:00,July,W,N,F,45,True,False, Thomaston,Branch Road (Rt. 109),  ,  ,V,B,1.0,0,14-218a,,False,N,False,False,V,2025-07-14 18:59:22,Verbal Warning,,,False,1.0,CT0014000,20250717030005000001,2025-07-14 18:59:22,18:59:22,2025,,,,2025,Speed Related
2025-07-17 03:00:07.887000,7569804.0,CT0014000,Thomaston,Racial Profile,06,25-12827,Case No.,2025-07-14 00:00:00,July,B,N,M,23,True,False, Thomaston,Old Branch Road,  ,  ,V,B,1.0,0,14-218a,,False,N,False,False,V,2025-07-14 23:45:40,Verbal Warning,,,False,1.0,CT0014000,20250717030005000001,2025-07-14 23:45:40,23:45:40,2025,,,,2025,Speed Related
2025-07-17 03:00:07.880000,7569803.0,CT0014000,Thomaston,Racial Profile,06,25-12826,Case No.,2025-07-14 00:00:00,July,W,N,F,73,True,False, Thomaston,Branch Road (Rt. 109),  ,  ,V,B,1.0,0,14-218a,,False,N,False,False,V,2025-07-14 23:18:27,Verbal Warning,,,False,1.0,CT0014000,20250717030005000001,2025-07-14 23:18:27,23:18:27,2025,,,,2025,Speed Related
2025-07-20 03:00:08.900000,7575792.0,CT0014000,Thomaston,Racial Profile,04,25-12879,Case No.,2025-07-15 00:00:00,July,W,N,M,53,True,True, Thomaston,High Street,  ,  ,V,G,1.0,0,14-218a10,,False,N,False,False,V,2025-07-15 16:12:14,Verbal Warning,,,False,1.0,CT0014000,20250720030006000001,2025-07-15 16:12:14,16:12:14,2025,,,,2025,Speed Related
2025-07-20 03:00:08.913000,7575793.0,CT0014000,Thomaston,Racial Profile,04,25-12880,Case No.,2025-07-15 00:00:00,July,W,N,M,41,True,True, Thomaston,Clay Street,  ,  ,V,G,1.0,0,14-218a,,False,N,False,False,V,2025-07-15 16:33:26,Verbal Warning,,,False,1.0,CT0014000,20250720030006000001,2025-07-15 16:33:26,16:33:26,2025,,,,2025,Speed Related
2025-07-20 03:00:08.917000,7575794.0,CT0014000,Thomaston,Racial Profile,04,25-12937,Case No.,2025-07-16 00:00:00,July,W,N,M,20,True,True, Thomaston,Clay Street,  ,  ,V,G,1.0,0,14-218a10,,False,N,False,False,V,2025-07-16 15:22:03,Verbal Warning,,,False,1.0,CT0014000,20250720030006000001,2025-07-16 15:22:03,15:22:03,2025,,,,2025,Speed Related
2025-07-20 03:00:08.923000,7575795.0,CT0014000,Thomaston,Racial Profile,04,25-12938,Case No.,2025-07-16 00:00:00,July,W,N,M,59,True,True, Thomaston,Clay Street,  ,  ,V,G,1.0,0,14-218a10,,False,N,False,False,V,2025-07-16 15:28:15,Verbal Warning,,,False,1.0,CT0014000,20250720030006000001,2025-07-16 15:28:15,15:28:15,2025,,,,2025,Speed Related
2025-07-17 03:00:07.900000,7569805.0,CT0014000,Thomaston,Racial Profile,06,25-12889,Case No.,2025-07-16 00:00:00,July,W,N,F,53,True,False, Thomaston,Branch Road (Rt. 109),  ,  ,V,B,1.0,0,14-96c,,False,N,False,False,V,2025-07-16 00:26:19,Verbal Warning,,,False,1.0,CT0014000,20250717030005000001,2025-07-16 00:26:19,00:26:19,2025,,,,2025,Defective Lights
2025-07-16 03:00:07.877000,7567269.0,CT0014000,Thomaston,Racial Profile,08,25-12891,Case No.,2025-07-16 00:00:00,July,W,N,M,19,True,True, Thomaston,Old Northfield Road,  ,  ,V,G,1.0,0,14-218a,,False,N,False,False,V,2025-07-16 01:16:32,Verbal Warning,,,False,1.0,CT0014000,20250716030005000001,2025-07-16 01:16:32,01:16:32,2025,,,,2025,Speed Related
2025-07-16 03:00:07.870000,7567268.0,CT0014000,Thomaston,Racial Profile,08,25-12888,Case No.,2025-07-16 00:00:00,July,W,N,F,25,True,True, Thomaston,Branch Road (Rt. 109),  ,  ,V,G,1.0,0,14-218a,,False,N,False,False,V,2025-07-16 00:14:07,Verbal Warning,,,False,1.0,CT0014000,20250716030005000001,2025-07-16 00:14:07,00:14:07,2025,,,,2025,Speed Related
2025-07-18 03:00:09.280000,7571353.0,CT0014000,Thomaston,Racial Profile,05,25-12995,Case No.,2025-07-17 00:00:00,July,W,N,F,0,True,False, Thomaston,Elm Street,  ,  ,V,G,1.0,0,14-301,,False,N,False,False,V,2025-07-17 16:31:03,Verbal Warning,,,False,1.0,CT0014000,20250718030005000001,2025-07-17 16:31:03,16:31:03,2025,,,,2025,Stop Sign
2025-07-23 03:00:09.040000,7579887.0,CT0014000,Thomaston,Racial Profile,06,25-12950,Case No.,2025-07-17 00:00:00,July,B,N,M,30,True,False, Thomaston,Branch Road (Rt. 109),  ,  ,V,B,1.0,0,14-218a,,False,N,False,False,V,2025-07-17 00:22:48,Verbal Warning,,,False,1.0,CT0014000,20250723030005000001,2025-07-17 00:22:48,00:22:48,2025,,,,2025,Speed Related
2025-07-18 03:00:09.307000,7571355.0,CT0014000,Thomaston,Racial Profile,05,25-12997,Case No.,2025-07-17 00:00:00,July,W,N,M,0,True,True, Thomaston,Elm Street,  ,  ,V,G,1.0,0,14-301,,False,N,False,False,V,2025-07-17 16:48:27,Verbal Warning,,,False,1.0,CT0014000,20250718030005000001,2025-07-17 16:48:27,16:48:27,2025,,,,2025,Stop Sign
2025-07-18 03:00:09.320000,7571356.0,CT0014000,Thomaston,Racial Profile,05,25-12999,Case No.,2025-07-17 00:00:00,July,W,N,M,31,True,False, Thomaston,Elm Street,  ,  ,V,G,1.0,0,14-301,,False,N,False,False,V,2025-07-17 17:14:08,Verbal Warning,,,False,1.0,CT0014000,20250718030005000001,2025-07-17 17:14:08,17:14:08,2025,,,,2025,Stop Sign
2025-07-18 03:00:09.297000,7571354.0,CT0014000,Thomaston,Racial Profile,S3,25-12996,Case No.,2025-07-17 00:00:00,July,B,N,M,44,True,False, Thomaston,Clay Street,  ,  ,V,G,1.0,0,14-218a10,,False,N,False,False,V,2025-07-17 16:41:00,Verbal Warning,,,False,1.0,CT0014000,20250718030005000001,2025-07-17 16:41:00,16:41:00,2025,,,,2025,Speed Related
2025-07-20 03:00:08.930000,7575796.0,CT0014000,Thomaston,Racial Profile,S3,25-12998,Case No.,2025-07-17 00:00:00,July,W,N,M,78,True,True, Thomaston,South Main Street (Rt. 848),  ,  ,V,G,2.0,1,14-218a10,,True,I,False,True,M,2025-07-17 17:03:43,Misdemeanor Summons,,,False,1.0,CT0014000,20250720030006000001,2025-07-17 17:03:43,17:03:43,2025,,,,2025,Speed Related
2025-07-18 03:00:09.347000,7571357.0,CT0014000,Thomaston,Racial Profile,03,25-13029,Case No.,2025-07-18 00:00:00,July,W,N,M,30,False,False, Thomaston,Branch Road (Rt. 109),  ,  ,V,B,1.0,0,14-218a,,False,N,False,False,V,2025-07-18 01:34:10,Verbal Warning,,,False,1.0,CT0014000,20250718030005000001,2025-07-18 01:34:10,01:34:10,2025,,,,2025,Speed Related
2025-07-19 03:00:09.153000,7574476.0,CT0014000,Thomaston,Racial Profile,03,25-13110,Case No.,2025-07-18 00:00:00,July,W,N,M,33,True,False, Thomaston,Branch Road (Rt. 109),  ,  ,V,B,1.0,0,14-219(b),,False,N,False,False,V,2025-07-18 23:22:05,Verbal Warning,,,False,1.0,CT0014000,20250719030005000001,2025-07-18 23:22:05,23:22:05,2025,,,,2025,Speed Related
2025-07-23 03:00:09.043000,7579888.0,CT0014000,Thomaston,Racial Profile,06,25-13030,Case No.,2025-07-18 00:00:00,July,W,N,M,48,True,False, Thomaston,Branch Road (Rt. 109),  ,  ,V,B,1.0,0,14-218a,,False,N,False,False,V,2025-07-18 01:56:37,Verbal Warning,,,False,1.0,CT0014000,20250723030005000001,2025-07-18 01:56:37,01:56:37,2025,,,,2025,Speed Related
2025-07-19 03:00:09.137000,7574473.0,CT0014000,Thomaston,Racial Profile,03,25-13033,Case No.,2025-07-18 00:00:00,July,W,N,M,26,True,False, Thomaston,North Main Street,  ,  ,V,B,1.0,0,14-218a,,False,N,False,False,V,2025-07-18 02:31:16,Verbal Warning,,,False,1.0,CT0014000,20250719030005000001,2025-07-18 02:31:16,02:31:16,2025,,,,2025,Speed Related
2025-07-19 03:00:09.147000,7574475.0,CT0014000,Thomaston,Racial Profile,05,25-13075,Case No.,2025-07-18 00:00:00,July,W,N,M,67,True,True, Thomaston,Elm Street,  ,  ,V,G,1.0,0,14-301,,False,N,False,False,V,2025-07-18 15:31:25,Verbal Warning,,,False,1.0,CT0014000,20250719030005000001,2025-07-18 15:31:25,15:31:25,2025,,,,2025,Stop Sign
2025-07-20 03:00:08.940000,7575797.0,CT0014000,Thomaston,Racial Profile,S3,25-13088,Case No.,2025-07-18 00:00:00,July,W,N,M,45,True,True, Thomaston,Hickory Hill Road,  ,  ,V,G,2.0,1,14-218a10,,True,I,False,True,M,2025-07-18 16:39:52,Misdemeanor Summons,,,False,1.0,CT0014000,20250720030006000001,2025-07-18 16:39:52,16:39:52,2025,,,,2025,Speed Related
2025-07-19 03:00:09.140000,7574474.0,CT0014000,Thomaston,Racial Profile,05,25-13072,Case No.,2025-07-18 00:00:00,July,W,N,F,32,True,False, Thomaston,Elm Street,  ,  ,V,G,1.0,0,14-301,,False,N,False,False,V,2025-07-18 15:21:45,Verbal Warning,,,False,1.0,CT0014000,20250719030005000001,2025-07-18 15:21:45,15:21:45,2025,,,,2025,Stop Sign
2025-07-22 03:00:09.043000,7578554.0,CT0014000,Thomaston,Racial Profile,05,25-13076,Case No.,2025-07-18 00:00:00,July,W,N,M,65,True,True, Thomaston,Elm Street,  ,  ,V,G,1.0,0,14-301,,False,N,False,False,V,2025-07-18 15:41:40,Verbal Warning,,,False,1.0,CT0014000,20250722030005000001,2025-07-18 15:41:40,15:41:40,2025,,,,2025,Stop Sign
2025-07-20 03:00:08.947000,7575798.0,CT0014000,Thomaston,Racial Profile,S3,25-13089,Case No.,2025-07-18 00:00:00,July,W,N,M,41,True,True, Thomaston,Trestle Lane,  ,  ,V,G,2.0,1,14-219,,True,I,False,True,M,2025-07-18 16:48:00,Misdemeanor Summons,,,False,1.0,CT0014000,20250720030006000001,2025-07-18 16:48:00,16:48:00,2025,14-215(a),,,2025,Speed Related
2025-07-23 03:00:09.063000,7579890.0,CT0014000,Thomaston,Racial Profile,03,25-13180,Case No.,2025-07-19 00:00:00,July,W,N,F,35,True,True, Thomaston,Reynolds Bridge Road,  ,  ,V,G,1.0,0,14-96y,,False,N,False,False,V,2025-07-19 23:41:36,Verbal Warning,,,False,1.0,CT0014000,20250723030005000001,2025-07-19 23:41:36,23:41:36,2025,,,,2025,Defective Lights
2025-07-20 03:00:09,7575802.0,CT0014000,Thomaston,Racial Profile,S3,25-13155,Case No.,2025-07-19 00:00:00,July,W,N,M,22,True,False, Thomaston,Hickory Hill Road,  ,  ,V,G,1.0,0,14-218a,,False,N,False,False,V,2025-07-19 16:37:01,Verbal Warning,,,False,1.0,CT0014000,20250720030006000001,2025-07-19 16:37:01,16:37:01,2025,,,,2025,Speed Related
2025-07-20 03:00:09.007000,7575803.0,CT0014000,Thomaston,Racial Profile,S3,25-13158,Case No.,2025-07-19 00:00:00,July,W,N,F,27,True,False, Thomaston,Hickory Hill Road,  ,  ,V,G,1.0,0,14-218a,,False,N,False,False,V,2025-07-19 17:22:09,Verbal Warning,,,False,1.0,CT0014000,20250720030006000001,2025-07-19 17:22:09,17:22:09,2025,,,,2025,Speed Related
2025-07-21 03:00:08.060000,7577106.0,CT0014000,Thomaston,Racial Profile,S3,25-13160,Case No.,2025-07-19 00:00:00,July,W,N,M,17,True,True, Thomaston,Hickory Hill Road,  ,  ,V,G,1.0,0,14-218a,,False,N,False,False,V,2025-07-19 17:28:55,Verbal Warning,,,False,1.0,CT0014000,20250721030005000001,2025-07-19 17:28:55,17:28:55,2025,,,,2025,Speed Related
2025-07-20 03:00:08.950000,7575799.0,CT0014000,Thomaston,Racial Profile,01,25-13128,Case No.,2025-07-19 00:00:00,July,W,N,M,49,True,False, Thomaston,Branch Road (Rt. 109),  ,  ,V,G,1.0,0,14-219(b),,False,N,False,False,V,2025-07-19 08:18:10,Verbal Warning,,,False,1.0,CT0014000,20250720030006000001,2025-07-19 08:18:10,08:18:10,2025,,,,2025,Speed Related
2025-07-23 03:00:09.053000,7579889.0,CT0014000,Thomaston,Racial Profile,03,25-13179,Case No.,2025-07-19 00:00:00,July,W,N,M,0,True,True, Thomaston,Watertown Road (Rt. 810),  ,  ,V,B,1.0,0,14-219(b),,False,N,False,False,V,2025-07-19 23:30:01,Verbal Warning,,,False,1.0,CT0014000,20250723030005000001,2025-07-19 23:30:01,23:30:01,2025,,,,2025,Speed Related
2025-07-20 03:00:09.017000,7575804.0,CT0014000,Thomaston,Racial Profile,08,25-13178,Case No.,2025-07-19 00:00:00,July,W,M,M,22,True,False, Thomaston,Northfield Road (Rt. 254),  ,  ,V,G,1.0,0,14-218a,,False,N,False,False,V,2025-07-19 23:27:20,Verbal Warning,,,False,1.0,CT0014000,20250720030006000001,2025-07-19 23:27:20,23:27:20,2025,,,,2025,Speed Related
2025-07-20 03:00:08.973000,7575800.0,CT0014000,Thomaston,Racial Profile,04,25-13148,Case No.,2025-07-19 00:00:00,July,W,N,F,57,True,True, Thomaston,Clay Street,  ,  ,V,G,1.0,0,14-218a,,False,N,False,False,V,2025-07-19 15:43:39,Verbal Warning,,,False,1.0,CT0014000,20250720030006000001,2025-07-19 15:43:39,15:43:39,2025,,,,2025,Speed Related
2025-07-20 03:00:08.983000,7575801.0,CT0014000,Thomaston,Racial Profile,04,25-13150,Case No.,2025-07-19 00:00:00,July,W,N,F,28,True,True, Thomaston,Elm Street,  ,  ,V,G,1.0,0,14-218a,,False,N,False,False,V,2025-07-19 16:04:22,Verbal Warning,,,False,1.0,CT0014000,20250720030006000001,2025-07-19 16:04:22,16:04:22,2025,,,,2025,Speed Related
2025-07-21 03:00:08.080000,7577110.0,CT0014000,Thomaston,Racial Profile,02,25-13235,Case No.,2025-07-20 00:00:00,July,W,N,F,22,True,False, Thomaston,East Main Street (Rt. 6),  ,  ,V,G,1.0,0,14-218a,,False,N,False,False,V,2025-07-20 12:49:13,Verbal Warning,,,False,1.0,CT0014000,20250721030005000001,2025-07-20 12:49:13,12:49:13,2025,,,,2025,Speed Related
2025-07-21 03:00:08.090000,7577111.0,CT0014000,Thomaston,Racial Profile,02,25-13237,Case No.,2025-07-20 00:00:00,July,W,N,M,54,True,False, Thomaston,Elm Street,  ,  ,V,G,1.0,0,14-218a10,,False,N,False,False,V,2025-07-20 13:02:12,Verbal Warning,,,False,1.0,CT0014000,20250721030005000001,2025-07-20 13:02:12,13:02:12,2025,,,,2025,Speed Related
2025-08-01 03:00:08.820000,7591852.0,CT0014000,Thomaston,Racial Profile,04,25-13244,Case No.,2025-07-20 00:00:00,July,W,H,M,60,True,True, Thomaston,Clay Street,  ,  ,V,G,1.0,0,14-218a,,False,N,False,False,V,2025-07-20 15:25:19,Verbal Warning,,,False,1.0,CT0014000,20250801030005000001,2025-07-20 15:25:19,15:25:19,2025,,,,2025,Speed Related
2025-08-01 03:00:08.833000,7591853.0,CT0014000,Thomaston,Racial Profile,04,25-13245,Case No.,2025-07-20 00:00:00,July,W,H,M,30,True,True, Thomaston,Clay Street,  ,  ,V,G,1.0,0,14-218a,,False,N,False,False,V,2025-07-20 15:36:45,Verbal Warning,,,False,1.0,CT0014000,20250801030005000001,2025-07-20 15:36:45,15:36:45,2025,,,,2025,Speed Related
2025-07-24 03:00:09.490000,7581218.0,CT0014000,Thomaston,Racial Profile,S3,25-13216,Case No.,2025-07-20 00:00:00,July,W,H,M,38,True,False, Thomaston,Hickory Hill Road,  ,  ,V,G,1.0,0,14-218a10,,False,N,False,False,V,2025-07-20 11:41:43,Verbal Warning,,,False,1.0,CT0014000,20250724030005000001,2025-07-20 11:41:43,11:41:43,2025,,,,2025,Speed Related
2025-07-21 03:00:08.067000,7577107.0,CT0014000,Thomaston,Racial Profile,S3,25-13213,Case No.,2025-07-20 00:00:00,July,W,N,M,23,True,True, Thomaston,Hickory Hill Road,  ,  ,V,G,1.0,0,14-218a10,,False,N,False,False,V,2025-07-20 11:11:04,Verbal Warning,,,False,1.0,CT0014000,20250721030005000001,2025-07-20 11:11:04,11:11:04,2025,,,,2025,Speed Related
2025-07-21 03:00:08.070000,7577108.0,CT0014000,Thomaston,Racial Profile,S3,25-13214,Case No.,2025-07-20 00:00:00,July,W,N,F,75,True,True, Thomaston,Hickory Hill Road,  ,  ,V,G,1.0,0,14-218a10,,False,N,False,False,V,2025-07-20 11:18:41,Verbal Warning,,,False,1.0,CT0014000,20250721030005000001,2025-07-20 11:18:41,11:18:41,2025,,,,2025,Speed Related
2025-07-24 03:00:09.490000,7581219.0,CT0014000,Thomaston,Racial Profile,S3,25-13217,Case No.,2025-07-20 00:00:00,July,W,N,F,26,True,True, Thomaston,Hickory Hill Road,  ,  ,V,G,1.0,0,14-218a10,,False,N,False,False,V,2025-07-20 11:55:19,Verbal Warning,,,False,1.0,CT0014000,20250724030005000001,2025-07-20 11:55:19,11:55:19,2025,,,,2025,Speed Related
2025-07-21 03:00:08.077000,7577109.0,CT0014000,Thomaston,Racial Profile,S3,25-13215,Case No.,2025-07-20 00:00:00,July,W,N,F,46,True,True, Thomaston,Hickory Hill Road,  ,  ,V,G,1.0,0,14-218A,,False,N,False,False,V,2025-07-20 11:30:09,Verbal Warning,,,False,1.0,CT0014000,20250721030005000001,2025-07-20 11:30:09,11:30:09,2025,,,,2025,Speed Related
2025-07-26 03:00:07.867000,7583824.0,CT0014000,Thomaston,Racial Profile,02,25-13303,Case No.,2025-07-21 00:00:00,July,W,N,F,24,True,False, Thomaston,East Main Street (Rt. 6),  ,  ,V,G,1.0,0,14-218a,,False,N,False,False,V,2025-07-21 10:18:41,Verbal Warning,,,False,1.0,CT0014000,20250726030005000001,2025-07-21 10:18:41,10:18:41,2025,,,,2025,Speed Related
2025-07-22 03:00:09.080000,7578558.0,CT0014000,Thomaston,Racial Profile,05,25-13335,Case No.,2025-07-21 00:00:00,July,W,N,M,47,True,False, Thomaston,Elm Street,  ,  ,V,G,1.0,0,14-301,,False,N,False,False,V,2025-07-21 17:46:23,Verbal Warning,,,False,1.0,CT0014000,20250722030005000001,2025-07-21 17:46:23,17:46:23,2025,,,,2025,Stop Sign
2025-07-22 03:00:09.087000,7578559.0,CT0014000,Thomaston,Racial Profile,05,25-13336,Case No.,2025-07-21 00:00:00,July,W,N,M,62,True,False, Thomaston,Elm Street,  ,  ,V,G,1.0,0,14-301,,False,N,False,False,V,2025-07-21 18:01:03,Verbal Warning,,,False,1.0,CT0014000,20250722030005000001,2025-07-21 18:01:03,18:01:03,2025,,,,2025,Stop Sign
2025-07-22 03:00:09.060000,7578555.0,CT0014000,Thomaston,Racial Profile,02,25-13300,Case No.,2025-07-21 00:00:00,July,W,N,F,62,True,False, Thomaston,North Main Street,  ,  ,V,G,1.0,0,14-218a,,False,N,False,False,V,2025-07-21 09:44:58,Verbal Warning,,,False,1.0,CT0014000,20250722030005000001,2025-07-21 09:44:58,09:44:58,2025,,,,2025,Speed Related
2025-07-22 03:00:09.073000,7578556.0,CT0014000,Thomaston,Racial Profile,02,25-13301,Case No.,2025-07-21 00:00:00,July,W,N,F,25,True,False, Thomaston,East Main Street (Rt. 6),  ,  ,V,G,1.0,0,14-218a10,,False,N,False,False,V,2025-07-21 10:06:50,Verbal Warning,,,False,1.0,CT0014000,20250722030005000001,2025-07-21 10:06:50,10:06:50,2025,,,,2025,Speed Related
2025-08-01 03:00:08.850000,7591855.0,CT0014000,Thomaston,Racial Profile,04,25-13328,Case No.,2025-07-21 00:00:00,July,W,H,F,62,True,True, Thomaston,High Street,  ,  ,V,G,1.0,0,14-218a10,,False,N,False,False,V,2025-07-21 15:36:58,Verbal Warning,,,False,1.0,CT0014000,20250801030005000001,2025-07-21 15:36:58,15:36:58,2025,,,,2025,Speed Related
2025-08-01 03:00:08.847000,7591854.0,CT0014000,Thomaston,Racial Profile,04,25-13327,Case No.,2025-07-21 00:00:00,July,W,H,M,24,True,True, Thomaston,High Street,  ,  ,V,G,1.0,0,14-218a10,,False,N,False,False,V,2025-07-21 15:21:07,Verbal Warning,,,False,1.0,CT0014000,20250801030005000001,2025-07-21 15:21:07,15:21:07,2025,,,,2025,Speed Related
2025-07-22 03:00:09.077000,7578557.0,CT0014000,Thomaston,Racial Profile,05,25-13334,Case No.,2025-07-21 00:00:00,July,B,N,M,49,True,False, Thomaston,Elm Street,  ,  ,V,G,1.0,0,14-301,,False,N,False,False,V,2025-07-21 17:41:24,Verbal Warning,,,False,1.0,CT0014000,20250722030005000001,2025-07-21 17:41:24,17:41:24,2025,,,,2025,Stop Sign
2025-07-23 03:00:09.093000,7579894.0,CT0014000,Thomaston,Racial Profile,03,25-13434,Case No.,2025-07-22 00:00:00,July,W,N,M,20,True,True, Thomaston,Branch Road (Rt. 109),  ,  ,V,B,1.0,0,14-218a,,False,N,False,False,V,2025-07-22 23:02:02,Verbal Warning,,,False,1.0,CT0014000,20250723030005000001,2025-07-22 23:02:02,23:02:02,2025,,,,2025,Speed Related
2025-07-23 03:00:09.117000,7579896.0,CT0014000,Thomaston,Racial Profile,03,25-13441,Case No.,2025-07-22 00:00:00,July,W,N,M,54,True,False, Thomaston,Branch Road (Rt. 109),  ,  ,V,B,1.0,0,14-219(b),,False,N,False,False,V,2025-07-22 23:28:42,Verbal Warning,,,False,1.0,CT0014000,20250723030005000001,2025-07-22 23:28:42,23:28:42,2025,,,,2025,Speed Related
2025-07-23 03:00:09.067000,7579891.0,CT0014000,Thomaston,Racial Profile,05,25-13406,Case No.,2025-07-22 00:00:00,July,W,N,M,88,True,False, Thomaston,Elm Street,  ,  ,V,G,1.0,0,14-301,,False,N,False,False,V,2025-07-22 15:05:29,Verbal Warning,,,False,1.0,CT0014000,20250723030005000001,2025-07-22 15:05:29,15:05:29,2025,,,,2025,Stop Sign
2025-07-24 03:00:09.497000,7581220.0,CT0014000,Thomaston,Racial Profile,06,25-13443,Case No.,2025-07-22 00:00:00,July,W,N,M,23,True,False, Thomaston,Branch Road (Rt. 109),  ,  ,V,B,1.0,0,14-218a,,False,N,False,False,N,2025-07-22 23:57:37,No Disposition,,,False,1.0,CT0014000,20250724030005000001,2025-07-22 23:57:37,23:57:37,2025,,,,2025,Speed Related
2025-07-23 03:00:09.080000,7579892.0,CT0014000,Thomaston,Racial Profile,05,25-13407,Case No.,2025-07-22 00:00:00,July,W,N,F,74,True,False, Thomaston,Elm Street,  ,  ,V,G,1.0,0,14-301,,False,N,False,False,V,2025-07-22 15:11:41,Verbal Warning,,,False,1.0,CT0014000,20250723030005000001,2025-07-22 15:11:41,15:11:41,2025,,,,2025,Stop Sign
2025-07-23 03:00:09.100000,7579895.0,CT0014000,Thomaston,Racial Profile,06,25-13439,Case No.,2025-07-22 00:00:00,July,B,N,M,28,True,False, Thomaston,Branch Road (Rt. 109),  ,  ,V,B,1.0,0,14-218a,,False,N,False,False,V,2025-07-22 23:10:16,Verbal Warning,,,False,1.0,CT0014000,20250723030005000001,2025-07-22 23:10:16,23:10:16,2025,,,,2025,Speed Related
2025-08-01 03:00:08.863000,7591856.0,CT0014000,Thomaston,Racial Profile,04,25-13409,Case No.,2025-07-22 00:00:00,July,W,H,M,28,True,True, Thomaston,Clay Street,  ,  ,V,G,1.0,0,14-218a10,,False,N,False,False,V,2025-07-22 15:25:53,Verbal Warning,,,False,1.0,CT0014000,20250801030005000001,2025-07-22 15:25:53,15:25:53,2025,,,,2025,Speed Related
2025-07-23 03:00:09.090000,7579893.0,CT0014000,Thomaston,Racial Profile,05,25-13410,Case No.,2025-07-22 00:00:00,July,W,N,M,73,True,False, Thomaston,Elm Street,  ,  ,V,G,1.0,0,14-301,,False,N,False,False,V,2025-07-22 15:33:12,Verbal Warning,,,False,1.0,CT0014000,20250723030005000001,2025-07-22 15:33:12,15:33:12,2025,,,,2025,Stop Sign
2025-07-23 03:00:09.120000,7579897.0,CT0014000,Thomaston,Racial Profile,03,25-13444,Case No.,2025-07-23 00:00:00,July,W,N,M,19,True,False, Thomaston,Branch Road (Rt. 109),  ,  ,V,B,1.0,0,14-219(b),,False,N,False,False,V,2025-07-23 00:58:03,Verbal Warning,,,False,1.0,CT0014000,20250723030005000001,2025-07-23 00:58:03,00:58:03,2025,,,,2025,Speed Related
2025-07-24 03:00:09.500000,7581221.0,CT0014000,Thomaston,Racial Profile,S2,25-13502,Case No.,2025-07-23 00:00:00,July,W,N,M,26,True,True, Thomaston,Clay Street,  ,  ,V,G,1.0,0,14-218a10,,False,N,False,False,V,2025-07-23 17:09:00,Verbal Warning,,,False,1.0,CT0014000,20250724030005000001,2025-07-23 17:09:00,17:09:00,2025,,,,2025,Speed Related
2025-07-24 03:00:09.503000,7581222.0,CT0014000,Thomaston,Racial Profile,S2,25-13503,Case No.,2025-07-23 00:00:00,July,W,N,F,52,True,True, Thomaston,Clay Street,  ,  ,V,G,1.0,0,14-218a10,,False,N,False,False,V,2025-07-23 17:15:01,Verbal Warning,,,False,1.0,CT0014000,20250724030005000001,2025-07-23 17:15:01,17:15:01,2025,,,,2025,Speed Related
2025-07-25 03:00:10.343000,7582528.0,CT0014000,Thomaston,Racial Profile,S2,25-13545,Case No.,2025-07-24 00:00:00,July,W,N,F,30,True,True, Thomaston,Sanford Avenue,  ,  ,V,G,1.0,0,14-218a,,False,N,False,False,V,2025-07-24 15:49:41,Verbal Warning,,,False,1.0,CT0014000,20250725030005000001,2025-07-24 15:49:41,15:49:41,2025,,,,2025,Speed Related
2025-07-24 03:00:09.507000,7581223.0,CT0014000,Thomaston,Racial Profile,03,25-13510,Case No.,2025-07-24 00:00:00,July,W,N,F,21,True,True, Thomaston,Branch Road (Rt. 109),  ,  ,V,B,1.0,0,14-219(b),,False,N,False,False,V,2025-07-24 00:25:34,Verbal Warning,,,False,1.0,CT0014000,20250724030005000001,2025-07-24 00:25:34,00:25:34,2025,,,,2025,Speed Related
2025-07-26 03:00:07.870000,7583825.0,CT0014000,Thomaston,Racial Profile,03,25-13575,Case No.,2025-07-24 00:00:00,July,B,N,F,57,True,False, Thomaston,Branch Road (Rt. 109),  ,  ,V,B,1.0,0,14-219(b),,False,N,False,False,V,2025-07-24 23:26:37,Verbal Warning,,,False,1.0,CT0014000,20250726030005000001,2025-07-24 23:26:37,23:26:37,2025,,,,2025,Speed Related
2025-07-25 03:00:10.337000,7582527.0,CT0014000,Thomaston,Racial Profile,S2,25-13544,Case No.,2025-07-24 00:00:00,July,W,N,F,24,True,True, Thomaston,Sanford Avenue,  ,  ,V,G,1.0,0,14-218a,,False,N,False,False,V,2025-07-24 15:45:05,Verbal Warning,,,False,1.0,CT0014000,20250725030005000001,2025-07-24 15:45:05,15:45:05,2025,,,,2025,Speed Related
2025-08-05 03:00:08.247000,7598002.0,CT0014000,Thomaston,Racial Profile,S3,25-13512,Case No.,2025-07-24 00:00:00,July,W,N,M,70,True,False, Thomaston,Watertown Road (Rt. 810),  ,  ,E,G,1.0,0,14-147(c),,False,N,False,False,V,2025-07-24 06:10:40,Verbal Warning,,,False,1.0,CT0014000,20250805030005000001,2025-07-24 06:10:40,06:10:40,2025,,,,2025,Administrative Offense
2025-07-26 03:00:07.917000,7583830.0,CT0014000,Thomaston,Racial Profile,01,25-13613,Case No.,2025-07-25 00:00:00,July,W,N,F,27,True,True, Thomaston,Clay Street,  ,  ,V,G,1.0,0,14-218a,,False,N,False,False,V,2025-07-25 10:29:43,Verbal Warning,,,False,1.0,CT0014000,20250726030005000001,2025-07-25 10:29:43,10:29:43,2025,,,,2025,Speed Related
2025-07-26 03:00:07.877000,7583826.0,CT0014000,Thomaston,Racial Profile,02,25-13605,Case No.,2025-07-25 00:00:00,July,W,N,F,34,True,False, Thomaston,Branch Road (Rt. 109),  ,  ,V,G,1.0,0,14-218a,,False,N,False,False,V,2025-07-25 08:52:27,Verbal Warning,,,False,1.0,CT0014000,20250726030005000001,2025-07-25 08:52:27,08:52:27,2025,,,,2025,Speed Related
2025-08-01 03:00:08.873000,7591857.0,CT0014000,Thomaston,Racial Profile,04,25-13638,Case No.,2025-07-25 00:00:00,July,W,N,F,66,True,True, Thomaston,Clay Street,  ,  ,V,G,1.0,0,14-218a10,,False,N,False,False,V,2025-07-25 16:11:30,Verbal Warning,,,False,1.0,CT0014000,20250801030005000001,2025-07-25 16:11:30,16:11:30,2025,,,,2025,Speed Related
2025-08-01 03:00:08.900000,7591858.0,CT0014000,Thomaston,Racial Profile,04,25-13640,Case No.,2025-07-25 00:00:00,July,W,N,M,21,True,True, Thomaston,Elm Street,  ,  ,V,G,1.0,0,14-301,,False,N,False,False,V,2025-07-25 16:19:40,Verbal Warning,,,False,1.0,CT0014000,20250801030005000001,2025-07-25 16:19:40,16:19:40,2025,,,,2025,Stop Sign
2025-07-26 03:00:07.903000,7583829.0,CT0014000,Thomaston,Racial Profile,01,25-13612,Case No.,2025-07-25 00:00:00,July,W,N,M,80,True,True, Thomaston,Clay Street,  ,  ,V,G,1.0,0,14-218a,,False,N,False,False,V,2025-07-25 10:21:59,Verbal Warning,,,False,1.0,CT0014000,20250726030005000001,2025-07-25 10:21:59,10:21:59,2025,,,,2025,Speed Related
2025-07-26 03:00:07.883000,7583827.0,CT0014000,Thomaston,Racial Profile,02,25-13606,Case No.,2025-07-25 00:00:00,July,W,N,F,42,True,False, Thomaston,Branch Road (Rt. 109),  ,  ,V,G,1.0,0,14-218a,,False,N,False,False,V,2025-07-25 09:12:38,Verbal Warning,,,False,1.0,CT0014000,20250726030005000001,2025-07-25 09:12:38,09:12:38,2025,,,,2025,Speed Related
2025-07-26 03:00:07.900000,7583828.0,CT0014000,Thomaston,Racial Profile,02,25-13607,Case No.,2025-07-25 00:00:00,July,W,H,M,47,True,False, Thomaston,Branch Road (Rt. 109),  ,  ,V,G,1.0,0,14-218a,,False,N,False,False,V,2025-07-25 09:18:20,Verbal Warning,,,False,1.0,CT0014000,20250726030005000001,2025-07-25 09:18:20,09:18:20,2025,,,,2025,Speed Related
2025-07-29 03:00:09.337000,7587881.0,CT0014000,Thomaston,Racial Profile,03,25-13659,Case No.,2025-07-26 00:00:00,July,W,N,F,0,True,False, Thomaston,Branch Road (Rt. 109),  ,  ,V,B,1.0,0,14-219(b),,False,N,False,False,V,2025-07-26 01:45:22,Verbal Warning,,,False,1.0,CT0014000,20250729030005000001,2025-07-26 01:45:22,01:45:22,2025,,,,2025,Speed Related
2025-07-27 03:00:08.110000,7585171.0,CT0014000,Thomaston,Racial Profile,S3,25-13716,Case No.,2025-07-26 00:00:00,July,W,N,M,22,True,False, Thomaston,Branch Road (Rt. 109),  ,  ,E,B,1.0,0,14-218a,,False,N,False,False,V,2025-07-26 23:33:04,Verbal Warning,,,False,1.0,CT0014000,20250727030005000001,2025-07-26 23:33:04,23:33:04,2025,,,,2025,Speed Related
2025-07-27 03:00:08.097000,7585170.0,CT0014000,Thomaston,Racial Profile,02,25-13678,Case No.,2025-07-26 00:00:00,July,B,N,F,50,True,False, Thomaston,Branch Road (Rt. 109),  ,  ,V,G,1.0,0,14-218a,,False,N,False,False,V,2025-07-26 09:53:56,Verbal Warning,,,False,1.0,CT0014000,20250727030005000001,2025-07-26 09:53:56,09:53:56,2025,,,,2025,Speed Related
2025-08-01 03:00:08.913000,7591859.0,CT0014000,Thomaston,Racial Profile,04,25-13708,Case No.,2025-07-26 00:00:00,July,W,N,F,21,True,True, Thomaston,Elm Street,  ,  ,V,G,1.0,0,14-218a,,False,N,False,False,V,2025-07-26 16:51:40,Verbal Warning,,,False,1.0,CT0014000,20250801030005000001,2025-07-26 16:51:40,16:51:40,2025,,,,2025,Speed Related
2025-08-01 03:00:08.927000,7591860.0,CT0014000,Thomaston,Racial Profile,02,25-13733,Case No.,2025-07-27 00:00:00,July,W,M,M,51,True,False, Thomaston,Northfield Road (Rt. 254),  ,  ,V,G,1.0,0,14-218a,,False,N,False,False,V,2025-07-27 07:52:41,Verbal Warning,,,False,1.0,CT0014000,20250801030005000001,2025-07-27 07:52:41,07:52:41,2025,,,,2025,Speed Related
2025-08-05 03:00:08.257000,7598003.0,CT0014000,Thomaston,Racial Profile,S3,25-13723,Case No.,2025-07-27 00:00:00,July,W,N,F,18,True,False, Thomaston,Bayberry Drive,  ,  ,V,G,1.0,0,14-218a,,False,N,False,False,V,2025-07-27 02:03:48,Verbal Warning,,,False,1.0,CT0014000,20250805030005000001,2025-07-27 02:03:48,02:03:48,2025,,,,2025,Speed Related
2025-08-01 03:00:08.937000,7591861.0,CT0014000,Thomaston,Racial Profile,04,25-13795,Case No.,2025-07-28 00:00:00,July,W,N,M,17,True,True, Thomaston,Clay Street,  ,  ,V,G,1.0,0,14-218a,,False,N,False,False,V,2025-07-28 14:07:16,Verbal Warning,,,False,1.0,CT0014000,20250801030005000001,2025-07-28 14:07:16,14:07:16,2025,,,,2025,Speed Related
2025-07-29 03:00:09.360000,7587884.0,CT0014000,Thomaston,Racial Profile,05,25-13802,Case No.,2025-07-28 00:00:00,July,W,N,F,62,True,True, Thomaston,Elm Street,  ,  ,V,G,1.0,0,14-301,,False,N,False,False,V,2025-07-28 16:41:19,Verbal Warning,,,False,1.0,CT0014000,20250729030005000001,2025-07-28 16:41:19,16:41:19,2025,,,,2025,Stop Sign
2025-08-01 03:00:08.950000,7591862.0,CT0014000,Thomaston,Racial Profile,04,25-13806,Case No.,2025-07-28 00:00:00,July,W,N,M,44,True,True, Thomaston,Clay Street,  ,  ,V,G,1.0,0,14-218a10,,False,N,False,False,V,2025-07-28 16:54:32,Verbal Warning,,,False,1.0,CT0014000,20250801030005000001,2025-07-28 16:54:32,16:54:32,2025,,,,2025,Speed Related
2025-07-29 03:00:09.353000,7587883.0,CT0014000,Thomaston,Racial Profile,05,25-13800,Case No.,2025-07-28 00:00:00,July,W,N,F,42,True,True, Thomaston,Elm Street,  ,  ,V,G,1.0,0,14-301,,False,N,False,False,V,2025-07-28 16:15:01,Verbal Warning,,,False,1.0,CT0014000,20250729030005000001,2025-07-28 16:15:01,16:15:01,2025,,,,2025,Stop Sign
2025-07-29 03:00:09.347000,7587882.0,CT0014000,Thomaston,Racial Profile,05,25-13799,Case No.,2025-07-28 00:00:00,July,W,N,M,37,True,False, Thomaston,Elm Street,  ,  ,V,G,1.0,0,14-301,,False,N,False,False,V,2025-07-28 16:09:42,Verbal Warning,,,False,1.0,CT0014000,20250729030005000001,2025-07-28 16:09:42,16:09:42,2025,,,,2025,Stop Sign
2025-07-31 03:00:08.850000,7590527.0,CT0014000,Thomaston,Racial Profile,03,25-13824,Case No.,2025-07-29 00:00:00,July,W,N,F,0,True,False, Thomaston,Branch Road (Rt. 109),  ,  ,V,B,1.0,0,14-219(b),,False,N,False,False,V,2025-07-29 01:08:41,Verbal Warning,,,False,1.0,CT0014000,20250731030005000001,2025-07-29 01:08:41,01:08:41,2025,,,,2025,Speed Related
2025-07-30 03:00:08.673000,7589190.0,CT0014000,Thomaston,Racial Profile,05,25-13884,Case No.,2025-07-29 00:00:00,July,W,N,M,64,True,False, Thomaston,Elm Street,  ,  ,V,G,1.0,0,14-301,,False,N,False,False,V,2025-07-29 15:41:49,Verbal Warning,,,False,1.0,CT0014000,20250730030005000001,2025-07-29 15:41:49,15:41:49,2025,,,,2025,Stop Sign
2025-07-30 03:00:08.707000,7589193.0,CT0014000,Thomaston,Racial Profile,S2,25-13908,Case No.,2025-07-29 00:00:00,July,W,N,F,0,False,False, Thomaston,Hickory Hill Road,  ,  ,V,G,1.0,0,14-218a10,,False,N,False,False,V,2025-07-29 17:15:56,Verbal Warning,,,False,1.0,CT0014000,20250730030005000001,2025-07-29 17:15:56,17:15:56,2025,,,,2025,Speed Related
2025-07-30 03:00:08.713000,7589194.0,CT0014000,Thomaston,Racial Profile,S2,25-13909,Case No.,2025-07-29 00:00:00,July,W,N,M,20,True,True, Thomaston,Hickory Hill Road,  ,  ,V,G,1.0,0,14-218a10,,False,N,False,False,V,2025-07-29 17:24:59,Verbal Warning,,,False,1.0,CT0014000,20250730030005000001,2025-07-29 17:24:59,17:24:59,2025,,,,2025,Speed Related
2025-08-05 03:00:08.270000,7598004.0,CT0014000,Thomaston,Racial Profile,S3,25-13822,Case No.,2025-07-29 00:00:00,July,W,N,F,20,True,False, Thomaston,Branch Road (Rt. 109),  ,  ,V,G,1.0,0,14-218a,,False,N,False,False,V,2025-07-29 00:25:54,Verbal Warning,,,False,1.0,CT0014000,20250805030005000001,2025-07-29 00:25:54,00:25:54,2025,,,,2025,Speed Related
2025-07-30 03:00:08.680000,7589191.0,CT0014000,Thomaston,Racial Profile,05,25-13886,Case No.,2025-07-29 00:00:00,July,W,M,F,0,True,True, Thomaston,Elm Street,  ,  ,V,G,1.0,0,14-301,,False,N,False,False,V,2025-07-29 15:54:11,Verbal Warning,,,False,1.0,CT0014000,20250730030005000001,2025-07-29 15:54:11,15:54:11,2025,,,,2025,Stop Sign
2025-08-05 03:00:08.277000,7598005.0,CT0014000,Thomaston,Racial Profile,S3,25-13825,Case No.,2025-07-29 00:00:00,July,B,N,M,34,True,False, Thomaston,Branch Road (Rt. 109),  ,  ,V,B,1.0,0,14-218a,,False,N,False,False,V,2025-07-29 05:02:26,Verbal Warning,,,False,1.0,CT0014000,20250805030005000001,2025-07-29 05:02:26,05:02:26,2025,,,,2025,Speed Related
2025-07-31 03:00:08.840000,7590526.0,CT0014000,Thomaston,Racial Profile,03,25-13823,Case No.,2025-07-29 00:00:00,July,W,N,F,26,True,False, Thomaston,Branch Road (Rt. 109),  ,  ,V,B,1.0,0,14-219(b),,False,N,False,False,V,2025-07-29 00:33:50,Verbal Warning,,,False,1.0,CT0014000,20250731030005000001,2025-07-29 00:33:50,00:33:50,2025,,,,2025,Speed Related
2025-07-30 03:00:08.697000,7589192.0,CT0014000,Thomaston,Racial Profile,05,25-13887,Case No.,2025-07-29 00:00:00,July,W,N,M,66,True,False, Thomaston,Elm Street,  ,  ,V,G,1.0,0,14-301,,False,N,False,False,V,2025-07-29 16:06:10,Verbal Warning,,,False,1.0,CT0014000,20250730030005000001,2025-07-29 16:06:10,16:06:10,2025,,,,2025,Stop Sign
2025-07-31 03:00:08.830000,7590525.0,CT0014000,Thomaston,Racial Profile,03,25-13821,Case No.,2025-07-29 00:00:00,July,W,N,F,21,True,False, Thomaston,Branch Road (Rt. 109),  ,  ,V,B,1.0,0,14-219(b),,False,N,False,False,V,2025-07-29 00:18:15,Verbal Warning,,,False,1.0,CT0014000,20250731030005000001,2025-07-29 00:18:15,00:18:15,2025,,,,2025,Speed Related
2025-07-31 03:00:08.870000,7590530.0,CT0014000,Thomaston,Racial Profile,03,25-13926,Case No.,2025-07-30 00:00:00,July,W,N,M,30,True,False, Thomaston,Branch Road (Rt. 109),  ,  ,V,B,1.0,0,14-219(b),,False,N,False,False,V,2025-07-30 05:20:35,Verbal Warning,,,False,1.0,CT0014000,20250731030005000001,2025-07-30 05:20:35,05:20:35,2025,,,,2025,Speed Related
2025-07-31 03:00:08.907000,7590536.0,CT0014000,Thomaston,Racial Profile,05,25-13986,Case No.,2025-07-30 00:00:00,July,W,N,M,27,True,False, Thomaston,Elm Street,  ,  ,V,G,1.0,0,14-301,,False,N,False,False,V,2025-07-30 15:20:05,Verbal Warning,,,False,1.0,CT0014000,20250731030005000001,2025-07-30 15:20:05,15:20:05,2025,,,,2025,Stop Sign
2025-07-31 03:00:08.863000,7590529.0,CT0014000,Thomaston,Racial Profile,03,25-13925,Case No.,2025-07-30 00:00:00,July,W,N,M,27,True,False, Thomaston,Branch Road (Rt. 109),  ,  ,V,B,1.0,0,14-218a,,False,N,False,False,V,2025-07-30 05:02:48,Verbal Warning,,,False,1.0,CT0014000,20250731030005000001,2025-07-30 05:02:48,05:02:48,2025,,,,2025,Speed Related
2025-08-02 03:00:07.713000,7593853.0,CT0014000,Thomaston,Racial Profile,S2,25-13963,Case No.,2025-07-30 00:00:00,July,W,N,F,0,True,True, Thomaston,High Street Ext,  ,  ,V,G,1.0,0,14-218A,,False,N,False,False,V,2025-07-30 11:39:11,Verbal Warning,,,False,1.0,CT0014000,20250802030005000001,2025-07-30 11:39:11,11:39:11,2025,,,,2025,Speed Related
2025-08-02 03:00:07.723000,7593854.0,CT0014000,Thomaston,Racial Profile,S2,25-13964,Case No.,2025-07-30 00:00:00,July,W,N,F,0,True,True, Thomaston,Clay Street,  ,  ,V,G,1.0,0,14-218A,,False,N,False,False,V,2025-07-30 11:46:04,Verbal Warning,,,False,1.0,CT0014000,20250802030005000001,2025-07-30 11:46:04,11:46:04,2025,,,,2025,Speed Related
2025-07-31 03:00:08.910000,7590537.0,CT0014000,Thomaston,Racial Profile,05,25-13987,Case No.,2025-07-30 00:00:00,July,W,N,M,0,True,False, Thomaston,Elm Street,  ,  ,V,G,1.0,0,14-301,,False,N,False,False,V,2025-07-30 15:37:50,Verbal Warning,,,False,1.0,CT0014000,20250731030005000001,2025-07-30 15:37:50,15:37:50,2025,,,,2025,Stop Sign
2025-08-05 03:00:08.290000,7598006.0,CT0014000,Thomaston,Racial Profile,S3,25-13921,Case No.,2025-07-30 00:00:00,July,B,N,M,19,True,False, Thomaston,Branch Road (Rt. 109),  ,  ,V,B,1.0,0,14-218a,,False,N,False,False,V,2025-07-30 04:42:12,Verbal Warning,,,False,1.0,CT0014000,20250805030005000001,2025-07-30 04:42:12,04:42:12,2025,,,,2025,Speed Related
2025-08-05 03:00:08.300000,7598007.0,CT0014000,Thomaston,Racial Profile,S3,25-13923,Case No.,2025-07-30 00:00:00,July,B,N,F,65,True,False, Thomaston,Branch Road (Rt. 109),  ,  ,V,B,1.0,0,14-218a,,False,N,False,False,V,2025-07-30 04:56:53,Verbal Warning,,,False,1.0,CT0014000,20250805030005000001,2025-07-30 04:56:53,04:56:53,2025,,,,2025,Speed Related
2025-07-31 03:00:08.877000,7590531.0,CT0014000,Thomaston,Racial Profile,01,25-13956,Case No.,2025-07-30 00:00:00,July,W,N,F,41,True,False, Thomaston,Branch Road (Rt. 109),  ,  ,V,G,1.0,0,14-219b9,,False,N,False,False,W,2025-07-30 09:45:55,Written Ticket,,,False,1.0,CT0014000,20250731030005000001,2025-07-30 09:45:55,09:45:55,2025,,,,2025,Speed Related
2025-07-31 03:00:08.917000,7590538.0,CT0014000,Thomaston,Racial Profile,05,25-13988,Case No.,2025-07-30 00:00:00,July,W,N,M,0,True,False, Thomaston,Elm Street,  ,  ,V,G,1.0,0,14-301,,False,N,False,False,V,2025-07-30 15:50:19,Verbal Warning,,,False,1.0,CT0014000,20250731030005000001,2025-07-30 15:50:19,15:50:19,2025,,,,2025,Stop Sign
2025-07-31 03:00:08.890000,7590533.0,CT0014000,Thomaston,Racial Profile,S2,25-13958,Case No.,2025-07-30 00:00:00,July,W,N,F,55,True,False, Thomaston,main Street (Rt. 807),  ,  ,V,G,1.0,0,14-301,,False,N,False,False,V,2025-07-30 10:50:42,Verbal Warning,,,False,1.0,CT0014000,20250731030005000001,2025-07-30 10:50:42,10:50:42,2025,,,,2025,Stop Sign
2025-07-31 03:00:08.897000,7590534.0,CT0014000,Thomaston,Racial Profile,S2,25-13959,Case No.,2025-07-30 00:00:00,July,W,N,F,32,True,False, Thomaston,East Main Street (Rt. 222),  ,  ,V,G,1.0,0,15-144(c),,False,N,False,False,V,2025-07-30 10:58:06,Verbal Warning,,,False,1.0,CT0014000,20250731030005000001,2025-07-30 10:58:06,10:58:06,2025,,,,2025,Other
2025-07-31 03:00:08.880000,7590532.0,CT0014000,Thomaston,Racial Profile,01,25-13957,Case No.,2025-07-30 00:00:00,July,W,N,F,37,True,True, Thomaston,Branch Road (Rt. 109),  ,  ,V,G,1.0,0,14-219,,False,N,False,False,W,2025-07-30 10:17:51,Written Ticket,,,False,1.0,CT0014000,20250731030005000001,2025-07-30 10:17:51,10:17:51,2025,,,,2025,Speed Related
2025-07-31 03:00:08.857000,7590528.0,CT0014000,Thomaston,Racial Profile,03,25-13922,Case No.,2025-07-30 00:00:00,July,W,N,F,40,True,False, Thomaston,Branch Road (Rt. 109),  ,  ,V,B,1.0,0,14-218a,,False,N,False,False,V,2025-07-30 04:53:10,Verbal Warning,,,False,1.0,CT0014000,20250731030005000001,2025-07-30 04:53:10,04:53:10,2025,,,,2025,Speed Related
2025-07-31 03:00:08.900000,7590535.0,CT0014000,Thomaston,Racial Profile,S2,25-13962,Case No.,2025-07-30 00:00:00,July,W,N,F,62,True,True, Thomaston,Clay Street,  ,  ,V,G,1.0,0,14-218A,,False,N,False,False,V,2025-07-30 11:28:49,Verbal Warning,,,False,1.0,CT0014000,20250731030005000001,2025-07-30 11:28:49,11:28:49,2025,,,,2025,Speed Related
2025-08-01 03:00:08.967000,7591863.0,CT0014000,Thomaston,Racial Profile,02,25-14048,Case No.,2025-07-31 00:00:00,July,W,N,M,63,True,False, Thomaston,Main Street (Rt. 807),  ,  ,V,G,1.0,0,14-218a,,False,N,False,False,N,2025-07-31 10:01:32,No Disposition,,,False,1.0,CT0014000,20250801030005000001,2025-07-31 10:01:32,10:01:32,2025,,,,2025,Speed Related
2025-08-05 03:00:08.307000,7598008.0,CT0014000,Thomaston,Racial Profile,05,25-14013,Case No.,2025-07-31 00:00:00,July,W,N,F,0,True,False, Thomaston,Main Street (Rt. 807),  ,  ,V,G,1.0,0,14-301,,False,N,False,False,V,2025-07-31 00:10:50,Verbal Warning,,,False,1.0,CT0014000,20250805030005000001,2025-07-31 00:10:50,00:10:50,2025,,,,2025,Stop Sign
2025-08-01 03:00:09,7591865.0,CT0014000,Thomaston,Racial Profile,02,25-14050,Case No.,2025-07-31 00:00:00,July,W,N,M,42,True,False, Thomaston,Main Street (Rt. 807),  ,  ,V,G,1.0,0,14-218a,,False,N,False,False,N,2025-07-31 10:28:52,No Disposition,,,False,1.0,CT0014000,20250801030005000001,2025-07-31 10:28:52,10:28:52,2025,,,,2025,Speed Related
2025-08-01 03:00:08.977000,7591864.0,CT0014000,Thomaston,Racial Profile,02,25-14049,Case No.,2025-07-31 00:00:00,July,B,M,F,65,True,False, Thomaston,East Main Street (Rt. 222),  ,  ,V,G,1.0,0,14-218a,,False,N,False,False,V,2025-07-31 10:08:32,Verbal Warning,,,False,1.0,CT0014000,20250801030005000001,2025-07-31 10:08:32,10:08:32,2025,,,,2025,Speed Related
2025-08-02 03:00:07.733000,7593855.0,CT0014000,Thomaston,Racial Profile,02,25-14122,Case No.,2025-08-01 00:00:00,August,B,H,M,22,True,False, Thomaston,South Main Street (Rt. 848),  ,  ,V,G,1.0,0,14-299,,False,N,False,False,V,2025-08-01 07:37:29,Verbal Warning,,,False,1.0,CT0014000,20250802030005000001,2025-08-01 07:37:29,07:37:29,2025,,,,2025,Traffic Control Signal
2025-08-02 03:00:07.767000,7593857.0,CT0014000,Thomaston,Racial Profile,01,25-14144,Case No.,2025-08-01 00:00:00,August,W,N,F,61,True,False, Thomaston,Branch Road (Rt. 109),  ,  ,V,G,1.0,0,14-219(b),,False,N,False,False,V,2025-08-01 09:18:41,Verbal Warning,,,False,1.0,CT0014000,20250802030005000001,2025-08-01 09:18:41,09:18:41,2025,,,,2025,Speed Related
2025-08-02 03:00:07.810000,7593862.0,CT0014000,Thomaston,Racial Profile,04,25-14187,Case No.,2025-08-01 00:00:00,August,W,N,M,47,True,True, Thomaston,Clay Street,  ,  ,V,G,1.0,0,14-218a10,,False,N,False,False,V,2025-08-01 16:37:16,Verbal Warning,,,False,1.0,CT0014000,20250802030005000001,2025-08-01 16:37:16,16:37:16,2025,,,,2025,Speed Related
2025-08-02 03:00:07.787000,7593860.0,CT0014000,Thomaston,Racial Profile,S2,25-14183,Case No.,2025-08-01 00:00:00,August,W,N,M,56,True,True, Thomaston,Hickory Hill Road,  ,  ,V,G,1.0,0,14-218a10,,False,N,False,False,V,2025-08-01 16:18:41,Verbal Warning,,,False,1.0,CT0014000,20250802030005000001,2025-08-01 16:18:41,16:18:41,2025,,,,2025,Speed Related
2025-08-02 03:00:07.797000,7593861.0,CT0014000,Thomaston,Racial Profile,S2,25-14184,Case No.,2025-08-01 00:00:00,August,W,N,F,47,True,True, Thomaston,Trestle Lane,  ,  ,V,G,1.0,0,14-218a10,,False,N,False,False,V,2025-08-01 16:26:10,Verbal Warning,,,False,1.0,CT0014000,20250802030005000001,2025-08-01 16:26:10,16:26:10,2025,,,,2025,Speed Related
2025-08-07 03:00:08.597000,7600723.0,CT0014000,Thomaston,Racial Profile,01,25-14145,Case No.,2025-08-01 00:00:00,August,W,N,F,61,True,False, Thomaston,Branch Road (Rt. 109),  ,  ,V,G,1.0,0,14-219b10,,False,N,False,False,V,2025-08-01 09:30:37,Verbal Warning,,,False,1.0,CT0014000,20250807030005000001,2025-08-01 09:30:37,09:30:37,2025,,,,2025,Speed Related
2025-08-02 03:00:07.750000,7593856.0,CT0014000,Thomaston,Racial Profile,02,25-14142,Case No.,2025-08-01 00:00:00,August,W,N,M,60,True,False, Thomaston,North Main Street (Rt. 222),  ,  ,V,G,1.0,0,14-218a,,False,N,False,False,V,2025-08-01 09:11:56,Verbal Warning,,,False,1.0,CT0014000,20250802030005000001,2025-08-01 09:11:56,09:11:56,2025,,,,2025,Speed Related
2025-08-02 03:00:07.817000,7593863.0,CT0014000,Thomaston,Racial Profile,04,25-14188,Case No.,2025-08-01 00:00:00,August,W,N,F,21,True,True, Thomaston,Clay Street,  ,  ,V,G,1.0,0,14-218a10,,False,N,False,False,V,2025-08-01 16:46:57,Verbal Warning,,,False,1.0,CT0014000,20250802030005000001,2025-08-01 16:46:57,16:46:57,2025,,,,2025,Speed Related
2025-08-02 03:00:07.770000,7593858.0,CT0014000,Thomaston,Racial Profile,02,25-14143,Case No.,2025-08-01 00:00:00,August,W,H,F,36,True,False, Thomaston,Main Street (Rt. 807),  ,  ,V,G,1.0,0,14-218a10,,False,N,False,False,V,2025-08-01 09:15:58,Verbal Warning,,,False,1.0,CT0014000,20250802030005000001,2025-08-01 09:15:58,09:15:58,2025,,,,2025,Speed Related
2025-08-02 03:00:07.780000,7593859.0,CT0014000,Thomaston,Racial Profile,S2,25-14180,Case No.,2025-08-01 00:00:00,August,W,N,F,73,True,True, Thomaston,Hickory Hill Road,  ,  ,V,G,1.0,0,14-218a10,,False,N,False,False,V,2025-08-01 16:12:17,Verbal Warning,,,False,1.0,CT0014000,20250802030005000001,2025-08-01 16:12:17,16:12:17,2025,,,,2025,Speed Related
2025-08-03 03:00:08.400000,7595194.0,CT0014000,Thomaston,Racial Profile,02,25-14248,Case No.,2025-08-02 00:00:00,August,W,N,M,33,True,False, Thomaston,North Main Street,  ,  ,V,G,1.0,0,14-218a,,False,N,False,False,V,2025-08-02 11:37:26,Verbal Warning,,,False,1.0,CT0014000,20250803030005000001,2025-08-02 11:37:26,11:37:26,2025,,,,2025,Speed Related
2025-08-03 03:00:08.383000,7595193.0,CT0014000,Thomaston,Racial Profile,02,25-14247,Case No.,2025-08-02 00:00:00,August,W,N,F,72,True,True, Thomaston,High Street,  ,  ,V,G,1.0,0,14-218a,,False,N,False,False,V,2025-08-02 11:32:30,Verbal Warning,,,False,1.0,CT0014000,20250803030005000001,2025-08-02 11:32:30,11:32:30,2025,,,,2025,Speed Related
2025-08-05 03:00:08.313000,7598009.0,CT0014000,Thomaston,Racial Profile,05,25-14334,Case No.,2025-08-04 00:00:00,August,W,N,F,89,True,True, Thomaston,Elm Street,  ,  ,V,G,1.0,0,14-301,,False,N,False,False,V,2025-08-04 15:31:16,Verbal Warning,,,False,1.0,CT0014000,20250805030005000001,2025-08-04 15:31:16,15:31:16,2025,,,,2025,Stop Sign
2025-11-01 03:00:08.367000,7846533.0,CT0014000,Thomaston,Racial Profile,S1,25-14322,Case No.,2025-08-04 00:00:00,August,W,N,F,24,True,True, Thomaston,Waterbury Road (Rt. 262),  ,  ,V,G,1.0,0,14-299,,False,N,False,False,V,2025-08-04 09:59:16,Verbal Warning,,,False,1.0,CT0014000,20251101030005000001,2025-08-04 09:59:16,09:59:16,2025,,,,2025,Traffic Control Signal
2025-08-06 03:00:08.767000,7599376.0,CT0014000,Thomaston,Racial Profile,03,25-14352,Case No.,2025-08-04 00:00:00,August,W,N,F,20,True,False, Thomaston,Branch Road (Rt. 109),  ,  ,V,B,1.0,0,14-219(b),,False,N,False,False,V,2025-08-04 23:41:04,Verbal Warning,,,False,1.0,CT0014000,20250806030004000001,2025-08-04 23:41:04,23:41:04,2025,,,,2025,Speed Related
2025-08-06 03:00:08.777000,7599377.0,CT0014000,Thomaston,Racial Profile,S3,25-14353,Case No.,2025-08-04 00:00:00,August,W,N,F,20,True,False, Thomaston,Branch Road (Rt. 109),  ,  ,E,G,1.0,0,14-218a,,False,N,False,False,V,2025-08-04 23:47:06,Verbal Warning,,,False,1.0,CT0014000,20250806030004000001,2025-08-04 23:47:06,23:47:06,2025,,,,2025,Speed Related
2025-08-05 03:00:08.340000,7598012.0,CT0014000,Thomaston,Racial Profile,03,25-14351,Case No.,2025-08-04 00:00:00,August,W,N,M,0,False,False, Thomaston,Branch Road (Rt. 109),  ,  ,V,B,1.0,0,14-219(b),,False,N,False,False,V,2025-08-04 23:30:52,Verbal Warning,,,False,1.0,CT0014000,20250805030005000001,2025-08-04 23:30:52,23:30:52,2025,,,,2025,Speed Related
2025-08-05 03:00:08.333000,7598011.0,CT0014000,Thomaston,Racial Profile,05,25-14336,Case No.,2025-08-04 00:00:00,August,W,N,F,55,True,False, Thomaston,Elm Street,  ,  ,V,G,1.0,0,14-301,,False,N,False,False,V,2025-08-04 15:43:38,Verbal Warning,,,False,1.0,CT0014000,20250805030005000001,2025-08-04 15:43:38,15:43:38,2025,,,,2025,Stop Sign
2025-08-05 03:00:08.317000,7598010.0,CT0014000,Thomaston,Racial Profile,05,25-14335,Case No.,2025-08-04 00:00:00,August,W,N,F,39,True,False, Thomaston,Elm Street,  ,  ,V,G,1.0,0,14-301,,False,N,False,False,V,2025-08-04 15:37:18,Verbal Warning,,,False,1.0,CT0014000,20250805030005000001,2025-08-04 15:37:18,15:37:18,2025,,,,2025,Stop Sign
2025-08-06 03:00:08.793000,7599379.0,CT0014000,Thomaston,Racial Profile,05,25-14399,Case No.,2025-08-05 00:00:00,August,W,N,M,0,True,False, Thomaston,Union Street,  ,  ,V,G,1.0,0,14-301,,False,N,False,False,V,2025-08-05 16:33:01,Verbal Warning,,,False,1.0,CT0014000,20250806030004000001,2025-08-05 16:33:01,16:33:01,2025,,,,2025,Stop Sign
2025-08-06 03:00:08.827000,7599383.0,CT0014000,Thomaston,Racial Profile,03,25-14420,Case No.,2025-08-05 00:00:00,August,W,N,M,52,True,False, Thomaston,Branch Road (Rt. 109),  ,  ,V,G,1.0,0,14-96y,,False,N,False,False,V,2025-08-05 23:53:41,Verbal Warning,,,False,1.0,CT0014000,20250806030004000001,2025-08-05 23:53:41,23:53:41,2025,,,,2025,Defective Lights
2025-08-06 03:00:08.800000,7599380.0,CT0014000,Thomaston,Racial Profile,S2,25-14401,Case No.,2025-08-05 00:00:00,August,W,N,M,19,True,True, Thomaston,High Street Ext,  ,  ,V,G,1.0,0,14-218a,,False,N,False,False,V,2025-08-05 16:51:51,Verbal Warning,,,False,1.0,CT0014000,20250806030004000001,2025-08-05 16:51:51,16:51:51,2025,,,,2025,Speed Related
2025-08-06 03:00:08.820000,7599382.0,CT0014000,Thomaston,Racial Profile,05,25-14403,Case No.,2025-08-05 00:00:00,August,W,N,F,61,True,False, Thomaston,Union Street,  ,  ,V,G,1.0,0,14-301,,False,N,False,False,V,2025-08-05 17:13:39,Verbal Warning,,,False,1.0,CT0014000,20250806030004000001,2025-08-05 17:13:39,17:13:39,2025,,,,2025,Stop Sign
2025-08-06 03:00:08.813000,7599381.0,CT0014000,Thomaston,Racial Profile,S2,25-14402,Case No.,2025-08-05 00:00:00,August,W,N,F,39,True,False, Thomaston,Clay Street,  ,  ,V,G,1.0,0,14-218a,,False,N,False,False,V,2025-08-05 17:07:55,Verbal Warning,,,False,1.0,CT0014000,20250806030004000001,2025-08-05 17:07:55,17:07:55,2025,,,,2025,Speed Related
2025-08-06 03:00:08.783000,7599378.0,CT0014000,Thomaston,Racial Profile,05,25-14398,Case No.,2025-08-05 00:00:00,August,W,N,M,33,True,False, Thomaston,Elm Street,  ,  ,V,G,1.0,0,14-301,,False,N,False,False,V,2025-08-05 16:28:00,Verbal Warning,,,False,1.0,CT0014000,20250806030004000001,2025-08-05 16:28:00,16:28:00,2025,,,,2025,Stop Sign
2025-08-07 03:00:08.603000,7600724.0,CT0014000,Thomaston,Racial Profile,02,25-14447,Case No.,2025-08-06 00:00:00,August,W,N,M,68,True,False, Thomaston,Watertown Road (Rt. 6),  ,  ,V,G,1.0,0,14-218a,,False,N,False,False,V,2025-08-06 09:11:02,Verbal Warning,,,False,1.0,CT0014000,20250807030005000001,2025-08-06 09:11:02,09:11:02,2025,,,,2025,Speed Related
2025-08-20 03:00:08.483000,7659498.0,CT0014000,Thomaston,Racial Profile,02,25-14463,Case No.,2025-08-06 00:00:00,August,W,N,M,59,True,False, Thomaston,Branch Road (Rt. 109),  ,  ,V,G,1.0,0,14-218a,,False,N,False,False,V,2025-08-06 12:50:46,Verbal Warning,,,False,1.0,CT0014000,20250820030004000001,2025-08-06 12:50:46,12:50:46,2025,,,,2025,Speed Related
2025-08-06 03:00:08.833000,7599384.0,CT0014000,Thomaston,Racial Profile,03,25-14422,Case No.,2025-08-06 00:00:00,August,W,N,F,45,True,False, Thomaston,Branch Road (Rt. 109),  ,  ,V,B,1.0,0,14-219(b),,False,N,False,False,V,2025-08-06 00:04:36,Verbal Warning,,,False,1.0,CT0014000,20250806030004000001,2025-08-06 00:04:36,00:04:36,2025,,,,2025,Speed Related
2025-08-07 03:00:08.617000,7600726.0,CT0014000,Thomaston,Racial Profile,04,25-14462,Case No.,2025-08-06 00:00:00,August,W,N,F,25,True,False, Thomaston,Clay Street,  ,  ,V,G,1.0,0,14-218a10,,False,N,False,False,V,2025-08-06 12:49:58,Verbal Warning,,,False,1.0,CT0014000,20250807030005000001,2025-08-06 12:49:58,12:49:58,2025,,,,2025,Speed Related
2025-08-07 03:00:08.623000,7600727.0,CT0014000,Thomaston,Racial Profile,S2,25-14484,Case No.,2025-08-06 00:00:00,August,W,N,F,19,True,True, Thomaston,Sanford Avenue,  ,  ,V,G,1.0,0,14-218a10,,False,N,False,False,V,2025-08-06 17:44:19,Verbal Warning,,,False,1.0,CT0014000,20250807030005000001,2025-08-06 17:44:19,17:44:19,2025,,,,2025,Speed Related
2025-08-07 03:00:08.607000,7600725.0,CT0014000,Thomaston,Racial Profile,02,25-14461,Case No.,2025-08-06 00:00:00,August,W,N,F,20,True,False, Thomaston,Branch Road (Rt. 109),  ,  ,V,G,1.0,0,14-218a,,False,N,False,False,V,2025-08-06 12:39:08,Verbal Warning,,,False,1.0,CT0014000,20250807030005000001,2025-08-06 12:39:08,12:39:08,2025,,,,2025,Speed Related
2025-08-08 03:00:08.653000,7602117.0,CT0014000,Thomaston,Racial Profile,S2,25-14485,Case No.,2025-08-06 00:00:00,August,W,N,F,25,True,True, Thomaston,Sanford Avenue,  ,  ,V,G,1.0,0,14-218a10,,False,N,False,False,V,2025-08-06 18:02:57,Verbal Warning,,,False,1.0,CT0014000,20250808030005000001,2025-08-06 18:02:57,18:02:57,2025,,,,2025,Speed Related
2025-08-08 03:00:08.657000,7602118.0,CT0014000,Thomaston,Racial Profile,S2,25-14486,Case No.,2025-08-06 00:00:00,August,W,H,F,39,True,True, Thomaston,Clay Street,  ,  ,V,G,1.0,0,14-218a10,,False,N,False,False,V,2025-08-06 18:11:41,Verbal Warning,,,False,1.0,CT0014000,20250808030005000001,2025-08-06 18:11:41,18:11:41,2025,,,,2025,Speed Related
2025-08-08 03:00:08.670000,7602119.0,CT0014000,Thomaston,Racial Profile,S2,25-14531,Case No.,2025-08-07 00:00:00,August,W,N,M,84,True,True, Thomaston,Elm Street,  ,  ,V,G,1.0,0,14-301,,False,N,False,False,V,2025-08-07 15:26:09,Verbal Warning,,,False,1.0,CT0014000,20250808030005000001,2025-08-07 15:26:09,15:26:09,2025,,,,2025,Stop Sign
2025-08-09 03:00:08.713000,7603495.0,CT0014000,Thomaston,Racial Profile,04,25-14535,Case No.,2025-08-07 00:00:00,August,W,N,M,69,True,False, Thomaston,Clay Street,  ,  ,V,G,1.0,0,14-218a10,,False,N,False,False,V,2025-08-07 15:42:08,Verbal Warning,,,False,1.0,CT0014000,20250809030005000001,2025-08-07 15:42:08,15:42:08,2025,,,,2025,Speed Related
2025-08-09 03:00:08.717000,7603496.0,CT0014000,Thomaston,Racial Profile,05,25-14587,Case No.,2025-08-08 00:00:00,August,W,H,M,43,True,False, Thomaston,Elm Street,  ,  ,V,G,1.0,0,14-301,,False,N,False,False,V,2025-08-08 16:43:12,Verbal Warning,,,False,1.0,CT0014000,20250809030005000001,2025-08-08 16:43:12,16:43:12,2025,,,,2025,Stop Sign
2025-08-09 03:00:08.720000,7603497.0,CT0014000,Thomaston,Racial Profile,05,25-14588,Case No.,2025-08-08 00:00:00,August,W,H,F,30,True,False, Thomaston,Elm Street,  ,  ,V,G,1.0,0,14-301,,False,N,False,False,V,2025-08-08 16:52:49,Verbal Warning,,,False,1.0,CT0014000,20250809030005000001,2025-08-08 16:52:49,16:52:49,2025,,,,2025,Stop Sign
2025-08-09 03:00:08.723000,7603498.0,CT0014000,Thomaston,Racial Profile,05,25-14589,Case No.,2025-08-08 00:00:00,August,W,H,F,37,True,True, Thomaston,Elm Street,  ,  ,V,G,1.0,0,14-301,,False,N,False,False,V,2025-08-08 17:04:57,Verbal Warning,,,False,1.0,CT0014000,20250809030005000001,2025-08-08 17:04:57,17:04:57,2025,,,,2025,Stop Sign
2025-08-10 03:00:08.070000,7604836.0,CT0014000,Thomaston,Racial Profile,05,25-14632,Case No.,2025-08-09 00:00:00,August,W,N,F,59,True,False, Thomaston,Union Street,  ,  ,V,G,1.0,0,14-301,,False,N,False,False,V,2025-08-09 17:05:59,Verbal Warning,,,False,1.0,CT0014000,20250810030005000001,2025-08-09 17:05:59,17:05:59,2025,,,,2025,Stop Sign
2025-08-10 03:00:08.080000,7604837.0,CT0014000,Thomaston,Racial Profile,05,25-14634,Case No.,2025-08-09 00:00:00,August,W,N,F,49,True,True, Thomaston,Union Street,  ,  ,V,G,1.0,0,14-301,,False,N,False,False,V,2025-08-09 17:20:23,Verbal Warning,,,False,1.0,CT0014000,20250810030005000001,2025-08-09 17:20:23,17:20:23,2025,,,,2025,Stop Sign
2025-08-13 03:00:08.327000,7608969.0,CT0014000,Thomaston,Racial Profile,S3,25-14615,Case No.,2025-08-09 00:00:00,August,W,H,M,24,True,False, Thomaston,Branch Road (Rt. 109),  ,  ,V,B,1.0,0,14-218a,,False,N,False,False,V,2025-08-09 01:46:47,Verbal Warning,,,False,1.0,CT0014000,20250813030004000001,2025-08-09 01:46:47,01:46:47,2025,,,,2025,Speed Related
2025-08-11 03:00:09.197000,7606197.0,CT0014000,Thomaston,Racial Profile,05,25-14636,Case No.,2025-08-09 00:00:00,August,W,N,M,58,True,True, Thomaston,Union Street,  ,  ,V,G,1.0,0,14-301,,False,N,False,False,V,2025-08-09 18:03:11,Verbal Warning,,,False,1.0,CT0014000,20250811030004000001,2025-08-09 18:03:11,18:03:11,2025,,,,2025,Stop Sign
2025-08-11 03:00:09.217000,7606199.0,CT0014000,Thomaston,Racial Profile,05,25-14679,Case No.,2025-08-10 00:00:00,August,W,N,M,71,True,False, Thomaston,Union Street,  ,  ,V,G,1.0,0,14-301,,False,N,False,False,V,2025-08-10 17:54:09,Verbal Warning,,,False,1.0,CT0014000,20250811030004000001,2025-08-10 17:54:09,17:54:09,2025,,,,2025,Stop Sign
2025-08-11 03:00:09.210000,7606198.0,CT0014000,Thomaston,Racial Profile,05,25-14675,Case No.,2025-08-10 00:00:00,August,W,N,M,62,True,False, Thomaston,Union Street,  ,  ,V,G,1.0,0,14-301,,False,N,False,False,V,2025-08-10 17:41:32,Verbal Warning,,,False,1.0,CT0014000,20250811030004000001,2025-08-10 17:41:32,17:41:32,2025,14-12(a),,,2025,Stop Sign
2025-08-12 03:00:09.093000,7607617.0,CT0014000,Thomaston,Racial Profile,05,25-14685,Case No.,2025-08-10 00:00:00,August,W,N,M,26,True,False, Thomaston,Union Street,  ,  ,V,G,1.0,0,14-301,,False,N,False,False,V,2025-08-10 18:04:48,Verbal Warning,,,False,1.0,CT0014000,20250812030005000001,2025-08-10 18:04:48,18:04:48,2025,,,,2025,Stop Sign
2025-08-13 03:00:08.343000,7608970.0,CT0014000,Thomaston,Racial Profile,S3,25-14655,Case No.,2025-08-10 00:00:00,August,W,N,F,19,True,False, Thomaston,Hickory Hill Road,  ,  ,V,B,1.0,0,14-218a,,False,N,False,False,V,2025-08-10 01:18:30,Verbal Warning,,,False,1.0,CT0014000,20250813030004000001,2025-08-10 01:18:30,01:18:30,2025,,,,2025,Speed Related
2025-08-12 03:00:09.110000,7607619.0,CT0014000,Thomaston,Racial Profile,05,25-14739,Case No.,2025-08-11 00:00:00,August,W,N,M,0,True,False, Thomaston,Elm Street,  ,  ,V,G,1.0,0,14-301,,False,N,False,False,V,2025-08-11 16:51:41,Verbal Warning,,,False,1.0,CT0014000,20250812030005000001,2025-08-11 16:51:41,16:51:41,2025,,,,2025,Stop Sign
2025-08-12 03:00:09.113000,7607620.0,CT0014000,Thomaston,Racial Profile,05,25-14740,Case No.,2025-08-11 00:00:00,August,W,N,M,61,True,True, Thomaston,Elm Street,  ,  ,V,G,1.0,0,14-301,,False,N,False,False,V,2025-08-11 17:00:09,Verbal Warning,,,False,1.0,CT0014000,20250812030005000001,2025-08-11 17:00:09,17:00:09,2025,,,,2025,Stop Sign
2025-08-12 03:00:09.133000,7607621.0,CT0014000,Thomaston,Racial Profile,06,25-14756,Case No.,2025-08-11 00:00:00,August,W,N,M,84,True,True, Thomaston,Watertown Road (Rt. 810),  ,  ,V,G,1.0,0,14-299,,False,N,False,False,V,2025-08-11 22:12:59,Verbal Warning,,,False,1.0,CT0014000,20250812030005000001,2025-08-11 22:12:59,22:12:59,2025,,,,2025,Traffic Control Signal
2025-08-13 03:00:08.387000,7608972.0,CT0014000,Thomaston,Racial Profile,S3,25-14769,Case No.,2025-08-11 00:00:00,August,B,N,F,20,True,False, Thomaston,Branch Road (Rt. 109),  ,  ,V,B,1.0,0,14-218a,,False,N,False,False,V,2025-08-11 23:49:15,Verbal Warning,,,False,1.0,CT0014000,20250813030004000001,2025-08-11 23:49:15,23:49:15,2025,,,,2025,Speed Related
2025-08-12 03:00:09.100000,7607618.0,CT0014000,Thomaston,Racial Profile,05,25-14738,Case No.,2025-08-11 00:00:00,August,W,N,F,30,True,False, Thomaston,Elm Street,  ,  ,V,G,1.0,0,14-301,,False,N,False,False,V,2025-08-11 16:46:04,Verbal Warning,,,False,1.0,CT0014000,20250812030005000001,2025-08-11 16:46:04,16:46:04,2025,,,,2025,Stop Sign
2025-08-13 03:00:08.373000,7608971.0,CT0014000,Thomaston,Racial Profile,S3,25-14698,Case No.,2025-08-11 00:00:00,August,B,N,F,42,True,False, Thomaston,Branch Road (Rt. 109),  ,  ,V,B,1.0,0,14-218a,,False,N,False,False,V,2025-08-11 00:48:47,Verbal Warning,,,False,1.0,CT0014000,20250813030004000001,2025-08-11 00:48:47,00:48:47,2025,,,,2025,Speed Related
2025-08-13 03:00:08.437000,7608975.0,CT0014000,Thomaston,Racial Profile,01,25-14798,Case No.,2025-08-12 00:00:00,August,W,N,F,54,True,False, Thomaston,Northfield Road (Rt. 254),  ,  ,V,G,1.0,0,14-219b9,,False,N,False,False,V,2025-08-12 10:51:15,Verbal Warning,,,False,1.0,CT0014000,20250813030004000001,2025-08-12 10:51:15,10:51:15,2025,,,,2025,Speed Related
2025-08-13 03:00:08.460000,7608976.0,CT0014000,Thomaston,Racial Profile,04,25-14820,Case No.,2025-08-12 00:00:00,August,W,N,M,37,True,False, Thomaston,Clay Street,  ,  ,V,G,1.0,0,14-218a10,,False,N,False,False,V,2025-08-12 15:36:35,Verbal Warning,,,False,1.0,CT0014000,20250813030004000001,2025-08-12 15:36:35,15:36:35,2025,,,,2025,Speed Related
2025-08-13 03:00:08.417000,7608973.0,CT0014000,Thomaston,Racial Profile,01,25-14794,Case No.,2025-08-12 00:00:00,August,W,N,M,51,False,False, Thomaston,Northfield Road (Rt. 254),  ,  ,V,G,1.0,0,14-219(b),,False,N,False,False,V,2025-08-12 10:13:58,Verbal Warning,,,False,1.0,CT0014000,20250813030004000001,2025-08-12 10:13:58,10:13:58,2025,,,,2025,Speed Related
2025-08-12 03:00:09.140000,7607622.0,CT0014000,Thomaston,Racial Profile,06,25-14772,Case No.,2025-08-12 00:00:00,August,B,M,M,21,True,True, Thomaston,Northfield Road (Rt. 254),  ,  ,V,G,1.0,0,14-218a,,False,N,False,False,V,2025-08-12 00:26:15,Verbal Warning,,,False,1.0,CT0014000,20250812030005000001,2025-08-12 00:26:15,00:26:15,2025,,,,2025,Speed Related
2025-08-13 03:00:08.500000,7608978.0,CT0014000,Thomaston,Racial Profile,S2,25-14835,Case No.,2025-08-12 00:00:00,August,W,N,F,26,True,True, Thomaston,Northfield Road (Rt. 254),  ,  ,V,G,1.0,0,14-218a10,,False,N,False,False,V,2025-08-12 16:13:45,Verbal Warning,,,False,1.0,CT0014000,20250813030004000001,2025-08-12 16:13:45,16:13:45,2025,,,,2025,Speed Related
2025-08-13 03:00:08.430000,7608974.0,CT0014000,Thomaston,Racial Profile,01,25-14796,Case No.,2025-08-12 00:00:00,August,W,N,M,36,True,False, Thomaston,Northfield Road (Rt. 254),  ,  ,V,G,1.0,0,14-219b9,,False,N,False,False,V,2025-08-12 10:29:32,Verbal Warning,,,False,1.0,CT0014000,20250813030004000001,2025-08-12 10:29:32,10:29:32,2025,,,,2025,Speed Related
2025-08-13 03:00:08.483000,7608977.0,CT0014000,Thomaston,Racial Profile,04,25-14827,Case No.,2025-08-12 00:00:00,August,W,N,F,58,True,False, Thomaston,Clay Street,  ,  ,V,G,1.0,0,14-218a10,,False,N,False,False,V,2025-08-12 15:45:44,Verbal Warning,,,False,1.0,CT0014000,20250813030004000001,2025-08-12 15:45:44,15:45:44,2025,,,,2025,Speed Related
2025-08-14 03:00:09.827000,7610898.0,CT0014000,Thomaston,Racial Profile,S2,25-14876,Case No.,2025-08-13 00:00:00,August,W,N,F,33,True,False, Thomaston,East Main Street (Rt. 6),  ,  ,V,G,1.0,0,14-301,,False,N,False,False,V,2025-08-13 10:10:08,Verbal Warning,,,False,1.0,CT0014000,20250814030005000001,2025-08-13 10:10:08,10:10:08,2025,,,,2025,Stop Sign
2025-08-14 03:00:09.830000,7610899.0,CT0014000,Thomaston,Racial Profile,S2,25-14877,Case No.,2025-08-13 00:00:00,August,W,N,M,42,True,False, Thomaston,South Main Street (Rt. 254),  ,  ,V,G,1.0,0,14-301,,False,N,False,False,V,2025-08-13 10:16:54,Verbal Warning,,,False,1.0,CT0014000,20250814030005000001,2025-08-13 10:16:54,10:16:54,2025,,,,2025,Stop Sign
2025-08-14 03:00:09.833000,7610900.0,CT0014000,Thomaston,Racial Profile,01,25-14881,Case No.,2025-08-13 00:00:00,August,W,N,M,58,True,True, Thomaston,Branch Road (Rt. 109),  ,  ,V,G,1.0,0,14-219b9,,False,N,False,False,W,2025-08-13 11:46:11,Written Ticket,,,False,1.0,CT0014000,20250814030005000001,2025-08-13 11:46:11,11:46:11,2025,,,,2025,Speed Related
2025-08-14 03:00:09.843000,7610901.0,CT0014000,Thomaston,Racial Profile,01,25-14882,Case No.,2025-08-13 00:00:00,August,W,N,M,68,True,False, Thomaston,Branch Road (Rt. 109),  ,  ,V,G,1.0,0,14-219b9,,False,N,False,False,W,2025-08-13 12:22:36,Written Ticket,,,False,1.0,CT0014000,20250814030005000001,2025-08-13 12:22:36,12:22:36,2025,,,,2025,Speed Related
2025-08-15 03:00:06.777000,7628803.0,CT0014000,Thomaston,Racial Profile,05,25-14953,Case No.,2025-08-14 00:00:00,August,W,N,F,48,True,True, Thomaston,Elm Street,  ,  ,V,G,1.0,0,14-301,,False,N,False,False,V,2025-08-14 17:29:20,Verbal Warning,,,False,1.0,CT0014000,20250815030004000001,2025-08-14 17:29:20,17:29:20,2025,,,,2025,Stop Sign
2025-08-16 03:00:08.717000,7651526.0,CT0014000,Thomaston,Racial Profile,05,25-14955,Case No.,2025-08-14 00:00:00,August,W,N,F,30,True,True, Thomaston,Elm Street,  ,  ,V,G,1.0,0,14-301,,False,N,False,False,V,2025-08-14 17:49:15,Verbal Warning,,,False,1.0,CT0014000,20250816030005000001,2025-08-14 17:49:15,17:49:15,2025,,,,2025,Stop Sign
2025-08-15 03:00:06.783000,7628804.0,CT0014000,Thomaston,Racial Profile,05,25-14954,Case No.,2025-08-14 00:00:00,August,W,N,F,0,True,False, Thomaston,Elm Street,  ,  ,V,G,1.0,0,14-301,,False,N,False,False,V,2025-08-14 17:37:56,Verbal Warning,,,False,1.0,CT0014000,20250815030004000001,2025-08-14 17:37:56,17:37:56,2025,,,,2025,Stop Sign
2025-08-18 03:00:09.987000,7655963.0,CT0014000,Thomaston,Racial Profile,04,25-14996,Case No.,2025-08-15 00:00:00,August,W,N,F,19,True,False, Thomaston,Clay Street,  ,  ,V,G,1.0,0,14-218a,,False,N,False,False,V,2025-08-15 10:48:54,Verbal Warning,,,False,1.0,CT0014000,20250818030005000001,2025-08-15 10:48:54,10:48:54,2025,,,,2025,Speed Related
2025-08-16 03:00:08.740000,7651529.0,CT0014000,Thomaston,Racial Profile,05,25-15012,Case No.,2025-08-15 00:00:00,August,W,N,M,43,True,False, Thomaston,Elm Street,  ,  ,V,G,1.0,0,14-301,,False,N,False,False,V,2025-08-15 17:51:30,Verbal Warning,,,False,1.0,CT0014000,20250816030005000001,2025-08-15 17:51:30,17:51:30,2025,,,,2025,Stop Sign
2025-08-16 03:00:08.750000,7651530.0,CT0014000,Thomaston,Racial Profile,05,25-15013,Case No.,2025-08-15 00:00:00,August,B,N,F,31,True,False, Thomaston,Elm Street,  ,  ,V,G,1.0,0,14-301,,False,N,False,False,V,2025-08-15 17:57:39,Verbal Warning,,,False,1.0,CT0014000,20250816030005000001,2025-08-15 17:57:39,17:57:39,2025,,,,2025,Stop Sign
2025-08-28 03:00:09.420000,7671026.0,CT0014000,Thomaston,Racial Profile,S3,25-14972,Case No.,2025-08-15 00:00:00,August,W,N,M,43,True,False, Thomaston,Branch Road (Rt. 109),  ,  ,V,B,1.0,0,14-218a,,False,N,False,False,W,2025-08-15 04:50:17,Written Ticket,,,False,1.0,CT0014000,20250828030005000001,2025-08-15 04:50:17,04:50:17,2025,,,,2025,Speed Related
2025-08-16 03:00:08.727000,7651527.0,CT0014000,Thomaston,Racial Profile,01,25-14992,Case No.,2025-08-15 00:00:00,August,W,N,M,24,True,False, Thomaston,Branch Road (Rt. 109),  ,  ,V,G,1.0,0,14-219b9,,False,N,False,False,V,2025-08-15 10:27:35,Verbal Warning,,,False,1.0,CT0014000,20250816030005000001,2025-08-15 10:27:35,10:27:35,2025,,,,2025,Speed Related
2025-08-16 03:00:08.730000,7651528.0,CT0014000,Thomaston,Racial Profile,05,25-15011,Case No.,2025-08-15 00:00:00,August,W,N,F,20,True,True, Thomaston,Elm Street,  ,  ,V,G,1.0,0,14-301,,False,N,False,False,V,2025-08-15 17:43:24,Verbal Warning,,,False,1.0,CT0014000,20250816030005000001,2025-08-15 17:43:24,17:43:24,2025,,,,2025,Stop Sign
2025-08-28 03:00:09.437000,7671027.0,CT0014000,Thomaston,Racial Profile,S3,25-14973,Case No.,2025-08-15 00:00:00,August,W,N,M,32,True,False, Thomaston,Branch Road (Rt. 109),  ,  ,V,B,1.0,0,14-218a,,False,N,False,False,W,2025-08-15 05:15:25,Written Ticket,,,False,1.0,CT0014000,20250828030005000001,2025-08-15 05:15:25,05:15:25,2025,,,,2025,Speed Related
2025-08-17 03:00:09.960000,7654398.0,CT0014000,Thomaston,Racial Profile,05,25-15040,Case No.,2025-08-16 00:00:00,August,W,N,F,24,True,True, Thomaston,Grove Street,  ,  ,V,G,1.0,0,14-301,,False,N,False,False,V,2025-08-16 15:14:05,Verbal Warning,,,False,1.0,CT0014000,20250817030005000001,2025-08-16 15:14:05,15:14:05,2025,,,,2025,Stop Sign
2025-08-17 03:00:09.980000,7654399.0,CT0014000,Thomaston,Racial Profile,05,25-15041,Case No.,2025-08-16 00:00:00,August,W,N,M,63,True,True, Thomaston,Grove Street,  ,  ,V,G,1.0,0,14-301,,False,N,False,False,V,2025-08-16 15:21:59,Verbal Warning,,,False,1.0,CT0014000,20250817030005000001,2025-08-16 15:21:59,15:21:59,2025,,,,2025,Stop Sign
2025-08-17 03:00:09.987000,7654400.0,CT0014000,Thomaston,Racial Profile,05,25-15042,Case No.,2025-08-16 00:00:00,August,W,N,F,0,False,False, Thomaston,Grove Street,  ,  ,V,G,1.0,0,14-301,,False,N,False,False,V,2025-08-16 15:31:46,Verbal Warning,,,False,1.0,CT0014000,20250817030005000001,2025-08-16 15:31:46,15:31:46,2025,,,,2025,Stop Sign
2025-08-17 03:00:10,7654401.0,CT0014000,Thomaston,Racial Profile,03,25-15062,Case No.,2025-08-16 00:00:00,August,W,N,M,64,True,False, Thomaston,Branch Road (Rt. 109),  ,  ,V,G,1.0,0,14-96y,,False,N,False,False,V,2025-08-16 23:42:12,Verbal Warning,,,False,1.0,CT0014000,20250817030005000001,2025-08-16 23:42:12,23:42:12,2025,,,,2025,Defective Lights
2025-08-17 03:00:10.007000,7654402.0,CT0014000,Thomaston,Racial Profile,03,25-15063,Case No.,2025-08-17 00:00:00,August,W,N,M,75,True,False, Thomaston,Branch Road (Rt. 109),  ,  ,V,B,1.0,0,14-219(b),,False,N,False,False,V,2025-08-17 00:21:24,Verbal Warning,,,False,1.0,CT0014000,20250817030005000001,2025-08-17 00:21:24,00:21:24,2025,,,,2025,Speed Related
2025-08-22 03:00:10.783000,7662351.0,CT0014000,Thomaston,Racial Profile,02,25-15324,Case No.,2025-08-21 00:00:00,August,W,N,F,62,True,True, Thomaston,Branch Road (Rt. 109),  ,  ,V,G,1.0,0,14-218a,,False,N,False,False,V,2025-08-21 08:49:30,Verbal Warning,,,False,1.0,CT0014000,20250822030005000001,2025-08-21 08:49:30,08:49:30,2025,,,,2025,Speed Related
2025-08-22 03:00:10.817000,7662354.0,CT0014000,Thomaston,Racial Profile,05,25-15348,Case No.,2025-08-21 00:00:00,August,W,M,F,48,True,False, Thomaston,Elm Street,  ,  ,V,G,1.0,0,14-301,,False,N,False,False,V,2025-08-21 15:31:57,Verbal Warning,,,False,1.0,CT0014000,20250822030005000001,2025-08-21 15:31:57,15:31:57,2025,,,,2025,Stop Sign
2025-08-22 03:00:10.770000,7662350.0,CT0014000,Thomaston,Racial Profile,02,25-15323,Case No.,2025-08-21 00:00:00,August,W,N,F,60,False,False, Thomaston,Branch Road (Rt. 109),  ,  ,V,G,1.0,0,14-218a,,False,N,False,False,V,2025-08-21 08:39:58,Verbal Warning,,,False,1.0,CT0014000,20250822030005000001,2025-08-21 08:39:58,08:39:58,2025,,,,2025,Speed Related
2025-08-22 03:00:10.810000,7662353.0,CT0014000,Thomaston,Racial Profile,05,25-15347,Case No.,2025-08-21 00:00:00,August,W,M,F,42,True,True, Thomaston,Elm Street,  ,  ,V,G,1.0,0,14-301,,False,N,False,False,V,2025-08-21 15:24:53,Verbal Warning,,,False,1.0,CT0014000,20250822030005000001,2025-08-21 15:24:53,15:24:53,2025,,,,2025,Stop Sign
2025-08-22 03:00:10.760000,7662349.0,CT0014000,Thomaston,Racial Profile,02,25-15322,Case No.,2025-08-21 00:00:00,August,W,N,F,35,False,False, Thomaston,Branch Road (Rt. 109),  ,  ,V,G,1.0,0,14-218a,,False,N,False,False,V,2025-08-21 08:28:16,Verbal Warning,,,False,1.0,CT0014000,20250822030005000001,2025-08-21 08:28:16,08:28:16,2025,,,,2025,Speed Related
2025-08-22 03:00:10.797000,7662352.0,CT0014000,Thomaston,Racial Profile,05,25-15346,Case No.,2025-08-21 00:00:00,August,W,M,M,19,True,False, Thomaston,Elm Street,  ,  ,V,G,1.0,0,14-301,,False,N,False,False,V,2025-08-21 15:12:49,Verbal Warning,,,False,1.0,CT0014000,20250822030005000001,2025-08-21 15:12:49,15:12:49,2025,,,,2025,Stop Sign
2025-08-23 03:00:09.483000,7663785.0,CT0014000,Thomaston,Racial Profile,05,25-15414,Case No.,2025-08-22 00:00:00,August,W,N,M,0,True,True, Thomaston,Elm Street,  ,  ,V,G,1.0,0,14-301,,False,N,False,False,V,2025-08-22 15:46:01,Verbal Warning,,,False,1.0,CT0014000,20250823030005000001,2025-08-22 15:46:01,15:46:01,2025,,,,2025,Stop Sign
2025-08-23 03:00:09.490000,7663786.0,CT0014000,Thomaston,Racial Profile,05,25-15415,Case No.,2025-08-22 00:00:00,August,W,N,M,30,True,False, Thomaston,Elm Street,  ,  ,V,G,1.0,0,14-301,,False,N,False,False,V,2025-08-22 15:52:36,Verbal Warning,,,False,1.0,CT0014000,20250823030005000001,2025-08-22 15:52:36,15:52:36,2025,,,,2025,Stop Sign
2025-08-23 03:00:09.480000,7663784.0,CT0014000,Thomaston,Racial Profile,05,25-15413,Case No.,2025-08-22 00:00:00,August,W,N,M,37,True,False, Thomaston,Elm Street,  ,  ,V,G,1.0,0,14-301,,False,N,False,False,V,2025-08-22 15:39:24,Verbal Warning,,,False,1.0,CT0014000,20250823030005000001,2025-08-22 15:39:24,15:39:24,2025,,,,2025,Stop Sign
2025-08-25 03:00:08.677000,7666639.0,CT0014000,Thomaston,Racial Profile,03,25-15484,Case No.,2025-08-23 00:00:00,August,W,N,M,35,True,False, Thomaston,Branch Road (Rt. 109),  ,  ,V,B,1.0,0,14-219(b),,False,N,False,False,V,2025-08-23 23:15:54,Verbal Warning,,,False,1.0,CT0014000,20250825030004000001,2025-08-23 23:15:54,23:15:54,2025,,,,2025,Speed Related
2025-08-25 03:00:08.660000,7666636.0,CT0014000,Thomaston,Racial Profile,05,25-15462,Case No.,2025-08-23 00:00:00,August,W,N,M,0,True,True, Thomaston,Union Street,  ,  ,V,G,1.0,0,14-301,,False,N,False,False,V,2025-08-23 15:16:46,Verbal Warning,,,False,1.0,CT0014000,20250825030004000001,2025-08-23 15:16:46,15:16:46,2025,,,,2025,Stop Sign
2025-08-25 03:00:08.663000,7666637.0,CT0014000,Thomaston,Racial Profile,05,25-15465,Case No.,2025-08-23 00:00:00,August,W,N,M,39,True,False, Thomaston,Union Street,  ,  ,V,G,1.0,0,14-301,,False,N,False,False,V,2025-08-23 15:22:59,Verbal Warning,,,False,1.0,CT0014000,20250825030004000001,2025-08-23 15:22:59,15:22:59,2025,,,,2025,Stop Sign
2025-08-25 03:00:08.683000,7666640.0,CT0014000,Thomaston,Racial Profile,03,25-15485,Case No.,2025-08-23 00:00:00,August,W,N,M,41,True,False, Thomaston,Branch Road (Rt. 109),  ,  ,V,B,1.0,0,14-219(b),,False,N,False,False,V,2025-08-23 23:35:21,Verbal Warning,,,False,1.0,CT0014000,20250825030004000001,2025-08-23 23:35:21,23:35:21,2025,,,,2025,Speed Related
2025-08-25 03:00:08.673000,7666638.0,CT0014000,Thomaston,Racial Profile,05,25-15466,Case No.,2025-08-23 00:00:00,August,W,N,F,76,True,True, Thomaston,Union Street,  ,  ,V,G,1.0,0,14-301,,False,N,False,False,V,2025-08-23 15:28:19,Verbal Warning,,,False,1.0,CT0014000,20250825030004000001,2025-08-23 15:28:19,15:28:19,2025,,,,2025,Stop Sign
2025-08-26 03:00:09.147000,7668116.0,CT0014000,Thomaston,Racial Profile,03,25-15534,Case No.,2025-08-24 00:00:00,August,W,N,M,18,True,False, Thomaston,Watertown Road (Rt. 6),  ,  ,V,G,1.0,0,14-96y,,False,N,False,False,V,2025-08-24 23:49:12,Verbal Warning,,,False,1.0,CT0014000,20250826030005000001,2025-08-24 23:49:12,23:49:12,2025,,,,2025,Defective Lights
2025-08-26 03:00:09.143000,7668115.0,CT0014000,Thomaston,Racial Profile,03,25-15533,Case No.,2025-08-24 00:00:00,August,W,N,M,35,True,False, Thomaston,Branch Road (Rt. 109),  ,  ,V,B,1.0,0,14-219(b),,False,N,False,False,V,2025-08-24 23:36:27,Verbal Warning,,,False,1.0,CT0014000,20250826030005000001,2025-08-24 23:36:27,23:36:27,2025,,,,2025,Speed Related
2025-08-26 03:00:09.153000,7668117.0,CT0014000,Thomaston,Racial Profile,03,25-15535,Case No.,2025-08-25 00:00:00,August,W,N,M,22,True,False, Thomaston,Branch Road (Rt. 109),  ,  ,V,B,1.0,0,14-219(b),,False,N,False,False,V,2025-08-25 00:08:17,Verbal Warning,,,False,1.0,CT0014000,20250826030005000001,2025-08-25 00:08:17,00:08:17,2025,,,,2025,Speed Related
2025-08-30 03:00:09.920000,7673993.0,CT0014000,Thomaston,Racial Profile,05,25-15641,Case No.,2025-08-26 00:00:00,August,W,N,F,35,True,False, Thomaston,Elm Street,  ,  ,V,G,2.0,1,14-213b,,False,N,False,False,I,2025-08-26 16:33:08,Infraction Ticket,,,False,1.0,CT0014000,20250830030005000001,2025-08-26 16:33:08,16:33:08,2025,,,,2025,Administrative Offense
2025-08-27 03:00:09.947000,7669585.0,CT0014000,Thomaston,Racial Profile,05,25-15637,Case No.,2025-08-26 00:00:00,August,W,N,M,75,True,True, Thomaston,Elm Street,  ,  ,V,G,1.0,0,14-301,,False,N,False,False,V,2025-08-26 16:05:26,Verbal Warning,,,False,1.0,CT0014000,20250827030005000001,2025-08-26 16:05:26,16:05:26,2025,,,,2025,Stop Sign
2025-08-27 03:00:09.950000,7669586.0,CT0014000,Thomaston,Racial Profile,05,25-15640,Case No.,2025-08-26 00:00:00,August,W,N,M,0,False,False, Thomaston,Elm Street,  ,  ,V,G,1.0,0,14-301,,False,N,False,False,V,2025-08-26 16:23:39,Verbal Warning,,,False,1.0,CT0014000,20250827030005000001,2025-08-26 16:23:39,16:23:39,2025,,,,2025,Stop Sign
2025-08-27 03:00:09.940000,7669584.0,CT0014000,Thomaston,Racial Profile,06,25-15607,Case No.,2025-08-26 00:00:00,August,W,N,M,27,True,False, Thomaston,Branch Road (Rt. 109),  ,  ,V,G,1.0,0,14-218a,,False,N,False,False,V,2025-08-26 00:22:03,Verbal Warning,,,False,1.0,CT0014000,20250827030005000001,2025-08-26 00:22:03,00:22:03,2025,,,,2025,Speed Related
2025-08-27 03:00:09.963000,7669587.0,CT0014000,Thomaston,Racial Profile,06,25-15661,Case No.,2025-08-26 00:00:00,August,B,N,M,19,True,False, Thomaston,Northfield Road (Rt. 254),  ,  ,V,G,1.0,0,14-218a,,False,N,False,False,V,2025-08-26 23:44:11,Verbal Warning,,,False,1.0,CT0014000,20250827030005000001,2025-08-26 23:44:11,23:44:11,2025,,,,2025,Speed Related
2025-08-28 03:00:09.450000,7671028.0,CT0014000,Thomaston,Racial Profile,S3,25-15660,Case No.,2025-08-26 00:00:00,August,B,N,M,26,True,False, Thomaston,Branch Road (Rt. 109),  ,  ,V,B,1.0,0,14-218a,,False,N,False,False,W,2025-08-26 23:38:32,Written Ticket,,,False,1.0,CT0014000,20250828030005000001,2025-08-26 23:38:32,23:38:32,2025,,,,2025,Speed Related
2025-08-28 03:00:09.470000,7671031.0,CT0014000,Thomaston,Racial Profile,04,25-15685,Case No.,2025-08-27 00:00:00,August,W,N,M,37,True,False, Thomaston,Clay Street,  ,  ,V,G,1.0,0,14-218a10,,False,N,False,False,V,2025-08-27 09:32:33,Verbal Warning,,,False,1.0,CT0014000,20250828030005000001,2025-08-27 09:32:33,09:32:33,2025,,,,2025,Speed Related
2025-08-28 03:00:09.460000,7671029.0,CT0014000,Thomaston,Racial Profile,S3,25-15662,Case No.,2025-08-27 00:00:00,August,W,N,M,54,True,False, Thomaston,Branch Road (Rt. 109),  ,  ,V,B,1.0,0,14-218a,,False,N,False,False,W,2025-08-27 01:05:24,Written Ticket,,,False,1.0,CT0014000,20250828030005000001,2025-08-27 01:05:24,01:05:24,2025,,,,2025,Speed Related
2025-08-28 03:00:09.463000,7671030.0,CT0014000,Thomaston,Racial Profile,S3,25-15682,Case No.,2025-08-27 00:00:00,August,W,N,M,33,True,False, Thomaston,Branch Road (Rt. 109),  ,  ,V,B,1.0,0,14-218a,,False,N,False,False,W,2025-08-27 08:27:22,Written Ticket,,,False,1.0,CT0014000,20250828030005000001,2025-08-27 08:27:22,08:27:22,2025,,,,2025,Speed Related
2025-09-03 03:00:08.047000,7680470.0,CT0014000,Thomaston,Racial Profile,S1,25-15755,Case No.,2025-08-28 00:00:00,August,W,N,M,48,False,False, Thomaston,Branch Road (Rt. 109),  ,  ,V,G,1.0,0,14-218a,,False,N,False,False,V,2025-08-28 11:31:51,Verbal Warning,,,False,1.0,CT0014000,20250903030005000001,2025-08-28 11:31:51,11:31:51,2025,,,,2025,Speed Related
2025-09-03 03:00:08.037000,7680469.0,CT0014000,Thomaston,Racial Profile,S1,25-15757,Case No.,2025-08-28 00:00:00,August,W,N,F,32,True,True, Thomaston,Branch Road (Rt. 109),  ,  ,V,G,1.0,0,14-218a,,False,N,False,False,V,2025-08-28 11:41:27,Verbal Warning,,,False,1.0,CT0014000,20250903030005000001,2025-08-28 11:41:27,11:41:27,2025,,,,2025,Speed Related
2025-10-12 03:00:08.807000,7772463.0,CT0014000,Thomaston,Racial Profile,S3,25-15853,Case No.,2025-08-29 00:00:00,August,W,N,M,39,True,False, Thomaston,Union Street,  ,  ,E,G,1.0,0,14-301,,False,N,False,False,V,2025-08-29 19:48:50,Verbal Warning,,,False,1.0,CT0014000,20251012030005000001,2025-08-29 19:48:50,19:48:50,2025,,,,2025,Stop Sign
2025-09-01 03:00:08.290000,7676908.0,CT0014000,Thomaston,Racial Profile,01,25-15925,Case No.,2025-08-31 00:00:00,August,W,N,F,26,True,False, Thomaston,Main Street (Rt. 807),  ,  ,V,G,1.0,0,14-218a,,False,N,False,False,V,2025-08-31 08:14:48,Verbal Warning,,,False,1.0,CT0014000,20250901030005000001,2025-08-31 08:14:48,08:14:48,2025,,,,2025,Speed Related
2025-09-17 03:00:08.877000,7728666.0,CT0014000,Thomaston,Racial Profile,08,25-15928,Case No.,2025-08-31 00:00:00,August,W,N,F,31,True,False, Thomaston,North Main Street (Rt. 222),  ,  ,V,G,3.0,0,14-218a,,False,N,False,False,V,2025-08-31 09:41:17,Verbal Warning,,,False,1.0,CT0014000,20250917030005000001,2025-08-31 09:41:17,09:41:17,2025,,,,2025,Speed Related
2025-09-08 03:00:08.993000,7689078.0,CT0014000,Thomaston,Racial Profile,06,25-15917,Case No.,2025-08-31 00:00:00,August,W,N,F,16,True,False, Thomaston,Branch Road (Rt. 109),  ,  ,V,G,1.0,0,14-218a,,False,N,False,False,V,2025-08-31 03:02:44,Verbal Warning,,,False,1.0,CT0014000,20250908030005000001,2025-08-31 03:02:44,03:02:44,2025,,,,2025,Speed Related
2025-09-01 03:00:08.283000,7676907.0,CT0014000,Thomaston,Racial Profile,01,25-15923,Case No.,2025-08-31 00:00:00,August,W,N,M,47,True,False, Thomaston,Main Street (Rt. 807),  ,  ,V,G,1.0,0,14-218a,,False,N,False,False,V,2025-08-31 07:55:37,Verbal Warning,,,False,1.0,CT0014000,20250901030005000001,2025-08-31 07:55:37,07:55:37,2025,,,,2025,Speed Related
2025-09-02 03:00:08.380000,7678480.0,CT0014000,Thomaston,Racial Profile,02,25-16004,Case No.,2025-09-01 00:00:00,September,W,N,M,43,True,False, Thomaston,Northfield Road (Rt. 254),  ,  ,V,G,1.0,0,14-218a,,False,N,False,False,V,2025-09-01 08:48:48,Verbal Warning,,,False,1.0,CT0014000,20250902030005000001,2025-09-01 08:48:48,08:48:48,2025,,,,2025,Speed Related
2025-09-02 03:00:08.383000,7678481.0,CT0014000,Thomaston,Racial Profile,02,25-16005,Case No.,2025-09-01 00:00:00,September,W,N,F,36,True,False, Thomaston,Northfield Road (Rt. 254),  ,  ,V,G,1.0,0,14-218a,,False,N,False,False,V,2025-09-01 09:01:51,Verbal Warning,,,False,1.0,CT0014000,20250902030005000001,2025-09-01 09:01:51,09:01:51,2025,,,,2025,Speed Related
2025-09-02 03:00:08.393000,7678482.0,CT0014000,Thomaston,Racial Profile,02,25-16016,Case No.,2025-09-01 00:00:00,September,W,N,M,21,True,False, Thomaston,South Main Street (Rt. 254),  ,  ,V,G,1.0,0,14-299,,False,N,False,False,V,2025-09-01 12:33:46,Verbal Warning,,,False,1.0,CT0014000,20250902030005000001,2025-09-01 12:33:46,12:33:46,2025,,,,2025,Traffic Control Signal
2025-09-12 03:00:14.933000,7695274.0,CT0014000,Thomaston,Racial Profile,S2,25-15987,Case No.,2025-09-01 00:00:00,September,W,N,M,25,False,False, Thomaston,Branch Road (Rt. 109),  ,  ,V,B,1.0,0,14-218a,,False,N,False,False,V,2025-09-01 00:17:05,Verbal Warning,,,False,1.0,CT0014000,20250912030005000001,2025-09-01 00:17:05,00:17:05,2025,,,,2025,Speed Related
2025-09-12 03:00:14.940000,7695275.0,CT0014000,Thomaston,Racial Profile,S2,25-15992,Case No.,2025-09-01 00:00:00,September,B,N,M,35,False,False, Thomaston,Branch Road (Rt. 109),  ,  ,V,B,1.0,0,14-218a,,False,N,False,False,V,2025-09-01 06:34:17,Verbal Warning,,,False,1.0,CT0014000,20250912030005000001,2025-09-01 06:34:17,06:34:17,2025,,,,2025,Speed Related
2025-09-03 03:00:08.057000,7680471.0,CT0014000,Thomaston,Racial Profile,02,25-16085,Case No.,2025-09-02 00:00:00,September,W,H,M,29,True,False, Thomaston,Branch Road (Rt. 109),  ,  ,V,G,1.0,0,14-218a,,False,N,False,False,V,2025-09-02 08:47:33,Verbal Warning,,,False,1.0,CT0014000,20250903030005000001,2025-09-02 08:47:33,08:47:33,2025,,,,2025,Speed Related
2025-09-03 03:00:08.077000,7680473.0,CT0014000,Thomaston,Racial Profile,02,25-16091,Case No.,2025-09-02 00:00:00,September,W,H,M,70,True,False, Thomaston,Branch Road (Rt. 109),  ,  ,V,G,1.0,0,14-218a,,False,N,False,False,V,2025-09-02 09:14:29,Verbal Warning,,,False,1.0,CT0014000,20250903030005000001,2025-09-02 09:14:29,09:14:29,2025,,,,2025,Speed Related
2025-09-03 03:00:08.080000,7680474.0,CT0014000,Thomaston,Racial Profile,S1,25-16095,Case No.,2025-09-02 00:00:00,September,W,N,M,58,True,True, Thomaston,Clay Street,  ,  ,V,G,1.0,0,14-218a10,,False,N,False,False,V,2025-09-02 10:49:03,Verbal Warning,,,False,1.0,CT0014000,20250903030005000001,2025-09-02 10:49:03,10:49:03,2025,,,,2025,Speed Related
2025-09-12 03:00:14.947000,7695276.0,CT0014000,Thomaston,Racial Profile,S2,25-16070,Case No.,2025-09-02 00:00:00,September,W,N,M,47,True,False, Thomaston,Pine Hill Road (Rt. 6),  ,  ,V,B,1.0,0,14-218a,,False,N,False,False,V,2025-09-02 05:12:40,Verbal Warning,,,False,1.0,CT0014000,20250912030005000001,2025-09-02 05:12:40,05:12:40,2025,,,,2025,Speed Related
2025-09-03 03:00:08.070000,7680472.0,CT0014000,Thomaston,Racial Profile,02,25-16087,Case No.,2025-09-02 00:00:00,September,W,H,F,59,True,False, Thomaston,Branch Road (Rt. 109),  ,  ,V,G,1.0,0,14-218a,,False,N,False,False,V,2025-09-02 09:01:45,Verbal Warning,,,False,1.0,CT0014000,20250903030005000001,2025-09-02 09:01:45,09:01:45,2025,,,,2025,Speed Related
2025-09-04 03:00:07.500000,7682998.0,CT0014000,Thomaston,Racial Profile,S3,25-16194,Case No.,2025-09-03 00:00:00,September,W,N,F,36,True,False, Thomaston,Elm Street,  ,  ,V,G,1.0,0,14-301,,False,N,False,False,V,2025-09-03 19:58:51,Verbal Warning,,,False,1.0,CT0014000,20250904030005000001,2025-09-03 19:58:51,19:58:51,2025,,,,2025,Stop Sign
2025-09-05 03:00:08.110000,7684563.0,CT0014000,Thomaston,Racial Profile,S1,25-16168,Case No.,2025-09-03 00:00:00,September,W,N,F,69,True,True, Thomaston,South Main Street (Rt. 848),  ,  ,V,G,1.0,0,14-301,,False,N,False,False,V,2025-09-03 08:31:44,Verbal Warning,,,False,1.0,CT0014000,20250905030005000001,2025-09-03 08:31:44,08:31:44,2025,,,,2025,Stop Sign
2025-09-04 03:00:07.477000,7682995.0,CT0014000,Thomaston,Racial Profile,01,25-16179,Case No.,2025-09-03 00:00:00,September,W,N,M,57,True,True, Thomaston,Northfield Road (Rt. 254),  ,  ,V,G,1.0,0,14-219(b),,False,N,False,False,V,2025-09-03 10:45:51,Verbal Warning,,,False,1.0,CT0014000,20250904030005000001,2025-09-03 10:45:51,10:45:51,2025,,,,2025,Speed Related
2025-09-05 03:00:08.110000,7684564.0,CT0014000,Thomaston,Racial Profile,S1,25-16169,Case No.,2025-09-03 00:00:00,September,A,N,F,32,True,True, Thomaston,East Main Street (Rt. 6),  ,  ,V,G,1.0,0,14-301,,False,N,False,False,V,2025-09-03 08:39:48,Verbal Warning,,,False,1.0,CT0014000,20250905030005000001,2025-09-03 08:39:48,08:39:48,2025,,,,2025,Stop Sign
2025-09-04 03:00:07.480000,7682996.0,CT0014000,Thomaston,Racial Profile,S3,25-16192,Case No.,2025-09-03 00:00:00,September,W,N,M,81,True,False, Thomaston,Elm Street,  ,  ,V,G,1.0,0,14-301,,False,N,False,False,V,2025-09-03 19:35:22,Verbal Warning,,,False,1.0,CT0014000,20250904030005000001,2025-09-03 19:35:22,19:35:22,2025,,,,2025,Stop Sign
2025-09-04 03:00:07.493000,7682997.0,CT0014000,Thomaston,Racial Profile,S3,25-16193,Case No.,2025-09-03 00:00:00,September,W,N,M,42,True,True, Thomaston,Elm Street,  ,  ,V,G,1.0,0,14-301,,False,N,False,False,V,2025-09-03 19:47:23,Verbal Warning,,,False,1.0,CT0014000,20250904030005000001,2025-09-03 19:47:23,19:47:23,2025,,,,2025,Stop Sign
2025-09-05 03:00:08.127000,7684566.0,CT0014000,Thomaston,Racial Profile,S1,25-16231,Case No.,2025-09-04 00:00:00,September,A,N,M,34,True,False, Thomaston,Clay Street,  ,  ,V,G,1.0,0,14-218a10,,False,N,False,False,V,2025-09-04 09:07:54,Verbal Warning,,,False,1.0,CT0014000,20250905030005000001,2025-09-04 09:07:54,09:07:54,2025,,,,2025,Speed Related
2025-09-05 03:00:08.140000,7684567.0,CT0014000,Thomaston,Racial Profile,S3,25-16263,Case No.,2025-09-04 00:00:00,September,W,N,F,37,True,False, Thomaston,Elm Street,  ,  ,V,G,1.0,0,14-301,,False,N,False,False,V,2025-09-04 16:28:26,Verbal Warning,,,False,1.0,CT0014000,20250905030005000001,2025-09-04 16:28:26,16:28:26,2025,,,,2025,Stop Sign
2025-09-05 03:00:08.120000,7684565.0,CT0014000,Thomaston,Racial Profile,S1,25-16230,Case No.,2025-09-04 00:00:00,September,A,N,M,40,True,True, Thomaston,High Street Ext,  ,  ,V,G,1.0,0,14-218a,,False,N,False,False,V,2025-09-04 09:02:35,Verbal Warning,,,False,1.0,CT0014000,20250905030005000001,2025-09-04 09:02:35,09:02:35,2025,,,,2025,Speed Related
2025-09-05 03:00:08.150000,7684569.0,CT0014000,Thomaston,Racial Profile,S3,25-16267,Case No.,2025-09-04 00:00:00,September,I,N,F,31,True,True, Thomaston,Elm Street,  ,  ,V,G,1.0,0,14-301,,False,N,False,False,V,2025-09-04 16:52:47,Verbal Warning,,,False,1.0,CT0014000,20250905030005000001,2025-09-04 16:52:47,16:52:47,2025,,,,2025,Stop Sign
2025-09-05 03:00:08.143000,7684568.0,CT0014000,Thomaston,Racial Profile,S3,25-16266,Case No.,2025-09-04 00:00:00,September,I,N,F,34,True,False, Thomaston,Elm Street,  ,  ,V,G,1.0,0,14-301,,False,N,False,False,V,2025-09-04 16:38:20,Verbal Warning,,,False,1.0,CT0014000,20250905030005000001,2025-09-04 16:38:20,16:38:20,2025,,,,2025,Stop Sign
2025-09-06 03:00:09.173000,7686048.0,CT0014000,Thomaston,Racial Profile,01,25-16332,Case No.,2025-09-05 00:00:00,September,W,N,M,43,True,False, Thomaston,Branch Road (Rt. 109),  ,  ,V,G,1.0,0,14-218a,,False,N,False,False,V,2025-09-05 10:33:35,Verbal Warning,,,False,1.0,CT0014000,20250906030005000001,2025-09-05 10:33:35,10:33:35,2025,,,,2025,Speed Related
2025-09-06 03:00:09.153000,7686045.0,CT0014000,Thomaston,Racial Profile,02,25-16320,Case No.,2025-09-05 00:00:00,September,W,N,M,45,True,False, Thomaston,Clay Street,  ,  ,V,G,1.0,0,14-218a*,,False,N,False,False,V,2025-09-05 08:11:05,Verbal Warning,,,False,1.0,CT0014000,20250906030005000001,2025-09-05 08:11:05,08:11:05,2025,,,,2025,Speed Related
2025-09-06 03:00:09.160000,7686046.0,CT0014000,Thomaston,Racial Profile,02,25-16322,Case No.,2025-09-05 00:00:00,September,A,N,F,35,True,True, Thomaston,Clay Street,  ,  ,V,G,1.0,0,14-218a,,False,N,False,False,V,2025-09-05 08:20:26,Verbal Warning,,,False,1.0,CT0014000,20250906030005000001,2025-09-05 08:20:26,08:20:26,2025,,,,2025,Speed Related
2025-09-06 03:00:09.167000,7686047.0,CT0014000,Thomaston,Racial Profile,02,25-16326,Case No.,2025-09-05 00:00:00,September,W,N,F,37,True,True, Thomaston,Clay Street,  ,  ,V,G,1.0,0,14-218a,,False,N,False,False,V,2025-09-05 08:33:22,Verbal Warning,,,False,1.0,CT0014000,20250906030005000001,2025-09-05 08:33:22,08:33:22,2025,,,,2025,Speed Related
2025-09-06 03:00:09.183000,7686049.0,CT0014000,Thomaston,Racial Profile,01,25-16333,Case No.,2025-09-05 00:00:00,September,W,N,M,67,True,False, Thomaston,Branch Road (Rt. 109),  ,  ,V,G,1.0,0,14-219(b),,False,N,False,False,V,2025-09-05 10:39:52,Verbal Warning,,,False,1.0,CT0014000,20250906030005000001,2025-09-05 10:39:52,10:39:52,2025,,,,2025,Speed Related
2025-09-15 03:00:08.363000,7702759.0,CT0014000,Thomaston,Racial Profile,06,25-16484,Case No.,2025-09-07 00:00:00,September,W,N,M,39,True,True, Thomaston,Northfield Road (Rt. 254),  ,  ,V,G,1.0,0,14-218a,,False,N,False,False,V,2025-09-07 23:27:06,Verbal Warning,,,False,1.0,CT0014000,20250915030005000001,2025-09-07 23:27:06,23:27:06,2025,,,,2025,Speed Related
2025-09-09 03:00:08.763000,7690649.0,CT0014000,Thomaston,Racial Profile,02,25-16515,Case No.,2025-09-08 00:00:00,September,W,N,F,62,True,True, Thomaston,Main Street (Rt. 807),  ,  ,V,G,1.0,0,14-218a,,False,N,False,False,V,2025-09-08 08:04:30,Verbal Warning,,,False,1.0,CT0014000,20250909030005000001,2025-09-08 08:04:30,08:04:30,2025,,,,2025,Speed Related
2025-09-09 03:00:08.787000,7690651.0,CT0014000,Thomaston,Racial Profile,02,25-16519,Case No.,2025-09-08 00:00:00,September,B,H,M,49,True,True, Thomaston,High Street Ext,  ,  ,V,G,1.0,0,14-218a,,False,N,False,False,V,2025-09-08 08:24:50,Verbal Warning,,,False,1.0,CT0014000,20250909030005000001,2025-09-08 08:24:50,08:24:50,2025,,,,2025,Speed Related
2025-09-11 03:00:09.853000,7693779.0,CT0014000,Thomaston,Racial Profile,S1,25-16514,Case No.,2025-09-08 00:00:00,September,W,N,F,27,True,True, Thomaston,Northfield Road (Rt. 254),  ,  ,V,G,1.0,0,14-218a,,False,N,False,False,V,2025-09-08 08:01:37,Verbal Warning,,,False,1.0,CT0014000,20250911030005000001,2025-09-08 08:01:37,08:01:37,2025,,,,2025,Speed Related
2025-09-09 03:00:08.770000,7690650.0,CT0014000,Thomaston,Racial Profile,02,25-16518,Case No.,2025-09-08 00:00:00,September,W,N,M,29,True,True, Thomaston,High Street Ext,  ,  ,V,G,1.0,0,14-218a,,False,N,False,False,V,2025-09-08 08:16:44,Verbal Warning,,,False,1.0,CT0014000,20250909030005000001,2025-09-08 08:16:44,08:16:44,2025,,,,2025,Speed Related
2025-09-10 03:00:09.960000,7692197.0,CT0014000,Thomaston,Racial Profile,08,25-16609,Case No.,2025-09-09 00:00:00,September,W,N,M,38,False,False, Thomaston,Branch Road (Rt. 109),  ,  ,V,G,1.0,0,14-218a10,,False,N,False,False,U,2025-09-09 17:31:28,Uniform ArrestReport,,,False,1.0,CT0014000,20250910030005000001,2025-09-09 17:31:28,17:31:28,2025,,,,2025,Speed Related
2025-09-10 03:00:09.937000,7692194.0,CT0014000,Thomaston,Racial Profile,S3,25-16599,Case No.,2025-09-09 00:00:00,September,W,N,M,0,True,False, Thomaston,Elm Street,  ,  ,E,G,1.0,0,14-301,,False,N,False,False,V,2025-09-09 16:00:08,Verbal Warning,,,False,1.0,CT0014000,20250910030005000001,2025-09-09 16:00:08,16:00:08,2025,,,,2025,Stop Sign
2025-09-12 03:00:14.950000,7695277.0,CT0014000,Thomaston,Racial Profile,03,25-16632,Case No.,2025-09-09 00:00:00,September,W,N,M,26,True,True, Thomaston,High Street,  ,  ,E,G,1.0,0,14-96y,,False,N,False,False,V,2025-09-09 23:35:59,Verbal Warning,,,False,1.0,CT0014000,20250912030005000001,2025-09-09 23:35:59,23:35:59,2025,,,,2025,Defective Lights
2025-09-10 03:00:09.940000,7692195.0,CT0014000,Thomaston,Racial Profile,S3,25-16600,Case No.,2025-09-09 00:00:00,September,W,N,M,64,True,False, Thomaston,Elm Street,  ,  ,E,G,1.0,0,14-301,,False,N,False,False,V,2025-09-09 16:12:10,Verbal Warning,,,False,1.0,CT0014000,20250910030005000001,2025-09-09 16:12:10,16:12:10,2025,,,,2025,Stop Sign
2025-09-10 03:00:09.950000,7692196.0,CT0014000,Thomaston,Racial Profile,S3,25-16601,Case No.,2025-09-09 00:00:00,September,W,N,M,0,True,True, Thomaston,Elm Street,  ,  ,E,G,1.0,0,14-301,,False,N,False,False,V,2025-09-09 16:21:15,Verbal Warning,,,False,1.0,CT0014000,20250910030005000001,2025-09-09 16:21:15,16:21:15,2025,,,,2025,Stop Sign
2025-09-11 03:00:09.897000,7693786.0,CT0014000,Thomaston,Racial Profile,08,25-16693,Case No.,2025-09-10 00:00:00,September,W,H,M,41,True,False, Thomaston,Waterbury Road (Rt. 262),  ,  ,V,G,2.0,1,14-147(c),,False,N,False,False,I,2025-09-10 18:29:38,Infraction Ticket,,,False,1.0,CT0014000,20250911030005000001,2025-09-10 18:29:38,18:29:38,2025,14-213b,,,2025,Administrative Offense
2025-09-11 03:00:09.880000,7693784.0,CT0014000,Thomaston,Racial Profile,S3,25-16678,Case No.,2025-09-10 00:00:00,September,W,N,F,60,True,True, Thomaston,Clay Street,  ,  ,V,G,1.0,0,14-301,,False,N,False,False,V,2025-09-10 15:43:34,Verbal Warning,,,False,1.0,CT0014000,20250911030005000001,2025-09-10 15:43:34,15:43:34,2025,,,,2025,Stop Sign
2025-09-11 03:00:09.893000,7693785.0,CT0014000,Thomaston,Racial Profile,S3,25-16681,Case No.,2025-09-10 00:00:00,September,W,N,F,29,True,False, Thomaston,Clay Street,  ,  ,V,G,1.0,0,14-301,,False,N,False,False,V,2025-09-10 15:47:53,Verbal Warning,,,False,1.0,CT0014000,20250911030005000001,2025-09-10 15:47:53,15:47:53,2025,14-12(a),,,2025,Stop Sign
2025-09-11 03:00:09.863000,7693781.0,CT0014000,Thomaston,Racial Profile,S1,25-16638,Case No.,2025-09-10 00:00:00,September,W,N,M,43,True,True, Thomaston,Branch Road (Rt. 109),  ,  ,V,G,1.0,0,14-218a,,False,N,False,False,V,2025-09-10 07:53:40,Verbal Warning,,,False,1.0,CT0014000,20250911030005000001,2025-09-10 07:53:40,07:53:40,2025,,,,2025,Speed Related
2025-09-11 03:00:09.870000,7693782.0,CT0014000,Thomaston,Racial Profile,S1,25-16639,Case No.,2025-09-10 00:00:00,September,W,N,M,30,False,False, Thomaston,Watertown Road (Rt. 6),  ,  ,V,G,1.0,0,14-218a,,False,N,False,False,V,2025-09-10 08:03:19,Verbal Warning,,,False,1.0,CT0014000,20250911030005000001,2025-09-10 08:03:19,08:03:19,2025,,,,2025,Speed Related
2025-09-11 03:00:09.857000,7693780.0,CT0014000,Thomaston,Racial Profile,S1,25-16637,Case No.,2025-09-10 00:00:00,September,W,N,F,62,True,True, Thomaston,Branch Road (Rt. 109),  ,  ,V,G,1.0,0,14-218a,,False,N,False,False,V,2025-09-10 07:49:16,Verbal Warning,,,False,1.0,CT0014000,20250911030005000001,2025-09-10 07:49:16,07:49:16,2025,,,,2025,Speed Related
2025-09-11 03:00:09.877000,7693783.0,CT0014000,Thomaston,Racial Profile,S3,25-16676,Case No.,2025-09-10 00:00:00,September,W,N,F,63,True,True, Thomaston,Clay Street,  ,  ,V,G,1.0,0,14-301,,False,N,False,False,V,2025-09-10 15:31:49,Verbal Warning,,,False,1.0,CT0014000,20250911030005000001,2025-09-10 15:31:49,15:31:49,2025,,,,2025,Stop Sign
2025-09-12 03:00:14.973000,7695280.0,CT0014000,Thomaston,Racial Profile,S3,25-16749,Case No.,2025-09-11 00:00:00,September,W,N,M,0,True,False, Thomaston,Union Street,  ,  ,V,G,1.0,0,14-301,,False,O,False,False,V,2025-09-11 16:11:30,Verbal Warning,,,False,1.0,CT0014000,20250912030005000001,2025-09-11 16:11:30,16:11:30,2025,,,,2025,Stop Sign
2025-09-12 03:00:14.987000,7695281.0,CT0014000,Thomaston,Racial Profile,S3,25-16754,Case No.,2025-09-11 00:00:00,September,W,N,F,72,True,True, Thomaston,Union Street,  ,  ,V,G,1.0,0,14-301,,False,O,False,False,V,2025-09-11 16:19:11,Verbal Warning,,,False,1.0,CT0014000,20250912030005000001,2025-09-11 16:19:11,16:19:11,2025,,,,2025,Stop Sign
2025-09-12 03:00:14.957000,7695278.0,CT0014000,Thomaston,Racial Profile,02,25-16721,Case No.,2025-09-11 00:00:00,September,W,N,M,36,True,False, Thomaston,Branch Road (Rt. 109),  ,  ,V,G,1.0,0,14-218a,,False,N,False,False,V,2025-09-11 09:13:08,Verbal Warning,,,False,1.0,CT0014000,20250912030005000001,2025-09-11 09:13:08,09:13:08,2025,,,,2025,Speed Related
2025-09-12 03:00:14.970000,7695279.0,CT0014000,Thomaston,Racial Profile,02,25-16722,Case No.,2025-09-11 00:00:00,September,W,N,F,68,True,False, Thomaston,Branch Road (Rt. 109),  ,  ,V,G,1.0,0,14-218a,,False,N,False,False,V,2025-09-11 09:29:46,Verbal Warning,,,False,1.0,CT0014000,20250912030005000001,2025-09-11 09:29:46,09:29:46,2025,,,,2025,Speed Related
2025-09-12 03:00:14.990000,7695282.0,CT0014000,Thomaston,Racial Profile,S3,25-16755,Case No.,2025-09-11 00:00:00,September,W,N,F,68,True,False, Thomaston,Union Street,  ,  ,V,G,1.0,0,14-301,,False,O,False,False,V,2025-09-11 16:25:19,Verbal Warning,,,False,1.0,CT0014000,20250912030005000001,2025-09-11 16:25:19,16:25:19,2025,,,,2025,Stop Sign
2025-09-13 03:00:10.793000,7698040.0,CT0014000,Thomaston,Racial Profile,S3,25-16851,Case No.,2025-09-12 00:00:00,September,W,H,M,21,True,False, Thomaston,Clay Street,  ,  ,V,G,1.0,0,14-301,,False,N,False,False,V,2025-09-12 21:54:19,Verbal Warning,,,False,1.0,CT0014000,20250913030006000001,2025-09-12 21:54:19,21:54:19,2025,,,,2025,Stop Sign
2025-09-13 03:00:10.760000,7698037.0,CT0014000,Thomaston,Racial Profile,S3,25-16830,Case No.,2025-09-12 00:00:00,September,W,H,M,39,True,False, Thomaston,Union Street,  ,  ,V,G,1.0,0,14-301,,False,N,False,False,V,2025-09-12 16:38:21,Verbal Warning,,,False,1.0,CT0014000,20250913030006000001,2025-09-12 16:38:21,16:38:21,2025,,,,2025,Stop Sign
2025-09-13 03:00:10.773000,7698038.0,CT0014000,Thomaston,Racial Profile,S3,25-16831,Case No.,2025-09-12 00:00:00,September,W,N,M,20,True,False, Thomaston,Union Street,  ,  ,V,G,1.0,0,14-301,,False,N,False,False,V,2025-09-12 16:45:13,Verbal Warning,,,False,1.0,CT0014000,20250913030006000001,2025-09-12 16:45:13,16:45:13,2025,,,,2025,Stop Sign
2025-09-13 03:00:10.777000,7698039.0,CT0014000,Thomaston,Racial Profile,S3,25-16832,Case No.,2025-09-12 00:00:00,September,W,N,M,35,True,False, Thomaston,Union Street,  ,  ,V,G,1.0,0,14-301,,False,N,False,False,V,2025-09-12 16:53:32,Verbal Warning,,,False,1.0,CT0014000,20250913030006000001,2025-09-12 16:53:32,16:53:32,2025,,,,2025,Stop Sign
2025-09-15 03:00:08.370000,7702760.0,CT0014000,Thomaston,Racial Profile,06,25-16957,Case No.,2025-09-14 00:00:00,September,W,N,M,36,True,True, Thomaston,Northfield Road (Rt. 254),  ,  ,V,G,1.0,0,14-218a,,False,N,False,False,V,2025-09-14 23:16:29,Verbal Warning,,,False,1.0,CT0014000,20250915030005000001,2025-09-14 23:16:29,23:16:29,2025,,,,2025,Speed Related
2025-09-16 03:00:07.107000,7726072.0,CT0014000,Thomaston,Racial Profile,S1,25-16968,Case No.,2025-09-15 00:00:00,September,W,N,M,63,True,True, Thomaston,Clay Street,  ,  ,V,G,1.0,0,14-218a,,False,N,False,False,V,2025-09-15 08:06:19,Verbal Warning,,,False,1.0,CT0014000,20250916030005000001,2025-09-15 08:06:19,08:06:19,2025,,,,2025,Speed Related
2025-09-16 03:00:07.117000,7726075.0,CT0014000,Thomaston,Racial Profile,S3,25-16992,Case No.,2025-09-15 00:00:00,September,W,N,F,41,True,False, Thomaston,Union Street,  ,  ,V,G,3.0,0,14-301,,False,N,False,False,V,2025-09-15 17:29:44,Verbal Warning,,,False,1.0,CT0014000,20250916030005000001,2025-09-15 17:29:44,17:29:44,2025,,,,2025,Stop Sign
2025-09-16 03:00:07.120000,7726076.0,CT0014000,Thomaston,Racial Profile,S3,25-16998,Case No.,2025-09-15 00:00:00,September,W,N,F,0,True,False, Thomaston,East Main Street (Rt. 6),  ,  ,V,G,3.0,0,14-298,,False,N,False,False,V,2025-09-15 18:48:49,Verbal Warning,,,False,1.0,CT0014000,20250916030005000001,2025-09-15 18:48:49,18:48:49,2025,,,,2025,STC Violation
2025-09-16 03:00:07.103000,7726071.0,CT0014000,Thomaston,Racial Profile,S1,25-16966,Case No.,2025-09-15 00:00:00,September,W,N,F,60,True,True, Thomaston,Clay Street,  ,  ,V,G,1.0,0,14-218a,,False,N,False,False,V,2025-09-15 07:58:04,Verbal Warning,,,False,1.0,CT0014000,20250916030005000001,2025-09-15 07:58:04,07:58:04,2025,,,,2025,Speed Related
2025-09-16 03:00:07.113000,7726074.0,CT0014000,Thomaston,Racial Profile,S3,25-16991,Case No.,2025-09-15 00:00:00,September,W,N,F,50,True,False, Thomaston,Union Street,  ,  ,V,G,3.0,0,14-301,,False,N,False,False,V,2025-09-15 17:24:40,Verbal Warning,,,False,1.0,CT0014000,20250916030005000001,2025-09-15 17:24:40,17:24:40,2025,,,,2025,Stop Sign
2025-09-16 03:00:07.110000,7726073.0,CT0014000,Thomaston,Racial Profile,S3,25-16990,Case No.,2025-09-15 00:00:00,September,W,N,M,33,True,False, Thomaston,Union Street,  ,  ,V,G,1.0,0,14-301,,False,N,False,False,V,2025-09-15 16:49:40,Verbal Warning,,,False,1.0,CT0014000,20250916030005000001,2025-09-15 16:49:40,16:49:40,2025,,,,2025,Stop Sign
2025-09-17 03:00:08.883000,7728668.0,CT0014000,Thomaston,Racial Profile,08,25-17057,Case No.,2025-09-16 00:00:00,September,W,N,F,32,True,False, Thomaston,Clay Street,  ,  ,V,G,1.0,0,14-219,,False,N,False,False,V,2025-09-16 18:20:14,Verbal Warning,,,False,1.0,CT0014000,20250917030005000001,2025-09-16 18:20:14,18:20:14,2025,,,,2025,Speed Related
2025-09-17 03:00:08.880000,7728667.0,CT0014000,Thomaston,Racial Profile,S3,25-17055,Case No.,2025-09-16 00:00:00,September,W,H,F,0,False,False, Thomaston,Union Street,  ,  ,V,G,1.0,0,14-301,,False,N,False,False,V,2025-09-16 17:44:32,Verbal Warning,,,False,1.0,CT0014000,20250917030005000001,2025-09-16 17:44:32,17:44:32,2025,,,,2025,Stop Sign
2025-10-30 03:00:08.750000,7842949.0,CT0014000,Thomaston,Racial Profile,S2,25-17084,Case No.,2025-09-17 00:00:00,September,W,N,F,39,True,True, Thomaston,Branch Road (Rt. 109),  ,  ,V,B,1.0,0,14-218a,,False,N,False,False,V,2025-09-17 04:41:42,Verbal Warning,,,False,1.0,CT0014000,20251030030005000001,2025-09-17 04:41:42,04:41:42,2025,,,,2025,Speed Related
2025-09-19 03:00:14.553000,7733143.0,CT0014000,Thomaston,Racial Profile,02,25-17156,Case No.,2025-09-18 00:00:00,September,W,N,F,59,True,True, Thomaston,Clay Street,  ,  ,V,G,1.0,0,14-218a,,False,N,False,False,V,2025-09-18 08:21:14,Verbal Warning,,,False,1.0,CT0014000,20250919030005000001,2025-09-18 08:21:14,08:21:14,2025,,,,2025,Speed Related
2025-09-19 03:00:14.503000,7733141.0,CT0014000,Thomaston,Racial Profile,02,25-17154,Case No.,2025-09-18 00:00:00,September,W,N,F,35,True,True, Thomaston,Clay Street,  ,  ,V,G,1.0,0,14-218a,,False,N,False,False,V,2025-09-18 08:09:03,Verbal Warning,,,False,1.0,CT0014000,20250919030005000001,2025-09-18 08:09:03,08:09:03,2025,,,,2025,Speed Related
2025-09-19 03:00:14.510000,7733142.0,CT0014000,Thomaston,Racial Profile,02,25-17155,Case No.,2025-09-18 00:00:00,September,W,N,F,48,True,True, Thomaston,Clay Street,  ,  ,V,G,1.0,0,14-218a,,False,N,False,False,V,2025-09-18 08:15:27,Verbal Warning,,,False,1.0,CT0014000,20250919030005000001,2025-09-18 08:15:27,08:15:27,2025,,,,2025,Speed Related
2025-09-19 03:00:14.563000,7733144.0,CT0014000,Thomaston,Racial Profile,S3,25-17195,Case No.,2025-09-18 00:00:00,September,W,N,M,38,True,False, Thomaston,Union Street,  ,  ,V,G,1.0,0,14-301,,False,N,False,False,V,2025-09-18 17:49:25,Verbal Warning,,,False,1.0,CT0014000,20250919030005000001,2025-09-18 17:49:25,17:49:25,2025,,,,2025,Stop Sign
2025-09-19 03:00:14.567000,7733145.0,CT0014000,Thomaston,Racial Profile,S3,25-17196,Case No.,2025-09-18 00:00:00,September,W,N,F,63,True,True, Thomaston,Union Street,  ,  ,V,G,1.0,0,14-301,,False,N,False,False,V,2025-09-18 17:57:22,Verbal Warning,,,False,1.0,CT0014000,20250919030005000001,2025-09-18 17:57:22,17:57:22,2025,,,,2025,Stop Sign
2025-10-01 03:00:08.897000,7752355.0,CT0014000,Thomaston,Racial Profile,02,25-17250,Case No.,2025-09-19 00:00:00,September,W,N,F,17,True,False, Thomaston,North Main Street,  ,  ,V,G,1.0,0,14-218a,,False,N,False,False,V,2025-09-19 08:03:28,Verbal Warning,,,False,1.0,CT0014000,20251001030005000001,2025-09-19 08:03:28,08:03:28,2025,,,,2025,Speed Related
2025-10-01 03:00:08.910000,7752356.0,CT0014000,Thomaston,Racial Profile,02,25-17255,Case No.,2025-09-19 00:00:00,September,W,N,F,78,True,False, Thomaston,Main Street (Rt. 807),  ,  ,V,G,1.0,0,14-218a,,False,N,False,False,V,2025-09-19 08:45:38,Verbal Warning,,,False,1.0,CT0014000,20251001030005000001,2025-09-19 08:45:38,08:45:38,2025,,,,2025,Speed Related
2025-09-20 03:00:09.717000,7734681.0,CT0014000,Thomaston,Racial Profile,S1,25-17247,Case No.,2025-09-19 00:00:00,September,W,N,M,45,True,False, Thomaston,Branch Road (Rt. 109),  ,  ,V,G,1.0,0,14-218a,,False,N,False,False,N,2025-09-19 07:51:59,No Disposition,,,False,1.0,CT0014000,20250920030005000001,2025-09-19 07:51:59,07:51:59,2025,,,,2025,Speed Related
2025-09-20 03:00:09.707000,7734680.0,CT0014000,Thomaston,Racial Profile,S1,25-17246,Case No.,2025-09-19 00:00:00,September,W,N,F,56,True,False, Thomaston,Branch Road (Rt. 109),  ,  ,V,G,1.0,0,14-218a,,False,N,False,False,N,2025-09-19 07:46:06,No Disposition,,,False,1.0,CT0014000,20250920030005000001,2025-09-19 07:46:06,07:46:06,2025,,,,2025,Speed Related
2025-10-01 03:00:08.927000,7752357.0,CT0014000,Thomaston,Racial Profile,02,25-17325,Case No.,2025-09-20 00:00:00,September,W,N,M,27,True,True, Thomaston,Main Street (Rt. 807),  ,  ,V,G,1.0,0,14-299,,False,N,False,False,V,2025-09-20 12:32:52,Verbal Warning,,,False,1.0,CT0014000,20251001030005000001,2025-09-20 12:32:52,12:32:52,2025,,,,2025,Traffic Control Signal
2025-09-20 03:00:09.720000,7734682.0,CT0014000,Thomaston,Racial Profile,06,25-17296,Case No.,2025-09-20 00:00:00,September,W,N,M,20,True,False, Thomaston,Branch Road (Rt. 109),  ,  ,V,G,1.0,0,14-218a,,False,N,False,False,V,2025-09-20 01:03:08,Verbal Warning,,,False,1.0,CT0014000,20250920030005000001,2025-09-20 01:03:08,01:03:08,2025,,,,2025,Speed Related
2025-09-21 03:00:09.760000,7736267.0,CT0014000,Thomaston,Racial Profile,03,25-17351,Case No.,2025-09-20 00:00:00,September,W,N,M,50,True,False, Thomaston,Branch Road (Rt. 109),  ,  ,V,B,1.0,0,14-219(b),,False,N,False,False,V,2025-09-20 20:56:36,Verbal Warning,,,False,1.0,CT0014000,20250921030005000001,2025-09-20 20:56:36,20:56:36,2025,,,,2025,Speed Related
2025-09-20 03:00:09.727000,7734683.0,CT0014000,Thomaston,Racial Profile,06,25-17297,Case No.,2025-09-20 00:00:00,September,W,N,M,26,True,False, Thomaston,Branch Road (Rt. 109),  ,  ,V,G,1.0,0,14-218a,,False,N,False,False,V,2025-09-20 01:18:54,Verbal Warning,,,False,1.0,CT0014000,20250920030005000001,2025-09-20 01:18:54,01:18:54,2025,,,,2025,Speed Related
2025-09-22 03:00:09.793000,7737843.0,CT0014000,Thomaston,Racial Profile,08,25-17410,Case No.,2025-09-21 00:00:00,September,W,N,M,19,True,True, Thomaston,South Main Street (Rt. 254),  ,  ,E,G,1.0,0,14-96i,,False,N,False,False,V,2025-09-21 21:18:47,Verbal Warning,,,False,1.0,CT0014000,20250922030005000001,2025-09-21 21:18:47,21:18:47,2025,,,,2025,Defective Lights
2025-09-22 03:00:09.737000,7737838.0,CT0014000,Thomaston,Racial Profile,S1,25-17370,Case No.,2025-09-21 00:00:00,September,W,N,F,39,True,False, Thomaston,Branch Road (Rt. 109),  ,  ,V,G,1.0,0,14-218a,,False,N,False,False,V,2025-09-21 09:04:32,Verbal Warning,,,False,1.0,CT0014000,20250922030005000001,2025-09-21 09:04:32,09:04:32,2025,,,,2025,Speed Related
2025-09-22 03:00:09.753000,7737839.0,CT0014000,Thomaston,Racial Profile,S3,25-17383,Case No.,2025-09-21 00:00:00,September,W,N,F,48,True,False, Thomaston,Union Street,  ,  ,V,G,1.0,0,14-301,,False,N,False,False,V,2025-09-21 16:32:23,Verbal Warning,,,False,1.0,CT0014000,20250922030005000001,2025-09-21 16:32:23,16:32:23,2025,,,,2025,Stop Sign
2025-09-22 03:00:09.760000,7737840.0,CT0014000,Thomaston,Racial Profile,S3,25-17384,Case No.,2025-09-21 00:00:00,September,W,N,F,51,True,False, Thomaston,Union Street,  ,  ,V,G,1.0,0,14-301,,False,N,False,False,V,2025-09-21 16:38:25,Verbal Warning,,,False,1.0,CT0014000,20250922030005000001,2025-09-21 16:38:25,16:38:25,2025,,,,2025,Stop Sign
2025-09-22 03:00:09.777000,7737841.0,CT0014000,Thomaston,Racial Profile,S3,25-17386,Case No.,2025-09-21 00:00:00,September,W,N,M,47,True,False, Thomaston,Union Street,  ,  ,V,G,1.0,0,14-301,,False,N,False,False,V,2025-09-21 16:46:14,Verbal Warning,,,False,1.0,CT0014000,20250922030005000001,2025-09-21 16:46:14,16:46:14,2025,14-12(a),,,2025,Stop Sign
2025-09-22 03:00:09.783000,7737842.0,CT0014000,Thomaston,Racial Profile,08,25-17391,Case No.,2025-09-21 00:00:00,September,W,H,M,27,False,False, Thomaston,Branch Road (Rt. 109),  ,  ,V,G,1.0,0,14-218a,,False,N,False,False,V,2025-09-21 17:04:11,Verbal Warning,,,False,1.0,CT0014000,20250922030005000001,2025-09-21 17:04:11,17:04:11,2025,,,,2025,Speed Related
2025-10-30 03:00:08.757000,7842950.0,CT0014000,Thomaston,Racial Profile,S2,25-17472,Case No.,2025-09-23 00:00:00,September,W,N,F,22,True,True, Thomaston,Branch Road (Rt. 109),  ,  ,V,B,1.0,0,14-218a,,False,N,False,False,V,2025-09-23 02:18:43,Verbal Warning,,,False,1.0,CT0014000,20251030030005000001,2025-09-23 02:18:43,02:18:43,2025,,,,2025,Speed Related
2025-09-24 03:00:08.087000,7741042.0,CT0014000,Thomaston,Racial Profile,S3,25-17520,Case No.,2025-09-23 00:00:00,September,W,N,M,38,True,False, Thomaston,Elm Street,  ,  ,V,G,1.0,0,14-301,,False,N,False,False,V,2025-09-23 17:00:11,Verbal Warning,,,False,1.0,CT0014000,20250924030005000001,2025-09-23 17:00:11,17:00:11,2025,,,,2025,Stop Sign
2025-09-24 03:00:08.090000,7741043.0,CT0014000,Thomaston,Racial Profile,S3,25-17521,Case No.,2025-09-23 00:00:00,September,W,N,M,31,True,False, Thomaston,Elm Street,  ,  ,V,G,1.0,0,14-301,,False,N,False,False,V,2025-09-23 17:15:36,Verbal Warning,,,False,1.0,CT0014000,20250924030005000001,2025-09-23 17:15:36,17:15:36,2025,14-12(a),,,2025,Stop Sign
2025-09-24 03:00:08.100000,7741044.0,CT0014000,Thomaston,Racial Profile,S3,25-17523,Case No.,2025-09-23 00:00:00,September,W,N,F,58,True,False, Thomaston,Elm Street,  ,  ,V,G,1.0,0,14-301,,False,N,False,False,V,2025-09-23 17:25:34,Verbal Warning,,,False,1.0,CT0014000,20250924030005000001,2025-09-23 17:25:34,17:25:34,2025,,,,2025,Stop Sign
2025-09-27 03:00:09.823000,7745843.0,CT0014000,Thomaston,Racial Profile,08,25-17720,Case No.,2025-09-26 00:00:00,September,W,H,M,24,False,False, Thomaston,Main Street (Rt. 807),  ,  ,V,G,1.0,0,14-218a,,False,N,False,False,V,2025-09-26 17:18:48,Verbal Warning,,,False,1.0,CT0014000,20250927030004000001,2025-09-26 17:18:48,17:18:48,2025,,,,2025,Speed Related
2025-09-28 03:00:06.060000,7747448.0,CT0014000,Thomaston,Racial Profile,08,25-17769,Case No.,2025-09-27 00:00:00,September,W,N,M,60,True,False, Thomaston,North Main Street,  ,  ,V,G,1.0,0,14-219,,False,N,False,False,V,2025-09-27 17:51:23,Verbal Warning,,,False,1.0,CT0014000,20250928030005000001,2025-09-27 17:51:23,17:51:23,2025,,,,2025,Speed Related
2025-09-28 03:00:06.057000,7747447.0,CT0014000,Thomaston,Racial Profile,08,25-17759,Case No.,2025-09-27 00:00:00,September,W,N,M,39,True,False, Thomaston,Hickory Hill Road,  ,  ,V,G,1.0,0,14-301,,False,N,False,False,V,2025-09-27 15:18:30,Verbal Warning,,,False,1.0,CT0014000,20250928030005000001,2025-09-27 15:18:30,15:18:30,2025,,,,2025,Stop Sign
2025-09-30 03:00:08.933000,7750754.0,CT0014000,Thomaston,Racial Profile,S3,25-17821,Case No.,2025-09-29 00:00:00,September,W,N,M,91,True,False, Thomaston,Main Street (Rt. 807),  ,  ,V,G,1.0,0,14-301,,False,N,False,False,V,2025-09-29 15:37:53,Verbal Warning,,,False,1.0,CT0014000,20250930030005000001,2025-09-29 15:37:53,15:37:53,2025,,,,2025,Stop Sign
2025-09-30 03:00:08.940000,7750755.0,CT0014000,Thomaston,Racial Profile,S3,25-17822,Case No.,2025-09-29 00:00:00,September,W,N,M,35,True,False, Thomaston,Main Street (Rt. 807),  ,  ,V,G,1.0,0,14-301,,False,N,False,False,V,2025-09-29 15:51:45,Verbal Warning,,,False,1.0,CT0014000,20250930030005000001,2025-09-29 15:51:45,15:51:45,2025,,,,2025,Stop Sign
2025-09-30 03:00:08.943000,7750756.0,CT0014000,Thomaston,Racial Profile,S3,25-17823,Case No.,2025-09-29 00:00:00,September,W,N,M,0,True,False, Thomaston,Main Street (Rt. 807),  ,  ,V,G,1.0,0,14-301,,False,N,False,False,V,2025-09-29 16:01:35,Verbal Warning,,,False,1.0,CT0014000,20250930030005000001,2025-09-29 16:01:35,16:01:35,2025,,,,2025,Stop Sign
2025-10-01 03:00:08.970000,7752361.0,CT0014000,Thomaston,Racial Profile,01,25-17887,Case No.,2025-09-30 00:00:00,September,W,N,F,52,True,False, Thomaston,Elm Street,  ,  ,V,G,1.0,0,14-299,,False,N,False,False,V,2025-09-30 11:52:42,Verbal Warning,,,False,1.0,CT0014000,20251001030005000001,2025-09-30 11:52:42,11:52:42,2025,,,,2025,Traffic Control Signal
2025-10-01 03:00:08.947000,7752358.0,CT0014000,Thomaston,Racial Profile,02,25-17880,Case No.,2025-09-30 00:00:00,September,W,H,M,37,True,False, Thomaston,Main Street (Rt. 807),  ,  ,V,G,1.0,0,14-299,,False,N,False,False,V,2025-09-30 08:23:17,Verbal Warning,,,False,1.0,CT0014000,20251001030005000001,2025-09-30 08:23:17,08:23:17,2025,,,,2025,Traffic Control Signal
2025-10-01 03:00:08.953000,7752359.0,CT0014000,Thomaston,Racial Profile,02,25-17884,Case No.,2025-09-30 00:00:00,September,W,N,M,59,True,False, Thomaston,High Street Ext,  ,  ,V,G,1.0,0,14-218a,,False,N,False,False,V,2025-09-30 10:16:47,Verbal Warning,,,False,1.0,CT0014000,20251001030005000001,2025-09-30 10:16:47,10:16:47,2025,,,,2025,Speed Related
2025-10-01 03:00:08.957000,7752360.0,CT0014000,Thomaston,Racial Profile,02,25-17885,Case No.,2025-09-30 00:00:00,September,W,N,F,71,True,True, Thomaston,Clay Street,  ,  ,V,G,1.0,0,14-218A,,False,N,False,False,V,2025-09-30 10:30:35,Verbal Warning,,,False,1.0,CT0014000,20251001030005000001,2025-09-30 10:30:35,10:30:35,2025,,,,2025,Speed Related
2025-10-02 03:00:09.510000,7754618.0,CT0014000,Thomaston,Racial Profile,02,25-17951,Case No.,2025-10-01 00:00:00,October,W,N,M,0,True,False, Thomaston,North Main Street,  ,  ,V,G,1.0,0,14-218a,,False,N,False,False,V,2025-10-01 10:10:44,Verbal Warning,,,False,1.0,CT0014000,20251002030005000001,2025-10-01 10:10:44,10:10:44,2025,,,,2025,Speed Related
2025-10-03 03:00:16.650000,7756252.0,CT0014000,Thomaston,Racial Profile,02,25-18006,Case No.,2025-10-02 00:00:00,October,W,N,M,54,True,False, Thomaston,North Main Street,  ,  ,V,G,1.0,0,14-218a,,False,N,False,False,V,2025-10-02 10:34:15,Verbal Warning,,,False,1.0,CT0014000,20251003030005000001,2025-10-02 10:34:15,10:34:15,2025,,,,2025,Speed Related
2025-10-03 03:00:16.643000,7756251.0,CT0014000,Thomaston,Racial Profile,02,25-18005,Case No.,2025-10-02 00:00:00,October,B,N,M,44,True,False, Thomaston,North Main Street,  ,  ,V,G,1.0,0,14-218a,,False,N,False,False,V,2025-10-02 10:09:25,Verbal Warning,,,False,1.0,CT0014000,20251003030005000001,2025-10-02 10:09:25,10:09:25,2025,,,,2025,Speed Related
2025-10-07 03:00:09.317000,7762935.0,CT0014000,Thomaston,Racial Profile,02,25-18007,Case No.,2025-10-02 00:00:00,October,W,N,F,56,True,False, Thomaston,North Main Street (Rt. 222),  ,  ,V,G,1.0,0,14-234,,False,N,False,False,V,2025-10-02 10:44:27,Verbal Warning,,,False,1.0,CT0014000,20251007030005000001,2025-10-02 10:44:27,10:44:27,2025,,,,2025,Moving Violation
2025-10-11 03:00:10.260000,7770799.0,CT0014000,Thomaston,Racial Profile,06,25-18091,Case No.,2025-10-03 00:00:00,October,W,N,F,19,True,True, Thomaston,South Main Street (Rt. 254),  ,  ,V,G,1.0,0,14-218a10,,False,N,False,False,V,2025-10-03 22:58:18,Verbal Warning,,,False,1.0,CT0014000,20251011030005000001,2025-10-03 22:58:18,22:58:18,2025,,,,2025,Speed Related
2025-10-05 03:00:11.180000,7759579.0,CT0014000,Thomaston,Racial Profile,S3,25-18112,Case No.,2025-10-04 00:00:00,October,W,N,F,29,True,False, Thomaston,Elm Street,  ,  ,V,G,1.0,0,14-301,,False,N,False,False,V,2025-10-04 16:33:11,Verbal Warning,,,False,1.0,CT0014000,20251005030005000001,2025-10-04 16:33:11,16:33:11,2025,,,,2025,Stop Sign
2025-10-07 03:00:09.323000,7762936.0,CT0014000,Thomaston,Racial Profile,02,25-18213,Case No.,2025-10-06 00:00:00,October,W,N,F,0,False,False, Thomaston,Branch Road (Rt. 109),  ,  ,V,G,1.0,0,14-218a,,False,N,False,False,V,2025-10-06 09:10:54,Verbal Warning,,,False,1.0,CT0014000,20251007030005000001,2025-10-06 09:10:54,09:10:54,2025,,,,2025,Speed Related
2025-10-09 03:00:09.033000,7766299.0,CT0014000,Thomaston,Racial Profile,02,25-18275,Case No.,2025-10-07 00:00:00,October,W,N,F,53,True,False, Thomaston,Northfield Road (Rt. 254),  ,  ,V,G,1.0,0,14-218a,,False,N,False,False,V,2025-10-07 09:55:29,Verbal Warning,,,False,1.0,CT0014000,20251009030005000001,2025-10-07 09:55:29,09:55:29,2025,,,,2025,Speed Related
2025-10-09 03:00:09.040000,7766301.0,CT0014000,Thomaston,Racial Profile,02,25-18277,Case No.,2025-10-07 00:00:00,October,W,N,F,29,True,False, Thomaston,Northfield Road (Rt. 254),  ,  ,V,G,1.0,0,14-218a,,False,N,False,False,V,2025-10-07 10:20:52,Verbal Warning,,,False,1.0,CT0014000,20251009030005000001,2025-10-07 10:20:52,10:20:52,2025,,,,2025,Speed Related
2025-10-09 03:00:09.037000,7766300.0,CT0014000,Thomaston,Racial Profile,02,25-18276,Case No.,2025-10-07 00:00:00,October,W,N,M,62,True,False, Thomaston,Northfield Road (Rt. 254),  ,  ,V,G,1.0,0,14-218a,,False,N,False,False,V,2025-10-07 10:12:05,Verbal Warning,,,False,1.0,CT0014000,20251009030005000001,2025-10-07 10:12:05,10:12:05,2025,,,,2025,Speed Related
2025-11-01 03:00:08.383000,7846534.0,CT0014000,Thomaston,Racial Profile,S1,25-18400,Case No.,2025-10-09 00:00:00,October,W,N,M,0,True,True, Thomaston,Clay Street,  ,  ,V,G,2.0,1,14-218a,,True,I,False,True,V,2025-10-09 10:13:09,Verbal Warning,,,False,1.0,CT0014000,20251101030005000001,2025-10-09 10:13:09,10:13:09,2025,,,,2025,Speed Related
2025-10-11 03:00:10.263000,7770800.0,CT0014000,Thomaston,Racial Profile,S1,25-18401,Case No.,2025-10-09 00:00:00,October,W,N,M,41,True,False, Thomaston,Clay Street,  ,  ,V,G,1.0,0,14-218a,,False,N,False,False,V,2025-10-09 10:15:11,Verbal Warning,,,False,1.0,CT0014000,20251011030005000001,2025-10-09 10:15:11,10:15:11,2025,,,,2025,Speed Related
2025-10-11 03:00:10.270000,7770801.0,CT0014000,Thomaston,Racial Profile,08,25-18418,Case No.,2025-10-09 00:00:00,October,W,N,M,65,True,True, Thomaston,South Main Street (Rt. 254),  ,  ,V,G,1.0,0,14-299,,False,N,False,False,V,2025-10-09 15:05:26,Verbal Warning,,,False,1.0,CT0014000,20251011030005000001,2025-10-09 15:05:26,15:05:26,2025,,,,2025,Traffic Control Signal
2025-10-11 03:00:10.273000,7770802.0,CT0014000,Thomaston,Racial Profile,S3,25-18489,Case No.,2025-10-10 00:00:00,October,W,N,M,37,True,False, Thomaston,Union Street,  ,  ,V,G,1.0,0,14-301,,False,N,False,False,V,2025-10-10 15:21:22,Verbal Warning,,,False,1.0,CT0014000,20251011030005000001,2025-10-10 15:21:22,15:21:22,2025,,,,2025,Stop Sign
2025-10-11 03:00:10.280000,7770804.0,CT0014000,Thomaston,Racial Profile,S3,25-18497,Case No.,2025-10-10 00:00:00,October,W,N,F,31,True,False, Thomaston,Union Street,  ,  ,V,G,1.0,0,14-301,,False,N,False,False,V,2025-10-10 15:41:18,Verbal Warning,,,False,1.0,CT0014000,20251011030005000001,2025-10-10 15:41:18,15:41:18,2025,,,,2025,Stop Sign
2025-10-11 03:00:10.280000,7770803.0,CT0014000,Thomaston,Racial Profile,S3,25-18491,Case No.,2025-10-10 00:00:00,October,W,N,F,69,True,False, Thomaston,Union Street,  ,  ,V,G,1.0,0,14-301,,False,N,False,False,V,2025-10-10 15:33:04,Verbal Warning,,,False,1.0,CT0014000,20251011030005000001,2025-10-10 15:33:04,15:33:04,2025,,,,2025,Stop Sign
2025-10-15 03:00:09.213000,7778654.0,CT0014000,Thomaston,Racial Profile,02,25-18695,Case No.,2025-10-14 00:00:00,October,W,N,M,44,True,True, Thomaston,Clay Street,  ,  ,V,G,1.0,0,14-218a,,False,N,False,False,V,2025-10-14 09:32:35,Verbal Warning,,,False,1.0,CT0014000,20251015030005000001,2025-10-14 09:32:35,09:32:35,2025,,,,2025,Speed Related
2025-10-15 03:00:09.217000,7778655.0,CT0014000,Thomaston,Racial Profile,02,25-18696,Case No.,2025-10-14 00:00:00,October,W,N,M,71,True,True, Thomaston,Clay Street,  ,  ,V,G,1.0,0,14-218A,,False,N,False,False,V,2025-10-14 09:37:06,Verbal Warning,,,False,1.0,CT0014000,20251015030005000001,2025-10-14 09:37:06,09:37:06,2025,,,,2025,Speed Related
2025-10-15 03:00:09.220000,7778656.0,CT0014000,Thomaston,Racial Profile,02,25-18698,Case No.,2025-10-14 00:00:00,October,W,N,M,20,True,True, Thomaston,Clay Street,  ,  ,V,G,1.0,0,14-218a,,False,N,False,False,V,2025-10-14 09:55:05,Verbal Warning,,,False,1.0,CT0014000,20251015030005000001,2025-10-14 09:55:05,09:55:05,2025,,,,2025,Speed Related
2025-10-16 03:00:09.193000,7797345.0,CT0014000,Thomaston,Racial Profile,S1,25-18745,Case No.,2025-10-15 00:00:00,October,W,N,M,52,True,True, Thomaston,Watertown Road (Rt. 6),  ,  ,V,G,1.0,0,14-218a,,False,N,False,False,V,2025-10-15 08:31:14,Verbal Warning,,,False,1.0,CT0014000,20251016030005000001,2025-10-15 08:31:14,08:31:14,2025,,,,2025,Speed Related
2025-10-16 03:00:09.187000,7797343.0,CT0014000,Thomaston,Racial Profile,S1,25-18740,Case No.,2025-10-15 00:00:00,October,W,N,F,64,True,False, Thomaston,Old Branch Road,  ,  ,V,G,1.0,0,14-218a,,False,N,False,False,V,2025-10-15 08:14:19,Verbal Warning,,,False,1.0,CT0014000,20251016030005000001,2025-10-15 08:14:19,08:14:19,2025,,,,2025,Speed Related
2025-10-16 03:00:09.190000,7797344.0,CT0014000,Thomaston,Racial Profile,S1,25-18741,Case No.,2025-10-15 00:00:00,October,W,N,M,36,True,False, Thomaston,Old Branch Road,  ,  ,V,G,1.0,0,14-218a,,False,N,False,False,V,2025-10-15 08:20:38,Verbal Warning,,,False,1.0,CT0014000,20251016030005000001,2025-10-15 08:20:38,08:20:38,2025,,,,2025,Speed Related
2025-10-16 03:00:09.200000,7797347.0,CT0014000,Thomaston,Racial Profile,S3,25-18784,Case No.,2025-10-15 00:00:00,October,W,N,F,0,True,False, Thomaston,Elm Street,  ,  ,V,G,1.0,0,14-301,,False,N,False,False,N,2025-10-15 19:42:25,No Disposition,,,False,1.0,CT0014000,20251016030005000001,2025-10-15 19:42:25,19:42:25,2025,,,,2025,Stop Sign
2025-10-16 03:00:09.203000,7797348.0,CT0014000,Thomaston,Racial Profile,S3,25-18786,Case No.,2025-10-15 00:00:00,October,A,N,M,0,True,False, Thomaston,Elm Street,  ,  ,V,G,1.0,0,14-301,,False,N,False,False,V,2025-10-15 20:28:31,Verbal Warning,,,False,1.0,CT0014000,20251016030005000001,2025-10-15 20:28:31,20:28:31,2025,,,,2025,Stop Sign
2025-10-16 03:00:09.200000,7797346.0,CT0014000,Thomaston,Racial Profile,S3,25-18783,Case No.,2025-10-15 00:00:00,October,W,N,M,0,True,False, Thomaston,Elm Street,  ,  ,V,G,1.0,0,14-301,,False,N,False,False,V,2025-10-15 19:34:17,Verbal Warning,,,False,1.0,CT0014000,20251016030005000001,2025-10-15 19:34:17,19:34:17,2025,,,,2025,Stop Sign
2025-10-16 03:00:09.223000,7797349.0,CT0014000,Thomaston,Racial Profile,S3,25-18786,Case No.,2025-10-15 00:00:00,October,A,N,M,21,True,False, Thomaston,Elm Street,  ,  ,V,G,1.0,0,14-301,,False,N,False,False,V,2025-10-15 20:28:31,Verbal Warning,,,False,1.0,CT0014000,20251016030005000001,2025-10-15 20:28:31,20:28:31,2025,,,,2025,Stop Sign
2025-10-18 03:00:08.180000,7801595.0,CT0014000,Thomaston,Racial Profile,S3,25-18904,Case No.,2025-10-17 00:00:00,October,B,N,F,47,True,True, Thomaston,Elm Street,  ,  ,V,G,1.0,0,14-301,,False,N,False,False,V,2025-10-17 20:39:47,Verbal Warning,,,False,1.0,CT0014000,20251018030004000001,2025-10-17 20:39:47,20:39:47,2025,,,,2025,Stop Sign
2025-10-21 03:00:08.510000,7808267.0,CT0014000,Thomaston,Racial Profile,02,25-19054,Case No.,2025-10-20 00:00:00,October,W,N,F,71,True,False, Thomaston,Hickory Hill Road,  ,  ,V,G,1.0,0,14-218a,,False,N,False,False,V,2025-10-20 09:30:21,Verbal Warning,,,False,1.0,CT0014000,20251021030005000001,2025-10-20 09:30:21,09:30:21,2025,,,,2025,Speed Related
2025-10-21 03:00:08.517000,7808268.0,CT0014000,Thomaston,Racial Profile,02,25-19055,Case No.,2025-10-20 00:00:00,October,W,N,M,35,True,False, Thomaston,Hickory Hill Road,  ,  ,V,G,1.0,0,14-218a,,False,N,False,False,V,2025-10-20 09:38:19,Verbal Warning,,,False,1.0,CT0014000,20251021030005000001,2025-10-20 09:38:19,09:38:19,2025,,,,2025,Speed Related
2025-10-24 03:00:10.370000,7813495.0,CT0014000,Thomaston,Racial Profile,02,25-19056,Case No.,2025-10-20 00:00:00,October,W,N,M,22,True,True, Thomaston,Hickory Hill Road,  ,  ,V,G,1.0,1,14-218a,,False,N,False,False,V,2025-10-20 09:54:27,Verbal Warning,,,False,1.0,CT0014000,20251024030005000001,2025-10-20 09:54:27,09:54:27,2025,,,,2025,Speed Related
2025-10-22 03:00:09.453000,7810004.0,CT0014000,Thomaston,Racial Profile,S3,25-19122,Case No.,2025-10-21 00:00:00,October,W,N,F,34,True,False, Thomaston,Union Street,  ,  ,V,G,1.0,0,14-301,,False,N,False,False,V,2025-10-21 16:02:58,Verbal Warning,,,False,1.0,CT0014000,20251022030005000001,2025-10-21 16:02:58,16:02:58,2025,,,,2025,Stop Sign
2025-10-22 03:00:09.520000,7810006.0,CT0014000,Thomaston,Racial Profile,S3,25-19124,Case No.,2025-10-21 00:00:00,October,W,N,F,48,True,True, Thomaston,Union Street,  ,  ,V,G,1.0,0,14-301,,False,N,False,False,V,2025-10-21 16:19:41,Verbal Warning,,,False,1.0,CT0014000,20251022030005000001,2025-10-21 16:19:41,16:19:41,2025,,,,2025,Stop Sign
2025-10-22 03:00:09.527000,7810007.0,CT0014000,Thomaston,Racial Profile,08,25-19126,Case No.,2025-10-21 00:00:00,October,W,N,F,41,True,False, Thomaston,North Main Street (Rt. 222),  ,  ,V,G,1.0,0,14-219(b),,False,N,False,False,V,2025-10-21 16:45:02,Verbal Warning,,,False,1.0,CT0014000,20251022030005000001,2025-10-21 16:45:02,16:45:02,2025,,,,2025,Speed Related
2025-10-22 03:00:09.467000,7810005.0,CT0014000,Thomaston,Racial Profile,S3,25-19123,Case No.,2025-10-21 00:00:00,October,W,N,F,61,True,False, Thomaston,Elm Street,  ,  ,V,G,1.0,0,14-301,,False,N,False,False,V,2025-10-21 16:09:06,Verbal Warning,,,False,1.0,CT0014000,20251022030005000001,2025-10-21 16:09:06,16:09:06,2025,,,,2025,Stop Sign
2025-10-24 03:00:11.207000,7813496.0,CT0014000,Thomaston,Racial Profile,02,25-19242,Case No.,2025-10-23 00:00:00,October,W,N,F,80,True,False, Thomaston,North Main Street,  ,  ,V,G,1.0,1,14-218a,,False,N,False,False,V,2025-10-23 10:40:17,Verbal Warning,,,False,1.0,CT0014000,20251024030005000001,2025-10-23 10:40:17,10:40:17,2025,,,,2025,Speed Related
2025-10-24 03:00:11.627000,7813497.0,CT0014000,Thomaston,Racial Profile,02,25-19243,Case No.,2025-10-23 00:00:00,October,W,N,F,56,True,False, Thomaston,North Main Street,  ,  ,V,G,1.0,1,14-218a,,False,N,False,False,V,2025-10-23 10:47:44,Verbal Warning,,,False,1.0,CT0014000,20251024030005000001,2025-10-23 10:47:44,10:47:44,2025,,,,2025,Speed Related
2025-11-01 03:00:08.390000,7846535.0,CT0014000,Thomaston,Racial Profile,S1,25-19328,Case No.,2025-10-25 00:00:00,October,W,N,M,45,True,True, Thomaston,Main Street (Rt. 807),  ,  ,V,G,2.0,1,14-12(a)*,,True,I,False,True,V,2025-10-25 09:38:45,Verbal Warning,,,False,1.0,CT0014000,20251101030005000001,2025-10-25 09:38:45,09:38:45,2025,,,,2025,Registration
2025-10-28 03:00:14.030000,7818894.0,CT0014000,Thomaston,Racial Profile,S3,25-19456,Case No.,2025-10-27 00:00:00,October,W,N,F,60,True,False, Thomaston,Union Street,  ,  ,V,G,1.0,0,14-301,,False,N,False,False,V,2025-10-27 16:52:26,Verbal Warning,,,False,1.0,CT0014000,20251028030005000001,2025-10-27 16:52:26,16:52:26,2025,,,,2025,Stop Sign
2025-10-28 03:00:14.023000,7818893.0,CT0014000,Thomaston,Racial Profile,S3,25-19451,Case No.,2025-10-27 00:00:00,October,W,N,M,21,True,False, Thomaston,Union Street,  ,  ,V,G,1.0,0,14-301,,False,N,False,False,V,2025-10-27 16:44:56,Verbal Warning,,,False,1.0,CT0014000,20251028030005000001,2025-10-27 16:44:56,16:44:56,2025,,,,2025,Stop Sign
2025-10-28 03:00:14.033000,7818895.0,CT0014000,Thomaston,Racial Profile,S3,25-19458,Case No.,2025-10-27 00:00:00,October,W,N,M,54,True,True, Thomaston,Union Street,  ,  ,V,G,1.0,0,14-301,,False,N,False,False,V,2025-10-27 17:01:46,Verbal Warning,,,False,1.0,CT0014000,20251028030005000001,2025-10-27 17:01:46,17:01:46,2025,,,,2025,Stop Sign
2025-10-29 03:00:09.360000,7841166.0,CT0014000,Thomaston,Racial Profile,S3,25-19538,Case No.,2025-10-28 00:00:00,October,W,N,F,48,True,False, Thomaston,Union Street,  ,  ,V,G,1.0,0,14-301,,False,N,False,False,V,2025-10-28 18:37:21,Verbal Warning,,,False,1.0,CT0014000,20251029030005000001,2025-10-28 18:37:21,18:37:21,2025,,,,2025,Stop Sign
2025-10-30 03:00:08.760000,7842951.0,CT0014000,Thomaston,Racial Profile,S2,25-19567,Case No.,2025-10-28 00:00:00,October,W,N,M,27,True,True, Thomaston,Branch Road (Rt. 109),  ,  ,V,B,1.0,0,14-218a,,False,N,False,False,V,2025-10-28 23:50:36,Verbal Warning,,,False,1.0,CT0014000,20251030030005000001,2025-10-28 23:50:36,23:50:36,2025,,,,2025,Speed Related
2025-10-29 03:00:09.350000,7841165.0,CT0014000,Thomaston,Racial Profile,S3,25-19537,Case No.,2025-10-28 00:00:00,October,W,N,M,39,True,False, Thomaston,Union Street,  ,  ,V,G,1.0,0,14-301,,False,N,False,False,V,2025-10-28 18:25:06,Verbal Warning,,,False,1.0,CT0014000,20251029030005000001,2025-10-28 18:25:06,18:25:06,2025,,,,2025,Stop Sign
2025-10-29 03:00:09.340000,7841164.0,CT0014000,Thomaston,Racial Profile,S3,25-19536,Case No.,2025-10-28 00:00:00,October,W,N,F,18,True,True, Thomaston,Union Street,  ,  ,V,G,1.0,0,14-301,,False,N,False,False,V,2025-10-28 18:21:32,Verbal Warning,,,False,1.0,CT0014000,20251029030005000001,2025-10-28 18:21:32,18:21:32,2025,,,,2025,Stop Sign
2025-10-30 03:00:08.780000,7842954.0,CT0014000,Thomaston,Racial Profile,S3,25-19615,Case No.,2025-10-29 00:00:00,October,W,N,M,0,True,True, Thomaston,Union Street,  ,  ,V,G,1.0,0,14-301,,False,N,False,False,V,2025-10-29 16:46:41,Verbal Warning,,,False,1.0,CT0014000,20251030030005000001,2025-10-29 16:46:41,16:46:41,2025,,,,2025,Stop Sign
2025-10-30 03:00:08.767000,7842952.0,CT0014000,Thomaston,Racial Profile,S3,25-19613,Case No.,2025-10-29 00:00:00,October,W,N,M,23,True,False, Thomaston,Union Street,  ,  ,V,G,1.0,0,14-301,,False,N,False,False,V,2025-10-29 16:25:34,Verbal Warning,,,False,1.0,CT0014000,20251030030005000001,2025-10-29 16:25:34,16:25:34,2025,,,,2025,Stop Sign
2025-10-30 03:00:08.773000,7842953.0,CT0014000,Thomaston,Racial Profile,S3,25-19614,Case No.,2025-10-29 00:00:00,October,W,N,F,33,True,False, Thomaston,Union Street,  ,  ,V,G,1.0,0,14-301,,False,N,False,False,V,2025-10-29 16:34:30,Verbal Warning,,,False,1.0,CT0014000,20251030030005000001,2025-10-29 16:34:30,16:34:30,2025,,,,2025,Stop Sign
2025-11-02 03:00:09.123000,7848366.0,CT0014000,Thomaston,Racial Profile,02,25-19729,Case No.,2025-10-31 00:00:00,October,W,N,F,56,True,True, Thomaston,Hickory Hill Road,  ,  ,V,G,1.0,0,14-218a,,False,N,False,False,N,2025-10-31 08:10:11,No Disposition,,,False,1.0,CT0014000,20251102030005000001,2025-10-31 08:10:11,08:10:11,2025,,,,2025,Speed Related
2025-11-01 03:00:08.393000,7846537.0,CT0014000,Thomaston,Racial Profile,S1,25-19733,Case No.,2025-10-31 00:00:00,October,W,N,F,33,True,True, Thomaston,Clay Street,  ,  ,V,G,1.0,0,14-218a10,,False,N,False,False,V,2025-10-31 09:09:40,Verbal Warning,,,False,1.0,CT0014000,20251101030005000001,2025-10-31 09:09:40,09:09:40,2025,,,,2025,Speed Related
2025-11-02 03:00:09.117000,7848365.0,CT0014000,Thomaston,Racial Profile,02,25-19728,Case No.,2025-10-31 00:00:00,October,W,N,F,46,True,True, Thomaston,Hickory Hill Road,  ,  ,V,G,1.0,0,14-218a,,False,N,False,False,N,2025-10-31 08:03:02,No Disposition,,,False,1.0,CT0014000,20251102030005000001,2025-10-31 08:03:02,08:03:02,2025,,,,2025,Speed Related
2025-11-01 03:00:08.390000,7846536.0,CT0014000,Thomaston,Racial Profile,S1,25-19732,Case No.,2025-10-31 00:00:00,October,W,N,F,62,True,True, THOMASTON,HIGH STREET EXT,  ,  ,V,G,1.0,0,14-218a,,False,N,False,False,V,2025-10-31 08:48:50,Verbal Warning,,,False,1.0,CT0014000,20251101030005000001,2025-10-31 08:48:50,08:48:50,2025,,,,2025,Speed Related
2025-11-02 03:00:09.127000,7848367.0,CT0014000,Thomaston,Racial Profile,02,25-19730,Case No.,2025-10-31 00:00:00,October,W,N,M,33,True,True, Thomaston,Hickory Hill Road,  ,  ,V,G,1.0,0,14-218a,,False,N,False,False,N,2025-10-31 08:18:39,No Disposition,,,False,1.0,CT0014000,20251102030005000001,2025-10-31 08:18:39,08:18:39,2025,,,,2025,Speed Related
2025-11-03 03:00:08.377000,7850453.0,CT0014000,Thomaston,Racial Profile,S3,25-19840,Case No.,2025-11-02 00:00:00,November,W,N,M,77,True,False, Thomaston,Elm Street,  ,  ,V,G,1.0,0,14-301,,False,N,False,False,V,2025-11-02 16:33:27,Verbal Warning,,,False,1.0,CT0014000,20251103030005000001,2025-11-02 16:33:27,16:33:27,2025,,,,2025,Stop Sign
2025-11-03 03:00:08.387000,7850454.0,CT0014000,Thomaston,Racial Profile,S3,25-19841,Case No.,2025-11-02 00:00:00,November,W,N,M,34,True,False, Thomaston,Elm Street,  ,  ,V,G,1.0,0,14-301,,False,N,False,False,V,2025-11-02 17:01:41,Verbal Warning,,,False,1.0,CT0014000,20251103030005000001,2025-11-02 17:01:41,17:01:41,2025,,,,2025,Stop Sign
2025-11-03 03:00:08.393000,7850455.0,CT0014000,Thomaston,Racial Profile,S3,25-19842,Case No.,2025-11-02 00:00:00,November,W,N,M,43,True,False, Thomaston,Elm Street,  ,  ,V,G,1.0,0,14-301,,False,N,False,False,V,2025-11-02 17:09:57,Verbal Warning,,,False,1.0,CT0014000,20251103030005000001,2025-11-02 17:09:57,17:09:57,2025,,,,2025,Stop Sign
2025-11-04 03:00:09.247000,7853366.0,CT0014000,Thomaston,Racial Profile,08,25-19877,Case No.,2025-11-03 00:00:00,November,W,N,F,37,True,False, Thomaston,North Main Street,  ,  ,V,G,1.0,0,14-219(b),,False,N,False,False,V,2025-11-03 14:56:18,Verbal Warning,,,False,1.0,CT0014000,20251104030005000001,2025-11-03 14:56:18,14:56:18,2025,,,,2025,Speed Related
2025-11-04 03:00:09.260000,7853368.0,CT0014000,Thomaston,Racial Profile,S3,25-19884,Case No.,2025-11-03 00:00:00,November,W,H,M,44,True,False, Thomaston,Elm Street,  ,  ,V,G,1.0,0,14-301,,False,N,False,False,V,2025-11-03 15:33:20,Verbal Warning,,,False,1.0,CT0014000,20251104030005000001,2025-11-03 15:33:20,15:33:20,2025,,,,2025,Stop Sign
2025-11-04 03:00:09.267000,7853369.0,CT0014000,Thomaston,Racial Profile,S3,25-19887,Case No.,2025-11-03 00:00:00,November,W,H,M,37,True,False, Thomaston,Union Street,  ,  ,V,G,1.0,0,14-301,,False,N,False,False,V,2025-11-03 15:49:01,Verbal Warning,,,False,1.0,CT0014000,20251104030005000001,2025-11-03 15:49:01,15:49:01,2025,,,,2025,Stop Sign
2025-11-04 03:00:09.273000,7853370.0,CT0014000,Thomaston,Racial Profile,S3,25-19890,Case No.,2025-11-03 00:00:00,November,W,H,M,55,True,False, Thomaston,Elm Street,  ,  ,V,G,1.0,0,14-301,,False,N,False,False,V,2025-11-03 16:12:59,Verbal Warning,,,False,1.0,CT0014000,20251104030005000001,2025-11-03 16:12:59,16:12:59,2025,,,,2025,Stop Sign
2025-11-04 03:00:09.253000,7853367.0,CT0014000,Thomaston,Racial Profile,08,25-19878,Case No.,2025-11-03 00:00:00,November,W,N,M,18,True,False, Thomaston,North Main Street (Rt. 222),  ,  ,V,G,1.0,0,14-219(b),,False,N,False,False,V,2025-11-03 15:12:25,Verbal Warning,,,False,1.0,CT0014000,20251104030005000001,2025-11-03 15:12:25,15:12:25,2025,,,,2025,Speed Related
2025-11-05 03:00:06.543000,7856252.0,CT0014000,Thomaston,Racial Profile,02,25-19938,Case No.,2025-11-04 00:00:00,November,W,N,F,39,True,True, Thomaston,Clay Street,  ,  ,V,G,1.0,0,14-218a,,False,N,False,False,V,2025-11-04 08:30:13,Verbal Warning,,,False,1.0,CT0014000,20251105030005000001,2025-11-04 08:30:13,08:30:13,2025,,,,2025,Speed Related
2025-11-05 03:00:06.550000,7856254.0,CT0014000,Thomaston,Racial Profile,S3,25-19973,Case No.,2025-11-04 00:00:00,November,W,N,F,58,True,False, Thomaston,Union Street,  ,  ,V,G,1.0,0,14-301,,False,N,False,False,V,2025-11-04 15:38:16,Verbal Warning,,,False,1.0,CT0014000,20251105030005000001,2025-11-04 15:38:16,15:38:16,2025,,,,2025,Stop Sign
2025-11-05 03:00:06.540000,7856251.0,CT0014000,Thomaston,Racial Profile,02,25-19937,Case No.,2025-11-04 00:00:00,November,W,N,F,0,True,True, Thomaston,Clay Street,  ,  ,V,G,1.0,0,14-218a,,False,N,False,False,V,2025-11-04 08:19:47,Verbal Warning,,,False,2.0,CT0014000,20251105030005000001,2025-11-04 08:19:47,08:19:47,2025,,,,2025,Speed Related
2025-11-05 03:00:06.547000,7856253.0,CT0014000,Thomaston,Racial Profile,S3,25-19972,Case No.,2025-11-04 00:00:00,November,W,N,F,54,True,True, Thomaston,Union Street,  ,  ,V,G,1.0,0,14-301,,False,N,False,False,V,2025-11-04 15:31:19,Verbal Warning,,,False,1.0,CT0014000,20251105030005000001,2025-11-04 15:31:19,15:31:19,2025,,,,2025,Stop Sign
2025-11-05 03:00:06.550000,7856255.0,CT0014000,Thomaston,Racial Profile,S3,25-19976,Case No.,2025-11-04 00:00:00,November,W,N,F,0,True,False, Thomaston,Union Street,  ,  ,V,G,1.0,0,14-301,,False,N,False,False,V,2025-11-04 15:58:04,Verbal Warning,,,False,1.0,CT0014000,20251105030005000001,2025-11-04 15:58:04,15:58:04,2025,,,,2025,Stop Sign
2025-11-06 03:00:08.707000,7858102.0,CT0014000,Thomaston,Racial Profile,S3,25-20042,Case No.,2025-11-05 00:00:00,November,W,N,M,71,True,False, Thomaston,Union Street,  ,  ,V,G,1.0,0,14-301,,False,N,False,False,V,2025-11-05 15:49:22,Verbal Warning,,,False,1.0,CT0014000,20251106030005000001,2025-11-05 15:49:22,15:49:22,2025,,,,2025,Stop Sign
2025-11-06 03:00:08.713000,7858103.0,CT0014000,Thomaston,Racial Profile,S3,25-20044,Case No.,2025-11-05 00:00:00,November,W,N,M,59,True,False, Thomaston,Union Street,  ,  ,V,G,1.0,0,14-301,,False,N,False,False,V,2025-11-05 15:57:43,Verbal Warning,,,False,1.0,CT0014000,20251106030005000001,2025-11-05 15:57:43,15:57:43,2025,,,,2025,Stop Sign
2025-11-06 03:00:08.727000,7858104.0,CT0014000,Thomaston,Racial Profile,S3,25-20045,Case No.,2025-11-05 00:00:00,November,W,N,F,72,True,False, Thomaston,Union Street,  ,  ,V,G,1.0,0,14-301,,False,N,False,False,V,2025-11-05 16:22:20,Verbal Warning,,,False,1.0,CT0014000,20251106030005000001,2025-11-05 16:22:20,16:22:20,2025,,,,2025,Stop Sign
2025-11-07 03:00:11.917000,7860013.0,CT0014000,Thomaston,Racial Profile,02,25-20111,Case No.,2025-11-06 00:00:00,November,W,N,M,35,True,False, Thomaston,North Main Street,  ,  ,V,G,1.0,0,14-218a,,False,N,False,False,V,2025-11-06 09:13:06,Verbal Warning,,,False,1.0,CT0014000,20251107030006000001,2025-11-06 09:13:06,09:13:06,2025,,,,2025,Speed Related
2025-11-07 03:00:11.930000,7860015.0,CT0014000,Thomaston,Racial Profile,02,25-20113,Case No.,2025-11-06 00:00:00,November,W,N,F,64,True,False, Thomaston,North Main Street,  ,  ,V,G,1.0,0,14-218a,,False,N,False,False,V,2025-11-06 09:27:36,Verbal Warning,,,False,1.0,CT0014000,20251107030006000001,2025-11-06 09:27:36,09:27:36,2025,,,,2025,Speed Related
2025-11-07 03:00:11.923000,7860014.0,CT0014000,Thomaston,Racial Profile,02,25-20112,Case No.,2025-11-06 00:00:00,November,W,N,M,25,True,True, Thomaston,North Main Street,  ,  ,V,G,1.0,0,14-218a,,False,N,False,False,V,2025-11-06 09:21:09,Verbal Warning,,,False,1.0,CT0014000,20251107030006000001,2025-11-06 09:21:09,09:21:09,2025,,,,2025,Speed Related
2025-11-08 03:00:07.500000,7861899.0,CT0014000,Thomaston,Racial Profile,02,25-20180,Case No.,2025-11-07 00:00:00,November,B,N,M,49,True,False, Thomaston,North Main Street (Rt. 222),  ,  ,V,G,1.0,1,14-218a10,,False,N,False,False,V,2025-11-07 09:05:20,Verbal Warning,,,False,1.0,CT0014000,20251108030006000001,2025-11-07 09:05:20,09:05:20,2025,,,,2025,Speed Related
2025-11-08 03:00:07.493000,7861898.0,CT0014000,Thomaston,Racial Profile,S1,25-20179,Case No.,2025-11-07 00:00:00,November,B,N,M,56,True,False, Thomaston,Branch Road (Rt. 109),  ,  ,V,G,1.0,0,14-218A,,False,N,False,False,V,2025-11-07 09:05:01,Verbal Warning,,,False,1.0,CT0014000,20251108030006000001,2025-11-07 09:05:01,09:05:01,2025,,,,2025,Speed Related
2025-11-08 03:00:07.477000,7861897.0,CT0014000,Thomaston,Racial Profile,S1,25-20177,Case No.,2025-11-07 00:00:00,November,W,N,M,35,True,True, Thomaston,Branch Road (Rt. 109),  ,  ,V,G,1.0,0,14-218a10,,False,N,False,False,V,2025-11-07 08:49:40,Verbal Warning,,,False,1.0,CT0014000,20251108030006000001,2025-11-07 08:49:40,08:49:40,2025,,,,2025,Speed Related
2025-11-09 03:00:10.497000,7863793.0,CT0014000,Thomaston,Racial Profile,S3,25-20234,Case No.,2025-11-08 00:00:00,November,W,N,M,61,True,False, Thomaston,Union Street,  ,  ,V,G,1.0,0,14-301,,False,N,False,False,V,2025-11-08 15:19:28,Verbal Warning,,,False,1.0,CT0014000,20251109030006000001,2025-11-08 15:19:28,15:19:28,2025,,,,2025,Stop Sign
2025-11-09 03:00:10.500000,7863794.0,CT0014000,Thomaston,Racial Profile,S3,25-20235,Case No.,2025-11-08 00:00:00,November,W,N,F,53,True,False, Thomaston,Union Street,  ,  ,V,G,1.0,0,14-301,,False,N,False,False,V,2025-11-08 15:25:05,Verbal Warning,,,False,1.0,CT0014000,20251109030006000001,2025-11-08 15:25:05,15:25:05,2025,,,,2025,Stop Sign
2025-11-09 03:00:10.500000,7863795.0,CT0014000,Thomaston,Racial Profile,S3,25-20238,Case No.,2025-11-08 00:00:00,November,W,N,F,82,True,False, Thomaston,Union Street,  ,  ,V,G,1.0,0,14-301,,False,N,False,False,V,2025-11-08 15:37:37,Verbal Warning,,,False,1.0,CT0014000,20251109030006000001,2025-11-08 15:37:37,15:37:37,2025,,,,2025,Stop Sign
2025-11-12 03:00:08.777000,7869591.0,CT0014000,Thomaston,Racial Profile,S3,25-20303,Case No.,2025-11-09 00:00:00,November,W,N,F,40,True,False, Thomaston,Union Street,  ,  ,V,G,1.0,0,14-301,,False,N,False,False,V,2025-11-09 15:44:26,Verbal Warning,,,False,1.0,CT0014000,20251112030006000001,2025-11-09 15:44:26,15:44:26,2025,,,,2025,Stop Sign
2025-11-12 03:00:08.780000,7869592.0,CT0014000,Thomaston,Racial Profile,S3,25-20450,Case No.,2025-11-11 00:00:00,November,W,N,F,67,True,False, Thomaston,Union Street,  ,  ,V,G,1.0,0,14-301,,False,N,False,False,V,2025-11-11 15:17:53,Verbal Warning,,,False,1.0,CT0014000,20251112030006000001,2025-11-11 15:17:53,15:17:53,2025,,,,2025,Stop Sign
2025-11-12 03:00:08.800000,7869594.0,CT0014000,Thomaston,Racial Profile,S3,25-20452,Case No.,2025-11-11 00:00:00,November,W,N,F,70,True,False, Thomaston,Union Street,  ,  ,V,G,1.0,0,14-301,,False,N,False,False,V,2025-11-11 15:31:25,Verbal Warning,,,False,1.0,CT0014000,20251112030006000001,2025-11-11 15:31:25,15:31:25,2025,,,,2025,Stop Sign
2025-11-12 03:00:08.797000,7869593.0,CT0014000,Thomaston,Racial Profile,S3,25-20451,Case No.,2025-11-11 00:00:00,November,W,N,M,26,True,False, Thomaston,Union Street,  ,  ,V,G,1.0,0,14-301,,False,N,False,False,V,2025-11-11 15:25:57,Verbal Warning,,,False,1.0,CT0014000,20251112030006000001,2025-11-11 15:25:57,15:25:57,2025,,,,2025,Stop Sign
2025-11-13 03:00:09.823000,7871525.0,CT0014000,Thomaston,Racial Profile,S1,25-20497,Case No.,2025-11-12 00:00:00,November,W,N,F,30,True,True, Thomaston,Clay Street,  ,  ,V,G,1.0,0,14-218a,,False,N,False,False,V,2025-11-12 07:34:31,Verbal Warning,,,False,1.0,CT0014000,20251113030006000001,2025-11-12 07:34:31,07:34:31,2025,,,,2025,Speed Related
2025-11-13 03:00:09.830000,7871526.0,CT0014000,Thomaston,Racial Profile,S1,25-20502,Case No.,2025-11-12 00:00:00,November,W,N,F,21,True,True, Thomaston,Clay Street,  ,  ,V,G,1.0,0,14-218A,,False,N,False,False,V,2025-11-12 07:52:52,Verbal Warning,,,False,1.0,CT0014000,20251113030006000001,2025-11-12 07:52:52,07:52:52,2025,,,,2025,Speed Related
2025-11-13 03:00:09.837000,7871527.0,CT0014000,Thomaston,Racial Profile,02,25-20505,Case No.,2025-11-12 00:00:00,November,W,N,F,63,True,False, Thomaston,Hickory Hill Road,  ,  ,V,G,1.0,0,14-218a,,False,N,False,False,V,2025-11-12 08:02:28,Verbal Warning,,,False,1.0,CT0014000,20251113030006000001,2025-11-12 08:02:28,08:02:28,2025,,,,2025,Speed Related
2025-11-13 03:00:09.850000,7871529.0,CT0014000,Thomaston,Racial Profile,02,25-20510,Case No.,2025-11-12 00:00:00,November,W,N,M,68,True,False, Thomaston,Hickory Hill Road,  ,  ,V,G,1.0,0,14-218a,,False,N,False,False,N,2025-11-12 08:33:37,No Disposition,,,False,1.0,CT0014000,20251113030006000001,2025-11-12 08:33:37,08:33:37,2025,,,,2025,Speed Related
2025-11-13 03:00:09.860000,7871530.0,CT0014000,Thomaston,Racial Profile,08,25-20533,Case No.,2025-11-12 00:00:00,November,W,N,M,17,True,False, Thomaston,North Main Street,  ,  ,V,G,1.0,0,14-219(b),,False,N,False,False,V,2025-11-12 16:30:12,Verbal Warning,,,False,1.0,CT0014000,20251113030006000001,2025-11-12 16:30:12,16:30:12,2025,,,,2025,Speed Related
2025-11-13 03:00:09.843000,7871528.0,CT0014000,Thomaston,Racial Profile,02,25-20508,Case No.,2025-11-12 00:00:00,November,W,N,M,37,True,False, Thomaston,Hickory Hill Road,  ,  ,V,G,1.0,0,14-218a,,False,N,False,False,V,2025-11-12 08:25:04,Verbal Warning,,,False,1.0,CT0014000,20251113030006000001,2025-11-12 08:25:04,08:25:04,2025,,,,2025,Speed Related
2025-11-15 03:00:07.457000,7876141.0,CT0014000,Thomaston,Racial Profile,S3,25-20632,Case No.,2025-11-14 00:00:00,November,W,N,F,65,True,True, Thomaston,Union Street,  ,  ,V,G,1.0,0,14-301,,False,N,False,False,V,2025-11-14 15:58:02,Verbal Warning,,,False,1.0,CT0014000,20251115030006000001,2025-11-14 15:58:02,15:58:02,2025,,,,2025,Stop Sign
2025-11-15 03:00:07.460000,7876142.0,CT0014000,Thomaston,Racial Profile,S3,25-20634,Case No.,2025-11-14 00:00:00,November,W,N,F,56,True,True, Thomaston,Union Street,  ,  ,V,G,1.0,0,14-301,,False,N,False,False,V,2025-11-14 16:15:16,Verbal Warning,,,False,1.0,CT0014000,20251115030006000001,2025-11-14 16:15:16,16:15:16,2025,,,,2025,Stop Sign
2025-11-15 03:00:07.463000,7876143.0,CT0014000,Thomaston,Racial Profile,S3,25-20635,Case No.,2025-11-14 00:00:00,November,W,N,M,29,True,False, Thomaston,Union Street,  ,  ,V,G,1.0,0,14-301,,False,N,False,False,V,2025-11-14 16:19:06,Verbal Warning,,,False,1.0,CT0014000,20251115030006000001,2025-11-14 16:19:06,16:19:06,2025,,,,2025,Stop Sign
2025-11-18 03:00:08.887000,7898820.0,CT0014000,Thomaston,Racial Profile,S3,25-20796,Case No.,2025-11-17 00:00:00,November,W,N,F,41,True,False, Thomaston,Union Street,  ,  ,V,G,1.0,0,14-301,,False,N,False,False,V,2025-11-17 16:46:25,Verbal Warning,,,False,1.0,CT0014000,20251118030005000001,2025-11-17 16:46:25,16:46:25,2025,,,,2025,Stop Sign
2025-11-18 03:00:08.880000,7898819.0,CT0014000,Thomaston,Racial Profile,S3,25-20795,Case No.,2025-11-17 00:00:00,November,W,N,M,59,True,False, Thomaston,Union Street,  ,  ,V,G,1.0,0,14-301,,False,N,False,False,V,2025-11-17 16:36:16,Verbal Warning,,,False,1.0,CT0014000,20251118030005000001,2025-11-17 16:36:16,16:36:16,2025,,,,2025,Stop Sign
2025-11-18 03:00:08.897000,7898821.0,CT0014000,Thomaston,Racial Profile,S3,25-20798,Case No.,2025-11-17 00:00:00,November,W,N,F,61,True,False, Thomaston,Union Street,  ,  ,V,G,1.0,0,14-301,,False,N,False,False,V,2025-11-17 16:54:34,Verbal Warning,,,False,1.0,CT0014000,20251118030005000001,2025-11-17 16:54:34,16:54:34,2025,,,,2025,Stop Sign
2025-11-20 03:00:08.350000,7903122.0,CT0014000,Thomaston,Racial Profile,02,25-20909,Case No.,2025-11-19 00:00:00,November,W,N,F,47,True,False, Thomaston,Elm Street,  ,  ,V,G,1.0,0,14-301,,False,N,False,False,V,2025-11-19 09:05:55,Verbal Warning,,,False,1.0,CT0014000,20251120030005000001,2025-11-19 09:05:55,09:05:55,2025,,,,2025,Stop Sign
2025-11-20 03:00:08.357000,7903123.0,CT0014000,Thomaston,Racial Profile,02,25-20910,Case No.,2025-11-19 00:00:00,November,W,N,F,38,True,False, Thomaston,Elm Street,  ,  ,V,G,1.0,0,14-301,,False,N,False,False,V,2025-11-19 09:19:42,Verbal Warning,,,False,1.0,CT0014000,20251120030005000001,2025-11-19 09:19:42,09:19:42,2025,,,,2025,Stop Sign
2025-11-20 03:00:08.367000,7903124.0,CT0014000,Thomaston,Racial Profile,02,25-20911,Case No.,2025-11-19 00:00:00,November,W,H,M,0,True,False, Thomaston,Elm Street,  ,  ,V,G,1.0,0,14-301,,False,N,False,False,V,2025-11-19 09:24:23,Verbal Warning,,,False,1.0,CT0014000,20251120030005000001,2025-11-19 09:24:23,09:24:23,2025,,,,2025,Stop Sign
2025-11-20 03:00:08.377000,7903125.0,CT0014000,Thomaston,Racial Profile,02,25-20912,Case No.,2025-11-19 00:00:00,November,W,H,F,66,True,False, Thomaston,East Main Street (Rt. 6),  ,  ,V,G,1.0,0,14-301,,False,N,False,False,V,2025-11-19 09:32:33,Verbal Warning,,,False,1.0,CT0014000,20251120030005000001,2025-11-19 09:32:33,09:32:33,2025,,,,2025,Stop Sign
2025-11-21 03:00:09.220000,7905141.0,CT0014000,Thomaston,Racial Profile,S3,25-20969,Case No.,2025-11-20 00:00:00,November,W,N,M,62,True,True, Thomaston,Union Street,  ,  ,V,G,1.0,0,14-301,,False,N,False,False,V,2025-11-20 15:29:56,Verbal Warning,,,False,1.0,CT0014000,20251121030005000001,2025-11-20 15:29:56,15:29:56,2025,,,,2025,Stop Sign
2025-11-21 03:00:09.233000,7905143.0,CT0014000,Thomaston,Racial Profile,S3,25-20972,Case No.,2025-11-20 00:00:00,November,W,N,F,49,True,False, Thomaston,Union Street,  ,  ,V,G,1.0,0,14-301,,False,N,False,False,V,2025-11-20 15:41:55,Verbal Warning,,,False,1.0,CT0014000,20251121030005000001,2025-11-20 15:41:55,15:41:55,2025,14-12(a),,,2025,Stop Sign
2025-11-21 03:00:09.227000,7905142.0,CT0014000,Thomaston,Racial Profile,S3,25-20970,Case No.,2025-11-20 00:00:00,November,W,N,M,53,True,False, Thomaston,Union Street,  ,  ,V,G,1.0,0,14-301,,False,N,False,False,V,2025-11-20 15:36:39,Verbal Warning,,,False,1.0,CT0014000,20251121030005000001,2025-11-20 15:36:39,15:36:39,2025,,,,2025,Stop Sign
2025-11-21 03:00:09.240000,7905144.0,CT0014000,Thomaston,Racial Profile,08,25-20977,Case No.,2025-11-20 00:00:00,November,W,N,M,46,True,False, Thomaston,Waterbury Road (Rt. 848),  ,  ,V,G,1.0,0,14-219(b),,False,N,False,False,V,2025-11-20 16:06:35,Verbal Warning,,,False,1.0,CT0014000,20251121030005000001,2025-11-20 16:06:35,16:06:35,2025,,,,2025,Speed Related
2025-11-23 03:00:08.607000,7909125.0,CT0014000,Thomaston,Racial Profile,S3,25-21076,Case No.,2025-11-22 00:00:00,November,W,N,F,30,True,False, Thomaston,Union Street,  ,  ,V,G,1.0,0,14-301,,False,N,False,False,V,2025-11-22 17:12:28,Verbal Warning,,,False,1.0,CT0014000,20251123030005000001,2025-11-22 17:12:28,17:12:28,2025,14-12(a),,,2025,Stop Sign
2025-11-23 03:00:08.600000,7909124.0,CT0014000,Thomaston,Racial Profile,S3,25-21073,Case No.,2025-11-22 00:00:00,November,W,N,F,70,True,True, Thomaston,Union Street,  ,  ,V,G,1.0,0,14-301,,False,N,False,False,V,2025-11-22 16:59:33,Verbal Warning,,,False,1.0,CT0014000,20251123030005000001,2025-11-22 16:59:33,16:59:33,2025,,,,2025,Stop Sign
2025-11-25 03:00:08.867000,7913177.0,CT0014000,Thomaston,Racial Profile,02,25-21186,Case No.,2025-11-24 00:00:00,November,W,N,M,61,True,False, Thomaston,Watertown Road (Rt. 810),  ,  ,V,G,1.0,0,14-218a,,False,N,False,False,V,2025-11-24 08:29:29,Verbal Warning,,,False,1.0,CT0014000,20251125030005000001,2025-11-24 08:29:29,08:29:29,2025,,,,2025,Speed Related
2025-11-25 03:00:08.870000,7913178.0,CT0014000,Thomaston,Racial Profile,02,25-21188,Case No.,2025-11-24 00:00:00,November,W,N,M,61,True,False, Thomaston,Old Northfield Road,  ,  ,V,G,1.0,0,14-218a,,False,N,False,False,V,2025-11-24 08:41:42,Verbal Warning,,,False,1.0,CT0014000,20251125030005000001,2025-11-24 08:41:42,08:41:42,2025,,,,2025,Speed Related
2025-12-02 03:00:09.043000,7928180.0,CT0014000,Thomaston,Racial Profile,02,25-21543,Case No.,2025-12-01 00:00:00,December,W,N,F,27,True,True, Thomaston,Clay Street,  ,  ,V,G,1.0,0,14-218a10,,False,N,False,False,N,2025-12-01 08:13:17,No Disposition,,,False,1.0,CT0014000,20251202030005000001,2025-12-01 08:13:17,08:13:17,2025,,,,2025,Speed Related
2025-12-06 03:00:08.643000,7936452.0,CT0014000,Thomaston,Racial Profile,02,25-21544,Case No.,2025-12-01 00:00:00,December,W,N,F,48,True,True, Thomaston,Clay Street,  ,  ,V,G,1.0,0,14-218a,,False,N,False,False,N,2025-12-01 08:21:22,No Disposition,,,False,1.0,CT0014000,20251206030006000001,2025-12-01 08:21:22,08:21:22,2025,,,,2025,Speed Related
2025-12-06 03:00:08.650000,7936453.0,CT0014000,Thomaston,Racial Profile,02,25-21813,Case No.,2025-12-05 00:00:00,December,W,N,F,69,True,False, Thomaston,Branch Road (Rt. 109),  ,  ,V,G,1.0,0,14-218a,,False,N,False,False,N,2025-12-05 09:28:17,No Disposition,,,False,1.0,CT0014000,20251206030006000001,2025-12-05 09:28:17,09:28:17,2025,,,,2025,Speed Related
2025-12-09 03:00:09.287000,7948965.0,CT0014000,Thomaston,Racial Profile,08,25-21969,Case No.,2025-12-08 00:00:00,December,W,N,M,55,True,True, Thomaston,North Main Street (Rt. 222),  ,  ,V,G,1.0,0,14-219(b),,False,N,False,False,V,2025-12-08 17:49:19,Verbal Warning,,,False,1.0,CT0014000,20251209030006000001,2025-12-08 17:49:19,17:49:19,2025,,,,2025,Speed Related
2025-12-09 03:00:09.277000,7948962.0,CT0014000,Thomaston,Racial Profile,S1,25-21935,Case No.,2025-12-08 00:00:00,December,W,N,F,71,True,False, Thomaston,Clay Street,  ,  ,V,G,1.0,0,14-218a,,False,N,False,False,V,2025-12-08 08:54:01,Verbal Warning,,,False,1.0,CT0014000,20251209030006000001,2025-12-08 08:54:01,08:54:01,2025,,,,2025,Speed Related
2025-12-09 03:00:09.270000,7948960.0,CT0014000,Thomaston,Racial Profile,S1,25-21933,Case No.,2025-12-08 00:00:00,December,W,N,M,25,True,False, Thomaston,Clay Street,  ,  ,V,G,1.0,0,14-218a,,False,N,False,False,V,2025-12-08 08:36:12,Verbal Warning,,,False,1.0,CT0014000,20251209030006000001,2025-12-08 08:36:12,08:36:12,2025,,,,2025,Speed Related
2025-12-09 03:00:09.273000,7948961.0,CT0014000,Thomaston,Racial Profile,S1,25-21934,Case No.,2025-12-08 00:00:00,December,W,N,M,19,True,False, Thomaston,Clay Street,  ,  ,V,G,1.0,0,14-218a10,,False,N,False,False,V,2025-12-08 08:45:04,Verbal Warning,,,False,1.0,CT0014000,20251209030006000001,2025-12-08 08:45:04,08:45:04,2025,,,,2025,Speed Related
2025-12-09 03:00:09.283000,7948964.0,CT0014000,Thomaston,Racial Profile,S3,25-21960,Case No.,2025-12-08 00:00:00,December,W,N,F,51,True,False, Thomaston,Union Street,  ,  ,V,G,1.0,0,14-301,,False,N,False,False,V,2025-12-08 16:52:31,Verbal Warning,,,False,1.0,CT0014000,20251209030006000001,2025-12-08 16:52:31,16:52:31,2025,,,,2025,Stop Sign
2025-12-09 03:00:09.280000,7948963.0,CT0014000,Thomaston,Racial Profile,S3,25-21958,Case No.,2025-12-08 00:00:00,December,W,N,F,25,True,False, Thomaston,Union Street,  ,  ,V,G,1.0,0,14-301,,False,N,False,False,V,2025-12-08 16:42:11,Verbal Warning,,,False,1.0,CT0014000,20251209030006000001,2025-12-08 16:42:11,16:42:11,2025,,,,2025,Stop Sign
2025-12-10 03:00:08.583000,7951140.0,CT0014000,Thomaston,Racial Profile,S1,25-22003,Case No.,2025-12-09 00:00:00,December,W,H,M,20,True,False, Thomaston,Clay Street,  ,  ,V,G,1.0,0,14-218a,,False,N,False,False,V,2025-12-09 09:27:58,Verbal Warning,,,False,1.0,CT0014000,20251210030006000001,2025-12-09 09:27:58,09:27:58,2025,,,,2025,Speed Related
2025-12-12 03:00:08.367000,7955390.0,CT0014000,Thomaston,Racial Profile,S3,25-22148,Case No.,2025-12-11 00:00:00,December,W,N,F,62,True,True, Thomaston,Union Street,  ,  ,V,G,1.0,0,14-301,,False,N,False,False,V,2025-12-11 15:12:24,Verbal Warning,,,False,1.0,CT0014000,20251212030005000001,2025-12-11 15:12:24,15:12:24,2025,,,,2025,Stop Sign
2025-12-12 03:00:08.380000,7955391.0,CT0014000,Thomaston,Racial Profile,S3,25-22150,Case No.,2025-12-11 00:00:00,December,W,N,F,48,True,False, Thomaston,Union Street,  ,  ,V,G,1.0,0,14-301,,False,N,False,False,V,2025-12-11 15:21:49,Verbal Warning,,,False,1.0,CT0014000,20251212030005000001,2025-12-11 15:21:49,15:21:49,2025,,,,2025,Stop Sign
2025-12-12 03:00:08.393000,7955392.0,CT0014000,Thomaston,Racial Profile,S3,25-22151,Case No.,2025-12-11 00:00:00,December,W,N,F,34,True,False, Thomaston,Union Street,  ,  ,V,G,1.0,0,14-301,,False,N,False,False,V,2025-12-11 15:30:46,Verbal Warning,,,False,1.0,CT0014000,20251212030005000001,2025-12-11 15:30:46,15:30:46,2025,,,,2025,Stop Sign
2025-12-13 03:00:08.673000,7957510.0,CT0014000,Thomaston,Racial Profile,02,25-22198,Case No.,2025-12-12 00:00:00,December,W,N,F,38,True,False, Thomaston,North Main Street,  ,  ,V,G,1.0,0,14-218a,,False,N,False,False,V,2025-12-12 08:43:09,Verbal Warning,,,False,1.0,CT0014000,20251213030005000001,2025-12-12 08:43:09,08:43:09,2025,,,,2025,Speed Related
2025-12-13 03:00:08.677000,7957511.0,CT0014000,Thomaston,Racial Profile,02,25-22202,Case No.,2025-12-12 00:00:00,December,W,N,M,55,True,False, Thomaston,East Main Street (Rt. 6),  ,  ,V,G,1.0,0,14-218a,,False,N,False,False,V,2025-12-12 08:49:40,Verbal Warning,,,False,1.0,CT0014000,20251213030005000001,2025-12-12 08:49:40,08:49:40,2025,,,,2025,Speed Related
2025-12-13 03:00:08.670000,7957509.0,CT0014000,Thomaston,Racial Profile,02,25-22195,Case No.,2025-12-12 00:00:00,December,W,N,F,56,True,False, Thomaston,North Main Street,  ,  ,V,G,1.0,0,14-218a,,False,N,False,False,V,2025-12-12 08:17:13,Verbal Warning,,,False,1.0,CT0014000,20251213030005000001,2025-12-12 08:17:13,08:17:13,2025,,,,2025,Speed Related
2025-12-14 03:00:08.530000,7959636.0,CT0014000,Thomaston,Racial Profile,08,25-22276,Case No.,2025-12-13 00:00:00,December,W,N,M,63,True,False, Thomaston,Watertown Road (Rt. 6),  ,  ,V,G,1.0,0,14-299,,False,N,False,False,V,2025-12-13 18:27:27,Verbal Warning,,,False,1.0,CT0014000,20251214030005000001,2025-12-13 18:27:27,18:27:27,2025,,,,2025,Traffic Control Signal
2025-12-15 03:00:08.777000,7962553.0,CT0014000,Thomaston,Racial Profile,S3,25-22311,Case No.,2025-12-14 00:00:00,December,W,N,F,0,True,True, Thomaston,Union Street,  ,  ,V,G,1.0,0,14-301,,False,N,False,False,V,2025-12-14 15:54:59,Verbal Warning,,,False,1.0,CT0014000,20251215030005000001,2025-12-14 15:54:59,15:54:59,2025,,,,2025,Stop Sign
2025-12-15 03:00:08.767000,7962551.0,CT0014000,Thomaston,Racial Profile,S3,25-22308,Case No.,2025-12-14 00:00:00,December,W,N,F,73,True,False, Thomaston,Union Street,  ,  ,V,G,1.0,0,14-301,,False,N,False,False,V,2025-12-14 15:35:15,Verbal Warning,,,False,1.0,CT0014000,20251215030005000001,2025-12-14 15:35:15,15:35:15,2025,,,,2025,Stop Sign
2025-12-15 03:00:08.770000,7962552.0,CT0014000,Thomaston,Racial Profile,S3,25-22310,Case No.,2025-12-14 00:00:00,December,W,N,M,41,True,False, Thomaston,Union Street,  ,  ,V,G,1.0,0,14-301,,False,N,False,False,V,2025-12-14 15:46:53,Verbal Warning,,,False,1.0,CT0014000,20251215030005000001,2025-12-14 15:46:53,15:46:53,2025,,,,2025,Stop Sign
2025-12-16 03:00:08.717000,7974231.0,CT0014000,Thomaston,Racial Profile,S3,25-22379,Case No.,2025-12-15 00:00:00,December,W,N,M,61,True,False, Thomaston,Elm Street,  ,  ,V,G,1.0,0,14-301,,False,N,False,False,V,2025-12-15 16:32:35,Verbal Warning,,,False,1.0,CT0014000,20251216030005000001,2025-12-15 16:32:35,16:32:35,2025,,,,2025,Stop Sign
2025-12-16 03:00:08.710000,7974229.0,CT0014000,Thomaston,Racial Profile,S3,25-22377,Case No.,2025-12-15 00:00:00,December,W,M,M,26,True,True, Thomaston,Elm Street,  ,  ,V,G,1.0,0,14-301,,False,N,False,False,V,2025-12-15 16:09:46,Verbal Warning,,,False,1.0,CT0014000,20251216030005000001,2025-12-15 16:09:46,16:09:46,2025,,,,2025,Stop Sign
2025-12-16 03:00:08.713000,7974230.0,CT0014000,Thomaston,Racial Profile,S3,25-22378,Case No.,2025-12-15 00:00:00,December,W,N,F,33,True,False, Thomaston,Elm Street,  ,  ,V,G,1.0,0,14-301,,False,N,False,False,V,2025-12-15 16:22:52,Verbal Warning,,,False,1.0,CT0014000,20251216030005000001,2025-12-15 16:22:52,16:22:52,2025,,,,2025,Stop Sign
2025-12-17 03:00:09.517000,7976783.0,CT0014000,Thomaston,Racial Profile,S3,25-22460,Case No.,2025-12-16 00:00:00,December,W,N,M,20,True,False, Thomaston,Union Street,  ,  ,V,G,1.0,0,14-301,,False,N,False,False,V,2025-12-16 16:00:40,Verbal Warning,,,False,1.0,CT0014000,20251217030005000001,2025-12-16 16:00:40,16:00:40,2025,,,,2025,Stop Sign
2025-12-17 03:00:09.533000,7976785.0,CT0014000,Thomaston,Racial Profile,S3,25-22463,Case No.,2025-12-16 00:00:00,December,W,N,F,76,True,True, Thomaston,Union Street,  ,  ,V,G,1.0,0,14-301,,False,N,False,False,V,2025-12-16 16:17:01,Verbal Warning,,,False,1.0,CT0014000,20251217030005000001,2025-12-16 16:17:01,16:17:01,2025,,,,2025,Stop Sign
2025-12-17 03:00:09.527000,7976784.0,CT0014000,Thomaston,Racial Profile,S3,25-22462,Case No.,2025-12-16 00:00:00,December,W,N,M,67,True,True, Thomaston,Union Street,  ,  ,V,G,1.0,0,14-301,,False,N,False,False,V,2025-12-16 16:07:52,Verbal Warning,,,False,1.0,CT0014000,20251217030005000001,2025-12-16 16:07:52,16:07:52,2025,,,,2025,Stop Sign
2025-12-18 03:00:09.267000,7979890.0,CT0014000,Thomaston,Racial Profile,S3,25-22526,Case No.,2025-12-17 00:00:00,December,W,N,M,25,True,False, Thomaston,Union Street,  ,  ,V,G,1.0,0,14-301,,False,N,False,False,V,2025-12-17 16:55:00,Verbal Warning,,,False,1.0,CT0014000,20251218030005000001,2025-12-17 16:55:00,16:55:00,2025,14-12(a),,,2025,Stop Sign
2025-12-18 03:00:09.260000,7979889.0,CT0014000,Thomaston,Racial Profile,S3,25-22525,Case No.,2025-12-17 00:00:00,December,W,N,F,39,True,False, Thomaston,Union Street,  ,  ,V,G,1.0,0,14-301,,False,N,False,False,V,2025-12-17 16:40:55,Verbal Warning,,,False,1.0,CT0014000,20251218030005000001,2025-12-17 16:40:55,16:40:55,2025,,,,2025,Stop Sign
2025-12-19 03:00:10.393000,7982126.0,CT0014000,Thomaston,Racial Profile,02,25-22566,Case No.,2025-12-18 00:00:00,December,W,N,M,35,True,False, Thomaston,Northfield Road (Rt. 254),  ,  ,V,G,1.0,0,14-218a,,False,N,False,False,V,2025-12-18 09:07:45,Verbal Warning,,,False,1.0,CT0014000,20251219030005000001,2025-12-18 09:07:45,09:07:45,2025,,,,2025,Speed Related
2025-12-19 03:00:10.410000,7982127.0,CT0014000,Thomaston,Racial Profile,02,25-22567,Case No.,2025-12-18 00:00:00,December,W,N,M,57,True,False, Thomaston,Northfield Road (Rt. 254),  ,  ,V,G,1.0,0,14-218a,,False,N,False,False,V,2025-12-18 09:20:37,Verbal Warning,,,False,1.0,CT0014000,20251219030005000001,2025-12-18 09:20:37,09:20:37,2025,,,,2025,Speed Related
2026-01-07 03:00:08.553000,8047324.0,CT0014000,Thomaston,Racial Profile,02,25-23181,Case No.,2025-12-31 00:00:00,December,W,N,M,46,True,False, Thomaston,Branch Road (Rt. 109),  ,  ,V,G,1.0,0,14-218a,,False,N,False,False,V,2025-12-31 08:42:10,Verbal Warning,,,False,1.0,CT0014000,20260107030006000001,2025-12-31 08:42:10,08:42:10,2025,,,,2025,Speed Related
