CreatedDate,ProfileNo,OrganizationIdentificationID,Department Name,OrganizationActivityText,ReportingOfficerIdentificationID,InterventionIdentificationID,IdentificationCategoryDescriptionText,InterventionDate,Month,SubjectRaceCode,SubjectEthnicityCode,SubjectSexCode,SubjectAge,ResidentIndicator,TownRecidentIndicator,InterventionLocationName,InterventionLocationDescriptionText,InterventionLocationLatitude,InterventionLocationLongitude,InterventionReasonCode,InterventionTechniqueCode,InterventionDurationCode,TowedIndicator,StatuteCodeIdentificationID,StatutatoryCitationPostStop,VehicleSearchedIndicator,SearchAuthorizationCode,ContrabandIndicator,CustodialArrestIndicator,InterventionDispositionCode,InterventionDispositionDate,InterventionDispositionReasonText,IsStatuteCodeValid,IsStatutatoryCitationValid,IsaTest,RecordCount,SourceId,SourceReferenceId,InterventionDateTime,InterventionTime,filenumber,StatutatoryCitation,Road Type,ReasonForStop,Year
2025-02-26 16:13:30.107000,7236012.0,CTCSP0500,CSP Troop D,Racial Profile,1000004532,2500000615,Incident ID,2025-01-01 00:00:00,January,W,N,F,23,False,False,PLAINFIELD,"00000 I 395  (PLAINFIELD, T109)",41 44 40.3404000000,71 52 45.7320000000,V,B,1.0,0,14-219(c)(1),,False,N,False,False,W,,,,,False,1.0,CTCSP0000,133850779619033794,2025-01-01 13:39:33.920000,13:39:33.920000,2025,,,Speed Related,2025
2025-02-26 16:13:30.110000,7236013.0,CTCSP0500,CSP Troop D,Racial Profile,1000004532,2500000628,Incident ID,2025-01-01 00:00:00,January,W,N,F,28,False,False,PLAINFIELD,00000 I 395 ,41 45 31.3308000000,71 52 30.1800000000,I,B,1.0,0,14-283b(b(1,,False,N,False,False,W,,,,,False,1.0,CTCSP0000,133850779619033794,2025-01-01 13:48:52.630000,13:48:52.630000,2025,,,Other,2025
2025-02-26 16:13:30.193000,7236045.0,CTCSP0500,CSP Troop D,Racial Profile,1000004535,2500000376,Incident ID,2025-01-01 00:00:00,January,W,N,M,56,True,False,BROOKLYN,"00000 PROVIDENCE RD (BROOKLYN, T019)",41 48 0.2736000000,71 53 54.3120000000,V,B,1.0,0,14-12(a),,False,N,False,False,I,,,,,False,1.0,CTCSP0000,133850779619033794,2025-01-01 09:27:00.377000,09:27:00.377000,2025,,,Registration,2025
2025-02-26 16:13:30.230000,7236059.0,CTCSP0500,CSP Troop D,Racial Profile,1000004675,2500000752,Incident ID,2025-01-01 00:00:00,January,W,N,F,37,True,False,PLAINFIELD,"00000 I 395  (PLAINFIELD, T109)",41 39 31.6980000000,71 55 16.8240000000,V,G,1.0,0,14-12(a)*,,False,N,False,False,I,,,,,False,1.0,CTCSP0000,133850779619033794,2025-01-01 15:58:52.767000,15:58:52.767000,2025,,,Registration,2025
2025-02-26 16:13:30.233000,7236060.0,CTCSP0500,CSP Troop D,Racial Profile,1000004675,2500000812,Incident ID,2025-01-01 00:00:00,January,W,N,M,17,True,False,KILLINGLY,"00041 Hawkins St (KILLINGLY, T069)",41 48 20.4984000000,71 52 37.0236000000,V,G,1.0,0,14-387(2),,False,N,False,False,I,,,,,False,1.0,CTCSP0000,133850779619033794,2025-01-01 16:50:22.777000,16:50:22.777000,2025,,,Other,2025
2025-02-26 16:13:30.237000,7236061.0,CTCSP0500,CSP Troop D,Racial Profile,1000004675,2500000959,Incident ID,2025-01-01 00:00:00,January,B,N,M,36,True,False,PLAINFIELD,"00000 I 395  (PLAINFIELD, T109)",41 39 31.6980000000,71 55 16.8240000000,V,G,1.0,0,14-12(a)*,,False,N,False,False,I,,,,,False,1.0,CTCSP0000,133850779619033794,2025-01-01 20:46:16.587000,20:46:16.587000,2025,,,Registration,2025
2025-02-26 16:13:30.300000,7236084.0,CTCSP0500,CSP Troop D,Racial Profile,1000004777,2500000259,Incident ID,2025-01-01 00:00:00,January,W,N,F,41,False,False,PLAINFIELD,"00000 I 395  (PLAINFIELD, T109)",41 41 44.9700000000,71 54 14.6160000000,V,B,1.0,0,14-283b(b(1,,False,N,False,False,I,,,,,False,1.0,CTCSP0000,133850779619033794,2025-01-01 07:32:44.713000,07:32:44.713000,2025,,,Other,2025
2025-02-26 16:13:30.417000,7236113.0,CTCSP0500,CSP Troop D,Racial Profile,1000004964,2500000969,Incident ID,2025-01-01 00:00:00,January,W,N,M,70,False,False,PUTNAM,00000 I 395 ,41 55 18.3576000000,71 53 11.0040000000,V,B,1.0,0,14-299,,False,N,False,False,W,,,,,False,1.0,CTCSP0000,133850779619033794,2025-01-01 21:02:25.250000,21:02:25.250000,2025,,,Traffic Control Signal,2025
2025-02-26 16:13:30.243000,7236064.0,CTCSP0500,CSP Troop D,Racial Profile,1000004675,2500002508,Incident ID,2025-01-02 00:00:00,January,W,N,M,44,True,False,PLAINFIELD,00000 I 395 ,41 43 45.1776000000,71 53 21.4800000000,V,G,1.0,0,14-12(a)*,,False,N,False,False,W,,,,,False,1.0,CTCSP0000,133850779619033794,2025-01-02 19:47:14.470000,19:47:14.470000,2025,,,Registration,2025
2025-02-26 16:13:30.057000,7235993.0,CTCSP0500,CSP Troop D,Racial Profile,1000004405,2500002591,Incident ID,2025-01-02 00:00:00,January,W,N,F,18,True,True,KILLINGLY,Chucky Gas Station,41 50 36.7008000000,71 52 51.0600000000,V,B,2.0,0,14-147,,False,N,False,False,V,,,,,False,1.0,CTCSP0000,133850779619033794,2025-01-02 21:35:29.160000,21:35:29.160000,2025,,,Administrative Offense,2025
2025-02-26 16:13:30.117000,7236015.0,CTCSP0500,CSP Troop D,Racial Profile,1000004532,2500001808,Incident ID,2025-01-02 00:00:00,January,W,N,F,18,True,True,WOODSTOCK,"00000 RT 169  (WOODSTOCK, T169)",41 56 12.3324000000,71 57 32.2920000000,V,G,1.0,0,14-219(b),,False,N,False,False,I,,,,,False,1.0,CTCSP0000,133850779619033794,2025-01-02 11:29:12.947000,11:29:12.947000,2025,14-298,,Speed Related,2025
2025-02-26 16:13:30.113000,7236014.0,CTCSP0500,CSP Troop D,Racial Profile,1000004532,2500001524,Incident ID,2025-01-02 00:00:00,January,A,N,F,46,True,False,PUTNAM,"00000 I 395  (PUTNAM, T116)",41 54 58.7304000000,71 53 18.3480000000,V,B,1.0,0,14-219(c)(1),,False,N,False,False,I,,,,,False,1.0,CTCSP0000,133850779619033794,2025-01-02 08:41:12.410000,08:41:12.410000,2025,14-219(c)(1),,Speed Related,2025
2025-02-26 16:13:30.240000,7236063.0,CTCSP0500,CSP Troop D,Racial Profile,1000004675,2500002433,Incident ID,2025-01-02 00:00:00,January,W,H,F,32,True,False,KILLINGLY,"00000 UPPER MAPLE ST (KILLINGLY, T069)",41 49 20.9676000000,71 53 36.4200000000,V,G,1.0,0,14-12(a)*,,False,N,False,False,I,,,,,False,1.0,CTCSP0000,133850779619033794,2025-01-02 18:09:27.047000,18:09:27.047000,2025,,,Registration,2025
2025-02-26 16:13:30.240000,7236062.0,CTCSP0500,CSP Troop D,Racial Profile,1000004675,2500002341,Incident ID,2025-01-02 00:00:00,January,B,N,F,38,True,False,KILLINGLY,"00000 I 395  (KILLINGLY, T069)",41 47 6.6372000000,71 52 19.3800000000,V,G,1.0,0,14-219(c)(1),,False,N,False,False,I,,,,,False,1.0,CTCSP0000,133850779619033794,2025-01-02 16:51:39.897000,16:51:39.897000,2025,,,Speed Related,2025
2025-02-26 16:13:30.060000,7235994.0,CTCSP0500,CSP Troop D,Racial Profile,1000004405,2500003802,Incident ID,2025-01-03 00:00:00,January,W,N,F,24,True,True,PLAINFIELD,00000 I 395 ,41 44 48.6132000000,71 52 46.0560000000,V,B,1.0,0,14-219(c)(1),,False,N,False,False,W,,,,,False,1.0,CTCSP0000,133850779619033794,2025-01-03 17:33:31.650000,17:33:31.650000,2025,,,Speed Related,2025
2025-02-26 16:13:30.120000,7236017.0,CTCSP0500,CSP Troop D,Racial Profile,1000004532,2500003559,Incident ID,2025-01-03 00:00:00,January,W,N,F,49,False,False,THOMPSON,00000 I 395 ,41 56 13.0956000000,71 52 39.6480000000,V,G,1.0,0,14-219(c)(1),,False,N,False,False,W,,,,,False,1.0,CTCSP0000,133850779619033794,2025-01-03 14:11:15.057000,14:11:15.057000,2025,14-219(c)(1),,Speed Related,2025
2025-02-26 16:13:30.300000,7236085.0,CTCSP0500,CSP Troop D,Racial Profile,1000004777,2500002801,Incident ID,2025-01-03 00:00:00,January,W,N,F,60,False,False,KILLINGLY,00000 I 395 ,41 49 2.6328000000,71 52 10.8120000000,V,B,1.0,0,14-219(c)(1),,False,N,False,False,W,,,,,False,1.0,CTCSP0000,133850779619033794,2025-01-03 01:37:44.617000,01:37:44.617000,2025,,,Speed Related,2025
2025-02-26 16:13:30.393000,7236104.0,CTCSP0500,CSP Troop D,Racial Profile,1000004799,2500003646,Incident ID,2025-01-03 00:00:00,January,W,N,M,27,True,False,KILLINGLY,i-395,41 47 6.6372000000,71 52 19.3800000000,V,B,1.0,0,14-12(a),,False,N,False,False,V,,,,,False,1.0,CTCSP0000,133850779619033794,2025-01-03 15:11:20.887000,15:11:20.887000,2025,,,Registration,2025
2025-02-26 16:13:30.120000,7236016.0,CTCSP0500,CSP Troop D,Racial Profile,1000004532,2500003517,Incident ID,2025-01-03 00:00:00,January,W,N,F,19,False,False,THOMPSON,"00000 I 395  (THOMPSON, T141)",41 58 27.0516000000,71 51 52.2720000000,V,G,1.0,0,14-219(c)(1),,False,N,False,False,I,,,,,False,1.0,CTCSP0000,133850779619033794,2025-01-03 13:37:41.710000,13:37:41.710000,2025,14-219(c)(1),,Speed Related,2025
2025-02-26 16:13:30.030000,7235981.0,CTCSP0500,CSP Troop D,Racial Profile,1000004012,2500005368,Incident ID,2025-01-04 00:00:00,January,W,N,M,22,True,True,BROOKLYN,"00000 HARTFORD RD (BROOKLYN, T019)",41 47 0.4848000000,72 0 56.2680000000,V,B,1.0,0,14-298,,False,N,False,False,I,,,,,False,1.0,CTCSP0000,133850779619033794,2025-01-04 22:14:50.687000,22:14:50.687000,2025,,,STC Violation,2025
2025-02-26 16:13:30.077000,7236001.0,CTCSP0500,CSP Troop D,Racial Profile,1000004409,2500004715,Incident ID,2025-01-04 00:00:00,January,W,H,M,35,False,False,THOMPSON,00000 I 395 ,41 56 57.8220000000,71 52 53.6160000000,V,B,1.0,0,14-230(a),,False,N,False,False,W,,,,,False,1.0,CTCSP0000,133850779619033794,2025-01-04 11:04:31.153000,11:04:31.153000,2025,,,Moving Violation,2025
2025-02-26 16:13:30.127000,7236019.0,CTCSP0500,CSP Troop D,Racial Profile,1000004532,2500004635,Incident ID,2025-01-04 00:00:00,January,W,N,F,18,True,False,POMFRET,"00000 MASHAMOQUET RD (POMFRET, T112)",41 51 33.6456000000,72 2 13.3440000000,V,G,1.0,0,14-219(b),,False,N,False,False,W,,,,,False,1.0,CTCSP0000,133850779619033794,2025-01-04 10:10:28.913000,10:10:28.913000,2025,14-219(b),,Speed Related,2025
2025-02-26 16:13:30.130000,7236020.0,CTCSP0500,CSP Troop D,Racial Profile,1000004532,2500004659,Incident ID,2025-01-04 00:00:00,January,W,N,M,38,False,False,EASTFORD,"00000 POMFRET RD (EASTFORD, T039)",41 51 54.3168000000,72 2 49.4160000000,V,G,1.0,0,14-219(b),,False,N,False,False,W,,,,,False,1.0,CTCSP0000,133850779619033794,2025-01-04 10:25:20.427000,10:25:20.427000,2025,14-219(b),,Speed Related,2025
2025-02-26 16:13:30.133000,7236022.0,CTCSP0500,CSP Troop D,Racial Profile,1000004532,2500004822,Incident ID,2025-01-04 00:00:00,January,W,N,M,18,True,False,EASTFORD,"00000 POMFRET RD (EASTFORD, T039)",41 51 54.3168000000,72 2 49.4160000000,V,G,1.0,0,14-219(b),,False,N,False,False,I,,,,,False,1.0,CTCSP0000,133850779619033794,2025-01-04 12:41:46.877000,12:41:46.877000,2025,14-298,,Speed Related,2025
2025-02-26 16:13:30.137000,7236023.0,CTCSP0500,CSP Troop D,Racial Profile,1000004532,2500004846,Incident ID,2025-01-04 00:00:00,January,W,N,F,18,True,False,EASTFORD,"00000 POMFRET RD (EASTFORD, T039)",41 52 37.7904000000,72 4 41.1600000000,V,G,1.0,0,14-219(b),,False,N,False,False,I,,,,,False,1.0,CTCSP0000,133850779619033794,2025-01-04 12:57:15.553000,12:57:15.553000,2025,14-298,,Speed Related,2025
2025-02-26 16:13:30.140000,7236024.0,CTCSP0500,CSP Troop D,Racial Profile,1000004532,2500004869,Incident ID,2025-01-04 00:00:00,January,W,N,M,72,True,False,POMFRET,"00000 MASHAMOQUET RD (POMFRET, T112)",41 51 34.0596000000,72 2 0.5640000000,V,G,1.0,0,14-219(b),,False,N,False,False,W,,,,,False,1.0,CTCSP0000,133850779619033794,2025-01-04 13:21:01.820000,13:21:01.820000,2025,14-219(b),,Speed Related,2025
2025-02-26 16:13:30.130000,7236021.0,CTCSP0500,CSP Troop D,Racial Profile,1000004532,2500004744,Incident ID,2025-01-04 00:00:00,January,W,N,M,43,True,False,KILLINGLY,"00000 I 395  (KILLINGLY, T069)",41 49 58.7712000000,71 52 30.4680000000,V,G,1.0,0,14-219(c)(1),,False,N,False,False,W,,,,,False,1.0,CTCSP0000,133850779619033794,2025-01-04 11:28:44.420000,11:28:44.420000,2025,14-219(c)(1),,Speed Related,2025
2025-02-26 16:13:30.143000,7236026.0,CTCSP0500,CSP Troop D,Racial Profile,1000004532,2500004930,Incident ID,2025-01-04 00:00:00,January,W,N,F,17,True,True,BROOKLYN,"00000 POMFRET RD (BROOKLYN, T019)",41 48 27.2556000000,71 57 9.5760000000,V,G,1.0,0,14-219(b),,False,N,False,False,W,,,,,False,1.0,CTCSP0000,133850779619033794,2025-01-04 14:23:56.597000,14:23:56.597000,2025,14-219(b),,Speed Related,2025
2025-02-26 16:13:30.123000,7236018.0,CTCSP0500,CSP Troop D,Racial Profile,1000004532,2500004609,Incident ID,2025-01-04 00:00:00,January,B,N,F,29,True,False,EASTFORD,"00000 POMFRET RD (EASTFORD, T039)",41 51 54.3168000000,72 2 49.4160000000,V,G,1.0,0,14-219(b),,False,N,False,False,W,,,,,False,1.0,CTCSP0000,133850779619033794,2025-01-04 09:55:10.347000,09:55:10.347000,2025,14-219(b),,Speed Related,2025
2025-02-26 16:13:30.140000,7236025.0,CTCSP0500,CSP Troop D,Racial Profile,1000004532,2500004884,Incident ID,2025-01-04 00:00:00,January,W,H,M,25,False,False,POMFRET,"00000 MASHAMOQUET RD (POMFRET, T112)",41 51 34.0596000000,72 2 0.5640000000,V,G,1.0,0,14-219(b),,False,N,False,False,I,,,,,False,1.0,CTCSP0000,133850779619033794,2025-01-04 13:33:50.640000,13:33:50.640000,2025,14-298,,Speed Related,2025
2025-02-26 16:13:30.147000,7236027.0,CTCSP0500,CSP Troop D,Racial Profile,1000004532,2500005886,Incident ID,2025-01-05 00:00:00,January,W,N,M,17,True,True,PUTNAM,"00000 LIBERTY HWY (PUTNAM, T116)",41 53 46.9212000000,71 52 0.0840000000,V,G,1.0,0,14-219(b),,False,N,False,False,I,,,,,False,1.0,CTCSP0000,133850779619033794,2025-01-05 10:13:54.733000,10:13:54.733000,2025,14-298,,Speed Related,2025
2025-02-26 16:13:30.150000,7236028.0,CTCSP0500,CSP Troop D,Racial Profile,1000004532,2500005965,Incident ID,2025-01-05 00:00:00,January,W,N,F,46,True,False,PUTNAM,"00000 LIBERTY HWY (PUTNAM, T116)",41 54 48.8448000000,71 52 15.7800000000,V,G,1.0,0,14-219(b),,False,N,False,False,V,,,,,False,1.0,CTCSP0000,133850779619033794,2025-01-05 11:35:11.690000,11:35:11.690000,2025,14-219(b),,Speed Related,2025
2025-02-26 16:13:30.153000,7236029.0,CTCSP0500,CSP Troop D,Racial Profile,1000004532,2500005979,Incident ID,2025-01-05 00:00:00,January,W,N,M,20,True,False,THOMPSON,"00000 I 395  (THOMPSON, T141)",41 59 14.9568000000,71 51 10.0080000000,V,B,1.0,0,14-219(c)(1),,False,N,False,False,W,,,,,False,1.0,CTCSP0000,133850779619033794,2025-01-05 11:57:52.730000,11:57:52.730000,2025,14-219(c)(1),,Speed Related,2025
2025-02-26 16:13:30.157000,7236030.0,CTCSP0500,CSP Troop D,Racial Profile,1000004532,2500006067,Incident ID,2025-01-05 00:00:00,January,W,N,M,81,False,False,PUTNAM,"00000 I 395  (PUTNAM, T116)",41 54 47.7936000000,71 53 24.5760000000,V,G,1.0,0,14-219(c)(1),,False,N,False,False,W,,,,,False,1.0,CTCSP0000,133850779619033794,2025-01-05 14:01:05.600000,14:01:05.600000,2025,14-219(c)(1),,Speed Related,2025
2025-02-26 16:13:30.030000,7235982.0,CTCSP0500,CSP Troop D,Racial Profile,1000004012,2500006675,Incident ID,2025-01-06 00:00:00,January,W,N,M,72,False,False,KILLINGLY,"00000 PROVIDENCE PIKE (KILLINGLY, T069)",41 47 22.8444000000,71 51 25.0560000000,V,B,1.0,0,14-218a,,False,N,False,False,W,,,,,False,1.0,CTCSP0000,133850779619033794,2025-01-06 05:52:56.647000,05:52:56.647000,2025,,,Speed Related,2025
2025-02-26 16:13:30.033000,7235983.0,CTCSP0500,CSP Troop D,Racial Profile,1000004012,2500006683,Incident ID,2025-01-06 00:00:00,January,W,N,M,27,True,True,KILLINGLY,"00000 PROVIDENCE PIKE (KILLINGLY, T069)",41 47 26.8224000000,71 48 43.5600000000,V,B,1.0,0,14-218a,,False,N,False,False,V,,,,,False,1.0,CTCSP0000,133850779619033794,2025-01-06 06:10:45.867000,06:10:45.867000,2025,,,Speed Related,2025
2025-02-26 16:13:30.407000,7236109.0,CTCSP0500,CSP Troop D,Racial Profile,1000004856,2500006671,Incident ID,2025-01-06 00:00:00,January,W,N,M,27,False,False,BROOKLYN,RT-6 Brooklyn and BMS,41 47 54.8304000000,71 54 14.4720000000,V,G,1.0,0,14-299,,False,N,False,False,V,,,,,False,1.0,CTCSP0000,133850779619033794,2025-01-06 05:34:55.070000,05:34:55.070000,2025,,,Traffic Control Signal,2025
2025-02-26 16:13:30.400000,7236107.0,CTCSP0500,CSP Troop D,Racial Profile,1000004856,2500006550,Incident ID,2025-01-06 00:00:00,January,W,N,M,33,True,True,BROOKLYN,"00000 WAUREGAN RD (BROOKLYN, T019)",41 45 58.3380000000,71 56 14.8200000000,E,G,1.0,0,14-96a(a),,False,N,False,False,W,,,,,False,1.0,CTCSP0000,133850779619033794,2025-01-06 00:10:49.480000,00:10:49.480000,2025,,,Defective Lights,2025
2025-02-26 16:13:30.403000,7236108.0,CTCSP0500,CSP Troop D,Racial Profile,1000004856,2500006664,Incident ID,2025-01-06 00:00:00,January,W,N,M,40,True,True,BROOKLYN,RT-6 BROOKLYN CT ,41 47 1.3740000000,71 57 32.2560000000,V,G,2.0,0,14-219,,False,N,False,False,V,,,,,False,1.0,CTCSP0000,133850779619033794,2025-01-06 04:32:09.043000,04:32:09.043000,2025,,,Speed Related,2025
2025-02-26 16:13:30.063000,7235996.0,CTCSP0500,CSP Troop D,Racial Profile,1000004405,2500009279,Incident ID,2025-01-07 00:00:00,January,W,N,M,33,True,True,PLAINFIELD,00000 I 395 ,41 43 2.4888000000,71 53 41.3880000000,V,B,1.0,0,14-12(a),,False,N,False,False,W,,,,,False,1.0,CTCSP0000,133850779619033794,2025-01-07 17:28:03.220000,17:28:03.220000,2025,,,Registration,2025
2025-02-26 16:13:30.013000,7235975.0,CTCSP0500,CSP Troop D,Racial Profile,1000003380,2500009033,Incident ID,2025-01-07 00:00:00,January,W,N,F,66,True,True,KILLINGLY,maple st,41 50 36.5784000000,71 53 43.5120000000,V,G,1.0,0,14-298,,False,N,False,False,V,,,,,False,1.0,CTCSP0000,133850779619033794,2025-01-07 14:53:16.710000,14:53:16.710000,2025,,,STC Violation,2025
2025-02-26 16:13:30.060000,7235995.0,CTCSP0500,CSP Troop D,Racial Profile,1000004405,2500009226,Incident ID,2025-01-07 00:00:00,January,W,N,M,36,True,False,KILLINGLY,"00000 WATER ST (KILLINGLY, T069)",41 48 11.1060000000,71 53 8.3400000000,V,B,1.0,0,14-12(a)*,,False,N,False,False,I,,,,,False,1.0,CTCSP0000,133850779619033794,2025-01-07 16:51:08.363000,16:51:08.363000,2025,,,Registration,2025
2025-02-26 16:13:30.377000,7236100.0,CTCSP0500,CSP Troop D,Racial Profile,1000004797,2500009237,Incident ID,2025-01-07 00:00:00,January,W,N,F,29,True,True,THOMPSON,"39 Main St, Thompson CT",41 58 48.2052000000,71 54 7.2720000000,V,G,1.0,0,14-301,,False,N,False,False,V,,,,,False,1.0,CTCSP0000,133850779619033794,2025-01-07 16:57:58.250000,16:57:58.250000,2025,,,Stop Sign,2025
2025-02-26 16:13:30.387000,7236101.0,CTCSP0500,CSP Troop D,Racial Profile,1000004797,2500009426,Incident ID,2025-01-07 00:00:00,January,W,N,M,51,False,False,PLAINFIELD,I-395 NB .5 Mile from exit 32 on Ramp,41 44 4.8300000000,71 53 0.6360000000,V,G,1.0,0,14-220(a),,False,N,False,False,V,,,,,False,1.0,CTCSP0000,133850779619033794,2025-01-07 19:54:56.270000,19:54:56.270000,2025,,,Other,2025
2025-02-26 16:13:30.250000,7236066.0,CTCSP0500,CSP Troop D,Racial Profile,1000004675,2500009286,Incident ID,2025-01-07 00:00:00,January,W,N,F,66,True,False,KILLINGLY,00000 FURNACE ST,41 48 16.6644000000,71 53 2.5800000000,V,G,1.0,0,14-299,,False,N,False,False,W,,,,,False,1.0,CTCSP0000,133850779619033794,2025-01-07 17:34:02.190000,17:34:02.190000,2025,,,Traffic Control Signal,2025
2025-02-26 16:13:30.247000,7236065.0,CTCSP0500,CSP Troop D,Racial Profile,1000004675,2500009276,Incident ID,2025-01-07 00:00:00,January,W,N,M,42,True,False,BROOKLYN,"00000 PROVIDENCE RD (BROOKLYN, T019)",41 47 53.5956000000,71 54 19.1520000000,V,G,1.0,0,14-12(a)*,,False,N,False,False,I,,,,,False,1.0,CTCSP0000,133850779619033794,2025-01-07 17:23:55.493000,17:23:55.493000,2025,,,Registration,2025
2025-02-26 16:13:30.077000,7236002.0,CTCSP0500,CSP Troop D,Racial Profile,1000004409,2500010325,Incident ID,2025-01-08 00:00:00,January,B,N,M,33,True,False,BROOKLYN,00000 HARTFORD RD,41 47 3.6060000000,71 59 28.5360000000,V,B,1.0,0,14-213,,False,N,False,False,W,,,,,False,1.0,CTCSP0000,133850779619033794,2025-01-08 11:15:58.197000,11:15:58.197000,2025,,,Administrative Offense,2025
2025-02-26 16:13:30.200000,7236048.0,CTCSP0500,CSP Troop D,Racial Profile,1000004671,2500010847,Incident ID,2025-01-08 00:00:00,January,W,N,M,58,True,False,POMFRET,"00000 Boston Tpke, Pomfret, CT",41 53 48.7860000000,72 1 58.7640000000,V,G,1.0,0,14-218a,,False,N,False,False,V,,,,,False,1.0,CTCSP0000,133850779619033794,2025-01-08 17:11:16.677000,17:11:16.677000,2025,,,Speed Related,2025
2025-02-26 16:13:30.413000,7236112.0,CTCSP0500,CSP Troop D,Racial Profile,1000004922,2500010692,Incident ID,2025-01-08 00:00:00,January,W,N,M,81,True,True,KILLINGLY,00000 MECHANIC ST,41 48 47.0592000000,71 53 0.7080000000,V,G,1.0,0,14-301,,False,N,False,False,W,,,,,False,1.0,CTCSP0000,133850779619033794,2025-01-08 15:26:02.070000,15:26:02.070000,2025,14-301,,Stop Sign,2025
2025-02-26 16:13:29.990000,7235965.0,CTCSP0500,CSP Troop D,Racial Profile,1000002576,2500011954,Incident ID,2025-01-09 00:00:00,January,W,N,M,42,True,False,KILLINGLY,395,41 50 33.8640000000,71 52 45.0480000000,V,B,1.0,0,14-232,,False,N,False,False,V,,,,,False,1.0,CTCSP0000,133850779619033794,2025-01-09 11:16:21.303000,11:16:21.303000,2025,,,Moving Violation,2025
2025-02-26 16:13:30.253000,7236067.0,CTCSP0500,CSP Troop D,Racial Profile,1000004675,2500012248,Incident ID,2025-01-09 00:00:00,January,W,N,M,20,True,False,BROOKLYN,00000 PROVIDENCE RD,41 47 59.7444000000,71 53 54.8880000000,V,G,1.0,0,14-299,,False,N,False,False,W,,,,,False,1.0,CTCSP0000,133850779619033794,2025-01-09 14:34:05.100000,14:34:05.100000,2025,,,Traffic Control Signal,2025
2025-02-26 16:13:30.257000,7236068.0,CTCSP0500,CSP Troop D,Racial Profile,1000004675,2500012584,Incident ID,2025-01-09 00:00:00,January,W,N,F,50,True,False,KILLINGLY,"00000 MECHANIC ST (KILLINGLY, T069)",41 48 47.0592000000,71 53 0.7080000000,V,G,1.0,0,14-12(a)*,,False,N,False,False,I,,,,,False,1.0,CTCSP0000,133850779619033794,2025-01-09 17:51:23.797000,17:51:23.797000,2025,,,Registration,2025
2025-02-26 16:13:29.993000,7235966.0,CTCSP0500,CSP Troop D,Racial Profile,1000002578,2500012179,Incident ID,2025-01-09 00:00:00,January,W,N,M,16,True,False,KILLINGLY,Ellis tech,41 49 9.2712000000,71 53 33.8640000000,V,B,1.0,0,14-299,,False,N,False,False,V,,,,,False,1.0,CTCSP0000,133850779619033794,2025-01-09 13:50:52.153000,13:50:52.153000,2025,,,Traffic Control Signal,2025
2025-02-26 16:13:30.067000,7235997.0,CTCSP0500,CSP Troop D,Racial Profile,1000004405,2500012596,Incident ID,2025-01-09 00:00:00,January,W,N,M,38,True,True,KILLINGLY,00000 RAMP 41 I 395 S ,41 50 34.9872000000,71 52 47.4960000000,V,B,1.0,0,14-12(a)*,,False,N,False,False,W,,,,,False,1.0,CTCSP0000,133850779619033794,2025-01-09 17:58:23.540000,17:58:23.540000,2025,,,Registration,2025
2025-02-26 16:13:30.157000,7236031.0,CTCSP0500,CSP Troop D,Racial Profile,1000004532,2500012138,Incident ID,2025-01-09 00:00:00,January,W,N,F,81,True,True,BROOKLYN,Rt-6 Brooklyn ,41 47 53.5956000000,71 54 19.1520000000,V,B,1.0,0,14-241,,False,N,False,False,V,,,,,False,1.0,CTCSP0000,133850779619033794,2025-01-09 13:28:24.343000,13:28:24.343000,2025,14-241,,Moving Violation,2025
2025-02-26 16:13:30.197000,7236046.0,CTCSP0500,CSP Troop D,Racial Profile,1000004535,2500012016,Incident ID,2025-01-09 00:00:00,January,B,N,F,56,False,False,KILLINGLY,00000 RT 6 ,41 47 27.9816000000,71 52 20.0640000000,V,B,1.0,0,14-36(a),,False,N,False,False,W,,,,,False,1.0,CTCSP0000,133850779619033794,2025-01-09 12:00:58.873000,12:00:58.873000,2025,,,Unlicensed Operation,2025
2025-02-26 16:13:30.203000,7236049.0,CTCSP0500,CSP Troop D,Racial Profile,1000004671,2500012857,Incident ID,2025-01-09 00:00:00,January,W,N,F,46,True,True,CANTERBURY,"00000 Westminster Rd, Canterbury, CT",41 41 50.2332000000,71 58 50.1600000000,V,G,1.0,0,14-218A,,False,N,False,False,V,,,,,False,1.0,CTCSP0000,133850779619033794,2025-01-09 22:27:03.547000,22:27:03.547000,2025,,,Speed Related,2025
2025-02-26 16:13:30.317000,7236088.0,CTCSP0500,CSP Troop D,Racial Profile,1000004777,2500013022,Incident ID,2025-01-10 00:00:00,January,W,N,M,46,True,False,KILLINGLY,00000 I 395 ,41 45 59.4828000000,71 52 19.5960000000,V,B,1.0,0,14-219(c)(1),,False,N,False,False,W,,,,,False,1.0,CTCSP0000,133850779619033794,2025-01-10 01:43:32.650000,01:43:32.650000,2025,,,Speed Related,2025
2025-02-26 16:13:30.207000,7236050.0,CTCSP0500,CSP Troop D,Racial Profile,1000004671,2500014379,Incident ID,2025-01-10 00:00:00,January,W,N,M,71,True,False,GRISWOLD,"00000 BARBER RD (GRISWOLD, T058)",41 35 11.9724000000,71 58 36.3720000000,V,G,1.0,0,14-299,,False,N,False,False,I,,,,,False,1.0,CTCSP0000,133850779619033794,2025-01-10 23:33:40.010000,23:33:40.010000,2025,,,Traffic Control Signal,2025
2025-02-26 16:13:30.263000,7236071.0,CTCSP0500,CSP Troop D,Racial Profile,1000004675,2500014105,Incident ID,2025-01-10 00:00:00,January,W,N,F,23,True,False,KILLINGLY,"00000 WATER ST (KILLINGLY, T069)",41 48 3.6396000000,71 53 7.6200000000,V,G,1.0,0,14-12(a)*,,False,N,False,False,I,,,,,False,1.0,CTCSP0000,133850779619033794,2025-01-10 18:38:01.490000,18:38:01.490000,2025,,,Registration,2025
2025-02-26 16:13:30.303000,7236086.0,CTCSP0500,CSP Troop D,Racial Profile,1000004777,2500012989,Incident ID,2025-01-10 00:00:00,January,A,N,M,44,True,False,BROOKLYN,"00000 DAY ST (BROOKLYN, T019)",41 48 10.3608000000,71 54 3.9240000000,V,B,1.0,0,14-219(b),,False,N,False,False,I,,,,,False,1.0,CTCSP0000,133850779619033794,2025-01-10 00:58:15.410000,00:58:15.410000,2025,,,Speed Related,2025
2025-02-26 16:13:30.307000,7236087.0,CTCSP0500,CSP Troop D,Racial Profile,1000004777,2500013003,Incident ID,2025-01-10 00:00:00,January,W,M,M,62,False,False,PUTNAM,"00000 I 395  (PUTNAM, T116)",41 53 8.5740000000,71 53 46.0320000000,V,B,1.0,0,14-244,,False,N,False,False,I,,,,,False,1.0,CTCSP0000,133850779619033794,2025-01-10 01:18:22.360000,01:18:22.360000,2025,,,Moving Violation,2025
2025-02-26 16:13:30.260000,7236069.0,CTCSP0500,CSP Troop D,Racial Profile,1000004675,2500013888,Incident ID,2025-01-10 00:00:00,January,W,N,F,42,True,False,BROOKLYN,"00000 PROVIDENCE RD (BROOKLYN, T019)",41 47 48.9228000000,71 54 49.3200000000,V,G,1.0,0,14-36(a),,False,N,False,False,I,,,,,False,1.0,CTCSP0000,133850779619033794,2025-01-10 15:18:50.343000,15:18:50.343000,2025,,,Unlicensed Operation,2025
2025-02-26 16:13:30.263000,7236070.0,CTCSP0500,CSP Troop D,Racial Profile,1000004675,2500014090,Incident ID,2025-01-10 00:00:00,January,W,N,F,51,True,False,KILLINGLY,"00000 RT 6  (KILLINGLY, T069)",41 47 50.3304000000,71 53 6.2160000000,V,G,1.0,0,14-12(a)*,,False,N,False,False,I,,,,,False,1.0,CTCSP0000,133850779619033794,2025-01-10 18:25:17.657000,18:25:17.657000,2025,,,Registration,2025
2025-02-26 16:13:30.270000,7236072.0,CTCSP0500,CSP Troop D,Racial Profile,1000004675,2500014227,Incident ID,2025-01-10 00:00:00,January,W,N,M,19,True,False,KILLINGLY,"00000 MAIN ST (KILLINGLY, T069)",41 48 12.0960000000,71 53 8.7360000000,V,G,1.0,0,14-12(a)*,,False,N,False,False,I,,,,,False,1.0,CTCSP0000,133850779619033794,2025-01-10 20:53:46.113000,20:53:46.113000,2025,,,Registration,2025
2025-02-26 16:13:30.473000,7236133.0,CTCSP0500,CSP Troop D,Racial Profile,1000004968,2500015307,Incident ID,2025-01-11 00:00:00,January,W,N,F,21,False,False,PUTNAM,Route 44,41 55 34.8528000000,71 52 14.8440000000,V,B,1.0,0,14-96a(a),,False,N,False,False,N,,,,,False,1.0,CTCSP0000,133850779619033794,2025-01-11 20:34:55.823000,20:34:55.823000,2025,,,Defective Lights,2025
2025-02-26 16:13:29.973000,7235959.0,CTCSP0500,CSP Troop D,Racial Profile,1000001947,2500016177,Incident ID,2025-01-12 00:00:00,January,W,N,M,36,True,False,PLAINFIELD,"00000 I 395  (PLAINFIELD, T109)",41 38 44.3688000000,71 56 4.2360000000,V,B,1.0,0,14-298,,False,N,False,False,I,,,,,False,1.0,CTCSP0000,133850779619033794,2025-01-12 16:19:30.413000,16:19:30.413000,2025,,,STC Violation,2025
2025-02-26 16:13:30.420000,7236114.0,CTCSP0500,CSP Troop D,Racial Profile,1000004964,2500015884,Incident ID,2025-01-12 00:00:00,January,W,N,F,55,False,False,THOMPSON,00000 I 395 ,41 56 39.4404000000,71 52 48.7560000000,V,B,1.0,0,14-219(c)(1),,False,N,False,False,W,,,,,False,1.0,CTCSP0000,133850779619033794,2025-01-12 10:28:02.963000,10:28:02.963000,2025,14-219,,Speed Related,2025
2025-02-26 16:13:30.423000,7236115.0,CTCSP0500,CSP Troop D,Racial Profile,1000004964,2500016211,Incident ID,2025-01-12 00:00:00,January,W,H,M,24,False,False,THOMPSON,00000 I 395 ,41 56 39.4404000000,71 52 48.7560000000,V,B,1.0,0,14-219(c)(1),,False,N,False,False,W,,,,,False,1.0,CTCSP0000,133850779619033794,2025-01-12 16:58:00.323000,16:58:00.323000,2025,14-219,,Speed Related,2025
2025-02-26 16:13:30.357000,7236097.0,CTCSP0500,CSP Troop D,Racial Profile,1000004779,2500016202,Incident ID,2025-01-12 00:00:00,January,W,N,M,34,False,False,KILLINGLY,00000 WAUREGAN RD,41 47 39.2244000000,71 53 5.2440000000,V,B,1.0,0,14-219(c)(1),,False,N,False,False,W,,,,,False,1.0,CTCSP0000,133850779619033794,2025-01-12 16:47:44.700000,16:47:44.700000,2025,,,Speed Related,2025
2025-02-26 16:13:30.410000,7236110.0,CTCSP0500,CSP Troop D,Racial Profile,1000004856,2500015690,Incident ID,2025-01-12 00:00:00,January,I,N,M,53,True,True,PUTNAM,"00000 SCHOOL ST (PUTNAM, T116)",41 55 4.4868000000,71 54 17.9280000000,V,G,1.0,0,14-219,,False,N,False,False,I,,,,,False,1.0,CTCSP0000,133850779619033794,2025-01-12 06:09:44.027000,06:09:44.027000,2025,,,Speed Related,2025
2025-02-26 16:13:29.980000,7235961.0,CTCSP0500,CSP Troop D,Racial Profile,1000002254,2500015848,Incident ID,2025-01-12 00:00:00,January,W,N,F,39,True,False,POMFRET,"00000 Brayman Hollow Rd (POMFRET, T112)",41 53 56.7420000000,72 0 6.8904000000,V,G,1.0,0,14-234,,False,N,False,False,I,,,,,False,1.0,CTCSP0000,133850779619033794,2025-01-12 09:22:18.380000,09:22:18.380000,2025,,,Moving Violation,2025
2025-02-26 16:13:30.080000,7236003.0,CTCSP0500,CSP Troop D,Racial Profile,1000004409,2500017633,Incident ID,2025-01-13 00:00:00,January,W,N,M,46,True,False,BROOKLYN,00000 HARTFORD RD,41 46 56.3880000000,71 58 46.1280000000,V,B,1.0,0,14-18(c),,False,N,False,False,W,,,,,False,1.0,CTCSP0000,133850779619033794,2025-01-13 16:59:46.963000,16:59:46.963000,2025,,,Display of Plates,2025
2025-02-26 16:13:30.390000,7236102.0,CTCSP0500,CSP Troop D,Racial Profile,1000004797,2500017710,Incident ID,2025-01-13 00:00:00,January,W,N,M,43,True,True,KILLINGLY,"339 Hartord Pike, Killingly CT",41 50 48.7644000000,71 53 30.0480000000,V,G,1.0,0,14-12(a),,False,N,False,False,V,,,,,False,1.0,CTCSP0000,133850779619033794,2025-01-13 18:02:59.640000,18:02:59.640000,2025,,,Registration,2025
2025-02-26 16:13:30.480000,7236135.0,CTCSP0500,CSP Troop D,Racial Profile,1000004975,2500017673,Incident ID,2025-01-13 00:00:00,January,W,N,M,40,True,True,HAMPTON,RT 6,41 46 52.1436000000,72 1 23.4840000000,V,G,1.0,0,14-12(a),,False,N,False,False,V,,,,,False,1.0,CTCSP0000,133850779619033794,2025-01-13 17:33:40.147000,17:33:40.147000,2025,,,Registration,2025
2025-02-26 16:13:30.017000,7235976.0,CTCSP0500,CSP Troop D,Racial Profile,1000003380,2500019413,Incident ID,2025-01-14 00:00:00,January,W,N,M,20,True,True,KILLINGLY,rt 101,41 50 31.7688000000,71 52 41.0520000000,V,G,1.0,0,14-96,,False,N,False,False,V,,,,,False,1.0,CTCSP0000,133850779619033794,2025-01-14 23:16:27.807000,23:16:27.807000,2025,,,Defective Lights,2025
2025-02-26 16:13:30.083000,7236004.0,CTCSP0500,CSP Troop D,Racial Profile,1000004409,2500019296,Incident ID,2025-01-14 00:00:00,January,W,N,M,29,True,False,Hampton, Hartford TPKE/Potter RD,41 46 27.1848000000,72 4 48.8856000000,V,B,1.0,0,14-218a,,False,N,False,False,W,,,,,False,1.0,CTCSP0000,133850779619033794,2025-01-14 20:35:23.367000,20:35:23.367000,2025,,,Speed Related,2025
2025-02-26 16:13:30.053000,7235991.0,CTCSP0500,CSP Troop D,Racial Profile,1000004402,2500019492,Incident ID,2025-01-15 00:00:00,January,W,N,M,40,True,False,KILLINGLY,"00000 RT 6  (KILLINGLY, T069)",41 47 48.6060000000,71 53 4.1640000000,V,B,2.0,1,14-147(c),,False,N,False,False,I,,,,,False,1.0,CTCSP0000,133850779619033794,2025-01-15 01:30:09.117000,01:30:09.117000,2025,,,Administrative Offense,2025
2025-02-26 16:13:30.020000,7235977.0,CTCSP0500,CSP Troop D,Racial Profile,1000003380,2500020354,Incident ID,2025-01-15 00:00:00,January,W,N,F,20,True,False,KILLINGLY,"00000 WESTCOTT RD (KILLINGLY, T069)",41 48 33.6924000000,71 52 22.1880000000,V,G,1.0,0,14-238,,False,N,False,False,I,,,,,False,1.0,CTCSP0000,133850779619033794,2025-01-15 15:06:23.010000,15:06:23.010000,2025,,,Moving Violation,2025
2025-02-26 16:13:30.087000,7236005.0,CTCSP0500,CSP Troop D,Racial Profile,1000004409,2500022100,Incident ID,2025-01-16 00:00:00,January,W,N,M,64,True,True,PLAINFIELD,00000 I 395 ,41 40 9.3720000000,71 54 39.2040000000,V,B,1.0,0,14-236,,False,N,False,False,W,,,,,False,1.0,CTCSP0000,133850779619033794,2025-01-16 18:32:56.540000,18:32:56.540000,2025,,,Moving Violation,2025
2025-02-26 16:13:30.070000,7235998.0,CTCSP0500,CSP Troop D,Racial Profile,1000004405,2500021768,Incident ID,2025-01-16 00:00:00,January,B,N,M,53,True,True,KILLINGLY,395 SB Prior to exit 41,41 51 17.2728000000,71 52 55.5600000000,V,B,1.0,0,14-147,,False,N,False,False,V,,,,,False,1.0,CTCSP0000,133850779619033794,2025-01-16 14:45:43.327000,14:45:43.327000,2025,,,Administrative Offense,2025
2025-02-26 16:13:30.273000,7236075.0,CTCSP0500,CSP Troop D,Racial Profile,1000004675,2500022250,Incident ID,2025-01-16 00:00:00,January,W,N,F,30,True,False,KILLINGLY,00000 N MAIN ST,41 50 15.5148000000,71 52 34.6800000000,V,G,1.0,0,14-96a(a),,False,N,False,False,W,,,,,False,1.0,CTCSP0000,133850779619033794,2025-01-16 21:28:05.470000,21:28:05.470000,2025,,,Defective Lights,2025
2025-02-26 16:13:30.270000,7236073.0,CTCSP0500,CSP Troop D,Racial Profile,1000004675,2500021761,Incident ID,2025-01-16 00:00:00,January,W,N,M,71,True,False,BROOKLYN,00000 PROVIDENCE RD,41 47 50.3880000000,71 54 36.5400000000,V,G,1.0,0,14-299,,False,N,False,False,W,,,,,False,1.0,CTCSP0000,133850779619033794,2025-01-16 14:44:42.167000,14:44:42.167000,2025,,,Traffic Control Signal,2025
2025-02-26 16:13:30.053000,7235992.0,CTCSP0500,CSP Troop D,Racial Profile,1000004402,2500022294,Incident ID,2025-01-16 00:00:00,January,W,N,M,43,False,False,EASTFORD,"00000 POMFRET RD (EASTFORD, T039)",41 52 26.1516000000,72 4 6.6720000000,V,B,1.0,0,14-236,,False,N,False,False,I,,,,,False,1.0,CTCSP0000,133850779619033794,2025-01-16 22:37:56.710000,22:37:56.710000,2025,,,Moving Violation,2025
2025-02-26 16:13:30.070000,7235999.0,CTCSP0500,CSP Troop D,Racial Profile,1000004405,2500021910,Incident ID,2025-01-16 00:00:00,January,W,N,M,74,True,True,KILLINGLY,00000 I 395 ,41 48 49.6404000000,71 52 14.9880000000,V,B,1.0,0,14-219(c)(1),,False,N,False,False,W,,,,,False,1.0,CTCSP0000,133850779619033794,2025-01-16 16:05:10.447000,16:05:10.447000,2025,,,Speed Related,2025
2025-02-26 16:13:30.090000,7236006.0,CTCSP0500,CSP Troop D,Racial Profile,1000004409,2500022226,Incident ID,2025-01-16 00:00:00,January,W,N,M,37,True,True,PLAINFIELD,00395 I 395 ,41 43 23.0016000000,71 53 34.0728000000,V,B,1.0,0,14-218a*,,False,N,False,False,W,,,,,False,1.0,CTCSP0000,133850779619033794,2025-01-16 20:46:20.777000,20:46:20.777000,2025,,,Speed Related,2025
2025-02-26 16:13:30.090000,7236007.0,CTCSP0500,CSP Troop D,Racial Profile,1000004409,2500022240,Incident ID,2025-01-16 00:00:00,January,W,N,F,44,True,False,KILLINGLY,i-395,41 46 15.3120000000,71 52 20.6760000000,V,B,1.0,0,14-18(c),,False,N,False,False,V,,,,,False,1.0,CTCSP0000,133850779619033794,2025-01-16 21:11:07.773000,21:11:07.773000,2025,,,Display of Plates,2025
2025-02-26 16:13:30.273000,7236074.0,CTCSP0500,CSP Troop D,Racial Profile,1000004675,2500022238,Incident ID,2025-01-16 00:00:00,January,W,N,M,37,True,False,KILLINGLY,00000 HARTFORD PIKE,41 50 36.7008000000,71 52 51.0600000000,V,G,1.0,0,14-12(a)*,,False,N,False,False,W,,,,,False,1.0,CTCSP0000,133850779619033794,2025-01-16 21:07:53.480000,21:07:53.480000,2025,,,Registration,2025
2025-02-26 16:13:30.393000,7236103.0,CTCSP0500,CSP Troop D,Racial Profile,1000004797,2500023491,Incident ID,2025-01-17 00:00:00,January,W,N,M,61,True,True,PLAINFIELD,"Route 12, Plainfield CT",41 38 16.2636000000,71 57 6.9840000000,V,G,1.0,0,14-218a,,False,N,False,False,V,,,,,False,1.0,CTCSP0000,133850779619033794,2025-01-17 18:02:57.940000,18:02:57.940000,2025,,,Speed Related,2025
2025-02-26 16:13:30.423000,7236116.0,CTCSP0500,CSP Troop D,Racial Profile,1000004964,2500023229,Incident ID,2025-01-17 00:00:00,January,W,N,M,54,True,False,PLAINFIELD,"00000 I 395  (PLAINFIELD, T109)",41 42 5.4828000000,71 54 4.6080000000,V,B,1.0,0,14-219,,False,N,False,False,W,,,,,False,1.0,CTCSP0000,133850779619033794,2025-01-17 14:36:21.763000,14:36:21.763000,2025,14-219,,Speed Related,2025
2025-02-26 16:13:30.277000,7236076.0,CTCSP0500,CSP Troop D,Racial Profile,1000004675,2500023458,Incident ID,2025-01-17 00:00:00,January,W,N,F,28,True,False,KILLINGLY,"00000 NORTH ST (KILLINGLY, T069)",41 49 0.8400000000,71 53 6.0360000000,V,G,1.0,0,14-12(a)*,,False,N,False,False,I,,,,,False,1.0,CTCSP0000,133850779619033794,2025-01-17 17:42:32.210000,17:42:32.210000,2025,,,Registration,2025
2025-02-26 16:13:30.210000,7236051.0,CTCSP0500,CSP Troop D,Racial Profile,1000004671,2500024710,Incident ID,2025-01-18 00:00:00,January,W,N,M,56,True,False,POMFRET,"00000 Rt 244, Pomfret, Ct",41 53 42.9396000000,71 58 37.0200000000,V,G,2.0,0,14-236,,False,N,False,False,V,,,,,False,1.0,CTCSP0000,133850779619033794,2025-01-18 20:28:48.027000,20:28:48.027000,2025,,,Moving Violation,2025
2025-02-26 16:13:30.037000,7235984.0,CTCSP0500,CSP Troop D,Racial Profile,1000004012,2500024874,Incident ID,2025-01-19 00:00:00,January,W,N,F,24,False,False,KILLINGLY,"00000 N MAIN ST (KILLINGLY, T069)",41 48 57.5568000000,71 52 36.9120000000,E,B,1.0,0,14-96b,,False,N,False,False,V,,,,,False,1.0,CTCSP0000,133850779619033794,2025-01-19 00:27:13.937000,00:27:13.937000,2025,,,Defective Lights,2025
2025-02-26 16:13:30.073000,7236000.0,CTCSP0500,CSP Troop D,Racial Profile,1000004405,2500025471,Incident ID,2025-01-19 00:00:00,January,W,N,F,16,True,False,KILLINGLY,395 SB prior to exit 38,41 49 12.6876000000,71 52 14.0160000000,V,B,1.0,0,14-236,,False,N,False,False,V,,,,,False,1.0,CTCSP0000,133850779619033794,2025-01-19 14:44:38.470000,14:44:38.470000,2025,,,Moving Violation,2025
2025-02-26 16:13:30.297000,7236083.0,CTCSP0500,CSP Troop D,Racial Profile,1000004678,2500024905,Incident ID,2025-01-19 00:00:00,January,W,N,M,17,True,True,KILLINGLY,I395 N/B Exit 41,41 50 31.1568000000,71 52 36.8040000000,V,S,1.0,0,14-219,,False,N,False,False,V,,,,,False,1.0,CTCSP0000,133850779619033794,2025-01-19 01:02:02.017000,01:02:02.017000,2025,,,Speed Related,2025
2025-02-26 16:13:30.480000,7236136.0,CTCSP0500,CSP Troop D,Racial Profile,1000004975,2500025564,Incident ID,2025-01-19 00:00:00,January,W,N,F,32,True,False,THOMPSON,"00000 EXIT 49 I 395 N  (THOMPSON, T141)",41 56 53.6856000000,71 52 51.3840000000,V,G,1.0,0,14-12(a)*,,False,N,False,False,W,,,,,False,1.0,CTCSP0000,133850779619033794,2025-01-19 16:19:59.570000,16:19:59.570000,2025,,,Registration,2025
2025-02-26 16:13:29.983000,7235962.0,CTCSP0500,CSP Troop D,Racial Profile,1000002266,2500025615,Incident ID,2025-01-19 00:00:00,January,W,N,F,65,True,True,PUTNAM,exit 47/route 44,41 55 19.5636000000,71 54 1.4760000000,V,B,1.0,0,14-299,,False,N,False,False,V,,,,,False,1.0,CTCSP0000,133850779619033794,2025-01-19 17:09:34.610000,17:09:34.610000,2025,,,Traffic Control Signal,2025
2025-02-26 16:13:30.040000,7235985.0,CTCSP0500,CSP Troop D,Racial Profile,1000004012,2500024912,Incident ID,2025-01-19 00:00:00,January,B,N,F,36,True,True,KILLINGLY,"00000 REYNOLDS ST (KILLINGLY, T069)",41 48 25.6140000000,71 52 47.7120000000,E,B,1.0,0,14-96b,,False,N,False,False,V,,,,,False,1.0,CTCSP0000,133850779619033794,2025-01-19 01:08:33.317000,01:08:33.317000,2025,,,Defective Lights,2025
2025-02-26 16:13:30.160000,7236032.0,CTCSP0500,CSP Troop D,Racial Profile,1000004532,2500026450,Incident ID,2025-01-20 00:00:00,January,W,H,M,27,True,False,KILLINGLY,RT-6 / Rt 12 Killingly ,41 47 40.5168000000,71 52 49.4040000000,V,B,1.0,0,14-299,,False,N,False,False,V,,,,,False,1.0,CTCSP0000,133850779619033794,2025-01-20 12:46:30.600000,12:46:30.600000,2025,14-299,,Traffic Control Signal,2025
2025-02-26 16:13:30.427000,7236117.0,CTCSP0500,CSP Troop D,Racial Profile,1000004964,2500026905,Incident ID,2025-01-20 00:00:00,January,W,N,M,20,True,True,WOODSTOCK,"00000 RT 171  (WOODSTOCK, T169)",41 55 59.2968000000,71 56 3.2280000000,V,B,1.0,0,14-218a,,False,N,False,False,W,,,,,False,1.0,CTCSP0000,133850779619033794,2025-01-20 22:10:59.147000,22:10:59.147000,2025,14-218a,,Speed Related,2025
2025-02-26 16:13:30.163000,7236033.0,CTCSP0500,CSP Troop D,Racial Profile,1000004532,2500026538,Incident ID,2025-01-20 00:00:00,January,W,N,M,53,True,False,BROOKLYN,"00000 PROVIDENCE RD (BROOKLYN, T019)",41 47 48.9228000000,71 54 49.3200000000,V,B,1.0,0,14-299,,False,N,False,False,W,,,,,False,1.0,CTCSP0000,133850779619033794,2025-01-20 14:31:22.877000,14:31:22.877000,2025,14-299,,Traffic Control Signal,2025
2025-02-26 16:13:30.483000,7236137.0,CTCSP0500,CSP Troop D,Racial Profile,1000004975,2500026700,Incident ID,2025-01-20 00:00:00,January,W,H,F,34,True,True,PUTNAM,"00000 I 395  (PUTNAM, T116)",41 55 18.3576000000,71 53 11.0040000000,V,G,1.0,0,14-12(a)*,,False,N,False,False,V,,,,,False,1.0,CTCSP0000,133850779619033794,2025-01-20 16:52:54.787000,16:52:54.787000,2025,,,Registration,2025
2025-02-26 16:13:30,7235969.0,CTCSP0500,CSP Troop D,Racial Profile,1000003342,2500027341,Incident ID,2025-01-21 00:00:00,January,W,N,M,20,True,False,BROOKLYN,"00000 HARTFORD RD (BROOKLYN, T019)",41 47 12.6888000000,72 0 23.1480000000,V,B,1.0,0,14-218a*,,False,N,False,False,I,,,,,False,1.0,CTCSP0000,133850779619033794,2025-01-21 08:09:05.587000,08:09:05.587000,2025,,,Speed Related,2025
2025-02-26 16:13:30.097000,7236008.0,CTCSP0500,CSP Troop D,Racial Profile,1000004409,2500027202,Incident ID,2025-01-21 00:00:00,January,W,N,M,39,True,False,HAMPTON,00000 Hartford Tpke,41 46 32.0664000000,72 4 20.4708000000,V,B,1.0,0,14-234,,False,N,False,False,W,,,,,False,1.0,CTCSP0000,133850779619033794,2025-01-21 06:47:40.243000,06:47:40.243000,2025,,,Moving Violation,2025
2025-02-26 16:13:30.167000,7236034.0,CTCSP0500,CSP Troop D,Racial Profile,1000004532,2500027624,Incident ID,2025-01-21 00:00:00,January,W,N,F,57,True,False,BROOKLYN,"00000 PROVIDENCE RD (BROOKLYN, T019)",41 48 0.2700000000,71 53 52.8720000000,V,B,1.0,0,14-218a,,False,N,False,False,V,,,,,False,1.0,CTCSP0000,133850779619033794,2025-01-21 11:34:40.760000,11:34:40.760000,2025,14-218a,,Speed Related,2025
2025-02-26 16:13:30,7235968.0,CTCSP0500,CSP Troop D,Racial Profile,1000003342,2500027307,Incident ID,2025-01-21 00:00:00,January,W,N,F,32,True,False,BROOKLYN,"00000 HARTFORD RD (BROOKLYN, T019)",41 47 12.6888000000,72 0 23.1480000000,V,B,1.0,0,14-218a*,,False,N,False,False,I,,,,,False,1.0,CTCSP0000,133850779619033794,2025-01-21 07:55:41.750000,07:55:41.750000,2025,,,Speed Related,2025
2025-02-26 16:13:30.007000,7235971.0,CTCSP0500,CSP Troop D,Racial Profile,1000003342,2500027390,Incident ID,2025-01-21 00:00:00,January,W,N,M,27,True,False,BROOKLYN,"00000 HARTFORD RD (BROOKLYN, T019)",41 47 12.9012000000,71 59 54.0960000000,V,B,1.0,0,14-218a,,False,N,False,False,I,,,,,False,1.0,CTCSP0000,133850779619033794,2025-01-21 08:36:31.753000,08:36:31.753000,2025,,,Speed Related,2025
2025-02-26 16:13:30.010000,7235972.0,CTCSP0500,CSP Troop D,Racial Profile,1000003342,2500027422,Incident ID,2025-01-21 00:00:00,January,W,N,F,29,True,False,BROOKLYN,"00000 HARTFORD RD (BROOKLYN, T019)",41 47 11.4216000000,72 0 27.6840000000,V,B,1.0,0,14-218a*,,False,N,False,False,I,,,,,False,1.0,CTCSP0000,133850779619033794,2025-01-21 08:58:35.447000,08:58:35.447000,2025,,,Speed Related,2025
2025-02-26 16:13:29.997000,7235967.0,CTCSP0500,CSP Troop D,Racial Profile,1000003342,2500027298,Incident ID,2025-01-21 00:00:00,January,A,N,M,47,True,False,BROOKLYN,RT6,41 47 4.0488000000,72 0 46.6920000000,V,B,1.0,0,14-218a,,False,N,False,False,V,,,,,False,1.0,CTCSP0000,133850779619033794,2025-01-21 07:49:39.043000,07:49:39.043000,2025,,,Speed Related,2025
2025-02-26 16:13:30.003000,7235970.0,CTCSP0500,CSP Troop D,Racial Profile,1000003342,2500027364,Incident ID,2025-01-21 00:00:00,January,W,N,M,51,True,False,BROOKLYN,"00000 HARTFORD RD (BROOKLYN, T019)",41 47 11.4216000000,72 0 27.6840000000,V,B,1.0,0,14-218a*,,False,N,False,False,I,,,,,False,1.0,CTCSP0000,133850779619033794,2025-01-21 08:21:01.237000,08:21:01.237000,2025,,,Speed Related,2025
2025-02-26 16:13:30.487000,7236138.0,CTCSP0500,CSP Troop D,Racial Profile,1000004975,2500028095,Incident ID,2025-01-21 00:00:00,January,W,N,F,62,True,True,THOMPSON,"00000 WOODSTOCK RD (THOMPSON, T141)",41 55 53.4108000000,71 55 49.0080000000,V,G,1.0,0,14-12a*,,False,N,False,False,W,,,,,False,1.0,CTCSP0000,133850779619033794,2025-01-21 18:08:13.453000,18:08:13.453000,2025,,,Registration,2025
2025-02-26 16:13:30.430000,7236118.0,CTCSP0500,CSP Troop D,Racial Profile,1000004964,2500027114,Incident ID,2025-01-21 00:00:00,January,W,N,M,40,True,True,PLAINFIELD,"00000 I 395  (PLAINFIELD, T109)",41 40 15.3984000000,71 54 35.2800000000,V,B,1.0,0,14-298,,False,N,False,False,I,,,,,False,1.0,CTCSP0000,133850779619033794,2025-01-21 03:10:27.063000,03:10:27.063000,2025,14-298,,STC Violation,2025
2025-02-26 16:13:30.437000,7236121.0,CTCSP0500,CSP Troop D,Racial Profile,1000004964,2500028116,Incident ID,2025-01-21 00:00:00,January,A,N,F,60,False,False,PUTNAM,i-395s,41 55 33.1680000000,71 53 3.1452000000,V,B,3.0,0,14-236,,False,N,False,False,I,,,,,False,1.0,CTCSP0000,133850779619033794,2025-01-21 18:28:49.557000,18:28:49.557000,2025,14-236,,Moving Violation,2025
2025-02-26 16:13:30.430000,7236119.0,CTCSP0500,CSP Troop D,Racial Profile,1000004964,2500027140,Incident ID,2025-01-21 00:00:00,January,W,N,F,27,True,False,PLAINFIELD,"00000 I 395  (PLAINFIELD, T109)",41 40 15.3984000000,71 54 35.2800000000,V,B,1.0,0,14-219,,False,N,False,False,W,,,,,False,1.0,CTCSP0000,133850779619033794,2025-01-21 04:36:08.140000,04:36:08.140000,2025,14-219,,Speed Related,2025
2025-02-26 16:13:30.433000,7236120.0,CTCSP0500,CSP Troop D,Racial Profile,1000004964,2500027153,Incident ID,2025-01-21 00:00:00,January,W,N,M,28,True,False,PLAINFIELD,"00000 I 395  (PLAINFIELD, T109)",41 40 15.3984000000,71 54 35.2800000000,V,B,1.0,0,14-219,,False,N,False,False,W,,,,,False,1.0,CTCSP0000,133850779619033794,2025-01-21 05:27:37.063000,05:27:37.063000,2025,14-219,,Speed Related,2025
2025-02-26 16:13:30.477000,7236134.0,CTCSP0500,CSP Troop D,Racial Profile,1000004968,2500027208,Incident ID,2025-01-21 00:00:00,January,W,N,M,23,True,True,BROOKLYN,00000 HARTFORD RD,41 47 12.0372000000,71 57 11.4120000000,V,G,1.0,0,14-233,,False,N,False,False,W,,,,,False,1.0,CTCSP0000,133850779619033794,2025-01-21 06:51:58.833000,06:51:58.833000,2025,,,Moving Violation,2025
2025-02-26 16:13:30.023000,7235978.0,CTCSP0500,CSP Troop D,Racial Profile,1000003380,2500028901,Incident ID,2025-01-22 00:00:00,January,W,N,F,50,True,True,KILLINGLY,00000 MAIN ST,41 48 20.6352000000,71 52 59.0520000000,V,G,1.0,0,14-298,,False,N,False,False,W,,,,,False,1.0,CTCSP0000,133850779619033794,2025-01-22 11:02:21.583000,11:02:21.583000,2025,,,STC Violation,2025
2025-02-26 16:13:30.210000,7236052.0,CTCSP0500,CSP Troop D,Racial Profile,1000004671,2500029438,Incident ID,2025-01-22 00:00:00,January,W,N,F,27,True,False,CANTERBURY,"00000 Lovell Ln, Canterbury, CT",41 41 52.3572000000,71 57 45.6120000000,I,G,3.0,1,53a-110a,,False,N,False,True,U,,,,,False,1.0,CTCSP0000,133850779619033794,2025-01-22 18:25:26.520000,18:25:26.520000,2025,14-227a,,Other,2025
2025-02-26 16:13:30.043000,7235987.0,CTCSP0500,CSP Troop D,Racial Profile,1000004395,2500029259,Incident ID,2025-01-22 00:00:00,January,W,N,F,27,True,True,WILLINGTON,rt.74 ashford,41 52 26.8176000000,72 13 29.6040000000,V,G,1.0,0,14-232,,False,N,False,False,V,,,,,False,1.0,CTCSP0000,133850779619033794,2025-01-22 15:30:28.997000,15:30:28.997000,2025,,,Moving Violation,2025
2025-02-26 16:13:30.190000,7236044.0,CTCSP0500,CSP Troop D,Racial Profile,1000004534,2500029235,Incident ID,2025-01-22 00:00:00,January,W,N,M,70,False,False,POMFRET,"00000 DEERFIELD RD (POMFRET, T112)",41 53 36.7692000000,71 58 32.6640000000,V,G,2.0,0,14-218a,,False,N,False,False,I,,,,,False,1.0,CTCSP0000,133850779619033794,2025-01-22 15:14:23.330000,15:14:23.330000,2025,,,Speed Related,2025
2025-02-26 16:13:30.217000,7236053.0,CTCSP0500,CSP Troop D,Racial Profile,1000004671,2500029566,Incident ID,2025-01-22 00:00:00,January,W,N,M,56,True,False,HAMPTON,"00000 PROVIDENCE TPKE (HAMPTON, T063)",41 46 52.1436000000,72 1 23.4840000000,V,G,1.0,0,14-12(a)*,,False,N,False,False,I,,,,,False,1.0,CTCSP0000,133850779619033794,2025-01-22 21:21:26.397000,21:21:26.397000,2025,,,Registration,2025
2025-02-26 16:13:30.440000,7236122.0,CTCSP0500,CSP Troop D,Racial Profile,1000004964,2500028377,Incident ID,2025-01-22 00:00:00,January,W,N,F,23,False,False,PLAINFIELD,"00000 I 395  (PLAINFIELD, T109)",41 40 15.3984000000,71 54 35.2800000000,V,B,1.0,0,14-219,,False,N,False,False,W,,,,,False,1.0,CTCSP0000,133850779619033794,2025-01-22 01:16:24.623000,01:16:24.623000,2025,14-219,,Speed Related,2025
2025-02-26 16:13:30.100000,7236009.0,CTCSP0500,CSP Troop D,Racial Profile,1000004409,2500028520,Incident ID,2025-01-22 00:00:00,January,W,H,M,46,True,False,HAMPTON,"00000 Hartford Tpke (HAMPTON, T063)",41 46 23.6892000000,72 4 56.9208000000,V,B,1.0,0,14-234,,False,N,False,False,I,,,,,False,1.0,CTCSP0000,133850779619033794,2025-01-22 06:47:53.170000,06:47:53.170000,2025,,,Moving Violation,2025
2025-02-26 16:13:30.443000,7236123.0,CTCSP0500,CSP Troop D,Racial Profile,1000004964,2500028424,Incident ID,2025-01-22 00:00:00,January,W,N,M,30,True,False,PLAINFIELD,"00000 I 395  (PLAINFIELD, T109)",41 39 43.1532000000,71 55 3.6120000000,V,B,1.0,0,14-219,,False,N,False,False,W,,,,,False,1.0,CTCSP0000,133850779619033794,2025-01-22 02:49:29.720000,02:49:29.720000,2025,14-219,,Speed Related,2025
2025-02-26 16:13:30.050000,7235989.0,CTCSP0500,CSP Troop D,Racial Profile,1000004395,2500030087,Incident ID,2025-01-23 00:00:00,January,W,N,M,62,True,False,PUTNAM,"00000 KENNEDY DR (PUTNAM, T116)",41 54 39.9528000000,71 54 45.4320000000,V,G,1.0,0,14-283b(b(1,,False,N,False,False,I,,,,,False,1.0,CTCSP0000,133850779619033794,2025-01-23 09:12:20.117000,09:12:20.117000,2025,,,Other,2025
2025-02-26 16:13:30.047000,7235988.0,CTCSP0500,CSP Troop D,Racial Profile,1000004395,2500030072,Incident ID,2025-01-23 00:00:00,January,W,N,M,28,True,False,PUTNAM,00000 I 395 ,41 53 8.5740000000,71 53 46.0320000000,V,G,1.0,0,14-219(c)(1),,False,N,False,False,W,,,,,False,1.0,CTCSP0000,133850779619033794,2025-01-23 09:02:10.980000,09:02:10.980000,2025,,,Speed Related,2025
2025-02-26 16:13:30.220000,7236054.0,CTCSP0500,CSP Troop D,Racial Profile,1000004671,2500030787,Incident ID,2025-01-23 00:00:00,January,W,N,M,23,False,False,KILLINGLY,"00000 I395, Killingly, CT",41 45 56.6136000000,71 52 19.8480000000,V,G,2.0,0,14-96u,,False,N,False,False,V,,,,,False,1.0,CTCSP0000,133850779619033794,2025-01-23 17:52:41.690000,17:52:41.690000,2025,,,Defective Lights,2025
2025-02-26 16:13:30.280000,7236077.0,CTCSP0500,CSP Troop D,Racial Profile,1000004675,2500031974,Incident ID,2025-01-24 00:00:00,January,W,N,M,33,True,False,HAMPTON,"00000 PROVIDENCE TPKE (HAMPTON, T063)",41 46 20.2224000000,72 2 35.0520000000,V,G,1.0,0,14-12(a)*,,False,N,False,False,I,,,,,False,1.0,CTCSP0000,133850779619033794,2025-01-24 16:17:57,16:17:57,2025,,,Registration,2025
2025-02-26 16:13:30.327000,7236090.0,CTCSP0500,CSP Troop D,Racial Profile,1000004777,2500033665,Incident ID,2025-01-25 00:00:00,January,W,N,M,42,True,False,PLAINFIELD,"00000 I 395  (PLAINFIELD, T109)",41 42 41.5944000000,71 53 48.8400000000,V,B,1.0,0,14-12(a)*,,False,N,False,False,I,,,,,False,1.0,CTCSP0000,133850779619033794,2025-01-25 23:50:36.310000,23:50:36.310000,2025,,,Registration,2025
2025-02-26 16:13:30.450000,7236125.0,CTCSP0500,CSP Troop D,Racial Profile,1000004964,2500032903,Incident ID,2025-01-25 00:00:00,January,W,N,F,45,False,False,THOMPSON,"00000 I 395  (THOMPSON, T141)",41 56 39.4404000000,71 52 48.7560000000,V,B,1.0,0,14-219,,False,N,False,False,W,,,,,False,1.0,CTCSP0000,133850779619033794,2025-01-25 11:25:24.500000,11:25:24.500000,2025,14-219,,Speed Related,2025
2025-02-26 16:13:30.170000,7236035.0,CTCSP0500,CSP Troop D,Racial Profile,1000004532,2500032899,Incident ID,2025-01-25 00:00:00,January,W,N,M,24,False,False,EASTFORD,"00000 FIRE TOWER RD (EASTFORD, T039)",41 51 54.3168000000,72 2 49.4160000000,V,B,1.0,0,14-219(b),,False,N,False,False,V,,,,,False,1.0,CTCSP0000,133850779619033794,2025-01-25 11:21:04.093000,11:21:04.093000,2025,14-219(b),,Speed Related,2025
2025-02-26 16:13:30.223000,7236056.0,CTCSP0500,CSP Troop D,Racial Profile,1000004671,2500033582,Incident ID,2025-01-25 00:00:00,January,W,H,M,45,True,False,PLAINFIELD,"00000 395, plainfield, ct",41 41 44.9700000000,71 54 14.6160000000,V,G,1.0,0,14-236,,False,N,False,False,V,,,,,False,1.0,CTCSP0000,133850779619033794,2025-01-25 22:39:09.327000,22:39:09.327000,2025,,,Moving Violation,2025
2025-02-26 16:13:30.220000,7236055.0,CTCSP0500,CSP Troop D,Racial Profile,1000004671,2500033126,Incident ID,2025-01-25 00:00:00,January,W,N,M,20,True,True,BROOKLYN,"00000 Brenn Dr, brooklyn, Ct",41 46 32.1852000000,71 56 6.5400000000,V,G,1.0,0,14-147(c),,False,N,False,False,V,,,,,False,1.0,CTCSP0000,133850779619033794,2025-01-25 14:53:56.783000,14:53:56.783000,2025,,,Administrative Offense,2025
2025-02-26 16:13:30.327000,7236089.0,CTCSP0500,CSP Troop D,Racial Profile,1000004777,2500033640,Incident ID,2025-01-25 00:00:00,January,W,N,M,31,True,False,KILLINGLY,"00000 I 395  (KILLINGLY, T069)",41 51 46.2672000000,71 53 10.5720000000,V,B,1.0,0,14-219(c)(1),,False,N,False,False,I,,,,,False,1.0,CTCSP0000,133850779619033794,2025-01-25 23:31:15.050000,23:31:15.050000,2025,,,Speed Related,2025
2025-02-26 16:13:30.200000,7236047.0,CTCSP0500,CSP Troop D,Racial Profile,1000004535,2500032676,Incident ID,2025-01-25 00:00:00,January,W,N,F,51,True,False,KILLINGLY,00000 I 395 ,41 47 41.8380000000,71 52 34.7520000000,V,B,1.0,0,14-219(c)(1),,False,N,False,False,W,,,,,False,1.0,CTCSP0000,133850779619033794,2025-01-25 07:04:59.840000,07:04:59.840000,2025,,,Speed Related,2025
2025-02-26 16:13:30.447000,7236124.0,CTCSP0500,CSP Troop D,Racial Profile,1000004964,2500032886,Incident ID,2025-01-25 00:00:00,January,W,N,M,29,False,False,THOMPSON,"00000 BALLARD RD (THOMPSON, T141)",41 56 33.1044000000,71 52 46.3080000000,V,B,1.0,0,14-219,,False,N,False,False,W,,,,,False,1.0,CTCSP0000,133850779619033794,2025-01-25 11:04:42.290000,11:04:42.290000,2025,14-219,,Speed Related,2025
2025-02-26 16:13:30.227000,7236057.0,CTCSP0500,CSP Troop D,Racial Profile,1000004671,2500034470,Incident ID,2025-01-26 00:00:00,January,W,N,F,21,False,False,BROOKLYN,"00000 Providence Rd, Brooklyn, CT",41 48 4.7736000000,71 53 30.9120000000,V,G,1.0,0,14-218a,,False,N,False,False,V,,,,,False,1.0,CTCSP0000,133850779619033794,2025-01-26 19:07:29.613000,19:07:29.613000,2025,,,Speed Related,2025
2025-02-26 16:13:30.283000,7236079.0,CTCSP0500,CSP Troop D,Racial Profile,1000004675,2500034443,Incident ID,2025-01-26 00:00:00,January,W,N,M,49,True,False,KILLINGLY,"00000 NORTH ST (KILLINGLY, T069)",41 49 5.8008000000,71 53 18.2760000000,V,G,1.0,0,14-12(a)*,,False,N,False,False,I,,,,,False,1.0,CTCSP0000,133850779619033794,2025-01-26 18:10:28.140000,18:10:28.140000,2025,,,Registration,2025
2025-02-26 16:13:30.373000,7236098.0,CTCSP0500,CSP Troop D,Racial Profile,1000004779,2500034423,Incident ID,2025-01-26 00:00:00,January,W,N,M,60,False,False,KILLINGLY,00000 I 395 ,41 48 32.3496000000,71 52 19.8480000000,V,B,1.0,0,14-219(c)(1),,False,N,False,False,W,,,,,False,1.0,CTCSP0000,133850779619033794,2025-01-26 17:48:13.903000,17:48:13.903000,2025,,,Speed Related,2025
2025-02-26 16:13:30.280000,7236078.0,CTCSP0500,CSP Troop D,Racial Profile,1000004675,2500034436,Incident ID,2025-01-26 00:00:00,January,W,N,F,61,True,False,KILLINGLY,00000 NORTH ST,41 49 3.3240000000,71 53 12.0480000000,V,G,1.0,0,14-96y,,False,N,False,False,W,,,,,False,1.0,CTCSP0000,133850779619033794,2025-01-26 18:00:12.887000,18:00:12.887000,2025,,,Defective Lights,2025
2025-02-26 16:13:29.980000,7235960.0,CTCSP0500,CSP Troop D,Racial Profile,1000001947,2500035766,Incident ID,2025-01-27 00:00:00,January,W,H,F,59,True,False,KILLINGLY,"00000 MAIN ST (KILLINGLY, T069)",41 48 9.9252000000,71 53 10.6800000000,V,B,1.0,0,14-299,,False,N,False,False,I,,,,,False,1.0,CTCSP0000,133850779619033794,2025-01-27 18:46:57.970000,18:46:57.970000,2025,,,Traffic Control Signal,2025
2025-02-26 16:13:30.027000,7235980.0,CTCSP0500,CSP Troop D,Racial Profile,1000003919,2500035895,Incident ID,2025-01-27 00:00:00,January,B,N,M,19,True,True,KILLINGLY,"north, mechanic",41 48 36.3600000000,71 53 0.5280000000,V,B,1.0,0,14-301,,False,N,False,False,W,,,,,False,1.0,CTCSP0000,133850779619033794,2025-01-27 21:56:18.803000,21:56:18.803000,2025,,,Stop Sign,2025
2025-02-26 16:13:30.023000,7235979.0,CTCSP0500,CSP Troop D,Racial Profile,1000003380,2500034863,Incident ID,2025-01-27 00:00:00,January,W,N,M,52,True,False,EASTFORD,00000 POMFRET RD,41 52 26.1516000000,72 4 6.6720000000,V,G,1.0,0,14-240(b,,False,N,False,False,W,,,,,False,1.0,CTCSP0000,133850779619033794,2025-01-27 06:48:53.083000,06:48:53.083000,2025,,,Moving Violation,2025
2025-02-26 16:13:30.170000,7236036.0,CTCSP0500,CSP Troop D,Racial Profile,1000004532,2500035480,Incident ID,2025-01-27 00:00:00,January,W,N,M,16,True,True,BROOKLYN,"00000 PROVIDENCE RD (BROOKLYN, T019)",41 47 52.8612000000,71 54 22.0320000000,V,B,1.0,0,14-218a,,False,N,False,False,V,,,,,False,1.0,CTCSP0000,133850779619033794,2025-01-27 14:52:28.233000,14:52:28.233000,2025,14-218a,,Speed Related,2025
2025-02-26 16:13:30.287000,7236080.0,CTCSP0500,CSP Troop D,Racial Profile,1000004675,2500035470,Incident ID,2025-01-27 00:00:00,January,W,N,F,33,True,False,KILLINGLY,"00000 WATER ST (KILLINGLY, T069)",41 48 12.0960000000,71 53 8.7360000000,V,G,1.0,0,14-12(a)*,,False,N,False,False,I,,,,,False,1.0,CTCSP0000,133850779619033794,2025-01-27 14:43:56.923000,14:43:56.923000,2025,,,Registration,2025
2025-02-26 16:13:30.290000,7236081.0,CTCSP0500,CSP Troop D,Racial Profile,1000004675,2500035898,Incident ID,2025-01-27 00:00:00,January,W,N,F,33,True,False,KILLINGLY,00000 I 395 ,41 49 58.7712000000,71 52 30.4680000000,V,G,1.0,0,14-12(a)*,,False,N,False,False,W,,,,,False,1.0,CTCSP0000,133850779619033794,2025-01-27 22:07:34.163000,22:07:34.163000,2025,,,Registration,2025
2025-02-26 16:13:30.040000,7235986.0,CTCSP0500,CSP Troop D,Racial Profile,1000004378,2500035360,Incident ID,2025-01-27 00:00:00,January,W,H,M,19,True,True,POMFRET,Pomfret Street (RT 44) Pomfret,41 53 1.6044000000,71 57 42.5880000000,V,B,1.0,0,14-236,,False,N,False,False,V,,,,,False,1.0,CTCSP0000,133850779619033794,2025-01-27 13:01:42.120000,13:01:42.120000,2025,14-236,,Moving Violation,2025
2025-02-26 16:13:30.330000,7236091.0,CTCSP0500,CSP Troop D,Racial Profile,1000004777,2500034685,Incident ID,2025-01-27 00:00:00,January,B,N,M,34,True,False,PUTNAM,"00000 WOODSTOCK AVE (PUTNAM, T116)",41 55 41.7720000000,71 55 20.0280000000,V,B,1.0,0,14-219(b),,False,N,False,False,I,,,,,False,1.0,CTCSP0000,133850779619033794,2025-01-27 00:03:57.487000,00:03:57.487000,2025,,,Speed Related,2025
2025-02-26 16:13:30.010000,7235973.0,CTCSP0500,CSP Troop D,Racial Profile,1000003342,2500036660,Incident ID,2025-01-28 00:00:00,January,W,N,F,83,True,False,BROOKLYN,"00000 HARTFORD RD (BROOKLYN, T019)",41 47 5.7336000000,71 59 33.1800000000,V,B,1.0,0,14-298,,False,N,False,False,I,,,,,False,1.0,CTCSP0000,133850779619033794,2025-01-28 11:27:54.620000,11:27:54.620000,2025,,,STC Violation,2025
2025-02-26 16:13:30.400000,7236106.0,CTCSP0500,CSP Troop D,Racial Profile,1000004799,2500036713,Incident ID,2025-01-28 00:00:00,January,W,N,M,29,False,False,PLAINFIELD,"00000 I 395  (PLAINFIELD, T109)",41 45 26.3880000000,71 52 32.5200000000,V,B,1.0,0,14-219(c)(1),,False,N,False,False,I,,,,,False,1.0,CTCSP0000,133850779619033794,2025-01-28 12:03:41.217000,12:03:41.217000,2025,,,Speed Related,2025
2025-02-26 16:13:30.450000,7236126.0,CTCSP0500,CSP Troop D,Racial Profile,1000004964,2500036482,Incident ID,2025-01-28 00:00:00,January,A,N,F,51,False,False,PUTNAM,"00000 SCHOOL ST (PUTNAM, T116)",41 55 27.4080000000,71 53 12.5520000000,V,B,1.0,0,14-219,,False,N,False,False,W,,,,,False,1.0,CTCSP0000,133850779619033794,2025-01-28 09:39:06.730000,09:39:06.730000,2025,14-219,,Speed Related,2025
2025-02-26 16:13:30.173000,7236037.0,CTCSP0500,CSP Troop D,Racial Profile,1000004532,2500036881,Incident ID,2025-01-28 00:00:00,January,W,N,M,46,False,False,KILLINGLY,"00000 I 395  (KILLINGLY, T069)",41 49 12.6876000000,71 52 14.0160000000,V,G,3.0,0,14-236,,False,N,False,False,V,,,,,False,1.0,CTCSP0000,133850779619033794,2025-01-28 14:21:21.823000,14:21:21.823000,2025,14-236,,Moving Violation,2025
2025-02-26 16:13:30.343000,7236093.0,CTCSP0500,CSP Troop D,Racial Profile,1000004777,2500036184,Incident ID,2025-01-28 00:00:00,January,W,N,M,51,True,False,PLAINFIELD,00000 BLACK HILL RD,41 41 50.0784000000,71 57 42.0480000000,V,B,1.0,0,14-301,,False,N,False,False,W,,,,,False,1.0,CTCSP0000,133850779619033794,2025-01-28 05:35:03.433000,05:35:03.433000,2025,,,Stop Sign,2025
2025-02-26 16:13:30.347000,7236094.0,CTCSP0500,CSP Troop D,Racial Profile,1000004777,2500036194,Incident ID,2025-01-28 00:00:00,January,W,N,M,29,True,False,CANTERBURY,"00000 N CANTERBURY RD (CANTERBURY, T022)",41 42 38.9952000000,71 58 11.5320000000,V,B,1.0,0,14-301,,False,N,False,False,I,,,,,False,1.0,CTCSP0000,133850779619033794,2025-01-28 05:50:05.670000,05:50:05.670000,2025,,,Stop Sign,2025
2025-02-26 16:13:30.397000,7236105.0,CTCSP0500,CSP Troop D,Racial Profile,1000004799,2500036679,Incident ID,2025-01-28 00:00:00,January,W,N,M,25,True,True,PLAINFIELD,00000 I 395 ,41 43 13.6020000000,71 53 39.0120000000,V,B,1.0,0,14-219(c)(1),,False,N,False,False,W,,,,,False,1.0,CTCSP0000,133850779619033794,2025-01-28 11:41:47.793000,11:41:47.793000,2025,,,Speed Related,2025
2025-02-26 16:13:30.453000,7236127.0,CTCSP0500,CSP Troop D,Racial Profile,1000004964,2500036604,Incident ID,2025-01-28 00:00:00,January,W,N,F,36,False,False,THOMPSON,"00000 I 395  (THOMPSON, T141)",41 57 28.5120000000,71 52 40.1520000000,V,B,1.0,0,14-219,,False,N,False,False,W,,,,,False,1.0,CTCSP0000,133850779619033794,2025-01-28 10:51:12.310000,10:51:12.310000,2025,14-219,,Speed Related,2025
2025-02-26 16:13:29.987000,7235963.0,CTCSP0500,CSP Troop D,Racial Profile,1000002373,2500036652,Incident ID,2025-01-28 00:00:00,January,W,N,F,50,True,False,KILLINGLY,"00000 REYNOLDS ST (KILLINGLY, T069)",41 48 25.6140000000,71 52 47.7120000000,V,G,1.0,0,14-213b,,False,N,False,False,I,,,,,False,1.0,CTCSP0000,133850779619033794,2025-01-28 11:25:07.123000,11:25:07.123000,2025,,,Administrative Offense,2025
2025-02-26 16:13:30.340000,7236092.0,CTCSP0500,CSP Troop D,Racial Profile,1000004777,2500036114,Incident ID,2025-01-28 00:00:00,January,W,N,M,34,True,False,BROOKLYN,00000 HARTFORD RD,41 46 57.0360000000,71 58 37.9560000000,V,B,1.0,0,14-301,,False,N,False,False,W,,,,,False,1.0,CTCSP0000,133850779619033794,2025-01-28 01:46:01.697000,01:46:01.697000,2025,,,Stop Sign,2025
2025-02-26 16:13:30.353000,7236095.0,CTCSP0500,CSP Troop D,Racial Profile,1000004777,2500037425,Incident ID,2025-01-28 00:00:00,January,W,N,M,32,True,False,KILLINGLY,"00000 I 395  (KILLINGLY, T069)",41 47 51.9936000000,71 52 28.7040000000,V,B,1.0,0,14-12(a)*,,False,N,False,False,I,,,,,False,1.0,CTCSP0000,133850779619033794,2025-01-28 22:47:25.707000,22:47:25.707000,2025,,,Registration,2025
2025-02-26 16:13:30.457000,7236128.0,CTCSP0500,CSP Troop D,Racial Profile,1000004964,2500036683,Incident ID,2025-01-28 00:00:00,January,W,N,M,82,False,False,THOMPSON,"00000 BALLARD RD (THOMPSON, T141)",41 56 33.1044000000,71 52 46.3080000000,V,B,1.0,0,14-219,,False,N,False,False,I,,,,,False,1.0,CTCSP0000,133850779619033794,2025-01-28 11:45:13.667000,11:45:13.667000,2025,14-219,,Speed Related,2025
2025-02-26 16:13:30.177000,7236038.0,CTCSP0500,CSP Troop D,Racial Profile,1000004532,2500037736,Incident ID,2025-01-29 00:00:00,January,W,N,F,51,True,False,PLAINFIELD,"00000 I 395  (PLAINFIELD, T109)",41 44 4.8300000000,71 53 0.6360000000,V,B,1.0,0,14-219(c)(1),,False,N,False,False,W,,,,,False,1.0,CTCSP0000,133850779619033794,2025-01-29 07:21:58.790000,07:21:58.790000,2025,14-219(c)(1),,Speed Related,2025
2025-02-26 16:13:30.180000,7236040.0,CTCSP0500,CSP Troop D,Racial Profile,1000004532,2500038130,Incident ID,2025-01-29 00:00:00,January,A,N,M,23,False,False,PLAINFIELD,"00000 I 395  (PLAINFIELD, T109)",41 39 43.1532000000,71 55 3.6120000000,V,G,1.0,0,14-219(c)(1),,False,N,False,False,W,,,,,False,1.0,CTCSP0000,133850779619033794,2025-01-29 12:30:01.087000,12:30:01.087000,2025,14-219(c)(1),,Speed Related,2025
2025-02-26 16:13:30.050000,7235990.0,CTCSP0500,CSP Troop D,Racial Profile,1000004395,2500038382,Incident ID,2025-01-29 00:00:00,January,W,H,M,56,False,False,KILLINGLY,00000 HARTFORD PIKE,41 50 36.7008000000,71 52 51.0600000000,V,G,1.0,0,14-301,,False,N,False,False,W,,,,,False,1.0,CTCSP0000,133850779619033794,2025-01-29 15:19:15.963000,15:19:15.963000,2025,,,Stop Sign,2025
2025-02-26 16:13:30.470000,7236131.0,CTCSP0500,CSP Troop D,Racial Profile,1000004964,2500037634,Incident ID,2025-01-29 00:00:00,January,W,N,M,26,False,False,PUTNAM,"00000 PROVIDENCE PIKE (PUTNAM, T116)",41 55 28.4268000000,71 52 54.3360000000,V,B,2.0,0,14-222,,False,N,False,False,M,,,,,False,1.0,CTCSP0000,133850779619033794,2025-01-29 05:46:26.677000,05:46:26.677000,2025,14-222,,Speed Related,2025
2025-02-26 16:13:30.180000,7236039.0,CTCSP0500,CSP Troop D,Racial Profile,1000004532,2500038051,Incident ID,2025-01-29 00:00:00,January,W,N,M,34,True,False,KILLINGLY,"00000 I 395  (KILLINGLY, T069)",41 48 49.6404000000,71 52 14.9880000000,V,B,1.0,0,14-283b,,False,N,False,False,W,,,,,False,1.0,CTCSP0000,133850779619033794,2025-01-29 11:10:23.900000,11:10:23.900000,2025,14-283b,,Other,2025
2025-02-26 16:13:30.190000,7236043.0,CTCSP0500,CSP Troop D,Racial Profile,1000004532,2500038257,Incident ID,2025-01-29 00:00:00,January,W,N,M,17,True,False,PLAINFIELD,"00000 I 395  (PLAINFIELD, T109)",41 40 9.3720000000,71 54 39.2040000000,V,B,1.0,0,14-219(c)(1),,False,N,False,False,W,,,,,False,1.0,CTCSP0000,133850779619033794,2025-01-29 14:14:13.917000,14:14:13.917000,2025,14-219(c)(1),,Speed Related,2025
2025-02-26 16:13:30.357000,7236096.0,CTCSP0500,CSP Troop D,Racial Profile,1000004777,2500037559,Incident ID,2025-01-29 00:00:00,January,W,N,M,41,True,False,KILLINGLY,"00000 I 395  (KILLINGLY, T069)",41 48 1.9476000000,71 52 23.8080000000,V,B,1.0,0,14-219(c)(1),,False,N,False,False,I,,,,,False,1.0,CTCSP0000,133850779619033794,2025-01-29 01:21:14.527000,01:21:14.527000,2025,,,Speed Related,2025
2025-02-26 16:13:30.470000,7236132.0,CTCSP0500,CSP Troop D,Racial Profile,1000004964,2500038210,Incident ID,2025-01-29 00:00:00,January,W,N,F,38,True,True,THOMPSON,"00000 I 395  (THOMPSON, T141)",41 56 33.2844000000,71 52 45.8400000000,V,B,1.0,0,14-219,,False,N,False,False,W,,,,,False,1.0,CTCSP0000,133850779619033794,2025-01-29 13:44:07.580000,13:44:07.580000,2025,14-219,,Speed Related,2025
2025-02-26 16:13:30.460000,7236129.0,CTCSP0500,CSP Troop D,Racial Profile,1000004964,2500037529,Incident ID,2025-01-29 00:00:00,January,B,N,M,44,False,False,PUTNAM,"00000 EXIT 46 I 395 N  (PUTNAM, T116)",41 54 33.9660000000,71 53 25.2600000000,V,B,1.0,0,14-220(a),,False,N,False,False,I,,,,,False,1.0,CTCSP0000,133850779619033794,2025-01-29 00:35:07.657000,00:35:07.657000,2025,14-220(a),,Other,2025
2025-02-26 16:13:30.463000,7236130.0,CTCSP0500,CSP Troop D,Racial Profile,1000004964,2500037620,Incident ID,2025-01-29 00:00:00,January,W,N,M,49,False,False,PUTNAM,"00000 EXIT 47 I 395 S  (PUTNAM, T116)",41 55 27.3720000000,71 53 10.8240000000,V,B,1.0,0,14-219,,False,N,False,False,W,,,,,False,1.0,CTCSP0000,133850779619033794,2025-01-29 05:03:45.163000,05:03:45.163000,2025,14-219,,Speed Related,2025
2025-02-26 16:13:30.183000,7236041.0,CTCSP0500,CSP Troop D,Racial Profile,1000004532,2500038138,Incident ID,2025-01-29 00:00:00,January,W,N,M,36,True,False,PLAINFIELD,"00000 I 395  (PLAINFIELD, T109)",41 40 15.3984000000,71 54 35.2800000000,V,B,1.0,0,14-283b,,False,N,False,False,W,,,,,False,1.0,CTCSP0000,133850779619033794,2025-01-29 12:39:06.737000,12:39:06.737000,2025,14-283b,,Other,2025
2025-02-26 16:13:30.187000,7236042.0,CTCSP0500,CSP Troop D,Racial Profile,1000004532,2500038198,Incident ID,2025-01-29 00:00:00,January,W,N,M,58,True,False,PLAINFIELD,"00000 NORWICH RD (PLAINFIELD, T109)",41 40 0.7320000000,71 54 59.0400000000,V,B,1.0,0,14-299,,False,N,False,False,W,,,,,False,1.0,CTCSP0000,133850779619033794,2025-01-29 13:28:07.057000,13:28:07.057000,2025,14-299,,Traffic Control Signal,2025
2025-02-26 16:13:30.377000,7236099.0,CTCSP0500,CSP Troop D,Racial Profile,1000004779,2500038578,Incident ID,2025-01-29 00:00:00,January,W,N,F,28,True,False,KILLINGLY,00000 RT 6 ,41 47 23.9100000000,71 52 9.2280000000,V,G,1.0,0,14-219(b),,False,N,False,False,W,,,,,False,1.0,CTCSP0000,133850779619033794,2025-01-29 17:37:31.060000,17:37:31.060000,2025,,,Speed Related,2025
2025-02-26 16:13:30.413000,7236111.0,CTCSP0500,CSP Troop D,Racial Profile,1000004856,2500037667,Incident ID,2025-01-29 00:00:00,January,W,N,F,51,True,True,KILLINGLY,"00000 REYNOLDS ST (KILLINGLY, T069)",41 48 25.6140000000,71 52 47.7120000000,V,G,1.0,0,14-232(a)(1),,False,N,False,False,W,,,,,False,1.0,CTCSP0000,133850779619033794,2025-01-29 06:52:28.583000,06:52:28.583000,2025,,,Moving Violation,2025
2025-02-26 16:13:30.103000,7236011.0,CTCSP0500,CSP Troop D,Racial Profile,1000004409,2500040102,Incident ID,2025-01-30 00:00:00,January,W,H,M,18,True,False,HAMPTON,"00000 HARTFORD TPKE (HAMPTON, T063)",41 46 13.8684000000,72 3 46.7280000000,V,B,1.0,0,14-298,,False,N,False,False,I,,,,,False,1.0,CTCSP0000,133850779619033794,2025-01-30 21:23:30.897000,21:23:30.897000,2025,,,STC Violation,2025
2025-02-26 16:13:29.987000,7235964.0,CTCSP0500,CSP Troop D,Racial Profile,1000002373,2500039079,Incident ID,2025-01-30 00:00:00,January,W,N,M,70,True,False,BROOKLYN,"00000 PROVIDENCE RD (BROOKLYN, T019)",41 48 0.2700000000,71 53 52.8720000000,V,G,1.0,0,14-299,,False,N,False,False,I,,,,,False,1.0,CTCSP0000,133850779619033794,2025-01-30 06:52:35.767000,06:52:35.767000,2025,,,Traffic Control Signal,2025
2025-02-26 16:13:30.100000,7236010.0,CTCSP0500,CSP Troop D,Racial Profile,1000004409,2500039695,Incident ID,2025-01-30 00:00:00,January,W,N,M,50,True,False,HAMPTON,"00000 DRAIN ST (HAMPTON, T063)",41 46 8.5519200000,72 2 31.6525200000,V,B,2.0,1,14-147(c),,False,N,False,False,I,,,,,False,1.0,CTCSP0000,133850779619033794,2025-01-30 14:40:05.697000,14:40:05.697000,2025,,,Administrative Offense,2025
2025-02-26 16:13:30.230000,7236058.0,CTCSP0500,CSP Troop D,Racial Profile,1000004671,2500040211,Incident ID,2025-01-30 00:00:00,January,W,N,F,40,True,True,KILLINGLY,"00000 Maple St, Danielson, CT",41 49 8.1840000000,71 53 33.6840000000,V,G,1.0,0,14-218a,,False,N,False,False,V,,,,,False,1.0,CTCSP0000,133850779619033794,2025-01-30 23:19:27.850000,23:19:27.850000,2025,,,Speed Related,2025
2025-02-26 16:13:30.013000,7235974.0,CTCSP0500,CSP Troop D,Racial Profile,1000003342,2500040988,Incident ID,2025-01-31 00:00:00,January,W,N,M,44,True,False,BROOKLYN,RT169,41 47 6.1224000000,71 56 58.2324000000,E,B,1.0,0,14-271,,False,N,False,False,V,,,,,False,1.0,CTCSP0000,133850779619033794,2025-01-31 14:18:30.593000,14:18:30.593000,2025,,,Other,2025
2025-02-26 16:13:30.293000,7236082.0,CTCSP0500,CSP Troop D,Racial Profile,1000004675,2500041399,Incident ID,2025-01-31 00:00:00,January,W,N,M,53,True,False,BROOKLYN,Rt. 6 brooklyn,41 47 2.4108000000,71 57 28.2600000000,I,G,3.0,0,53a-32,,False,N,False,True,U,,,,,False,1.0,CTCSP0000,133850779619033794,2025-01-31 21:34:04.043000,21:34:04.043000,2025,,,Other,2025
2025-04-03 10:09:10.640000,7325433.0,CTCSP0500,CSP Troop D,Racial Profile,1000004671,2500042180,Incident ID,2025-02-01 00:00:00,February,W,N,M,21,True,False,THOMPSON,"00000 395, Thompson, CT",41 56 49.7544000000,71 52 52.8240000000,V,G,1.0,0,14-18(a),,False,N,False,False,V,,,,,False,1.0,CTCSP0000,133881629173123257,2025-02-01 14:11:11.947000,14:11:11.947000,2025,,,Display of Plates,2025
2025-04-03 10:09:10.850000,7325466.0,CTCSP0500,CSP Troop D,Racial Profile,1000004797,2500042417,Incident ID,2025-02-01 00:00:00,February,W,N,F,36,True,True,PLAINFIELD,I-395 SB 3/4 mile north of exit 32 off ramp,41 44 4.8300000000,71 53 0.6360000000,V,G,1.0,0,14-236,,False,N,False,False,V,,,,,False,1.0,CTCSP0000,133881629173123257,2025-02-01 17:21:21.360000,17:21:21.360000,2025,,,Moving Violation,2025
2025-04-03 10:09:10.730000,7325440.0,CTCSP0500,CSP Troop D,Racial Profile,1000004675,2500042218,Incident ID,2025-02-01 00:00:00,February,W,N,F,85,True,False,KILLINGLY,00000 N MAIN ST,41 49 35.0076000000,71 52 40.6560000000,V,G,1.0,0,14-236,,False,N,False,False,W,,,,,False,1.0,CTCSP0000,133881629173123257,2025-02-01 14:43:53.297000,14:43:53.297000,2025,,,Moving Violation,2025
2025-04-03 10:09:10.863000,7325470.0,CTCSP0500,CSP Troop D,Racial Profile,1000004799,2500042457,Incident ID,2025-02-01 00:00:00,February,W,N,M,39,True,False,KILLINGLY,00000 Soap St,41 50 45.7080000000,71 53 16.4400000000,V,B,1.0,0,14-147(c),,False,N,False,False,W,,,,,False,1.0,CTCSP0000,133881629173123257,2025-02-01 18:04:14.453000,18:04:14.453000,2025,,,Administrative Offense,2025
2025-04-03 10:09:10.877000,7325474.0,CTCSP0500,CSP Troop D,Racial Profile,1000004799,2500043551,Incident ID,2025-02-02 00:00:00,February,W,N,M,56,True,False,PUTNAM,00000 I 395 ,41 53 31.2972000000,71 53 46.3200000000,V,B,1.0,0,14-283b(b(1,,False,N,False,False,W,,,,,False,1.0,CTCSP0000,133881629173123257,2025-02-02 19:26:34.403000,19:26:34.403000,2025,,,Other,2025
2025-04-03 10:09:10.867000,7325472.0,CTCSP0500,CSP Troop D,Racial Profile,1000004799,2500043539,Incident ID,2025-02-02 00:00:00,February,W,N,F,23,True,False,THOMPSON,00000 I 395 ,41 56 39.4404000000,71 52 48.7560000000,V,B,1.0,0,14-218a,,False,N,False,False,W,,,,,False,1.0,CTCSP0000,133881629173123257,2025-02-02 19:06:01.800000,19:06:01.800000,2025,,,Speed Related,2025
2025-04-03 10:09:10.870000,7325473.0,CTCSP0500,CSP Troop D,Racial Profile,1000004799,2500043547,Incident ID,2025-02-02 00:00:00,February,W,N,F,43,True,False,PUTNAM,i-395,41 55 50.9664000000,71 52 52.6440000000,V,B,1.0,0,14-283b,,False,N,False,False,V,,,,,False,1.0,CTCSP0000,133881629173123257,2025-02-02 19:15:46.850000,19:15:46.850000,2025,14-283b,,Other,2025
2025-04-03 10:09:10.580000,7325417.0,CTCSP0500,CSP Troop D,Racial Profile,1000004532,2500043140,Incident ID,2025-02-02 00:00:00,February,W,N,M,29,True,False,BROOKLYN,"00000 PROVIDENCE RD (BROOKLYN, T019)",41 47 48.9228000000,71 54 49.3200000000,V,B,1.0,0,14-233,,False,N,False,False,V,,,,,False,1.0,CTCSP0000,133881629173123257,2025-02-02 11:36:15.677000,11:36:15.677000,2025,14-233,,Moving Violation,2025
2025-04-03 10:09:10.843000,7325464.0,CTCSP0500,CSP Troop D,Racial Profile,1000004779,2500043480,Incident ID,2025-02-02 00:00:00,February,W,N,M,23,True,False,EASTFORD,"00000 POMFRET RD (EASTFORD, T039)",41 52 26.1516000000,72 4 6.6720000000,V,G,1.0,0,14-218a,,False,N,False,False,I,,,,,False,1.0,CTCSP0000,133881629173123257,2025-02-02 17:40:51.710000,17:40:51.710000,2025,,,Speed Related,2025
2025-04-03 10:09:10.867000,7325471.0,CTCSP0500,CSP Troop D,Racial Profile,1000004799,2500043330,Incident ID,2025-02-02 00:00:00,February,B,N,F,43,True,False,KILLINGLY,rt-101,41 50 26.3652000000,71 51 6.8760000000,V,B,1.0,0,14-240,,False,N,False,False,V,,,,,False,1.0,CTCSP0000,133881629173123257,2025-02-02 15:06:22.827000,15:06:22.827000,2025,,,Moving Violation,2025
2025-04-03 10:09:10.583000,7325418.0,CTCSP0500,CSP Troop D,Racial Profile,1000004532,2500044472,Incident ID,2025-02-03 00:00:00,February,W,N,F,60,True,False,BROOKLYN,"00000 HARTFORD RD (BROOKLYN, T019)",41 47 14.4456000000,72 0 0.6480000000,V,G,1.0,0,14-219(b),,False,N,False,False,W,,,,,False,1.0,CTCSP0000,133881629173123257,2025-02-03 13:31:03.517000,13:31:03.517000,2025,14-219(b),,Speed Related,2025
2025-04-03 10:09:10.587000,7325419.0,CTCSP0500,CSP Troop D,Racial Profile,1000004532,2500044517,Incident ID,2025-02-03 00:00:00,February,W,N,M,25,True,True,BROOKLYN,"00000 ALLEN HILL RD (BROOKLYN, T019)",41 46 39.6012000000,71 55 18.1920000000,V,G,1.0,0,14-298,,False,N,False,False,I,,,,,False,1.0,CTCSP0000,133881629173123257,2025-02-03 14:06:32.593000,14:06:32.593000,2025,14-298,,STC Violation,2025
2025-04-03 10:09:10.647000,7325434.0,CTCSP0500,CSP Troop D,Racial Profile,1000004671,2500044918,Incident ID,2025-02-03 00:00:00,February,W,N,M,22,True,False,BROOKLYN,"00000 Providence Rd, Brooklyn, CT",41 47 48.9228000000,71 54 49.3200000000,V,G,1.0,0,14-218a,,False,N,False,False,V,,,,,False,1.0,CTCSP0000,133881629173123257,2025-02-03 21:14:26.083000,21:14:26.083000,2025,,,Speed Related,2025
2025-04-03 10:09:10.740000,7325442.0,CTCSP0500,CSP Troop D,Racial Profile,1000004675,2500044804,Incident ID,2025-02-03 00:00:00,February,W,N,M,40,True,False,KILLINGLY,00000 I 395 ,41 48 37.1952000000,71 52 19.1640000000,V,G,1.0,0,14-12(a)*,,False,N,False,False,W,,,,,False,1.0,CTCSP0000,133881629173123257,2025-02-03 17:45:57.943000,17:45:57.943000,2025,,,Registration,2025
2025-04-03 10:09:10.743000,7325443.0,CTCSP0500,CSP Troop D,Racial Profile,1000004675,2500044851,Incident ID,2025-02-03 00:00:00,February,B,N,M,39,True,False,KILLINGLY,00000 COMMERCE AVE,41 48 16.9704000000,71 53 3.3720000000,V,G,3.0,0,14-36(a),,False,N,False,False,W,,,,,False,1.0,CTCSP0000,133881629173123257,2025-02-03 19:03:47.327000,19:03:47.327000,2025,,,Unlicensed Operation,2025
2025-04-03 10:09:10.793000,7325456.0,CTCSP0500,CSP Troop D,Racial Profile,1000004777,2500044192,Incident ID,2025-02-03 00:00:00,February,W,N,F,65,True,True,CANTERBURY,"00000 WESTMINSTER RD (CANTERBURY, T022)",41 42 8.8668000000,72 3 17.2800000000,V,B,1.0,0,14-218a*,,False,N,False,False,I,,,,,False,1.0,CTCSP0000,133881629173123257,2025-02-03 09:42:00.933000,09:42:00.933000,2025,,,Speed Related,2025
2025-04-03 10:09:10.737000,7325441.0,CTCSP0500,CSP Troop D,Racial Profile,1000004675,2500044709,Incident ID,2025-02-03 00:00:00,February,W,N,F,21,True,True,PLAINFIELD,"00000 GALLUP ST (PLAINFIELD, T109)",41 40 55.6320000000,71 54 52.1280000000,V,G,1.0,0,14-12(a)*,,False,N,False,False,I,,,,,False,1.0,CTCSP0000,133881629173123257,2025-02-03 16:06:30.910000,16:06:30.910000,2025,,,Registration,2025
2025-04-03 10:09:10.507000,7325390.0,CTCSP0500,CSP Troop D,Racial Profile,1000003342,2500045997,Incident ID,2025-02-04 00:00:00,February,W,N,F,42,True,False,BROOKLYN,"00000 HARTFORD RD (BROOKLYN, T019)",41 47 5.6760000000,72 0 42.7320000000,V,B,1.0,0,14-218a,,False,N,False,False,I,,,,,False,1.0,CTCSP0000,133881629173123257,2025-02-04 15:27:08.030000,15:27:08.030000,2025,,,Speed Related,2025
2025-04-03 10:09:10.513000,7325392.0,CTCSP0500,CSP Troop D,Racial Profile,1000003342,2500046024,Incident ID,2025-02-04 00:00:00,February,B,N,M,23,True,False,BROOKLYN,"00000 HARTFORD RD (BROOKLYN, T019)",41 47 11.0940000000,72 0 28.6920000000,V,B,1.0,0,14-218a,,False,N,False,False,I,,,,,False,1.0,CTCSP0000,133881629173123257,2025-02-04 15:47:54.757000,15:47:54.757000,2025,,,Speed Related,2025
2025-04-03 10:09:10.503000,7325389.0,CTCSP0500,CSP Troop D,Racial Profile,1000003342,2500045934,Incident ID,2025-02-04 00:00:00,February,W,H,M,35,False,False,BROOKLYN,"00000 HARTFORD RD (BROOKLYN, T019)",41 47 5.6760000000,72 0 42.7320000000,V,B,1.0,0,14-218a,,False,N,False,False,I,,,,,False,1.0,CTCSP0000,133881629173123257,2025-02-04 14:59:13.290000,14:59:13.290000,2025,,,Speed Related,2025
2025-04-03 10:09:10.510000,7325391.0,CTCSP0500,CSP Troop D,Racial Profile,1000003342,2500046005,Incident ID,2025-02-04 00:00:00,February,W,H,M,39,True,False,BROOKLYN,00000 HARTFORD RD,41 47 0.4848000000,72 0 56.2680000000,V,B,1.0,0,14-218a,,False,N,False,False,W,,,,,False,1.0,CTCSP0000,133881629173123257,2025-02-04 15:35:58.833000,15:35:58.833000,2025,,,Speed Related,2025
2025-04-03 10:09:10.553000,7325406.0,CTCSP0500,CSP Troop D,Racial Profile,1000004405,2500046193,Incident ID,2025-02-04 00:00:00,February,B,N,M,45,False,False,KILLINGLY,00000 MAIN ST,41 48 12.0960000000,71 53 8.7360000000,V,B,1.0,0,14-299,,False,N,False,False,W,,,,,False,1.0,CTCSP0000,133881629173123257,2025-02-04 18:24:37.170000,18:24:37.170000,2025,,,Traffic Control Signal,2025
2025-04-03 10:09:10.807000,7325458.0,CTCSP0500,CSP Troop D,Racial Profile,1000004777,2500045162,Incident ID,2025-02-04 00:00:00,February,W,N,M,40,True,False,KILLINGLY,00000 GOVERNOR JOHN DAVIS LODGE TPKE,41 46 13.8756000000,71 51 38.1600000000,V,B,1.0,0,14-219(c)(1),,False,N,False,False,W,,,,,False,1.0,CTCSP0000,133881629173123257,2025-02-04 06:06:47.663000,06:06:47.663000,2025,,,Speed Related,2025
2025-04-03 10:09:10.517000,7325393.0,CTCSP0500,CSP Troop D,Racial Profile,1000003342,2500046063,Incident ID,2025-02-04 00:00:00,February,W,H,M,22,True,False,BROOKLYN,"00000 HARTFORD RD (BROOKLYN, T019)",41 47 11.0940000000,72 0 28.6920000000,V,B,1.0,0,14-218a,,False,N,False,False,I,,,,,False,1.0,CTCSP0000,133881629173123257,2025-02-04 16:23:04.880000,16:23:04.880000,2025,,,Speed Related,2025
2025-04-03 10:09:10.803000,7325457.0,CTCSP0500,CSP Troop D,Racial Profile,1000004777,2500045154,Incident ID,2025-02-04 00:00:00,February,W,N,M,23,True,False,KILLINGLY,"00000 I 395  (KILLINGLY, T069)",41 46 15.3120000000,71 52 20.6760000000,V,B,1.0,0,14-219(c)(1),,False,N,False,False,I,,,,,False,1.0,CTCSP0000,133881629173123257,2025-02-04 05:51:29.497000,05:51:29.497000,2025,,,Speed Related,2025
2025-04-03 10:09:10.810000,7325459.0,CTCSP0500,CSP Troop D,Racial Profile,1000004777,2500046414,Incident ID,2025-02-05 00:00:00,February,W,N,M,38,True,True,PUTNAM,00000 SCHOOL ST,41 55 15.8700000000,71 54 7.0920000000,V,B,1.0,0,14-12(a),,False,N,False,False,W,,,,,False,1.0,CTCSP0000,133881629173123257,2025-02-05 00:11:04.560000,00:11:04.560000,2025,,,Registration,2025
2025-04-03 10:09:10.910000,7325490.0,CTCSP0500,CSP Troop D,Racial Profile,1000004968,2500047722,Incident ID,2025-02-05 00:00:00,February,W,N,F,27,False,False,KILLINGLY,Ballouville Rd,41 52 0.8832000000,71 53 9.6000000000,V,G,1.0,0,14-36,,False,N,False,False,V,,,,,False,1.0,CTCSP0000,133881629173123257,2025-02-05 21:51:35.770000,21:51:35.770000,2025,,,Unlicensed Operation,2025
2025-04-03 10:09:10.590000,7325420.0,CTCSP0500,CSP Troop D,Racial Profile,1000004532,2500046714,Incident ID,2025-02-05 00:00:00,February,A,N,F,34,True,False,WOODSTOCK,"00000 RT 169  (WOODSTOCK, T169)",41 56 32.8128000000,71 57 55.9080000000,V,G,1.0,0,14-219(b),,False,N,False,False,I,,,,,False,1.0,CTCSP0000,133881629173123257,2025-02-05 08:05:13.780000,08:05:13.780000,2025,14-219(b),,Speed Related,2025
2025-04-03 10:09:10.910000,7325489.0,CTCSP0500,CSP Troop D,Racial Profile,1000004968,2500047591,Incident ID,2025-02-05 00:00:00,February,W,N,F,51,False,False,THOMPSON,00000 I 395 ,41 58 54.6276000000,71 51 16.3440000000,V,G,1.0,0,14-219(c)(1),,False,N,False,False,W,,,,,False,1.0,CTCSP0000,133881629173123257,2025-02-05 18:51:21.920000,18:51:21.920000,2025,,,Speed Related,2025
2025-04-03 10:09:10.540000,7325402.0,CTCSP0500,CSP Troop D,Racial Profile,1000004335,2500049599,Incident ID,2025-02-07 00:00:00,February,W,H,M,66,True,False,KILLINGLY,"00000 HARTFORD PIKE (KILLINGLY, T069)",41 50 28.7736000000,71 52 36.1920000000,V,B,1.0,0,14-298,,False,N,False,False,V,,,,,False,1.0,CTCSP0000,133881629173123257,2025-02-07 10:17:00.260000,10:17:00.260000,2025,,,STC Violation,2025
2025-04-03 10:09:10.500000,7325388.0,CTCSP0500,CSP Troop D,Racial Profile,1000002576,2500049804,Incident ID,2025-02-07 00:00:00,February,W,N,M,61,True,False,KILLINGLY,395,41 52 2.4384000000,71 53 27.6720000000,V,B,1.0,0,14-252a(a),,False,N,False,False,V,,,,,False,1.0,CTCSP0000,133881629173123257,2025-02-07 12:49:02.177000,12:49:02.177000,2025,,,Other,2025
2025-04-03 10:09:10.547000,7325404.0,CTCSP0500,CSP Troop D,Racial Profile,1000004378,2500050388,Incident ID,2025-02-07 00:00:00,February,W,N,M,32,False,False,THOMPSON,RT 197 Woodstock,42 1 2.4960000000,71 57 35.1720000000,V,B,1.0,0,14-236,,False,N,False,False,V,,,,,False,1.0,CTCSP0000,133881629173123257,2025-02-07 21:21:53.977000,21:21:53.977000,2025,14-236,,Moving Violation,2025
2025-04-03 10:09:10.747000,7325444.0,CTCSP0500,CSP Troop D,Racial Profile,1000004675,2500050393,Incident ID,2025-02-07 00:00:00,February,W,N,F,33,True,False,Killingly,"00000 STAFFORD RD (MANSFIELD, T078)",41 49 8.1840000000,71 53 33.6876000000,V,G,1.0,0,14-12(a)*,,False,N,False,False,I,,,,,False,1.0,CTCSP0000,133881629173123257,2025-02-07 21:24:33.973000,21:24:33.973000,2025,,,Registration,2025
2025-04-03 10:09:10.567000,7325411.0,CTCSP0500,CSP Troop D,Racial Profile,1000004409,2500051114,Incident ID,2025-02-08 00:00:00,February,W,N,M,62,True,False,KILLINGLY,Rt 6,41 47 50.3304000000,71 53 6.2160000000,V,B,1.0,0,14-299,,False,N,False,False,V,,,,,False,1.0,CTCSP0000,133881629173123257,2025-02-08 13:40:27.053000,13:40:27.053000,2025,,,Traffic Control Signal,2025
2025-04-03 10:09:10.470000,7325386.0,CTCSP0500,CSP Troop D,Racial Profile,1000002266,2500051397,Incident ID,2025-02-08 00:00:00,February,W,N,F,56,True,False,PLAINFIELD,00000 I 395 ,41 45 19.0224000000,71 52 37.1280000000,V,B,1.0,0,14-236,,False,N,False,False,W,,,,,False,1.0,CTCSP0000,133881629173123257,2025-02-08 17:26:58.840000,17:26:58.840000,2025,,,Moving Violation,2025
2025-04-03 10:09:10.857000,7325467.0,CTCSP0500,CSP Troop D,Racial Profile,1000004797,2500051512,Incident ID,2025-02-08 00:00:00,February,W,N,F,53,True,True,PUTNAM,"Aldrich Rd, Putnam CT",41 54 48.8448000000,71 52 15.8052000000,I,G,2.0,0,14-230,,False,N,False,True,U,,,,,False,1.0,CTCSP0000,133881629173123257,2025-02-08 19:36:26.043000,19:36:26.043000,2025,,,Moving Violation,2025
2025-04-03 10:09:10.757000,7325445.0,CTCSP0500,CSP Troop D,Racial Profile,1000004675,2500052289,Incident ID,2025-02-09 00:00:00,February,W,N,M,29,True,False,WINDHAM,"00000 BOSTON POST RD (WINDHAM, T163)",41 44 37.5792000000,72 10 19.2720000000,V,G,1.0,0,14-12(a)*,,False,N,False,False,I,,,,,False,1.0,CTCSP0000,133881629173123257,2025-02-09 14:24:38.867000,14:24:38.867000,2025,,,Registration,2025
2025-04-03 10:09:10.650000,7325435.0,CTCSP0500,CSP Troop D,Racial Profile,1000004671,2500052530,Incident ID,2025-02-09 00:00:00,February,W,N,M,18,True,True,KILLINGLY,"00000 Rt 6, Killingly, Ct",41 47 50.3304000000,71 53 6.2160000000,V,G,1.0,0,14-18(a),,False,N,False,False,V,,,,,False,1.0,CTCSP0000,133881629173123257,2025-02-09 19:03:46.380000,19:03:46.380000,2025,,,Display of Plates,2025
2025-04-03 10:09:10.860000,7325468.0,CTCSP0500,CSP Troop D,Racial Profile,1000004797,2500053577,Incident ID,2025-02-10 00:00:00,February,W,N,M,67,False,False,KILLINGLY,I-395 NB 3/4 mile south of exit 37,41 47 6.6372000000,71 52 19.3800000000,V,G,1.0,0,14-236,,False,N,False,False,V,,,,,False,1.0,CTCSP0000,133881629173123257,2025-02-10 14:59:19.060000,14:59:19.060000,2025,,,Moving Violation,2025
2025-04-03 10:09:10.593000,7325421.0,CTCSP0500,CSP Troop D,Racial Profile,1000004532,2500053081,Incident ID,2025-02-10 00:00:00,February,W,N,F,20,True,False,PLAINFIELD,"00000 I 395  (PLAINFIELD, T109)",41 40 9.3720000000,71 54 39.2040000000,V,B,1.0,0,14-219(c)(1),,False,N,False,False,W,,,,,False,1.0,CTCSP0000,133881629173123257,2025-02-10 08:52:45.310000,08:52:45.310000,2025,14-219(c)(1),,Speed Related,2025
2025-04-03 10:09:10.597000,7325422.0,CTCSP0500,CSP Troop D,Racial Profile,1000004532,2500053391,Incident ID,2025-02-10 00:00:00,February,W,N,M,51,False,False,PLAINFIELD,"00000 I 395  (PLAINFIELD, T109)",41 39 43.1532000000,71 55 3.6120000000,V,G,1.0,0,14-219(c)(1),,False,N,False,False,V,,,,,False,1.0,CTCSP0000,133881629173123257,2025-02-10 12:37:18.010000,12:37:18.010000,2025,14-219(c)(1),,Speed Related,2025
2025-04-03 10:09:10.557000,7325408.0,CTCSP0500,CSP Troop D,Racial Profile,1000004405,2500054652,Incident ID,2025-02-11 00:00:00,February,W,N,M,48,True,True,PLAINFIELD,00000 I 395 ,41 40 34.9104000000,71 54 31.8240000000,V,B,1.0,0,14-12(a)*,,False,N,False,False,W,,,,,False,1.0,CTCSP0000,133881629173123257,2025-02-11 10:53:22.810000,10:53:22.810000,2025,,,Registration,2025
2025-04-03 10:09:10.523000,7325396.0,CTCSP0500,CSP Troop D,Racial Profile,1000003512,2500055299,Incident ID,2025-02-11 00:00:00,February,B,N,M,34,True,False,MARLBOROUGH,rt2,41 38 51.4932000000,72 28 23.2680000000,V,B,1.0,0,14-219,,False,N,False,False,V,,,,,False,1.0,CTCSP0000,133881629173123257,2025-02-11 21:45:59.290000,21:45:59.290000,2025,,,Speed Related,2025
2025-04-03 10:09:10.553000,7325407.0,CTCSP0500,CSP Troop D,Racial Profile,1000004405,2500054340,Incident ID,2025-02-11 00:00:00,February,W,N,F,47,True,True,PLAINFIELD,00000 I 395 ,41 42 29.9988000000,71 53 53.2680000000,V,B,1.0,0,14-12(a)*,,False,N,False,False,W,,,,,False,1.0,CTCSP0000,133881629173123257,2025-02-11 07:22:26.793000,07:22:26.793000,2025,,,Registration,2025
2025-04-03 10:09:10.570000,7325412.0,CTCSP0500,CSP Troop D,Racial Profile,1000004409,2500055004,Incident ID,2025-02-11 00:00:00,February,W,N,M,72,True,False,CHAPLIN,00000 WILLIMANTIC RD,41 45 26.0172000000,72 8 48.7320000000,V,B,1.0,0,14-299,,False,N,False,False,W,,,,,False,1.0,CTCSP0000,133881629173123257,2025-02-11 15:27:55.970000,15:27:55.970000,2025,,,Traffic Control Signal,2025
2025-04-03 10:09:10.560000,7325409.0,CTCSP0500,CSP Troop D,Racial Profile,1000004405,2500054672,Incident ID,2025-02-11 00:00:00,February,W,N,F,29,True,True,KILLINGLY,00000 I 395 ,41 49 51.5460000000,71 52 28.6320000000,V,B,1.0,0,14-12(a)*,,False,N,False,False,W,,,,,False,1.0,CTCSP0000,133881629173123257,2025-02-11 11:09:59.893000,11:09:59.893000,2025,,,Registration,2025
2025-04-03 10:09:10.830000,7325460.0,CTCSP0500,CSP Troop D,Racial Profile,1000004777,2500054098,Incident ID,2025-02-11 00:00:00,February,W,N,M,29,True,False,PUTNAM,00000 I 395 ,41 55 42.5100000000,71 52 57.5760000000,V,B,1.0,0,14-219(c)(1),,False,N,False,False,W,,,,,False,1.0,CTCSP0000,133881629173123257,2025-02-11 00:03:08.307000,00:03:08.307000,2025,,,Speed Related,2025
2025-04-03 10:09:10.890000,7325481.0,CTCSP0500,CSP Troop D,Racial Profile,1000004856,2500054518,Incident ID,2025-02-11 00:00:00,February,W,N,M,45,True,True,HAMPTON,RT-6 Hampton,41 46 13.8684000000,72 3 46.7280000000,V,G,1.0,0,14-240,,False,N,False,False,V,,,,,False,1.0,CTCSP0000,133881629173123257,2025-02-11 09:09:09.113000,09:09:09.113000,2025,,,Moving Violation,2025
2025-04-03 10:09:10.890000,7325480.0,CTCSP0500,CSP Troop D,Racial Profile,1000004856,2500054488,Incident ID,2025-02-11 00:00:00,February,A,N,F,28,True,True,HAMPTON,"00000 HARTFORD TPKE (HAMPTON, T063)",41 46 23.6856000000,72 4 56.8920000000,V,G,1.0,0,14-219,,False,N,False,False,V,,,,,False,1.0,CTCSP0000,133881629173123257,2025-02-11 08:51:20.333000,08:51:20.333000,2025,,,Speed Related,2025
2025-04-03 10:09:10.497000,7325387.0,CTCSP0500,CSP Troop D,Racial Profile,1000002373,2500056141,Incident ID,2025-02-12 00:00:00,February,W,N,F,76,False,False,PUTNAM,"00000 POMFRET ST (PUTNAM, T116)",41 54 53.9748000000,71 54 42.8400000000,V,G,1.0,0,14-299,,False,N,False,False,I,,,,,False,1.0,CTCSP0000,133881629173123257,2025-02-12 14:40:03.797000,14:40:03.797000,2025,14-299,,Traffic Control Signal,2025
2025-04-03 10:09:10.900000,7325484.0,CTCSP0500,CSP Troop D,Racial Profile,1000004964,2500056029,Incident ID,2025-02-12 00:00:00,February,W,N,M,45,True,True,THOMPSON,"00000 I 395  (THOMPSON, T141)",41 56 32.9316000000,71 52 45.6240000000,V,B,1.0,0,14-219,,False,N,False,False,V,,,,,False,1.0,CTCSP0000,133881629173123257,2025-02-12 13:04:25.060000,13:04:25.060000,2025,14-219,,Speed Related,2025
2025-04-03 10:09:10.683000,7325436.0,CTCSP0500,CSP Troop D,Racial Profile,1000004671,2500055582,Incident ID,2025-02-12 00:00:00,February,W,N,M,35,False,False,KILLINGLY,"00000 395 x 38, Killingly, CT",41 47 44.6856000000,71 52 33.3480000000,V,G,1.0,0,14-219(c)(1),,False,N,False,False,V,,,,,False,1.0,CTCSP0000,133881629173123257,2025-02-12 06:31:25.643000,06:31:25.643000,2025,,,Speed Related,2025
2025-04-03 10:09:10.687000,7325437.0,CTCSP0500,CSP Troop D,Racial Profile,1000004671,2500055783,Incident ID,2025-02-12 00:00:00,February,W,N,M,53,True,False,CHAPLIN,"00000 Chewink Rd, Chaplin, CT",41 45 4.5936000000,72 7 14.9160000000,V,G,1.0,0,14-301,,False,N,False,False,V,,,,,False,1.0,CTCSP0000,133881629173123257,2025-02-12 09:02:36,09:02:36,2025,,,Stop Sign,2025
2025-04-03 10:09:10.897000,7325483.0,CTCSP0500,CSP Troop D,Racial Profile,1000004964,2500055932,Incident ID,2025-02-12 00:00:00,February,W,N,F,55,True,True,THOMPSON,"00000 I 395  (THOMPSON, T141)",41 56 39.4404000000,71 52 48.7560000000,V,B,1.0,0,14-219,,False,N,False,False,W,,,,,False,1.0,CTCSP0000,133881629173123257,2025-02-12 11:40:09.913000,11:40:09.913000,2025,14-219,,Speed Related,2025
2025-04-03 10:09:10.760000,7325446.0,CTCSP0500,CSP Troop D,Racial Profile,1000004675,2500056123,Incident ID,2025-02-12 00:00:00,February,W,H,M,58,True,False,BROOKLYN,"00000 HARTFORD RD (BROOKLYN, T019)",41 46 57.0360000000,71 58 37.9560000000,V,G,1.0,0,14-12(a)*,,False,N,False,False,I,,,,,False,1.0,CTCSP0000,133881629173123257,2025-02-12 14:24:01.283000,14:24:01.283000,2025,,,Registration,2025
2025-04-03 10:09:10.570000,7325413.0,CTCSP0500,CSP Troop D,Racial Profile,1000004409,2500057670,Incident ID,2025-02-13 00:00:00,February,W,N,F,18,True,False,BROOKLYN,rt 6,41 47 46.5684000000,71 55 14.2320000000,V,B,1.0,0,14-236,,False,N,False,False,V,,,,,False,1.0,CTCSP0000,133881629173123257,2025-02-13 20:23:24.140000,20:23:24.140000,2025,,,Moving Violation,2025
2025-04-03 10:09:10.913000,7325491.0,CTCSP0500,CSP Troop D,Racial Profile,1000004968,2500057739,Incident ID,2025-02-13 00:00:00,February,B,N,M,52,True,False,KILLINGLY,I-395 s/b exit 38,41 49 12.6876000000,71 52 14.0160000000,V,G,1.0,0,14-219,,False,N,False,False,V,,,,,False,1.0,CTCSP0000,133881629173123257,2025-02-13 22:17:01.160000,22:17:01.160000,2025,,,Speed Related,2025
2025-04-03 10:09:10.917000,7325492.0,CTCSP0500,CSP Troop D,Racial Profile,1000004968,2500057767,Incident ID,2025-02-13 00:00:00,February,W,N,M,44,True,False,EASTFORD,00000 HARTFORD TPKE,41 52 37.2324000000,72 5 12.6240000000,V,G,1.0,0,14-234,,False,N,False,False,W,,,,,False,1.0,CTCSP0000,133881629173123257,2025-02-13 22:46:14.117000,22:46:14.117000,2025,,,Moving Violation,2025
2025-04-03 10:09:10.597000,7325423.0,CTCSP0500,CSP Troop D,Racial Profile,1000004532,2500058161,Incident ID,2025-02-14 00:00:00,February,W,N,F,55,True,False,KILLINGLY,"00000 GOVERNOR JOHN DAVIS LODGE TPKE (KILLINGLY, T069)",41 47 15.0180000000,71 48 26.0640000000,V,B,1.0,0,14-219(c)(1),,False,N,False,False,V,,,,,False,1.0,CTCSP0000,133881629173123257,2025-02-14 08:23:12.273000,08:23:12.273000,2025,14-219(c)(1),,Speed Related,2025
2025-04-03 10:09:10.900000,7325485.0,CTCSP0500,CSP Troop D,Racial Profile,1000004964,2500058351,Incident ID,2025-02-14 00:00:00,February,W,N,M,44,True,True,THOMPSON,"00000 I 395  (THOMPSON, T141)",41 57 45.2520000000,71 52 29.7840000000,V,B,1.0,0,14-219,,False,N,False,False,W,,,,,False,1.0,CTCSP0000,133881629173123257,2025-02-14 11:00:52.500000,11:00:52.500000,2025,14-219,,Speed Related,2025
2025-04-03 10:09:10.573000,7325414.0,CTCSP0500,CSP Troop D,Racial Profile,1000004409,2500058998,Incident ID,2025-02-14 00:00:00,February,W,H,M,20,True,True,PUTNAM,00000 MAYNARD ST,41 55 21.5760000000,71 54 49.8960000000,V,B,1.0,0,14-301,,False,N,False,False,W,,,,,False,1.0,CTCSP0000,133881629173123257,2025-02-14 21:00:35.857000,21:00:35.857000,2025,,,Stop Sign,2025
2025-04-03 10:09:10.577000,7325415.0,CTCSP0500,CSP Troop D,Racial Profile,1000004409,2500059972,Incident ID,2025-02-15 00:00:00,February,W,N,M,25,True,False,KILLINGLY,"00000 RT 6  (KILLINGLY, T069)",41 47 27.9816000000,71 52 20.0640000000,V,B,1.0,0,14-298,,False,N,False,False,I,,,,,False,1.0,CTCSP0000,133881629173123257,2025-02-15 16:28:22.210000,16:28:22.210000,2025,,,STC Violation,2025
2025-04-03 10:09:10.547000,7325405.0,CTCSP0500,CSP Troop D,Racial Profile,1000004395,2500061358,Incident ID,2025-02-16 00:00:00,February,I,N,M,40,True,False,POMFRET,00000 MASHAMOQUET RD,41 51 33.6456000000,72 2 13.3440000000,I,G,1.0,0,14-232(a)(1),,False,N,False,False,W,,,,,False,1.0,CTCSP0000,133881629173123257,2025-02-16 21:52:15.093000,21:52:15.093000,2025,,,Moving Violation,2025
2025-04-03 10:09:10.763000,7325447.0,CTCSP0500,CSP Troop D,Racial Profile,1000004675,2500061351,Incident ID,2025-02-16 00:00:00,February,A,N,F,44,True,False,PLAINFIELD,00000 I 395 ,41 40 15.3984000000,71 54 35.2800000000,V,G,1.0,0,14-12(a)*,,False,N,False,False,W,,,,,False,1.0,CTCSP0000,133881629173123257,2025-02-16 21:40:22.247000,21:40:22.247000,2025,,,Registration,2025
2025-04-03 10:09:10.770000,7325448.0,CTCSP0500,CSP Troop D,Racial Profile,1000004675,2500061365,Incident ID,2025-02-16 00:00:00,February,W,N,F,18,True,False,BROOKLYN,"00000 PROVIDENCE RD (BROOKLYN, T019)",41 48 0.2700000000,71 53 52.8720000000,V,G,1.0,0,14-12(a)*,,False,N,False,False,I,,,,,False,1.0,CTCSP0000,133881629173123257,2025-02-16 22:03:16.703000,22:03:16.703000,2025,,,Registration,2025
2025-04-03 10:09:10.893000,7325482.0,CTCSP0500,CSP Troop D,Racial Profile,1000004856,2500062003,Incident ID,2025-02-17 00:00:00,February,W,N,M,33,True,True,KILLINGLY,i-395 PRIOR TO 38 SB,41 49 12.6876000000,71 52 14.0160000000,E,G,1.0,0,14-96a(a),,False,N,False,False,V,,,,,False,1.0,CTCSP0000,133881629173123257,2025-02-17 19:04:55.667000,19:04:55.667000,2025,,,Defective Lights,2025
2025-04-03 10:09:10.520000,7325394.0,CTCSP0500,CSP Troop D,Racial Profile,1000003380,2500063579,Incident ID,2025-02-18 00:00:00,February,B,N,F,26,True,False,POMFRET,"00000 Killingly Rd (POMFRET, T112)",41 51 15.2856000000,71 57 10.2816000000,V,G,1.0,0,14-218a,,False,N,False,False,I,,,,,False,1.0,CTCSP0000,133881629173123257,2025-02-18 22:24:11.420000,22:24:11.420000,2025,,,Speed Related,2025
2025-04-03 10:09:10.700000,7325438.0,CTCSP0500,CSP Troop D,Racial Profile,1000004671,2500062489,Incident ID,2025-02-18 00:00:00,February,W,H,M,21,True,False,PLAINFIELD,"00000 I395 x 29, Plainfield, CT",41 40 15.3984000000,71 54 35.2800000000,V,G,1.0,0,14-230(a),,False,N,False,False,V,,,,,False,1.0,CTCSP0000,133881629173123257,2025-02-18 06:37:54.950000,06:37:54.950000,2025,,,Moving Violation,2025
2025-04-03 10:09:10.773000,7325449.0,CTCSP0500,CSP Troop D,Racial Profile,1000004675,2500063375,Incident ID,2025-02-18 00:00:00,February,W,N,M,42,True,False,PLAINFIELD,"00000 I 395  (PLAINFIELD, T109)",41 44 4.8300000000,71 53 0.6360000000,V,G,1.0,0,14-12(a)*,,False,N,False,False,I,,,,,False,1.0,CTCSP0000,133881629173123257,2025-02-18 17:11:29.673000,17:11:29.673000,2025,,,Registration,2025
2025-04-03 10:09:10.903000,7325487.0,CTCSP0500,CSP Troop D,Racial Profile,1000004964,2500063528,Incident ID,2025-02-18 00:00:00,February,W,H,M,26,False,False,THOMPSON,"00000 I 395  (THOMPSON, T141)",41 56 49.7544000000,71 52 52.8240000000,V,B,1.0,0,14-219,,False,N,False,False,W,,,,,False,1.0,CTCSP0000,133881629173123257,2025-02-18 20:46:40.517000,20:46:40.517000,2025,14-219,,Speed Related,2025
2025-04-03 10:09:10.777000,7325450.0,CTCSP0500,CSP Troop D,Racial Profile,1000004675,2500063541,Incident ID,2025-02-18 00:00:00,February,W,N,F,29,True,False,PLAINFIELD,"00000 EXIT 29 I 395 N  (PLAINFIELD, T109)",41 40 53.2056000000,71 54 29.1960000000,V,G,1.0,0,14-12(a)*,,False,N,False,False,I,,,,,False,1.0,CTCSP0000,133881629173123257,2025-02-18 21:00:39.273000,21:00:39.273000,2025,,,Registration,2025
2025-04-03 10:09:10.903000,7325486.0,CTCSP0500,CSP Troop D,Racial Profile,1000004964,2500063424,Incident ID,2025-02-18 00:00:00,February,W,N,F,45,False,False,THOMPSON,"00000 I 395  (THOMPSON, T141)",41 56 39.4404000000,71 52 48.7560000000,V,B,1.0,0,14-219,,False,N,False,False,W,,,,,False,1.0,CTCSP0000,133881629173123257,2025-02-18 17:59:31.590000,17:59:31.590000,2025,14-219,,Speed Related,2025
2025-04-03 10:09:10.603000,7325425.0,CTCSP0500,CSP Troop D,Racial Profile,1000004532,2500065712,Incident ID,2025-02-20 00:00:00,February,W,N,M,35,True,False,THOMPSON,"00000 RIVERSIDE DR (THOMPSON, T141)",41 57 29.6964000000,71 53 1.7880000000,V,B,1.0,0,14-18(a),,False,N,False,False,V,,,,,False,1.0,CTCSP0000,133881629173123257,2025-02-20 13:14:04.037000,13:14:04.037000,2025,14-18(a),,Display of Plates,2025
2025-04-03 10:09:10.837000,7325461.0,CTCSP0500,CSP Troop D,Racial Profile,1000004777,2500064983,Incident ID,2025-02-20 00:00:00,February,W,H,M,56,True,True,POMFRET,00000 PUTNAM RD,41 53 53.8044000000,71 55 43.0320000000,V,B,1.0,0,14-219(b),,False,N,False,False,W,,,,,False,1.0,CTCSP0000,133881629173123257,2025-02-20 00:02:40.280000,00:02:40.280000,2025,,,Speed Related,2025
2025-04-03 10:09:10.847000,7325465.0,CTCSP0500,CSP Troop D,Racial Profile,1000004779,2500066034,Incident ID,2025-02-20 00:00:00,February,W,N,M,63,False,False,KILLINGLY,00000 I 395 ,41 51 46.2672000000,71 53 10.5720000000,V,G,1.0,0,14-219(c)(1),,False,N,False,False,W,,,,,False,1.0,CTCSP0000,133881629173123257,2025-02-20 17:39:05.137000,17:39:05.137000,2025,,,Speed Related,2025
2025-04-03 10:09:10.600000,7325424.0,CTCSP0500,CSP Troop D,Racial Profile,1000004532,2500065633,Incident ID,2025-02-20 00:00:00,February,W,N,F,41,True,False,THOMPSON,"00000 CORTTIS RD (THOMPSON, T141)",42 0 9.0828000000,71 54 16.7040000000,I,B,1.0,0,14-147,,False,N,False,False,I,,,,,False,1.0,CTCSP0000,133881629173123257,2025-02-20 12:05:03.647000,12:05:03.647000,2025,14-147,,Administrative Offense,2025
2025-04-03 10:09:10.780000,7325452.0,CTCSP0500,CSP Troop D,Racial Profile,1000004675,2500066267,Incident ID,2025-02-20 00:00:00,February,W,N,M,26,True,False,BROOKLYN,000 providence rd brooklyn ct,41 47 50.7588000000,71 54 33.2208000000,V,G,1.0,0,14-12(a)*,,False,N,False,False,I,,,,,False,1.0,CTCSP0000,133881629173123257,2025-02-20 22:21:39.280000,22:21:39.280000,2025,,,Registration,2025
2025-04-03 10:09:10.780000,7325451.0,CTCSP0500,CSP Troop D,Racial Profile,1000004675,2500065827,Incident ID,2025-02-20 00:00:00,February,W,N,M,38,True,False,KILLINGLY,00000 MAIN ST,41 48 12.0960000000,71 53 8.7360000000,V,G,1.0,0,14-12(a)*,,False,N,False,False,W,,,,,False,1.0,CTCSP0000,133881629173123257,2025-02-20 14:50:05.957000,14:50:05.957000,2025,,,Registration,2025
2025-04-03 10:09:10.533000,7325400.0,CTCSP0500,CSP Troop D,Racial Profile,1000004012,2500067735,Incident ID,2025-02-21 00:00:00,February,W,N,M,25,True,True,BROOKLYN,"00000 HARTFORD RD (BROOKLYN, T019)",41 47 11.4216000000,72 0 27.6840000000,V,B,1.0,0,14-12(a),,False,N,False,False,V,,,,,False,1.0,CTCSP0000,133881629173123257,2025-02-21 22:58:10.803000,22:58:10.803000,2025,,,Registration,2025
2025-04-03 10:09:10.563000,7325410.0,CTCSP0500,CSP Troop D,Racial Profile,1000004405,2500067520,Incident ID,2025-02-21 00:00:00,February,W,N,F,28,False,False,BROOKLYN,00000 PROVIDENCE RD,41 47 47.9436000000,71 54 57.9240000000,V,B,1.0,0,14-245,,False,N,False,False,W,,,,,False,1.0,CTCSP0000,133881629173123257,2025-02-21 18:47:32.207000,18:47:32.207000,2025,,,Moving Violation,2025
2025-04-03 10:09:10.607000,7325426.0,CTCSP0500,CSP Troop D,Racial Profile,1000004532,2500066848,Incident ID,2025-02-21 00:00:00,February,W,N,M,30,False,False,THOMPSON,"00000 I 395  (THOMPSON, T141)",41 56 49.7544000000,71 52 52.8240000000,V,B,1.0,0,14-219(c)(1),,False,N,False,False,W,,,,,False,1.0,CTCSP0000,133881629173123257,2025-02-21 09:06:34.910000,09:06:34.910000,2025,14-219(c)(1),,Speed Related,2025
2025-04-03 10:09:10.610000,7325427.0,CTCSP0500,CSP Troop D,Racial Profile,1000004532,2500066861,Incident ID,2025-02-21 00:00:00,February,W,N,M,64,False,False,PUTNAM,"00000 I 395  (PUTNAM, T116)",41 53 8.9556000000,71 53 48.0840000000,V,B,1.0,0,14-283b(b(1,,False,N,False,False,W,,,,,False,1.0,CTCSP0000,133881629173123257,2025-02-21 09:17:13.827000,09:17:13.827000,2025,14-283b(b(1,,Other,2025
2025-04-03 10:09:10.920000,7325493.0,CTCSP0500,CSP Troop D,Racial Profile,1000004968,2500066799,Incident ID,2025-02-21 00:00:00,February,W,N,F,43,True,False,BROOKLYN,Route 6 E,41 47 48.9228000000,71 54 49.3200000000,V,G,1.0,0,14-12(a),,False,N,False,False,V,,,,,False,1.0,CTCSP0000,133881629173123257,2025-02-21 08:39:17.350000,08:39:17.350000,2025,,,Registration,2025
2025-04-03 10:09:10.880000,7325475.0,CTCSP0500,CSP Troop D,Racial Profile,1000004799,2500067517,Incident ID,2025-02-21 00:00:00,February,W,H,F,37,False,False,KILLINGLY,00000 UPPER MAPLE ST,41 50 48.4368000000,71 53 42.9000000000,V,B,1.0,0,14-245,,False,N,False,False,W,,,,,False,1.0,CTCSP0000,133881629173123257,2025-02-21 18:44:35.603000,18:44:35.603000,2025,,,Moving Violation,2025
2025-04-03 10:09:10.880000,7325476.0,CTCSP0500,CSP Troop D,Racial Profile,1000004799,2500067710,Incident ID,2025-02-21 00:00:00,February,A,N,M,20,True,False,HAMPTON,"00000 PROVIDENCE TPKE (HAMPTON, T063)",41 46 7.2912000000,72 2 57.3720000000,V,B,1.0,0,14-219(b),,False,N,False,False,I,,,,,False,1.0,CTCSP0000,133881629173123257,2025-02-21 22:40:01.670000,22:40:01.670000,2025,,,Speed Related,2025
2025-04-03 10:09:10.907000,7325488.0,CTCSP0500,CSP Troop D,Racial Profile,1000004964,2500068645,Incident ID,2025-02-22 00:00:00,February,W,N,M,46,False,False,THOMPSON,"00000 I 395  (THOMPSON, T141)",41 56 39.4404000000,71 52 48.7560000000,V,B,1.0,0,14-298,,False,N,False,False,I,,,,,False,1.0,CTCSP0000,133881629173123257,2025-02-22 17:51:21.040000,17:51:21.040000,2025,14-298,,STC Violation,2025
2025-04-03 10:09:10.610000,7325428.0,CTCSP0500,CSP Troop D,Racial Profile,1000004532,2500068008,Incident ID,2025-02-22 00:00:00,February,W,N,M,76,True,True,BROOKLYN,"00000 PROVIDENCE RD (BROOKLYN, T019)",41 47 57.7824000000,71 54 3.0960000000,V,B,1.0,0,14-299,,False,N,False,False,W,,,,,False,1.0,CTCSP0000,133881629173123257,2025-02-22 06:52:17.107000,06:52:17.107000,2025,14-299,,Traffic Control Signal,2025
2025-04-03 10:09:10.613000,7325429.0,CTCSP0500,CSP Troop D,Racial Profile,1000004532,2500068033,Incident ID,2025-02-22 00:00:00,February,W,H,M,24,False,False,THOMPSON,"00000 I 395  (THOMPSON, T141)",41 56 13.0956000000,71 52 39.6480000000,V,B,1.0,0,14-219(c)(1),,False,N,False,False,V,,,,,False,1.0,CTCSP0000,133881629173123257,2025-02-22 07:17:28.457000,07:17:28.457000,2025,14-219(c)(1),,Speed Related,2025
2025-04-03 10:09:10.617000,7325430.0,CTCSP0500,CSP Troop D,Racial Profile,1000004532,2500068047,Incident ID,2025-02-22 00:00:00,February,W,H,M,38,False,False,PUTNAM,"00000 I 395  (PUTNAM, T116)",41 55 53.9112000000,71 52 50.9520000000,V,B,1.0,0,14-219(c)(1),,False,N,False,False,W,,,,,False,1.0,CTCSP0000,133881629173123257,2025-02-22 07:35:57.853000,07:35:57.853000,2025,14-219(c)(1),,Speed Related,2025
2025-04-03 10:09:10.530000,7325399.0,CTCSP0500,CSP Troop D,Racial Profile,1000003919,2500069848,Incident ID,2025-02-23 00:00:00,February,W,H,F,30,False,False,KILLINGLY,maple,41 48 10.0908000000,71 53 13.4880000000,E,B,1.0,0,14-96a(a),,False,N,False,False,V,,,,,False,1.0,CTCSP0000,133881629173123257,2025-02-23 20:09:07.543000,20:09:07.543000,2025,,,Defective Lights,2025
2025-04-03 10:09:10.527000,7325397.0,CTCSP0500,CSP Troop D,Racial Profile,1000003512,2500069188,Incident ID,2025-02-23 00:00:00,February,I,N,F,65,False,False,NORWICH,rrt2,41 33 48.4200000000,72 7 51.8520000000,V,G,1.0,0,14-299,,False,N,False,False,V,,,,,False,1.0,CTCSP0000,133881629173123257,2025-02-23 06:46:26.210000,06:46:26.210000,2025,,,Traffic Control Signal,2025
2025-04-03 10:09:10.537000,7325401.0,CTCSP0500,CSP Troop D,Racial Profile,1000004042,2500069727,Incident ID,2025-02-23 00:00:00,February,W,N,M,67,True,False,KILLINGLY,Route 101,41 50 21.6060000000,71 51 55.1160000000,V,G,1.0,0,14-232,,False,N,False,False,V,,,,,False,1.0,CTCSP0000,133881629173123257,2025-02-23 17:12:24.907000,17:12:24.907000,2025,,,Moving Violation,2025
2025-04-03 10:09:10.787000,7325454.0,CTCSP0500,CSP Troop D,Racial Profile,1000004675,2500071182,Incident ID,2025-02-24 00:00:00,February,W,N,F,28,True,False,BROOKLYN,00000 PROVIDENCE RD,41 47 54.8304000000,71 54 14.4720000000,V,G,1.0,0,14-96a(a),,False,N,False,False,W,,,,,False,1.0,CTCSP0000,133881629173123257,2025-02-24 19:35:01.047000,19:35:01.047000,2025,,,Defective Lights,2025
2025-04-03 10:09:10.783000,7325453.0,CTCSP0500,CSP Troop D,Racial Profile,1000004675,2500071179,Incident ID,2025-02-24 00:00:00,February,A,N,F,36,True,False,BROOKLYN,00034 CLAUDIA AVE,41 48 1.5120000000,71 54 0.8640000000,V,G,1.0,0,14-12(a)*,,False,N,False,False,W,,,,,False,1.0,CTCSP0000,133881629173123257,2025-02-24 19:29:14.270000,19:29:14.270000,2025,,,Registration,2025
2025-04-03 10:09:10.717000,7325439.0,CTCSP0500,CSP Troop D,Racial Profile,1000004671,2500072723,Incident ID,2025-02-25 00:00:00,February,A,N,M,32,False,False,PRESTON,"00000 rt 164, preston, ct",41 33 38.1024000000,71 58 11.4960000000,V,G,1.0,0,22-250,,False,N,False,False,V,,,,,False,1.0,CTCSP0000,133881629173123257,2025-02-25 23:00:58.510000,23:00:58.510000,2025,,,Other,2025
2025-04-03 10:09:10.837000,7325462.0,CTCSP0500,CSP Troop D,Racial Profile,1000004777,2500072708,Incident ID,2025-02-25 00:00:00,February,W,N,F,52,True,False,KILLINGLY,"00000 I 395  (KILLINGLY, T069)",41 46 20.7840000000,71 52 19.4520000000,V,B,1.0,0,14-219(c)(1),,False,N,False,False,I,,,,,False,1.0,CTCSP0000,133881629173123257,2025-02-25 22:44:36.603000,22:44:36.603000,2025,,,Speed Related,2025
2025-04-03 10:09:10.860000,7325469.0,CTCSP0500,CSP Troop D,Racial Profile,1000004797,2500072631,Incident ID,2025-02-25 00:00:00,February,W,N,M,53,False,False,PUTNAM,I-395 NB  .75 miles south of the Exit 45 NB off Ramp,41 53 8.5740000000,71 53 46.0320000000,V,G,1.0,0,14-219,,False,N,False,False,V,,,,,False,1.0,CTCSP0000,133881629173123257,2025-02-25 20:33:52.097000,20:33:52.097000,2025,,,Speed Related,2025
2025-04-03 10:09:10.790000,7325455.0,CTCSP0500,CSP Troop D,Racial Profile,1000004675,2500072522,Incident ID,2025-02-25 00:00:00,February,W,H,M,39,True,True,PUTNAM,"00000 GROVE ST (PUTNAM, T116)",41 54 32.8860000000,71 53 45.3480000000,V,G,1.0,0,14-12(a)*,,False,N,False,False,I,,,,,False,1.0,CTCSP0000,133881629173123257,2025-02-25 18:08:55.440000,18:08:55.440000,2025,,,Registration,2025
2025-04-03 10:09:10.883000,7325477.0,CTCSP0500,CSP Troop D,Racial Profile,1000004799,2500071841,Incident ID,2025-02-25 00:00:00,February,W,N,M,47,False,False,SCOTLAND,rt-4,41 41 55.2480000000,72 4 10.1280000000,I,G,1.0,0,14-137(a),,False,N,False,False,N,,,,,False,1.0,CTCSP0000,133881629173123257,2025-02-25 09:28:55.563000,09:28:55.563000,2025,,,Other,2025
2025-04-03 10:09:10.887000,7325478.0,CTCSP0500,CSP Troop D,Racial Profile,1000004799,2500071862,Incident ID,2025-02-25 00:00:00,February,W,N,M,25,True,True,SCOTLAND,rt-14,41 42 26.1576000000,72 4 2.6760000000,V,B,1.0,0,14-236,,False,N,False,False,W,,,,,False,1.0,CTCSP0000,133881629173123257,2025-02-25 09:43:31.340000,09:43:31.340000,2025,,,Moving Violation,2025
2025-04-03 10:09:10.580000,7325416.0,CTCSP0500,CSP Troop D,Racial Profile,1000004409,2500072552,Incident ID,2025-02-25 00:00:00,February,W,N,F,36,True,True,POMFRET,Rt 97,41 53 42.9648000000,71 58 30.4356000000,V,B,1.0,0,14-230,,False,N,False,False,V,,,,,False,1.0,CTCSP0000,133881629173123257,2025-02-25 18:37:57.100000,18:37:57.100000,2025,,,Moving Violation,2025
2025-04-03 10:09:10.620000,7325431.0,CTCSP0500,CSP Troop D,Racial Profile,1000004532,2500073954,Incident ID,2025-02-26 00:00:00,February,W,N,F,28,False,False,KILLINGLY,"00000 I 395  (KILLINGLY, T069)",41 51 49.7664000000,71 53 15.6840000000,E,B,1.0,0,14-96a(a),,False,N,False,False,W,,,,,False,1.0,CTCSP0000,133881629173123257,2025-02-26 18:33:25.667000,18:33:25.667000,2025,14-96a(a),,Defective Lights,2025
2025-04-03 10:09:10.840000,7325463.0,CTCSP0500,CSP Troop D,Racial Profile,1000004777,2500072807,Incident ID,2025-02-26 00:00:00,February,W,N,M,61,False,False,PLAINFIELD,00000 I 395 ,41 40 15.3984000000,71 54 35.2800000000,V,B,1.0,0,14-242,,False,N,False,False,W,,,,,False,1.0,CTCSP0000,133881629173123257,2025-02-26 00:37:40.157000,00:37:40.157000,2025,,,Moving Violation,2025
2025-04-03 10:09:10.543000,7325403.0,CTCSP0500,CSP Troop D,Racial Profile,1000004335,2500073959,Incident ID,2025-02-26 00:00:00,February,W,N,M,71,False,False,KILLINGLY,"00000 Hartford Pike (KILLINGLY, T069)",41 50 34.9872000000,71 52 47.5176000000,I,B,1.0,0,14-298,,False,N,False,False,V,,,,,False,1.0,CTCSP0000,133881629173123257,2025-02-26 18:37:56.293000,18:37:56.293000,2025,,,STC Violation,2025
2025-04-03 10:09:10.520000,7325395.0,CTCSP0500,CSP Troop D,Racial Profile,1000003380,2500074936,Incident ID,2025-02-27 00:00:00,February,W,N,F,36,True,False,EASTFORD,00000 HARTFORD TPKE,41 52 42.6792000000,72 6 37.9440000000,V,G,1.0,0,14-218a,,False,N,False,False,W,,,,,False,1.0,CTCSP0000,133881629173123257,2025-02-27 14:54:05.120000,14:54:05.120000,2025,,,Speed Related,2025
2025-04-03 10:09:10.637000,7325432.0,CTCSP0500,CSP Troop D,Racial Profile,1000004532,2500074382,Incident ID,2025-02-27 00:00:00,February,W,H,M,21,True,False,KILLINGLY,"00000 I 395  (KILLINGLY, T069)",41 48 8.4744000000,71 52 21.2160000000,V,B,1.0,1,14-147(c),,False,N,False,False,I,,,,,False,1.0,CTCSP0000,133881629173123257,2025-02-27 06:56:27.290000,06:56:27.290000,2025,14-147(c),,Administrative Offense,2025
2025-04-03 10:09:10.887000,7325479.0,CTCSP0500,CSP Troop D,Racial Profile,1000004799,2500074855,Incident ID,2025-02-27 00:00:00,February,W,N,M,73,True,True,CHAPLIN,"00000 PHOENIXVILLE RD (CHAPLIN, T024)",41 46 42.8916000000,72 7 52.9680000000,V,B,1.0,0,14-251(a),,False,N,False,False,I,,,,,False,1.0,CTCSP0000,133881629173123257,2025-02-27 14:02:17.560000,14:02:17.560000,2025,,,Other,2025
2025-04-03 10:09:10.460000,7325385.0,CTCSP0500,CSP Troop D,Racial Profile,1000002254,2500076175,Incident ID,2025-02-28 00:00:00,February,W,N,M,19,False,False,POMFRET,rt 44,41 51 38.4912000000,72 0 27.5760000000,V,G,1.0,0,14-234,,False,N,False,False,V,,,,,False,1.0,CTCSP0000,133881629173123257,2025-02-28 13:36:42.430000,13:36:42.430000,2025,,,Moving Violation,2025
2025-04-03 10:09:10.530000,7325398.0,CTCSP0500,CSP Troop D,Racial Profile,1000003512,2500076787,Incident ID,2025-02-28 00:00:00,February,W,N,M,18,False,False,PLAINFIELD,"00000 I 395  (PLAINFIELD, T109)",41 42 29.9988000000,71 53 53.2680000000,V,G,2.0,0,14-219(c)(1),,False,N,False,False,I,,,,,False,1.0,CTCSP0000,133881629173123257,2025-02-28 23:10:12.367000,23:10:12.367000,2025,,,Speed Related,2025
2025-05-05 08:46:25.603000,7387739.0,CTCSP0500,CSP Troop D,Racial Profile,1000004777,2500076893,Incident ID,2025-03-01 00:00:00,March,W,N,F,23,False,False,BROOKLYN,00000 HARTFORD RD,41 47 0.3192000000,71 58 9.3720000000,V,B,1.0,0,14-219(b),,False,N,False,False,W,,,,,False,1.0,CTCSP0000,133909227348260878,2025-03-01 00:40:03.447000,00:40:03.447000,2025,,,Speed Related,2025
2025-05-05 08:46:25.500000,7387692.0,CTCSP0500,CSP Troop D,Racial Profile,1000004532,2500077390,Incident ID,2025-03-01 00:00:00,March,W,N,M,23,True,True,KILLINGLY,"00000 FERLAND DR (KILLINGLY, T069)",41 50 20.6088000000,71 53 43.8000000000,V,B,1.0,0,14-299,,False,N,False,False,I,,,,,False,1.0,CTCSP0000,133909227348260878,2025-03-01 12:03:34.653000,12:03:34.653000,2025,14-299,,Traffic Control Signal,2025
2025-05-05 08:46:25.503000,7387693.0,CTCSP0500,CSP Troop D,Racial Profile,1000004532,2500077458,Incident ID,2025-03-01 00:00:00,March,W,H,M,22,False,False,THOMPSON,"00000 I 395  (THOMPSON, T141)",42 0 55.8504000000,71 51 26.6400000000,V,B,1.0,0,14-219(c)(1),,False,N,False,False,I,,,,,False,1.0,CTCSP0000,133909227348260878,2025-03-01 13:26:17.710000,13:26:17.710000,2025,14-219(c)(1),,Speed Related,2025
2025-05-05 08:46:25.710000,7387774.0,CTCSP0500,CSP Troop D,Racial Profile,1000004779,2500077790,Incident ID,2025-03-01 00:00:00,March,W,N,F,88,True,True,KILLINGLY,Lake Road Killingly,41 52 0.9732000000,71 53 47.2200000000,V,G,1.0,0,14-96e,,False,N,False,False,V,,,,,False,1.0,CTCSP0000,133909227348260878,2025-03-01 18:10:54.350000,18:10:54.350000,2025,,,Defective Lights,2025
2025-05-05 08:46:25.717000,7387776.0,CTCSP0500,CSP Troop D,Racial Profile,1000004797,2500077939,Incident ID,2025-03-01 00:00:00,March,W,N,M,34,True,True,THOMPSON,Riverside Dr Thompson CT,41 56 21.9624000000,71 53 39.7680000000,V,G,2.0,1,14-218a,,False,N,False,True,U,,,,,False,1.0,CTCSP0000,133909227348260878,2025-03-01 20:55:37.523000,20:55:37.523000,2025,14-227a,,Speed Related,2025
2025-05-05 08:46:25.300000,7387608.0,CTCSP0500,CSP Troop D,Racial Profile,1000002266,2500077788,Incident ID,2025-03-01 00:00:00,March,W,H,F,21,False,False,PLAINFIELD,S/B rest 109,41 45 23.1552000000,71 52 35.3280000000,E,B,1.0,0,14-96c,,False,N,False,False,V,,,,,False,1.0,CTCSP0000,133909227348260878,2025-03-01 18:09:15.480000,18:09:15.480000,2025,,,Defective Lights,2025
2025-05-05 08:46:25.600000,7387738.0,CTCSP0500,CSP Troop D,Racial Profile,1000004777,2500076862,Incident ID,2025-03-01 00:00:00,March,W,N,M,17,True,False,BROOKLYN,00000 FAIRGROUNDS RD,41 46 53.8716000000,71 57 26.9280000000,V,B,1.0,0,14-301,,False,N,False,False,W,,,,,False,1.0,CTCSP0000,133909227348260878,2025-03-01 00:13:22.407000,00:13:22.407000,2025,,,Stop Sign,2025
2025-05-05 08:46:25.717000,7387777.0,CTCSP0500,CSP Troop D,Racial Profile,1000004799,2500077227,Incident ID,2025-03-01 00:00:00,March,W,N,M,33,True,True,KILLINGLY,killingly,41 48 56.7936000000,71 52 42.6360000000,V,B,1.0,0,14-289D,,False,N,False,False,V,,,,,False,1.0,CTCSP0000,133909227348260878,2025-03-01 09:33:38.853000,09:33:38.853000,2025,,,Other,2025
2025-05-05 08:46:25.340000,7387626.0,CTCSP0500,CSP Troop D,Racial Profile,1000004012,2500079012,Incident ID,2025-03-02 00:00:00,March,W,N,M,29,True,True,BROOKLYN,"00000 HARTFORD RD (BROOKLYN, T019)",41 47 5.7336000000,71 59 33.1800000000,E,B,1.0,0,14-96c,,False,N,False,False,V,,,,,False,1.0,CTCSP0000,133909227348260878,2025-03-02 22:49:23.517000,22:49:23.517000,2025,,,Defective Lights,2025
2025-05-05 08:46:25.530000,7387706.0,CTCSP0500,CSP Troop D,Racial Profile,1000004675,2500078701,Incident ID,2025-03-02 00:00:00,March,W,N,F,40,True,False,PLAINFIELD,"00000 I 395  (PLAINFIELD, T109)",41 40 53.2056000000,71 54 29.1960000000,V,G,1.0,0,14-12(a)*,,False,N,False,False,I,,,,,False,1.0,CTCSP0000,133909227348260878,2025-03-02 15:47:22.910000,15:47:22.910000,2025,,,Registration,2025
2025-05-05 08:46:25.533000,7387707.0,CTCSP0500,CSP Troop D,Racial Profile,1000004675,2500078805,Incident ID,2025-03-02 00:00:00,March,W,N,M,46,False,False,KILLINGLY,i395 killingly,41 46 20.7840000000,71 52 19.4520000000,V,G,1.0,0,14-251,,False,N,False,False,V,,,,,False,1.0,CTCSP0000,133909227348260878,2025-03-02 17:29:15.663000,17:29:15.663000,2025,,,Other,2025
2025-05-05 08:46:25.770000,7387791.0,CTCSP0500,CSP Troop D,Racial Profile,1000004856,2500078459,Incident ID,2025-03-02 00:00:00,March,W,N,F,33,False,False,PUTNAM,00000 I 395 ,41 54 22.9176000000,71 53 35.4480000000,V,G,1.0,0,14-219(c)(1),,False,N,False,False,W,,,,,False,1.0,CTCSP0000,133909227348260878,2025-03-02 11:05:22.123000,11:05:22.123000,2025,,,Speed Related,2025
2025-05-05 08:46:25.340000,7387627.0,CTCSP0500,CSP Troop D,Racial Profile,1000004012,2500080431,Incident ID,2025-03-03 00:00:00,March,W,N,M,25,True,True,BROOKLYN,"00000 PROVIDENCE RD (BROOKLYN, T019)",41 47 44.8044000000,71 55 58.2600000000,E,B,1.0,0,14-96b,,False,N,False,False,V,,,,,False,1.0,CTCSP0000,133909227348260878,2025-03-03 23:03:10.147000,23:03:10.147000,2025,,,Defective Lights,2025
2025-05-05 08:46:25.773000,7387792.0,CTCSP0500,CSP Troop D,Racial Profile,1000004856,2500080369,Incident ID,2025-03-03 00:00:00,March,W,M,F,49,False,False,KILLINGLY,I-395 SB N OF EXIT 38,41 50 4.1568000000,71 52 31.1880000000,V,G,1.0,0,14-236,,False,N,False,False,V,,,,,False,1.0,CTCSP0000,133909227348260878,2025-03-03 21:41:33.797000,21:41:33.797000,2025,,,Moving Violation,2025
2025-05-05 08:46:25.447000,7387669.0,CTCSP0500,CSP Troop D,Racial Profile,1000004402,2500080648,Incident ID,2025-03-04 00:00:00,March,W,N,M,21,True,False,SCOTLAND,00000 PALMER RD,41 41 54.4920000000,72 4 52.8960000000,V,B,1.0,0,14-240(b,,False,N,False,False,W,,,,,False,1.0,CTCSP0000,133909227348260878,2025-03-04 06:16:18.693000,06:16:18.693000,2025,,,Moving Violation,2025
2025-05-05 08:46:25.297000,7387607.0,CTCSP0500,CSP Troop D,Racial Profile,1000001947,2500081786,Incident ID,2025-03-04 00:00:00,March,B,N,M,24,False,False,PLAINFIELD,"00000 I 395  (PLAINFIELD, T109)",41 42 29.9988000000,71 53 53.2680000000,V,B,1.0,0,14-219(c)(1),,False,N,False,False,I,,,,,False,1.0,CTCSP0000,133909227348260878,2025-03-04 19:08:04.510000,19:08:04.510000,2025,,,Speed Related,2025
2025-05-05 08:46:25.513000,7387698.0,CTCSP0500,CSP Troop D,Racial Profile,1000004535,2500081431,Incident ID,2025-03-04 00:00:00,March,W,N,M,26,True,False,WATERFORD,"00000 MOHEGAN AVENUE PKWY (WATERFORD, T152)",41 24 43.9488000000,72 6 28.9800000000,V,G,1.0,0,14-12(a),,False,N,False,False,I,,,,,False,1.0,CTCSP0000,133909227348260878,2025-03-04 14:53:26.680000,14:53:26.680000,2025,,,Registration,2025
2025-05-05 08:46:25.537000,7387708.0,CTCSP0500,CSP Troop D,Racial Profile,1000004675,2500081703,Incident ID,2025-03-04 00:00:00,March,W,N,F,34,True,False,KILLINGLY,"00000 I 395  (KILLINGLY, T069)",41 49 12.6876000000,71 52 14.0160000000,V,G,1.0,0,14-12(a)*,,False,N,False,False,I,,,,,False,1.0,CTCSP0000,133909227348260878,2025-03-04 17:53:30.770000,17:53:30.770000,2025,,,Registration,2025
2025-05-05 08:46:25.537000,7387709.0,CTCSP0500,CSP Troop D,Racial Profile,1000004675,2500081816,Incident ID,2025-03-04 00:00:00,March,W,N,F,22,True,False,KILLINGLY,00000 I 395 ,41 49 12.6876000000,71 52 14.0160000000,V,G,1.0,0,14-12(a)*,,False,N,False,False,W,,,,,False,1.0,CTCSP0000,133909227348260878,2025-03-04 19:54:51.943000,19:54:51.943000,2025,,,Registration,2025
2025-05-05 08:46:25.303000,7387610.0,CTCSP0500,CSP Troop D,Racial Profile,1000002578,2500082913,Incident ID,2025-03-05 00:00:00,March,W,N,F,35,True,True,POMFRET,101 169,41 50 58.0884000000,71 57 32.1840000000,V,B,1.0,0,14-299,,False,N,False,False,V,,,,,False,1.0,CTCSP0000,133909227348260878,2025-03-05 15:01:49.513000,15:01:49.513000,2025,,,Traffic Control Signal,2025
2025-05-05 08:46:25.310000,7387612.0,CTCSP0500,CSP Troop D,Racial Profile,1000002753,2500082461,Incident ID,2025-03-05 00:00:00,March,W,N,F,21,True,False,PUTNAM,"00000 I 395  (PUTNAM, T116)",41 52 52.0860000000,71 53 45.7440000000,V,B,1.0,0,14-219,,False,N,False,False,W,,,,,False,1.0,CTCSP0000,133909227348260878,2025-03-05 09:17:49.433000,09:17:49.433000,2025,,,Speed Related,2025
2025-05-05 08:46:25.353000,7387632.0,CTCSP0500,CSP Troop D,Racial Profile,1000004012,2500082498,Incident ID,2025-03-05 00:00:00,March,W,H,M,26,True,True,CHAPLIN,"00000 HAMPTON RD (CHAPLIN, T024)",41 46 14.9232000000,72 7 43.0320000000,V,B,2.0,0,14-218a,,False,N,False,False,I,,,,,False,1.0,CTCSP0000,133909227348260878,2025-03-05 09:44:26.553000,09:44:26.553000,2025,,,Speed Related,2025
2025-05-05 08:46:25.363000,7387636.0,CTCSP0500,CSP Troop D,Racial Profile,1000004012,2500082840,Incident ID,2025-03-05 00:00:00,March,W,H,F,23,True,True,CHAPLIN,"00000 PHOENIXVILLE RD (CHAPLIN, T024)",41 46 36.4404000000,72 7 52.9680000000,V,B,1.0,0,14-218a,,False,N,False,False,I,,,,,False,1.0,CTCSP0000,133909227348260878,2025-03-05 14:18:15.847000,14:18:15.847000,2025,,,Speed Related,2025
2025-05-05 08:46:25.363000,7387637.0,CTCSP0500,CSP Troop D,Racial Profile,1000004012,2500082863,Incident ID,2025-03-05 00:00:00,March,W,N,F,22,False,False,CHAPLIN,"00000 PHOENIXVILLE RD (CHAPLIN, T024)",41 48 2.7324000000,72 7 29.7120000000,V,B,1.0,0,14-218a,,False,N,False,False,I,,,,,False,1.0,CTCSP0000,133909227348260878,2025-03-05 14:34:36.440000,14:34:36.440000,2025,,,Speed Related,2025
2025-05-05 08:46:25.540000,7387710.0,CTCSP0500,CSP Troop D,Racial Profile,1000004675,2500083096,Incident ID,2025-03-05 00:00:00,March,W,N,M,44,True,False,PLAINFIELD,"00000 I 395  (PLAINFIELD, T109)",41 42 5.4828000000,71 54 4.6080000000,V,G,1.0,0,14-12(a)*,,False,N,False,False,I,,,,,False,1.0,CTCSP0000,133909227348260878,2025-03-05 17:10:52.437000,17:10:52.437000,2025,,,Registration,2025
2025-05-05 08:46:25.543000,7387711.0,CTCSP0500,CSP Troop D,Racial Profile,1000004675,2500083144,Incident ID,2025-03-05 00:00:00,March,W,N,M,17,True,False,KILLINGLY,00000 I 395 ,41 48 49.6404000000,71 52 14.9880000000,V,G,1.0,0,14-12(a)*,,False,N,False,False,W,,,,,False,1.0,CTCSP0000,133909227348260878,2025-03-05 18:05:36.290000,18:05:36.290000,2025,,,Registration,2025
2025-05-05 08:46:25.317000,7387615.0,CTCSP0500,CSP Troop D,Racial Profile,1000003342,2500082352,Incident ID,2025-03-05 00:00:00,March,W,N,M,44,True,True,BROOKLYN,"00000 HARTFORD RD (BROOKLYN, T019)",41 47 12.6888000000,72 0 23.1480000000,V,B,1.0,0,14-218a,,False,N,False,False,I,,,,,False,1.0,CTCSP0000,133909227348260878,2025-03-05 08:06:37.800000,08:06:37.800000,2025,,,Speed Related,2025
2025-05-05 08:46:25.347000,7387629.0,CTCSP0500,CSP Troop D,Racial Profile,1000004012,2500082428,Incident ID,2025-03-05 00:00:00,March,W,N,M,19,True,True,CHAPLIN,"00000 HAMPTON RD (CHAPLIN, T024)",41 46 14.9232000000,72 7 43.0320000000,V,B,1.0,0,14-218a,,False,N,False,False,I,,,,,False,1.0,CTCSP0000,133909227348260878,2025-03-05 08:53:52.653000,08:53:52.653000,2025,,,Speed Related,2025
2025-05-05 08:46:25.370000,7387639.0,CTCSP0500,CSP Troop D,Racial Profile,1000004012,2500082987,Incident ID,2025-03-05 00:00:00,March,W,N,F,56,True,True,CHAPLIN,"00000 PHOENIXVILLE RD (CHAPLIN, T024)",41 46 39.5436000000,72 7 53.0400000000,V,B,1.0,0,14-12(a),,False,N,False,False,I,,,,,False,1.0,CTCSP0000,133909227348260878,2025-03-05 15:39:35.630000,15:39:35.630000,2025,,,Registration,2025
2025-05-05 08:46:25.343000,7387628.0,CTCSP0500,CSP Troop D,Racial Profile,1000004012,2500082368,Incident ID,2025-03-05 00:00:00,March,W,H,M,22,False,False,CHAPLIN,"00000 HAMPTON RD (CHAPLIN, T024)",41 46 14.9232000000,72 7 43.0320000000,V,B,1.0,0,14-218a,,False,N,False,False,I,,,,,False,1.0,CTCSP0000,133909227348260878,2025-03-05 08:21:46.640000,08:21:46.640000,2025,,,Speed Related,2025
2025-05-05 08:46:25.610000,7387742.0,CTCSP0500,CSP Troop D,Racial Profile,1000004777,2500082693,Incident ID,2025-03-05 00:00:00,March,W,N,M,33,True,False,POMFRET,"00000 PUTNAM RD (POMFRET, T112)",41 53 47.9760000000,71 56 40.5240000000,V,B,1.0,0,14-219(b),,False,N,False,False,I,,,,,False,1.0,CTCSP0000,133909227348260878,2025-03-05 12:11:52.250000,12:11:52.250000,2025,,,Speed Related,2025
2025-05-05 08:46:25.613000,7387744.0,CTCSP0500,CSP Troop D,Racial Profile,1000004777,2500082711,Incident ID,2025-03-05 00:00:00,March,W,N,M,68,True,False,POMFRET,"00000 PUTNAM RD (POMFRET, T112)",41 53 53.8044000000,71 55 43.0320000000,V,B,1.0,0,14-219(b),,False,N,False,False,I,,,,,False,1.0,CTCSP0000,133909227348260878,2025-03-05 12:34:12.913000,12:34:12.913000,2025,,,Speed Related,2025
2025-05-05 08:46:25.463000,7387676.0,CTCSP0500,CSP Troop D,Racial Profile,1000004409,2500083150,Incident ID,2025-03-05 00:00:00,March,W,N,M,31,True,False,PUTNAM,"00000 I 395  (PUTNAM, T116)",41 55 53.9112000000,71 52 50.9520000000,V,B,1.0,0,14-298,,False,N,False,False,I,,,,,False,1.0,CTCSP0000,133909227348260878,2025-03-05 18:13:22.663000,18:13:22.663000,2025,,,STC Violation,2025
2025-05-05 08:46:25.613000,7387743.0,CTCSP0500,CSP Troop D,Racial Profile,1000004777,2500082703,Incident ID,2025-03-05 00:00:00,March,W,N,M,18,True,False,POMFRET,"00000 PUTNAM RD (POMFRET, T112)",41 53 49.9848000000,71 56 23.3160000000,V,B,1.0,0,14-219(b),,False,N,False,False,I,,,,,False,1.0,CTCSP0000,133909227348260878,2025-03-05 12:20:45.630000,12:20:45.630000,2025,,,Speed Related,2025
2025-05-05 08:46:25.620000,7387746.0,CTCSP0500,CSP Troop D,Racial Profile,1000004777,2500082897,Incident ID,2025-03-05 00:00:00,March,W,N,F,40,True,False,CANTERBURY,"00000 WESTMINSTER RD (CANTERBURY, T022)",41 41 52.5120000000,71 59 38.4720000000,V,B,1.0,0,14-219(b),,False,N,False,False,I,,,,,False,1.0,CTCSP0000,133909227348260878,2025-03-05 14:52:28.540000,14:52:28.540000,2025,,,Speed Related,2025
2025-05-05 08:46:25.607000,7387740.0,CTCSP0500,CSP Troop D,Racial Profile,1000004777,2500082649,Incident ID,2025-03-05 00:00:00,March,W,N,F,53,True,False,POMFRET,"00000 PUTNAM RD (POMFRET, T112)",41 53 49.9848000000,71 56 23.3160000000,V,B,1.0,0,14-219(b),,False,N,False,False,I,,,,,False,1.0,CTCSP0000,133909227348260878,2025-03-05 11:41:27.430000,11:41:27.430000,2025,,,Speed Related,2025
2025-05-05 08:46:25.307000,7387611.0,CTCSP0500,CSP Troop D,Racial Profile,1000002753,2500082437,Incident ID,2025-03-05 00:00:00,March,W,N,M,21,True,False,KILLINGLY,"00000 I 395  (KILLINGLY, T069)",41 50 15.5148000000,71 52 34.6800000000,V,B,1.0,0,14-219,,False,N,False,False,I,,,,,False,1.0,CTCSP0000,133909227348260878,2025-03-05 09:00:26.133000,09:00:26.133000,2025,,,Speed Related,2025
2025-05-05 08:46:25.313000,7387614.0,CTCSP0500,CSP Troop D,Racial Profile,1000003342,2500082324,Incident ID,2025-03-05 00:00:00,March,W,H,M,29,True,False,BROOKLYN,"00000 HARTFORD RD (BROOKLYN, T019)",41 47 11.4216000000,72 0 27.6840000000,V,B,1.0,0,14-218a,,False,N,False,False,I,,,,,False,1.0,CTCSP0000,133909227348260878,2025-03-05 07:45:53.703000,07:45:53.703000,2025,,,Speed Related,2025
2025-05-05 08:46:25.347000,7387630.0,CTCSP0500,CSP Troop D,Racial Profile,1000004012,2500082451,Incident ID,2025-03-05 00:00:00,March,W,N,F,54,True,True,CHAPLIN,"00000 WILLIMANTIC RD (CHAPLIN, T024)",41 45 53.9316000000,72 8 22.5600000000,V,B,1.0,0,14-218a,,False,N,False,False,I,,,,,False,1.0,CTCSP0000,133909227348260878,2025-03-05 09:09:40.480000,09:09:40.480000,2025,,,Speed Related,2025
2025-05-05 08:46:25.350000,7387631.0,CTCSP0500,CSP Troop D,Racial Profile,1000004012,2500082477,Incident ID,2025-03-05 00:00:00,March,W,N,M,24,False,False,CHAPLIN,"00000 HAMPTON RD (CHAPLIN, T024)",41 46 14.7144000000,72 7 40.7280000000,V,B,1.0,0,14-218a,,False,N,False,False,I,,,,,False,1.0,CTCSP0000,133909227348260878,2025-03-05 09:26:27.013000,09:26:27.013000,2025,,,Speed Related,2025
2025-05-05 08:46:25.357000,7387633.0,CTCSP0500,CSP Troop D,Racial Profile,1000004012,2500082576,Incident ID,2025-03-05 00:00:00,March,W,N,F,31,True,True,CHAPLIN,"00000 HAMPTON RD (CHAPLIN, T024)",41 46 14.9232000000,72 7 43.0320000000,V,B,1.0,0,14-218a,,False,N,False,False,I,,,,,False,1.0,CTCSP0000,133909227348260878,2025-03-05 10:44:47.287000,10:44:47.287000,2025,,,Speed Related,2025
2025-05-05 08:46:25.357000,7387634.0,CTCSP0500,CSP Troop D,Racial Profile,1000004012,2500082665,Incident ID,2025-03-05 00:00:00,March,W,N,M,30,True,True,CHAPLIN,"00000 PHOENIXVILLE RD (CHAPLIN, T024)",41 48 2.7324000000,72 7 29.7120000000,V,B,1.0,0,14-218a,,False,N,False,False,I,,,,,False,1.0,CTCSP0000,133909227348260878,2025-03-05 11:51:58.297000,11:51:58.297000,2025,,,Speed Related,2025
2025-05-05 08:46:25.360000,7387635.0,CTCSP0500,CSP Troop D,Racial Profile,1000004012,2500082706,Incident ID,2025-03-05 00:00:00,March,B,N,M,55,True,True,CHAPLIN,"00000 PHOENIXVILLE RD (CHAPLIN, T024)",41 47 34.4688000000,72 7 36.6960000000,V,B,1.0,0,14-218a,,False,N,False,False,I,,,,,False,1.0,CTCSP0000,133909227348260878,2025-03-05 12:21:31.443000,12:21:31.443000,2025,,,Speed Related,2025
2025-05-05 08:46:25.367000,7387638.0,CTCSP0500,CSP Troop D,Racial Profile,1000004012,2500082958,Incident ID,2025-03-05 00:00:00,March,W,H,M,22,True,True,CHAPLIN,"00000 PHOENIXVILLE RD (CHAPLIN, T024)",41 46 36.4404000000,72 7 52.9680000000,V,B,1.0,0,14-218a,,False,N,False,False,I,,,,,False,1.0,CTCSP0000,133909227348260878,2025-03-05 15:21:58.577000,15:21:58.577000,2025,,,Speed Related,2025
2025-05-05 08:46:25.610000,7387741.0,CTCSP0500,CSP Troop D,Racial Profile,1000004777,2500082671,Incident ID,2025-03-05 00:00:00,March,W,N,M,23,True,False,POMFRET,"00000 PUTNAM RD (POMFRET, T112)",41 53 49.9848000000,71 56 23.3160000000,V,B,1.0,0,14-219(b),,False,N,False,False,I,,,,,False,1.0,CTCSP0000,133909227348260878,2025-03-05 11:56:57.833000,11:56:57.833000,2025,,,Speed Related,2025
2025-05-05 08:46:25.617000,7387745.0,CTCSP0500,CSP Troop D,Racial Profile,1000004777,2500082814,Incident ID,2025-03-05 00:00:00,March,W,N,F,29,False,False,HAMPTON,"00000 POMFRET RD (HAMPTON, T063)",41 48 29.0772000000,72 2 50.1720000000,V,B,1.0,0,14-219(b),,False,N,False,False,I,,,,,False,1.0,CTCSP0000,133909227348260878,2025-03-05 13:55:00.363000,13:55:00.363000,2025,,,Speed Related,2025
2025-05-05 08:46:25.373000,7387640.0,CTCSP0500,CSP Troop D,Racial Profile,1000004012,2500084437,Incident ID,2025-03-06 00:00:00,March,W,N,F,55,True,True,HAMPTON,"00000 W OLD ROUTE 6  (HAMPTON, T063)",41 46 32.7252000000,72 4 28.9560000000,V,B,2.0,0,14-12(a),,False,N,False,False,I,,,,,False,1.0,CTCSP0000,133909227348260878,2025-03-06 15:38:28.137000,15:38:28.137000,2025,,,Registration,2025
2025-05-05 08:46:25.620000,7387747.0,CTCSP0500,CSP Troop D,Racial Profile,1000004777,2500083841,Incident ID,2025-03-06 00:00:00,March,W,N,M,57,True,True,CANTERBURY,"00000 LOVELL LN (CANTERBURY, T022)",41 41 52.3572000000,71 57 45.6120000000,V,B,1.0,0,14-219(b),,False,N,False,False,I,,,,,False,1.0,CTCSP0000,133909227348260878,2025-03-06 08:37:27.520000,08:37:27.520000,2025,,,Speed Related,2025
2025-05-05 08:46:25.623000,7387748.0,CTCSP0500,CSP Troop D,Racial Profile,1000004777,2500083905,Incident ID,2025-03-06 00:00:00,March,W,N,F,20,True,False,KILLINGLY,"00000 HARTFORD PIKE (KILLINGLY, T069)",41 50 36.7008000000,71 52 51.0600000000,V,B,1.0,0,14-240(b,,False,N,False,False,I,,,,,False,1.0,CTCSP0000,133909227348260878,2025-03-06 09:10:51.730000,09:10:51.730000,2025,,,Moving Violation,2025
2025-05-05 08:46:25.630000,7387750.0,CTCSP0500,CSP Troop D,Racial Profile,1000004777,2500084033,Incident ID,2025-03-06 00:00:00,March,W,N,F,16,True,False,WOODSTOCK,"00000 RT 171  (WOODSTOCK, T169)",41 56 25.0044000000,72 0 8.2080000000,V,B,1.0,0,14-218a,,False,N,False,False,I,,,,,False,1.0,CTCSP0000,133909227348260878,2025-03-06 10:40:30.437000,10:40:30.437000,2025,,,Speed Related,2025
2025-05-05 08:46:25.640000,7387754.0,CTCSP0500,CSP Troop D,Racial Profile,1000004777,2500084174,Incident ID,2025-03-06 00:00:00,March,W,N,M,23,True,False,CHAPLIN,"00000 HAMPTON RD (CHAPLIN, T024)",41 46 1.7616000000,72 6 27.7200000000,V,B,1.0,0,14-219(b),,False,N,False,False,I,,,,,False,1.0,CTCSP0000,133909227348260878,2025-03-06 12:23:20.977000,12:23:20.977000,2025,,,Speed Related,2025
2025-05-05 08:46:25.543000,7387712.0,CTCSP0500,CSP Troop D,Racial Profile,1000004675,2500084325,Incident ID,2025-03-06 00:00:00,March,W,N,F,39,True,True,BROOKLYN,"00000 PROVIDENCE RD (BROOKLYN, T019)",41 48 0.2700000000,71 53 52.8720000000,V,G,1.0,0,14-12(a)*,,False,N,False,False,I,,,,,False,1.0,CTCSP0000,133909227348260878,2025-03-06 14:34:53.987000,14:34:53.987000,2025,,,Registration,2025
2025-05-05 08:46:25.547000,7387713.0,CTCSP0500,CSP Troop D,Racial Profile,1000004675,2500084347,Incident ID,2025-03-06 00:00:00,March,W,N,F,64,True,False,KILLINGLY,"00000 MAIN ST (KILLINGLY, T069)",41 48 34.6644000000,71 52 43.3920000000,V,G,1.0,0,14-12(a)*,,False,N,False,False,I,,,,,False,1.0,CTCSP0000,133909227348260878,2025-03-06 14:44:29.790000,14:44:29.790000,2025,,,Registration,2025
2025-05-05 08:46:25.627000,7387749.0,CTCSP0500,CSP Troop D,Racial Profile,1000004777,2500083943,Incident ID,2025-03-06 00:00:00,March,W,N,F,27,False,False,POMFRET,"00000 POMFRET ST (POMFRET, T112)",41 53 5.6256000000,71 57 42.9120000000,V,B,1.0,0,14-218a,,False,N,False,False,W,,,,,False,1.0,CTCSP0000,133909227348260878,2025-03-06 09:42:31.040000,09:42:31.040000,2025,,,Speed Related,2025
2025-05-05 08:46:25.630000,7387751.0,CTCSP0500,CSP Troop D,Racial Profile,1000004777,2500084043,Incident ID,2025-03-06 00:00:00,March,W,N,F,65,True,True,WOODSTOCK,"00000 RT 171  (WOODSTOCK, T169)",41 56 17.4444000000,71 59 24.7920000000,V,B,1.0,0,14-219(b),,False,N,False,False,I,,,,,False,1.0,CTCSP0000,133909227348260878,2025-03-06 10:48:22.530000,10:48:22.530000,2025,,,Speed Related,2025
2025-05-05 08:46:25.633000,7387752.0,CTCSP0500,CSP Troop D,Racial Profile,1000004777,2500084072,Incident ID,2025-03-06 00:00:00,March,W,N,F,60,True,False,WOODSTOCK,"00000 RT 171  (WOODSTOCK, T169)",41 56 14.4096000000,71 59 4.5240000000,V,B,1.0,0,14-219(b),,False,N,False,False,I,,,,,False,1.0,CTCSP0000,133909227348260878,2025-03-06 11:06:07.880000,11:06:07.880000,2025,,,Speed Related,2025
2025-05-05 08:46:25.640000,7387753.0,CTCSP0500,CSP Troop D,Racial Profile,1000004777,2500084148,Incident ID,2025-03-06 00:00:00,March,W,N,M,40,True,False,CHAPLIN,"00000 PHOENIXVILLE RD (CHAPLIN, T024)",41 47 34.4688000000,72 7 36.6960000000,V,B,1.0,0,14-219(b),,False,N,False,False,I,,,,,False,1.0,CTCSP0000,133909227348260878,2025-03-06 12:03:54.680000,12:03:54.680000,2025,,,Speed Related,2025
2025-05-05 08:46:25.643000,7387755.0,CTCSP0500,CSP Troop D,Racial Profile,1000004777,2500084192,Incident ID,2025-03-06 00:00:00,March,W,N,F,20,True,False,CHAPLIN,"00000 HAMPTON RD (CHAPLIN, T024)",41 46 3.2340000000,72 6 54.0720000000,V,B,1.0,0,14-219(b),,False,N,False,False,I,,,,,False,1.0,CTCSP0000,133909227348260878,2025-03-06 12:35:01.693000,12:35:01.693000,2025,,,Speed Related,2025
2025-05-05 08:46:25.647000,7387756.0,CTCSP0500,CSP Troop D,Racial Profile,1000004777,2500084217,Incident ID,2025-03-06 00:00:00,March,W,H,M,60,True,False,CHAPLIN,"00000 HAMPTON RD (CHAPLIN, T024)",41 46 2.6364000000,72 6 15.1920000000,V,B,1.0,0,14-219(b),,False,N,False,False,I,,,,,False,1.0,CTCSP0000,133909227348260878,2025-03-06 12:52:44.150000,12:52:44.150000,2025,,,Speed Related,2025
2025-05-05 08:46:25.650000,7387757.0,CTCSP0500,CSP Troop D,Racial Profile,1000004777,2500085437,Incident ID,2025-03-07 00:00:00,March,W,N,F,41,True,False,CANTERBURY,"00000 S CANTERBURY RD (CANTERBURY, T022)",41 41 6.1476000000,71 58 1.6680000000,V,B,1.0,0,14-219(b),,False,N,False,False,I,,,,,False,1.0,CTCSP0000,133909227348260878,2025-03-07 08:42:43.910000,08:42:43.910000,2025,,,Speed Related,2025
2025-05-05 08:46:25.653000,7387760.0,CTCSP0500,CSP Troop D,Racial Profile,1000004777,2500085627,Incident ID,2025-03-07 00:00:00,March,B,H,F,27,True,False,CHAPLIN,"00000 HAMPTON RD (CHAPLIN, T024)",41 46 1.7652000000,72 6 28.1880000000,V,B,1.0,0,14-219(b),,False,N,False,False,I,,,,,False,1.0,CTCSP0000,133909227348260878,2025-03-07 10:18:54.457000,10:18:54.457000,2025,,,Speed Related,2025
2025-05-05 08:46:25.720000,7387778.0,CTCSP0500,CSP Troop D,Racial Profile,1000004799,2500086497,Incident ID,2025-03-07 00:00:00,March,W,N,M,31,True,False,KILLINGLY,"00000 RUTH ST (KILLINGLY, T069)",41 48 18.8712000000,71 53 36.6360000000,V,B,1.0,0,14-12(a),,False,N,False,False,I,,,,,False,1.0,CTCSP0000,133909227348260878,2025-03-07 22:28:29.440000,22:28:29.440000,2025,,,Registration,2025
2025-05-05 08:46:25.520000,7387700.0,CTCSP0500,CSP Troop D,Racial Profile,1000004671,2500086468,Incident ID,2025-03-07 00:00:00,March,W,N,F,42,False,False,KILLINGLY,"I395 S/B x 37, Killingly, CT",41 47 52.5480000000,71 52 29.3880000000,V,G,1.0,0,14-251,,False,N,False,False,V,,,,,False,1.0,CTCSP0000,133909227348260878,2025-03-07 21:48:23.130000,21:48:23.130000,2025,,,Other,2025
2025-05-05 08:46:25.653000,7387759.0,CTCSP0500,CSP Troop D,Racial Profile,1000004777,2500085606,Incident ID,2025-03-07 00:00:00,March,W,N,M,56,False,False,CHAPLIN,00000 HAMPTON RD,41 46 6.6504000000,72 7 11.8200000000,V,B,1.0,0,14-218a,,False,N,False,False,W,,,,,False,1.0,CTCSP0000,133909227348260878,2025-03-07 10:08:50.760000,10:08:50.760000,2025,,,Speed Related,2025
2025-05-05 08:46:25.657000,7387761.0,CTCSP0500,CSP Troop D,Racial Profile,1000004777,2500085648,Incident ID,2025-03-07 00:00:00,March,B,H,M,49,True,False,CHAPLIN,"00000 HAMPTON RD (CHAPLIN, T024)",41 46 1.7616000000,72 6 27.7200000000,V,B,1.0,0,14-219(b),,False,N,False,False,I,,,,,False,1.0,CTCSP0000,133909227348260878,2025-03-07 10:28:58.573000,10:28:58.573000,2025,,,Speed Related,2025
2025-05-05 08:46:25.660000,7387763.0,CTCSP0500,CSP Troop D,Racial Profile,1000004777,2500085708,Incident ID,2025-03-07 00:00:00,March,W,N,M,32,True,False,CHAPLIN,00000 HAMPTON RD,41 46 1.7652000000,72 6 28.1880000000,V,B,1.0,0,14-219(b),,False,N,False,False,W,,,,,False,1.0,CTCSP0000,133909227348260878,2025-03-07 11:11:52.213000,11:11:52.213000,2025,,,Speed Related,2025
2025-05-05 08:46:25.650000,7387758.0,CTCSP0500,CSP Troop D,Racial Profile,1000004777,2500085521,Incident ID,2025-03-07 00:00:00,March,W,N,M,78,True,False,CANTERBURY,"00000 WESTMINSTER RD (CANTERBURY, T022)",41 41 50.2332000000,71 58 50.1600000000,V,B,1.0,0,14-219(b),,False,N,False,False,I,,,,,False,1.0,CTCSP0000,133909227348260878,2025-03-07 09:27:32.430000,09:27:32.430000,2025,,,Speed Related,2025
2025-05-05 08:46:25.517000,7387699.0,CTCSP0500,CSP Troop D,Racial Profile,1000004671,2500086419,Incident ID,2025-03-07 00:00:00,March,W,N,M,68,False,False,BROOKLYN,"00000 Providence Rd, brooklyn, CT ",41 48 6.1560000000,71 53 22.3440000000,V,G,1.0,0,14-96a(a),,False,N,False,False,V,,,,,False,1.0,CTCSP0000,133909227348260878,2025-03-07 20:50:43.970000,20:50:43.970000,2025,,,Defective Lights,2025
2025-05-05 08:46:25.660000,7387762.0,CTCSP0500,CSP Troop D,Racial Profile,1000004777,2500085692,Incident ID,2025-03-07 00:00:00,March,A,N,M,51,True,False,CHAPLIN,"00000 HAMPTON RD (CHAPLIN, T024)",41 46 4.1052000000,72 6 2.5920000000,V,B,1.0,0,14-219(b),,False,N,False,False,I,,,,,False,1.0,CTCSP0000,133909227348260878,2025-03-07 11:00:32.887000,11:00:32.887000,2025,,,Speed Related,2025
2025-05-05 08:46:25.663000,7387764.0,CTCSP0500,CSP Troop D,Racial Profile,1000004777,2500085770,Incident ID,2025-03-07 00:00:00,March,W,N,M,40,False,False,CHAPLIN,"00000 PHOENIXVILLE RD (CHAPLIN, T024)",41 49 49.1592000000,72 5 51.7920000000,V,B,1.0,0,14-12(a)*,,False,N,False,False,I,,,,,False,1.0,CTCSP0000,133909227348260878,2025-03-07 11:50:16.910000,11:50:16.910000,2025,,,Registration,2025
2025-05-05 08:46:25.667000,7387765.0,CTCSP0500,CSP Troop D,Racial Profile,1000004777,2500085834,Incident ID,2025-03-07 00:00:00,March,W,N,M,54,True,False,POMFRET,"00000 HAMPTON RD (POMFRET, T112)",41 51 35.2944000000,72 0 26.6760000000,V,B,3.0,1,14-219(b),,False,N,False,False,I,,,,,False,1.0,CTCSP0000,133909227348260878,2025-03-07 12:33:44.640000,12:33:44.640000,2025,,,Speed Related,2025
2025-05-05 08:46:25.550000,7387715.0,CTCSP0500,CSP Troop D,Racial Profile,1000004675,2500087545,Incident ID,2025-03-08 00:00:00,March,W,N,F,59,True,False,KILLINGLY,"00000 MAPLE ST (KILLINGLY, T069)",41 48 40.9428000000,71 53 29.8320000000,V,G,1.0,0,14-12(a)*,,False,N,False,False,I,,,,,False,1.0,CTCSP0000,133909227348260878,2025-03-08 17:36:00.567000,17:36:00.567000,2025,,,Registration,2025
2025-05-05 08:46:25.777000,7387793.0,CTCSP0500,CSP Troop D,Racial Profile,1000004856,2500086679,Incident ID,2025-03-08 00:00:00,March,W,N,F,30,True,True,THOMPSON,"00000 I 395  (THOMPSON, T141)",41 56 32.9316000000,71 52 45.6240000000,V,G,1.0,0,14-219,,False,N,False,False,I,,,,,False,1.0,CTCSP0000,133909227348260878,2025-03-08 01:47:15.587000,01:47:15.587000,2025,,,Speed Related,2025
2025-05-05 08:46:25.550000,7387714.0,CTCSP0500,CSP Troop D,Racial Profile,1000004675,2500087498,Incident ID,2025-03-08 00:00:00,March,W,N,M,61,True,False,BROOKLYN,00000 PROVIDENCE RD,41 48 2.0448000000,71 53 47.4000000000,V,G,1.0,0,14-12(a)*,,False,N,False,False,W,,,,,False,1.0,CTCSP0000,133909227348260878,2025-03-08 16:49:43.607000,16:49:43.607000,2025,,,Registration,2025
2025-05-05 08:46:25.597000,7387735.0,CTCSP0500,CSP Troop D,Racial Profile,1000004678,2500086668,Incident ID,2025-03-08 00:00:00,March,W,N,M,46,True,False,KILLINGLY,I395 S/B Exit 37,41 47 42.3312000000,71 52 35.5080000000,I,G,1.0,0,14-96a(a),,False,N,False,False,V,,,,,False,1.0,CTCSP0000,133909227348260878,2025-03-08 01:25:22.503000,01:25:22.503000,2025,,,Defective Lights,2025
2025-05-05 08:46:25.597000,7387736.0,CTCSP0500,CSP Troop D,Racial Profile,1000004678,2500086725,Incident ID,2025-03-08 00:00:00,March,W,H,M,45,True,False,PUTNAM,00000 I 395 exit 43,41 52 52.0860000000,71 53 45.7440000000,I,G,1.0,0,14-236,,False,N,False,False,W,,,,,False,1.0,CTCSP0000,133909227348260878,2025-03-08 03:49:32.983000,03:49:32.983000,2025,,,Moving Violation,2025
2025-05-05 08:46:25.720000,7387779.0,CTCSP0500,CSP Troop D,Racial Profile,1000004799,2500087542,Incident ID,2025-03-08 00:00:00,March,W,N,M,46,False,False,BROOKLYN,00000 DAY ST,41 48 2.6640000000,71 53 57.5520000000,I,B,1.0,0,14-236,,False,N,False,False,W,,,,,False,1.0,CTCSP0000,133909227348260878,2025-03-08 17:33:58.480000,17:33:58.480000,2025,,,Moving Violation,2025
2025-05-05 08:46:25.723000,7387780.0,CTCSP0500,CSP Troop D,Racial Profile,1000004799,2500087597,Incident ID,2025-03-08 00:00:00,March,W,N,F,39,True,False,HAMPTON,00000 PUDDING HILL RD,41 44 0.2112000000,72 4 1.2720000000,V,B,1.0,0,14-12(a),,False,N,False,False,W,,,,,False,1.0,CTCSP0000,133909227348260878,2025-03-08 18:40:31.583000,18:40:31.583000,2025,,,Registration,2025
2025-05-05 08:46:25.300000,7387609.0,CTCSP0500,CSP Troop D,Racial Profile,1000002565,2500088018,Incident ID,2025-03-09 00:00:00,March,W,H,F,33,False,False,PUTNAM,i395 nb x45,41 53 8.5740000000,71 53 46.0320000000,V,B,1.0,0,14-219C84,,False,N,False,False,V,,,,,False,1.0,CTCSP0000,133909227348260878,2025-03-09 06:41:08.250000,06:41:08.250000,2025,14-219C84,,Speed Related,2025
2025-05-05 08:46:25.600000,7387737.0,CTCSP0500,CSP Troop D,Racial Profile,1000004678,2500088749,Incident ID,2025-03-09 00:00:00,March,W,N,F,59,True,False,CANTERBURY,rt 169,41 41 6.1476000000,71 58 1.6680000000,I,G,1.0,0,14-219,,False,N,False,False,V,,,,,False,1.0,CTCSP0000,133909227348260878,2025-03-09 22:38:11.730000,22:38:11.730000,2025,,,Speed Related,2025
2025-05-05 08:46:25.780000,7387794.0,CTCSP0500,CSP Troop D,Racial Profile,1000004856,2500087957,Incident ID,2025-03-09 00:00:00,March,W,H,M,18,True,True,THOMPSON,"00000 I 395  (THOMPSON, T141)",41 55 55.5096000000,71 52 50.0160000000,V,G,1.0,0,14-219,,False,N,False,False,W,,,,,False,1.0,CTCSP0000,133909227348260878,2025-03-09 03:49:23.920000,03:49:23.920000,2025,,,Speed Related,2025
2025-05-05 08:46:25.553000,7387716.0,CTCSP0500,CSP Troop D,Racial Profile,1000004675,2500090060,Incident ID,2025-03-10 00:00:00,March,W,N,M,21,False,False,CHAPLIN,"00000 LYNCH RD (CHAPLIN, T024)",41 45 6.6276000000,72 7 15.2400000000,V,G,1.0,0,14-298,,False,N,False,False,I,,,,,False,1.0,CTCSP0000,133909227348260878,2025-03-10 18:56:22.590000,18:56:22.590000,2025,,,STC Violation,2025
2025-05-05 08:46:25.780000,7387795.0,CTCSP0500,CSP Troop D,Racial Profile,1000004856,2500088948,Incident ID,2025-03-10 00:00:00,March,W,H,M,44,False,False,PUTNAM,"00000 I 395  (PUTNAM, T116)",41 55 18.3576000000,71 53 11.0040000000,V,G,1.0,0,14-219,,False,N,False,False,V,,,,,False,1.0,CTCSP0000,133909227348260878,2025-03-10 04:19:46.700000,04:19:46.700000,2025,,,Speed Related,2025
2025-05-05 08:46:25.557000,7387717.0,CTCSP0500,CSP Troop D,Racial Profile,1000004675,2500090086,Incident ID,2025-03-10 00:00:00,March,W,N,F,25,True,False,CHAPLIN,"00000 HAMPTON RD (CHAPLIN, T024)",41 46 9.2604000000,72 7 20.1360000000,V,G,1.0,0,14-298,,False,N,False,False,I,,,,,False,1.0,CTCSP0000,133909227348260878,2025-03-10 19:14:21.057000,19:14:21.057000,2025,,,STC Violation,2025
2025-05-05 08:46:25.563000,7387721.0,CTCSP0500,CSP Troop D,Racial Profile,1000004675,2500090194,Incident ID,2025-03-10 00:00:00,March,W,N,M,25,True,False,KILLINGLY,"00000 I 395  (KILLINGLY, T069)",41 49 58.7712000000,71 52 30.4680000000,V,G,1.0,0,14-18(a),,False,N,False,False,I,,,,,False,1.0,CTCSP0000,133909227348260878,2025-03-10 21:32:01.933000,21:32:01.933000,2025,,,Display of Plates,2025
2025-05-05 08:46:25.560000,7387719.0,CTCSP0500,CSP Troop D,Racial Profile,1000004675,2500090117,Incident ID,2025-03-10 00:00:00,March,W,N,F,45,False,False,HAMPTON,"00000 PROVIDENCE TPKE (HAMPTON, T063)",41 46 52.1436000000,72 1 23.4840000000,V,G,1.0,0,14-298,,False,N,False,False,I,,,,,False,1.0,CTCSP0000,133909227348260878,2025-03-10 19:44:52.690000,19:44:52.690000,2025,,,STC Violation,2025
2025-05-05 08:46:25.560000,7387720.0,CTCSP0500,CSP Troop D,Racial Profile,1000004675,2500090185,Incident ID,2025-03-10 00:00:00,March,W,N,F,32,True,False,KILLINGLY,00000 I 395 ,41 47 44.6856000000,71 52 33.3480000000,V,G,1.0,0,14-219(c)(1),,False,N,False,False,W,,,,,False,1.0,CTCSP0000,133909227348260878,2025-03-10 21:18:24.287000,21:18:24.287000,2025,,,Speed Related,2025
2025-05-05 08:46:25.783000,7387796.0,CTCSP0500,CSP Troop D,Racial Profile,1000004856,2500088984,Incident ID,2025-03-10 00:00:00,March,W,N,M,37,False,False,THOMPSON,i-395 Thompson CT,41 56 49.7544000000,71 52 52.8240000000,V,G,1.0,0,14-219,,False,N,False,False,V,,,,,False,1.0,CTCSP0000,133909227348260878,2025-03-10 06:13:24.127000,06:13:24.127000,2025,,,Speed Related,2025
2025-05-05 08:46:25.467000,7387677.0,CTCSP0500,CSP Troop D,Racial Profile,1000004409,2500089506,Incident ID,2025-03-10 00:00:00,March,W,N,M,61,True,True,PUTNAM,00000 PROVIDENCE PIKE,41 55 34.8528000000,71 52 14.8440000000,V,B,1.0,0,14-234,,False,N,False,False,W,,,,,False,1.0,CTCSP0000,133909227348260878,2025-03-10 12:41:42.933000,12:41:42.933000,2025,,,Moving Violation,2025
2025-05-05 08:46:25.557000,7387718.0,CTCSP0500,CSP Troop D,Racial Profile,1000004675,2500090098,Incident ID,2025-03-10 00:00:00,March,W,N,M,54,False,False,CHAPLIN,"00298 HAMPTON RD (CHAPLIN, T024)",41 46 2.1108000000,72 6 36.0360000000,V,G,1.0,0,14-298,,False,N,False,False,I,,,,,False,1.0,CTCSP0000,133909227348260878,2025-03-10 19:29:10.033000,19:29:10.033000,2025,,,STC Violation,2025
2025-05-05 08:46:25.470000,7387678.0,CTCSP0500,CSP Troop D,Racial Profile,1000004409,2500090940,Incident ID,2025-03-11 00:00:00,March,W,H,F,47,True,False,KILLINGLY,00000 HARTFORD PIKE,41 50 18.4092000000,71 52 12.5040000000,V,B,1.0,0,14-18(c),,False,N,False,False,W,,,,,False,1.0,CTCSP0000,133909227348260878,2025-03-11 10:35:01.793000,10:35:01.793000,2025,,,Display of Plates,2025
2025-05-05 08:46:25.470000,7387679.0,CTCSP0500,CSP Troop D,Racial Profile,1000004409,2500091065,Incident ID,2025-03-11 00:00:00,March,B,N,M,19,True,False,GRISWOLD,"00000 I 395  (GRISWOLD, T058)",41 38 3.1308000000,71 56 13.2360000000,V,B,1.0,0,14-232(a)(1),,False,N,False,False,I,,,,,False,1.0,CTCSP0000,133909227348260878,2025-03-11 11:50:45.080000,11:50:45.080000,2025,,,Moving Violation,2025
2025-05-05 08:46:25.680000,7387767.0,CTCSP0500,CSP Troop D,Racial Profile,1000004777,2500091820,Incident ID,2025-03-11 00:00:00,March,W,H,M,45,True,False,CHAPLIN,"00000 HAMPTON RD (CHAPLIN, T024)",41 46 14.9232000000,72 7 43.0320000000,V,B,1.0,0,14-219(b),,False,N,False,False,I,,,,,False,1.0,CTCSP0000,133909227348260878,2025-03-11 21:40:18.993000,21:40:18.993000,2025,,,Speed Related,2025
2025-05-05 08:46:25.473000,7387680.0,CTCSP0500,CSP Troop D,Racial Profile,1000004409,2500091371,Incident ID,2025-03-11 00:00:00,March,W,N,M,65,True,False,HAMPTON,rt 6,41 46 52.1436000000,72 1 23.4840000000,V,B,1.0,0,14-233,,False,N,False,False,V,,,,,False,1.0,CTCSP0000,133909227348260878,2025-03-11 15:06:26.067000,15:06:26.067000,2025,,,Moving Violation,2025
2025-05-05 08:46:25.670000,7387766.0,CTCSP0500,CSP Troop D,Racial Profile,1000004777,2500091810,Incident ID,2025-03-11 00:00:00,March,B,N,F,34,True,False,CHAPLIN,"00000 HAMPTON RD (CHAPLIN, T024)",41 46 2.1108000000,72 6 36.0360000000,V,B,1.0,0,14-219(b),,False,N,False,False,I,,,,,False,1.0,CTCSP0000,133909227348260878,2025-03-11 21:29:46.800000,21:29:46.800000,2025,,,Speed Related,2025
2025-05-05 08:46:25.680000,7387768.0,CTCSP0500,CSP Troop D,Racial Profile,1000004777,2500091831,Incident ID,2025-03-11 00:00:00,March,W,H,M,36,True,False,CHAPLIN,"00000 HAMPTON RD (CHAPLIN, T024)",41 46 4.1052000000,72 6 2.5920000000,V,B,1.0,0,14-219(b),,False,N,False,False,I,,,,,False,1.0,CTCSP0000,133909227348260878,2025-03-11 22:03:12.570000,22:03:12.570000,2025,,,Speed Related,2025
2025-05-05 08:46:25.697000,7387770.0,CTCSP0500,CSP Troop D,Racial Profile,1000004777,2500091864,Incident ID,2025-03-11 00:00:00,March,B,N,F,51,True,False,CHAPLIN,"00000 PHOENIXVILLE RD (CHAPLIN, T024)",41 49 49.1592000000,72 5 51.7920000000,V,B,1.0,0,14-219(b),,False,N,False,False,I,,,,,False,1.0,CTCSP0000,133909227348260878,2025-03-11 22:45:06.227000,22:45:06.227000,2025,,,Speed Related,2025
2025-05-05 08:46:25.703000,7387771.0,CTCSP0500,CSP Troop D,Racial Profile,1000004777,2500091926,Incident ID,2025-03-11 00:00:00,March,W,N,M,26,True,False,WOODSTOCK,"00000 SPRUCEDALE RD (WOODSTOCK, T169)",41 56 5.7084000000,71 58 53.5440000000,V,B,1.0,0,14-219(b),,False,N,False,False,I,,,,,False,1.0,CTCSP0000,133909227348260878,2025-03-11 23:28:33.250000,23:28:33.250000,2025,,,Speed Related,2025
2025-05-05 08:46:25.683000,7387769.0,CTCSP0500,CSP Troop D,Racial Profile,1000004777,2500091846,Incident ID,2025-03-11 00:00:00,March,W,N,M,59,True,False,CHAPLIN,"00000 PHOENIXVILLE RD (CHAPLIN, T024)",41 48 18.6696000000,72 7 21.6480000000,V,B,1.0,0,14-219(b),,False,N,False,False,I,,,,,False,1.0,CTCSP0000,133909227348260878,2025-03-11 22:22:01.917000,22:22:01.917000,2025,,,Speed Related,2025
2025-05-05 08:46:25.477000,7387681.0,CTCSP0500,CSP Troop D,Racial Profile,1000004409,2500093206,Incident ID,2025-03-12 00:00:00,March,W,N,M,73,True,True,BROOKLYN,00000 HARTFORD RD,41 46 57.8388000000,72 1 5.0880000000,V,B,1.0,0,14-233,,False,N,False,False,W,,,,,False,1.0,CTCSP0000,133909227348260878,2025-03-12 17:47:43.283000,17:47:43.283000,2025,,,Moving Violation,2025
2025-05-05 08:46:25.790000,7387799.0,CTCSP0500,CSP Troop D,Racial Profile,1000004922,2500093034,Incident ID,2025-03-12 00:00:00,March,W,N,F,72,True,True,KILLINGLY,00000 HUTCHINS ST,41 48 33.9588000000,71 52 44.1120000000,V,G,1.0,0,14-301,,False,N,False,False,W,,,,,False,1.0,CTCSP0000,133909227348260878,2025-03-12 15:31:44.537000,15:31:44.537000,2025,14-301,,Stop Sign,2025
2025-05-05 08:46:25.520000,7387701.0,CTCSP0500,CSP Troop D,Racial Profile,1000004671,2500094351,Incident ID,2025-03-13 00:00:00,March,B,N,M,38,False,False,PUTNAM,"00000 I 395  (PUTNAM, T116)",41 55 18.3576000000,71 53 11.0040000000,V,G,1.0,0,14-219(c)(1),,False,N,False,False,I,,,,,False,1.0,CTCSP0000,133909227348260878,2025-03-13 13:49:04.480000,13:49:04.480000,2025,,,Speed Related,2025
2025-05-05 08:46:25.457000,7387673.0,CTCSP0500,CSP Troop D,Racial Profile,1000004405,2500095995,Incident ID,2025-03-14 00:00:00,March,W,N,M,46,True,True,KILLINGLY,00000 HARTFORD PIKE,41 50 35.7288000000,71 52 49.0440000000,V,B,1.0,0,14-12(a)*,,False,N,False,False,W,,,,,False,1.0,CTCSP0000,133909227348260878,2025-03-14 14:46:25.450000,14:46:25.450000,2025,14-147,,Registration,2025
2025-05-05 08:46:25.450000,7387670.0,CTCSP0500,CSP Troop D,Racial Profile,1000004402,2500095143,Incident ID,2025-03-14 00:00:00,March,W,N,M,33,True,False,KILLINGLY,"00000 I 395  (KILLINGLY, T069)",41 48 32.3496000000,71 52 19.8480000000,V,B,1.0,0,14-219(c)(1),,False,N,False,False,I,,,,,False,1.0,CTCSP0000,133909227348260878,2025-03-14 00:55:35.490000,00:55:35.490000,2025,,,Speed Related,2025
2025-05-05 08:46:25.740000,7387782.0,CTCSP0500,CSP Troop D,Racial Profile,1000004799,2500096073,Incident ID,2025-03-14 00:00:00,March,W,N,M,22,False,False,HAMPTON,00000 HARTFORD TPKE,41 46 32.6172000000,72 4 30.1440000000,V,B,1.0,0,14-218a,,False,N,False,False,W,,,,,False,1.0,CTCSP0000,133909227348260878,2025-03-14 15:24:33.090000,15:24:33.090000,2025,,,Speed Related,2025
2025-05-05 08:46:25.727000,7387781.0,CTCSP0500,CSP Troop D,Racial Profile,1000004799,2500096022,Incident ID,2025-03-14 00:00:00,March,W,N,M,37,True,True,HAMPTON,Rt06,41 46 20.2224000000,72 2 35.0520000000,V,B,1.0,0,14-219,,False,N,False,False,V,,,,,False,1.0,CTCSP0000,133909227348260878,2025-03-14 14:55:37.353000,14:55:37.353000,2025,,,Speed Related,2025
2025-05-05 08:46:25.460000,7387674.0,CTCSP0500,CSP Troop D,Racial Profile,1000004405,2500096225,Incident ID,2025-03-14 00:00:00,March,W,N,F,57,True,True,KILLINGLY,00000 WESTCOTT RD,41 48 33.6168000000,71 52 34.1760000000,V,B,1.0,0,14-12(a)*,,False,N,False,False,W,,,,,False,1.0,CTCSP0000,133909227348260878,2025-03-14 17:01:09.240000,17:01:09.240000,2025,,,Registration,2025
2025-05-05 08:46:25.567000,7387722.0,CTCSP0500,CSP Troop D,Racial Profile,1000004675,2500097735,Incident ID,2025-03-15 00:00:00,March,W,N,M,18,True,False,POMFRET,00000 POMFRET ST,41 51 39.4848000000,71 57 33.1920000000,V,G,1.0,0,14-12(a)*,,False,N,False,False,W,,,,,False,1.0,CTCSP0000,133909227348260878,2025-03-15 16:59:16.877000,16:59:16.877000,2025,,,Registration,2025
2025-05-05 08:46:25.743000,7387783.0,CTCSP0500,CSP Troop D,Racial Profile,1000004799,2500097443,Incident ID,2025-03-15 00:00:00,March,W,N,M,48,True,False,PLAINFIELD,00000 I 395 ,41 38 54.1284000000,71 55 56.9640000000,V,B,1.0,0,14-219(c)(1),,False,N,False,False,W,,,,,False,1.0,CTCSP0000,133909227348260878,2025-03-15 13:42:46.810000,13:42:46.810000,2025,,,Speed Related,2025
2025-05-05 08:46:25.570000,7387724.0,CTCSP0500,CSP Troop D,Racial Profile,1000004675,2500098860,Incident ID,2025-03-16 00:00:00,March,W,N,M,35,True,False,BROOKLYN,"00000 PROVIDENCE RD (BROOKLYN, T019)",41 47 52.8612000000,71 54 22.0320000000,V,G,1.0,0,14-12(a)*,,False,N,False,False,I,,,,,False,1.0,CTCSP0000,133909227348260878,2025-03-16 17:27:08.243000,17:27:08.243000,2025,,,Registration,2025
2025-05-05 08:46:25.567000,7387723.0,CTCSP0500,CSP Troop D,Racial Profile,1000004675,2500098697,Incident ID,2025-03-16 00:00:00,March,W,N,M,22,True,False,HAMPTON,00000 PROVIDENCE TPKE,41 46 20.2224000000,72 2 35.0520000000,V,G,1.0,0,14-12(a)*,,False,N,False,False,W,,,,,False,1.0,CTCSP0000,133909227348260878,2025-03-16 15:09:39.367000,15:09:39.367000,2025,,,Registration,2025
2025-05-05 08:46:25.503000,7387694.0,CTCSP0500,CSP Troop D,Racial Profile,1000004532,2500099727,Incident ID,2025-03-17 00:00:00,March,W,N,F,27,True,True,KILLINGLY,"00000 I 395  (KILLINGLY, T069)",41 46 15.3120000000,71 52 20.6760000000,V,B,1.0,0,14-219(c)(1),,False,N,False,False,W,,,,,False,1.0,CTCSP0000,133909227348260878,2025-03-17 11:27:06.143000,11:27:06.143000,2025,14-219(c)(1),,Speed Related,2025
2025-05-05 08:46:25.480000,7387682.0,CTCSP0500,CSP Troop D,Racial Profile,1000004409,2500100150,Incident ID,2025-03-17 00:00:00,March,W,H,F,22,False,False,KILLINGLY,00000 HARTFORD PIKE,41 50 53.0340000000,71 54 11.1960000000,V,B,1.0,0,14-236,,False,N,False,False,W,,,,,False,1.0,CTCSP0000,133909227348260878,2025-03-17 18:38:04.367000,18:38:04.367000,2025,,,Moving Violation,2025
2025-05-05 08:46:25.440000,7387666.0,CTCSP0500,CSP Troop D,Racial Profile,1000004177,2500099485,Incident ID,2025-03-17 00:00:00,March,W,N,M,81,True,True,KILLINGLY,Rte 101 Valley RD,41 50 18.4092000000,71 52 12.5040000000,V,G,1.0,0,14-299,,False,N,False,False,V,,,,,False,1.0,CTCSP0000,133909227348260878,2025-03-17 08:01:21.443000,08:01:21.443000,2025,14-299,,Traffic Control Signal,2025
2025-05-05 08:46:25.310000,7387613.0,CTCSP0500,CSP Troop D,Racial Profile,1000002753,2500101538,Incident ID,2025-03-18 00:00:00,March,W,N,M,46,False,False,KILLINGLY,"00000 PROVIDENCE PIKE (KILLINGLY, T069)",41 47 26.8224000000,71 48 43.5600000000,V,B,1.0,0,14-218a,,False,N,False,False,V,,,,,False,1.0,CTCSP0000,133909227348260878,2025-03-18 16:54:50.880000,16:54:50.880000,2025,,,Speed Related,2025
2025-05-05 08:46:25.523000,7387702.0,CTCSP0500,CSP Troop D,Racial Profile,1000004671,2500103157,Incident ID,2025-03-19 00:00:00,March,W,N,M,49,True,False,BROOKLYN,"00000 Hartford Rd, Brooklyn, CT",41 46 59.8116000000,72 0 58.3560000000,V,G,1.0,0,14-218a,,False,N,False,False,V,,,,,False,1.0,CTCSP0000,133909227348260878,2025-03-19 17:48:23.013000,17:48:23.013000,2025,,,Speed Related,2025
2025-05-05 08:46:25.453000,7387672.0,CTCSP0500,CSP Troop D,Racial Profile,1000004403,2500103233,Incident ID,2025-03-19 00:00:00,March,W,N,M,34,True,False,KILLINGLY,"00000 PLEASANT ST (KILLINGLY, T069)",41 50 43.9800000000,71 53 11.0400000000,V,B,1.0,0,14-298,,False,N,False,False,I,,,,,False,1.0,CTCSP0000,133909227348260878,2025-03-19 18:51:58.810000,18:51:58.810000,2025,,,STC Violation,2025
2025-05-05 08:46:25.510000,7387697.0,CTCSP0500,CSP Troop D,Racial Profile,1000004534,2500104867,Incident ID,2025-03-20 00:00:00,March,B,N,M,22,False,False,KILLINGLY,"00000 I 395  (KILLINGLY, T069)",41 50 15.5148000000,71 52 34.6800000000,V,G,1.0,0,14-219(c)(1),,False,N,False,False,I,,,,,False,1.0,CTCSP0000,133909227348260878,2025-03-20 23:38:00.197000,23:38:00.197000,2025,,,Speed Related,2025
2025-05-05 08:46:25.480000,7387683.0,CTCSP0500,CSP Troop D,Racial Profile,1000004409,2500104742,Incident ID,2025-03-20 00:00:00,March,W,N,M,17,True,False,BROOKLYN,00000 HARTFORD RD,41 46 57.8388000000,72 1 5.0880000000,V,B,1.0,0,14-218a,,False,N,False,False,W,,,,,False,1.0,CTCSP0000,133909227348260878,2025-03-20 21:08:34.010000,21:08:34.010000,2025,,,Speed Related,2025
2025-05-05 08:46:25.523000,7387703.0,CTCSP0500,CSP Troop D,Racial Profile,1000004671,2500104410,Incident ID,2025-03-20 00:00:00,March,W,N,M,79,True,True,BROOKLYN,"00000 Allen Hill Rd, Brooklyn, CT",41 47 26.8728000000,71 54 59.3280000000,V,G,1.0,0,14-299,,False,N,False,False,V,,,,,False,1.0,CTCSP0000,133909227348260878,2025-03-20 15:53:41.710000,15:53:41.710000,2025,,,Traffic Control Signal,2025
2025-05-05 08:46:25.440000,7387667.0,CTCSP0500,CSP Troop D,Racial Profile,1000004335,2500105523,Incident ID,2025-03-21 00:00:00,March,W,N,M,65,True,False,KILLINGLY,"02135 KILLINGLY COMMONS DR (KILLINGLY, T069)",41 50 26.7864000000,71 52 56.6400000000,V,B,1.0,0,14-305,,False,N,False,False,V,,,,,False,1.0,CTCSP0000,133909227348260878,2025-03-21 11:25:16.193000,11:25:16.193000,2025,,,Other,2025
2025-05-05 08:46:25.527000,7387704.0,CTCSP0500,CSP Troop D,Racial Profile,1000004671,2500106195,Incident ID,2025-03-21 00:00:00,March,W,N,M,31,True,False,CANTERBURY,"00000 Elmdale rd, Canterbury, CT",41 40 50.2536000000,71 58 39.1080000000,V,G,1.0,0,14-218a,,False,N,False,False,V,,,,,False,1.0,CTCSP0000,133909227348260878,2025-03-21 20:15:29.890000,20:15:29.890000,2025,,,Speed Related,2025
2025-05-05 08:46:25.573000,7387725.0,CTCSP0500,CSP Troop D,Racial Profile,1000004675,2500106265,Incident ID,2025-03-21 00:00:00,March,W,N,M,45,True,False,KILLINGLY,"00000 REYNOLDS ST (KILLINGLY, T069)",41 48 26.0964000000,71 52 42.9600000000,V,G,1.0,0,14-36(a),,False,N,False,False,I,,,,,False,1.0,CTCSP0000,133909227348260878,2025-03-21 21:38:07.763000,21:38:07.763000,2025,,,Unlicensed Operation,2025
2025-05-05 08:46:25.507000,7387695.0,CTCSP0500,CSP Troop D,Racial Profile,1000004532,2500106772,Incident ID,2025-03-22 00:00:00,March,W,N,M,43,True,True,BROOKLYN,"00000 PROVIDENCE RD (BROOKLYN, T019)",41 47 59.7444000000,71 53 54.8880000000,V,B,1.0,0,14-299,,False,N,False,False,W,,,,,False,1.0,CTCSP0000,133909227348260878,2025-03-22 09:29:50.260000,09:29:50.260000,2025,14-299,,Traffic Control Signal,2025
2025-05-05 08:46:25.713000,7387775.0,CTCSP0500,CSP Troop D,Racial Profile,1000004779,2500107068,Incident ID,2025-03-22 00:00:00,March,W,N,M,68,False,False,KILLINGLY,00000 I 395 ,41 48 16.5744000000,71 52 21.1800000000,V,G,1.0,0,14-236,,False,N,False,False,W,,,,,False,1.0,CTCSP0000,133909227348260878,2025-03-22 14:46:11.537000,14:46:11.537000,2025,,,Moving Violation,2025
2025-05-05 08:46:25.510000,7387696.0,CTCSP0500,CSP Troop D,Racial Profile,1000004532,2500106838,Incident ID,2025-03-22 00:00:00,March,W,N,M,42,False,False,KILLINGLY,"00000 WESTCOTT RD (KILLINGLY, T069)",41 48 33.6744000000,71 52 25.6080000000,V,B,1.0,0,14-296aa(b),,False,N,False,False,I,,,,,False,1.0,CTCSP0000,133909227348260878,2025-03-22 10:22:27.937000,10:22:27.937000,2025,14-147,,Cell Phone,2025
2025-05-05 08:46:25.703000,7387772.0,CTCSP0500,CSP Troop D,Racial Profile,1000004777,2500106539,Incident ID,2025-03-22 00:00:00,March,W,N,M,28,False,False,PLAINFIELD,"00000 I 395  (PLAINFIELD, T109)",41 40 34.9104000000,71 54 31.8240000000,V,B,1.0,0,14-283b(b(1,,False,N,False,False,I,,,,,False,1.0,CTCSP0000,133909227348260878,2025-03-22 02:45:01.660000,02:45:01.660000,2025,,,Other,2025
2025-05-05 08:46:25.333000,7387624.0,CTCSP0500,CSP Troop D,Racial Profile,1000003919,2500108690,Incident ID,2025-03-23 00:00:00,March,W,N,M,23,False,False,KILLINGLY,dyer stret,41 47 50.3628000000,71 53 3.7680000000,E,B,1.0,0,14-12,,False,N,False,False,V,,,,,False,1.0,CTCSP0000,133909227348260878,2025-03-23 21:54:29.997000,21:54:29.997000,2025,,,Registration,2025
2025-05-05 08:46:25.573000,7387726.0,CTCSP0500,CSP Troop D,Racial Profile,1000004675,2500108348,Incident ID,2025-03-23 00:00:00,March,W,N,F,39,True,False,PLAINFIELD,00000 I 395 ,41 40 15.3984000000,71 54 35.2800000000,V,G,1.0,0,14-12(a)*,,False,N,False,False,W,,,,,False,1.0,CTCSP0000,133909227348260878,2025-03-23 15:37:09.767000,15:37:09.767000,2025,,,Registration,2025
2025-05-05 08:46:25.577000,7387727.0,CTCSP0500,CSP Troop D,Racial Profile,1000004675,2500108692,Incident ID,2025-03-23 00:00:00,March,W,N,F,33,True,False,KILLINGLY,"00000 I 395  (KILLINGLY, T069)",41 49 58.7712000000,71 52 30.4680000000,V,G,1.0,0,14-12(a)*,,False,N,False,False,I,,,,,False,1.0,CTCSP0000,133909227348260878,2025-03-23 22:04:52.137000,22:04:52.137000,2025,,,Registration,2025
2025-05-05 08:46:25.330000,7387623.0,CTCSP0500,CSP Troop D,Racial Profile,1000003919,2500108598,Incident ID,2025-03-23 00:00:00,March,W,N,M,43,True,True,KILLINGLY,winter st,41 48 32.2020000000,71 52 45.6960000000,V,B,1.0,0,14-301,,False,N,False,False,V,,,,,False,1.0,CTCSP0000,133909227348260878,2025-03-23 19:44:32.533000,19:44:32.533000,2025,,,Stop Sign,2025
2025-05-05 08:46:25.787000,7387797.0,CTCSP0500,CSP Troop D,Racial Profile,1000004856,2500108518,Incident ID,2025-03-23 00:00:00,March,W,N,F,58,True,True,PUTNAM,00000 PROVIDENCE PIKE,41 55 28.7796000000,71 52 49.9800000000,V,G,1.0,0,14-303,,False,N,False,False,W,,,,,False,1.0,CTCSP0000,133909227348260878,2025-03-23 18:04:59.033000,18:04:59.033000,2025,,,Other,2025
2025-05-05 08:46:25.707000,7387773.0,CTCSP0500,CSP Troop D,Racial Profile,1000004777,2500107770,Incident ID,2025-03-23 00:00:00,March,W,N,F,69,False,False,GRISWOLD,"00000 I 395  (GRISWOLD, T058)",41 36 38.9952000000,71 56 47.6160000000,V,B,1.0,0,14-283b(b(1,,False,N,False,False,I,,,,,False,1.0,CTCSP0000,133909227348260878,2025-03-23 01:44:05.743000,01:44:05.743000,2025,,,Other,2025
2025-05-05 08:46:25.460000,7387675.0,CTCSP0500,CSP Troop D,Racial Profile,1000004405,2500109894,Incident ID,2025-03-24 00:00:00,March,W,N,M,71,False,False,KILLINGLY,00000 WATER ST,41 48 11.1060000000,71 53 8.3400000000,V,B,1.0,0,14-236,,False,N,False,False,W,,,,,False,1.0,CTCSP0000,133909227348260878,2025-03-24 19:28:37.267000,19:28:37.267000,2025,,,Moving Violation,2025
2025-05-05 08:46:25.580000,7387728.0,CTCSP0500,CSP Troop D,Racial Profile,1000004675,2500109979,Incident ID,2025-03-24 00:00:00,March,W,N,F,29,True,False,KILLINGLY,00000 GAUTHIER AVE,41 48 20.4408000000,71 52 24.2040000000,V,G,1.0,0,14-12(a)*,,False,N,False,False,W,,,,,False,1.0,CTCSP0000,133909227348260878,2025-03-24 21:57:09.840000,21:57:09.840000,2025,,,Registration,2025
2025-05-05 08:46:25.337000,7387625.0,CTCSP0500,CSP Troop D,Racial Profile,1000003919,2500111089,Incident ID,2025-03-25 00:00:00,March,W,N,M,38,True,True,KILLINGLY,otis,41 50 45.2240160000,71 53 20.0193360000,E,B,2.0,1,14-12,,False,N,False,False,I,,,,,False,1.0,CTCSP0000,133909227348260878,2025-03-25 16:00:50.607000,16:00:50.607000,2025,,,Registration,2025
2025-05-05 08:46:25.380000,7387643.0,CTCSP0500,CSP Troop D,Racial Profile,1000004012,2500111099,Incident ID,2025-03-25 00:00:00,March,W,N,M,37,True,True,CHAPLIN,"00000 HAMPTON RD (CHAPLIN, T024)",41 46 14.9232000000,72 7 43.0320000000,V,B,1.0,0,14-218a,,False,N,False,False,I,,,,,False,1.0,CTCSP0000,133909227348260878,2025-03-25 16:09:49.567000,16:09:49.567000,2025,,,Speed Related,2025
2025-05-05 08:46:25.390000,7387646.0,CTCSP0500,CSP Troop D,Racial Profile,1000004012,2500111243,Incident ID,2025-03-25 00:00:00,March,A,N,M,42,True,True,CHAPLIN,"00000 PHOENIXVILLE RD (CHAPLIN, T024)",41 48 2.7324000000,72 7 29.7120000000,V,B,1.0,0,14-218a,,False,N,False,False,I,,,,,False,1.0,CTCSP0000,133909227348260878,2025-03-25 18:04:25.637000,18:04:25.637000,2025,,,Speed Related,2025
2025-05-05 08:46:25.317000,7387616.0,CTCSP0500,CSP Troop D,Racial Profile,1000003342,2500111052,Incident ID,2025-03-25 00:00:00,March,W,N,F,40,True,False,BROOKLYN,"00000 HARTFORD RD (BROOKLYN, T019)",41 47 12.6888000000,72 0 23.1480000000,V,B,1.0,0,14-218a,,False,N,False,False,I,,,,,False,1.0,CTCSP0000,133909227348260878,2025-03-25 15:30:04.873000,15:30:04.873000,2025,,,Speed Related,2025
2025-05-05 08:46:25.320000,7387618.0,CTCSP0500,CSP Troop D,Racial Profile,1000003342,2500111132,Incident ID,2025-03-25 00:00:00,March,W,N,M,20,True,True,BROOKLYN,"00000 HARTFORD RD (BROOKLYN, T019)",41 47 5.6760000000,72 0 42.7320000000,V,B,1.0,0,14-218a,,False,N,False,False,I,,,,,False,1.0,CTCSP0000,133909227348260878,2025-03-25 16:38:31.417000,16:38:31.417000,2025,,,Speed Related,2025
2025-05-05 08:46:25.327000,7387620.0,CTCSP0500,CSP Troop D,Racial Profile,1000003342,2500111296,Incident ID,2025-03-25 00:00:00,March,W,N,F,55,True,False,BROOKLYN,"00000 ALLEN HILL RD (BROOKLYN, T019)",41 46 31.9008000000,71 55 18.6240000000,V,B,1.0,0,14-218a,,False,N,False,False,I,,,,,False,1.0,CTCSP0000,133909227348260878,2025-03-25 19:01:03.587000,19:01:03.587000,2025,,,Speed Related,2025
2025-05-05 08:46:25.377000,7387641.0,CTCSP0500,CSP Troop D,Racial Profile,1000004012,2500111004,Incident ID,2025-03-25 00:00:00,March,B,N,M,40,True,True,CHAPLIN,"00000 HAMPTON RD (CHAPLIN, T024)",41 46 14.7144000000,72 7 40.7280000000,V,B,1.0,0,14-218a,,False,N,False,False,I,,,,,False,1.0,CTCSP0000,133909227348260878,2025-03-25 15:00:28.183000,15:00:28.183000,2025,,,Speed Related,2025
2025-05-05 08:46:25.390000,7387647.0,CTCSP0500,CSP Troop D,Racial Profile,1000004012,2500111298,Incident ID,2025-03-25 00:00:00,March,W,N,M,66,False,False,CHAPLIN,"00000 CROSS RD (CHAPLIN, T024)",41 46 12.8028000000,72 7 31.2600000000,V,B,1.0,0,14-218a,,False,N,False,False,I,,,,,False,1.0,CTCSP0000,133909227348260878,2025-03-25 19:02:36.367000,19:02:36.367000,2025,,,Speed Related,2025
2025-05-05 08:46:25.397000,7387649.0,CTCSP0500,CSP Troop D,Racial Profile,1000004012,2500111359,Incident ID,2025-03-25 00:00:00,March,W,N,M,35,True,True,CHAPLIN,"00000 PHOENIXVILLE RD (CHAPLIN, T024)",41 48 18.6696000000,72 7 21.6480000000,V,B,1.0,0,14-218a,,False,N,False,False,I,,,,,False,1.0,CTCSP0000,133909227348260878,2025-03-25 20:11:05.483000,20:11:05.483000,2025,,,Speed Related,2025
2025-05-05 08:46:25.400000,7387651.0,CTCSP0500,CSP Troop D,Racial Profile,1000004012,2500111470,Incident ID,2025-03-25 00:00:00,March,W,N,M,55,True,True,CHAPLIN,"00000 HAMPTON RD (CHAPLIN, T024)",41 46 15.8268000000,72 7 52.7880000000,V,B,1.0,0,14-218a,,False,N,False,False,I,,,,,False,1.0,CTCSP0000,133909227348260878,2025-03-25 22:24:48.820000,22:24:48.820000,2025,,,Speed Related,2025
2025-05-05 08:46:25.377000,7387642.0,CTCSP0500,CSP Troop D,Racial Profile,1000004012,2500111034,Incident ID,2025-03-25 00:00:00,March,W,N,M,32,True,True,CHAPLIN,"00000 HAMPTON RD (CHAPLIN, T024)",41 46 12.8028000000,72 7 31.2600000000,V,B,1.0,0,14-218a,,False,N,False,False,I,,,,,False,1.0,CTCSP0000,133909227348260878,2025-03-25 15:15:28.957000,15:15:28.957000,2025,,,Speed Related,2025
2025-05-05 08:46:25.383000,7387644.0,CTCSP0500,CSP Troop D,Racial Profile,1000004012,2500111139,Incident ID,2025-03-25 00:00:00,March,W,H,M,18,True,True,CHAPLIN,"00000 CHAPLIN ST (CHAPLIN, T024)",41 47 30.6384000000,72 7 37.5960000000,V,B,1.0,0,14-218a,,False,N,False,False,I,,,,,False,1.0,CTCSP0000,133909227348260878,2025-03-25 16:42:23.503000,16:42:23.503000,2025,,,Speed Related,2025
2025-05-05 08:46:25.387000,7387645.0,CTCSP0500,CSP Troop D,Racial Profile,1000004012,2500111174,Incident ID,2025-03-25 00:00:00,March,W,N,F,60,True,True,CHAPLIN,"00000 PHOENIXVILLE RD (CHAPLIN, T024)",41 48 2.7324000000,72 7 29.7120000000,V,B,1.0,0,14-218a,,False,N,False,False,I,,,,,False,1.0,CTCSP0000,133909227348260878,2025-03-25 17:05:51.563000,17:05:51.563000,2025,,,Speed Related,2025
2025-05-05 08:46:25.393000,7387648.0,CTCSP0500,CSP Troop D,Racial Profile,1000004012,2500111349,Incident ID,2025-03-25 00:00:00,March,W,N,M,59,True,True,CHAPLIN,"00000 PUMPKIN HILL RD (CHAPLIN, T024)",41 48 18.7632000000,72 7 22.8000000000,V,B,1.0,0,14-218a,,False,N,False,False,I,,,,,False,1.0,CTCSP0000,133909227348260878,2025-03-25 19:56:48.713000,19:56:48.713000,2025,,,Speed Related,2025
2025-05-05 08:46:25.397000,7387650.0,CTCSP0500,CSP Troop D,Racial Profile,1000004012,2500111409,Incident ID,2025-03-25 00:00:00,March,W,N,M,31,True,True,CHAPLIN,"00000 PHOENIXVILLE RD (CHAPLIN, T024)",41 48 18.6696000000,72 7 21.6480000000,V,B,1.0,0,14-218a,,False,N,False,False,I,,,,,False,1.0,CTCSP0000,133909227348260878,2025-03-25 21:10:17.847000,21:10:17.847000,2025,,,Speed Related,2025
2025-05-05 08:46:25.793000,7387800.0,CTCSP0500,CSP Troop D,Racial Profile,1000004922,2500111411,Incident ID,2025-03-25 00:00:00,March,W,N,F,42,True,True,KILLINGLY,00000 RAMP 41 I 395 S ,41 50 34.9872000000,71 52 47.4960000000,V,G,1.0,0,14-96a(a),,False,N,False,False,W,,,,,False,1.0,CTCSP0000,133909227348260878,2025-03-25 21:11:57.647000,21:11:57.647000,2025,14-96a(a),,Defective Lights,2025
2025-05-05 08:46:25.800000,7387801.0,CTCSP0500,CSP Troop D,Racial Profile,1000004968,2500110908,Incident ID,2025-03-25 00:00:00,March,W,H,M,61,True,True,THOMPSON,00000 EXIT 49 I 395 N ,41 56 53.6856000000,71 52 51.3840000000,V,B,1.0,0,14-299,,False,N,False,False,W,,,,,False,1.0,CTCSP0000,133909227348260878,2025-03-25 13:56:26.730000,13:56:26.730000,2025,,,Traffic Control Signal,2025
2025-05-05 08:46:25.320000,7387617.0,CTCSP0500,CSP Troop D,Racial Profile,1000003342,2500111071,Incident ID,2025-03-25 00:00:00,March,W,N,F,61,True,False,BROOKLYN,"00000 STETSON RD (BROOKLYN, T019)",41 47 7.2132000000,72 0 28.9440000000,V,B,1.0,0,14-218a,,False,N,False,False,I,,,,,False,1.0,CTCSP0000,133909227348260878,2025-03-25 15:45:52.730000,15:45:52.730000,2025,,,Speed Related,2025
2025-05-05 08:46:25.323000,7387619.0,CTCSP0500,CSP Troop D,Racial Profile,1000003342,2500111233,Incident ID,2025-03-25 00:00:00,March,W,N,M,16,True,True,BROOKLYN,Walmart Parking Lot,41 47 48.9228000000,71 54 49.3200000000,V,G,1.0,0,14-12a,,False,N,False,False,V,,,,,False,1.0,CTCSP0000,133909227348260878,2025-03-25 17:55:09.380000,17:55:09.380000,2025,,,Registration,2025
2025-05-05 08:46:25.583000,7387730.0,CTCSP0500,CSP Troop D,Racial Profile,1000004675,2500112754,Incident ID,2025-03-26 00:00:00,March,W,N,F,31,True,False,KILLINGLY,"00000 KNOX AVE (KILLINGLY, T069)",41 48 20.3616000000,71 52 19.5240000000,V,G,1.0,0,14-12(a)*,,False,N,False,False,I,,,,,False,1.0,CTCSP0000,133909227348260878,2025-03-26 18:16:10.250000,18:16:10.250000,2025,,,Registration,2025
2025-05-05 08:46:25.580000,7387729.0,CTCSP0500,CSP Troop D,Racial Profile,1000004675,2500112742,Incident ID,2025-03-26 00:00:00,March,W,N,M,22,True,False,PLAINFIELD,I395 ,41 44 40.3404000000,71 52 45.7320000000,V,G,1.0,0,13b-42(e),,False,N,False,False,N,,,,,False,1.0,CTCSP0000,133909227348260878,2025-03-26 18:06:34.420000,18:06:34.420000,2025,,,Other,2025
2025-05-05 08:46:25.327000,7387621.0,CTCSP0500,CSP Troop D,Racial Profile,1000003342,2500113397,Incident ID,2025-03-27 00:00:00,March,W,N,F,29,True,True,BROOKLYN,"00000 ALLEN HILL RD (BROOKLYN, T019)",41 47 16.5372000000,71 55 8.9400000000,V,B,1.0,0,14-218a,,False,N,False,False,W,,,,,False,1.0,CTCSP0000,133909227348260878,2025-03-27 08:10:04.167000,08:10:04.167000,2025,,,Speed Related,2025
2025-05-05 08:46:25.330000,7387622.0,CTCSP0500,CSP Troop D,Racial Profile,1000003380,2500113866,Incident ID,2025-03-27 00:00:00,March,W,N,M,33,True,False,POMFRET,"00000 MASHAMOQUET RD (POMFRET, T112)",41 51 40.4244000000,71 58 8.5080000000,V,B,1.0,0,14-234,,False,N,False,False,I,,,,,False,1.0,CTCSP0000,133909227348260878,2025-03-27 13:29:45.637000,13:29:45.637000,2025,,,Moving Violation,2025
2025-05-05 08:46:25.747000,7387784.0,CTCSP0500,CSP Troop D,Racial Profile,1000004799,2500114181,Incident ID,2025-03-27 00:00:00,March,W,N,M,39,True,False,HAMPTON,"00000 HARTFORD TPKE (HAMPTON, T063)",41 46 13.8684000000,72 3 46.7280000000,V,B,1.0,0,14-218a,,False,N,False,False,I,,,,,False,1.0,CTCSP0000,133909227348260878,2025-03-27 17:02:33.517000,17:02:33.517000,2025,,,Speed Related,2025
2025-05-05 08:46:25.770000,7387790.0,CTCSP0500,CSP Troop D,Racial Profile,1000004799,2500114353,Incident ID,2025-03-27 00:00:00,March,W,N,M,64,True,False,CHAPLIN,"00000 PHOENIXVILLE RD (CHAPLIN, T024)",41 48 18.6696000000,72 7 21.6480000000,V,B,1.0,0,14-298,,False,N,False,False,I,,,,,False,1.0,CTCSP0000,133909227348260878,2025-03-27 19:30:25.520000,19:30:25.520000,2025,,,STC Violation,2025
2025-05-05 08:46:25.750000,7387785.0,CTCSP0500,CSP Troop D,Racial Profile,1000004799,2500114195,Incident ID,2025-03-27 00:00:00,March,W,N,M,31,True,False,CHAPLIN,"00000 HAMPTON RD (CHAPLIN, T024)",41 46 2.6364000000,72 6 15.1920000000,V,B,1.0,0,14-218a,,False,N,False,False,I,,,,,False,1.0,CTCSP0000,133909227348260878,2025-03-27 17:15:44.190000,17:15:44.190000,2025,,,Speed Related,2025
2025-05-05 08:46:25.750000,7387786.0,CTCSP0500,CSP Troop D,Racial Profile,1000004799,2500114238,Incident ID,2025-03-27 00:00:00,March,B,N,M,39,False,False,CHAPLIN,"00000 PHOENIXVILLE RD (CHAPLIN, T024)",41 47 34.4688000000,72 7 36.6960000000,V,B,1.0,0,14-218a,,False,N,False,False,I,,,,,False,1.0,CTCSP0000,133909227348260878,2025-03-27 17:44:47.333000,17:44:47.333000,2025,,,Speed Related,2025
2025-05-05 08:46:25.753000,7387787.0,CTCSP0500,CSP Troop D,Racial Profile,1000004799,2500114263,Incident ID,2025-03-27 00:00:00,March,W,N,F,30,True,False,CHAPLIN,00000 PHOENIXVILLE RD,41 48 18.6696000000,72 7 21.6480000000,V,B,1.0,0,14-218a,,False,N,False,False,W,,,,,False,1.0,CTCSP0000,133909227348260878,2025-03-27 18:06:05.030000,18:06:05.030000,2025,,,Speed Related,2025
2025-05-05 08:46:25.757000,7387788.0,CTCSP0500,CSP Troop D,Racial Profile,1000004799,2500114276,Incident ID,2025-03-27 00:00:00,March,B,N,M,44,False,False,CHAPLIN,"00000 PUMPKIN HILL RD (CHAPLIN, T024)",41 48 29.8440000000,72 7 25.0320000000,V,B,1.0,0,14-147(c),,False,N,False,False,I,,,,,False,1.0,CTCSP0000,133909227348260878,2025-03-27 18:17:14.220000,18:17:14.220000,2025,,,Administrative Offense,2025
2025-05-05 08:46:25.760000,7387789.0,CTCSP0500,CSP Troop D,Racial Profile,1000004799,2500114331,Incident ID,2025-03-27 00:00:00,March,W,N,F,46,True,False,CHAPLIN,"00000 WILLIMANTIC RD (CHAPLIN, T024)",41 45 32.6088000000,72 8 40.4520000000,V,B,1.0,0,14-298,,False,N,False,False,I,,,,,False,1.0,CTCSP0000,133909227348260878,2025-03-27 19:02:56.050000,19:02:56.050000,2025,,,STC Violation,2025
2025-05-05 08:46:25.417000,7387656.0,CTCSP0500,CSP Troop D,Racial Profile,1000004012,2500115702,Incident ID,2025-03-28 00:00:00,March,W,N,M,25,True,True,CHAPLIN,"00000 PHOENIXVILLE RD (CHAPLIN, T024)",41 48 2.7324000000,72 7 29.7120000000,V,B,1.0,0,14-218a,,False,N,False,False,I,,,,,False,1.0,CTCSP0000,133909227348260878,2025-03-28 17:40:56.497000,17:40:56.497000,2025,,,Speed Related,2025
2025-05-05 08:46:25.420000,7387657.0,CTCSP0500,CSP Troop D,Racial Profile,1000004012,2500115734,Incident ID,2025-03-28 00:00:00,March,W,N,M,29,False,False,CHAPLIN,"00000 PHOENIXVILLE RD (CHAPLIN, T024)",41 47 34.4688000000,72 7 36.6960000000,V,B,1.0,0,14-219(b),,False,N,False,False,I,,,,,False,1.0,CTCSP0000,133909227348260878,2025-03-28 18:10:07.253000,18:10:07.253000,2025,,,Speed Related,2025
2025-05-05 08:46:25.430000,7387662.0,CTCSP0500,CSP Troop D,Racial Profile,1000004012,2500115937,Incident ID,2025-03-28 00:00:00,March,W,N,M,29,True,True,CHAPLIN,"00000 HAMPTON RD (CHAPLIN, T024)",41 46 14.9232000000,72 7 43.0320000000,V,B,1.0,0,14-218a,,False,N,False,False,I,,,,,False,1.0,CTCSP0000,133909227348260878,2025-03-28 21:30:22.157000,21:30:22.157000,2025,,,Speed Related,2025
2025-05-05 08:46:25.437000,7387664.0,CTCSP0500,CSP Troop D,Racial Profile,1000004012,2500115977,Incident ID,2025-03-28 00:00:00,March,W,N,M,24,False,False,CHAPLIN,"00000 HAMPTON RD (CHAPLIN, T024)",41 46 1.7616000000,72 6 27.7200000000,V,B,1.0,0,14-218a,,False,N,False,False,I,,,,,False,1.0,CTCSP0000,133909227348260878,2025-03-28 22:05:24.160000,22:05:24.160000,2025,,,Speed Related,2025
2025-05-05 08:46:25.453000,7387671.0,CTCSP0500,CSP Troop D,Racial Profile,1000004402,2500116022,Incident ID,2025-03-28 00:00:00,March,W,H,F,47,False,False,POMFRET,00000 MASHAMOQUET RD,41 51 34.9056000000,72 1 42.5640000000,V,B,1.0,0,14-218a,,False,N,False,False,W,,,,,False,1.0,CTCSP0000,133909227348260878,2025-03-28 22:41:51.323000,22:41:51.323000,2025,,,Speed Related,2025
2025-05-05 08:46:25.483000,7387684.0,CTCSP0500,CSP Troop D,Racial Profile,1000004409,2500115752,Incident ID,2025-03-28 00:00:00,March,W,N,F,31,True,False,KILLINGLY,"00000 PROVIDENCE PIKE (KILLINGLY, T069)",41 47 26.8224000000,71 48 43.5600000000,V,B,1.0,0,14-298,,False,N,False,False,I,,,,,False,1.0,CTCSP0000,133909227348260878,2025-03-28 18:29:40.037000,18:29:40.037000,2025,,,STC Violation,2025
2025-05-05 08:46:25.407000,7387652.0,CTCSP0500,CSP Troop D,Racial Profile,1000004012,2500115481,Incident ID,2025-03-28 00:00:00,March,B,N,M,72,True,True,CHAPLIN,"00000 PHOENIXVILLE RD (CHAPLIN, T024)",41 48 2.7324000000,72 7 29.7120000000,V,B,1.0,0,14-218a,,False,N,False,False,I,,,,,False,1.0,CTCSP0000,133909227348260878,2025-03-28 15:06:08.277000,15:06:08.277000,2025,,,Speed Related,2025
2025-05-05 08:46:25.410000,7387654.0,CTCSP0500,CSP Troop D,Racial Profile,1000004012,2500115600,Incident ID,2025-03-28 00:00:00,March,W,N,F,18,True,True,CHAPLIN,"00000 HAMPTON RD (CHAPLIN, T024)",41 46 15.8268000000,72 7 52.7880000000,V,B,1.0,0,14-218a,,False,N,False,False,I,,,,,False,1.0,CTCSP0000,133909227348260878,2025-03-28 16:27:26.287000,16:27:26.287000,2025,,,Speed Related,2025
2025-05-05 08:46:25.430000,7387661.0,CTCSP0500,CSP Troop D,Racial Profile,1000004012,2500115916,Incident ID,2025-03-28 00:00:00,March,W,H,M,51,True,True,CHAPLIN,"00000 HAMPTON RD (CHAPLIN, T024)",41 46 4.1052000000,72 6 2.5920000000,V,B,1.0,0,14-218a,,False,N,False,False,I,,,,,False,1.0,CTCSP0000,133909227348260878,2025-03-28 21:08:39.380000,21:08:39.380000,2025,,,Speed Related,2025
2025-05-05 08:46:25.407000,7387653.0,CTCSP0500,CSP Troop D,Racial Profile,1000004012,2500115516,Incident ID,2025-03-28 00:00:00,March,W,N,M,34,True,True,CHAPLIN,"00000 PHOENIXVILLE RD (CHAPLIN, T024)",41 48 2.7324000000,72 7 29.7120000000,V,B,1.0,0,14-218a,,False,N,False,False,I,,,,,False,1.0,CTCSP0000,133909227348260878,2025-03-28 15:22:16.420000,15:22:16.420000,2025,,,Speed Related,2025
2025-05-05 08:46:25.420000,7387658.0,CTCSP0500,CSP Troop D,Racial Profile,1000004012,2500115769,Incident ID,2025-03-28 00:00:00,March,W,N,M,45,True,True,CHAPLIN,"00000 LYNCH RD (CHAPLIN, T024)",41 45 6.6276000000,72 7 15.2400000000,V,B,2.0,0,14-218a,,False,N,False,False,I,,,,,False,1.0,CTCSP0000,133909227348260878,2025-03-28 18:37:34.777000,18:37:34.777000,2025,,,Speed Related,2025
2025-05-05 08:46:25.433000,7387663.0,CTCSP0500,CSP Troop D,Racial Profile,1000004012,2500115951,Incident ID,2025-03-28 00:00:00,March,W,N,F,22,False,False,CHAPLIN,"00000 HAMPTON RD (CHAPLIN, T024)",41 46 14.9232000000,72 7 43.0320000000,V,B,1.0,0,14-219(b),,False,N,False,False,I,,,,,False,1.0,CTCSP0000,133909227348260878,2025-03-28 21:41:55.603000,21:41:55.603000,2025,,,Speed Related,2025
2025-05-05 08:46:25.437000,7387665.0,CTCSP0500,CSP Troop D,Racial Profile,1000004012,2500115995,Incident ID,2025-03-28 00:00:00,March,W,N,M,17,True,True,CHAPLIN,"00000 HAMPTON RD (CHAPLIN, T024)",41 46 1.7652000000,72 6 28.1880000000,V,B,1.0,0,14-298,,False,N,False,False,I,,,,,False,1.0,CTCSP0000,133909227348260878,2025-03-28 22:23:20.790000,22:23:20.790000,2025,,,STC Violation,2025
2025-05-05 08:46:25.490000,7387688.0,CTCSP0500,CSP Troop D,Racial Profile,1000004409,2500115830,Incident ID,2025-03-28 00:00:00,March,W,N,M,20,True,False,KILLINGLY,"00000 PROVIDENCE PIKE (KILLINGLY, T069)",41 47 30.3540000000,71 48 0.6480000000,V,B,1.0,0,14-298,,False,N,False,False,I,,,,,False,1.0,CTCSP0000,133909227348260878,2025-03-28 19:46:45.073000,19:46:45.073000,2025,,,STC Violation,2025
2025-05-05 08:46:25.483000,7387685.0,CTCSP0500,CSP Troop D,Racial Profile,1000004409,2500115771,Incident ID,2025-03-28 00:00:00,March,W,N,M,25,True,False,KILLINGLY,rt 6,41 47 26.8224000000,71 48 43.5600000000,V,B,1.0,0,14-222,,False,N,False,False,M,,,,,False,1.0,CTCSP0000,133909227348260878,2025-03-28 18:38:16.070000,18:38:16.070000,2025,,,Speed Related,2025
2025-05-05 08:46:25.493000,7387689.0,CTCSP0500,CSP Troop D,Racial Profile,1000004409,2500115943,Incident ID,2025-03-28 00:00:00,March,W,N,F,18,True,False,POMFRET,"00000 MASHAMOQUET RD (POMFRET, T112)",41 51 41.0796000000,71 58 46.0560000000,V,B,1.0,0,14-298,,False,N,False,False,I,,,,,False,1.0,CTCSP0000,133909227348260878,2025-03-28 21:35:50.257000,21:35:50.257000,2025,,,STC Violation,2025
2025-05-05 08:46:25.587000,7387731.0,CTCSP0500,CSP Troop D,Racial Profile,1000004675,2500115417,Incident ID,2025-03-28 00:00:00,March,W,N,M,59,True,False,BROOKLYN,"00000 PROVIDENCE RD (BROOKLYN, T019)",41 47 50.7552000000,71 54 33.1920000000,V,G,1.0,0,14-147(c),,False,N,False,False,I,,,,,False,1.0,CTCSP0000,133909227348260878,2025-03-28 14:42:12.790000,14:42:12.790000,2025,,,Administrative Offense,2025
2025-05-05 08:46:25.413000,7387655.0,CTCSP0500,CSP Troop D,Racial Profile,1000004012,2500115654,Incident ID,2025-03-28 00:00:00,March,W,H,M,22,True,True,CHAPLIN,"00000 HAMPTON RD (CHAPLIN, T024)",41 46 15.9276000000,72 7 53.8680000000,V,B,1.0,0,14-218a,,False,N,False,False,I,,,,,False,1.0,CTCSP0000,133909227348260878,2025-03-28 16:59:59.633000,16:59:59.633000,2025,,,Speed Related,2025
2025-05-05 08:46:25.423000,7387659.0,CTCSP0500,CSP Troop D,Racial Profile,1000004012,2500115819,Incident ID,2025-03-28 00:00:00,March,W,N,M,75,True,True,CHAPLIN,"00000 WILLIMANTIC RD (CHAPLIN, T024)",41 45 53.9316000000,72 8 22.5600000000,E,B,2.0,0,14-96a(a),,False,N,False,False,I,,,,,False,1.0,CTCSP0000,133909227348260878,2025-03-28 19:25:37.223000,19:25:37.223000,2025,,,Defective Lights,2025
2025-05-05 08:46:25.427000,7387660.0,CTCSP0500,CSP Troop D,Racial Profile,1000004012,2500115891,Incident ID,2025-03-28 00:00:00,March,W,N,M,37,True,True,CHAPLIN,"00000 WILLIMANTIC RD (CHAPLIN, T024)",41 46 12.3888000000,72 8 10.9680000000,V,B,1.0,0,14-298,,False,N,False,False,I,,,,,False,1.0,CTCSP0000,133909227348260878,2025-03-28 20:42:13.680000,20:42:13.680000,2025,,,STC Violation,2025
2025-05-05 08:46:25.443000,7387668.0,CTCSP0500,CSP Troop D,Racial Profile,1000004335,2500115315,Incident ID,2025-03-28 00:00:00,March,W,N,M,46,False,False,KILLINGLY,"00700 HARTFORD PIKE (KILLINGLY, T069)",41 50 30.1632000000,71 52 38.3880000000,V,B,1.0,0,14-299,,False,N,False,False,V,,,,,False,1.0,CTCSP0000,133909227348260878,2025-03-28 13:11:42.737000,13:11:42.737000,2025,,,Traffic Control Signal,2025
2025-05-05 08:46:25.487000,7387686.0,CTCSP0500,CSP Troop D,Racial Profile,1000004409,2500115789,Incident ID,2025-03-28 00:00:00,March,W,N,M,61,True,False,KILLINGLY,"00000 PROVIDENCE PIKE (KILLINGLY, T069)",41 47 26.8404000000,71 49 44.0400000000,V,B,1.0,0,14-298,,False,N,False,False,I,,,,,False,1.0,CTCSP0000,133909227348260878,2025-03-28 18:55:15.627000,18:55:15.627000,2025,,,STC Violation,2025
2025-05-05 08:46:25.490000,7387687.0,CTCSP0500,CSP Troop D,Racial Profile,1000004409,2500115806,Incident ID,2025-03-28 00:00:00,March,W,N,M,28,False,False,KILLINGLY,"00000 PROVIDENCE PIKE (KILLINGLY, T069)",41 47 20.9256000000,71 50 47.9040000000,V,B,1.0,0,14-298,,False,N,False,False,I,,,,,False,1.0,CTCSP0000,133909227348260878,2025-03-28 19:10:13.653000,19:10:13.653000,2025,,,STC Violation,2025
2025-05-05 08:46:25.497000,7387690.0,CTCSP0500,CSP Troop D,Racial Profile,1000004409,2500116007,Incident ID,2025-03-28 00:00:00,March,W,H,M,48,True,True,KILLINGLY,00000 WAUREGAN RD,41 47 45.7620000000,71 53 4.7760000000,V,B,1.0,0,14-12(a),,False,N,False,False,W,,,,,False,1.0,CTCSP0000,133909227348260878,2025-03-28 22:30:32.257000,22:30:32.257000,2025,,,Registration,2025
2025-05-05 08:46:25.787000,7387798.0,CTCSP0500,CSP Troop D,Racial Profile,1000004856,2500115909,Incident ID,2025-03-28 00:00:00,March,W,N,M,40,True,True,WOODSTOCK,"00000 RT 171  (WOODSTOCK, T169)",41 55 58.7856000000,71 57 18.5760000000,E,G,1.0,0,14-96a(a),,False,N,False,False,V,,,,,False,1.0,CTCSP0000,133909227348260878,2025-03-28 21:02:16.930000,21:02:16.930000,2025,,,Defective Lights,2025
2025-05-05 08:46:25.500000,7387691.0,CTCSP0500,CSP Troop D,Racial Profile,1000004409,2500116325,Incident ID,2025-03-29 00:00:00,March,W,N,M,25,True,True,BROOKLYN,00000 PROVIDENCE RD,41 47 40.7976000000,71 56 12.6600000000,V,B,1.0,0,14-218a,,False,N,False,False,W,,,,,False,1.0,CTCSP0000,133909227348260878,2025-03-29 06:47:12.030000,06:47:12.030000,2025,,,Speed Related,2025
2025-05-05 08:46:25.803000,7387803.0,CTCSP0500,CSP Troop D,Racial Profile,1000004969,2500116392,Incident ID,2025-03-29 00:00:00,March,W,N,F,23,True,False,POMFRET,"00000 MASHAMOQUET RD (POMFRET, T112)",41 51 40.4244000000,71 58 8.5080000000,V,G,1.0,0,14-219(b),,False,N,False,False,I,,,,,False,1.0,CTCSP0000,133909227348260878,2025-03-29 07:46:36.930000,07:46:36.930000,2025,,,Speed Related,2025
2025-05-05 08:46:25.810000,7387805.0,CTCSP0500,CSP Troop D,Racial Profile,1000004969,2500116462,Incident ID,2025-03-29 00:00:00,March,W,N,F,68,True,False,POMFRET,"00000 MASHAMOQUET RD (POMFRET, T112)",41 51 40.4244000000,71 58 8.5080000000,V,G,1.0,0,14-219(b),,False,N,False,False,W,,,,,False,1.0,CTCSP0000,133909227348260878,2025-03-29 08:43:23.230000,08:43:23.230000,2025,,,Speed Related,2025
2025-05-05 08:46:25.813000,7387806.0,CTCSP0500,CSP Troop D,Racial Profile,1000004969,2500116509,Incident ID,2025-03-29 00:00:00,March,W,N,M,40,False,False,POMFRET,"00000 MASHAMOQUET RD (POMFRET, T112)",41 51 38.4912000000,72 0 27.5760000000,V,G,1.0,0,14-219(b),,False,N,False,False,I,,,,,False,1.0,CTCSP0000,133909227348260878,2025-03-29 09:35:31.360000,09:35:31.360000,2025,,,Speed Related,2025
2025-05-05 08:46:25.530000,7387705.0,CTCSP0500,CSP Troop D,Racial Profile,1000004671,2500117123,Incident ID,2025-03-29 00:00:00,March,W,N,F,22,False,False,PLAINFIELD,"00000 N/B 395, Plainfield, CT",41 44 56.9400000000,71 52 45.1200000000,V,G,1.0,0,14-219(a)(1),,False,N,False,False,V,,,,,False,1.0,CTCSP0000,133909227348260878,2025-03-29 17:17:33.503000,17:17:33.503000,2025,,,Speed Related,2025
2025-05-05 08:46:25.807000,7387804.0,CTCSP0500,CSP Troop D,Racial Profile,1000004969,2500116413,Incident ID,2025-03-29 00:00:00,March,W,N,F,32,False,False,POMFRET,"00000 MASHAMOQUET RD (POMFRET, T112)",41 51 40.4244000000,71 58 8.5080000000,V,G,1.0,0,14-219(b),,False,N,False,False,I,,,,,False,1.0,CTCSP0000,133909227348260878,2025-03-29 08:00:05.747000,08:00:05.747000,2025,,,Speed Related,2025
2025-05-05 08:46:25.817000,7387807.0,CTCSP0500,CSP Troop D,Racial Profile,1000004969,2500116521,Incident ID,2025-03-29 00:00:00,March,W,N,F,40,True,False,POMFRET,"00000 MASHAMOQUET RD (POMFRET, T112)",41 51 40.4244000000,71 58 8.5080000000,V,G,1.0,0,14-219(b),,False,N,False,False,W,,,,,False,1.0,CTCSP0000,133909227348260878,2025-03-29 09:49:22.433000,09:49:22.433000,2025,,,Speed Related,2025
2025-05-05 08:46:25.820000,7387808.0,CTCSP0500,CSP Troop D,Racial Profile,1000004969,2500116535,Incident ID,2025-03-29 00:00:00,March,W,N,M,50,True,False,POMFRET,"00000 MASHAMOQUET RD (POMFRET, T112)",41 51 40.4244000000,71 58 8.5080000000,V,G,1.0,0,14-219(b),,False,N,False,False,W,,,,,False,1.0,CTCSP0000,133909227348260878,2025-03-29 10:01:00.153000,10:01:00.153000,2025,,,Speed Related,2025
2025-05-05 08:46:25.827000,7387812.0,CTCSP0500,CSP Troop D,Racial Profile,1000004969,2500116659,Incident ID,2025-03-29 00:00:00,March,W,N,F,55,True,True,POMFRET,"00000 MASHAMOQUET RD (POMFRET, T112)",41 51 40.4244000000,71 58 8.5080000000,V,G,1.0,0,14-219(b),,False,N,False,False,I,,,,,False,1.0,CTCSP0000,133909227348260878,2025-03-29 11:35:25.573000,11:35:25.573000,2025,,,Speed Related,2025
2025-05-05 08:46:25.830000,7387813.0,CTCSP0500,CSP Troop D,Racial Profile,1000004969,2500116695,Incident ID,2025-03-29 00:00:00,March,I,N,M,63,False,False,POMFRET,"00000 MASHAMOQUET RD (POMFRET, T112)",41 51 38.4912000000,72 0 27.5760000000,V,G,1.0,0,14-219(b),,False,N,False,False,I,,,,,False,1.0,CTCSP0000,133909227348260878,2025-03-29 12:04:16.493000,12:04:16.493000,2025,14-232(b),,Speed Related,2025
2025-05-05 08:46:25.830000,7387814.0,CTCSP0500,CSP Troop D,Racial Profile,1000004969,2500116727,Incident ID,2025-03-29 00:00:00,March,W,N,F,32,True,False,POMFRET,"00000 MASHAMOQUET RD (POMFRET, T112)",41 51 40.4244000000,71 58 8.5080000000,V,G,1.0,0,14-219(b),,False,N,False,False,W,,,,,False,1.0,CTCSP0000,133909227348260878,2025-03-29 12:29:12.700000,12:29:12.700000,2025,,,Speed Related,2025
2025-05-05 08:46:25.837000,7387816.0,CTCSP0500,CSP Troop D,Racial Profile,1000004969,2500116796,Incident ID,2025-03-29 00:00:00,March,W,N,M,28,True,False,POMFRET,"00000 MASHAMOQUET RD (POMFRET, T112)",41 51 40.4244000000,71 58 8.5080000000,V,G,1.0,0,14-219(b),,False,N,False,False,I,,,,,False,1.0,CTCSP0000,133909227348260878,2025-03-29 13:27:02.870000,13:27:02.870000,2025,,,Speed Related,2025
2025-05-05 08:46:25.803000,7387802.0,CTCSP0500,CSP Troop D,Racial Profile,1000004969,2500116369,Incident ID,2025-03-29 00:00:00,March,W,N,F,62,True,False,POMFRET,00000 MASHAMOQUET RD,41 51 28.4292000000,71 57 32.7960000000,V,G,1.0,0,14-219(b),,False,N,False,False,W,,,,,False,1.0,CTCSP0000,133909227348260878,2025-03-29 07:25:25.393000,07:25:25.393000,2025,,,Speed Related,2025
2025-05-05 08:46:25.820000,7387809.0,CTCSP0500,CSP Troop D,Racial Profile,1000004969,2500116557,Incident ID,2025-03-29 00:00:00,March,W,N,F,32,True,False,POMFRET,Route 44/Route 101 Pomfret,41 51 40.4244000000,71 58 8.5080000000,V,G,2.0,0,14-219(b),,False,N,False,False,M,,,,,False,1.0,CTCSP0000,133909227348260878,2025-03-29 10:21:25.760000,10:21:25.760000,2025,14-215,,Speed Related,2025
2025-05-05 08:46:25.827000,7387811.0,CTCSP0500,CSP Troop D,Racial Profile,1000004969,2500116614,Incident ID,2025-03-29 00:00:00,March,W,N,F,29,True,True,POMFRET,"00000 MASHAMOQUET RD (POMFRET, T112)",41 51 40.4244000000,71 58 8.5080000000,V,G,1.0,0,14-219(b),,False,N,False,False,I,,,,,False,1.0,CTCSP0000,133909227348260878,2025-03-29 11:01:49.050000,11:01:49.050000,2025,,,Speed Related,2025
2025-05-05 08:46:25.833000,7387815.0,CTCSP0500,CSP Troop D,Racial Profile,1000004969,2500116759,Incident ID,2025-03-29 00:00:00,March,W,H,M,34,True,False,KILLINGLY,"00000 HARTFORD PIKE (KILLINGLY, T069)",41 50 39.1956000000,71 52 56.3880000000,V,G,1.0,0,14-12(a)*,,False,N,False,False,W,,,,,False,1.0,CTCSP0000,133909227348260878,2025-03-29 12:56:29.927000,12:56:29.927000,2025,,,Registration,2025
2025-05-05 08:46:25.823000,7387810.0,CTCSP0500,CSP Troop D,Racial Profile,1000004969,2500116598,Incident ID,2025-03-29 00:00:00,March,W,N,M,77,True,False,POMFRET,"00000 MASHAMOQUET RD (POMFRET, T112)",41 51 38.4912000000,72 0 27.5760000000,V,G,1.0,0,14-219(b),,False,N,False,False,W,,,,,False,1.0,CTCSP0000,133909227348260878,2025-03-29 10:51:03.867000,10:51:03.867000,2025,,,Speed Related,2025
2025-05-05 08:46:25.590000,7387732.0,CTCSP0500,CSP Troop D,Racial Profile,1000004675,2500119514,Incident ID,2025-03-31 00:00:00,March,W,N,M,31,True,False,PLAINFIELD,"00000 EXIT 28 I 395 S  (PLAINFIELD, T109)",41 39 55.8288000000,71 54 54.0720000000,V,G,1.0,0,14-12(a)*,,False,N,False,False,I,,,,,False,1.0,CTCSP0000,133909227348260878,2025-03-31 16:57:50.733000,16:57:50.733000,2025,,,Registration,2025
2025-05-05 08:46:25.593000,7387734.0,CTCSP0500,CSP Troop D,Racial Profile,1000004675,2500119639,Incident ID,2025-03-31 00:00:00,March,W,N,M,32,True,False,KILLINGLY,00000 I 395 ,41 49 12.6876000000,71 52 14.0160000000,V,G,1.0,0,14-12(a)*,,False,N,False,False,W,,,,,False,1.0,CTCSP0000,133909227348260878,2025-03-31 18:21:06.167000,18:21:06.167000,2025,,,Registration,2025
2025-05-05 08:46:25.590000,7387733.0,CTCSP0500,CSP Troop D,Racial Profile,1000004675,2500119524,Incident ID,2025-03-31 00:00:00,March,W,H,M,23,True,False,PLAINFIELD,00000 I 395 ,41 40 15.3984000000,71 54 35.2800000000,V,G,1.0,0,14-12(a)*,,False,N,False,False,W,,,,,False,1.0,CTCSP0000,133909227348260878,2025-03-31 17:06:30.960000,17:06:30.960000,2025,,,Registration,2025
2025-06-19 09:04:23.740000,7506690.0,CTCSP0500,CSP Troop D,Racial Profile,1000004675,2500121219,Incident ID,2025-04-01 00:00:00,April,W,N,F,25,True,False,KILLINGLY,"00000 I 395  (KILLINGLY, T069)",41 49 12.6876000000,71 52 14.0160000000,V,G,1.0,0,14-12(a)*,,False,N,False,False,I,,,,,False,1.0,CTCSP0000,133948118182702696,2025-04-01 19:30:50.443000,19:30:50.443000,2025,,,Registration,2025
2025-06-19 09:04:24.007000,7506754.0,CTCSP0500,CSP Troop D,Racial Profile,1000004968,2500121127,Incident ID,2025-04-01 00:00:00,April,W,H,M,22,True,True,CHAPLIN,00000 HAMPTON RD,41 46 14.9232000000,72 7 43.0320000000,V,G,1.0,0,14-298,,False,N,False,False,W,,,,,False,1.0,CTCSP0000,133948118182702696,2025-04-01 17:53:54.790000,17:53:54.790000,2025,,,STC Violation,2025
2025-06-19 09:04:24.003000,7506753.0,CTCSP0500,CSP Troop D,Racial Profile,1000004968,2500121115,Incident ID,2025-04-01 00:00:00,April,W,N,M,47,True,True,HAMPTON,00000 HARTFORD TPKE,41 46 9.3000000000,72 5 25.5480000000,V,G,1.0,0,14-219(c)(1),,False,N,False,False,W,,,,,False,1.0,CTCSP0000,133948118182702696,2025-04-01 17:42:58.163000,17:42:58.163000,2025,,,Speed Related,2025
2025-06-19 09:04:23.363000,7506560.0,CTCSP0500,CSP Troop D,Racial Profile,1000003512,2500121218,Incident ID,2025-04-01 00:00:00,April,W,N,M,70,True,False,EAST HAMPTON,"00000 COLCHESTER AVE (EAST HAMPTON, T042)",41 33 50.0832000000,72 27 50.2200000000,V,B,1.0,0,14-218a,,False,N,False,False,I,,,,,False,1.0,CTCSP0000,133948118182702696,2025-04-01 19:29:55.433000,19:29:55.433000,2025,,,Speed Related,2025
2025-06-19 09:04:23.933000,7506733.0,CTCSP0500,CSP Troop D,Racial Profile,1000004779,2500121142,Incident ID,2025-04-01 00:00:00,April,W,N,M,72,True,True,EASTFORD,00000 POMFRET RD,41 52 17.8932000000,72 3 38.1960000000,V,G,1.0,0,14-219(b),,False,N,False,False,W,,,,,False,1.0,CTCSP0000,133948118182702696,2025-04-01 18:07:03.347000,18:07:03.347000,2025,,,Speed Related,2025
2025-06-19 09:04:23.970000,7506746.0,CTCSP0500,CSP Troop D,Racial Profile,1000004964,2500121094,Incident ID,2025-04-01 00:00:00,April,W,N,F,27,True,True,THOMPSON,"00000 I 395  (THOMPSON, T141)",41 56 39.4404000000,71 52 48.7560000000,V,B,1.0,0,14-219,,False,N,False,False,W,,,,,False,1.0,CTCSP0000,133948118182702696,2025-04-01 17:21:46.670000,17:21:46.670000,2025,14-219,,Speed Related,2025
2025-06-19 09:04:23.717000,7506680.0,CTCSP0500,CSP Troop D,Racial Profile,1000004532,2500121687,Incident ID,2025-04-02 00:00:00,April,W,H,M,20,True,False,PLAINFIELD,"00000 I 395  (PLAINFIELD, T109)",41 44 7.3968000000,71 52 59.1600000000,V,B,1.0,0,14-219(c)(1),,False,N,False,False,W,,,,,False,1.0,CTCSP0000,133948118182702696,2025-04-02 07:44:52.010000,07:44:52.010000,2025,,,Speed Related,2025
2025-06-19 09:04:23.343000,7506551.0,CTCSP0500,CSP Troop D,Racial Profile,1000002753,2500122060,Incident ID,2025-04-02 00:00:00,April,A,N,M,35,False,False,GRISWOLD,i395 sb,41 36 9.3096000000,71 57 20.7360000000,V,B,1.0,0,14-236,,False,N,False,False,V,,,,,False,1.0,CTCSP0000,133948118182702696,2025-04-02 11:25:27.287000,11:25:27.287000,2025,,,Moving Violation,2025
2025-06-19 09:04:23.357000,7506557.0,CTCSP0500,CSP Troop D,Racial Profile,1000003380,2500121981,Incident ID,2025-04-02 00:00:00,April,W,N,F,33,True,False,PUTNAM,n00000 I 395 ,41 53 25.6560000000,71 53 45.0960000000,V,G,1.0,0,14-219(c)(1),,False,N,False,False,W,,,,,False,1.0,CTCSP0000,133948118182702696,2025-04-02 10:32:34.837000,10:32:34.837000,2025,,,Speed Related,2025
2025-06-19 09:04:23.680000,7506662.0,CTCSP0500,CSP Troop D,Racial Profile,1000004409,2500122838,Incident ID,2025-04-02 00:00:00,April,W,N,M,18,True,False,EASTFORD,"00000 POMFRET RD (EASTFORD, T039)",41 52 17.8932000000,72 3 38.1960000000,V,B,1.0,0,14-218a,,False,N,False,False,I,,,,,False,1.0,CTCSP0000,133948118182702696,2025-04-02 21:16:59.810000,21:16:59.810000,2025,,,Speed Related,2025
2025-06-19 09:04:24.020000,7506755.0,CTCSP0500,CSP Troop D,Racial Profile,1000004968,2500122833,Incident ID,2025-04-02 00:00:00,April,W,N,M,54,True,False,CHAPLIN,00000 WILLIMANTIC RD,41 45 32.6088000000,72 8 40.4520000000,V,G,1.0,0,14-218a,,False,N,False,False,W,,,,,False,1.0,CTCSP0000,133948118182702696,2025-04-02 21:11:41.977000,21:11:41.977000,2025,,,Speed Related,2025
2025-06-19 09:04:23.657000,7506652.0,CTCSP0500,CSP Troop D,Racial Profile,1000004268,2500122277,Incident ID,2025-04-02 00:00:00,April,W,N,M,45,True,True,KILLINGLY,Westcott Rd ,41 47 52.1700000000,71 51 4.6800000000,V,B,1.0,0,14-240,,False,N,False,False,V,,,,,False,1.0,CTCSP0000,133948118182702696,2025-04-02 13:56:29.037000,13:56:29.037000,2025,,,Moving Violation,2025
2025-06-19 09:04:23.100000,7506482.0,CTCSP0500,CSP Troop D,Racial Profile,1000002266,2500123770,Incident ID,2025-04-03 00:00:00,April,W,N,M,55,True,False,KILLINGLY,"00000 FURNACE ST (KILLINGLY, T069)",41 48 0.1476000000,71 52 59.6712000000,V,B,1.0,0,14-147(c),,False,N,False,False,I,,,,,False,1.0,CTCSP0000,133948118182702696,2025-04-03 14:13:36.540000,14:13:36.540000,2025,,,Administrative Offense,2025
2025-06-19 09:04:23.720000,7506681.0,CTCSP0500,CSP Troop D,Racial Profile,1000004532,2500123672,Incident ID,2025-04-03 00:00:00,April,W,N,M,69,True,False,KILLINGLY,"00000 Margaret Henry Rd (KILLINGLY, T069)",41 47 24.5346000000,71 49 33.6456120000,V,B,1.0,0,14-12(a)*,,False,N,False,False,W,,,,,False,1.0,CTCSP0000,133948118182702696,2025-04-03 12:50:00.220000,12:50:00.220000,2025,14-12(a)*,,Registration,2025
2025-06-19 09:04:23.663000,7506655.0,CTCSP0500,CSP Troop D,Racial Profile,1000004378,2500124851,Incident ID,2025-04-04 00:00:00,April,W,N,M,50,True,True,CHAPLIN,Phoenixville Rd (RT 198) x Chaplin St,41 47 34.4688000000,72 7 36.7068000000,I,S,3.0,1,14-215(c)(3),,False,N,False,True,U,,,,,False,1.0,CTCSP0000,133948118182702696,2025-04-04 08:42:25.050000,08:42:25.050000,2025,14-215(c)(3),,Other,2025
2025-06-19 09:04:23.367000,7506561.0,CTCSP0500,CSP Troop D,Racial Profile,1000003512,2500124720,Incident ID,2025-04-04 00:00:00,April,W,H,F,27,True,False,LEBANON,rt2,41 34 10.1100000000,72 12 56.4840000000,V,B,1.0,0,14-219,,False,N,False,False,V,,,,,False,1.0,CTCSP0000,133948118182702696,2025-04-04 07:17:04.860000,07:17:04.860000,2025,,,Speed Related,2025
2025-06-19 09:04:23.660000,7506653.0,CTCSP0500,CSP Troop D,Racial Profile,1000004335,2500124873,Incident ID,2025-04-04 00:00:00,April,W,N,F,65,True,False,KILLINGLY,rt 101,41 50 26.9304000000,71 52 32.8980000000,V,B,1.0,0,14-299,,False,N,False,False,V,,,,,False,1.0,CTCSP0000,133948118182702696,2025-04-04 08:57:52.873000,08:57:52.873000,2025,,,Traffic Control Signal,2025
2025-06-19 09:04:23.940000,7506736.0,CTCSP0500,CSP Troop D,Racial Profile,1000004799,2500124580,Incident ID,2025-04-04 00:00:00,April,W,M,F,50,True,False,KILLINGLY,00000 HARTFORD PIKE,41 50 42.4608000000,71 49 54.0120000000,V,B,1.0,0,14-218a,,False,N,False,False,W,,,,,False,1.0,CTCSP0000,133948118182702696,2025-04-04 03:08:42.170000,03:08:42.170000,2025,,,Speed Related,2025
2025-06-19 09:04:23.680000,7506663.0,CTCSP0500,CSP Troop D,Racial Profile,1000004409,2500126003,Incident ID,2025-04-04 00:00:00,April,W,N,M,23,True,False,HAMPTON,"00000 E OLD ROUTE 6  (HAMPTON, T063)",41 46 49.4364000000,72 1 32.2320000000,V,B,1.0,0,14-234,,False,N,False,False,I,,,,,False,1.0,CTCSP0000,133948118182702696,2025-04-04 22:38:53.100000,22:38:53.100000,2025,,,Moving Violation,2025
2025-06-19 09:04:23.743000,7506691.0,CTCSP0500,CSP Troop D,Racial Profile,1000004675,2500127108,Incident ID,2025-04-05 00:00:00,April,W,N,F,45,True,False,BROOKLYN,00000 PROVIDENCE RD,41 47 54.8304000000,71 54 14.4720000000,V,G,1.0,0,14-12(a)*,,False,N,False,False,W,,,,,False,1.0,CTCSP0000,133948118182702696,2025-04-05 22:01:00.567000,22:01:00.567000,2025,,,Registration,2025
2025-06-19 09:04:23.970000,7506747.0,CTCSP0500,CSP Troop D,Racial Profile,1000004964,2500126237,Incident ID,2025-04-05 00:00:00,April,W,N,F,29,True,True,PLAINFIELD,"00000 I 395  (PLAINFIELD, T109)",41 43 16.9284000000,71 53 37.4640000000,V,B,1.0,0,14-236,,False,N,False,False,W,,,,,False,1.0,CTCSP0000,133948118182702696,2025-04-05 02:49:50.767000,02:49:50.767000,2025,14-236,,Moving Violation,2025
2025-06-19 09:04:23.973000,7506748.0,CTCSP0500,CSP Troop D,Racial Profile,1000004964,2500126256,Incident ID,2025-04-05 00:00:00,April,W,N,M,30,True,True,PLAINFIELD,"00000 I 395  (PLAINFIELD, T109)",41 38 12.5844000000,71 56 11.8320000000,V,B,1.0,0,14-236,,False,N,False,False,I,,,,,False,1.0,CTCSP0000,133948118182702696,2025-04-05 03:45:23.847000,03:45:23.847000,2025,14-213b,,Moving Violation,2025
2025-06-19 09:04:23.177000,7506505.0,CTCSP0500,CSP Troop D,Racial Profile,1000002373,2500127387,Incident ID,2025-04-06 00:00:00,April,W,N,M,33,True,False,KILLINGLY,"00000 PROVIDENCE PIKE (KILLINGLY, T069)",41 47 20.8608000000,71 50 48.9480000000,V,G,1.0,0,14-218a,,False,N,False,False,I,,,,,False,1.0,CTCSP0000,133948118182702696,2025-04-06 07:34:40.540000,07:34:40.540000,2025,,,Speed Related,2025
2025-06-19 09:04:23.193000,7506508.0,CTCSP0500,CSP Troop D,Racial Profile,1000002373,2500127473,Incident ID,2025-04-06 00:00:00,April,W,N,M,69,False,False,KILLINGLY,"00000 PROVIDENCE PIKE (KILLINGLY, T069)",41 47 20.8608000000,71 50 48.9480000000,V,G,1.0,0,14-218a,,False,N,False,False,I,,,,,False,1.0,CTCSP0000,133948118182702696,2025-04-06 09:06:22.857000,09:06:22.857000,2025,,,Speed Related,2025
2025-06-19 09:04:23.200000,7506511.0,CTCSP0500,CSP Troop D,Racial Profile,1000002373,2500127553,Incident ID,2025-04-06 00:00:00,April,W,N,M,70,False,False,KILLINGLY,rte 6,41 47 20.8608000000,71 50 48.9480000000,V,G,1.0,0,14-218(a),,False,N,False,False,V,,,,,False,1.0,CTCSP0000,133948118182702696,2025-04-06 10:37:29.940000,10:37:29.940000,2025,,,Speed Related,2025
2025-06-19 09:04:23.210000,7506513.0,CTCSP0500,CSP Troop D,Racial Profile,1000002373,2500127601,Incident ID,2025-04-06 00:00:00,April,W,N,M,64,False,False,KILLINGLY,"00000 PROVIDENCE PIKE (KILLINGLY, T069)",41 47 20.8608000000,71 50 48.9480000000,V,G,1.0,0,14-218a,,False,N,False,False,I,,,,,False,1.0,CTCSP0000,133948118182702696,2025-04-06 11:20:17.410000,11:20:17.410000,2025,,,Speed Related,2025
2025-06-19 09:04:23.213000,7506515.0,CTCSP0500,CSP Troop D,Racial Profile,1000002373,2500127635,Incident ID,2025-04-06 00:00:00,April,W,N,M,75,True,False,KILLINGLY,"00000 PROVIDENCE PIKE (KILLINGLY, T069)",41 47 20.8608000000,71 50 48.9480000000,V,G,1.0,0,14-218a,,False,N,False,False,I,,,,,False,1.0,CTCSP0000,133948118182702696,2025-04-06 11:46:00.887000,11:46:00.887000,2025,,,Speed Related,2025
2025-06-19 09:04:23.227000,7506518.0,CTCSP0500,CSP Troop D,Racial Profile,1000002373,2500127817,Incident ID,2025-04-06 00:00:00,April,W,N,M,28,True,False,KILLINGLY,"00000 PROVIDENCE PIKE (KILLINGLY, T069)",41 47 20.8608000000,71 50 48.9480000000,V,G,1.0,0,14-218a,,False,N,False,False,I,,,,,False,1.0,CTCSP0000,133948118182702696,2025-04-06 14:32:18.807000,14:32:18.807000,2025,,,Speed Related,2025
2025-06-19 09:04:23.683000,7506664.0,CTCSP0500,CSP Troop D,Racial Profile,1000004409,2500128253,Incident ID,2025-04-06 00:00:00,April,W,N,M,19,True,False,BROOKLYN,"00000 POMFRET RD (BROOKLYN, T019)",41 47 18.3768000000,71 56 58.5960000000,V,B,1.0,0,14-299,,False,N,False,False,I,,,,,False,1.0,CTCSP0000,133948118182702696,2025-04-06 22:08:01.513000,22:08:01.513000,2025,,,Traffic Control Signal,2025
2025-06-19 09:04:23.200000,7506510.0,CTCSP0500,CSP Troop D,Racial Profile,1000002373,2500127530,Incident ID,2025-04-06 00:00:00,April,W,N,M,53,True,False,KILLINGLY,"00000 PROVIDENCE PIKE (KILLINGLY, T069)",41 47 20.8608000000,71 50 48.9480000000,V,G,1.0,0,14-218a,,False,N,False,False,I,,,,,False,1.0,CTCSP0000,133948118182702696,2025-04-06 10:22:17.327000,10:22:17.327000,2025,,,Speed Related,2025
2025-06-19 09:04:23.223000,7506517.0,CTCSP0500,CSP Troop D,Racial Profile,1000002373,2500127733,Incident ID,2025-04-06 00:00:00,April,W,N,M,67,True,False,KILLINGLY,"00000 PROVIDENCE PIKE (KILLINGLY, T069)",41 47 22.1280000000,71 51 8.6760000000,V,G,1.0,0,14-218a,,False,N,False,False,I,,,,,False,1.0,CTCSP0000,133948118182702696,2025-04-06 13:06:18.597000,13:06:18.597000,2025,,,Speed Related,2025
2025-06-19 09:04:23.180000,7506506.0,CTCSP0500,CSP Troop D,Racial Profile,1000002373,2500127403,Incident ID,2025-04-06 00:00:00,April,W,N,M,58,False,False,KILLINGLY,"00000 PROVIDENCE PIKE (KILLINGLY, T069)",41 47 20.8608000000,71 50 48.9480000000,V,G,1.0,0,14-218a,,False,N,False,False,I,,,,,False,1.0,CTCSP0000,133948118182702696,2025-04-06 07:56:09.270000,07:56:09.270000,2025,,,Speed Related,2025
2025-06-19 09:04:23.197000,7506509.0,CTCSP0500,CSP Troop D,Racial Profile,1000002373,2500127486,Incident ID,2025-04-06 00:00:00,April,W,N,M,27,True,False,KILLINGLY,"00000 WESTCOTT RD (KILLINGLY, T069)",41 47 27.0420000000,71 50 47.6160000000,V,G,1.0,0,14-218a,,False,N,False,False,I,,,,,False,1.0,CTCSP0000,133948118182702696,2025-04-06 09:19:46.657000,09:19:46.657000,2025,,,Speed Related,2025
2025-06-19 09:04:23.213000,7506514.0,CTCSP0500,CSP Troop D,Racial Profile,1000002373,2500127619,Incident ID,2025-04-06 00:00:00,April,W,N,F,50,True,False,KILLINGLY,rte 6,41 47 20.8608000000,71 50 48.9480000000,V,G,1.0,0,14-218(a),,False,N,False,False,V,,,,,False,1.0,CTCSP0000,133948118182702696,2025-04-06 11:37:22.570000,11:37:22.570000,2025,,,Speed Related,2025
2025-06-19 09:04:23.223000,7506516.0,CTCSP0500,CSP Troop D,Racial Profile,1000002373,2500127681,Incident ID,2025-04-06 00:00:00,April,W,N,F,58,False,False,KILLINGLY,"00000 PROVIDENCE PIKE (KILLINGLY, T069)",41 47 20.8608000000,71 50 48.9480000000,V,G,1.0,0,14-218a,,False,N,False,False,I,,,,,False,1.0,CTCSP0000,133948118182702696,2025-04-06 12:24:44.410000,12:24:44.410000,2025,,,Speed Related,2025
2025-06-19 09:04:23.977000,7506749.0,CTCSP0500,CSP Troop D,Racial Profile,1000004964,2500127322,Incident ID,2025-04-06 00:00:00,April,W,N,F,35,True,False,BROOKLYN,"00000 HARTFORD RD (BROOKLYN, T019)",41 46 58.7856000000,71 58 22.6920000000,V,B,1.0,0,14-218a,,False,N,False,False,W,,,,,False,1.0,CTCSP0000,133948118182702696,2025-04-06 05:51:43.627000,05:51:43.627000,2025,14-218a,,Speed Related,2025
2025-06-19 09:04:23.183000,7506507.0,CTCSP0500,CSP Troop D,Racial Profile,1000002373,2500127449,Incident ID,2025-04-06 00:00:00,April,W,N,M,44,True,True,KILLINGLY,00000 PROVIDENCE PIKE,41 47 20.8608000000,71 50 48.9480000000,V,G,1.0,0,14-218a,,False,N,False,False,W,,,,,False,1.0,CTCSP0000,133948118182702696,2025-04-06 08:45:02.837000,08:45:02.837000,2025,,,Speed Related,2025
2025-06-19 09:04:23.203000,7506512.0,CTCSP0500,CSP Troop D,Racial Profile,1000002373,2500127589,Incident ID,2025-04-06 00:00:00,April,W,N,F,43,True,True,KILLINGLY,00000 PROVIDENCE PIKE,41 47 20.8608000000,71 50 48.9480000000,V,G,1.0,0,14-218a,,False,N,False,False,W,,,,,False,1.0,CTCSP0000,133948118182702696,2025-04-06 11:10:33.827000,11:10:33.827000,2025,,,Speed Related,2025
2025-06-19 09:04:23.743000,7506692.0,CTCSP0500,CSP Troop D,Racial Profile,1000004675,2500128034,Incident ID,2025-04-06 00:00:00,April,W,N,M,53,True,False,PLAINFIELD,00000 I 395 ,41 41 28.9356000000,71 54 20.5200000000,V,G,1.0,0,14-12(a)*,,False,N,False,False,W,,,,,False,1.0,CTCSP0000,133948118182702696,2025-04-06 17:24:15.140000,17:24:15.140000,2025,,,Registration,2025
2025-06-19 09:04:23.940000,7506735.0,CTCSP0500,CSP Troop D,Racial Profile,1000004797,2500128101,Incident ID,2025-04-06 00:00:00,April,W,N,F,18,True,True,PUTNAM,I-395 SB Exit 46 off ramp,41 54 43.3872000000,71 53 26.4120000000,V,G,1.0,0,14-232,,False,N,False,False,V,,,,,False,1.0,CTCSP0000,133948118182702696,2025-04-06 18:17:35.620000,18:17:35.620000,2025,,,Moving Violation,2025
2025-06-19 09:04:23.257000,7506523.0,CTCSP0500,CSP Troop D,Racial Profile,1000002373,2500128691,Incident ID,2025-04-07 00:00:00,April,W,N,M,72,True,False,KILLINGLY,"00000 PROVIDENCE PIKE (KILLINGLY, T069)",41 47 20.8608000000,71 50 48.9480000000,V,G,1.0,0,14-218a,,False,N,False,False,I,,,,,False,1.0,CTCSP0000,133948118182702696,2025-04-07 08:19:26.993000,08:19:26.993000,2025,,,Speed Related,2025
2025-06-19 09:04:23.237000,7506520.0,CTCSP0500,CSP Troop D,Racial Profile,1000002373,2500128621,Incident ID,2025-04-07 00:00:00,April,W,N,M,37,False,False,KILLINGLY,"00000 WESTCOTT RD (KILLINGLY, T069)",41 47 27.0420000000,71 50 47.6160000000,V,G,1.0,0,14-218a,,False,N,False,False,I,,,,,False,1.0,CTCSP0000,133948118182702696,2025-04-07 07:39:46.700000,07:39:46.700000,2025,,,Speed Related,2025
2025-06-19 09:04:23.270000,7506526.0,CTCSP0500,CSP Troop D,Racial Profile,1000002373,2500128905,Incident ID,2025-04-07 00:00:00,April,W,N,M,20,True,False,KILLINGLY,"00000 PROVIDENCE PIKE (KILLINGLY, T069)",41 47 20.8608000000,71 50 48.9480000000,V,G,1.0,0,14-218a,,False,N,False,False,I,,,,,False,1.0,CTCSP0000,133948118182702696,2025-04-07 10:52:41.507000,10:52:41.507000,2025,,,Speed Related,2025
2025-06-19 09:04:23.230000,7506519.0,CTCSP0500,CSP Troop D,Racial Profile,1000002373,2500128607,Incident ID,2025-04-07 00:00:00,April,W,H,F,26,True,False,KILLINGLY,"00000 WESTCOTT RD (KILLINGLY, T069)",41 47 27.0420000000,71 50 47.6160000000,V,G,1.0,0,14-218a,,False,N,False,False,I,,,,,False,1.0,CTCSP0000,133948118182702696,2025-04-07 07:27:51.737000,07:27:51.737000,2025,,,Speed Related,2025
2025-06-19 09:04:23.253000,7506521.0,CTCSP0500,CSP Troop D,Racial Profile,1000002373,2500128640,Incident ID,2025-04-07 00:00:00,April,W,N,M,71,True,False,KILLINGLY,"00000 PROVIDENCE PIKE (KILLINGLY, T069)",41 47 20.8608000000,71 50 48.9480000000,V,G,1.0,0,14-218a,,False,N,False,False,I,,,,,False,1.0,CTCSP0000,133948118182702696,2025-04-07 07:52:59.830000,07:52:59.830000,2025,,,Speed Related,2025
2025-06-19 09:04:23.257000,7506522.0,CTCSP0500,CSP Troop D,Racial Profile,1000002373,2500128659,Incident ID,2025-04-07 00:00:00,April,W,N,M,26,False,False,KILLINGLY,"00000 PROVIDENCE PIKE (KILLINGLY, T069)",41 47 20.8608000000,71 50 48.9480000000,V,G,1.0,0,14-218a,,False,N,False,False,I,,,,,False,1.0,CTCSP0000,133948118182702696,2025-04-07 08:06:19.900000,08:06:19.900000,2025,,,Speed Related,2025
2025-06-19 09:04:23.260000,7506524.0,CTCSP0500,CSP Troop D,Racial Profile,1000002373,2500128758,Incident ID,2025-04-07 00:00:00,April,W,N,M,43,False,False,KILLINGLY,"00000 PROVIDENCE PIKE (KILLINGLY, T069)",41 47 20.8608000000,71 50 48.9480000000,V,G,1.0,0,14-218a,,False,N,False,False,I,,,,,False,1.0,CTCSP0000,133948118182702696,2025-04-07 09:11:23.930000,09:11:23.930000,2025,,,Speed Related,2025
2025-06-19 09:04:23.277000,7506528.0,CTCSP0500,CSP Troop D,Racial Profile,1000002373,2500129094,Incident ID,2025-04-07 00:00:00,April,W,N,M,24,True,False,KILLINGLY,"00000 PROVIDENCE PIKE (KILLINGLY, T069)",41 47 20.8608000000,71 50 48.9480000000,V,G,1.0,0,14-218a,,False,N,False,False,I,,,,,False,1.0,CTCSP0000,133948118182702696,2025-04-07 13:43:56.470000,13:43:56.470000,2025,,,Speed Related,2025
2025-06-19 09:04:23.270000,7506525.0,CTCSP0500,CSP Troop D,Racial Profile,1000002373,2500128886,Incident ID,2025-04-07 00:00:00,April,W,N,M,70,False,False,KILLINGLY,"00000 PROVIDENCE PIKE (KILLINGLY, T069)",41 47 20.8608000000,71 50 48.9480000000,V,G,1.0,0,14-218a,,False,N,False,False,I,,,,,False,1.0,CTCSP0000,133948118182702696,2025-04-07 10:38:15.050000,10:38:15.050000,2025,,,Speed Related,2025
2025-06-19 09:04:23.273000,7506527.0,CTCSP0500,CSP Troop D,Racial Profile,1000002373,2500128929,Incident ID,2025-04-07 00:00:00,April,W,N,M,48,False,False,KILLINGLY,"00000 PROVIDENCE PIKE (KILLINGLY, T069)",41 47 20.8608000000,71 50 48.9480000000,V,G,1.0,0,14-218a,,False,N,False,False,I,,,,,False,1.0,CTCSP0000,133948118182702696,2025-04-07 11:06:08.167000,11:06:08.167000,2025,,,Speed Related,2025
2025-06-19 09:04:23.073000,7506470.0,CTCSP0500,CSP Troop D,Racial Profile,1000001947,2500130988,Incident ID,2025-04-08 00:00:00,April,W,N,M,63,False,False,PLAINFIELD,I395 sb Plainfield,41 40 34.9104000000,71 54 31.8240000000,V,B,1.0,0,14-219,,False,N,False,False,V,,,,,False,1.0,CTCSP0000,133948118182702696,2025-04-08 18:19:08.430000,18:19:08.430000,2025,,,Speed Related,2025
2025-06-19 09:04:23.890000,7506721.0,CTCSP0500,CSP Troop D,Racial Profile,1000004777,2500129796,Incident ID,2025-04-08 00:00:00,April,W,N,M,35,True,False,PUTNAM,shell putnam,41 55 27.4476000000,71 53 13.6320000000,V,G,2.0,1,14-147(c),,False,N,False,False,M,,,,,False,1.0,CTCSP0000,133948118182702696,2025-04-08 00:44:40.773000,00:44:40.773000,2025,,,Administrative Offense,2025
2025-06-19 09:04:23.720000,7506682.0,CTCSP0500,CSP Troop D,Racial Profile,1000004532,2500130462,Incident ID,2025-04-08 00:00:00,April,W,N,F,63,False,False,PUTNAM,00000 I 395 ,41 53 8.9556000000,71 53 48.0840000000,V,B,1.0,0,14-233,,False,N,False,False,W,,,,,False,1.0,CTCSP0000,133948118182702696,2025-04-08 12:05:45.980000,12:05:45.980000,2025,14-233,,Moving Violation,2025
2025-06-19 09:04:24.020000,7506756.0,CTCSP0500,CSP Troop D,Racial Profile,1000004968,2500130169,Incident ID,2025-04-08 00:00:00,April,W,N,F,67,True,True,PUTNAM,00399 SCHOOL ST,41 55 23.4084000000,71 53 55.7160000000,V,G,1.0,0,14-12(a),,False,N,False,False,W,,,,,False,1.0,CTCSP0000,133948118182702696,2025-04-08 08:57:07.603000,08:57:07.603000,2025,,,Registration,2025
2025-06-19 09:04:23.747000,7506693.0,CTCSP0500,CSP Troop D,Racial Profile,1000004675,2500131126,Incident ID,2025-04-08 00:00:00,April,W,H,M,40,True,False,BROOKLYN,00000 PROVIDENCE RD,41 47 50.7552000000,71 54 33.1920000000,V,G,1.0,0,14-12(a)*,,False,N,False,False,W,,,,,False,1.0,CTCSP0000,133948118182702696,2025-04-08 21:13:14.167000,21:13:14.167000,2025,,,Registration,2025
2025-06-19 09:04:23.087000,7506477.0,CTCSP0500,CSP Troop D,Racial Profile,1000002254,2500131800,Incident ID,2025-04-09 00:00:00,April,W,N,F,29,True,False,POMFRET,rt 44,41 52 56.9928000000,71 57 42.3000000000,V,G,1.0,0,14-218a,,False,N,False,False,I,,,,,False,1.0,CTCSP0000,133948118182702696,2025-04-09 10:06:40.340000,10:06:40.340000,2025,,,Speed Related,2025
2025-06-19 09:04:23.093000,7506480.0,CTCSP0500,CSP Troop D,Racial Profile,1000002254,2500131996,Incident ID,2025-04-09 00:00:00,April,W,N,M,26,True,True,POMFRET,rt 44,41 53 15.4212000000,71 57 43.3080000000,V,G,1.0,0,14-218a,,False,N,False,False,V,,,,,False,1.0,CTCSP0000,133948118182702696,2025-04-09 12:28:13.157000,12:28:13.157000,2025,,,Speed Related,2025
2025-06-19 09:04:23.083000,7506475.0,CTCSP0500,CSP Troop D,Racial Profile,1000002254,2500131700,Incident ID,2025-04-09 00:00:00,April,W,N,F,54,True,False,POMFRET,"00044 Mashamoquet Rd (POMFRET, T112)",41 51 40.7412000000,71 58 23.1672000000,V,G,1.0,0,14-218a,,False,N,False,False,I,,,,,False,1.0,CTCSP0000,133948118182702696,2025-04-09 09:07:56.353000,09:07:56.353000,2025,,,Speed Related,2025
2025-06-19 09:04:23.090000,7506478.0,CTCSP0500,CSP Troop D,Racial Profile,1000002254,2500131837,Incident ID,2025-04-09 00:00:00,April,W,N,M,19,True,False,POMFRET,"00000 POMFRET ST (POMFRET, T112)",41 53 5.2404000000,71 57 42.8760000000,V,G,1.0,0,14-218a,,False,N,False,False,I,,,,,False,1.0,CTCSP0000,133948118182702696,2025-04-09 10:28:35.857000,10:28:35.857000,2025,,,Speed Related,2025
2025-06-19 09:04:23.750000,7506694.0,CTCSP0500,CSP Troop D,Racial Profile,1000004675,2500132512,Incident ID,2025-04-09 00:00:00,April,W,N,M,37,True,False,PLAINFIELD,00000 I 395 ,41 40 15.3984000000,71 54 35.2800000000,V,G,1.0,0,14-12(a)*,,False,N,False,False,W,,,,,False,1.0,CTCSP0000,133948118182702696,2025-04-09 18:55:36.200000,18:55:36.200000,2025,,,Registration,2025
2025-06-19 09:04:23.670000,7506657.0,CTCSP0500,CSP Troop D,Racial Profile,1000004402,2500131392,Incident ID,2025-04-09 00:00:00,April,W,N,F,25,False,False,THOMPSON,00000 I 395 ,41 56 39.4404000000,71 52 48.7560000000,V,B,1.0,0,14-219(c)(1),,False,N,False,False,W,,,,,False,1.0,CTCSP0000,133948118182702696,2025-04-09 02:25:37.493000,02:25:37.493000,2025,,,Speed Related,2025
2025-06-19 09:04:23.750000,7506695.0,CTCSP0500,CSP Troop D,Racial Profile,1000004675,2500132639,Incident ID,2025-04-09 00:00:00,April,B,N,M,38,False,False,KILLINGLY,00000 I 395 ,41 49 12.6876000000,71 52 14.0160000000,V,G,1.0,0,14-12(a)*,,False,N,False,False,W,,,,,False,1.0,CTCSP0000,133948118182702696,2025-04-09 21:28:23.367000,21:28:23.367000,2025,,,Registration,2025
2025-06-19 09:04:23.753000,7506696.0,CTCSP0500,CSP Troop D,Racial Profile,1000004675,2500132662,Incident ID,2025-04-09 00:00:00,April,W,N,F,35,True,False,KILLINGLY,"00000 I 395  (KILLINGLY, T069)",41 50 33.8640000000,71 52 45.0480000000,V,G,1.0,0,14-12(a)*,,False,N,False,False,I,,,,,False,1.0,CTCSP0000,133948118182702696,2025-04-09 21:58:23.223000,21:58:23.223000,2025,,,Registration,2025
2025-06-19 09:04:23.900000,7506723.0,CTCSP0500,CSP Troop D,Racial Profile,1000004777,2500131401,Incident ID,2025-04-09 00:00:00,April,W,N,M,23,True,False,PUTNAM,shell putnam,41 55 28.3440000000,71 53 20.7240000000,V,G,3.0,1,14-147(c),,False,N,False,False,M,,,,,False,1.0,CTCSP0000,133948118182702696,2025-04-09 03:10:26.513000,03:10:26.513000,2025,,,Administrative Offense,2025
2025-06-19 09:04:24.023000,7506757.0,CTCSP0500,CSP Troop D,Racial Profile,1000004968,2500132117,Incident ID,2025-04-09 00:00:00,April,W,N,M,22,True,True,PUTNAM,00000 EXIT 47 I 395 S ,41 55 27.3720000000,71 53 10.8240000000,V,S,1.0,0,14-218a,,False,N,False,False,W,,,,,False,1.0,CTCSP0000,133948118182702696,2025-04-09 14:05:24.583000,14:05:24.583000,2025,,,Speed Related,2025
2025-06-19 09:04:23.080000,7506474.0,CTCSP0500,CSP Troop D,Racial Profile,1000002254,2500131684,Incident ID,2025-04-09 00:00:00,April,W,N,M,30,False,False,POMFRET,Rt 44 ,41 51 40.7412000000,71 58 23.1672000000,V,G,1.0,0,14-218a,,False,N,False,False,V,,,,,False,1.0,CTCSP0000,133948118182702696,2025-04-09 08:51:07.907000,08:51:07.907000,2025,,,Speed Related,2025
2025-06-19 09:04:23.083000,7506476.0,CTCSP0500,CSP Troop D,Racial Profile,1000002254,2500131741,Incident ID,2025-04-09 00:00:00,April,W,N,F,35,True,False,POMFRET,"00000 POMFRET ST (POMFRET, T112)",41 53 11.8536000000,71 57 43.2000000000,V,G,1.0,0,14-218a,,False,N,False,False,I,,,,,False,1.0,CTCSP0000,133948118182702696,2025-04-09 09:34:13.560000,09:34:13.560000,2025,,,Speed Related,2025
2025-06-19 09:04:23.090000,7506479.0,CTCSP0500,CSP Troop D,Racial Profile,1000002254,2500131859,Incident ID,2025-04-09 00:00:00,April,W,N,F,21,True,False,POMFRET,"00000 POMFRET ST (POMFRET, T112)",41 53 15.4212000000,71 57 43.3080000000,V,G,1.0,0,14-218a,,False,N,False,False,I,,,,,False,1.0,CTCSP0000,133948118182702696,2025-04-09 10:44:06.573000,10:44:06.573000,2025,,,Speed Related,2025
2025-06-19 09:04:23.093000,7506481.0,CTCSP0500,CSP Troop D,Racial Profile,1000002254,2500132028,Incident ID,2025-04-09 00:00:00,April,W,N,M,19,True,False,POMFRET,rt 44 ,41 53 11.8536000000,71 57 43.2000000000,V,G,1.0,0,14-218a,,False,N,False,False,V,,,,,False,1.0,CTCSP0000,133948118182702696,2025-04-09 12:46:25.850000,12:46:25.850000,2025,,,Speed Related,2025
2025-06-19 09:04:23.893000,7506722.0,CTCSP0500,CSP Troop D,Racial Profile,1000004777,2500131384,Incident ID,2025-04-09 00:00:00,April,W,N,F,27,True,False,PUTNAM,00000 EXIT 46 I 395 N ,41 54 33.9660000000,71 53 25.2600000000,V,B,1.0,0,14-219(c)(1),,False,N,False,False,W,,,,,False,1.0,CTCSP0000,133948118182702696,2025-04-09 01:52:48.633000,01:52:48.633000,2025,,,Speed Related,2025
2025-06-19 09:04:23.380000,7506567.0,CTCSP0500,CSP Troop D,Racial Profile,1000004012,2500133463,Incident ID,2025-04-10 00:00:00,April,W,N,M,74,True,True,KILLINGLY,"00000 PROVIDENCE PIKE (KILLINGLY, T069)",41 47 20.8608000000,71 50 48.9480000000,V,B,1.0,0,14-298,,False,N,False,False,I,,,,,False,1.0,CTCSP0000,133948118182702696,2025-04-10 11:30:18.927000,11:30:18.927000,2025,,,STC Violation,2025
2025-06-19 09:04:23.383000,7506568.0,CTCSP0500,CSP Troop D,Racial Profile,1000004012,2500133545,Incident ID,2025-04-10 00:00:00,April,W,N,M,54,True,True,KILLINGLY,"00000 PROVIDENCE PIKE (KILLINGLY, T069)",41 47 20.8608000000,71 50 48.9480000000,V,B,1.0,0,14-298,,False,N,False,False,I,,,,,False,1.0,CTCSP0000,133948118182702696,2025-04-10 12:38:22.030000,12:38:22.030000,2025,,,STC Violation,2025
2025-06-19 09:04:23.387000,7506569.0,CTCSP0500,CSP Troop D,Racial Profile,1000004012,2500133559,Incident ID,2025-04-10 00:00:00,April,W,N,F,63,True,True,KILLINGLY,"00000 SNAKE MEADOW RD (KILLINGLY, T069)",41 47 14.4816000000,71 50 1.7880000000,V,B,1.0,0,14-298,,False,N,False,False,I,,,,,False,1.0,CTCSP0000,133948118182702696,2025-04-10 12:57:03.160000,12:57:03.160000,2025,,,STC Violation,2025
2025-06-19 09:04:23.690000,7506666.0,CTCSP0500,CSP Troop D,Racial Profile,1000004409,2500133609,Incident ID,2025-04-10 00:00:00,April,W,N,M,20,True,False,EASTFORD,"00000 POMFRET RD (EASTFORD, T039)",41 51 54.3168000000,72 2 49.4160000000,V,B,1.0,0,14-298,,False,N,False,False,I,,,,,False,1.0,CTCSP0000,133948118182702696,2025-04-10 13:38:03.147000,13:38:03.147000,2025,,,STC Violation,2025
2025-06-19 09:04:23.380000,7506566.0,CTCSP0500,CSP Troop D,Racial Profile,1000004012,2500133443,Incident ID,2025-04-10 00:00:00,April,W,H,M,29,True,True,KILLINGLY,"00000 SNAKE MEADOW RD (KILLINGLY, T069)",41 47 14.4816000000,71 50 1.7880000000,V,B,1.0,0,14-298,,False,N,False,False,I,,,,,False,1.0,CTCSP0000,133948118182702696,2025-04-10 11:13:55.690000,11:13:55.690000,2025,,,STC Violation,2025
2025-06-19 09:04:23.373000,7506563.0,CTCSP0500,CSP Troop D,Racial Profile,1000004012,2500133213,Incident ID,2025-04-10 00:00:00,April,W,N,F,45,True,True,KILLINGLY,"00000 PROVIDENCE PIKE (KILLINGLY, T069)",41 47 25.4976000000,71 49 59.5560000000,V,B,1.0,0,14-298,,False,N,False,False,I,,,,,False,1.0,CTCSP0000,133948118182702696,2025-04-10 08:53:33.683000,08:53:33.683000,2025,,,STC Violation,2025
2025-06-19 09:04:23.377000,7506564.0,CTCSP0500,CSP Troop D,Racial Profile,1000004012,2500133249,Incident ID,2025-04-10 00:00:00,April,W,N,F,46,True,True,KILLINGLY,"Route 6 EB, Killingly, CT",41 46 47.3376000000,71 50 17.8440000000,V,B,1.0,0,14-298,,False,N,False,False,I,,,,,False,1.0,CTCSP0000,133948118182702696,2025-04-10 09:16:12.237000,09:16:12.237000,2025,,,STC Violation,2025
2025-06-19 09:04:23.390000,7506571.0,CTCSP0500,CSP Troop D,Racial Profile,1000004012,2500133633,Incident ID,2025-04-10 00:00:00,April,W,H,M,33,False,False,KILLINGLY,"00000 PROVIDENCE PIKE (KILLINGLY, T069)",41 47 26.8404000000,71 49 44.0400000000,V,B,1.0,0,14-298,,False,N,False,False,I,,,,,False,1.0,CTCSP0000,133948118182702696,2025-04-10 13:56:35.640000,13:56:35.640000,2025,,,STC Violation,2025
2025-06-19 09:04:23.687000,7506665.0,CTCSP0500,CSP Troop D,Racial Profile,1000004409,2500133587,Incident ID,2025-04-10 00:00:00,April,W,N,F,21,True,False,POMFRET,"00000 MASHAMOQUET RD (POMFRET, T112)",41 51 34.0596000000,72 2 0.5640000000,V,B,1.0,0,14-298,,False,N,False,False,I,,,,,False,1.0,CTCSP0000,133948118182702696,2025-04-10 13:24:18.910000,13:24:18.910000,2025,,,STC Violation,2025
2025-06-19 09:04:23.947000,7506737.0,CTCSP0500,CSP Troop D,Racial Profile,1000004799,2500134238,Incident ID,2025-04-10 00:00:00,April,W,N,F,66,True,True,KILLINGLY,395,41 48 33.6744000000,71 52 25.6080000000,V,B,1.0,0,14-219,,False,N,False,False,I,,,,,False,1.0,CTCSP0000,133948118182702696,2025-04-10 22:58:19.780000,22:58:19.780000,2025,,,Speed Related,2025
2025-06-19 09:04:23.377000,7506565.0,CTCSP0500,CSP Troop D,Racial Profile,1000004012,2500133402,Incident ID,2025-04-10 00:00:00,April,W,H,M,42,False,False,KILLINGLY,"00000 PROVIDENCE PIKE (KILLINGLY, T069)",41 47 27.2400000000,71 49 22.9440000000,V,B,1.0,0,14-298,,False,N,False,False,I,,,,,False,1.0,CTCSP0000,133948118182702696,2025-04-10 10:49:18.703000,10:49:18.703000,2025,,,STC Violation,2025
2025-06-19 09:04:23.390000,7506570.0,CTCSP0500,CSP Troop D,Racial Profile,1000004012,2500133602,Incident ID,2025-04-10 00:00:00,April,W,N,M,68,True,True,KILLINGLY,"00000 PROVIDENCE PIKE (KILLINGLY, T069)",41 47 27.2400000000,71 49 22.9440000000,V,B,1.0,0,14-298,,False,N,False,False,I,,,,,False,1.0,CTCSP0000,133948118182702696,2025-04-10 13:33:11.873000,13:33:11.873000,2025,,,STC Violation,2025
2025-06-19 09:04:23.393000,7506572.0,CTCSP0500,CSP Troop D,Racial Profile,1000004012,2500133695,Incident ID,2025-04-10 00:00:00,April,W,N,M,18,True,True,KILLINGLY,"00000 MARGARET HENRY RD (KILLINGLY, T069)",41 47 24.9288000000,71 49 33.4920000000,V,B,1.0,0,14-298,,False,N,False,False,I,,,,,False,1.0,CTCSP0000,133948118182702696,2025-04-10 14:37:35.360000,14:37:35.360000,2025,,,STC Violation,2025
2025-06-19 09:04:24.023000,7506758.0,CTCSP0500,CSP Troop D,Racial Profile,1000004968,2500133467,Incident ID,2025-04-10 00:00:00,April,W,N,M,19,True,True,THOMPSON,00000 RIVERSIDE DR,41 57 29.6964000000,71 53 1.7880000000,V,G,1.0,0,14-218a,,False,N,False,False,W,,,,,False,1.0,CTCSP0000,133948118182702696,2025-04-10 11:34:45.513000,11:34:45.513000,2025,,,Speed Related,2025
2025-06-19 09:04:23.103000,7506484.0,CTCSP0500,CSP Troop D,Racial Profile,1000002266,2500135424,Incident ID,2025-04-11 00:00:00,April,W,N,F,44,True,False,THOMPSON,SB 50,41 57 12.5640000000,71 52 49.9440000000,V,B,1.0,0,14-219(c)(1),,False,N,False,False,V,,,,,False,1.0,CTCSP0000,133948118182702696,2025-04-11 19:13:09.620000,19:13:09.620000,2025,,,Speed Related,2025
2025-06-19 09:04:23.347000,7506553.0,CTCSP0500,CSP Troop D,Racial Profile,1000002753,2500134750,Incident ID,2025-04-11 00:00:00,April,W,N,F,39,True,False,KILLINGLY,"00000 HARTFORD PIKE (KILLINGLY, T069)",41 50 30.1632000000,71 52 38.3880000000,V,B,1.0,0,14-296aa(b),,False,N,False,False,V,,,,,False,1.0,CTCSP0000,133948118182702696,2025-04-11 09:57:14.320000,09:57:14.320000,2025,,,Cell Phone,2025
2025-06-19 09:04:23.727000,7506684.0,CTCSP0500,CSP Troop D,Racial Profile,1000004532,2500134824,Incident ID,2025-04-11 00:00:00,April,W,N,F,30,False,False,KILLINGLY,"00000 I 395  (KILLINGLY, T069)",41 49 12.6876000000,71 52 14.0160000000,V,G,1.0,0,14-219(c)(1),,False,N,False,False,I,,,,,False,1.0,CTCSP0000,133948118182702696,2025-04-11 10:48:29.787000,10:48:29.787000,2025,14-298,,Speed Related,2025
2025-06-19 09:04:23.730000,7506685.0,CTCSP0500,CSP Troop D,Racial Profile,1000004532,2500135039,Incident ID,2025-04-11 00:00:00,April,A,N,M,58,False,False,KILLINGLY,"00000 I 395  (KILLINGLY, T069)",41 51 49.7664000000,71 53 15.6840000000,V,B,1.0,0,14-240(b,,False,N,False,False,I,,,,,False,1.0,CTCSP0000,133948118182702696,2025-04-11 13:47:50.443000,13:47:50.443000,2025,14-240(b,,Moving Violation,2025
2025-06-19 09:04:23.980000,7506750.0,CTCSP0500,CSP Troop D,Racial Profile,1000004964,2500135065,Incident ID,2025-04-11 00:00:00,April,W,N,M,57,True,True,PRESTON,"00000 RT 164  (PRESTON, T114)",41 33 2.8692000000,71 58 6.7800000000,V,B,1.0,0,14-232(b),,False,N,False,False,W,,,,,False,1.0,CTCSP0000,133948118182702696,2025-04-11 14:12:36.697000,14:12:36.697000,2025,14-232(b),,Moving Violation,2025
2025-06-19 09:04:23.100000,7506483.0,CTCSP0500,CSP Troop D,Racial Profile,1000002266,2500135412,Incident ID,2025-04-11 00:00:00,April,W,N,M,44,False,False,THOMPSON,"00000 I 395  (THOMPSON, T141)",41 57 28.5120000000,71 52 40.1520000000,V,B,1.0,0,14-298,,False,N,False,False,I,,,,,False,1.0,CTCSP0000,133948118182702696,2025-04-11 19:02:02.267000,19:02:02.267000,2025,,,STC Violation,2025
2025-06-19 09:04:23.347000,7506552.0,CTCSP0500,CSP Troop D,Racial Profile,1000002753,2500134727,Incident ID,2025-04-11 00:00:00,April,W,N,M,27,True,False,KILLINGLY,Cranberry Bog Road t069,41 47 55.8744000000,71 50 49.5240000000,V,B,1.0,0,14-300c(d),,False,N,False,False,V,,,,,False,1.0,CTCSP0000,133948118182702696,2025-04-11 09:43:42.250000,09:43:42.250000,2025,,,Other,2025
2025-06-19 09:04:23.723000,7506683.0,CTCSP0500,CSP Troop D,Racial Profile,1000004532,2500134729,Incident ID,2025-04-11 00:00:00,April,W,N,M,30,False,False,THOMPSON,"00000 I 395  (THOMPSON, T141)",41 58 4.7892000000,71 52 17.6520000000,V,G,1.0,0,14-219(c)(1),,False,N,False,False,W,,,,,False,1.0,CTCSP0000,133948118182702696,2025-04-11 09:45:04.197000,09:45:04.197000,2025,14-219(c)(1),,Speed Related,2025
2025-06-19 09:04:23.350000,7506554.0,CTCSP0500,CSP Troop D,Racial Profile,1000002753,2500135802,Incident ID,2025-04-12 00:00:00,April,W,N,M,30,True,False,KILLINGLY,"00000 PROVIDENCE PIKE (KILLINGLY, T069)",41 47 22.7256000000,71 51 37.5480000000,V,B,1.0,0,14-218(a),,False,N,False,False,V,,,,,False,1.0,CTCSP0000,133948118182702696,2025-04-12 05:02:18.557000,05:02:18.557000,2025,,,Speed Related,2025
2025-06-19 09:04:23.733000,7506687.0,CTCSP0500,CSP Troop D,Racial Profile,1000004535,2500135910,Incident ID,2025-04-12 00:00:00,April,B,N,F,45,True,False,NORWICH,395,41 33 38.2500000000,72 6 3.6720000000,V,B,1.0,0,14-219,,False,N,False,False,V,,,,,False,1.0,CTCSP0000,133948118182702696,2025-04-12 06:43:32.133000,06:43:32.133000,2025,,,Speed Related,2025
2025-06-19 09:04:23.997000,7506751.0,CTCSP0500,CSP Troop D,Racial Profile,1000004964,2500136778,Incident ID,2025-04-12 00:00:00,April,A,N,F,63,False,False,KILLINGLY,"00000 I 395  (KILLINGLY, T069)",41 51 50.1264000000,71 53 12.6960000000,V,B,1.0,0,14-236,,False,N,False,False,V,,,,,False,1.0,CTCSP0000,133948118182702696,2025-04-12 20:42:54.270000,20:42:54.270000,2025,14-236,,Moving Violation,2025
2025-06-19 09:04:23.653000,7506651.0,CTCSP0500,CSP Troop D,Racial Profile,1000004042,2500136419,Incident ID,2025-04-12 00:00:00,April,B,N,F,54,False,False,KILLINGLY,"00000 MAIN ST (KILLINGLY, T069)",41 48 12.0960000000,71 53 8.7360000000,V,G,1.0,0,14-299,,False,N,False,False,I,,,,,False,1.0,CTCSP0000,133948118182702696,2025-04-12 14:16:40.760000,14:16:40.760000,2025,,,Traffic Control Signal,2025
2025-06-19 09:04:23.110000,7506487.0,CTCSP0500,CSP Troop D,Racial Profile,1000002266,2500137960,Incident ID,2025-04-13 00:00:00,April,W,N,M,18,True,False,KILLINGLY,"00000 EXIT 38 I 395 N  (KILLINGLY, T069)",41 47 55.1580000000,71 52 26.6880000000,V,B,1.0,0,14-222,,False,N,False,False,M,,,,,False,1.0,CTCSP0000,133948118182702696,2025-04-13 20:44:11.590000,20:44:11.590000,2025,,,Speed Related,2025
2025-06-19 09:04:23.107000,7506485.0,CTCSP0500,CSP Troop D,Racial Profile,1000002266,2500137739,Incident ID,2025-04-13 00:00:00,April,W,N,M,41,True,False,GRISWOLD,sb x-24,41 36 50.8716000000,71 56 45.5280000000,V,B,1.0,0,14-215,,False,N,False,False,M,,,,,False,1.0,CTCSP0000,133948118182702696,2025-04-13 16:34:29.987000,16:34:29.987000,2025,14-222,,Administrative Offense,2025
2025-06-19 09:04:23.110000,7506486.0,CTCSP0500,CSP Troop D,Racial Profile,1000002266,2500137944,Incident ID,2025-04-13 00:00:00,April,W,H,F,30,False,False,KILLINGLY,"00000 I 395  (KILLINGLY, T069)",41 47 51.9936000000,71 52 28.7040000000,V,B,1.0,0,14-222,,False,N,False,False,M,,,,,False,1.0,CTCSP0000,133948118182702696,2025-04-13 20:27:09.597000,20:27:09.597000,2025,,,Speed Related,2025
2025-06-19 09:04:23.770000,7506701.0,CTCSP0500,CSP Troop D,Racial Profile,1000004675,2500138042,Incident ID,2025-04-13 00:00:00,April,W,N,M,34,True,False,KILLINGLY,00000 I 395 ,41 49 12.6876000000,71 52 14.0160000000,V,G,1.0,0,14-12(a)*,,False,N,False,False,W,,,,,False,1.0,CTCSP0000,133948118182702696,2025-04-13 22:13:36.830000,22:13:36.830000,2025,,,Registration,2025
2025-06-19 09:04:23.907000,7506725.0,CTCSP0500,CSP Troop D,Racial Profile,1000004777,2500137943,Incident ID,2025-04-13 00:00:00,April,W,N,F,18,True,False,CHAPLIN,"00000 HAMPTON RD (CHAPLIN, T024)",41 46 4.1052000000,72 6 2.5920000000,V,B,1.0,0,14-219(b),,False,N,False,False,I,,,,,False,1.0,CTCSP0000,133948118182702696,2025-04-13 20:26:07.737000,20:26:07.737000,2025,,,Speed Related,2025
2025-06-19 09:04:23.913000,7506728.0,CTCSP0500,CSP Troop D,Racial Profile,1000004777,2500138045,Incident ID,2025-04-13 00:00:00,April,W,N,M,61,True,True,CANTERBURY,"00000 MUNICIPAL DR (CANTERBURY, T022)",41 41 52.5120000000,71 59 38.4720000000,V,B,1.0,0,14-301,,False,N,False,False,I,,,,,False,1.0,CTCSP0000,133948118182702696,2025-04-13 22:14:29.050000,22:14:29.050000,2025,,,Stop Sign,2025
2025-06-19 09:04:23.690000,7506667.0,CTCSP0500,CSP Troop D,Racial Profile,1000004409,2500137111,Incident ID,2025-04-13 00:00:00,April,W,N,M,45,True,False,HAMPTON,"00000 PROVIDENCE TPKE (HAMPTON, T063)",41 46 49.4364000000,72 1 32.2320000000,V,B,1.0,0,14-213,,False,N,False,False,I,,,,,False,1.0,CTCSP0000,133948118182702696,2025-04-13 06:48:35.360000,06:48:35.360000,2025,,,Administrative Offense,2025
2025-06-19 09:04:23.757000,7506697.0,CTCSP0500,CSP Troop D,Racial Profile,1000004675,2500137679,Incident ID,2025-04-13 00:00:00,April,B,N,M,26,True,False,BROOKLYN,00000 PROVIDENCE RD,41 48 2.0448000000,71 53 47.4000000000,V,G,1.0,0,14-12(a)*,,False,N,False,False,W,,,,,False,1.0,CTCSP0000,133948118182702696,2025-04-13 15:40:53.800000,15:40:53.800000,2025,,,Registration,2025
2025-06-19 09:04:23.760000,7506699.0,CTCSP0500,CSP Troop D,Racial Profile,1000004675,2500137830,Incident ID,2025-04-13 00:00:00,April,A,N,F,38,True,False,KILLINGLY,"00000 I 395  (KILLINGLY, T069)",41 49 12.6876000000,71 52 14.0160000000,V,G,1.0,0,14-12(a)*,,False,N,False,False,I,,,,,False,1.0,CTCSP0000,133948118182702696,2025-04-13 17:59:31.093000,17:59:31.093000,2025,,,Registration,2025
2025-06-19 09:04:23.757000,7506698.0,CTCSP0500,CSP Troop D,Racial Profile,1000004675,2500137807,Incident ID,2025-04-13 00:00:00,April,W,H,F,40,True,False,KILLINGLY,"00000 I 395  (KILLINGLY, T069)",41 48 49.6404000000,71 52 14.9880000000,V,G,1.0,0,14-12(a)*,,False,N,False,False,I,,,,,False,1.0,CTCSP0000,133948118182702696,2025-04-13 17:41:03.770000,17:41:03.770000,2025,,,Registration,2025
2025-06-19 09:04:23.910000,7506726.0,CTCSP0500,CSP Troop D,Racial Profile,1000004777,2500137954,Incident ID,2025-04-13 00:00:00,April,B,N,M,31,False,False,CHAPLIN,"00000 HAMPTON RD (CHAPLIN, T024)",41 46 2.6364000000,72 6 15.1920000000,V,B,1.0,0,14-219(b),,False,N,False,False,I,,,,,False,1.0,CTCSP0000,133948118182702696,2025-04-13 20:38:16.293000,20:38:16.293000,2025,,,Speed Related,2025
2025-06-19 09:04:23.763000,7506700.0,CTCSP0500,CSP Troop D,Racial Profile,1000004675,2500137889,Incident ID,2025-04-13 00:00:00,April,W,N,M,43,True,False,KILLINGLY,00000 KILLINGLY COMMONS DR,41 50 34.3860000000,71 52 58.5120000000,V,G,1.0,0,14-12(a)*,,False,N,False,False,W,,,,,False,1.0,CTCSP0000,133948118182702696,2025-04-13 19:09:00.490000,19:09:00.490000,2025,,,Registration,2025
2025-06-19 09:04:23.903000,7506724.0,CTCSP0500,CSP Troop D,Racial Profile,1000004777,2500137938,Incident ID,2025-04-13 00:00:00,April,W,N,M,18,True,False,HAMPTON,00000 HARTFORD TPKE,41 46 9.3000000000,72 5 25.5480000000,V,B,1.0,0,14-12(a)*,,False,N,False,False,W,,,,,False,1.0,CTCSP0000,133948118182702696,2025-04-13 20:13:47.260000,20:13:47.260000,2025,,,Registration,2025
2025-06-19 09:04:23.910000,7506727.0,CTCSP0500,CSP Troop D,Racial Profile,1000004777,2500138008,Incident ID,2025-04-13 00:00:00,April,W,N,F,24,True,False,CANTERBURY,"00000 WESTMINSTER RD (CANTERBURY, T022)",41 41 52.6956000000,71 59 34.0080000000,V,B,1.0,0,14-219(b),,False,N,False,False,I,,,,,False,1.0,CTCSP0000,133948118182702696,2025-04-13 21:30:58.700000,21:30:58.700000,2025,,,Speed Related,2025
2025-06-19 09:04:23.770000,7506702.0,CTCSP0500,CSP Troop D,Racial Profile,1000004675,2500138930,Incident ID,2025-04-14 00:00:00,April,W,N,M,73,True,False,KILLINGLY,00000 MAIN ST,41 48 6.1848000000,71 53 10.3920000000,V,G,1.0,0,14-299,,False,N,False,False,W,,,,,False,1.0,CTCSP0000,133948118182702696,2025-04-14 14:52:26.800000,14:52:26.800000,2025,,,Traffic Control Signal,2025
2025-06-19 09:04:23.673000,7506660.0,CTCSP0500,CSP Troop D,Racial Profile,1000004405,2500139162,Incident ID,2025-04-14 00:00:00,April,W,N,M,26,True,True,KILLINGLY,00000 UPPER MAPLE ST,41 49 36.8904000000,71 53 39.5160000000,V,B,1.0,0,14-12(a)*,,False,N,False,False,W,,,,,False,1.0,CTCSP0000,133948118182702696,2025-04-14 17:37:10.490000,17:37:10.490000,2025,,,Registration,2025
2025-06-19 09:04:23.693000,7506668.0,CTCSP0500,CSP Troop D,Racial Profile,1000004409,2500138777,Incident ID,2025-04-14 00:00:00,April,B,N,M,37,True,False,HAMPTON,"00000 PROVIDENCE TPKE (HAMPTON, T063)",41 46 20.2224000000,72 2 35.0520000000,V,B,1.0,0,14-215b(1),,False,N,False,False,I,,,,,False,1.0,CTCSP0000,133948118182702696,2025-04-14 12:43:30.077000,12:43:30.077000,2025,,,Administrative Offense,2025
2025-06-19 09:04:23.693000,7506669.0,CTCSP0500,CSP Troop D,Racial Profile,1000004409,2500138824,Incident ID,2025-04-14 00:00:00,April,W,N,F,34,True,False,CHAPLIN,00000 HAMPTON RD,41 46 2.1108000000,72 6 36.0360000000,V,B,1.0,0,14-218a,,False,N,False,False,W,,,,,False,1.0,CTCSP0000,133948118182702696,2025-04-14 13:25:26.763000,13:25:26.763000,2025,,,Speed Related,2025
2025-06-19 09:04:23.773000,7506703.0,CTCSP0500,CSP Troop D,Racial Profile,1000004675,2500139365,Incident ID,2025-04-14 00:00:00,April,W,N,M,31,True,False,KILLINGLY,"00000 EXIT 41 I 395 S  (KILLINGLY, T069)",41 50 34.9872000000,71 52 47.4960000000,V,G,1.0,0,14-12(a)*,,False,N,False,False,I,,,,,False,1.0,CTCSP0000,133948118182702696,2025-04-14 21:19:00.910000,21:19:00.910000,2025,,,Registration,2025
2025-06-19 09:04:23.300000,7506537.0,CTCSP0500,CSP Troop D,Racial Profile,1000002373,2500140047,Incident ID,2025-04-15 00:00:00,April,W,N,M,55,True,False,KILLINGLY,"00000 GOVERNOR JOHN DAVIS LODGE TPKE (KILLINGLY, T069)",41 46 18.1272000000,71 51 27.5400000000,V,G,1.0,0,14-218a,,False,N,False,False,I,,,,,False,1.0,CTCSP0000,133948118182702696,2025-04-15 11:04:02.543000,11:04:02.543000,2025,,,Speed Related,2025
2025-06-19 09:04:23.280000,7506529.0,CTCSP0500,CSP Troop D,Racial Profile,1000002373,2500139746,Incident ID,2025-04-15 00:00:00,April,W,H,F,23,False,False,KILLINGLY,"00000 GOVERNOR JOHN DAVIS LODGE TPKE (KILLINGLY, T069)",41 46 24.3120000000,71 51 12.2040000000,V,G,1.0,0,14-218a,,False,N,False,False,I,,,,,False,1.0,CTCSP0000,133948118182702696,2025-04-15 07:21:12.560000,07:21:12.560000,2025,,,Speed Related,2025
2025-06-19 09:04:23.287000,7506531.0,CTCSP0500,CSP Troop D,Racial Profile,1000002373,2500139868,Incident ID,2025-04-15 00:00:00,April,W,N,M,21,True,False,,695,0 0 0.0000000000,0 0 0.0000000000,V,G,1.0,0,14-218a,,False,N,False,False,I,,,,,False,1.0,CTCSP0000,133948118182702696,2025-04-15 08:44:30.820000,08:44:30.820000,2025,,,Speed Related,2025
2025-06-19 09:04:23.290000,7506532.0,CTCSP0500,CSP Troop D,Racial Profile,1000002373,2500139886,Incident ID,2025-04-15 00:00:00,April,W,H,M,45,True,False,KILLINGLY,695,41 46 18.6528000000,71 51 27.5400000000,V,G,1.0,0,14-218(a),,False,N,False,False,V,,,,,False,1.0,CTCSP0000,133948118182702696,2025-04-15 08:55:24.137000,08:55:24.137000,2025,,,Speed Related,2025
2025-06-19 09:04:23.293000,7506534.0,CTCSP0500,CSP Troop D,Racial Profile,1000002373,2500139908,Incident ID,2025-04-15 00:00:00,April,W,N,F,29,True,False,KILLINGLY,"00000 GOVERNOR JOHN DAVIS LODGE TPKE (KILLINGLY, T069)",41 46 43.1868000000,71 50 21.8760000000,V,G,1.0,0,14-218a,,False,N,False,False,I,,,,,False,1.0,CTCSP0000,133948118182702696,2025-04-15 09:15:32.897000,09:15:32.897000,2025,,,Speed Related,2025
2025-06-19 09:04:23.297000,7506535.0,CTCSP0500,CSP Troop D,Racial Profile,1000002373,2500139923,Incident ID,2025-04-15 00:00:00,April,W,N,F,44,False,False,KILLINGLY,"00000 GOVERNOR JOHN DAVIS LODGE TPKE (KILLINGLY, T069)",41 46 45.7140000000,71 50 12.1560000000,V,G,1.0,0,14-218a,,False,N,False,False,I,,,,,False,1.0,CTCSP0000,133948118182702696,2025-04-15 09:27:26.003000,09:27:26.003000,2025,,,Speed Related,2025
2025-06-19 09:04:23.300000,7506538.0,CTCSP0500,CSP Troop D,Racial Profile,1000002373,2500140190,Incident ID,2025-04-15 00:00:00,April,B,N,M,54,False,False,KILLINGLY,"00000 GOVERNOR JOHN DAVIS LODGE TPKE (KILLINGLY, T069)",41 46 24.3120000000,71 51 12.2040000000,V,G,1.0,0,14-218a,,False,N,False,False,I,,,,,False,1.0,CTCSP0000,133948118182702696,2025-04-15 13:06:57.410000,13:06:57.410000,2025,,,Speed Related,2025
2025-06-19 09:04:23.777000,7506705.0,CTCSP0500,CSP Troop D,Racial Profile,1000004675,2500140679,Incident ID,2025-04-15 00:00:00,April,B,N,M,42,True,False,PLAINFIELD,"00000 I 395  (PLAINFIELD, T109)",41 40 15.3984000000,71 54 35.2800000000,V,G,1.0,0,14-12(a)*,,False,N,False,False,I,,,,,False,1.0,CTCSP0000,133948118182702696,2025-04-15 19:48:56.860000,19:48:56.860000,2025,,,Registration,2025
2025-06-19 09:04:24.070000,7506773.0,CTCSP0500,CSP Troop D,Racial Profile,1000005069,2500139972,Incident ID,2025-04-15 00:00:00,April,W,N,M,26,False,False,KILLINGLY,"00000 I 395  (KILLINGLY, T069)",41 49 51.5460000000,71 52 28.6320000000,V,G,1.0,0,14-219(c)(1),,False,N,False,False,I,,,,,False,1.0,CTCSP0000,133948118182702696,2025-04-15 09:58:18.493000,09:58:18.493000,2025,14-298,,Speed Related,2025
2025-06-19 09:04:23.773000,7506704.0,CTCSP0500,CSP Troop D,Racial Profile,1000004675,2500140672,Incident ID,2025-04-15 00:00:00,April,W,N,F,33,True,False,PLAINFIELD,00000 LATHROP RD,41 39 28.1088000000,71 54 37.6560000000,V,G,1.0,0,14-12(a)*,,False,N,False,False,W,,,,,False,1.0,CTCSP0000,133948118182702696,2025-04-15 19:35:55.223000,19:35:55.223000,2025,,,Registration,2025
2025-06-19 09:04:23.780000,7506707.0,CTCSP0500,CSP Troop D,Racial Profile,1000004675,2500140716,Incident ID,2025-04-15 00:00:00,April,W,N,M,25,True,False,KILLINGLY,"00000 I 395  (KILLINGLY, T069)",41 48 49.6404000000,71 52 14.9880000000,V,G,1.0,0,14-12(a)*,,False,N,False,False,I,,,,,False,1.0,CTCSP0000,133948118182702696,2025-04-15 20:25:11.717000,20:25:11.717000,2025,,,Registration,2025
2025-06-19 09:04:23.953000,7506740.0,CTCSP0500,CSP Troop D,Racial Profile,1000004856,2500140689,Incident ID,2025-04-15 00:00:00,April,W,N,M,40,False,False,THOMPSON,"00000 RIVERSIDE DR (THOMPSON, T141)",41 57 23.1336000000,71 52 54.3360000000,V,G,1.0,0,14-232(a)(1),,False,N,False,False,V,,,,,False,1.0,CTCSP0000,133948118182702696,2025-04-15 19:57:28.237000,19:57:28.237000,2025,,,Moving Violation,2025
2025-06-19 09:04:24.027000,7506759.0,CTCSP0500,CSP Troop D,Racial Profile,1000004968,2500140497,Incident ID,2025-04-15 00:00:00,April,W,N,F,31,True,True,CANTERBURY,00000 WESTMINSTER RD,41 41 51.7200000000,71 59 44.0880000000,V,G,1.0,0,14-12(a),,False,N,False,False,W,,,,,False,1.0,CTCSP0000,133948118182702696,2025-04-15 16:37:06.500000,16:37:06.500000,2025,,,Registration,2025
2025-06-19 09:04:23.080000,7506473.0,CTCSP0500,CSP Troop D,Racial Profile,1000001983,2500140529,Incident ID,2025-04-15 00:00:00,April,W,N,F,74,True,False,CHAPLIN,"00345 HAMPTON RD (CHAPLIN, T024)",41 46 2.6364000000,72 6 15.1920000000,V,G,1.0,0,14-219(b),,False,N,False,False,I,,,,,False,1.0,CTCSP0000,133948118182702696,2025-04-15 17:04:49.360000,17:04:49.360000,2025,,,Speed Related,2025
2025-06-19 09:04:23.283000,7506530.0,CTCSP0500,CSP Troop D,Racial Profile,1000002373,2500139773,Incident ID,2025-04-15 00:00:00,April,B,N,M,62,True,False,KILLINGLY,"00000 GOVERNOR JOHN DAVIS LODGE TPKE (KILLINGLY, T069)",41 46 45.7140000000,71 50 12.1560000000,V,G,1.0,0,14-218a,,False,N,False,False,I,,,,,False,1.0,CTCSP0000,133948118182702696,2025-04-15 07:37:36.557000,07:37:36.557000,2025,,,Speed Related,2025
2025-06-19 09:04:23.290000,7506533.0,CTCSP0500,CSP Troop D,Racial Profile,1000002373,2500139892,Incident ID,2025-04-15 00:00:00,April,W,N,F,30,True,False,KILLINGLY,"00000 GOVERNOR JOHN DAVIS LODGE TPKE (KILLINGLY, T069)",41 46 33.7692000000,71 50 49.3800000000,V,G,1.0,0,14-218a,,False,N,False,False,I,,,,,False,1.0,CTCSP0000,133948118182702696,2025-04-15 09:01:36.727000,09:01:36.727000,2025,,,Speed Related,2025
2025-06-19 09:04:23.297000,7506536.0,CTCSP0500,CSP Troop D,Racial Profile,1000002373,2500139948,Incident ID,2025-04-15 00:00:00,April,W,H,M,42,True,False,KILLINGLY,"00000 GOVERNOR JOHN DAVIS LODGE TPKE (KILLINGLY, T069)",41 47 4.2684000000,71 49 4.9800000000,V,G,1.0,0,14-218a,,False,N,False,False,I,,,,,False,1.0,CTCSP0000,133948118182702696,2025-04-15 09:45:31.733000,09:45:31.733000,2025,,,Speed Related,2025
2025-06-19 09:04:23.303000,7506539.0,CTCSP0500,CSP Troop D,Racial Profile,1000002373,2500140204,Incident ID,2025-04-15 00:00:00,April,W,H,F,55,True,False,KILLINGLY,"00000 GOVERNOR JOHN DAVIS LODGE TPKE (KILLINGLY, T069)",41 46 45.7140000000,71 50 12.1560000000,V,G,1.0,0,14-218a,,False,N,False,False,I,,,,,False,1.0,CTCSP0000,133948118182702696,2025-04-15 13:18:09.217000,13:18:09.217000,2025,,,Speed Related,2025
2025-06-19 09:04:23.310000,7506541.0,CTCSP0500,CSP Troop D,Racial Profile,1000002622,2500140076,Incident ID,2025-04-15 00:00:00,April,W,N,M,65,True,False,EAST LYME,I95 x73 SB,41 20 49.6032000000,72 13 33.7080000000,V,G,1.0,0,14-219,,False,N,False,False,V,,,,,False,1.0,CTCSP0000,133948118182702696,2025-04-15 11:32:49.817000,11:32:49.817000,2025,14-219,,Speed Related,2025
2025-06-19 09:04:23.780000,7506706.0,CTCSP0500,CSP Troop D,Racial Profile,1000004675,2500140698,Incident ID,2025-04-15 00:00:00,April,W,N,F,41,True,False,PLAINFIELD,00000 I 395 ,41 45 45.5220000000,71 52 20.2800000000,V,G,1.0,0,14-12(a)*,,False,N,False,False,W,,,,,False,1.0,CTCSP0000,133948118182702696,2025-04-15 20:02:45.143000,20:02:45.143000,2025,,,Registration,2025
2025-06-19 09:04:23.957000,7506741.0,CTCSP0500,CSP Troop D,Racial Profile,1000004856,2500141905,Incident ID,2025-04-16 00:00:00,April,B,N,M,75,True,True,PUTNAM,"00000 KENNEDY DR (PUTNAM, T116)",41 54 9.0900000000,71 54 8.4240000000,V,G,1.0,0,14-236,,False,N,False,False,V,,,,,False,1.0,CTCSP0000,133948118182702696,2025-04-16 17:22:53.770000,17:22:53.770000,2025,,,Moving Violation,2025
2025-06-19 09:04:24.073000,7506774.0,CTCSP0500,CSP Troop D,Racial Profile,1000005069,2500141476,Incident ID,2025-04-16 00:00:00,April,W,N,M,74,False,False,THOMPSON,"00000 I 395  (THOMPSON, T141)",41 58 56.7156000000,71 51 17.6400000000,V,G,1.0,0,14-219(c)(1),,False,N,False,False,V,,,,,False,1.0,CTCSP0000,133948118182702696,2025-04-16 11:53:05.483000,11:53:05.483000,2025,14-219(c)(1),,Speed Related,2025
2025-06-19 09:04:23.870000,7506718.0,CTCSP0500,CSP Troop D,Racial Profile,1000004678,2500141035,Incident ID,2025-04-16 00:00:00,April,A,N,F,56,False,False,BROOKLYN,Rt 6 Brooklyn,41 46 57.0360000000,71 58 37.9560000000,I,G,1.0,0,14-219,,False,N,False,False,V,,,,,False,1.0,CTCSP0000,133948118182702696,2025-04-16 03:39:23.160000,03:39:23.160000,2025,,,Speed Related,2025
2025-06-19 09:04:23.913000,7506729.0,CTCSP0500,CSP Troop D,Racial Profile,1000004777,2500140961,Incident ID,2025-04-16 00:00:00,April,W,N,F,58,True,True,KILLINGLY,RT 6 ,41 47 39.3360000000,71 47 38.5368000000,V,G,1.0,0,14-236,,False,N,False,False,I,,,,,False,1.0,CTCSP0000,133948118182702696,2025-04-16 00:56:30.340000,00:56:30.340000,2025,14-236,,Moving Violation,2025
2025-06-19 09:04:23.120000,7506489.0,CTCSP0500,CSP Troop D,Racial Profile,1000002266,2500143437,Incident ID,2025-04-17 00:00:00,April,W,N,F,23,False,False,THOMPSON,"00000 I 395  (THOMPSON, T141)",41 57 12.5640000000,71 52 49.9440000000,V,B,1.0,0,14-298,,False,N,False,False,I,,,,,False,1.0,CTCSP0000,133948118182702696,2025-04-17 18:50:10.293000,18:50:10.293000,2025,,,STC Violation,2025
2025-06-19 09:04:23.120000,7506490.0,CTCSP0500,CSP Troop D,Racial Profile,1000002266,2500143463,Incident ID,2025-04-17 00:00:00,April,W,H,M,27,False,False,THOMPSON,"00000 I 395  (THOMPSON, T141)",41 56 49.7544000000,71 52 52.8240000000,V,B,1.0,0,14-222,,False,N,False,False,M,,,,,False,1.0,CTCSP0000,133948118182702696,2025-04-17 19:04:01.653000,19:04:01.653000,2025,,,Speed Related,2025
2025-06-19 09:04:23.400000,7506576.0,CTCSP0500,CSP Troop D,Racial Profile,1000004012,2500142592,Incident ID,2025-04-17 00:00:00,April,W,H,F,45,True,True,CHAPLIN,"00000 PHOENIXVILLE RD (CHAPLIN, T024)",41 48 18.6696000000,72 7 21.6480000000,V,B,1.0,0,14-298,,False,N,False,False,I,,,,,False,1.0,CTCSP0000,133948118182702696,2025-04-17 08:23:25.573000,08:23:25.573000,2025,,,STC Violation,2025
2025-06-19 09:04:23.407000,7506579.0,CTCSP0500,CSP Troop D,Racial Profile,1000004012,2500142715,Incident ID,2025-04-17 00:00:00,April,W,N,F,41,True,True,CHAPLIN,"00000 PHOENIXVILLE RD (CHAPLIN, T024)",41 48 18.6696000000,72 7 21.6480000000,V,B,1.0,0,14-298,,False,N,False,False,I,,,,,False,1.0,CTCSP0000,133948118182702696,2025-04-17 09:55:48.857000,09:55:48.857000,2025,,,STC Violation,2025
2025-06-19 09:04:23.417000,7506582.0,CTCSP0500,CSP Troop D,Racial Profile,1000004012,2500142848,Incident ID,2025-04-17 00:00:00,April,I,N,M,68,True,True,CHAPLIN,"00000 PHOENIXVILLE RD (CHAPLIN, T024)",41 48 18.6696000000,72 7 21.6480000000,V,B,1.0,0,14-298,,False,N,False,False,I,,,,,False,1.0,CTCSP0000,133948118182702696,2025-04-17 11:53:56.230000,11:53:56.230000,2025,,,STC Violation,2025
2025-06-19 09:04:23.130000,7506493.0,CTCSP0500,CSP Troop D,Racial Profile,1000002266,2500143520,Incident ID,2025-04-17 00:00:00,April,W,N,M,38,True,False,KILLINGLY,"00000 EXIT 37 I 395 N  (KILLINGLY, T069)",41 47 35.4480000000,71 52 35.6880000000,V,B,1.0,0,14-298,,False,N,False,False,I,,,,,False,1.0,CTCSP0000,133948118182702696,2025-04-17 20:04:14.080000,20:04:14.080000,2025,,,STC Violation,2025
2025-06-19 09:04:23.130000,7506494.0,CTCSP0500,CSP Troop D,Racial Profile,1000002266,2500143550,Incident ID,2025-04-17 00:00:00,April,B,N,M,46,False,False,KILLINGLY,"00000 I 395  (KILLINGLY, T069)",41 48 32.3496000000,71 52 19.8480000000,V,B,1.0,0,14-298,,False,N,False,False,I,,,,,False,1.0,CTCSP0000,133948118182702696,2025-04-17 20:31:32.803000,20:31:32.803000,2025,,,STC Violation,2025
2025-06-19 09:04:23.123000,7506491.0,CTCSP0500,CSP Troop D,Racial Profile,1000002266,2500143487,Incident ID,2025-04-17 00:00:00,April,W,N,F,30,False,False,THOMPSON,"00000 I 395  (THOMPSON, T141)",41 57 37.6164000000,71 52 34.5360000000,V,B,1.0,0,14-298,,False,N,False,False,I,,,,,False,1.0,CTCSP0000,133948118182702696,2025-04-17 19:25:12.423000,19:25:12.423000,2025,,,STC Violation,2025
2025-06-19 09:04:23.133000,7506495.0,CTCSP0500,CSP Troop D,Racial Profile,1000002266,2500143566,Incident ID,2025-04-17 00:00:00,April,B,N,M,30,True,True,PUTNAM,"00000 I 395  (PUTNAM, T116)",41 54 18.0504000000,71 53 41.5680000000,V,B,2.0,1,14-222,,False,N,False,False,M,,,,,False,1.0,CTCSP0000,133948118182702696,2025-04-17 20:56:03.380000,20:56:03.380000,2025,14-36(a),,Speed Related,2025
2025-06-19 09:04:23.313000,7506543.0,CTCSP0500,CSP Troop D,Racial Profile,1000002622,2500142647,Incident ID,2025-04-17 00:00:00,April,W,N,M,43,True,False,WATERFORD,I-95 SB X81,41 22 10.0056000000,72 10 14.1240000000,V,G,1.0,0,14-219,,False,N,False,False,I,,,,,False,1.0,CTCSP0000,133948118182702696,2025-04-17 08:51:02.093000,08:51:02.093000,2025,,,Speed Related,2025
2025-06-19 09:04:23.317000,7506544.0,CTCSP0500,CSP Troop D,Racial Profile,1000002622,2500142865,Incident ID,2025-04-17 00:00:00,April,A,N,M,27,True,False,EAST LYME,"00000 I 95  (EAST LYME, T045)",41 20 55.3020000000,72 13 26.5440000000,V,G,1.0,0,14-219(c)(1),,False,N,False,False,I,,,,,False,1.0,CTCSP0000,133948118182702696,2025-04-17 12:01:35.027000,12:01:35.027000,2025,,,Speed Related,2025
2025-06-19 09:04:23.413000,7506581.0,CTCSP0500,CSP Troop D,Racial Profile,1000004012,2500142809,Incident ID,2025-04-17 00:00:00,April,B,N,M,59,True,True,CHAPLIN,"00000 N BEAR HILL RD (CHAPLIN, T024)",41 48 0.6840000000,72 7 30.4320000000,V,B,1.0,0,14-298,,False,N,False,False,I,,,,,False,1.0,CTCSP0000,133948118182702696,2025-04-17 11:16:24.330000,11:16:24.330000,2025,,,STC Violation,2025
2025-06-19 09:04:23.430000,7506585.0,CTCSP0500,CSP Troop D,Racial Profile,1000004012,2500143007,Incident ID,2025-04-17 00:00:00,April,W,N,F,54,True,True,CHAPLIN,"00000 PUMPKIN HILL RD (CHAPLIN, T024)",41 48 18.7632000000,72 7 22.8000000000,V,B,1.0,0,14-298,,False,N,False,False,I,,,,,False,1.0,CTCSP0000,133948118182702696,2025-04-17 14:10:16.100000,14:10:16.100000,2025,,,STC Violation,2025
2025-06-19 09:04:23.397000,7506574.0,CTCSP0500,CSP Troop D,Racial Profile,1000004012,2500142564,Incident ID,2025-04-17 00:00:00,April,W,N,F,33,True,True,CHAPLIN,"00000 PHOENIXVILLE RD (CHAPLIN, T024)",41 48 2.7324000000,72 7 29.7120000000,V,B,1.0,0,14-298,,False,N,False,False,V,,,,,False,1.0,CTCSP0000,133948118182702696,2025-04-17 08:00:57.870000,08:00:57.870000,2025,,,STC Violation,2025
2025-06-19 09:04:23.397000,7506575.0,CTCSP0500,CSP Troop D,Racial Profile,1000004012,2500142574,Incident ID,2025-04-17 00:00:00,April,W,N,M,74,True,True,CHAPLIN,"00000 PHOENIXVILLE RD (CHAPLIN, T024)",41 48 18.6696000000,72 7 21.6480000000,V,B,1.0,0,14-298,,False,N,False,False,I,,,,,False,1.0,CTCSP0000,133948118182702696,2025-04-17 08:09:18.123000,08:09:18.123000,2025,,,STC Violation,2025
2025-06-19 09:04:23.403000,7506577.0,CTCSP0500,CSP Troop D,Racial Profile,1000004012,2500142610,Incident ID,2025-04-17 00:00:00,April,W,N,F,23,True,True,CHAPLIN,"00000 PHOENIXVILLE RD (CHAPLIN, T024)",41 48 18.6696000000,72 7 21.6480000000,V,B,1.0,0,14-298,,False,N,False,False,I,,,,,False,1.0,CTCSP0000,133948118182702696,2025-04-17 08:35:02.703000,08:35:02.703000,2025,,,STC Violation,2025
2025-06-19 09:04:23.403000,7506578.0,CTCSP0500,CSP Troop D,Racial Profile,1000004012,2500142687,Incident ID,2025-04-17 00:00:00,April,W,N,M,81,True,True,CHAPLIN,"00000 PHOENIXVILLE RD (CHAPLIN, T024)",41 48 18.6696000000,72 7 21.6480000000,V,B,1.0,0,14-298,,False,N,False,False,I,,,,,False,1.0,CTCSP0000,133948118182702696,2025-04-17 09:28:58.147000,09:28:58.147000,2025,,,STC Violation,2025
2025-06-19 09:04:23.423000,7506583.0,CTCSP0500,CSP Troop D,Racial Profile,1000004012,2500142899,Incident ID,2025-04-17 00:00:00,April,I,N,F,21,False,False,CHAPLIN,"00000 HAMPTON RD (CHAPLIN, T024)",41 46 4.1052000000,72 6 2.5920000000,V,B,1.0,0,14-298,,False,N,False,False,I,,,,,False,1.0,CTCSP0000,133948118182702696,2025-04-17 12:30:52.283000,12:30:52.283000,2025,,,STC Violation,2025
2025-06-19 09:04:23.427000,7506584.0,CTCSP0500,CSP Troop D,Racial Profile,1000004012,2500142931,Incident ID,2025-04-17 00:00:00,April,W,H,M,23,False,False,CHAPLIN,"00000 HAMPTON RD (CHAPLIN, T024)",41 46 15.8268000000,72 7 52.7880000000,V,B,3.0,1,14-219(b),,False,N,False,False,I,,,,,False,1.0,CTCSP0000,133948118182702696,2025-04-17 12:59:04.440000,12:59:04.440000,2025,,,Speed Related,2025
2025-06-19 09:04:23.937000,7506734.0,CTCSP0500,CSP Troop D,Racial Profile,1000004779,2500143571,Incident ID,2025-04-17 00:00:00,April,W,N,M,30,False,False,PUTNAM,00000 EXIT 45 I 395 N ,41 53 55.1508000000,71 53 55.7880000000,V,G,1.0,0,14-96a(a),,False,N,False,False,W,,,,,False,1.0,CTCSP0000,133948118182702696,2025-04-17 21:00:11.270000,21:00:11.270000,2025,,,Defective Lights,2025
2025-06-19 09:04:24.033000,7506762.0,CTCSP0500,CSP Troop D,Racial Profile,1000004968,2500143513,Incident ID,2025-04-17 00:00:00,April,W,N,M,28,True,False,BROOKLYN,00000 PROVIDENCE RD,41 47 44.8044000000,71 55 58.2600000000,V,G,1.0,0,14-12(a),,False,N,False,False,W,,,,,False,1.0,CTCSP0000,133948118182702696,2025-04-17 19:55:12.010000,19:55:12.010000,2025,,,Registration,2025
2025-06-19 09:04:24.030000,7506761.0,CTCSP0500,CSP Troop D,Racial Profile,1000004968,2500143349,Incident ID,2025-04-17 00:00:00,April,W,N,M,42,True,True,CANTERBURY,00000 LISBON RD,41 41 38.2956000000,72 0 1.6560000000,V,G,1.0,0,14-12(a),,False,N,False,False,W,,,,,False,1.0,CTCSP0000,133948118182702696,2025-04-17 17:44:16.893000,17:44:16.893000,2025,,,Registration,2025
2025-06-19 09:04:24.077000,7506775.0,CTCSP0500,CSP Troop D,Racial Profile,1000005069,2500142941,Incident ID,2025-04-17 00:00:00,April,W,N,F,37,False,False,KILLINGLY,"00000 GOVERNOR JOHN DAVIS LODGE TPKE (KILLINGLY, T069)",41 47 15.0180000000,71 48 26.0640000000,V,G,1.0,0,14-219(c)(1),,False,N,False,False,W,,,,,False,1.0,CTCSP0000,133948118182702696,2025-04-17 13:11:29.140000,13:11:29.140000,2025,14-219(c)(1),,Speed Related,2025
2025-06-19 09:04:23.117000,7506488.0,CTCSP0500,CSP Troop D,Racial Profile,1000002266,2500143414,Incident ID,2025-04-17 00:00:00,April,W,N,M,53,False,False,THOMPSON,"00000 I 395  (THOMPSON, T141)",41 57 12.5640000000,71 52 49.9440000000,V,B,1.0,0,14-222,,False,N,False,False,M,,,,,False,1.0,CTCSP0000,133948118182702696,2025-04-17 18:28:45.120000,18:28:45.120000,2025,,,Speed Related,2025
2025-06-19 09:04:23.127000,7506492.0,CTCSP0500,CSP Troop D,Racial Profile,1000002266,2500143497,Incident ID,2025-04-17 00:00:00,April,I,N,M,46,False,False,THOMPSON,"00000 I 395  (THOMPSON, T141)",41 57 12.5640000000,71 52 49.9440000000,V,B,1.0,0,14-298,,False,N,False,False,I,,,,,False,1.0,CTCSP0000,133948118182702696,2025-04-17 19:36:26.800000,19:36:26.800000,2025,,,STC Violation,2025
2025-06-19 09:04:23.310000,7506542.0,CTCSP0500,CSP Troop D,Racial Profile,1000002622,2500142593,Incident ID,2025-04-17 00:00:00,April,W,H,M,32,True,False,WATERFORD,i-95 sb x81,41 22 23.5200000000,72 11 0.0600000000,V,G,1.0,0,14-219,,False,N,False,False,V,,,,,False,1.0,CTCSP0000,133948118182702696,2025-04-17 08:24:09.137000,08:24:09.137000,2025,,,Speed Related,2025
2025-06-19 09:04:23.393000,7506573.0,CTCSP0500,CSP Troop D,Racial Profile,1000004012,2500142538,Incident ID,2025-04-17 00:00:00,April,W,N,F,32,True,True,CHAPLIN,"Route 6 EB, Chaplin, CT",41 46 15.8268000000,72 7 52.7880000000,V,B,1.0,0,14-298,,False,N,False,False,V,,,,,False,1.0,CTCSP0000,133948118182702696,2025-04-17 07:43:30.080000,07:43:30.080000,2025,,,STC Violation,2025
2025-06-19 09:04:23.410000,7506580.0,CTCSP0500,CSP Troop D,Racial Profile,1000004012,2500142770,Incident ID,2025-04-17 00:00:00,April,W,N,M,73,False,False,CHAPLIN,"00000 PHOENIXVILLE RD (CHAPLIN, T024)",41 48 18.6696000000,72 7 21.6480000000,V,B,2.0,0,14-298,,False,N,False,False,V,,,,,False,1.0,CTCSP0000,133948118182702696,2025-04-17 10:39:53.263000,10:39:53.263000,2025,,,STC Violation,2025
2025-06-19 09:04:23.950000,7506738.0,CTCSP0500,CSP Troop D,Racial Profile,1000004799,2500142452,Incident ID,2025-04-17 00:00:00,April,W,N,M,54,True,False,EASTFORD,rt-44,41 52 17.8932000000,72 3 38.1960000000,V,B,1.0,0,14-218(a),,False,N,False,False,V,,,,,False,1.0,CTCSP0000,133948118182702696,2025-04-17 06:30:43.863000,06:30:43.863000,2025,,,Speed Related,2025
2025-06-19 09:04:24.030000,7506760.0,CTCSP0500,CSP Troop D,Racial Profile,1000004968,2500143218,Incident ID,2025-04-17 00:00:00,April,W,N,M,29,True,True,KILLINGLY,00000 RT 6 ,41 47 40.5168000000,71 52 49.4040000000,V,G,1.0,0,14-12(a),,False,N,False,False,W,,,,,False,1.0,CTCSP0000,133948118182702696,2025-04-17 16:26:26.340000,16:26:26.340000,2025,,,Registration,2025
2025-06-19 09:04:23.137000,7506496.0,CTCSP0500,CSP Troop D,Racial Profile,1000002266,2500144831,Incident ID,2025-04-18 00:00:00,April,W,N,F,22,True,False,THOMPSON,"00000 I 395  (THOMPSON, T141)",41 56 32.9316000000,71 52 45.6240000000,V,B,1.0,0,14-298,,False,N,False,False,I,,,,,False,1.0,CTCSP0000,133948118182702696,2025-04-18 18:15:49.253000,18:15:49.253000,2025,,,STC Violation,2025
2025-06-19 09:04:23.147000,7506498.0,CTCSP0500,CSP Troop D,Racial Profile,1000002266,2500144872,Incident ID,2025-04-18 00:00:00,April,W,N,M,44,False,False,PLAINFIELD,00000 I 395 ,41 38 58.9452000000,71 55 50.9880000000,V,B,1.0,0,14-219(c)(1),,False,N,False,False,W,,,,,False,1.0,CTCSP0000,133948118182702696,2025-04-18 18:53:24.173000,18:53:24.173000,2025,,,Speed Related,2025
2025-06-19 09:04:23.153000,7506500.0,CTCSP0500,CSP Troop D,Racial Profile,1000002266,2500144888,Incident ID,2025-04-18 00:00:00,April,W,N,M,24,False,False,PLAINFIELD,00000 I 395 ,41 39 18.9324000000,71 55 29.6400000000,V,B,1.0,0,14-219(c)(1),,False,N,False,False,W,,,,,False,1.0,CTCSP0000,133948118182702696,2025-04-18 19:12:20.317000,19:12:20.317000,2025,,,Speed Related,2025
2025-06-19 09:04:23.160000,7506501.0,CTCSP0500,CSP Troop D,Racial Profile,1000002266,2500144970,Incident ID,2025-04-18 00:00:00,April,W,N,M,57,True,False,PLAINFIELD,"00000 I 395  (PLAINFIELD, T109)",41 39 18.9324000000,71 55 29.6400000000,V,B,1.0,0,14-298,,False,N,False,False,I,,,,,False,1.0,CTCSP0000,133948118182702696,2025-04-18 20:52:38.677000,20:52:38.677000,2025,,,STC Violation,2025
2025-06-19 09:04:23.353000,7506555.0,CTCSP0500,CSP Troop D,Racial Profile,1000002753,2500144249,Incident ID,2025-04-18 00:00:00,April,W,N,M,57,False,False,KILLINGLY,i395 nb x41 t069,41 50 22.5492000000,71 52 39.8280000000,V,B,1.0,0,14-296aa(b),,False,N,False,False,V,,,,,False,1.0,CTCSP0000,133948118182702696,2025-04-18 10:49:31.737000,10:49:31.737000,2025,,,Cell Phone,2025
2025-06-19 09:04:23.430000,7506586.0,CTCSP0500,CSP Troop D,Racial Profile,1000004012,2500144071,Incident ID,2025-04-18 00:00:00,April,W,N,M,27,True,True,CHAPLIN,"00000 WILLIMANTIC RD (CHAPLIN, T024)",41 45 44.1036000000,72 8 29.1840000000,V,B,1.0,0,14-298,,False,N,False,False,I,,,,,False,1.0,CTCSP0000,133948118182702696,2025-04-18 09:01:09.607000,09:01:09.607000,2025,,,STC Violation,2025
2025-06-19 09:04:23.440000,7506588.0,CTCSP0500,CSP Troop D,Racial Profile,1000004012,2500144192,Incident ID,2025-04-18 00:00:00,April,W,N,M,45,True,True,CHAPLIN,"00000 HAMPTON RD (CHAPLIN, T024)",41 46 14.9232000000,72 7 43.0320000000,V,B,1.0,0,14-298,,False,N,False,False,I,,,,,False,1.0,CTCSP0000,133948118182702696,2025-04-18 10:17:32.800000,10:17:32.800000,2025,,,STC Violation,2025
2025-06-19 09:04:23.150000,7506499.0,CTCSP0500,CSP Troop D,Racial Profile,1000002266,2500144880,Incident ID,2025-04-18 00:00:00,April,W,N,M,52,True,False,PLAINFIELD,"00000 I 395  (PLAINFIELD, T109)",41 38 44.3436000000,71 56 3.5520000000,V,B,1.0,0,14-298,,False,N,False,False,I,,,,,False,1.0,CTCSP0000,133948118182702696,2025-04-18 19:04:39.803000,19:04:39.803000,2025,,,STC Violation,2025
2025-06-19 09:04:23.170000,7506503.0,CTCSP0500,CSP Troop D,Racial Profile,1000002266,2500144996,Incident ID,2025-04-18 00:00:00,April,W,N,F,36,True,False,PLAINFIELD,"00000 I 395  (PLAINFIELD, T109)",41 39 18.9324000000,71 55 29.6400000000,V,B,1.0,0,14-298,,False,N,False,False,I,,,,,False,1.0,CTCSP0000,133948118182702696,2025-04-18 21:24:03.733000,21:24:03.733000,2025,,,STC Violation,2025
2025-06-19 09:04:23.167000,7506502.0,CTCSP0500,CSP Troop D,Racial Profile,1000002266,2500144983,Incident ID,2025-04-18 00:00:00,April,W,N,M,42,True,False,PLAINFIELD,"00000 I 395  (PLAINFIELD, T109)",41 39 43.1532000000,71 55 3.6120000000,V,B,1.0,0,14-298,,False,N,False,False,I,,,,,False,1.0,CTCSP0000,133948118182702696,2025-04-18 21:11:37.587000,21:11:37.587000,2025,,,STC Violation,2025
2025-06-19 09:04:23.447000,7506591.0,CTCSP0500,CSP Troop D,Racial Profile,1000004012,2500144280,Incident ID,2025-04-18 00:00:00,April,W,H,M,60,True,True,CHAPLIN,"00000 HAMPTON RD (CHAPLIN, T024)",41 46 3.2340000000,72 6 54.0720000000,V,B,1.0,0,14-236,,False,N,False,False,I,,,,,False,1.0,CTCSP0000,133948118182702696,2025-04-18 11:08:12.020000,11:08:12.020000,2025,,,Moving Violation,2025
2025-06-19 09:04:23.450000,7506593.0,CTCSP0500,CSP Troop D,Racial Profile,1000004012,2500144334,Incident ID,2025-04-18 00:00:00,April,W,N,F,27,True,True,CHAPLIN,"00000 PHOENIXVILLE RD (CHAPLIN, T024)",41 46 36.4404000000,72 7 52.9680000000,V,B,1.0,0,14-219,,False,N,False,False,V,,,,,False,1.0,CTCSP0000,133948118182702696,2025-04-18 11:49:44.130000,11:49:44.130000,2025,,,Speed Related,2025
2025-06-19 09:04:23.440000,7506589.0,CTCSP0500,CSP Troop D,Racial Profile,1000004012,2500144230,Incident ID,2025-04-18 00:00:00,April,W,N,M,67,True,True,CHAPLIN,"00000 HAMPTON RD (CHAPLIN, T024)",41 46 14.9232000000,72 7 43.0320000000,V,B,1.0,0,14-219,,False,N,False,False,V,,,,,False,1.0,CTCSP0000,133948118182702696,2025-04-18 10:39:41.017000,10:39:41.017000,2025,,,Speed Related,2025
2025-06-19 09:04:23.443000,7506590.0,CTCSP0500,CSP Troop D,Racial Profile,1000004012,2500144255,Incident ID,2025-04-18 00:00:00,April,W,N,F,47,True,True,CHAPLIN,"00000 WILLIMANTIC RD (CHAPLIN, T024)",41 46 10.2720000000,72 8 13.6680000000,V,B,1.0,0,14-298,,False,N,False,False,I,,,,,False,1.0,CTCSP0000,133948118182702696,2025-04-18 10:53:02.260000,10:53:02.260000,2025,,,STC Violation,2025
2025-06-19 09:04:23.450000,7506592.0,CTCSP0500,CSP Troop D,Racial Profile,1000004012,2500144312,Incident ID,2025-04-18 00:00:00,April,B,N,M,35,True,True,CHAPLIN,"00000 PHOENIXVILLE RD (CHAPLIN, T024)",41 48 2.7324000000,72 7 29.7120000000,V,B,1.0,0,14-298,,False,N,False,False,I,,,,,False,1.0,CTCSP0000,133948118182702696,2025-04-18 11:30:56.010000,11:30:56.010000,2025,,,STC Violation,2025
2025-06-19 09:04:24.053000,7506769.0,CTCSP0500,CSP Troop D,Racial Profile,1000004975,2500144480,Incident ID,2025-04-18 00:00:00,April,W,N,M,47,True,False,POMFRET,00000 KEARNEY RD,41 50 50.9460000000,71 56 44.4120000000,V,G,1.0,0,14-12(a)*,,False,N,False,False,W,,,,,False,1.0,CTCSP0000,133948118182702696,2025-04-18 13:50:52.970000,13:50:52.970000,2025,,,Registration,2025
2025-06-19 09:04:23.887000,7506719.0,CTCSP0500,CSP Troop D,Racial Profile,1000004678,2500143843,Incident ID,2025-04-18 00:00:00,April,W,N,F,32,True,False,BROOKLYN,00000 PROVIDENCE RD,41 47 46.5684000000,71 55 14.2320000000,E,G,1.0,0,14-96a(a),,False,N,False,False,W,,,,,False,1.0,CTCSP0000,133948118182702696,2025-04-18 03:17:54.147000,03:17:54.147000,2025,,,Defective Lights,2025
2025-06-19 09:04:24.080000,7506776.0,CTCSP0500,CSP Troop D,Racial Profile,1000005069,2500144302,Incident ID,2025-04-18 00:00:00,April,W,N,F,34,True,True,PUTNAM,"00000 I 395  (PUTNAM, T116)",41 55 11.3628000000,71 53 13.9920000000,V,G,1.0,0,14-219(c)(1),,False,N,False,False,I,,,,,False,1.0,CTCSP0000,133948118182702696,2025-04-18 11:22:08.750000,11:22:08.750000,2025,14-298,,Speed Related,2025
2025-06-19 09:04:24.080000,7506777.0,CTCSP0500,CSP Troop D,Racial Profile,1000005069,2500144350,Incident ID,2025-04-18 00:00:00,April,W,N,M,65,True,True,KILLINGLY,"00000 PUTNAM PIKE (KILLINGLY, T069)",41 52 6.2940000000,71 52 50.3040000000,V,G,1.0,0,14-12(a)*,,False,N,False,False,W,,,,,False,1.0,CTCSP0000,133948118182702696,2025-04-18 12:01:23.033000,12:01:23.033000,2025,14-12(a)*,,Registration,2025
2025-06-19 09:04:23.143000,7506497.0,CTCSP0500,CSP Troop D,Racial Profile,1000002266,2500144852,Incident ID,2025-04-18 00:00:00,April,W,N,M,25,False,False,PLAINFIELD,"00000 I 395  (PLAINFIELD, T109)",41 39 18.9324000000,71 55 29.6400000000,V,B,1.0,0,14-222,,False,N,False,False,M,,,,,False,1.0,CTCSP0000,133948118182702696,2025-04-18 18:38:34.853000,18:38:34.853000,2025,,,Speed Related,2025
2025-06-19 09:04:23.433000,7506587.0,CTCSP0500,CSP Troop D,Racial Profile,1000004012,2500144120,Incident ID,2025-04-18 00:00:00,April,W,N,M,54,True,True,CHAPLIN,"00000 PHOENIXVILLE RD (CHAPLIN, T024)",41 48 18.6696000000,72 7 21.6480000000,V,B,2.0,0,14-298,,False,N,False,False,I,,,,,False,1.0,CTCSP0000,133948118182702696,2025-04-18 09:36:57.463000,09:36:57.463000,2025,,,STC Violation,2025
2025-06-19 09:04:23.360000,7506558.0,CTCSP0500,CSP Troop D,Racial Profile,1000003380,2500145768,Incident ID,2025-04-19 00:00:00,April,B,N,M,35,True,False,KILLINGLY,00000 MAIN ST,41 48 18.2304000000,71 53 1.9680000000,V,G,1.0,0,14-12(a),,False,N,False,False,W,,,,,False,1.0,CTCSP0000,133948118182702696,2025-04-19 13:39:31.023000,13:39:31.023000,2025,,,Registration,2025
2025-06-19 09:04:23.697000,7506670.0,CTCSP0500,CSP Troop D,Racial Profile,1000004409,2500146084,Incident ID,2025-04-19 00:00:00,April,W,N,M,30,True,False,PLAINFIELD,"00000 I 395  (PLAINFIELD, T109)",41 39 22.2660000000,71 55 25.9680000000,V,B,1.0,0,14-298,,False,N,False,False,I,,,,,False,1.0,CTCSP0000,133948118182702696,2025-04-19 17:09:54.260000,17:09:54.260000,2025,,,STC Violation,2025
2025-06-19 09:04:23.367000,7506562.0,CTCSP0500,CSP Troop D,Racial Profile,1000003512,2500146428,Incident ID,2025-04-19 00:00:00,April,W,N,M,30,True,True,NORWICH,i-395,41 34 39.8028000000,72 4 33.8880000000,V,B,1.0,0,14-219,,False,N,False,False,V,,,,,False,1.0,CTCSP0000,133948118182702696,2025-04-19 22:57:53.650000,22:57:53.650000,2025,,,Speed Related,2025
2025-06-19 09:04:23.927000,7506730.0,CTCSP0500,CSP Troop D,Racial Profile,1000004777,2500145216,Incident ID,2025-04-19 00:00:00,April,W,N,M,37,True,False,KILLINGLY,00000 I 395 ,41 45 59.4828000000,71 52 19.5960000000,V,B,1.0,0,14-219(c)(1),,False,N,False,False,W,,,,,False,1.0,CTCSP0000,133948118182702696,2025-04-19 01:03:08.167000,01:03:08.167000,2025,,,Speed Related,2025
2025-06-19 09:04:24.083000,7506778.0,CTCSP0500,CSP Troop D,Racial Profile,1000005069,2500145725,Incident ID,2025-04-19 00:00:00,April,W,N,M,75,False,False,PUTNAM,Exit 47 I395S,41 55 34.8168000000,71 53 2.1480000000,V,G,1.0,0,14-219(c)(1),,False,N,False,False,V,,,,,False,1.0,CTCSP0000,133948118182702696,2025-04-19 12:56:07.083000,12:56:07.083000,2025,14-219(c)(1),,Speed Related,2025
2025-06-19 09:04:23.930000,7506731.0,CTCSP0500,CSP Troop D,Racial Profile,1000004777,2500145221,Incident ID,2025-04-19 00:00:00,April,W,N,F,43,False,False,PLAINFIELD,i395 sb n x 32,41 43 45.1776000000,71 53 21.4800000000,V,B,1.0,0,14-283bb,,False,N,False,False,I,,,,,False,1.0,CTCSP0000,133948118182702696,2025-04-19 01:12:42.183000,01:12:42.183000,2025,,,Other,2025
2025-06-19 09:04:23.960000,7506742.0,CTCSP0500,CSP Troop D,Racial Profile,1000004856,2500146107,Incident ID,2025-04-19 00:00:00,April,W,H,M,38,False,False,KILLINGLY,"00000 I 395  (KILLINGLY, T069)",41 47 42.3312000000,71 52 35.5080000000,V,G,1.0,0,14-220(a),,False,N,False,False,W,,,,,False,1.0,CTCSP0000,133948118182702696,2025-04-19 17:30:23.800000,17:30:23.800000,2025,,,Other,2025
2025-06-19 09:04:24.037000,7506763.0,CTCSP0500,CSP Troop D,Racial Profile,1000004968,2500146127,Incident ID,2025-04-19 00:00:00,April,W,N,F,20,True,False,KILLINGLY,00000 EXIT 37A I 395 S ,41 47 36.2544000000,71 52 36.8760000000,V,G,1.0,0,14-283b(c),,False,N,False,False,W,,,,,False,1.0,CTCSP0000,133948118182702696,2025-04-19 17:44:59.757000,17:44:59.757000,2025,,,Other,2025
2025-06-19 09:04:23.360000,7506559.0,CTCSP0500,CSP Troop D,Racial Profile,1000003380,2500147125,Incident ID,2025-04-20 00:00:00,April,W,N,M,25,True,False,POMFRET,searles,41 50 18.6900000000,71 56 6.7920000000,V,G,1.0,0,14-218,,False,N,False,False,V,,,,,False,1.0,CTCSP0000,133948118182702696,2025-04-20 16:07:08.790000,16:07:08.790000,2025,,,Speed Related,2025
2025-06-19 09:04:23.890000,7506720.0,CTCSP0500,CSP Troop D,Racial Profile,1000004678,2500146512,Incident ID,2025-04-20 00:00:00,April,I,N,M,27,True,False,KILLINGLY,RT 6/I395,41 47 40.5168000000,71 52 49.4040000000,I,G,1.0,0,14-219(c)(1),,False,N,False,False,W,,,,,False,1.0,CTCSP0000,133948118182702696,2025-04-20 00:07:03.043000,00:07:03.043000,2025,,,Speed Related,2025
2025-06-19 09:04:23.460000,7506596.0,CTCSP0500,CSP Troop D,Racial Profile,1000004012,2500148448,Incident ID,2025-04-21 00:00:00,April,W,H,M,24,True,True,CHAPLIN,"00000 PHOENIXVILLE RD (CHAPLIN, T024)",41 48 18.6696000000,72 7 21.6480000000,V,B,1.0,0,14-298,,False,N,False,False,I,,,,,False,1.0,CTCSP0000,133948118182702696,2025-04-21 16:30:24.300000,16:30:24.300000,2025,,,STC Violation,2025
2025-06-19 09:04:23.470000,7506600.0,CTCSP0500,CSP Troop D,Racial Profile,1000004012,2500148542,Incident ID,2025-04-21 00:00:00,April,W,N,F,38,True,True,CHAPLIN,"00000 PHOENIXVILLE RD (CHAPLIN, T024)",41 48 18.6696000000,72 7 21.6480000000,V,B,1.0,0,14-298,,False,N,False,False,I,,,,,False,1.0,CTCSP0000,133948118182702696,2025-04-21 17:31:30.723000,17:31:30.723000,2025,,,STC Violation,2025
2025-06-19 09:04:23.473000,7506602.0,CTCSP0500,CSP Troop D,Racial Profile,1000004012,2500148650,Incident ID,2025-04-21 00:00:00,April,W,N,F,22,True,True,CHAPLIN,"00000 PHOENIXVILLE RD (CHAPLIN, T024)",41 48 2.7324000000,72 7 29.7120000000,V,B,1.0,0,14-219(b),,False,N,False,False,I,,,,,False,1.0,CTCSP0000,133948118182702696,2025-04-21 19:07:20.443000,19:07:20.443000,2025,,,Speed Related,2025
2025-06-19 09:04:23.700000,7506671.0,CTCSP0500,CSP Troop D,Racial Profile,1000004409,2500148692,Incident ID,2025-04-21 00:00:00,April,W,N,M,49,True,False,POMFRET,00000 MASHAMOQUET RD,41 51 38.4912000000,72 0 27.5760000000,V,B,1.0,0,14-230(a),,False,N,False,False,W,,,,,False,1.0,CTCSP0000,133948118182702696,2025-04-21 19:38:22.170000,19:38:22.170000,2025,,,Moving Violation,2025
2025-06-19 09:04:23.787000,7506709.0,CTCSP0500,CSP Troop D,Racial Profile,1000004675,2500148539,Incident ID,2025-04-21 00:00:00,April,W,H,M,35,True,False,KILLINGLY,"00000 I 395  (KILLINGLY, T069)",41 48 37.1952000000,71 52 19.1640000000,V,G,1.0,0,14-147(c),,False,N,False,False,I,,,,,False,1.0,CTCSP0000,133948118182702696,2025-04-21 17:30:58.703000,17:30:58.703000,2025,,,Administrative Offense,2025
2025-06-19 09:04:23.793000,7506710.0,CTCSP0500,CSP Troop D,Racial Profile,1000004675,2500148582,Incident ID,2025-04-21 00:00:00,April,W,N,F,45,True,False,KILLINGLY,"00000 I 395  (KILLINGLY, T069)",41 48 37.1952000000,71 52 19.1640000000,V,G,1.0,0,14-12(a)*,,False,N,False,False,I,,,,,False,1.0,CTCSP0000,133948118182702696,2025-04-21 18:09:08.503000,18:09:08.503000,2025,,,Registration,2025
2025-06-19 09:04:23.467000,7506599.0,CTCSP0500,CSP Troop D,Racial Profile,1000004012,2500148514,Incident ID,2025-04-21 00:00:00,April,W,N,M,31,False,False,CHAPLIN,"00000 PHOENIXVILLE RD (CHAPLIN, T024)",41 48 18.6696000000,72 7 21.6480000000,V,B,1.0,0,14-298,,False,N,False,False,I,,,,,False,1.0,CTCSP0000,133948118182702696,2025-04-21 17:09:53.113000,17:09:53.113000,2025,,,STC Violation,2025
2025-06-19 09:04:23.470000,7506601.0,CTCSP0500,CSP Troop D,Racial Profile,1000004012,2500148624,Incident ID,2025-04-21 00:00:00,April,W,N,M,45,True,True,CHAPLIN,"00000 PHOENIXVILLE RD (CHAPLIN, T024)",41 48 18.6696000000,72 7 21.6480000000,V,B,1.0,0,14-298,,False,N,False,False,I,,,,,False,1.0,CTCSP0000,133948118182702696,2025-04-21 18:45:51.953000,18:45:51.953000,2025,,,STC Violation,2025
2025-06-19 09:04:23.483000,7506606.0,CTCSP0500,CSP Troop D,Racial Profile,1000004012,2500148764,Incident ID,2025-04-21 00:00:00,April,W,H,F,31,True,True,CHAPLIN,"00000 HAMPTON RD (CHAPLIN, T024)",41 46 2.1108000000,72 6 36.0360000000,V,B,1.0,0,14-219,,False,N,False,False,V,,,,,False,1.0,CTCSP0000,133948118182702696,2025-04-21 21:13:45.227000,21:13:45.227000,2025,,,Speed Related,2025
2025-06-19 09:04:23.483000,7506607.0,CTCSP0500,CSP Troop D,Racial Profile,1000004012,2500148830,Incident ID,2025-04-21 00:00:00,April,W,N,F,44,True,True,CHAPLIN,"00000 HAMPTON RD (CHAPLIN, T024)",41 46 1.7652000000,72 6 28.1880000000,V,B,1.0,0,14-219,,False,N,False,False,V,,,,,False,1.0,CTCSP0000,133948118182702696,2025-04-21 22:18:51.320000,22:18:51.320000,2025,,,Speed Related,2025
2025-06-19 09:04:23.453000,7506594.0,CTCSP0500,CSP Troop D,Racial Profile,1000004012,2500148361,Incident ID,2025-04-21 00:00:00,April,W,N,F,28,False,False,CHAPLIN,"00000 PHOENIXVILLE RD (CHAPLIN, T024)",41 48 49.9068000000,72 6 36.2160000000,V,B,1.0,0,14-219,,False,N,False,False,V,,,,,False,1.0,CTCSP0000,133948118182702696,2025-04-21 15:28:43.593000,15:28:43.593000,2025,,,Speed Related,2025
2025-06-19 09:04:23.457000,7506595.0,CTCSP0500,CSP Troop D,Racial Profile,1000004012,2500148404,Incident ID,2025-04-21 00:00:00,April,W,N,M,63,True,True,CHAPLIN,"00000 PHOENIXVILLE RD (CHAPLIN, T024)",41 48 0.6840000000,72 7 30.4320000000,V,B,1.0,0,14-219(b),,False,N,False,False,I,,,,,False,1.0,CTCSP0000,133948118182702696,2025-04-21 15:56:22.640000,15:56:22.640000,2025,,,Speed Related,2025
2025-06-19 09:04:23.473000,7506603.0,CTCSP0500,CSP Troop D,Racial Profile,1000004012,2500148686,Incident ID,2025-04-21 00:00:00,April,W,N,M,36,False,False,CHAPLIN,"00000 PHOENIXVILLE RD (CHAPLIN, T024)",41 48 2.7324000000,72 7 29.7120000000,V,B,1.0,0,14-298,,False,N,False,False,I,,,,,False,1.0,CTCSP0000,133948118182702696,2025-04-21 19:32:13.350000,19:32:13.350000,2025,,,STC Violation,2025
2025-06-19 09:04:23.477000,7506604.0,CTCSP0500,CSP Troop D,Racial Profile,1000004012,2500148738,Incident ID,2025-04-21 00:00:00,April,W,N,M,30,True,True,CHAPLIN,"00000 HAMPTON RD (CHAPLIN, T024)",41 46 1.7652000000,72 6 28.1880000000,V,B,1.0,0,14-298,,False,N,False,False,I,,,,,False,1.0,CTCSP0000,133948118182702696,2025-04-21 20:34:28.460000,20:34:28.460000,2025,,,STC Violation,2025
2025-06-19 09:04:23.480000,7506605.0,CTCSP0500,CSP Troop D,Racial Profile,1000004012,2500148749,Incident ID,2025-04-21 00:00:00,April,W,N,M,20,True,False,CHAPLIN,"00000 HAMPTON RD (CHAPLIN, T024)",41 46 1.7616000000,72 6 27.7200000000,V,B,1.0,0,14-219(b),,False,N,False,False,I,,,,,False,1.0,CTCSP0000,133948118182702696,2025-04-21 20:45:45.230000,20:45:45.230000,2025,,,Speed Related,2025
2025-06-19 09:04:23.960000,7506743.0,CTCSP0500,CSP Troop D,Racial Profile,1000004856,2500148715,Incident ID,2025-04-21 00:00:00,April,W,N,M,18,True,True,THOMPSON,"00000 I 395  (THOMPSON, T141)",41 55 55.5096000000,71 52 50.0160000000,V,G,1.0,0,14-219,,False,N,False,False,V,,,,,False,1.0,CTCSP0000,133948118182702696,2025-04-21 20:03:50.043000,20:03:50.043000,2025,,,Speed Related,2025
2025-06-19 09:04:23.460000,7506597.0,CTCSP0500,CSP Troop D,Racial Profile,1000004012,2500148467,Incident ID,2025-04-21 00:00:00,April,W,N,F,43,True,True,CHAPLIN,"00000 PHOENIXVILLE RD (CHAPLIN, T024)",41 48 17.6724000000,72 7 22.3680000000,V,B,1.0,0,14-298,,False,N,False,False,I,,,,,False,1.0,CTCSP0000,133948118182702696,2025-04-21 16:41:53.917000,16:41:53.917000,2025,,,STC Violation,2025
2025-06-19 09:04:23.463000,7506598.0,CTCSP0500,CSP Troop D,Racial Profile,1000004012,2500148491,Incident ID,2025-04-21 00:00:00,April,W,H,F,28,True,True,CHAPLIN,"00000 PHOENIXVILLE RD (CHAPLIN, T024)",41 46 36.4404000000,72 7 52.9680000000,V,B,1.0,0,14-298,,False,N,False,False,I,,,,,False,1.0,CTCSP0000,133948118182702696,2025-04-21 16:55:56.133000,16:55:56.133000,2025,,,STC Violation,2025
2025-06-19 09:04:23.703000,7506672.0,CTCSP0500,CSP Troop D,Racial Profile,1000004409,2500148803,Incident ID,2025-04-21 00:00:00,April,W,N,M,31,True,True,WOODSTOCK,00000 RT 171 ,41 56 19.1508000000,71 59 39.0840000000,V,B,1.0,0,14-12(a)*,,False,N,False,False,W,,,,,False,1.0,CTCSP0000,133948118182702696,2025-04-21 21:53:34.263000,21:53:34.263000,2025,,,Registration,2025
2025-06-19 09:04:23.783000,7506708.0,CTCSP0500,CSP Troop D,Racial Profile,1000004675,2500148526,Incident ID,2025-04-21 00:00:00,April,W,N,F,47,True,False,KILLINGLY,00000 I 395 ,41 49 12.6876000000,71 52 14.0160000000,V,G,1.0,0,14-12(a)*,,False,N,False,False,W,,,,,False,1.0,CTCSP0000,133948118182702696,2025-04-21 17:16:32.410000,17:16:32.410000,2025,,,Registration,2025
2025-06-19 09:04:23.320000,7506546.0,CTCSP0500,CSP Troop D,Racial Profile,1000002622,2500149312,Incident ID,2025-04-22 00:00:00,April,W,N,F,45,True,False,EAST LYME,I-95 SB X74,41 20 55.3020000000,72 13 26.5440000000,V,G,1.0,0,14-219,,False,N,False,False,V,,,,,False,1.0,CTCSP0000,133948118182702696,2025-04-22 08:51:30.867000,08:51:30.867000,2025,,,Speed Related,2025
2025-06-19 09:04:23.520000,7506613.0,CTCSP0500,CSP Troop D,Racial Profile,1000004012,2500150122,Incident ID,2025-04-22 00:00:00,April,W,N,M,50,True,True,CHAPLIN,"00000 PHOENIXVILLE RD (CHAPLIN, T024)",41 48 18.6696000000,72 7 21.6480000000,V,B,1.0,0,14-219,,False,N,False,False,V,,,,,False,1.0,CTCSP0000,133948118182702696,2025-04-22 17:24:11.717000,17:24:11.717000,2025,,,Speed Related,2025
2025-06-19 09:04:23.550000,7506619.0,CTCSP0500,CSP Troop D,Racial Profile,1000004012,2500150330,Incident ID,2025-04-22 00:00:00,April,W,N,F,34,True,True,CHAPLIN,"00000 HAMPTON RD (CHAPLIN, T024)",41 46 1.7652000000,72 6 28.1880000000,V,B,1.0,0,14-298,,False,N,False,False,I,,,,,False,1.0,CTCSP0000,133948118182702696,2025-04-22 20:52:33.800000,20:52:33.800000,2025,,,STC Violation,2025
2025-06-19 09:04:23.557000,7506620.0,CTCSP0500,CSP Troop D,Racial Profile,1000004012,2500150349,Incident ID,2025-04-22 00:00:00,April,W,N,M,28,True,True,CHAPLIN,"00000 HAMPTON RD (CHAPLIN, T024)",41 46 2.1108000000,72 6 36.0360000000,V,B,1.0,0,14-219(b),,False,N,False,False,I,,,,,False,1.0,CTCSP0000,133948118182702696,2025-04-22 21:15:57.620000,21:15:57.620000,2025,,,Speed Related,2025
2025-06-19 09:04:23.320000,7506545.0,CTCSP0500,CSP Troop D,Racial Profile,1000002622,2500149205,Incident ID,2025-04-22 00:00:00,April,W,H,F,25,True,False,EAST LYME,I-95 SB X74,41 20 55.3020000000,72 13 26.5440000000,V,G,1.0,0,14-219,,False,N,False,False,V,,,,,False,1.0,CTCSP0000,133948118182702696,2025-04-22 08:01:18.640000,08:01:18.640000,2025,,,Speed Related,2025
2025-06-19 09:04:23.507000,7506610.0,CTCSP0500,CSP Troop D,Racial Profile,1000004012,2500149949,Incident ID,2025-04-22 00:00:00,April,W,N,M,60,True,True,CHAPLIN,"00000 PHOENIXVILLE RD (CHAPLIN, T024)",41 48 17.6724000000,72 7 22.3680000000,V,B,1.0,0,14-298,,False,N,False,False,I,,,,,False,1.0,CTCSP0000,133948118182702696,2025-04-22 15:38:19.980000,15:38:19.980000,2025,,,STC Violation,2025
2025-06-19 09:04:23.543000,7506615.0,CTCSP0500,CSP Troop D,Racial Profile,1000004012,2500150165,Incident ID,2025-04-22 00:00:00,April,W,N,M,35,False,False,CHAPLIN,"00000 PHOENIXVILLE RD (CHAPLIN, T024)",41 48 2.7324000000,72 7 29.7120000000,V,B,1.0,0,14-298,,False,N,False,False,I,,,,,False,1.0,CTCSP0000,133948118182702696,2025-04-22 17:56:15.693000,17:56:15.693000,2025,,,STC Violation,2025
2025-06-19 09:04:23.500000,7506608.0,CTCSP0500,CSP Troop D,Racial Profile,1000004012,2500149903,Incident ID,2025-04-22 00:00:00,April,W,N,M,42,True,True,CHAPLIN,"00000 PHOENIXVILLE RD (CHAPLIN, T024)",41 48 2.7324000000,72 7 29.7120000000,V,B,1.0,0,14-219,,False,N,False,False,V,,,,,False,1.0,CTCSP0000,133948118182702696,2025-04-22 15:12:21.403000,15:12:21.403000,2025,,,Speed Related,2025
2025-06-19 09:04:23.503000,7506609.0,CTCSP0500,CSP Troop D,Racial Profile,1000004012,2500149932,Incident ID,2025-04-22 00:00:00,April,W,N,F,61,True,True,CHAPLIN,"00000 PHOENIXVILLE RD (CHAPLIN, T024)",41 48 18.6696000000,72 7 21.6480000000,V,B,1.0,0,14-298,,False,N,False,False,I,,,,,False,1.0,CTCSP0000,133948118182702696,2025-04-22 15:25:37.127000,15:25:37.127000,2025,,,STC Violation,2025
2025-06-19 09:04:23.510000,7506611.0,CTCSP0500,CSP Troop D,Racial Profile,1000004012,2500149974,Incident ID,2025-04-22 00:00:00,April,B,N,F,26,True,True,CHAPLIN,"00000 PHOENIXVILLE RD (CHAPLIN, T024)",41 48 2.7324000000,72 7 29.7120000000,V,B,1.0,0,14-298,,False,N,False,False,I,,,,,False,1.0,CTCSP0000,133948118182702696,2025-04-22 15:55:31.903000,15:55:31.903000,2025,,,STC Violation,2025
2025-06-19 09:04:23.520000,7506612.0,CTCSP0500,CSP Troop D,Racial Profile,1000004012,2500150053,Incident ID,2025-04-22 00:00:00,April,W,N,M,58,True,True,CHAPLIN,"00000 PHOENIXVILLE RD (CHAPLIN, T024)",41 48 18.6696000000,72 7 21.6480000000,V,B,1.0,0,14-298,,False,N,False,False,I,,,,,False,1.0,CTCSP0000,133948118182702696,2025-04-22 16:44:00.190000,16:44:00.190000,2025,,,STC Violation,2025
2025-06-19 09:04:23.533000,7506614.0,CTCSP0500,CSP Troop D,Racial Profile,1000004012,2500150142,Incident ID,2025-04-22 00:00:00,April,W,N,M,19,True,True,CHAPLIN,"00000 PHOENIXVILLE RD (CHAPLIN, T024)",41 48 2.7324000000,72 7 29.7120000000,V,B,1.0,0,14-298,,False,N,False,False,I,,,,,False,1.0,CTCSP0000,133948118182702696,2025-04-22 17:34:43.493000,17:34:43.493000,2025,,,STC Violation,2025
2025-06-19 09:04:23.560000,7506621.0,CTCSP0500,CSP Troop D,Racial Profile,1000004012,2500150365,Incident ID,2025-04-22 00:00:00,April,W,N,M,23,True,True,CHAPLIN,"00000 HAMPTON RD (CHAPLIN, T024)",41 46 1.7616000000,72 6 27.7200000000,V,B,2.0,0,14-219(b),,False,N,False,False,I,,,,,False,1.0,CTCSP0000,133948118182702696,2025-04-22 21:44:00.237000,21:44:00.237000,2025,14-213b,,Speed Related,2025
2025-06-19 09:04:23.703000,7506673.0,CTCSP0500,CSP Troop D,Racial Profile,1000004409,2500150396,Incident ID,2025-04-22 00:00:00,April,W,N,M,20,True,False,BROOKLYN,"00000 PROVIDENCE RD (BROOKLYN, T019)",41 47 48.9228000000,71 54 49.3200000000,V,B,2.0,1,14-12(a)(2),,False,N,False,False,I,,,,,False,1.0,CTCSP0000,133948118182702696,2025-04-22 22:27:29.650000,22:27:29.650000,2025,,,Registration,2025
2025-06-19 09:04:23.737000,7506688.0,CTCSP0500,CSP Troop D,Racial Profile,1000004535,2500149591,Incident ID,2025-04-22 00:00:00,April,W,N,M,76,True,True,HAMPTON,Providence Tpk,41 46 20.2224000000,72 2 35.0520000000,V,B,1.0,0,14-18(a),,False,N,False,False,V,,,,,False,1.0,CTCSP0000,133948118182702696,2025-04-22 11:41:01.160000,11:41:01.160000,2025,,,Display of Plates,2025
2025-06-19 09:04:23.800000,7506711.0,CTCSP0500,CSP Troop D,Racial Profile,1000004675,2500149956,Incident ID,2025-04-22 00:00:00,April,W,N,M,27,True,True,BROOKLYN,Rt. 6,41 47 59.7444000000,71 53 54.8880000000,V,G,1.0,0,14-36(a),,False,N,False,False,N,,,,,False,1.0,CTCSP0000,133948118182702696,2025-04-22 15:41:18.140000,15:41:18.140000,2025,,,Unlicensed Operation,2025
2025-06-19 09:04:23.800000,7506712.0,CTCSP0500,CSP Troop D,Racial Profile,1000004675,2500150191,Incident ID,2025-04-22 00:00:00,April,W,N,F,56,True,False,BROOKLYN,00000 PROVIDENCE RD,41 47 53.5956000000,71 54 19.1520000000,V,G,1.0,0,14-12(a)*,,False,N,False,False,W,,,,,False,1.0,CTCSP0000,133948118182702696,2025-04-22 18:15:57.843000,18:15:57.843000,2025,,,Registration,2025
2025-06-19 09:04:23.330000,7506547.0,CTCSP0500,CSP Troop D,Racial Profile,1000002622,2500149463,Incident ID,2025-04-22 00:00:00,April,I,M,M,20,True,False,EAST LYME,I95 SB X74,41 20 55.3020000000,72 13 26.5440000000,V,G,1.0,0,14-219,,False,N,False,False,I,,,,,False,1.0,CTCSP0000,133948118182702696,2025-04-22 10:25:19.507000,10:25:19.507000,2025,,,Speed Related,2025
2025-06-19 09:04:23.543000,7506616.0,CTCSP0500,CSP Troop D,Racial Profile,1000004012,2500150220,Incident ID,2025-04-22 00:00:00,April,W,N,M,35,False,False,CHAPLIN,"00000 OLD STATE RD (CHAPLIN, T024)",41 47 27.3624000000,72 7 37.7040000000,V,B,1.0,0,14-232,,False,N,False,False,V,,,,,False,1.0,CTCSP0000,133948118182702696,2025-04-22 18:37:07.080000,18:37:07.080000,2025,,,Moving Violation,2025
2025-06-19 09:04:23.547000,7506617.0,CTCSP0500,CSP Troop D,Racial Profile,1000004012,2500150281,Incident ID,2025-04-22 00:00:00,April,W,N,M,66,True,True,CHAPLIN,"ROUTE 6 WB, CHAPLIN, CT",41 46 14.9232000000,72 7 43.0320000000,V,B,1.0,0,14-219,,False,N,False,False,V,,,,,False,1.0,CTCSP0000,133948118182702696,2025-04-22 19:45:37.220000,19:45:37.220000,2025,,,Speed Related,2025
2025-06-19 09:04:23.550000,7506618.0,CTCSP0500,CSP Troop D,Racial Profile,1000004012,2500150290,Incident ID,2025-04-22 00:00:00,April,W,H,M,26,True,True,CHAPLIN,"00000 WILLIMANTIC RD (CHAPLIN, T024)",41 46 3.0792000000,72 8 18.8160000000,V,B,3.0,1,14-219(b),,False,N,False,False,I,,,,,False,1.0,CTCSP0000,133948118182702696,2025-04-22 19:53:46.580000,19:53:46.580000,2025,,,Speed Related,2025
2025-06-19 09:04:23.820000,7506713.0,CTCSP0500,CSP Troop D,Racial Profile,1000004675,2500150280,Incident ID,2025-04-22 00:00:00,April,W,N,M,42,True,False,HAMPTON,00000 HARTFORD TPKE,41 46 5.6424000000,72 5 38.7960000000,V,G,1.0,0,14-12(a)*,,False,N,False,False,W,,,,,False,1.0,CTCSP0000,133948118182702696,2025-04-22 19:44:54.917000,19:44:54.917000,2025,,,Registration,2025
2025-06-19 09:04:23.823000,7506714.0,CTCSP0500,CSP Troop D,Racial Profile,1000004675,2500150371,Incident ID,2025-04-22 00:00:00,April,W,N,M,23,True,True,BROOKLYN,"00000 PROVIDENCE RD (BROOKLYN, T019)",41 47 47.4324000000,71 55 2.3160000000,V,G,1.0,0,14-12(a)*,,False,N,False,False,I,,,,,False,1.0,CTCSP0000,133948118182702696,2025-04-22 21:51:56.183000,21:51:56.183000,2025,,,Registration,2025
2025-06-19 09:04:23.353000,7506556.0,CTCSP0500,CSP Troop D,Racial Profile,1000002753,2500151723,Incident ID,2025-04-23 00:00:00,April,W,N,F,63,True,False,KILLINGLY,"00000 RT 6  (KILLINGLY, T069)",41 47 27.9816000000,71 52 20.0640000000,V,B,1.0,0,14-96a(a),,False,N,False,False,V,,,,,False,1.0,CTCSP0000,133948118182702696,2025-04-23 20:05:29.300000,20:05:29.300000,2025,,,Defective Lights,2025
2025-06-19 09:04:23.967000,7506745.0,CTCSP0500,CSP Troop D,Racial Profile,1000004856,2500151681,Incident ID,2025-04-23 00:00:00,April,W,N,M,62,True,True,PUTNAM,22 Kingsbury Rd Thompson CT,41 55 7.6404000000,71 49 47.3772000000,I,G,3.0,0,14-227a,,True,I,True,True,U,,,,,False,1.0,CTCSP0000,133948118182702696,2025-04-23 19:12:13.783000,19:12:13.783000,2025,,,Other,2025
2025-06-19 09:04:24.087000,7506779.0,CTCSP0500,CSP Troop D,Racial Profile,1000005069,2500150949,Incident ID,2025-04-23 00:00:00,April,B,N,M,35,True,True,KILLINGLY,"00000 I 395  (KILLINGLY, T069)",41 50 17.6460000000,71 52 36.2280000000,V,G,2.0,1,14-218a,,False,N,False,False,I,,,,,False,1.0,CTCSP0000,133948118182702696,2025-04-23 09:42:19.640000,09:42:19.640000,2025,14-213b,,Speed Related,2025
2025-06-19 09:04:23.963000,7506744.0,CTCSP0500,CSP Troop D,Racial Profile,1000004856,2500151393,Incident ID,2025-04-23 00:00:00,April,W,N,M,56,False,False,THOMPSON,East Thompson Rd/ Speedway,41 58 51.2976000000,71 50 5.8920000000,V,G,1.0,0,14-289b(b)(1),,False,N,False,False,V,,,,,False,1.0,CTCSP0000,133948118182702696,2025-04-23 15:18:59.653000,15:18:59.653000,2025,,,Other,2025
2025-06-19 09:04:23.170000,7506504.0,CTCSP0500,CSP Troop D,Racial Profile,1000002266,2500152846,Incident ID,2025-04-24 00:00:00,April,W,N,M,16,True,True,GRISWOLD,"00000 HOPEVILLE RD (GRISWOLD, T058)",41 36 49.9896000000,71 56 59.6040000000,V,B,1.0,0,14-234,,False,N,False,False,I,,,,,False,1.0,CTCSP0000,133948118182702696,2025-04-24 14:33:52.783000,14:33:52.783000,2025,,,Moving Violation,2025
2025-06-19 09:04:23.307000,7506540.0,CTCSP0500,CSP Troop D,Racial Profile,1000002576,2500152143,Incident ID,2025-04-24 00:00:00,April,W,N,M,18,True,False,KILLINGLY,rt 12,41 47 28.4712000000,71 53 5.2800000000,V,B,1.0,0,14-240,,False,N,False,False,V,,,,,False,1.0,CTCSP0000,133948118182702696,2025-04-24 06:58:17.723000,06:58:17.723000,2025,,,Moving Violation,2025
2025-06-19 09:04:23.930000,7506732.0,CTCSP0500,CSP Troop D,Racial Profile,1000004777,2500151987,Incident ID,2025-04-24 00:00:00,April,W,N,M,80,True,False,KILLINGLY,00000 I 395 ,41 48 32.3496000000,71 52 19.8480000000,V,B,1.0,0,14-236,,False,N,False,False,W,,,,,False,1.0,CTCSP0000,133948118182702696,2025-04-24 01:36:12.580000,01:36:12.580000,2025,,,Moving Violation,2025
2025-06-19 09:04:23.740000,7506689.0,CTCSP0500,CSP Troop D,Racial Profile,1000004535,2500152444,Incident ID,2025-04-24 00:00:00,April,W,N,M,51,False,False,PLAINFIELD,395 s/b prior ex 28,41 40 34.9104000000,71 54 31.8240000000,V,B,1.0,0,14-233,,False,N,False,False,V,,,,,False,1.0,CTCSP0000,133948118182702696,2025-04-24 09:51:55.980000,09:51:55.980000,2025,,,Moving Violation,2025
2025-06-19 09:04:24.043000,7506765.0,CTCSP0500,CSP Troop D,Racial Profile,1000004968,2500152774,Incident ID,2025-04-24 00:00:00,April,W,N,F,39,True,False,HAMPTON,00000 HARTFORD TPKE,41 46 2.7660000000,72 3 27.2160000000,V,G,1.0,0,14-12(a),,False,N,False,False,W,,,,,False,1.0,CTCSP0000,133948118182702696,2025-04-24 13:36:01.160000,13:36:01.160000,2025,,,Registration,2025
2025-06-19 09:04:24.067000,7506772.0,CTCSP0500,CSP Troop D,Racial Profile,1000004975,2500153366,Incident ID,2025-04-24 00:00:00,April,W,N,M,48,True,False,BROOKLYN,00000 PROVIDENCE RD,41 47 54.8304000000,71 54 14.4720000000,V,B,1.0,0,14-218a,,False,N,False,False,W,,,,,False,1.0,CTCSP0000,133948118182702696,2025-04-24 21:45:34.243000,21:45:34.243000,2025,14-218a,,Speed Related,2025
2025-06-19 09:04:24.057000,7506770.0,CTCSP0500,CSP Troop D,Racial Profile,1000004975,2500153160,Incident ID,2025-04-24 00:00:00,April,W,N,M,47,True,True,HAMPTON,00000 PROVIDENCE TPKE,41 46 47.7516000000,72 1 37.6680000000,V,G,1.0,0,14-12(a),,False,N,False,False,W,,,,,False,1.0,CTCSP0000,133948118182702696,2025-04-24 17:57:00.417000,17:57:00.417000,2025,,,Registration,2025
2025-06-19 09:04:23.663000,7506654.0,CTCSP0500,CSP Troop D,Racial Profile,1000004335,2500152369,Incident ID,2025-04-24 00:00:00,April,W,N,M,73,True,True,KILLINGLY,"00000 COOMER HILL RD (KILLINGLY, T069)",41 49 2.9892000000,71 49 43.6800000000,V,B,1.0,0,14-301,,False,N,False,False,W,,,,,False,1.0,CTCSP0000,133948118182702696,2025-04-24 09:06:42.377000,09:06:42.377000,2025,,,Stop Sign,2025
2025-06-19 09:04:24.040000,7506764.0,CTCSP0500,CSP Troop D,Racial Profile,1000004968,2500152744,Incident ID,2025-04-24 00:00:00,April,W,N,M,58,True,True,BROOKLYN,00000 PAULA ST,41 48 2.6640000000,71 53 57.5520000000,V,G,1.0,0,14-218a,,False,N,False,False,W,,,,,False,1.0,CTCSP0000,133948118182702696,2025-04-24 13:14:58.677000,13:14:58.677000,2025,,,Speed Related,2025
2025-06-19 09:04:24.060000,7506771.0,CTCSP0500,CSP Troop D,Racial Profile,1000004975,2500153357,Incident ID,2025-04-24 00:00:00,April,W,N,F,18,True,False,BROOKLYN,00000 PROVIDENCE RD,41 47 17.5560000000,71 56 58.6320000000,V,B,1.0,0,14-218a,,False,N,False,False,W,,,,,False,1.0,CTCSP0000,133948118182702696,2025-04-24 21:33:01.310000,21:33:01.310000,2025,,,Speed Related,2025
2025-06-19 09:04:24.047000,7506766.0,CTCSP0500,CSP Troop D,Racial Profile,1000004968,2500153901,Incident ID,2025-04-25 00:00:00,April,W,N,M,65,True,True,THOMPSON,00000 BUCKLEY HILL RD,41 59 1.8708000000,71 53 33.6120000000,V,G,1.0,0,14-12(a),,False,N,False,False,W,,,,,False,1.0,CTCSP0000,133948118182702696,2025-04-25 08:45:12.517000,08:45:12.517000,2025,,,Registration,2025
2025-06-19 09:04:24,7506752.0,CTCSP0500,CSP Troop D,Racial Profile,1000004964,2500155548,Incident ID,2025-04-26 00:00:00,April,W,N,F,70,True,True,KILLINGLY,"00000 WESTCOTT RD (KILLINGLY, T069)",41 48 33.6168000000,71 52 34.1760000000,V,B,1.0,0,14-242,,False,N,False,False,W,,,,,False,1.0,CTCSP0000,133948118182702696,2025-04-26 14:57:36.267000,14:57:36.267000,2025,14-242,,Moving Violation,2025
2025-06-19 09:04:24.047000,7506767.0,CTCSP0500,CSP Troop D,Racial Profile,1000004968,2500155332,Incident ID,2025-04-26 00:00:00,April,W,H,M,25,False,False,KILLINGLY,00000 I 395 ,41 50 33.8640000000,71 52 45.0480000000,V,G,1.0,0,14-218a,,False,N,False,False,W,,,,,False,1.0,CTCSP0000,133948118182702696,2025-04-26 09:46:45.530000,09:46:45.530000,2025,,,Speed Related,2025
2025-06-19 09:04:23.563000,7506622.0,CTCSP0500,CSP Troop D,Racial Profile,1000004012,2500156311,Incident ID,2025-04-27 00:00:00,April,W,N,F,48,True,True,CHAPLIN,"00000 WILLIMANTIC RD (CHAPLIN, T024)",41 46 10.2720000000,72 8 13.6680000000,V,B,1.0,0,14-219,,False,N,False,False,V,,,,,False,1.0,CTCSP0000,133948118182702696,2025-04-27 08:55:22.440000,08:55:22.440000,2025,,,Speed Related,2025
2025-06-19 09:04:23.620000,7506636.0,CTCSP0500,CSP Troop D,Racial Profile,1000004012,2500156615,Incident ID,2025-04-27 00:00:00,April,W,N,M,20,True,True,CHAPLIN,"00000 PHOENIXVILLE RD (CHAPLIN, T024)",41 48 18.6696000000,72 7 21.6480000000,V,B,1.0,0,14-298,,False,N,False,False,I,,,,,False,1.0,CTCSP0000,133948118182702696,2025-04-27 14:02:13.443000,14:02:13.443000,2025,,,STC Violation,2025
2025-06-19 09:04:23.077000,7506472.0,CTCSP0500,CSP Troop D,Racial Profile,1000001947,2500157106,Incident ID,2025-04-27 00:00:00,April,W,N,M,41,False,False,PLAINFIELD,"00000 I 395  (PLAINFIELD, T109)",41 43 33.1644000000,71 53 27.6360000000,V,B,1.0,0,14-298,,False,N,False,False,I,,,,,False,1.0,CTCSP0000,133948118182702696,2025-04-27 21:50:35.313000,21:50:35.313000,2025,,,STC Violation,2025
2025-06-19 09:04:23.077000,7506471.0,CTCSP0500,CSP Troop D,Racial Profile,1000001947,2500156995,Incident ID,2025-04-27 00:00:00,April,W,H,M,32,False,False,PLAINFIELD,"00000 I 395  (PLAINFIELD, T109)",41 40 9.3720000000,71 54 39.2040000000,V,B,1.0,0,14-298,,False,N,False,False,I,,,,,False,1.0,CTCSP0000,133948118182702696,2025-04-27 19:18:09.313000,19:18:09.313000,2025,,,STC Violation,2025
2025-06-19 09:04:23.587000,7506626.0,CTCSP0500,CSP Troop D,Racial Profile,1000004012,2500156388,Incident ID,2025-04-27 00:00:00,April,W,N,M,48,True,True,CHAPLIN,"00000 PHOENIXVILLE RD (CHAPLIN, T024)",41 48 18.6696000000,72 7 21.6480000000,V,B,1.0,0,14-298,,False,N,False,False,I,,,,,False,1.0,CTCSP0000,133948118182702696,2025-04-27 10:06:46.887000,10:06:46.887000,2025,,,STC Violation,2025
2025-06-19 09:04:23.597000,7506628.0,CTCSP0500,CSP Troop D,Racial Profile,1000004012,2500156439,Incident ID,2025-04-27 00:00:00,April,W,N,M,40,False,False,CHAPLIN,"00000 PHOENIXVILLE RD (CHAPLIN, T024)",41 46 39.5436000000,72 7 53.0400000000,V,B,1.0,0,14-219,,False,N,False,False,V,,,,,False,1.0,CTCSP0000,133948118182702696,2025-04-27 11:02:01.847000,11:02:01.847000,2025,,,Speed Related,2025
2025-06-19 09:04:23.607000,7506632.0,CTCSP0500,CSP Troop D,Racial Profile,1000004012,2500156543,Incident ID,2025-04-27 00:00:00,April,W,N,F,62,True,True,CHAPLIN,"00000 CHAPLIN ST (CHAPLIN, T024)",41 47 51.7704000000,72 7 45.5160000000,V,B,1.0,0,14-298,,False,N,False,False,I,,,,,False,1.0,CTCSP0000,133948118182702696,2025-04-27 12:37:29.710000,12:37:29.710000,2025,,,STC Violation,2025
2025-06-19 09:04:23.610000,7506633.0,CTCSP0500,CSP Troop D,Racial Profile,1000004012,2500156565,Incident ID,2025-04-27 00:00:00,April,W,N,M,47,True,True,CHAPLIN,"00000 PHOENIXVILLE RD (CHAPLIN, T024)",41 48 18.6696000000,72 7 21.6480000000,V,B,1.0,0,14-298,,False,N,False,False,I,,,,,False,1.0,CTCSP0000,133948118182702696,2025-04-27 12:58:07.833000,12:58:07.833000,2025,,,STC Violation,2025
2025-06-19 09:04:23.627000,7506638.0,CTCSP0500,CSP Troop D,Racial Profile,1000004012,2500156715,Incident ID,2025-04-27 00:00:00,April,W,N,M,39,True,True,CHAPLIN,"00000 PHOENIXVILLE RD (CHAPLIN, T024)",41 48 18.6696000000,72 7 21.6480000000,V,B,1.0,0,14-219,,False,N,False,False,V,,,,,False,1.0,CTCSP0000,133948118182702696,2025-04-27 15:23:36.557000,15:23:36.557000,2025,,,Speed Related,2025
2025-06-19 09:04:23.590000,7506627.0,CTCSP0500,CSP Troop D,Racial Profile,1000004012,2500156419,Incident ID,2025-04-27 00:00:00,April,W,H,M,25,True,True,CHAPLIN,"00000 PHOENIXVILLE RD (CHAPLIN, T024)",41 48 2.7324000000,72 7 29.7120000000,V,B,1.0,0,14-298,,False,N,False,False,I,,,,,False,1.0,CTCSP0000,133948118182702696,2025-04-27 10:38:41.090000,10:38:41.090000,2025,,,STC Violation,2025
2025-06-19 09:04:23.600000,7506629.0,CTCSP0500,CSP Troop D,Racial Profile,1000004012,2500156458,Incident ID,2025-04-27 00:00:00,April,W,N,M,20,True,True,CHAPLIN,"00000 PHOENIXVILLE RD (CHAPLIN, T024)",41 48 18.6696000000,72 7 21.6480000000,V,B,1.0,0,14-298,,False,N,False,False,I,,,,,False,1.0,CTCSP0000,133948118182702696,2025-04-27 11:14:42.103000,11:14:42.103000,2025,,,STC Violation,2025
2025-06-19 09:04:23.617000,7506635.0,CTCSP0500,CSP Troop D,Racial Profile,1000004012,2500156609,Incident ID,2025-04-27 00:00:00,April,W,N,F,52,True,True,CHAPLIN,"00000 PUMPKIN HILL RD (CHAPLIN, T024)",41 48 18.7632000000,72 7 22.8000000000,V,B,1.0,0,14-296aa(b),,False,N,False,False,V,,,,,False,1.0,CTCSP0000,133948118182702696,2025-04-27 13:52:36.237000,13:52:36.237000,2025,,,Cell Phone,2025
2025-06-19 09:04:23.730000,7506686.0,CTCSP0500,CSP Troop D,Racial Profile,1000004532,2500156596,Incident ID,2025-04-27 00:00:00,April,W,N,F,84,False,False,KILLINGLY,"00000 LAKE RD (KILLINGLY, T069)",41 52 0.6960000000,71 53 52.4400000000,V,B,1.0,0,14-236,,False,N,False,False,W,,,,,False,1.0,CTCSP0000,133948118182702696,2025-04-27 13:22:38.237000,13:22:38.237000,2025,14-236,,Moving Violation,2025
2025-06-19 09:04:23.953000,7506739.0,CTCSP0500,CSP Troop D,Racial Profile,1000004799,2500156120,Incident ID,2025-04-27 00:00:00,April,W,H,M,24,True,False,KILLINGLY,"00000 S SHORE RD (KILLINGLY, T069)",41 51 23.0652000000,71 53 47.0400000000,V,B,1.0,0,14-12(a)*,,False,N,False,False,I,,,,,False,1.0,CTCSP0000,133948118182702696,2025-04-27 02:55:16.103000,02:55:16.103000,2025,,,Registration,2025
2025-06-19 09:04:23.577000,7506623.0,CTCSP0500,CSP Troop D,Racial Profile,1000004012,2500156331,Incident ID,2025-04-27 00:00:00,April,W,N,M,45,True,True,CHAPLIN,"00000 PHOENIXVILLE RD (CHAPLIN, T024)",41 48 2.7324000000,72 7 29.7120000000,V,B,1.0,0,14-219,,False,N,False,False,V,,,,,False,1.0,CTCSP0000,133948118182702696,2025-04-27 09:15:04.757000,09:15:04.757000,2025,,,Speed Related,2025
2025-06-19 09:04:23.580000,7506624.0,CTCSP0500,CSP Troop D,Racial Profile,1000004012,2500156353,Incident ID,2025-04-27 00:00:00,April,W,N,M,49,True,True,CHAPLIN,"00000 PHOENIXVILLE RD (CHAPLIN, T024)",41 48 18.6696000000,72 7 21.6480000000,V,B,1.0,0,14-298,,False,N,False,False,I,,,,,False,1.0,CTCSP0000,133948118182702696,2025-04-27 09:34:16.673000,09:34:16.673000,2025,,,STC Violation,2025
2025-06-19 09:04:23.583000,7506625.0,CTCSP0500,CSP Troop D,Racial Profile,1000004012,2500156376,Incident ID,2025-04-27 00:00:00,April,W,N,F,63,True,True,CHAPLIN,"00000 PUMPKIN HILL RD (CHAPLIN, T024)",41 48 18.7632000000,72 7 22.8000000000,V,B,1.0,0,14-219,,False,N,False,False,V,,,,,False,1.0,CTCSP0000,133948118182702696,2025-04-27 09:54:45.257000,09:54:45.257000,2025,,,Speed Related,2025
2025-06-19 09:04:23.603000,7506630.0,CTCSP0500,CSP Troop D,Racial Profile,1000004012,2500156489,Incident ID,2025-04-27 00:00:00,April,W,N,F,35,True,True,CHAPLIN,"00000 PHOENIXVILLE RD (CHAPLIN, T024)",41 48 18.6696000000,72 7 21.6480000000,V,B,1.0,0,14-298,,False,N,False,False,I,,,,,False,1.0,CTCSP0000,133948118182702696,2025-04-27 11:38:54.297000,11:38:54.297000,2025,,,STC Violation,2025
2025-06-19 09:04:23.603000,7506631.0,CTCSP0500,CSP Troop D,Racial Profile,1000004012,2500156499,Incident ID,2025-04-27 00:00:00,April,W,N,M,50,True,True,CHAPLIN,"00000 N BEAR HILL RD (CHAPLIN, T024)",41 48 0.6840000000,72 7 30.4320000000,V,B,1.0,0,14-298,,False,N,False,False,I,,,,,False,1.0,CTCSP0000,133948118182702696,2025-04-27 11:52:12.203000,11:52:12.203000,2025,,,STC Violation,2025
2025-06-19 09:04:23.613000,7506634.0,CTCSP0500,CSP Troop D,Racial Profile,1000004012,2500156604,Incident ID,2025-04-27 00:00:00,April,W,H,F,31,True,True,CHAPLIN,"00000 PHOENIXVILLE RD (CHAPLIN, T024)",41 47 30.6384000000,72 7 37.5960000000,V,B,1.0,0,14-301,,False,N,False,False,V,,,,,False,1.0,CTCSP0000,133948118182702696,2025-04-27 13:40:35.060000,13:40:35.060000,2025,,,Stop Sign,2025
2025-06-19 09:04:23.627000,7506637.0,CTCSP0500,CSP Troop D,Racial Profile,1000004012,2500156628,Incident ID,2025-04-27 00:00:00,April,W,N,M,58,True,True,CHAPLIN,"00000 PHOENIXVILLE RD (CHAPLIN, T024)",41 48 18.6696000000,72 7 21.6480000000,V,B,1.0,0,14-298,,False,N,False,False,I,,,,,False,1.0,CTCSP0000,133948118182702696,2025-04-27 14:16:12.143000,14:16:12.143000,2025,,,STC Violation,2025
2025-06-19 09:04:24.050000,7506768.0,CTCSP0500,CSP Troop D,Racial Profile,1000004968,2500156320,Incident ID,2025-04-27 00:00:00,April,W,N,M,59,False,False,CHAPLIN,00000 HAMPTON RD,41 46 14.9232000000,72 7 43.0320000000,V,G,1.0,0,14-218a,,False,N,False,False,W,,,,,False,1.0,CTCSP0000,133948118182702696,2025-04-27 09:03:52.507000,09:03:52.507000,2025,,,Speed Related,2025
2025-06-19 09:04:23.710000,7506676.0,CTCSP0500,CSP Troop D,Racial Profile,1000004409,2500158024,Incident ID,2025-04-28 00:00:00,April,W,N,M,78,True,True,KILLINGLY,00000 NORTH RD,41 50 56.7564000000,71 49 10.8840000000,V,B,1.0,0,14-230(a),,False,N,False,False,W,,,,,False,1.0,CTCSP0000,133948118182702696,2025-04-28 14:21:59.610000,14:21:59.610000,2025,,,Moving Violation,2025
2025-06-19 09:04:23.707000,7506674.0,CTCSP0500,CSP Troop D,Racial Profile,1000004409,2500157790,Incident ID,2025-04-28 00:00:00,April,W,H,M,23,True,False,KILLINGLY,i-395,41 48 8.4744000000,71 52 21.2160000000,V,B,1.0,0,14-298,,False,N,False,False,V,,,,,False,1.0,CTCSP0000,133948118182702696,2025-04-28 11:27:49.700000,11:27:49.700000,2025,,,STC Violation,2025
2025-06-19 09:04:23.707000,7506675.0,CTCSP0500,CSP Troop D,Racial Profile,1000004409,2500157956,Incident ID,2025-04-28 00:00:00,April,W,N,M,47,False,False,KILLINGLY,00000 HARTFORD PIKE,41 50 31.6824000000,71 50 39.8760000000,V,B,1.0,0,14-230(a),,False,N,False,False,W,,,,,False,1.0,CTCSP0000,133948118182702696,2025-04-28 13:32:25.130000,13:32:25.130000,2025,,,Moving Violation,2025
2025-06-19 09:04:23.333000,7506548.0,CTCSP0500,CSP Troop D,Racial Profile,1000002622,2500159056,Incident ID,2025-04-29 00:00:00,April,W,H,F,43,True,False,EAST LYME,I95 S/B X74,41 20 55.3020000000,72 13 26.5440000000,V,G,1.0,0,14-219,,False,N,False,False,V,,,,,False,1.0,CTCSP0000,133948118182702696,2025-04-29 08:41:05.137000,08:41:05.137000,2025,,,Speed Related,2025
2025-06-19 09:04:23.337000,7506549.0,CTCSP0500,CSP Troop D,Racial Profile,1000002622,2500159235,Incident ID,2025-04-29 00:00:00,April,W,N,M,29,True,False,EAST LYME,I-95 S/B X74,41 20 55.3020000000,72 13 26.5440000000,V,G,1.0,0,14-219,,False,N,False,False,I,,,,,False,1.0,CTCSP0000,133948118182702696,2025-04-29 10:47:29.740000,10:47:29.740000,2025,,,Speed Related,2025
2025-06-19 09:04:23.340000,7506550.0,CTCSP0500,CSP Troop D,Racial Profile,1000002622,2500159418,Incident ID,2025-04-29 00:00:00,April,W,N,M,36,True,False,EAST LYME,I-95 S/B X73,41 20 42.4968000000,72 13 49.4760000000,V,G,1.0,0,14-219,,False,N,False,False,V,,,,,False,1.0,CTCSP0000,133948118182702696,2025-04-29 12:29:52.937000,12:29:52.937000,2025,,,Speed Related,2025
2025-06-19 09:04:23.827000,7506715.0,CTCSP0500,CSP Troop D,Racial Profile,1000004675,2500159930,Incident ID,2025-04-29 00:00:00,April,W,N,F,19,True,False,KILLINGLY,00000 NORTH ST,41 49 5.8008000000,71 53 18.2760000000,V,G,1.0,0,14-12(a)*,,False,N,False,False,W,,,,,False,1.0,CTCSP0000,133948118182702696,2025-04-29 18:42:28.313000,18:42:28.313000,2025,,,Registration,2025
2025-06-19 09:04:23.840000,7506716.0,CTCSP0500,CSP Troop D,Racial Profile,1000004675,2500160018,Incident ID,2025-04-29 00:00:00,April,W,N,M,55,True,False,KILLINGLY,00000 EXIT 38 I 395 S ,41 48 33.6924000000,71 52 22.1880000000,V,G,1.0,0,14-12(a)*,,False,N,False,False,W,,,,,False,1.0,CTCSP0000,133948118182702696,2025-04-29 20:12:43.603000,20:12:43.603000,2025,,,Registration,2025
2025-06-19 09:04:23.857000,7506717.0,CTCSP0500,CSP Troop D,Racial Profile,1000004675,2500160026,Incident ID,2025-04-29 00:00:00,April,W,H,M,39,True,False,KILLINGLY,Main St.,41 48 55.7028000000,71 52 36.5520000000,V,G,3.0,1,14-147(c),,True,I,False,True,U,,,,,False,1.0,CTCSP0000,133948118182702696,2025-04-29 20:22:18.880000,20:22:18.880000,2025,,,Administrative Offense,2025
2025-06-19 09:04:23.630000,7506639.0,CTCSP0500,CSP Troop D,Racial Profile,1000004012,2500160530,Incident ID,2025-04-30 00:00:00,April,W,N,F,34,True,True,CHAPLIN,"00000 HAMPTON RD (CHAPLIN, T024)",41 46 12.8028000000,72 7 31.2600000000,V,B,1.0,0,14-298,,False,N,False,False,I,,,,,False,1.0,CTCSP0000,133948118182702696,2025-04-30 08:40:59.633000,08:40:59.633000,2025,,,STC Violation,2025
2025-06-19 09:04:23.667000,7506656.0,CTCSP0500,CSP Troop D,Racial Profile,1000004395,2500160651,Incident ID,2025-04-30 00:00:00,April,A,N,M,62,False,False,POMFRET,00000 COVELL RD,41 51 34.1964000000,71 59 31.5600000000,V,G,1.0,0,14-232(a)(1),,False,N,False,False,W,,,,,False,1.0,CTCSP0000,133948118182702696,2025-04-30 10:13:05.557000,10:13:05.557000,2025,,,Moving Violation,2025
2025-06-19 09:04:23.670000,7506658.0,CTCSP0500,CSP Troop D,Racial Profile,1000004402,2500160544,Incident ID,2025-04-30 00:00:00,April,W,N,F,76,False,False,POMFRET,rt 101,41 50 55.8852000000,71 55 27.8760000000,V,B,1.0,0,14-236,,False,N,False,False,V,,,,,False,1.0,CTCSP0000,133948118182702696,2025-04-30 08:47:13.547000,08:47:13.547000,2025,,,Moving Violation,2025
2025-06-19 09:04:23.710000,7506677.0,CTCSP0500,CSP Troop D,Racial Profile,1000004409,2500160576,Incident ID,2025-04-30 00:00:00,April,B,N,F,29,False,False,THOMPSON,00000 I 395 ,41 56 32.9316000000,71 52 45.6240000000,V,B,1.0,0,14-219(b),,False,N,False,False,W,,,,,False,1.0,CTCSP0000,133948118182702696,2025-04-30 09:19:41.503000,09:19:41.503000,2025,,,Speed Related,2025
2025-06-19 09:04:23.630000,7506640.0,CTCSP0500,CSP Troop D,Racial Profile,1000004012,2500160566,Incident ID,2025-04-30 00:00:00,April,W,N,F,52,True,True,CHAPLIN,"00000 HAMPTON RD (CHAPLIN, T024)",41 46 14.9232000000,72 7 43.0320000000,V,B,1.0,0,14-219,,False,N,False,False,V,,,,,False,1.0,CTCSP0000,133948118182702696,2025-04-30 09:07:26.337000,09:07:26.337000,2025,,,Speed Related,2025
2025-06-19 09:04:23.640000,7506644.0,CTCSP0500,CSP Troop D,Racial Profile,1000004012,2500160676,Incident ID,2025-04-30 00:00:00,April,W,N,M,81,True,True,CHAPLIN,"00000 HAMPTON RD (CHAPLIN, T024)",41 46 14.9232000000,72 7 43.0320000000,V,B,1.0,0,14-298,,False,N,False,False,I,,,,,False,1.0,CTCSP0000,133948118182702696,2025-04-30 10:29:09.983000,10:29:09.983000,2025,,,STC Violation,2025
2025-06-19 09:04:23.643000,7506645.0,CTCSP0500,CSP Troop D,Racial Profile,1000004012,2500160693,Incident ID,2025-04-30 00:00:00,April,W,H,F,60,True,True,CHAPLIN,"00000 PHOENIXVILLE RD (CHAPLIN, T024)",41 48 18.6696000000,72 7 21.6480000000,V,B,1.0,0,14-298,,False,N,False,False,I,,,,,False,1.0,CTCSP0000,133948118182702696,2025-04-30 10:46:03.307000,10:46:03.307000,2025,,,STC Violation,2025
2025-06-19 09:04:23.643000,7506646.0,CTCSP0500,CSP Troop D,Racial Profile,1000004012,2500160730,Incident ID,2025-04-30 00:00:00,April,W,H,M,24,True,True,CHAPLIN,"00000 PHOENIXVILLE RD (CHAPLIN, T024)",41 46 39.5436000000,72 7 53.0400000000,V,B,1.0,0,14-298,,False,N,False,False,I,,,,,False,1.0,CTCSP0000,133948118182702696,2025-04-30 11:12:34.380000,11:12:34.380000,2025,,,STC Violation,2025
2025-06-19 09:04:23.647000,7506647.0,CTCSP0500,CSP Troop D,Racial Profile,1000004012,2500160863,Incident ID,2025-04-30 00:00:00,April,W,N,M,68,True,True,CHAPLIN,"00000 PHOENIXVILLE RD (CHAPLIN, T024)",41 48 18.6696000000,72 7 21.6480000000,V,B,1.0,0,14-298,,False,N,False,False,I,,,,,False,1.0,CTCSP0000,133948118182702696,2025-04-30 12:51:49.860000,12:51:49.860000,2025,,,STC Violation,2025
2025-06-19 09:04:23.633000,7506641.0,CTCSP0500,CSP Troop D,Racial Profile,1000004012,2500160580,Incident ID,2025-04-30 00:00:00,April,W,N,M,58,True,True,CHAPLIN,"00000 WILLIMANTIC RD (CHAPLIN, T024)",41 45 20.4768000000,72 8 55.2480000000,V,B,1.0,0,14-298,,False,N,False,False,I,,,,,False,1.0,CTCSP0000,133948118182702696,2025-04-30 09:21:23.663000,09:21:23.663000,2025,,,STC Violation,2025
2025-06-19 09:04:23.640000,7506643.0,CTCSP0500,CSP Troop D,Racial Profile,1000004012,2500160645,Incident ID,2025-04-30 00:00:00,April,W,N,F,71,True,True,CHAPLIN,"00000 HAMPTON RD (CHAPLIN, T024)",41 46 1.7652000000,72 6 28.1880000000,V,B,1.0,0,14-298,,False,N,False,False,I,,,,,False,1.0,CTCSP0000,133948118182702696,2025-04-30 10:07:59.593000,10:07:59.593000,2025,,,STC Violation,2025
2025-06-19 09:04:23.650000,7506649.0,CTCSP0500,CSP Troop D,Racial Profile,1000004012,2500160935,Incident ID,2025-04-30 00:00:00,April,W,N,M,71,True,True,CHAPLIN,"00000 OLD STATE RD (CHAPLIN, T024)",41 47 27.3624000000,72 7 37.7040000000,V,B,2.0,0,14-298,,False,N,False,False,I,,,,,False,1.0,CTCSP0000,133948118182702696,2025-04-30 13:44:19.250000,13:44:19.250000,2025,,,STC Violation,2025
2025-06-19 09:04:23.673000,7506659.0,CTCSP0500,CSP Troop D,Racial Profile,1000004402,2500160624,Incident ID,2025-04-30 00:00:00,April,W,N,M,52,True,False,KILLINGLY,00000 HARTFORD PIKE,41 50 55.7124000000,71 54 33.0120000000,V,B,1.0,0,14-296aa(b1Z,,False,N,False,False,W,,,,,False,1.0,CTCSP0000,133948118182702696,2025-04-30 09:52:30.767000,09:52:30.767000,2025,,,Cell Phone,2025
2025-06-19 09:04:23.713000,7506678.0,CTCSP0500,CSP Troop D,Racial Profile,1000004409,2500160637,Incident ID,2025-04-30 00:00:00,April,W,N,F,20,False,False,THOMPSON,"00000 I 395  (THOMPSON, T141)",41 56 39.4404000000,71 52 48.7560000000,V,B,1.0,0,14-298,,False,N,False,False,I,,,,,False,1.0,CTCSP0000,133948118182702696,2025-04-30 10:01:08.940000,10:01:08.940000,2025,,,STC Violation,2025
2025-06-19 09:04:23.717000,7506679.0,CTCSP0500,CSP Troop D,Racial Profile,1000004409,2500161080,Incident ID,2025-04-30 00:00:00,April,W,H,M,20,True,False,HAMPTON,"00000 HARTFORD TPKE (HAMPTON, T063)",41 46 13.8684000000,72 3 46.7280000000,V,B,1.0,0,14-218a,,False,N,False,False,I,,,,,False,1.0,CTCSP0000,133948118182702696,2025-04-30 15:13:51.880000,15:13:51.880000,2025,,,Speed Related,2025
2025-06-19 09:04:23.637000,7506642.0,CTCSP0500,CSP Troop D,Racial Profile,1000004012,2500160629,Incident ID,2025-04-30 00:00:00,April,W,N,F,78,True,True,CHAPLIN,"00000 HAMPTON RD (CHAPLIN, T024)",41 46 14.9232000000,72 7 43.0320000000,V,B,1.0,0,14-298,,False,N,False,False,I,,,,,False,1.0,CTCSP0000,133948118182702696,2025-04-30 09:57:20.823000,09:57:20.823000,2025,,,STC Violation,2025
2025-06-19 09:04:23.647000,7506648.0,CTCSP0500,CSP Troop D,Racial Profile,1000004012,2500160921,Incident ID,2025-04-30 00:00:00,April,W,N,M,51,True,True,CHAPLIN,"00000 PHOENIXVILLE RD (CHAPLIN, T024)",41 48 2.7324000000,72 7 29.7120000000,V,B,1.0,0,14-298,,False,N,False,False,I,,,,,False,1.0,CTCSP0000,133948118182702696,2025-04-30 13:33:22.820000,13:33:22.820000,2025,,,STC Violation,2025
2025-06-19 09:04:23.653000,7506650.0,CTCSP0500,CSP Troop D,Racial Profile,1000004012,2500161044,Incident ID,2025-04-30 00:00:00,April,W,H,M,34,False,False,CHAPLIN,"00000 PHOENIXVILLE RD (CHAPLIN, T024)",41 46 39.5436000000,72 7 53.0400000000,V,B,3.0,1,14-219(b),,False,N,False,False,I,,,,,False,1.0,CTCSP0000,133948118182702696,2025-04-30 14:54:54.953000,14:54:54.953000,2025,,,Speed Related,2025
2025-06-19 09:04:23.677000,7506661.0,CTCSP0500,CSP Troop D,Racial Profile,1000004405,2500161253,Incident ID,2025-04-30 00:00:00,April,W,N,F,22,True,True,KILLINGLY,00000 UPPER MAPLE ST,41 50 30.1812000000,71 53 44.4480000000,V,B,1.0,0,14-12(a)*,,False,N,False,False,W,,,,,False,1.0,CTCSP0000,133948118182702696,2025-04-30 17:33:08.887000,17:33:08.887000,2025,,,Registration,2025
2025-08-14 13:28:50.343000,7613632.0,CTCSP0500,CSP Troop D,Racial Profile,1000002622,2500161964,Incident ID,2025-05-01 00:00:00,May,B,N,M,39,True,False,EAST LYME,I395 S/B PRIOR TO I95 SPLIT,41 22 24.8016000000,72 11 49.5960000000,V,G,1.0,0,14-219,,False,N,False,False,V,,,,,False,1.0,CTCSP0000,133996660840297065,2025-05-01 08:46:18.367000,08:46:18.367000,2025,,,Speed Related,2025
2025-08-14 13:28:50.337000,7613630.0,CTCSP0500,CSP Troop D,Racial Profile,1000002576,2500162360,Incident ID,2025-05-01 00:00:00,May,W,N,M,22,True,False,THOMPSON,riversdie,41 58 54.5413080000,71 53 49.1177400000,V,B,3.0,1,14-223,,True,O,False,False,I,,,,,False,1.0,CTCSP0000,133996660840297065,2025-05-01 13:54:25.540000,13:54:25.540000,2025,,,Other,2025
2025-08-14 13:28:50.573000,7613720.0,CTCSP0500,CSP Troop D,Racial Profile,1000004777,2500161735,Incident ID,2025-05-01 00:00:00,May,W,N,M,27,False,False,KILLINGLY,"00000 I 395  (KILLINGLY, T069)",41 51 46.2672000000,71 53 10.5720000000,V,B,1.0,0,14-219c1,,False,N,False,False,I,,,,,False,1.0,CTCSP0000,133996660840297065,2025-05-01 05:58:00.360000,05:58:00.360000,2025,,,Speed Related,2025
2025-08-14 13:28:50.420000,7613658.0,CTCSP0500,CSP Troop D,Racial Profile,1000004405,2500162549,Incident ID,2025-05-01 00:00:00,May,W,N,F,38,True,True,KILLINGLY,KILLINGLY COMMONS,41 50 34.3860000000,71 52 58.5120000000,V,B,1.0,0,14-247c,,False,N,False,False,V,,,,,False,1.0,CTCSP0000,133996660840297065,2025-05-01 16:05:25.780000,16:05:25.780000,2025,,,Moving Violation,2025
2025-08-14 13:28:50.423000,7613659.0,CTCSP0500,CSP Troop D,Racial Profile,1000004405,2500162562,Incident ID,2025-05-01 00:00:00,May,W,N,F,52,True,True,KILLINGLY,395 killingly,41 49 12.6876000000,71 52 14.0160000000,V,B,1.0,0,14-12a,,False,N,False,False,W,,,,,False,1.0,CTCSP0000,133996660840297065,2025-05-01 16:18:20.033000,16:18:20.033000,2025,,,Registration,2025
2025-08-14 13:28:50.643000,7613747.0,CTCSP0500,CSP Troop D,Racial Profile,1000004968,2500162723,Incident ID,2025-05-01 00:00:00,May,W,H,M,29,True,False,KILLINGLY,00000 PARKING LOT ,41 50 32.6400000000,71 52 51.8160000000,V,G,1.0,0,14-12(a),,False,N,False,False,W,,,,,False,1.0,CTCSP0000,133996660840297065,2025-05-01 18:20:10.637000,18:20:10.637000,2025,,,Registration,2025
2025-08-14 13:28:50.490000,7613688.0,CTCSP0500,CSP Troop D,Racial Profile,1000004675,2500162708,Incident ID,2025-05-01 00:00:00,May,W,N,M,48,True,False,BROOKLYN,"00000 PROVIDENCE RD (BROOKLYN, T019)",41 47 52.8612000000,71 54 22.0320000000,V,G,1.0,0,14-36(a),,False,N,False,False,I,,,,,False,1.0,CTCSP0000,133996660840297065,2025-05-01 18:05:24.977000,18:05:24.977000,2025,,,Unlicensed Operation,2025
2025-08-14 13:28:50.493000,7613689.0,CTCSP0500,CSP Troop D,Racial Profile,1000004675,2500162742,Incident ID,2025-05-01 00:00:00,May,W,N,M,22,True,False,BROOKLYN,"00000 ALLEN HILL RD (BROOKLYN, T019)",41 47 26.8728000000,71 54 59.3280000000,V,G,1.0,0,14-147(c),,False,N,False,False,I,,,,,False,1.0,CTCSP0000,133996660840297065,2025-05-01 18:36:37.373000,18:36:37.373000,2025,,,Administrative Offense,2025
2025-08-14 13:28:50.350000,7613633.0,CTCSP0500,CSP Troop D,Racial Profile,1000002622,2500162069,Incident ID,2025-05-01 00:00:00,May,B,N,F,47,True,False,EAST LYME,I-95 S/B X74,41 20 55.3020000000,72 13 26.5440000000,V,G,1.0,0,14-219,,False,N,False,False,V,,,,,False,1.0,CTCSP0000,133996660840297065,2025-05-01 09:55:09.350000,09:55:09.350000,2025,,,Speed Related,2025
2025-08-14 13:28:50.567000,7613717.0,CTCSP0500,CSP Troop D,Racial Profile,1000004678,2500163495,Incident ID,2025-05-02 00:00:00,May,W,H,M,34,True,False,KILLINGLY,EXIT 41 I 395 N ,41 50 22.5492000000,71 52 39.8280000000,V,G,1.0,0,14-236,,False,N,False,False,W,,,,,False,1.0,CTCSP0000,133996660840297065,2025-05-02 10:18:47.397000,10:18:47.397000,2025,,,Moving Violation,2025
2025-08-14 13:28:50.497000,7613691.0,CTCSP0500,CSP Troop D,Racial Profile,1000004675,2500165398,Incident ID,2025-05-03 00:00:00,May,W,N,M,47,True,False,KILLINGLY,"00000 N MAIN ST (KILLINGLY, T069)",41 49 11.6580000000,71 52 40.8360000000,V,G,1.0,0,14-36(a),,False,N,False,False,I,,,,,False,1.0,CTCSP0000,133996660840297065,2025-05-03 17:34:58.080000,17:34:58.080000,2025,,,Unlicensed Operation,2025
2025-08-14 13:28:50.497000,7613690.0,CTCSP0500,CSP Troop D,Racial Profile,1000004675,2500165252,Incident ID,2025-05-03 00:00:00,May,B,N,M,46,True,False,PLAINFIELD,00000 REST AREA ,41 45 6.5412000000,71 52 44.2200000000,V,G,1.0,0,14-241,,False,N,False,False,W,,,,,False,1.0,CTCSP0000,133996660840297065,2025-05-03 15:57:20.673000,15:57:20.673000,2025,,,Moving Violation,2025
2025-08-14 13:28:50.637000,7613744.0,CTCSP0500,CSP Troop D,Racial Profile,1000004964,2500165341,Incident ID,2025-05-03 00:00:00,May,W,N,M,35,False,False,KILLINGLY,"00000 SOAP ST (KILLINGLY, T069)",41 51 13.4496000000,71 52 57.4680000000,V,B,1.0,0,14-219,,False,N,False,False,I,,,,,False,1.0,CTCSP0000,133996660840297065,2025-05-03 16:52:06.207000,16:52:06.207000,2025,14-219,,Speed Related,2025
2025-08-14 13:28:50.370000,7613640.0,CTCSP0500,CSP Troop D,Racial Profile,1000004012,2500166114,Incident ID,2025-05-04 00:00:00,May,W,N,M,55,True,True,CHAPLIN,"00000 PUMPKIN HILL RD (CHAPLIN, T024)",41 48 24.9696000000,72 7 24.1680000000,V,B,1.0,0,14-219,,False,N,False,False,V,,,,,False,1.0,CTCSP0000,133996660840297065,2025-05-04 12:42:08.233000,12:42:08.233000,2025,,,Speed Related,2025
2025-08-14 13:28:50.360000,7613637.0,CTCSP0500,CSP Troop D,Racial Profile,1000004012,2500166050,Incident ID,2025-05-04 00:00:00,May,W,N,M,62,True,True,CHAPLIN,"00000 PHOENIXVILLE RD (CHAPLIN, T024)",41 48 18.6696000000,72 7 21.6480000000,V,B,1.0,0,14-219,,False,N,False,False,V,,,,,False,1.0,CTCSP0000,133996660840297065,2025-05-04 11:04:45.453000,11:04:45.453000,2025,,,Speed Related,2025
2025-08-14 13:28:50.373000,7613641.0,CTCSP0500,CSP Troop D,Racial Profile,1000004012,2500166137,Incident ID,2025-05-04 00:00:00,May,W,N,F,41,True,True,CHAPLIN,"00000 PHOENIXVILLE RD (CHAPLIN, T024)",41 46 28.6608000000,72 7 55.6680000000,V,B,1.0,0,14-219,,False,N,False,False,V,,,,,False,1.0,CTCSP0000,133996660840297065,2025-05-04 13:16:52.250000,13:16:52.250000,2025,,,Speed Related,2025
2025-08-14 13:28:50.377000,7613642.0,CTCSP0500,CSP Troop D,Racial Profile,1000004012,2500166169,Incident ID,2025-05-04 00:00:00,May,W,N,M,70,False,False,CHAPLIN,"00000 HAMPTON RD (CHAPLIN, T024)",41 46 1.7652000000,72 6 28.1880000000,V,B,1.0,0,14-298,,False,N,False,False,I,,,,,False,1.0,CTCSP0000,133996660840297065,2025-05-04 13:53:48.087000,13:53:48.087000,2025,,,STC Violation,2025
2025-08-14 13:28:50.380000,7613643.0,CTCSP0500,CSP Troop D,Racial Profile,1000004012,2500166185,Incident ID,2025-05-04 00:00:00,May,W,N,F,70,True,True,CHAPLIN,"00000 NATCHAUG ST (CHAPLIN, T024)",41 48 49.9068000000,72 6 36.2160000000,V,B,1.0,0,14-298,,False,N,False,False,I,,,,,False,1.0,CTCSP0000,133996660840297065,2025-05-04 14:18:14.860000,14:18:14.860000,2025,,,STC Violation,2025
2025-08-14 13:28:50.383000,7613645.0,CTCSP0500,CSP Troop D,Racial Profile,1000004012,2500166254,Incident ID,2025-05-04 00:00:00,May,W,N,M,57,True,True,CHAPLIN,"00000 N BEAR HILL RD (CHAPLIN, T024)",41 48 3.4308000000,72 7 4.9440000000,V,B,1.0,0,14-298,,False,N,False,False,I,,,,,False,1.0,CTCSP0000,133996660840297065,2025-05-04 15:20:20.590000,15:20:20.590000,2025,,,STC Violation,2025
2025-08-14 13:28:50.367000,7613639.0,CTCSP0500,CSP Troop D,Racial Profile,1000004012,2500166103,Incident ID,2025-05-04 00:00:00,May,W,N,F,33,True,True,CHAPLIN,"00000 PUMPKIN HILL RD (CHAPLIN, T024)",41 48 18.7632000000,72 7 22.8000000000,V,B,1.0,0,14-298,,False,N,False,False,I,,,,,False,1.0,CTCSP0000,133996660840297065,2025-05-04 12:21:46.163000,12:21:46.163000,2025,,,STC Violation,2025
2025-08-14 13:28:50.380000,7613644.0,CTCSP0500,CSP Troop D,Racial Profile,1000004012,2500166206,Incident ID,2025-05-04 00:00:00,May,W,N,M,30,True,True,CHAPLIN,"00000 PHOENIXVILLE RD (CHAPLIN, T024)",41 48 18.6696000000,72 7 21.6480000000,V,B,2.0,0,14-298,,False,N,False,False,I,,,,,False,1.0,CTCSP0000,133996660840297065,2025-05-04 14:39:18.780000,14:39:18.780000,2025,,,STC Violation,2025
2025-08-14 13:28:50.400000,7613650.0,CTCSP0500,CSP Troop D,Racial Profile,1000004268,2500166147,Incident ID,2025-05-04 00:00:00,May,B,N,F,52,False,False,PLAINFIELD,I395 NB North Exit 32,41 44 18.6468000000,71 52 49.2600000000,V,B,1.0,0,14-218a,,False,N,False,False,V,,,,,False,1.0,CTCSP0000,133996660840297065,2025-05-04 13:34:11.680000,13:34:11.680000,2025,,,Speed Related,2025
2025-08-14 13:28:50.450000,7613670.0,CTCSP0500,CSP Troop D,Racial Profile,1000004409,2500166410,Incident ID,2025-05-04 00:00:00,May,W,N,M,30,True,True,PUTNAM,Rt 44,41 55 15.8700000000,71 54 7.0920000000,V,B,1.0,0,14-234,,False,N,False,False,V,,,,,False,1.0,CTCSP0000,133996660840297065,2025-05-04 18:12:30.097000,18:12:30.097000,2025,,,Moving Violation,2025
2025-08-14 13:28:50.363000,7613638.0,CTCSP0500,CSP Troop D,Racial Profile,1000004012,2500166058,Incident ID,2025-05-04 00:00:00,May,W,N,F,86,True,True,CHAPLIN,"00000 PHOENIXVILLE RD (CHAPLIN, T024)",41 48 17.6724000000,72 7 22.3680000000,V,B,1.0,0,14-298,,False,N,False,False,I,,,,,False,1.0,CTCSP0000,133996660840297065,2025-05-04 11:12:43.783000,11:12:43.783000,2025,,,STC Violation,2025
2025-08-14 13:28:50.387000,7613646.0,CTCSP0500,CSP Troop D,Racial Profile,1000004012,2500166275,Incident ID,2025-05-04 00:00:00,May,W,N,M,23,True,True,CHAPLIN,"00000 PHOENIXVILLE RD (CHAPLIN, T024)",41 48 2.7324000000,72 7 29.7120000000,V,B,1.0,0,14-219(b),,False,N,False,False,I,,,,,False,1.0,CTCSP0000,133996660840297065,2025-05-04 15:37:13.123000,15:37:13.123000,2025,,,Speed Related,2025
2025-08-14 13:28:50.393000,7613648.0,CTCSP0500,CSP Troop D,Racial Profile,1000004079,2500167122,Incident ID,2025-05-05 00:00:00,May,W,N,M,14,True,True,KILLINGLY,HIGH SCHOOL PARKING LOT,41 51 26.1217080000,71 52 42.3266160000,V,G,1.0,1,14-36,,False,N,False,False,M,,,,,False,1.0,CTCSP0000,133996660840297065,2025-05-05 11:21:16.860000,11:21:16.860000,2025,,,Unlicensed Operation,2025
2025-08-14 13:28:50.640000,7613745.0,CTCSP0500,CSP Troop D,Racial Profile,1000004964,2500167559,Incident ID,2025-05-05 00:00:00,May,W,H,F,43,True,False,HAMPTON,"00000 PROVIDENCE TPKE (HAMPTON, T063)",41 46 20.2224000000,72 2 35.0520000000,V,B,1.0,0,14-218a,,False,N,False,False,W,,,,,False,1.0,CTCSP0000,133996660840297065,2025-05-05 18:14:33.880000,18:14:33.880000,2025,14-218a,,Speed Related,2025
2025-08-14 13:28:50.653000,7613751.0,CTCSP0500,CSP Troop D,Racial Profile,1000004969,2500167005,Incident ID,2025-05-05 00:00:00,May,W,N,F,60,True,False,PLAINFIELD,00000 I 395 ,41 45 12.7224000000,71 52 41.5560000000,E,G,1.0,0,14-96a(a),,False,N,False,False,W,,,,,False,1.0,CTCSP0000,133996660840297065,2025-05-05 09:38:21.437000,09:38:21.437000,2025,,,Defective Lights,2025
2025-08-14 13:28:50.657000,7613752.0,CTCSP0500,CSP Troop D,Racial Profile,1000004969,2500167016,Incident ID,2025-05-05 00:00:00,May,W,N,M,29,True,False,PLAINFIELD,"00000 I 395  (PLAINFIELD, T109)",41 43 13.6020000000,71 53 39.0120000000,E,G,1.0,0,14-96a(a),,False,N,False,False,W,,,,,False,1.0,CTCSP0000,133996660840297065,2025-05-05 09:46:58.497000,09:46:58.497000,2025,,,Defective Lights,2025
2025-08-14 13:28:50.177000,7613583.0,CTCSP0500,CSP Troop D,Racial Profile,1000001947,2500168967,Incident ID,2025-05-06 00:00:00,May,B,N,F,24,False,False,PLAINFIELD,395 nb x29 PLAINFIELD,41 41 14.6832000000,71 54 26.1360000000,V,B,1.0,0,14-96a(a),,False,N,False,False,V,,,,,False,1.0,CTCSP0000,133996660840297065,2025-05-06 20:00:49.310000,20:00:49.310000,2025,,,Defective Lights,2025
2025-08-14 13:28:50.180000,7613584.0,CTCSP0500,CSP Troop D,Racial Profile,1000001947,2500170438,Incident ID,2025-05-07 00:00:00,May,W,N,F,61,True,False,BROOKLYN,"00000 HARTFORD RD (BROOKLYN, T019)",41 47 13.8552000000,71 59 57.4440000000,V,B,1.0,0,14-234,,False,N,False,False,I,,,,,False,1.0,CTCSP0000,133996660840297065,2025-05-07 19:38:44.263000,19:38:44.263000,2025,,,Moving Violation,2025
2025-08-14 13:28:50.200000,7613587.0,CTCSP0500,CSP Troop D,Racial Profile,1000002254,2500169313,Incident ID,2025-05-07 00:00:00,May,W,N,M,38,True,False,WOODSTOCK,rt197,41 58 10.7220000000,72 3 13.4640000000,V,G,1.0,0,14-218a,,False,N,False,False,V,,,,,False,1.0,CTCSP0000,133996660840297065,2025-05-07 06:36:11.980000,06:36:11.980000,2025,,,Speed Related,2025
2025-08-14 13:28:50.410000,7613654.0,CTCSP0500,CSP Troop D,Racial Profile,1000004345,2500170546,Incident ID,2025-05-07 00:00:00,May,B,N,F,21,True,False,PLAINFIELD,"00395 I 395  (PLAINFIELD, T109)",41 41 25.4796000000,71 54 22.7052000000,V,G,1.0,0,14-219(c)(1),,False,N,False,False,I,,,,,False,1.0,CTCSP0000,133996660840297065,2025-05-07 21:46:42.937000,21:46:42.937000,2025,,,Speed Related,2025
2025-08-14 13:28:50.423000,7613660.0,CTCSP0500,CSP Troop D,Racial Profile,1000004405,2500171753,Incident ID,2025-05-08 00:00:00,May,W,N,M,43,True,True,KILLINGLY,00000 WESTFIELD AVE,41 48 47.8692000000,71 52 48.9720000000,V,B,1.0,0,14-12(a)*,,False,N,False,False,W,,,,,False,1.0,CTCSP0000,133996660840297065,2025-05-08 17:32:19.527000,17:32:19.527000,2025,,,Registration,2025
2025-08-14 13:28:50.350000,7613634.0,CTCSP0500,CSP Troop D,Racial Profile,1000002753,2500171394,Incident ID,2025-05-08 00:00:00,May,W,N,M,37,False,False,PUTNAM,"00000 I 395  (PUTNAM, T116)",41 54 48.2400000000,71 53 23.1000000000,V,B,1.0,0,14-299,,False,N,False,False,V,,,,,False,1.0,CTCSP0000,133996660840297065,2025-05-08 12:50:40.490000,12:50:40.490000,2025,,,Traffic Control Signal,2025
2025-08-14 13:28:50.480000,7613683.0,CTCSP0500,CSP Troop D,Racial Profile,1000004534,2500172087,Incident ID,2025-05-08 00:00:00,May,W,N,F,25,True,True,KILLINGLY,00000 I 395 ,41 52 5.7216000000,71 53 25.6200000000,V,G,1.0,0,14-219(c)(1),,False,N,False,False,W,,,,,False,1.0,CTCSP0000,133996660840297065,2025-05-08 23:41:57.337000,23:41:57.337000,2025,,,Speed Related,2025
2025-08-14 13:28:50.500000,7613692.0,CTCSP0500,CSP Troop D,Racial Profile,1000004675,2500171747,Incident ID,2025-05-08 00:00:00,May,W,N,F,22,True,False,KILLINGLY,"00000 I 395  (KILLINGLY, T069)",41 48 47.4840000000,71 52 15.7440000000,V,G,1.0,0,14-12(a)*,,False,N,False,False,I,,,,,False,1.0,CTCSP0000,133996660840297065,2025-05-08 17:26:56.497000,17:26:56.497000,2025,,,Registration,2025
2025-08-14 13:28:50.450000,7613671.0,CTCSP0500,CSP Troop D,Racial Profile,1000004409,2500171201,Incident ID,2025-05-08 00:00:00,May,W,N,F,68,False,False,HAMPTON,00000 HARTFORD TPKE,41 46 9.3000000000,72 5 25.5480000000,V,B,1.0,0,14-233,,False,N,False,False,W,,,,,False,1.0,CTCSP0000,133996660840297065,2025-05-08 10:42:26.430000,10:42:26.430000,2025,,,Moving Violation,2025
2025-08-14 13:28:50.590000,7613726.0,CTCSP0500,CSP Troop D,Racial Profile,1000004797,2500171820,Incident ID,2025-05-08 00:00:00,May,W,N,M,26,True,True,BROOKLYN,"Fairgrounds Rd, Brooklyn CT",41 46 53.3064000000,71 57 4.2120000000,V,G,1.0,0,14-271(a),,False,N,False,False,V,,,,,False,1.0,CTCSP0000,133996660840297065,2025-05-08 18:27:59.697000,18:27:59.697000,2025,,,Other,2025
2025-08-14 13:28:50.207000,7613589.0,CTCSP0500,CSP Troop D,Racial Profile,1000002254,2500172298,Incident ID,2025-05-09 00:00:00,May,W,N,M,65,True,False,POMFRET,"00000 POMFRET ST (POMFRET, T112)",41 53 15.4212000000,71 57 43.3080000000,V,G,1.0,0,14-218a,,False,N,False,False,I,,,,,False,1.0,CTCSP0000,133996660840297065,2025-05-09 07:03:34.460000,07:03:34.460000,2025,,,Speed Related,2025
2025-08-14 13:28:50.213000,7613591.0,CTCSP0500,CSP Troop D,Racial Profile,1000002254,2500172417,Incident ID,2025-05-09 00:00:00,May,W,N,M,70,True,False,POMFRET,"00000 POMFRET ST (POMFRET, T112)",41 53 15.4212000000,71 57 43.3080000000,V,G,1.0,0,14-218a,,False,N,False,False,I,,,,,False,1.0,CTCSP0000,133996660840297065,2025-05-09 08:30:01.620000,08:30:01.620000,2025,,,Speed Related,2025
2025-08-14 13:28:50.480000,7613684.0,CTCSP0500,CSP Troop D,Racial Profile,1000004534,2500172305,Incident ID,2025-05-09 00:00:00,May,B,N,M,31,True,False,COLUMBIA,"00000 RT 6  (COLUMBIA, T030)",41 43 53.5152000000,72 19 47.1720000000,V,G,1.0,0,14-234,,False,N,False,False,I,,,,,False,1.0,CTCSP0000,133996660840297065,2025-05-09 07:06:45.997000,07:06:45.997000,2025,,,Moving Violation,2025
2025-08-14 13:28:50.220000,7613593.0,CTCSP0500,CSP Troop D,Racial Profile,1000002254,2500172504,Incident ID,2025-05-09 00:00:00,May,W,N,M,44,False,False,POMFRET,"00000 CHURCH RD (POMFRET, T112)",41 53 8.5092000000,71 57 40.6440000000,V,G,1.0,0,14-218a,,False,N,False,False,I,,,,,False,1.0,CTCSP0000,133996660840297065,2025-05-09 09:39:39.223000,09:39:39.223000,2025,,,Speed Related,2025
2025-08-14 13:28:50.647000,7613748.0,CTCSP0500,CSP Troop D,Racial Profile,1000004968,2500172461,Incident ID,2025-05-09 00:00:00,May,W,N,F,42,True,False,THOMPSON,00000 QUINEBAUG RD,41 59 34.1916000000,71 53 54.3120000000,V,G,2.0,0,14-12(a),,False,N,False,False,W,,,,,False,1.0,CTCSP0000,133996660840297065,2025-05-09 09:05:59.343000,09:05:59.343000,2025,,,Registration,2025
2025-08-14 13:28:50.203000,7613588.0,CTCSP0500,CSP Troop D,Racial Profile,1000002254,2500172284,Incident ID,2025-05-09 00:00:00,May,W,N,M,39,True,False,POMFRET,"00000 MALLORY ST (POMFRET, T112)",41 53 8.3400000000,71 57 55.5840000000,V,G,1.0,0,14-218a,,False,N,False,False,I,,,,,False,1.0,CTCSP0000,133996660840297065,2025-05-09 06:56:27.157000,06:56:27.157000,2025,,,Speed Related,2025
2025-08-14 13:28:50.210000,7613590.0,CTCSP0500,CSP Troop D,Racial Profile,1000002254,2500172393,Incident ID,2025-05-09 00:00:00,May,W,N,M,17,True,False,POMFRET,"00000 MALLORY ST (POMFRET, T112)",41 53 8.3400000000,71 57 55.5840000000,V,G,1.0,0,14-218a,,False,N,False,False,I,,,,,False,1.0,CTCSP0000,133996660840297065,2025-05-09 08:16:10.807000,08:16:10.807000,2025,,,Speed Related,2025
2025-08-14 13:28:50.213000,7613592.0,CTCSP0500,CSP Troop D,Racial Profile,1000002254,2500172456,Incident ID,2025-05-09 00:00:00,May,W,N,M,68,True,False,POMFRET,"00000 POMFRET ST (POMFRET, T112)",41 53 15.4212000000,71 57 43.3080000000,V,G,1.0,0,14-218a,,False,N,False,False,I,,,,,False,1.0,CTCSP0000,133996660840297065,2025-05-09 09:03:46,09:03:46,2025,,,Speed Related,2025
2025-08-14 13:28:50.417000,7613657.0,CTCSP0500,CSP Troop D,Racial Profile,1000004402,2500173463,Incident ID,2025-05-10 00:00:00,May,W,H,F,23,False,False,POMFRET,"00000 MASHAMOQUET RD (POMFRET, T112)",41 51 38.4912000000,72 0 27.5760000000,V,B,1.0,0,14-218a,,False,N,False,False,I,,,,,False,1.0,CTCSP0000,133996660840297065,2025-05-10 07:32:56.467000,07:32:56.467000,2025,14-218(a),,Speed Related,2025
2025-08-14 13:28:50.593000,7613728.0,CTCSP0500,CSP Troop D,Racial Profile,1000004799,2500173882,Incident ID,2025-05-10 00:00:00,May,W,N,M,21,False,False,POMFRET,00000 HAMPTON RD,41 52 29.1720000000,71 58 48.7200000000,V,B,1.0,0,14-218a,,False,N,False,False,W,,,,,False,1.0,CTCSP0000,133996660840297065,2025-05-10 13:42:03.350000,13:42:03.350000,2025,,,Speed Related,2025
2025-08-14 13:28:50.483000,7613685.0,CTCSP0500,CSP Troop D,Racial Profile,1000004534,2500173427,Incident ID,2025-05-10 00:00:00,May,W,N,M,27,True,False,KILLINGLY,"00000 I 395  (KILLINGLY, T069)",41 51 50.1264000000,71 53 12.6960000000,V,G,1.0,0,14-219(c)(1),,False,N,False,False,I,,,,,False,1.0,CTCSP0000,133996660840297065,2025-05-10 07:00:02.780000,07:00:02.780000,2025,,,Speed Related,2025
2025-08-14 13:28:50.503000,7613693.0,CTCSP0500,CSP Troop D,Racial Profile,1000004675,2500174019,Incident ID,2025-05-10 00:00:00,May,W,N,M,21,True,False,KILLINGLY,00000 MAPLE ST,41 48 51.6132000000,71 53 31.2360000000,V,G,1.0,0,14-12(a),,False,N,False,False,W,,,,,False,1.0,CTCSP0000,133996660840297065,2025-05-10 15:39:23.203000,15:39:23.203000,2025,,,Registration,2025
2025-08-14 13:28:50.577000,7613721.0,CTCSP0500,CSP Troop D,Racial Profile,1000004777,2500173308,Incident ID,2025-05-10 00:00:00,May,W,N,M,46,True,True,KILLINGLY,00000 I 395 ,41 52 17.0040000000,71 53 27.6360000000,V,B,1.0,0,14-219(c)(1),,False,N,False,False,W,,,,,False,1.0,CTCSP0000,133996660840297065,2025-05-10 01:10:29.127000,01:10:29.127000,2025,,,Speed Related,2025
2025-08-14 13:28:50.227000,7613596.0,CTCSP0500,CSP Troop D,Racial Profile,1000002254,2500174723,Incident ID,2025-05-11 00:00:00,May,W,N,M,52,True,False,POMFRET,rt 169,41 53 7.7136000000,71 57 42.9840000000,V,G,1.0,0,14-218a,,False,N,False,False,V,,,,,False,1.0,CTCSP0000,133996660840297065,2025-05-11 07:24:32.773000,07:24:32.773000,2025,,,Speed Related,2025
2025-08-14 13:28:50.243000,7613598.0,CTCSP0500,CSP Troop D,Racial Profile,1000002254,2500174741,Incident ID,2025-05-11 00:00:00,May,W,N,F,61,True,False,POMFRET,"00000 POMFRET ST (POMFRET, T112)",41 53 7.7136000000,71 57 42.9840000000,V,G,1.0,0,14-218a,,False,N,False,False,I,,,,,False,1.0,CTCSP0000,133996660840297065,2025-05-11 07:44:11.493000,07:44:11.493000,2025,,,Speed Related,2025
2025-08-14 13:28:50.220000,7613594.0,CTCSP0500,CSP Troop D,Racial Profile,1000002254,2500174699,Incident ID,2025-05-11 00:00:00,May,W,N,F,37,False,False,POMFRET,"00000 POMFRET ST (POMFRET, T112)",41 53 10.8600000000,71 57 43.1280000000,V,G,1.0,0,14-218a,,False,N,False,False,I,,,,,False,1.0,CTCSP0000,133996660840297065,2025-05-11 06:59:05.810000,06:59:05.810000,2025,,,Speed Related,2025
2025-08-14 13:28:50.247000,7613600.0,CTCSP0500,CSP Troop D,Racial Profile,1000002254,2500174814,Incident ID,2025-05-11 00:00:00,May,W,N,F,32,False,False,WOODSTOCK,rt 197,41 58 10.7220000000,72 3 13.4640000000,V,G,1.0,0,14-218a,,False,N,False,False,V,,,,,False,1.0,CTCSP0000,133996660840297065,2025-05-11 09:16:12.267000,09:16:12.267000,2025,,,Speed Related,2025
2025-08-14 13:28:50.250000,7613601.0,CTCSP0500,CSP Troop D,Racial Profile,1000002254,2500174817,Incident ID,2025-05-11 00:00:00,May,W,N,M,55,True,False,WOODSTOCK,rt 197,41 58 10.5780000000,72 3 14.2200000000,V,G,1.0,0,14-218a,,False,N,False,False,V,,,,,False,1.0,CTCSP0000,133996660840297065,2025-05-11 09:21:04.440000,09:21:04.440000,2025,,,Speed Related,2025
2025-08-14 13:28:50.660000,7613753.0,CTCSP0500,CSP Troop D,Racial Profile,1000005069,2500175237,Incident ID,2025-05-11 00:00:00,May,W,N,M,37,True,True,BROOKLYN,South St Brooklyn,41 47 44.8512000000,71 53 38.5080000000,V,G,2.0,0,14-215,,False,N,False,False,M,,,,,False,1.0,CTCSP0000,133996660840297065,2025-05-11 17:22:58.537000,17:22:58.537000,2025,14-215,,Administrative Offense,2025
2025-08-14 13:28:50.660000,7613754.0,CTCSP0500,CSP Troop D,Racial Profile,1000005069,2500175262,Incident ID,2025-05-11 00:00:00,May,W,N,M,76,True,True,WOODSTOCK,J&H,41 56 45.9288600000,72 0 26.1406080000,I,G,3.0,1,14-236,,True,I,False,True,U,,,,,False,1.0,CTCSP0000,133996660840297065,2025-05-11 17:43:32.117000,17:43:32.117000,2025,14-227a,,Moving Violation,2025
2025-08-14 13:28:50.223000,7613595.0,CTCSP0500,CSP Troop D,Racial Profile,1000002254,2500174711,Incident ID,2025-05-11 00:00:00,May,W,N,F,27,True,False,POMFRET,"00000 POMFRET ST (POMFRET, T112)",41 53 15.4212000000,71 57 43.3080000000,V,G,1.0,0,14-218a,,False,N,False,False,I,,,,,False,1.0,CTCSP0000,133996660840297065,2025-05-11 07:12:51.080000,07:12:51.080000,2025,,,Speed Related,2025
2025-08-14 13:28:50.240000,7613597.0,CTCSP0500,CSP Troop D,Racial Profile,1000002254,2500174732,Incident ID,2025-05-11 00:00:00,May,W,N,M,16,True,False,POMFRET,"00000 POMFRET ST (POMFRET, T112)",41 53 21.3144000000,71 57 43.3440000000,V,G,1.0,0,14-218a,,False,N,False,False,I,,,,,False,1.0,CTCSP0000,133996660840297065,2025-05-11 07:31:44.520000,07:31:44.520000,2025,,,Speed Related,2025
2025-08-14 13:28:50.243000,7613599.0,CTCSP0500,CSP Troop D,Racial Profile,1000002254,2500174754,Incident ID,2025-05-11 00:00:00,May,W,N,M,57,True,False,POMFRET,"00000 POMFRET ST (POMFRET, T112)",41 53 11.8536000000,71 57 43.2000000000,V,G,1.0,0,14-218a,,False,N,False,False,I,,,,,False,1.0,CTCSP0000,133996660840297065,2025-05-11 08:02:58.317000,08:02:58.317000,2025,,,Speed Related,2025
2025-08-14 13:28:50.193000,7613585.0,CTCSP0500,CSP Troop D,Racial Profile,1000001947,2500176764,Incident ID,2025-05-12 00:00:00,May,W,H,F,22,True,False,PLAINFIELD,"00000 I 395  (PLAINFIELD, T109)",41 39 46.1592000000,71 55 1.2360000000,V,B,1.0,0,14-219(c)(1),,False,N,False,False,I,,,,,False,1.0,CTCSP0000,133996660840297065,2025-05-12 22:44:55.133000,22:44:55.133000,2025,,,Speed Related,2025
2025-08-14 13:28:50.250000,7613602.0,CTCSP0500,CSP Troop D,Racial Profile,1000002266,2500178040,Incident ID,2025-05-13 00:00:00,May,W,N,M,34,True,False,WOODSTOCK,"00000 RT 171  (WOODSTOCK, T169)",41 55 58.7856000000,71 57 18.5760000000,V,B,1.0,0,14-298,,False,N,False,False,I,,,,,False,1.0,CTCSP0000,133996660840297065,2025-05-13 19:05:33.043000,19:05:33.043000,2025,,,STC Violation,2025
2025-08-14 13:28:50.260000,7613604.0,CTCSP0500,CSP Troop D,Racial Profile,1000002266,2500178068,Incident ID,2025-05-13 00:00:00,May,W,N,M,21,True,True,WOODSTOCK,"00000 RT 171  (WOODSTOCK, T169)",41 56 0.6972000000,71 57 22.1400000000,V,B,1.0,0,14-298,,False,N,False,False,I,,,,,False,1.0,CTCSP0000,133996660840297065,2025-05-13 19:33:46.830000,19:33:46.830000,2025,,,STC Violation,2025
2025-08-14 13:28:50.263000,7613605.0,CTCSP0500,CSP Troop D,Racial Profile,1000002266,2500178163,Incident ID,2025-05-13 00:00:00,May,W,N,F,20,True,False,KILLINGLY,"00000 PROVIDENCE PIKE (KILLINGLY, T069)",41 47 20.9256000000,71 50 47.9040000000,V,B,1.0,0,14-298,,False,N,False,False,I,,,,,False,1.0,CTCSP0000,133996660840297065,2025-05-13 21:46:34.950000,21:46:34.950000,2025,,,STC Violation,2025
2025-08-14 13:28:50.277000,7613608.0,CTCSP0500,CSP Troop D,Racial Profile,1000002266,2500178184,Incident ID,2025-05-13 00:00:00,May,W,N,M,22,True,False,KILLINGLY,"00000 PROVIDENCE PIKE (KILLINGLY, T069)",41 47 20.8608000000,71 50 48.9480000000,V,B,1.0,0,14-298,,False,N,False,False,I,,,,,False,1.0,CTCSP0000,133996660840297065,2025-05-13 22:07:26.520000,22:07:26.520000,2025,,,STC Violation,2025
2025-08-14 13:28:50.260000,7613603.0,CTCSP0500,CSP Troop D,Racial Profile,1000002266,2500178052,Incident ID,2025-05-13 00:00:00,May,W,N,M,17,True,True,WOODSTOCK,"00000 RT 171  (WOODSTOCK, T169)",41 56 0.6972000000,71 57 22.1400000000,V,B,1.0,0,14-298,,False,N,False,False,I,,,,,False,1.0,CTCSP0000,133996660840297065,2025-05-13 19:15:30.040000,19:15:30.040000,2025,,,STC Violation,2025
2025-08-14 13:28:50.273000,7613607.0,CTCSP0500,CSP Troop D,Racial Profile,1000002266,2500178178,Incident ID,2025-05-13 00:00:00,May,W,N,F,17,True,False,KILLINGLY,"00000 PROVIDENCE PIKE (KILLINGLY, T069)",41 47 20.8608000000,71 50 48.9480000000,V,B,1.0,0,14-298,,False,N,False,False,I,,,,,False,1.0,CTCSP0000,133996660840297065,2025-05-13 22:00:39.520000,22:00:39.520000,2025,,,STC Violation,2025
2025-08-14 13:28:50.280000,7613609.0,CTCSP0500,CSP Troop D,Racial Profile,1000002266,2500178188,Incident ID,2025-05-13 00:00:00,May,W,N,M,20,True,True,KILLINGLY,rt 6,41 47 20.8608000000,71 50 48.9480000000,V,B,1.0,0,14-298,,False,N,False,False,I,,,,,False,1.0,CTCSP0000,133996660840297065,2025-05-13 22:14:36.163000,22:14:36.163000,2025,,,STC Violation,2025
2025-08-14 13:28:50.580000,7613722.0,CTCSP0500,CSP Troop D,Racial Profile,1000004777,2500176899,Incident ID,2025-05-13 00:00:00,May,B,N,F,36,True,False,PLAINFIELD,00000 I 395 ,41 39 43.1532000000,71 55 3.6120000000,V,B,1.0,0,14-219(c)(1),,False,N,False,False,W,,,,,False,1.0,CTCSP0000,133996660840297065,2025-05-13 00:31:18.990000,00:31:18.990000,2025,,,Speed Related,2025
2025-08-14 13:28:50.453000,7613672.0,CTCSP0500,CSP Troop D,Racial Profile,1000004409,2500177050,Incident ID,2025-05-13 00:00:00,May,W,N,M,48,True,False,BROOKLYN,00000 HARTFORD RD,41 46 59.8116000000,72 0 58.3560000000,V,B,1.0,0,14-233,,False,N,False,False,W,,,,,False,1.0,CTCSP0000,133996660840297065,2025-05-13 06:45:00.270000,06:45:00.270000,2025,,,Moving Violation,2025
2025-08-14 13:28:50.267000,7613606.0,CTCSP0500,CSP Troop D,Racial Profile,1000002266,2500178170,Incident ID,2025-05-13 00:00:00,May,W,N,M,20,False,False,KILLINGLY,"00000 PROVIDENCE PIKE (KILLINGLY, T069)",41 47 23.0568000000,71 50 25.6920000000,V,B,1.0,0,14-298,,False,N,False,False,I,,,,,False,1.0,CTCSP0000,133996660840297065,2025-05-13 21:53:36.953000,21:53:36.953000,2025,,,STC Violation,2025
2025-08-14 13:28:50.280000,7613610.0,CTCSP0500,CSP Troop D,Racial Profile,1000002266,2500178205,Incident ID,2025-05-13 00:00:00,May,W,H,F,34,False,False,KILLINGLY,"00000 PROVIDENCE PIKE (KILLINGLY, T069)",41 47 20.8608000000,71 50 48.9480000000,V,B,1.0,0,14-298,,False,N,False,False,I,,,,,False,1.0,CTCSP0000,133996660840297065,2025-05-13 22:31:27.890000,22:31:27.890000,2025,,,STC Violation,2025
2025-08-14 13:28:50.340000,7613631.0,CTCSP0500,CSP Troop D,Racial Profile,1000002576,2500179151,Incident ID,2025-05-14 00:00:00,May,W,N,M,36,True,False,KILLINGLY,broad,41 47 45.4562520000,71 52 48.6034320000,V,B,2.0,0,14-301,,False,N,False,False,V,,,,,False,1.0,CTCSP0000,133996660840297065,2025-05-14 14:54:08.870000,14:54:08.870000,2025,,,Stop Sign,2025
2025-08-14 13:28:50.400000,7613651.0,CTCSP0500,CSP Troop D,Racial Profile,1000004268,2500179142,Incident ID,2025-05-14 00:00:00,May,W,N,M,32,True,True,PLAINFIELD,00000 EXIT 28 I 395 N ,41 39 46.5804000000,71 54 59.9040000000,V,B,1.0,0,14-218a,,False,N,False,False,W,,,,,False,1.0,CTCSP0000,133996660840297065,2025-05-14 14:51:39.760000,14:51:39.760000,2025,,,Speed Related,2025
2025-08-14 13:28:50.283000,7613611.0,CTCSP0500,CSP Troop D,Racial Profile,1000002266,2500180808,Incident ID,2025-05-15 00:00:00,May,W,N,F,42,False,False,THOMPSON,"00000 I 395  (THOMPSON, T141)",41 56 49.7544000000,71 52 52.8240000000,V,B,1.0,0,14-298,,False,N,False,False,I,,,,,False,1.0,CTCSP0000,133996660840297065,2025-05-15 18:41:52.927000,18:41:52.927000,2025,,,STC Violation,2025
2025-08-14 13:28:50.297000,7613615.0,CTCSP0500,CSP Troop D,Racial Profile,1000002266,2500181060,Incident ID,2025-05-15 00:00:00,May,W,N,M,19,True,False,PLAINFIELD,"00395 I 395  (PLAINFIELD, T109)",41 38 58.9452000000,71 55 51.0132000000,V,B,1.0,0,14-298,,False,N,False,False,I,,,,,False,1.0,CTCSP0000,133996660840297065,2025-05-15 23:19:57.233000,23:19:57.233000,2025,,,STC Violation,2025
2025-08-14 13:28:50.287000,7613612.0,CTCSP0500,CSP Troop D,Racial Profile,1000002266,2500180851,Incident ID,2025-05-15 00:00:00,May,W,N,F,19,True,False,PLAINFIELD,"00000 I 395  (PLAINFIELD, T109)",41 38 58.9452000000,71 55 50.9880000000,V,B,1.0,0,14-222,,False,N,False,False,M,,,,,False,1.0,CTCSP0000,133996660840297065,2025-05-15 19:21:45.210000,19:21:45.210000,2025,,,Speed Related,2025
2025-08-14 13:28:50.300000,7613616.0,CTCSP0500,CSP Troop D,Racial Profile,1000002266,2500181069,Incident ID,2025-05-15 00:00:00,May,W,N,F,69,False,False,PLAINFIELD,"00395 I 395  (PLAINFIELD, T109)",41 38 58.9452000000,71 55 51.0132000000,V,B,1.0,0,14-298,,False,N,False,False,I,,,,,False,1.0,CTCSP0000,133996660840297065,2025-05-15 23:31:01.990000,23:31:01.990000,2025,,,STC Violation,2025
2025-08-14 13:28:50.507000,7613695.0,CTCSP0500,CSP Troop D,Racial Profile,1000004675,2500180761,Incident ID,2025-05-15 00:00:00,May,W,N,M,25,True,False,KILLINGLY,00000 N MAIN ST,41 50 15.5148000000,71 52 34.6800000000,V,G,1.0,0,14-36(a),,False,N,False,False,W,,,,,False,1.0,CTCSP0000,133996660840297065,2025-05-15 17:54:18.263000,17:54:18.263000,2025,,,Unlicensed Operation,2025
2025-08-14 13:28:50.637000,7613743.0,CTCSP0500,CSP Troop D,Racial Profile,1000004858,2500181003,Incident ID,2025-05-15 00:00:00,May,W,N,M,71,True,False,POMFRET,00000 KILLINGLY RD,41 51 5.0940000000,71 56 30.5160000000,V,G,1.0,0,14-12(a),,False,N,False,False,W,,,,,False,1.0,CTCSP0000,133996660840297065,2025-05-15 22:38:26.200000,22:38:26.200000,2025,14-12(a),,Registration,2025
2025-08-14 13:28:50.503000,7613694.0,CTCSP0500,CSP Troop D,Racial Profile,1000004675,2500180735,Incident ID,2025-05-15 00:00:00,May,W,H,M,45,True,False,KILLINGLY,00000 I 395 ,41 49 12.6876000000,71 52 14.0160000000,V,G,1.0,0,14-18(a),,False,N,False,False,W,,,,,False,1.0,CTCSP0000,133996660840297065,2025-05-15 17:37:02.817000,17:37:02.817000,2025,,,Display of Plates,2025
2025-08-14 13:28:50.510000,7613696.0,CTCSP0500,CSP Troop D,Racial Profile,1000004675,2500180873,Incident ID,2025-05-15 00:00:00,May,W,N,M,47,True,False,KILLINGLY,00000 N MAIN ST,41 50 15.5148000000,71 52 34.6800000000,V,G,1.0,0,14-12(a),,False,N,False,True,W,,,,,False,1.0,CTCSP0000,133996660840297065,2025-05-15 19:42:39.320000,19:42:39.320000,2025,,,Registration,2025
2025-08-14 13:28:50.290000,7613613.0,CTCSP0500,CSP Troop D,Racial Profile,1000002266,2500180872,Incident ID,2025-05-15 00:00:00,May,W,N,M,24,True,True,PLAINFIELD,"00000 I 395  (PLAINFIELD, T109)",41 39 18.9324000000,71 55 29.6400000000,V,B,1.0,0,14-222,,False,N,False,False,M,,,,,False,1.0,CTCSP0000,133996660840297065,2025-05-15 19:40:09.327000,19:40:09.327000,2025,,,Speed Related,2025
2025-08-14 13:28:50.293000,7613614.0,CTCSP0500,CSP Troop D,Racial Profile,1000002266,2500181041,Incident ID,2025-05-15 00:00:00,May,B,N,M,19,True,False,PLAINFIELD,nb 28,41 39 18.9324000000,71 55 29.6544000000,V,B,1.0,0,14-222,,False,N,False,False,M,,,,,False,1.0,CTCSP0000,133996660840297065,2025-05-15 23:01:17.350000,23:01:17.350000,2025,,,Speed Related,2025
2025-08-14 13:28:50.300000,7613617.0,CTCSP0500,CSP Troop D,Racial Profile,1000002266,2500181081,Incident ID,2025-05-15 00:00:00,May,W,N,F,28,False,False,PLAINFIELD,"00000 Norwich Rd (PLAINFIELD, T109)",41 39 18.5724000000,71 55 47.0064000000,V,B,1.0,0,14-298,,False,N,False,False,I,,,,,False,1.0,CTCSP0000,133996660840297065,2025-05-15 23:44:38.563000,23:44:38.563000,2025,,,STC Violation,2025
2025-08-14 13:28:50.310000,7613619.0,CTCSP0500,CSP Troop D,Racial Profile,1000002266,2500181118,Incident ID,2025-05-16 00:00:00,May,W,N,M,43,False,False,PLAINFIELD,nb 28,41 38 58.9452000000,71 55 51.0132000000,V,B,1.0,0,14-219(c)(1),,False,N,False,False,V,,,,,False,1.0,CTCSP0000,133996660840297065,2025-05-16 00:17:55.830000,00:17:55.830000,2025,,,Speed Related,2025
2025-08-14 13:28:50.303000,7613618.0,CTCSP0500,CSP Troop D,Racial Profile,1000002266,2500181105,Incident ID,2025-05-16 00:00:00,May,W,N,M,36,True,False,PLAINFIELD,"00395 I 395  (PLAINFIELD, T109)",41 39 22.2660000000,71 55 26.0004000000,V,B,1.0,0,14-298,,False,N,False,False,I,,,,,False,1.0,CTCSP0000,133996660840297065,2025-05-16 00:02:20.830000,00:02:20.830000,2025,,,STC Violation,2025
2025-08-14 13:28:50.410000,7613655.0,CTCSP0500,CSP Troop D,Racial Profile,1000004378,2500181601,Incident ID,2025-05-16 00:00:00,May,W,N,M,44,True,True,THOMPSON,"I-395 N/B Prior to Exit 49, Thompson",41 56 33.2664000000,71 52 44.1732000000,V,B,3.0,1,14-241,,False,N,False,True,U,,,,,False,1.0,CTCSP0000,133996660840297065,2025-05-16 10:50:19.687000,10:50:19.687000,2025,53a-173,,Moving Violation,2025
2025-08-14 13:28:50.460000,7613674.0,CTCSP0500,CSP Troop D,Racial Profile,1000004409,2500182189,Incident ID,2025-05-16 00:00:00,May,B,H,F,25,True,False,CHAPLIN,"00000 PHOENIXVILLE RD (CHAPLIN, T024)",41 48 17.6724000000,72 7 22.3680000000,V,B,1.0,0,14-218a,,False,N,False,False,I,,,,,False,1.0,CTCSP0000,133996660840297065,2025-05-16 18:30:23.847000,18:30:23.847000,2025,,,Speed Related,2025
2025-08-14 13:28:50.510000,7613697.0,CTCSP0500,CSP Troop D,Racial Profile,1000004675,2500182047,Incident ID,2025-05-16 00:00:00,May,W,N,M,40,True,False,PLAINFIELD,00000 PLAINFIELD PIKE RD,41 40 53.7348000000,71 51 49.8240000000,V,G,1.0,0,14-12(a)*,,False,N,False,False,W,,,,,False,1.0,CTCSP0000,133996660840297065,2025-05-16 16:39:14.693000,16:39:14.693000,2025,,,Registration,2025
2025-08-14 13:28:50.517000,7613699.0,CTCSP0500,CSP Troop D,Racial Profile,1000004675,2500182335,Incident ID,2025-05-16 00:00:00,May,B,H,F,21,True,False,KILLINGLY,00000 RAMP 41 I 395 S ,41 50 34.9872000000,71 52 47.4960000000,V,G,1.0,0,14-96a(a),,False,N,False,False,W,,,,,False,1.0,CTCSP0000,133996660840297065,2025-05-16 21:01:10.530000,21:01:10.530000,2025,,,Defective Lights,2025
2025-08-14 13:28:50.600000,7613730.0,CTCSP0500,CSP Troop D,Racial Profile,1000004856,2500181225,Incident ID,2025-05-16 00:00:00,May,W,N,M,18,True,True,PLAINFIELD,"00000 I 395  (PLAINFIELD, T109)",41 45 4.5072000000,71 52 43.7880000000,V,G,1.0,0,14-230,,False,N,False,False,V,,,,,False,1.0,CTCSP0000,133996660840297065,2025-05-16 06:17:55.940000,06:17:55.940000,2025,,,Moving Violation,2025
2025-08-14 13:28:50.457000,7613673.0,CTCSP0500,CSP Troop D,Racial Profile,1000004409,2500181396,Incident ID,2025-05-16 00:00:00,May,W,N,M,25,True,False,KILLINGLY,00000 HARTFORD PIKE,41 50 57.6168000000,71 55 13.9080000000,V,B,1.0,0,14-18(c),,False,N,False,False,W,,,,,False,1.0,CTCSP0000,133996660840297065,2025-05-16 08:10:30.733000,08:10:30.733000,2025,,,Display of Plates,2025
2025-08-14 13:28:50.460000,7613675.0,CTCSP0500,CSP Troop D,Racial Profile,1000004409,2500182242,Incident ID,2025-05-16 00:00:00,May,W,H,F,58,True,False,HAMPTON,00000 PROVIDENCE TPKE,41 46 43.6296000000,72 1 50.6280000000,V,B,1.0,0,14-218a,,False,N,False,False,W,,,,,False,1.0,CTCSP0000,133996660840297065,2025-05-16 19:23:15.503000,19:23:15.503000,2025,,,Speed Related,2025
2025-08-14 13:28:50.513000,7613698.0,CTCSP0500,CSP Troop D,Racial Profile,1000004675,2500182184,Incident ID,2025-05-16 00:00:00,May,W,N,F,31,True,False,PLAINFIELD,"00000 I 395  (PLAINFIELD, T109)",41 41 35.0736000000,71 54 18.0000000000,V,G,1.0,0,14-12(a)*,,False,N,False,False,I,,,,,False,1.0,CTCSP0000,133996660840297065,2025-05-16 18:28:32.507000,18:28:32.507000,2025,,,Registration,2025
2025-08-14 13:28:50.433000,7613663.0,CTCSP0500,CSP Troop D,Racial Profile,1000004405,2500183495,Incident ID,2025-05-17 00:00:00,May,W,N,F,20,True,True,KILLINGLY,00000 I 395 ,41 48 49.6404000000,71 52 14.9880000000,V,B,1.0,0,14-96b,,False,N,False,False,W,,,,,False,1.0,CTCSP0000,133996660840297065,2025-05-17 21:01:46.447000,21:01:46.447000,2025,,,Defective Lights,2025
2025-08-14 13:28:50.403000,7613652.0,CTCSP0500,CSP Troop D,Racial Profile,1000004268,2500182735,Incident ID,2025-05-17 00:00:00,May,B,N,M,62,True,True,PLAINFIELD,00000 NORWICH RD,41 40 4.5120000000,71 54 55.2960000000,V,B,1.0,0,14-299,,False,N,False,False,W,,,,,False,1.0,CTCSP0000,133996660840297065,2025-05-17 07:06:23.987000,07:06:23.987000,2025,,,Traffic Control Signal,2025
2025-08-14 13:28:50.517000,7613700.0,CTCSP0500,CSP Troop D,Racial Profile,1000004675,2500183489,Incident ID,2025-05-17 00:00:00,May,W,N,M,27,True,False,KILLINGLY,"00000 I 395  (KILLINGLY, T069)",41 49 12.6876000000,71 52 14.0160000000,V,G,1.0,0,14-147(c),,False,N,False,False,I,,,,,False,1.0,CTCSP0000,133996660840297065,2025-05-17 20:57:12.900000,20:57:12.900000,2025,,,Administrative Offense,2025
2025-08-14 13:28:50.520000,7613701.0,CTCSP0500,CSP Troop D,Racial Profile,1000004675,2500183522,Incident ID,2025-05-17 00:00:00,May,B,H,F,32,True,False,KILLINGLY,00000 I 395 ,41 49 12.6876000000,71 52 14.0160000000,V,G,1.0,0,14-147(c),,False,N,False,False,W,,,,,False,1.0,CTCSP0000,133996660840297065,2025-05-17 21:25:41.383000,21:25:41.383000,2025,,,Administrative Offense,2025
2025-08-14 13:28:50.523000,7613703.0,CTCSP0500,CSP Troop D,Racial Profile,1000004675,2500183546,Incident ID,2025-05-17 00:00:00,May,W,N,M,40,False,False,KILLINGLY,rt.12,41 48 20.6352000000,71 52 59.0520000000,V,G,1.0,0,14-12(a)*,,False,N,False,False,V,,,,,False,1.0,CTCSP0000,133996660840297065,2025-05-17 22:05:44.033000,22:05:44.033000,2025,,,Registration,2025
2025-08-14 13:28:50.590000,7613727.0,CTCSP0500,CSP Troop D,Racial Profile,1000004797,2500182927,Incident ID,2025-05-17 00:00:00,May,W,N,M,77,False,False,POMFRET,00000 PUTNAM RD,41 53 51.6948000000,71 57 37.4040000000,V,G,1.0,0,14-301,,False,N,False,False,W,,,,,False,1.0,CTCSP0000,133996660840297065,2025-05-17 11:07:31.143000,11:07:31.143000,2025,,,Stop Sign,2025
2025-08-14 13:28:50.427000,7613661.0,CTCSP0500,CSP Troop D,Racial Profile,1000004405,2500183476,Incident ID,2025-05-17 00:00:00,May,W,N,F,23,True,False,KILLINGLY,00000 PARKING LOT ,41 50 32.6400000000,71 52 51.8160000000,V,B,1.0,0,14-241,,False,N,False,False,W,,,,,False,1.0,CTCSP0000,133996660840297065,2025-05-17 20:45:40.750000,20:45:40.750000,2025,,,Moving Violation,2025
2025-08-14 13:28:50.430000,7613662.0,CTCSP0500,CSP Troop D,Racial Profile,1000004405,2500183484,Incident ID,2025-05-17 00:00:00,May,W,N,F,34,True,True,KILLINGLY,00000 RAMP 41 I 395 S ,41 50 34.9872000000,71 52 47.4960000000,V,B,1.0,0,14-12(a)*,,False,N,False,False,W,,,,,False,1.0,CTCSP0000,133996660840297065,2025-05-17 20:52:14.153000,20:52:14.153000,2025,,,Registration,2025
2025-08-14 13:28:50.433000,7613664.0,CTCSP0500,CSP Troop D,Racial Profile,1000004405,2500183506,Incident ID,2025-05-17 00:00:00,May,W,N,M,25,False,False,KILLINGLY,00000 I 395 ,41 48 45.1044000000,71 52 16.5000000000,V,B,1.0,0,14-96b,,False,N,False,False,W,,,,,False,1.0,CTCSP0000,133996660840297065,2025-05-17 21:15:13.930000,21:15:13.930000,2025,,,Defective Lights,2025
2025-08-14 13:28:50.523000,7613702.0,CTCSP0500,CSP Troop D,Racial Profile,1000004675,2500183536,Incident ID,2025-05-17 00:00:00,May,W,N,F,24,True,False,KILLINGLY,"00000 RT 6  (KILLINGLY, T069)",41 47 57.9948000000,71 53 7.6200000000,V,G,1.0,0,14-12(a)*,,False,N,False,False,I,,,,,False,1.0,CTCSP0000,133996660840297065,2025-05-17 21:49:27.890000,21:49:27.890000,2025,,,Registration,2025
2025-08-14 13:28:50.357000,7613636.0,CTCSP0500,CSP Troop D,Racial Profile,1000003380,2500184271,Incident ID,2025-05-18 00:00:00,May,I,N,M,46,True,False,EASTFORD,00000 POMFRET RD,41 51 54.3168000000,72 2 49.4160000000,V,G,1.0,0,14-218a,,False,N,False,False,W,,,,,False,1.0,CTCSP0000,133996660840297065,2025-05-18 14:34:31.640000,14:34:31.640000,2025,,,Speed Related,2025
2025-08-14 13:28:50.650000,7613749.0,CTCSP0500,CSP Troop D,Racial Profile,1000004968,2500184409,Incident ID,2025-05-18 00:00:00,May,W,H,M,32,True,False,KILLINGLY,00000 I 395 ,41 50 49.4052000000,71 52 47.0280000000,V,G,1.0,0,14-12(a),,False,N,False,False,W,,,,,False,1.0,CTCSP0000,133996660840297065,2025-05-18 17:03:48.887000,17:03:48.887000,2025,,,Registration,2025
2025-08-14 13:28:50.437000,7613665.0,CTCSP0500,CSP Troop D,Racial Profile,1000004405,2500184615,Incident ID,2025-05-18 00:00:00,May,W,H,M,20,True,False,KILLINGLY,00000 OAK ST,41 48 27.8352000000,71 52 55.1640000000,V,B,1.0,0,14-12(a)*,,False,N,False,False,W,,,,,False,1.0,CTCSP0000,133996660840297065,2025-05-18 21:21:58.653000,21:21:58.653000,2025,,,Registration,2025
2025-08-14 13:28:50.527000,7613704.0,CTCSP0500,CSP Troop D,Racial Profile,1000004675,2500184395,Incident ID,2025-05-18 00:00:00,May,I,N,M,75,True,False,KILLINGLY,00000 WESTCOTT RD,41 48 33.6744000000,71 52 25.6080000000,V,G,1.0,0,14-298,,False,N,False,False,W,,,,,False,1.0,CTCSP0000,133996660840297065,2025-05-18 16:50:41.020000,16:50:41.020000,2025,,,STC Violation,2025
2025-08-14 13:28:50.530000,7613705.0,CTCSP0500,CSP Troop D,Racial Profile,1000004675,2500184446,Incident ID,2025-05-18 00:00:00,May,W,N,M,62,True,False,KILLINGLY,00000 I 395 ,41 49 12.6876000000,71 52 14.0160000000,V,G,1.0,0,14-12(a)*,,False,N,False,False,W,,,,,False,1.0,CTCSP0000,133996660840297065,2025-05-18 17:35:48.713000,17:35:48.713000,2025,,,Registration,2025
2025-08-14 13:28:50.580000,7613723.0,CTCSP0500,CSP Troop D,Racial Profile,1000004777,2500184835,Incident ID,2025-05-19 00:00:00,May,W,N,M,29,True,False,CANTERBURY,"00000 WESTMINSTER RD (CANTERBURY, T022)",41 41 50.1828000000,71 59 21.8760000000,V,B,1.0,0,14-218a,,False,N,False,False,I,,,,,False,1.0,CTCSP0000,133996660840297065,2025-05-19 02:50:48.217000,02:50:48.217000,2025,,,Speed Related,2025
2025-08-14 13:28:50.440000,7613666.0,CTCSP0500,CSP Troop D,Racial Profile,1000004405,2500185803,Incident ID,2025-05-19 00:00:00,May,W,N,M,53,True,True,KILLINGLY,00000 CRANBERRY BOG RD,41 48 10.7568000000,71 50 3.8040000000,V,B,1.0,0,14-12(a)*,,False,N,False,False,W,,,,,False,1.0,CTCSP0000,133996660840297065,2025-05-19 16:55:37.677000,16:55:37.677000,2025,,,Registration,2025
2025-08-14 13:28:50.440000,7613667.0,CTCSP0500,CSP Troop D,Racial Profile,1000004405,2500186017,Incident ID,2025-05-19 00:00:00,May,W,N,F,23,True,True,KILLINGLY,00000 HARTFORD PIKE,41 50 26.9268000000,71 52 32.8800000000,V,B,1.0,0,14-12(a)*,,False,N,False,False,W,,,,,False,1.0,CTCSP0000,133996660840297065,2025-05-19 20:52:19.913000,20:52:19.913000,2025,,,Registration,2025
2025-08-14 13:28:50.487000,7613686.0,CTCSP0500,CSP Troop D,Racial Profile,1000004534,2500186062,Incident ID,2025-05-19 00:00:00,May,W,N,F,63,False,False,PLAINFIELD,"00000 I 395  (PLAINFIELD, T109)",41 39 18.9324000000,71 55 29.6400000000,V,G,1.0,0,14-219(c)(1),,False,N,False,False,I,,,,,False,1.0,CTCSP0000,133996660840297065,2025-05-19 21:59:32.543000,21:59:32.543000,2025,,,Speed Related,2025
2025-08-14 13:28:50.320000,7613624.0,CTCSP0500,CSP Troop D,Racial Profile,1000002266,2500187414,Incident ID,2025-05-20 00:00:00,May,W,N,M,17,True,False,KILLINGLY,"00000 PROVIDENCE PIKE (KILLINGLY, T069)",41 47 20.8608000000,71 50 48.9480000000,V,B,1.0,0,14-298,,False,N,False,False,I,,,,,False,1.0,CTCSP0000,133996660840297065,2025-05-20 21:34:45.053000,21:34:45.053000,2025,,,STC Violation,2025
2025-08-14 13:28:50.333000,7613628.0,CTCSP0500,CSP Troop D,Racial Profile,1000002266,2500187455,Incident ID,2025-05-20 00:00:00,May,B,N,M,50,False,False,KILLINGLY,"00000 PROVIDENCE PIKE (KILLINGLY, T069)",41 47 20.8608000000,71 50 48.9480000000,V,B,1.0,0,14-298,,False,N,False,False,I,,,,,False,1.0,CTCSP0000,133996660840297065,2025-05-20 22:24:23.183000,22:24:23.183000,2025,,,STC Violation,2025
2025-08-14 13:28:50.320000,7613623.0,CTCSP0500,CSP Troop D,Racial Profile,1000002266,2500187410,Incident ID,2025-05-20 00:00:00,May,W,H,M,25,True,False,KILLINGLY,"00000 PROVIDENCE PIKE (KILLINGLY, T069)",41 47 20.8608000000,71 50 48.9480000000,V,B,1.0,0,14-298,,False,N,False,False,I,,,,,False,1.0,CTCSP0000,133996660840297065,2025-05-20 21:28:45.483000,21:28:45.483000,2025,,,STC Violation,2025
2025-08-14 13:28:50.327000,7613626.0,CTCSP0500,CSP Troop D,Racial Profile,1000002266,2500187432,Incident ID,2025-05-20 00:00:00,May,B,N,M,31,False,False,KILLINGLY,"00000 PROVIDENCE PIKE (KILLINGLY, T069)",41 47 24.3312000000,71 50 12.4080000000,V,B,1.0,0,14-298,,False,N,False,False,I,,,,,False,1.0,CTCSP0000,133996660840297065,2025-05-20 21:54:20.317000,21:54:20.317000,2025,,,STC Violation,2025
2025-08-14 13:28:50.330000,7613627.0,CTCSP0500,CSP Troop D,Racial Profile,1000002266,2500187446,Incident ID,2025-05-20 00:00:00,May,W,N,F,26,True,False,KILLINGLY,"00000 PROVIDENCE PIKE (KILLINGLY, T069)",41 47 23.0568000000,71 50 25.6920000000,V,B,1.0,0,14-298,,False,N,False,False,I,,,,,False,1.0,CTCSP0000,133996660840297065,2025-05-20 22:17:11.407000,22:17:11.407000,2025,,,STC Violation,2025
2025-08-14 13:28:50.333000,7613629.0,CTCSP0500,CSP Troop D,Racial Profile,1000002266,2500187469,Incident ID,2025-05-20 00:00:00,May,B,N,F,32,True,False,KILLINGLY,"00000 PROVIDENCE PIKE (KILLINGLY, T069)",41 47 20.8608000000,71 50 48.9480000000,V,B,1.0,0,14-298,,False,N,False,False,I,,,,,False,1.0,CTCSP0000,133996660840297065,2025-05-20 22:36:51.913000,22:36:51.913000,2025,,,STC Violation,2025
2025-08-14 13:28:50.447000,7613668.0,CTCSP0500,CSP Troop D,Racial Profile,1000004405,2500187026,Incident ID,2025-05-20 00:00:00,May,W,N,F,62,True,True,KILLINGLY,00000 I 395 ,41 51 17.2728000000,71 52 55.5600000000,V,B,1.0,0,14-12(a)*,,False,N,False,False,W,,,,,False,1.0,CTCSP0000,133996660840297065,2025-05-20 15:05:20.300000,15:05:20.300000,2025,,,Registration,2025
2025-08-14 13:28:50.310000,7613620.0,CTCSP0500,CSP Troop D,Racial Profile,1000002266,2500187307,Incident ID,2025-05-20 00:00:00,May,W,N,F,38,True,False,POMFRET,"00000 BRAYMAN HOLLOW RD (POMFRET, T112)",41 53 53.1744000000,72 1 29.5680000000,V,B,1.0,0,14-298,,False,N,False,False,I,,,,,False,1.0,CTCSP0000,133996660840297065,2025-05-20 18:57:34.033000,18:57:34.033000,2025,,,STC Violation,2025
2025-08-14 13:28:50.313000,7613621.0,CTCSP0500,CSP Troop D,Racial Profile,1000002266,2500187399,Incident ID,2025-05-20 00:00:00,May,W,N,F,36,False,False,KILLINGLY,"00000 PROVIDENCE PIKE (KILLINGLY, T069)",41 47 20.8608000000,71 50 48.9480000000,V,B,1.0,0,14-298,,False,N,False,False,I,,,,,False,1.0,CTCSP0000,133996660840297065,2025-05-20 21:11:45.067000,21:11:45.067000,2025,,,STC Violation,2025
2025-08-14 13:28:50.317000,7613622.0,CTCSP0500,CSP Troop D,Racial Profile,1000002266,2500187403,Incident ID,2025-05-20 00:00:00,May,W,N,F,57,True,False,KILLINGLY,"00000 PROVIDENCE PIKE (KILLINGLY, T069)",41 47 20.8608000000,71 50 48.9480000000,V,B,1.0,0,14-298,,False,N,False,False,I,,,,,False,1.0,CTCSP0000,133996660840297065,2025-05-20 21:18:45.573000,21:18:45.573000,2025,,,STC Violation,2025
2025-08-14 13:28:50.323000,7613625.0,CTCSP0500,CSP Troop D,Racial Profile,1000002266,2500187425,Incident ID,2025-05-20 00:00:00,May,W,N,F,55,False,False,KILLINGLY,"00000 PROVIDENCE PIKE (KILLINGLY, T069)",41 47 20.8608000000,71 50 48.9480000000,V,B,1.0,0,14-298,,False,N,False,False,I,,,,,False,1.0,CTCSP0000,133996660840297065,2025-05-20 21:44:26.553000,21:44:26.553000,2025,,,STC Violation,2025
2025-08-14 13:28:50.533000,7613706.0,CTCSP0500,CSP Troop D,Racial Profile,1000004675,2500188474,Incident ID,2025-05-21 00:00:00,May,W,N,F,54,True,False,BROOKLYN,"00000 PROVIDENCE RD (BROOKLYN, T019)",41 47 35.6712000000,71 56 32.8920000000,V,G,1.0,0,14-12(a)*,,False,N,False,False,I,,,,,False,1.0,CTCSP0000,133996660840297065,2025-05-21 16:13:55.603000,16:13:55.603000,2025,,,Registration,2025
2025-08-14 13:28:50.467000,7613677.0,CTCSP0500,CSP Troop D,Racial Profile,1000004409,2500188497,Incident ID,2025-05-21 00:00:00,May,W,N,M,21,True,False,KILLINGLY,00000 PROVIDENCE PIKE,41 47 27.2400000000,71 49 22.9440000000,V,B,1.0,0,14-218a,,False,N,False,False,W,,,,,False,1.0,CTCSP0000,133996660840297065,2025-05-21 16:31:46.463000,16:31:46.463000,2025,,,Speed Related,2025
2025-08-14 13:28:50.470000,7613678.0,CTCSP0500,CSP Troop D,Racial Profile,1000004409,2500188660,Incident ID,2025-05-21 00:00:00,May,W,N,M,41,True,False,KILLINGLY,"00000 RT 6  (KILLINGLY, T069)",41 47 50.3304000000,71 53 6.2160000000,V,B,1.0,1,14-215b(1),,False,N,False,False,I,,,,,False,1.0,CTCSP0000,133996660840297065,2025-05-21 19:45:19.250000,19:45:19.250000,2025,,,Administrative Offense,2025
2025-08-14 13:28:50.463000,7613676.0,CTCSP0500,CSP Troop D,Racial Profile,1000004409,2500188410,Incident ID,2025-05-21 00:00:00,May,W,N,M,23,False,False,KILLINGLY,rt 6,41 47 26.8224000000,71 48 43.5600000000,V,B,1.0,0,14-218,,False,N,False,False,V,,,,,False,1.0,CTCSP0000,133996660840297065,2025-05-21 15:32:19.633000,15:32:19.633000,2025,,,Speed Related,2025
2025-08-14 13:28:50.487000,7613687.0,CTCSP0500,CSP Troop D,Racial Profile,1000004534,2500188779,Incident ID,2025-05-21 00:00:00,May,W,N,M,17,True,False,KILLINGLY,"00000 WESTCOTT RD (KILLINGLY, T069)",41 48 8.1792000000,71 51 16.5600000000,V,G,1.0,0,14-218a,,False,N,False,False,I,,,,,False,1.0,CTCSP0000,133996660840297065,2025-05-21 22:40:13.970000,22:40:13.970000,2025,,,Speed Related,2025
2025-08-14 13:28:50.413000,7613656.0,CTCSP0500,CSP Troop D,Racial Profile,1000004395,2500189381,Incident ID,2025-05-22 00:00:00,May,B,N,F,47,True,True,BROOKLYN,rt.6 ,41 48 2.9556000000,71 53 23.4960000000,V,G,1.0,0,14-299,,False,N,False,False,V,,,,,False,1.0,CTCSP0000,133996660840297065,2025-05-22 12:35:59.620000,12:35:59.620000,2025,14-299,,Traffic Control Signal,2025
2025-08-14 13:28:50.473000,7613681.0,CTCSP0500,CSP Troop D,Racial Profile,1000004409,2500190717,Incident ID,2025-05-23 00:00:00,May,W,N,M,29,False,False,KILLINGLY,"00000 I 395  (KILLINGLY, T069)",41 49 2.6328000000,71 52 10.8120000000,V,B,1.0,0,14-298,,False,N,False,False,I,,,,,False,1.0,CTCSP0000,133996660840297065,2025-05-23 14:08:04.710000,14:08:04.710000,2025,,,STC Violation,2025
2025-08-14 13:28:50.603000,7613732.0,CTCSP0500,CSP Troop D,Racial Profile,1000004856,2500191102,Incident ID,2025-05-23 00:00:00,May,A,N,F,45,False,False,PUTNAM,i-395 prior exit 46 sb,41 54 32.1228000000,71 53 38.1120000000,V,S,1.0,0,14-218a*,,False,N,False,False,V,,,,,False,1.0,CTCSP0000,133996660840297065,2025-05-23 19:58:26.360000,19:58:26.360000,2025,,,Speed Related,2025
2025-08-14 13:28:50.643000,7613746.0,CTCSP0500,CSP Troop D,Racial Profile,1000004964,2500190103,Incident ID,2025-05-23 00:00:00,May,W,N,M,18,True,True,POMFRET,"00000 POMFRET ST (POMFRET, T112)",41 51 28.4292000000,71 57 32.7960000000,V,B,1.0,0,14-218a,,False,N,False,False,W,,,,,False,1.0,CTCSP0000,133996660840297065,2025-05-23 05:50:56.620000,05:50:56.620000,2025,14-218a,,Speed Related,2025
2025-08-14 13:28:50.603000,7613731.0,CTCSP0500,CSP Troop D,Racial Profile,1000004856,2500191081,Incident ID,2025-05-23 00:00:00,May,W,N,M,28,True,True,THOMPSON,"00000 I 395  (THOMPSON, T141)",41 57 12.5640000000,71 52 49.9440000000,V,G,1.0,0,14-218a*,,False,N,False,False,I,,,,,False,1.0,CTCSP0000,133996660840297065,2025-05-23 19:29:12.240000,19:29:12.240000,2025,,,Speed Related,2025
2025-08-14 13:28:50.663000,7613755.0,CTCSP0500,CSP Troop D,Racial Profile,1000005069,2500190086,Incident ID,2025-05-23 00:00:00,May,W,N,M,65,True,False,KILLINGLY,"00000 I 395  (KILLINGLY, T069)",41 49 51.5460000000,71 52 28.6320000000,V,B,1.0,0,14-219,,False,N,False,False,W,,,,,False,1.0,CTCSP0000,133996660840297065,2025-05-23 05:23:07.540000,05:23:07.540000,2025,14-219,,Speed Related,2025
2025-08-14 13:28:50.470000,7613679.0,CTCSP0500,CSP Troop D,Racial Profile,1000004409,2500190346,Incident ID,2025-05-23 00:00:00,May,W,N,M,23,False,False,PLAINFIELD,00000 I 395 ,41 40 34.9104000000,71 54 31.8240000000,V,B,1.0,0,14-219(c)(1),,False,N,False,False,W,,,,,False,1.0,CTCSP0000,133996660840297065,2025-05-23 09:01:17.270000,09:01:17.270000,2025,,,Speed Related,2025
2025-08-14 13:28:50.473000,7613680.0,CTCSP0500,CSP Troop D,Racial Profile,1000004409,2500190411,Incident ID,2025-05-23 00:00:00,May,B,N,M,22,True,False,PLAINFIELD,00000 I 395 ,41 38 58.9452000000,71 55 50.9880000000,V,B,1.0,0,14-219(c)(1),,False,N,False,False,W,,,,,False,1.0,CTCSP0000,133996660840297065,2025-05-23 09:36:16.160000,09:36:16.160000,2025,,,Speed Related,2025
2025-08-14 13:28:50.397000,7613649.0,CTCSP0500,CSP Troop D,Racial Profile,1000004259,2500191375,Incident ID,2025-05-24 00:00:00,May,W,N,M,26,True,True,PUTNAM,00000 SCHOOL ST,41 55 24.7584000000,71 53 51.2520000000,V,B,1.0,0,14-236,,False,N,False,False,W,,,,,False,1.0,CTCSP0000,133996660840297065,2025-05-24 01:03:58.827000,01:03:58.827000,2025,,,Moving Violation,2025
2025-08-14 13:28:50.407000,7613653.0,CTCSP0500,CSP Troop D,Racial Profile,1000004335,2500191568,Incident ID,2025-05-24 00:00:00,May,W,N,F,20,True,True,KILLINGLY,"00252 NORTH ST (KILLINGLY, T069)",41 49 3.3240000000,71 53 12.0480000000,V,B,1.0,0,14-236,,False,N,False,False,W,,,,,False,1.0,CTCSP0000,133996660840297065,2025-05-24 07:19:43.390000,07:19:43.390000,2025,,,Moving Violation,2025
2025-08-14 13:28:50.537000,7613708.0,CTCSP0500,CSP Troop D,Racial Profile,1000004675,2500192397,Incident ID,2025-05-24 00:00:00,May,W,N,F,19,True,False,KILLINGLY,"00000 HARTFORD PIKE (KILLINGLY, T069)",41 50 36.7008000000,71 52 51.0600000000,V,G,1.0,0,14-12(a)*,,False,N,False,False,I,,,,,False,1.0,CTCSP0000,133996660840297065,2025-05-24 21:29:00.687000,21:29:00.687000,2025,,,Registration,2025
2025-08-14 13:28:50.537000,7613707.0,CTCSP0500,CSP Troop D,Racial Profile,1000004675,2500192235,Incident ID,2025-05-24 00:00:00,May,W,N,M,34,True,False,KILLINGLY,"00000 NORTH ST (KILLINGLY, T069)",41 48 56.8368000000,71 52 56.6040000000,V,G,1.0,0,14-12(a)*,,False,N,False,False,I,,,,,False,1.0,CTCSP0000,133996660840297065,2025-05-24 18:22:51.220000,18:22:51.220000,2025,,,Registration,2025
2025-08-14 13:28:50.197000,7613586.0,CTCSP0500,CSP Troop D,Racial Profile,1000001947,2500193340,Incident ID,2025-05-25 00:00:00,May,W,N,M,22,False,False,PLAINFIELD,I-395 sb PLAINFIELD,41 41 20.8680000000,71 54 24.5520000000,V,B,1.0,0,14-222,,False,N,False,False,M,,,,,False,1.0,CTCSP0000,133996660840297065,2025-05-25 15:47:42.353000,15:47:42.353000,2025,,,Speed Related,2025
2025-08-14 13:28:50.587000,7613725.0,CTCSP0500,CSP Troop D,Racial Profile,1000004779,2500193423,Incident ID,2025-05-25 00:00:00,May,B,N,F,22,False,False,WOODSTOCK,00000 RT 171 ,41 56 25.0044000000,72 0 8.2080000000,V,G,1.0,0,14-218a,,False,N,False,False,W,,,,,False,1.0,CTCSP0000,133996660840297065,2025-05-25 17:26:36.780000,17:26:36.780000,2025,,,Speed Related,2025
2025-08-14 13:28:50.447000,7613669.0,CTCSP0500,CSP Troop D,Racial Profile,1000004405,2500193276,Incident ID,2025-05-25 00:00:00,May,W,N,M,44,True,True,KILLINGLY,00000 I 395 ,41 52 51.7296000000,71 53 47.5440000000,V,B,1.0,0,14-12(a)*,,False,N,False,False,W,,,,,False,1.0,CTCSP0000,133996660840297065,2025-05-25 14:55:08.100000,14:55:08.100000,2025,,,Registration,2025
2025-08-14 13:28:50.607000,7613733.0,CTCSP0500,CSP Troop D,Racial Profile,1000004856,2500192798,Incident ID,2025-05-25 00:00:00,May,W,N,M,35,True,True,KILLINGLY,RT-6 Killingly,41 47 22.7256000000,71 51 37.5480000000,V,G,1.0,0,14-219,,False,N,False,False,V,,,,,False,1.0,CTCSP0000,133996660840297065,2025-05-25 07:39:17.587000,07:39:17.587000,2025,,,Speed Related,2025
2025-08-14 13:28:50.613000,7613736.0,CTCSP0500,CSP Troop D,Racial Profile,1000004856,2500192929,Incident ID,2025-05-25 00:00:00,May,W,N,F,31,True,True,KILLINGLY,"00000 PROVIDENCE PIKE (KILLINGLY, T069)",41 47 22.8660000000,71 51 20.7360000000,V,G,1.0,0,14-18(a),,False,N,False,False,I,,,,,False,1.0,CTCSP0000,133996660840297065,2025-05-25 09:27:20.307000,09:27:20.307000,2025,,,Display of Plates,2025
2025-08-14 13:28:50.617000,7613737.0,CTCSP0500,CSP Troop D,Racial Profile,1000004856,2500192962,Incident ID,2025-05-25 00:00:00,May,W,N,M,67,True,True,KILLINGLY,"00000 PROVIDENCE PIKE (KILLINGLY, T069)",41 47 22.8660000000,71 51 20.7360000000,V,G,1.0,0,14-219,,False,N,False,False,I,,,,,False,1.0,CTCSP0000,133996660840297065,2025-05-25 09:48:03.147000,09:48:03.147000,2025,,,Speed Related,2025
2025-08-14 13:28:50.610000,7613735.0,CTCSP0500,CSP Troop D,Racial Profile,1000004856,2500192890,Incident ID,2025-05-25 00:00:00,May,W,N,F,35,False,False,KILLINGLY,"00000 PROVIDENCE PIKE (KILLINGLY, T069)",41 47 22.4808000000,71 51 49.6080000000,V,G,1.0,0,14-219,,False,N,False,False,I,,,,,False,1.0,CTCSP0000,133996660840297065,2025-05-25 08:59:36.663000,08:59:36.663000,2025,,,Speed Related,2025
2025-08-14 13:28:50.620000,7613738.0,CTCSP0500,CSP Troop D,Racial Profile,1000004856,2500193074,Incident ID,2025-05-25 00:00:00,May,W,N,M,36,True,True,POMFRET,"00000 MASHAMOQUET RD (POMFRET, T112)",41 51 32.8032000000,71 59 52.5120000000,V,G,1.0,0,14-219,,False,N,False,False,I,,,,,False,1.0,CTCSP0000,133996660840297065,2025-05-25 11:20:42.650000,11:20:42.650000,2025,,,Speed Related,2025
2025-08-14 13:28:50.620000,7613739.0,CTCSP0500,CSP Troop D,Racial Profile,1000004856,2500193101,Incident ID,2025-05-25 00:00:00,May,A,N,M,16,True,True,WOODSTOCK,"00000 RT 171  (WOODSTOCK, T169)",41 55 57.7128000000,71 55 58.7640000000,V,G,1.0,0,14-219,,False,N,False,False,I,,,,,False,1.0,CTCSP0000,133996660840297065,2025-05-25 11:56:38.837000,11:56:38.837000,2025,,,Speed Related,2025
2025-08-14 13:28:50.650000,7613750.0,CTCSP0500,CSP Troop D,Racial Profile,1000004968,2500193130,Incident ID,2025-05-25 00:00:00,May,W,N,M,47,False,False,THOMPSON,Riverside Dr,41 58 35.2452000000,71 54 2.7360000000,V,G,1.0,0,14-12,,False,N,False,False,N,,,,,False,1.0,CTCSP0000,133996660840297065,2025-05-25 12:22:35.943000,12:22:35.943000,2025,,,Registration,2025
2025-08-14 13:28:50.390000,7613647.0,CTCSP0500,CSP Troop D,Racial Profile,1000004012,2500192619,Incident ID,2025-05-25 00:00:00,May,W,N,M,39,False,False,PLAINFIELD,"00000 I 395  (PLAINFIELD, T109)",41 42 41.2056000000,71 53 48.2640000000,V,B,1.0,0,14-219(b),,False,N,False,False,I,,,,,False,1.0,CTCSP0000,133996660840297065,2025-05-25 02:24:39.083000,02:24:39.083000,2025,,,Speed Related,2025
2025-08-14 13:28:50.610000,7613734.0,CTCSP0500,CSP Troop D,Racial Profile,1000004856,2500192821,Incident ID,2025-05-25 00:00:00,May,W,N,M,36,False,False,KILLINGLY,"00000 PROVIDENCE PIKE (KILLINGLY, T069)",41 47 20.8608000000,71 50 48.9480000000,V,G,1.0,0,14-219,,False,N,False,False,I,,,,,False,1.0,CTCSP0000,133996660840297065,2025-05-25 07:59:17.170000,07:59:17.170000,2025,,,Speed Related,2025
2025-08-14 13:28:50.627000,7613740.0,CTCSP0500,CSP Troop D,Racial Profile,1000004856,2500193157,Incident ID,2025-05-25 00:00:00,May,W,N,M,57,True,True,THOMPSON,"00000 WOODSTOCK RD (THOMPSON, T141)",41 55 53.4108000000,71 55 49.0080000000,V,G,1.0,0,14-219,,False,N,False,False,I,,,,,False,1.0,CTCSP0000,133996660840297065,2025-05-25 12:49:44.617000,12:49:44.617000,2025,,,Speed Related,2025
2025-08-14 13:28:50.630000,7613741.0,CTCSP0500,CSP Troop D,Racial Profile,1000004856,2500193234,Incident ID,2025-05-25 00:00:00,May,W,N,M,17,True,True,POMFRET,"00000 DAY RD (POMFRET, T112)",41 51 57.4848000000,71 57 35.8200000000,V,G,1.0,0,14-18(a),,False,N,False,False,V,,,,,False,1.0,CTCSP0000,133996660840297065,2025-05-25 13:59:55.160000,13:59:55.160000,2025,,,Display of Plates,2025
2025-08-14 13:28:50.597000,7613729.0,CTCSP0500,CSP Troop D,Racial Profile,1000004799,2500196195,Incident ID,2025-05-27 00:00:00,May,W,N,F,44,True,True,BROOKLYN,00000 HARTFORD RD,41 47 11.4216000000,72 0 27.6840000000,V,B,1.0,0,14-218a,,False,N,False,False,W,,,,,False,1.0,CTCSP0000,133996660840297065,2025-05-27 19:09:19.653000,19:09:19.653000,2025,,,Speed Related,2025
2025-08-14 13:28:50.583000,7613724.0,CTCSP0500,CSP Troop D,Racial Profile,1000004777,2500196660,Incident ID,2025-05-28 00:00:00,May,W,H,M,43,True,False,CANTERBURY,00000 LISBON RD,41 39 31.0896000000,72 0 37.0440000000,V,B,1.0,0,22a-250(a)(1),,False,N,False,False,W,,,,,False,1.0,CTCSP0000,133996660840297065,2025-05-28 07:13:33.883000,07:13:33.883000,2025,,,Other,2025
2025-08-14 13:28:50.477000,7613682.0,CTCSP0500,CSP Troop D,Racial Profile,1000004409,2500199329,Incident ID,2025-05-30 00:00:00,May,W,N,M,62,True,True,BROOKLYN,00000 PROVIDENCE RD,41 47 40.7976000000,71 56 12.6600000000,V,B,1.0,0,14-18(c),,False,N,False,False,W,,,,,False,1.0,CTCSP0000,133996660840297065,2025-05-30 06:53:04.950000,06:53:04.950000,2025,,,Display of Plates,2025
2025-08-14 13:28:50.543000,7613710.0,CTCSP0500,CSP Troop D,Racial Profile,1000004675,2500199586,Incident ID,2025-05-30 00:00:00,May,W,H,M,39,True,False,PUTNAM,00000 MOHEGAN ST,41 55 20.1324000000,71 54 21.5640000000,V,G,1.0,0,14-12(a)*,,False,N,False,False,W,,,,,False,1.0,CTCSP0000,133996660840297065,2025-05-30 09:20:10.500000,09:20:10.500000,2025,,,Registration,2025
2025-08-14 13:28:50.547000,7613711.0,CTCSP0500,CSP Troop D,Racial Profile,1000004675,2500199818,Incident ID,2025-05-30 00:00:00,May,W,N,F,40,True,False,THOMPSON,"00000 WESTSIDE DR (THOMPSON, T141)",41 57 29.4480000000,71 53 1.5360000000,V,G,1.0,0,14-147(c),,False,N,False,False,I,,,,,False,1.0,CTCSP0000,133996660840297065,2025-05-30 12:39:29.810000,12:39:29.810000,2025,,,Administrative Offense,2025
2025-08-14 13:28:50.540000,7613709.0,CTCSP0500,CSP Troop D,Racial Profile,1000004675,2500199308,Incident ID,2025-05-30 00:00:00,May,W,N,M,36,True,False,BROOKLYN,"00000 HARTFORD RD (BROOKLYN, T019)",41 47 11.4216000000,72 0 27.6840000000,V,G,1.0,0,14-12(a)*,,False,N,False,False,I,,,,,False,1.0,CTCSP0000,133996660840297065,2025-05-30 06:37:30.780000,06:37:30.780000,2025,,,Registration,2025
2025-08-14 13:28:50.570000,7613718.0,CTCSP0500,CSP Troop D,Racial Profile,1000004678,2500200423,Incident ID,2025-05-30 00:00:00,May,B,N,M,25,False,False,PLAINFIELD,I395 exit 29,41 40 15.3984000000,71 54 35.2800000000,I,G,1.0,0,14-236,,False,N,False,False,V,,,,,False,1.0,CTCSP0000,133996660840297065,2025-05-30 22:33:07.983000,22:33:07.983000,2025,,,Moving Violation,2025
2025-08-14 13:28:50.353000,7613635.0,CTCSP0500,CSP Troop D,Racial Profile,1000002753,2500200997,Incident ID,2025-05-31 00:00:00,May,W,N,M,40,True,True,BROOKLYN,RT 6 SOUTH MAIN STREET T019,41 47 56.3280000000,71 54 4.2480000000,V,B,1.0,0,14-299,,False,N,False,False,V,,,,,False,1.0,CTCSP0000,133996660840297065,2025-05-31 12:17:32.150000,12:17:32.150000,2025,,,Traffic Control Signal,2025
2025-08-14 13:28:50.633000,7613742.0,CTCSP0500,CSP Troop D,Racial Profile,1000004856,2500201246,Incident ID,2025-05-31 00:00:00,May,W,N,F,34,True,False,KILLINGLY,"00000 I 395  (KILLINGLY, T069)",41 49 51.5460000000,71 52 28.6320000000,V,G,1.0,0,14-296aa(b1st,,False,N,False,False,I,,,,,False,1.0,CTCSP0000,133996660840297065,2025-05-31 16:27:16.453000,16:27:16.453000,2025,,,Cell Phone,2025
2025-08-14 13:28:50.563000,7613716.0,CTCSP0500,CSP Troop D,Racial Profile,1000004675,2500201443,Incident ID,2025-05-31 00:00:00,May,W,N,M,25,True,False,KILLINGLY,"00000 MAIN ST (KILLINGLY, T069)",41 48 22.1832000000,71 52 57.2520000000,V,G,1.0,0,14-12(a)*,,False,N,False,False,I,,,,,False,1.0,CTCSP0000,133996660840297065,2025-05-31 20:17:35.877000,20:17:35.877000,2025,,,Registration,2025
2025-08-14 13:28:50.550000,7613713.0,CTCSP0500,CSP Troop D,Racial Profile,1000004675,2500201322,Incident ID,2025-05-31 00:00:00,May,W,N,F,26,True,False,KILLINGLY,00000 NORTH ST,41 49 0.8400000000,71 53 6.0360000000,V,G,1.0,0,14-12(a)*,,False,N,False,False,W,,,,,False,1.0,CTCSP0000,133996660840297065,2025-05-31 17:32:01.780000,17:32:01.780000,2025,,,Registration,2025
2025-08-14 13:28:50.553000,7613714.0,CTCSP0500,CSP Troop D,Racial Profile,1000004675,2500201337,Incident ID,2025-05-31 00:00:00,May,W,N,F,39,True,False,KILLINGLY,00000 NORTH ST,41 49 7.7484000000,71 53 28.8600000000,V,G,1.0,0,14-12(a)*,,False,N,False,False,W,,,,,False,1.0,CTCSP0000,133996660840297065,2025-05-31 17:42:56.310000,17:42:56.310000,2025,,,Registration,2025
2025-08-14 13:28:50.570000,7613719.0,CTCSP0500,CSP Troop D,Racial Profile,1000004678,2500200535,Incident ID,2025-05-31 00:00:00,May,W,N,F,37,True,True,BROOKLYN,rt 6 // gorman rd,41 47 44.6892000000,71 55 40.2240000000,I,G,1.0,1,14-236,,False,N,False,False,V,,,,,False,1.0,CTCSP0000,133996660840297065,2025-05-31 00:42:41.280000,00:42:41.280000,2025,,,Moving Violation,2025
2025-08-14 13:28:50.547000,7613712.0,CTCSP0500,CSP Troop D,Racial Profile,1000004675,2500201230,Incident ID,2025-05-31 00:00:00,May,W,N,F,28,True,False,KILLINGLY,westcott rd,41 48 33.6744000000,71 52 25.6080000000,V,G,1.0,0,53a-125b,,False,N,False,False,V,,,,,False,1.0,CTCSP0000,133996660840297065,2025-05-31 16:11:36.987000,16:11:36.987000,2025,,,Other,2025
2025-08-14 13:28:50.557000,7613715.0,CTCSP0500,CSP Troop D,Racial Profile,1000004675,2500201421,Incident ID,2025-05-31 00:00:00,May,W,N,M,38,True,False,BROOKLYN,"00000 PROVIDENCE RD (BROOKLYN, T019)",41 48 4.4604000000,71 53 35.5200000000,V,G,1.0,0,14-12(a)*,,False,N,False,False,I,,,,,False,1.0,CTCSP0000,133996660840297065,2025-05-31 19:52:47.263000,19:52:47.263000,2025,,,Registration,2025
2025-08-14 13:31:01.040000,7621831.0,CTCSP0500,CSP Troop D,Racial Profile,1000004675,2500202527,Incident ID,2025-06-01 00:00:00,June,W,N,F,62,False,False,KILLINGLY,Rt. 101 Killingly,41 50 21.6084480000,71 51 55.1252160000,I,G,3.0,1,14-227b,,False,N,False,True,U,,,,,False,1.0,CTCSP0000,133996662234586912,2025-06-01 19:52:03.650000,19:52:03.650000,2025,14-227a,,Other,2025
2025-08-14 13:31:00.883000,7621808.0,CTCSP0500,CSP Troop D,Racial Profile,1000004378,2500202188,Incident ID,2025-06-01 00:00:00,June,W,N,M,19,True,False,WOODSTOCK,Peake Brook Rd x RT 171 Woodstock,41 55 51.0492000000,71 56 35.1240000000,V,B,1.0,0,14-12(a)*,,False,N,False,False,V,,,,,False,1.0,CTCSP0000,133996662234586912,2025-06-01 13:25:32.393000,13:25:32.393000,2025,14-12(a)*,,Registration,2025
2025-08-14 13:31:01.037000,7621830.0,CTCSP0500,CSP Troop D,Racial Profile,1000004675,2500202248,Incident ID,2025-06-01 00:00:00,June,W,N,F,61,True,False,BROOKLYN,"00000 HARRIS AVE (BROOKLYN, T019)",41 46 53.8716000000,71 57 26.9280000000,V,G,1.0,0,14-147(c),,False,N,False,False,I,,,,,False,1.0,CTCSP0000,133996662234586912,2025-06-01 14:38:32.863000,14:38:32.863000,2025,,,Administrative Offense,2025
2025-08-14 13:31:00.843000,7621797.0,CTCSP0500,CSP Troop D,Racial Profile,1000002266,2500205266,Incident ID,2025-06-03 00:00:00,June,W,N,M,21,False,False,POMFRET,"00000 PUTNAM RD (POMFRET, T112)",41 53 51.0828000000,71 57 43.4160000000,V,B,1.0,0,14-298,,False,N,False,False,I,,,,,False,1.0,CTCSP0000,133996662234586912,2025-06-03 21:58:30.413000,21:58:30.413000,2025,,,STC Violation,2025
2025-08-14 13:31:01.127000,7621850.0,CTCSP0500,CSP Troop D,Racial Profile,1000004777,2500204135,Incident ID,2025-06-03 00:00:00,June,W,N,M,48,True,False,PLAINFIELD,00000 I 395 ,41 38 54.1284000000,71 55 56.9640000000,V,B,1.0,0,14-236,,False,N,False,False,W,,,,,False,1.0,CTCSP0000,133996662234586912,2025-06-03 06:09:56.757000,06:09:56.757000,2025,,,Moving Violation,2025
2025-08-14 13:31:01.137000,7621851.0,CTCSP0500,CSP Troop D,Racial Profile,1000004777,2500204138,Incident ID,2025-06-03 00:00:00,June,W,N,M,32,True,False,PLAINFIELD,"00000 I 395  (PLAINFIELD, T109)",41 38 29.7528000000,71 56 8.3760000000,V,B,1.0,0,14-283b(b(1,,False,N,False,False,I,,,,,False,1.0,CTCSP0000,133996662234586912,2025-06-03 06:17:45.740000,06:17:45.740000,2025,,,Other,2025
2025-08-14 13:31:00.850000,7621800.0,CTCSP0500,CSP Troop D,Racial Profile,1000003380,2500206158,Incident ID,2025-06-04 00:00:00,June,W,N,F,18,True,False,EASTFORD,00000 POMFRET RD,41 52 17.8932000000,72 3 38.1960000000,V,G,1.0,0,14-218a,,False,N,False,False,W,,,,,False,1.0,CTCSP0000,133996662234586912,2025-06-04 14:39:42.810000,14:39:42.810000,2025,,,Speed Related,2025
2025-08-14 13:31:00.870000,7621806.0,CTCSP0500,CSP Troop D,Racial Profile,1000004268,2500205720,Incident ID,2025-06-04 00:00:00,June,W,H,M,41,True,True,KILLINGLY,"westcott rd, killingly ct",41 48 33.6996000000,71 52 23.4120000000,V,G,1.0,0,14-299,,False,N,False,False,V,,,,,False,1.0,CTCSP0000,133996662234586912,2025-06-04 08:36:47.467000,08:36:47.467000,2025,,,Traffic Control Signal,2025
2025-08-14 13:31:00.890000,7621810.0,CTCSP0500,CSP Troop D,Racial Profile,1000004405,2500207799,Incident ID,2025-06-05 00:00:00,June,W,N,F,40,True,True,KILLINGLY,00000 I 395 ,41 49 2.6904000000,71 52 12.1800000000,V,B,1.0,0,14-219(b),,False,N,False,False,W,,,,,False,1.0,CTCSP0000,133996662234586912,2025-06-05 19:00:19.217000,19:00:19.217000,2025,,,Speed Related,2025
2025-08-14 13:31:01.030000,7621829.0,CTCSP0500,CSP Troop D,Racial Profile,1000004535,2500207680,Incident ID,2025-06-05 00:00:00,June,W,N,M,24,True,True,OLD LYME,00000 I 95 ,41 19 18.6996000000,72 15 45.9360000000,V,B,1.0,0,14-233,,False,N,False,False,W,,,,,False,1.0,CTCSP0000,133996662234586912,2025-06-05 17:07:50.297000,17:07:50.297000,2025,,,Moving Violation,2025
2025-08-14 13:31:01.293000,7621880.0,CTCSP0500,CSP Troop D,Racial Profile,1000005069,2500207712,Incident ID,2025-06-05 00:00:00,June,B,N,M,24,False,False,PUTNAM,00000 I 395 ,41 55 42.5100000000,71 52 57.5760000000,V,B,1.0,0,14-219(c)(1),,False,N,False,False,W,,,,,False,1.0,CTCSP0000,133996662234586912,2025-06-05 17:33:47.960000,17:33:47.960000,2025,,,Speed Related,2025
2025-08-14 13:31:01.297000,7621881.0,CTCSP0500,CSP Troop D,Racial Profile,1000005069,2500207885,Incident ID,2025-06-05 00:00:00,June,W,N,F,56,True,True,PUTNAM,Rt 171,41 55 26.6520000000,71 54 51.6240000000,I,B,1.0,0,14-236,,False,N,False,False,V,,,,,False,1.0,CTCSP0000,133996662234586912,2025-06-05 21:05:35.743000,21:05:35.743000,2025,14-236,,Moving Violation,2025
2025-08-14 13:31:01.290000,7621879.0,CTCSP0500,CSP Troop D,Racial Profile,1000005069,2500207654,Incident ID,2025-06-05 00:00:00,June,W,N,F,44,False,False,THOMPSON,"00000 I 395  (THOMPSON, T141)",41 56 49.7544000000,71 52 52.8240000000,V,G,1.0,0,14-298,,False,N,False,False,I,,,,,False,1.0,CTCSP0000,133996662234586912,2025-06-05 16:57:18.520000,16:57:18.520000,2025,14-298,,STC Violation,2025
2025-08-14 13:31:01.303000,7621883.0,CTCSP0500,CSP Troop D,Racial Profile,1000005069,2500208988,Incident ID,2025-06-06 00:00:00,June,A,N,F,20,False,False,PUTNAM,00000 I 395 ,41 55 53.9112000000,71 52 50.9520000000,V,G,1.0,0,14-219(c)(1),,False,N,False,False,W,,,,,False,1.0,CTCSP0000,133996662234586912,2025-06-06 18:23:58.073000,18:23:58.073000,2025,14-219(c)(1),,Speed Related,2025
2025-08-14 13:31:01.300000,7621882.0,CTCSP0500,CSP Troop D,Racial Profile,1000005069,2500208935,Incident ID,2025-06-06 00:00:00,June,W,N,M,22,True,True,PUTNAM,"00000 I 395  (PUTNAM, T116)",41 55 42.5100000000,71 52 57.5760000000,V,G,1.0,0,14-219(c)(1),,False,N,False,False,W,,,,,False,1.0,CTCSP0000,133996662234586912,2025-06-06 17:19:44.217000,17:19:44.217000,2025,14-219(c)(1),,Speed Related,2025
2025-08-14 13:31:00.920000,7621815.0,CTCSP0500,CSP Troop D,Racial Profile,1000004409,2500210196,Incident ID,2025-06-07 00:00:00,June,W,H,M,33,True,False,EASTFORD,rt 198,41 52 14.9592000000,72 5 21.3360000000,V,B,1.0,0,14-18(c),,False,N,False,False,V,,,,,False,1.0,CTCSP0000,133996662234586912,2025-06-07 21:34:03.707000,21:34:03.707000,2025,,,Display of Plates,2025
2025-08-14 13:31:01.263000,7621871.0,CTCSP0500,CSP Troop D,Racial Profile,1000004964,2500210161,Incident ID,2025-06-07 00:00:00,June,W,N,M,37,True,True,KILLINGLY,"00000 I 395  (KILLINGLY, T069)",41 51 46.2672000000,71 53 10.5720000000,V,B,1.0,0,14-219,,False,N,False,False,I,,,,,False,1.0,CTCSP0000,133996662234586912,2025-06-07 20:52:09.200000,20:52:09.200000,2025,14-219,,Speed Related,2025
2025-08-14 13:31:00.850000,7621799.0,CTCSP0500,CSP Troop D,Racial Profile,1000002753,2500209741,Incident ID,2025-06-07 00:00:00,June,W,N,M,56,True,True,KILLINGLY,"00000 N MAIN ST (KILLINGLY, T069)",41 50 15.5148000000,71 52 34.6800000000,V,B,1.0,0,14-12(a),,False,N,False,False,N,,,,,False,1.0,CTCSP0000,133996662234586912,2025-06-07 12:03:33.700000,12:03:33.700000,2025,,,Registration,2025
2025-08-14 13:31:00.923000,7621816.0,CTCSP0500,CSP Troop D,Racial Profile,1000004409,2500210340,Incident ID,2025-06-08 00:00:00,June,W,N,M,21,True,False,HAMPTON,"00000 PROVIDENCE TPKE (HAMPTON, T063)",41 46 16.1328000000,72 2 42.2160000000,V,B,1.0,0,14-218a,,False,N,False,False,I,,,,,False,1.0,CTCSP0000,133996662234586912,2025-06-08 00:09:52.950000,00:09:52.950000,2025,,,Speed Related,2025
2025-08-14 13:31:00.827000,7621792.0,CTCSP0500,CSP Troop D,Racial Profile,1000001947,2500211209,Incident ID,2025-06-08 00:00:00,June,W,H,M,31,True,True,KILLINGLY,Hartford Pike @395 ramps KILLINGLY,41 50 34.9872000000,71 52 47.4960000000,V,B,1.0,0,14-96a(a),,False,N,False,False,V,,,,,False,1.0,CTCSP0000,133996662234586912,2025-06-08 21:10:35.053000,21:10:35.053000,2025,,,Defective Lights,2025
2025-08-14 13:31:01.007000,7621827.0,CTCSP0500,CSP Troop D,Racial Profile,1000004434,2500210547,Incident ID,2025-06-08 00:00:00,June,W,N,F,49,False,False,KILLINGLY,00000 I 395 ,41 47 14.9712000000,71 52 23.8800000000,V,G,1.0,0,14-240(b,,False,N,False,False,W,,,,,False,1.0,CTCSP0000,133996662234586912,2025-06-08 07:01:48.650000,07:01:48.650000,2025,,,Moving Violation,2025
2025-08-14 13:31:00.927000,7621817.0,CTCSP0500,CSP Troop D,Racial Profile,1000004409,2500211093,Incident ID,2025-06-08 00:00:00,June,B,N,M,40,True,False,CHAPLIN,"00000 HAMPTON RD (CHAPLIN, T024)",41 46 1.7652000000,72 6 28.1880000000,V,B,1.0,0,14-298,,False,N,False,False,I,,,,,False,1.0,CTCSP0000,133996662234586912,2025-06-08 18:16:22.953000,18:16:22.953000,2025,,,STC Violation,2025
2025-08-14 13:31:01.040000,7621832.0,CTCSP0500,CSP Troop D,Racial Profile,1000004675,2500212256,Incident ID,2025-06-09 00:00:00,June,W,N,M,62,True,False,PLAINFIELD,"00000 I 395  (PLAINFIELD, T109)",41 40 15.3984000000,71 54 35.2800000000,V,G,1.0,0,14-147(c),,False,N,False,False,I,,,,,False,1.0,CTCSP0000,133996662234586912,2025-06-09 17:47:33.770000,17:47:33.770000,2025,,,Administrative Offense,2025
2025-08-14 13:31:00.893000,7621811.0,CTCSP0500,CSP Troop D,Racial Profile,1000004405,2500212263,Incident ID,2025-06-09 00:00:00,June,W,N,F,39,True,True,PUTNAM,00000 I 395 ,41 53 25.6560000000,71 53 45.0960000000,V,B,1.0,0,14-12(a)*,,False,N,False,False,W,,,,,False,1.0,CTCSP0000,133996662234586912,2025-06-09 17:53:39.700000,17:53:39.700000,2025,,,Registration,2025
2025-08-14 13:31:00.937000,7621818.0,CTCSP0500,CSP Troop D,Racial Profile,1000004409,2500212196,Incident ID,2025-06-09 00:00:00,June,W,N,F,71,True,True,POMFRET,rt 44,41 51 35.5644000000,71 59 21.3720000000,V,B,1.0,0,14-299,,False,N,False,False,I,,,,,False,1.0,CTCSP0000,133996662234586912,2025-06-09 16:56:50.527000,16:56:50.527000,2025,,,Traffic Control Signal,2025
2025-08-14 13:31:01.307000,7621884.0,CTCSP0500,CSP Troop D,Racial Profile,1000005069,2500211956,Incident ID,2025-06-09 00:00:00,June,W,N,M,24,True,True,PLAINFIELD,"00000 I 395  (PLAINFIELD, T109)",41 38 58.9452000000,71 55 50.9880000000,V,G,1.0,0,14-298,,False,N,False,False,I,,,,,False,1.0,CTCSP0000,133996662234586912,2025-06-09 13:30:07.647000,13:30:07.647000,2025,14-298,,STC Violation,2025
2025-08-14 13:31:01.043000,7621833.0,CTCSP0500,CSP Troop D,Racial Profile,1000004675,2500212367,Incident ID,2025-06-09 00:00:00,June,W,N,F,31,True,False,KILLINGLY,00000 I 395 ,41 49 12.6876000000,71 52 14.0160000000,V,G,1.0,0,14-12(a)*,,False,N,False,False,W,,,,,False,1.0,CTCSP0000,133996662234586912,2025-06-09 20:32:03.127000,20:32:03.127000,2025,,,Registration,2025
2025-08-14 13:31:00.900000,7621812.0,CTCSP0500,CSP Troop D,Racial Profile,1000004405,2500213494,Incident ID,2025-06-10 00:00:00,June,B,N,M,35,True,True,KILLINGLY,"00000 WESTCOTT RD (KILLINGLY, T069)",41 48 33.6996000000,71 52 23.4120000000,V,B,1.0,0,14-12(a)*,,False,N,False,False,W,,,,,False,1.0,CTCSP0000,133996662234586912,2025-06-10 18:01:37.423000,18:01:37.423000,2025,,,Registration,2025
2025-08-14 13:31:01.140000,7621852.0,CTCSP0500,CSP Troop D,Racial Profile,1000004777,2500212569,Incident ID,2025-06-10 00:00:00,June,W,N,M,37,True,False,KILLINGLY,00000 RAMP 37 I 395 N ,41 47 52.9548000000,71 52 28.0920000000,V,B,1.0,0,14-219(c)(1),,False,N,False,False,W,,,,,False,1.0,CTCSP0000,133996662234586912,2025-06-10 02:10:29.700000,02:10:29.700000,2025,,,Speed Related,2025
2025-08-14 13:31:00.940000,7621819.0,CTCSP0500,CSP Troop D,Racial Profile,1000004409,2500213012,Incident ID,2025-06-10 00:00:00,June,W,N,M,77,False,False,BROOKLYN,"00000 POMFRET RD (BROOKLYN, T019)",41 47 18.3768000000,71 56 58.5960000000,V,B,1.0,0,14-234,,False,N,False,False,I,,,,,False,1.0,CTCSP0000,133996662234586912,2025-06-10 10:36:25.200000,10:36:25.200000,2025,,,Moving Violation,2025
2025-08-14 13:31:01.153000,7621853.0,CTCSP0500,CSP Troop D,Racial Profile,1000004777,2500212573,Incident ID,2025-06-10 00:00:00,June,W,H,M,22,True,False,KILLINGLY,"00000 HUTCHINS ST (KILLINGLY, T069)",41 48 33.9588000000,71 52 44.1120000000,V,B,2.0,1,14-219(c)1,,False,N,False,False,I,,,,,False,1.0,CTCSP0000,133996662234586912,2025-06-10 02:21:05.880000,02:21:05.880000,2025,,,Speed Related,2025
2025-08-14 13:31:00.887000,7621809.0,CTCSP0500,CSP Troop D,Racial Profile,1000004395,2500212654,Incident ID,2025-06-10 00:00:00,June,W,N,M,40,True,False,TOLLAND,84 EB x68 tolland ,41 51 16.0128000000,72 23 1.1400000000,V,G,1.0,0,14-236,,False,N,False,False,V,,,,,False,1.0,CTCSP0000,133996662234586912,2025-06-10 06:24:27.823000,06:24:27.823000,2025,,,Moving Violation,2025
2025-08-14 13:31:01.047000,7621834.0,CTCSP0500,CSP Troop D,Racial Profile,1000004675,2500213503,Incident ID,2025-06-10 00:00:00,June,W,N,F,31,True,False,KILLINGLY,"00000 I 395  (KILLINGLY, T069)",41 48 47.1132000000,71 52 15.8520000000,V,G,1.0,0,14-12(a)*,,False,N,False,False,I,,,,,False,1.0,CTCSP0000,133996662234586912,2025-06-10 18:08:58.707000,18:08:58.707000,2025,,,Registration,2025
2025-08-14 13:31:00.830000,7621793.0,CTCSP0500,CSP Troop D,Racial Profile,1000001947,2500214681,Incident ID,2025-06-11 00:00:00,June,W,N,F,46,True,False,KILLINGLY,I-395 nb 35 PLAINFIELD,41 46 20.7840000000,71 52 19.4520000000,V,B,1.0,0,14-232,,False,N,False,False,V,,,,,False,1.0,CTCSP0000,133996662234586912,2025-06-11 14:42:03.230000,14:42:03.230000,2025,,,Moving Violation,2025
2025-08-14 13:31:01.050000,7621836.0,CTCSP0500,CSP Troop D,Racial Profile,1000004675,2500214840,Incident ID,2025-06-11 00:00:00,June,W,N,F,32,True,False,KILLINGLY,i 395,41 48 47.4840000000,71 52 15.7440000000,V,G,1.0,0,14-213b,,False,N,False,False,V,,,,,False,1.0,CTCSP0000,133996662234586912,2025-06-11 16:31:47.023000,16:31:47.023000,2025,,,Administrative Offense,2025
2025-08-14 13:31:00.907000,7621813.0,CTCSP0500,CSP Troop D,Racial Profile,1000004405,2500214948,Incident ID,2025-06-11 00:00:00,June,W,N,F,63,True,True,KILLINGLY,00000 I 395 ,41 48 49.6404000000,71 52 14.9880000000,V,B,1.0,0,14-12(a)*,,False,N,False,False,W,,,,,False,1.0,CTCSP0000,133996662234586912,2025-06-11 18:00:01.787000,18:00:01.787000,2025,,,Registration,2025
2025-08-14 13:31:00.910000,7621814.0,CTCSP0500,CSP Troop D,Racial Profile,1000004405,2500215150,Incident ID,2025-06-11 00:00:00,June,W,N,F,19,True,True,KILLINGLY,00000 MAPLE ST,41 48 22.0104000000,71 53 20.1480000000,V,B,1.0,0,14-218a,,False,N,False,False,W,,,,,False,1.0,CTCSP0000,133996662234586912,2025-06-11 22:25:14.837000,22:25:14.837000,2025,,,Speed Related,2025
2025-08-14 13:31:01.310000,7621886.0,CTCSP0500,CSP Troop D,Racial Profile,1000005069,2500214126,Incident ID,2025-06-11 00:00:00,June,W,N,M,35,True,False,PLAINFIELD,00000 I 395 ,41 39 18.9324000000,71 55 29.6400000000,V,G,1.0,0,14-219(c)(1),,False,N,False,False,W,,,,,False,1.0,CTCSP0000,133996662234586912,2025-06-11 08:34:48.710000,08:34:48.710000,2025,14-219(c)(1),,Speed Related,2025
2025-08-14 13:31:01.057000,7621837.0,CTCSP0500,CSP Troop D,Racial Profile,1000004675,2500214874,Incident ID,2025-06-11 00:00:00,June,W,N,F,39,True,False,KILLINGLY,00000 KILLINGLY COMMONS DR,41 50 34.3860000000,71 52 58.5120000000,V,G,1.0,0,14-12(a)*,,False,N,False,False,W,,,,,False,1.0,CTCSP0000,133996662234586912,2025-06-11 16:50:53.230000,16:50:53.230000,2025,,,Registration,2025
2025-08-14 13:31:01.060000,7621838.0,CTCSP0500,CSP Troop D,Racial Profile,1000004675,2500214990,Incident ID,2025-06-11 00:00:00,June,W,N,M,26,True,False,KILLINGLY,"00000 MECHANIC ST (KILLINGLY, T069)",41 48 47.0592000000,71 53 0.7080000000,V,G,1.0,0,14-12(a)*,,False,N,False,False,I,,,,,False,1.0,CTCSP0000,133996662234586912,2025-06-11 18:46:50.457000,18:46:50.457000,2025,,,Registration,2025
2025-08-14 13:31:01.157000,7621854.0,CTCSP0500,CSP Troop D,Racial Profile,1000004777,2500213824,Incident ID,2025-06-11 00:00:00,June,W,N,M,36,True,False,WOODSTOCK,00000 RT 171 ,41 55 58.7856000000,71 57 18.5760000000,V,B,1.0,0,14-219(b),,False,N,False,False,W,,,,,False,1.0,CTCSP0000,133996662234586912,2025-06-11 00:39:51.910000,00:39:51.910000,2025,,,Speed Related,2025
2025-08-14 13:31:01.230000,7621865.0,CTCSP0500,CSP Troop D,Racial Profile,1000004799,2500214938,Incident ID,2025-06-11 00:00:00,June,W,N,M,22,True,True,BROOKLYN,00000 PROVIDENCE RD,41 47 44.8044000000,71 55 58.2600000000,V,B,1.0,0,14-12(a),,False,N,False,False,W,,,,,False,1.0,CTCSP0000,133996662234586912,2025-06-11 17:54:16.007000,17:54:16.007000,2025,,,Registration,2025
2025-08-14 13:31:01.307000,7621885.0,CTCSP0500,CSP Troop D,Racial Profile,1000005069,2500214109,Incident ID,2025-06-11 00:00:00,June,W,H,F,31,True,False,PLAINFIELD,"00000 I 395  (PLAINFIELD, T109)",41 39 29.8584000000,71 55 17.9040000000,V,G,1.0,0,14-219,,False,N,False,False,V,,,,,False,1.0,CTCSP0000,133996662234586912,2025-06-11 08:21:05.983000,08:21:05.983000,2025,14-219,,Speed Related,2025
2025-08-14 13:31:01.317000,7621888.0,CTCSP0500,CSP Troop D,Racial Profile,1000005069,2500214218,Incident ID,2025-06-11 00:00:00,June,W,N,M,26,False,False,PLAINFIELD,"00000 EXIT 28 I 395 N  (PLAINFIELD, T109)",41 39 46.5804000000,71 54 59.9040000000,V,G,1.0,0,14-218a,,False,N,False,False,I,,,,,False,1.0,CTCSP0000,133996662234586912,2025-06-11 09:32:54.143000,09:32:54.143000,2025,14-218a,,Speed Related,2025
2025-08-14 13:31:01.313000,7621887.0,CTCSP0500,CSP Troop D,Racial Profile,1000005069,2500214165,Incident ID,2025-06-11 00:00:00,June,W,N,M,28,True,False,PLAINFIELD,"00000 I 395  (PLAINFIELD, T109)",41 38 58.9452000000,71 55 50.9880000000,V,G,1.0,0,14-218a,,False,N,False,False,I,,,,,False,1.0,CTCSP0000,133996662234586912,2025-06-11 08:56:31.630000,08:56:31.630000,2025,14-218a,,Speed Related,2025
2025-08-14 13:31:01.050000,7621835.0,CTCSP0500,CSP Troop D,Racial Profile,1000004675,2500214815,Incident ID,2025-06-11 00:00:00,June,W,N,M,39,True,False,KILLINGLY,00000 I 395 ,41 49 51.5460000000,71 52 28.6320000000,V,G,1.0,0,14-12(a)*,,False,N,False,False,W,,,,,False,1.0,CTCSP0000,133996662234586912,2025-06-11 16:15:12.223000,16:15:12.223000,2025,,,Registration,2025
2025-08-14 13:31:01.247000,7621868.0,CTCSP0500,CSP Troop D,Racial Profile,1000004856,2500214973,Incident ID,2025-06-11 00:00:00,June,W,N,M,43,True,True,KILLINGLY,"00000 COTTAGE ST (KILLINGLY, T069)",41 48 11.2572000000,71 53 5.0640000000,V,G,1.0,0,14-232,,False,N,False,False,V,,,,,False,1.0,CTCSP0000,133996662234586912,2025-06-11 18:17:43.417000,18:17:43.417000,2025,,,Moving Violation,2025
2025-08-14 13:31:00.943000,7621820.0,CTCSP0500,CSP Troop D,Racial Profile,1000004409,2500215999,Incident ID,2025-06-12 00:00:00,June,W,N,M,43,True,False,HAMPTON,"00000 PROVIDENCE TPKE (HAMPTON, T063)",41 46 3.6120000000,72 3 3.7080000000,V,B,1.0,0,14-218a,,False,N,False,False,I,,,,,False,1.0,CTCSP0000,133996662234586912,2025-06-12 13:48:32.530000,13:48:32.530000,2025,,,Speed Related,2025
2025-08-14 13:31:00.957000,7621821.0,CTCSP0500,CSP Troop D,Racial Profile,1000004409,2500216148,Incident ID,2025-06-12 00:00:00,June,W,N,F,20,True,True,HAMPTON,"00000 HARTFORD TPKE (HAMPTON, T063)",41 46 4.8972000000,72 3 31.2480000000,V,B,1.0,0,14-298,,False,N,False,False,I,,,,,False,1.0,CTCSP0000,133996662234586912,2025-06-12 15:30:00.810000,15:30:00.810000,2025,,,STC Violation,2025
2025-08-14 13:31:01.320000,7621889.0,CTCSP0500,CSP Troop D,Racial Profile,1000005069,2500215713,Incident ID,2025-06-12 00:00:00,June,W,N,M,50,False,False,PLAINFIELD,00000 I 395 ,41 39 18.9324000000,71 55 29.6400000000,V,G,1.0,0,14-219(c)(1),,False,N,False,False,W,,,,,False,1.0,CTCSP0000,133996662234586912,2025-06-12 10:12:48.620000,10:12:48.620000,2025,14-219(c)(1),,Speed Related,2025
2025-08-14 13:31:01.320000,7621890.0,CTCSP0500,CSP Troop D,Racial Profile,1000005069,2500215732,Incident ID,2025-06-12 00:00:00,June,B,N,F,21,True,True,PLAINFIELD,"00000 I 395  (PLAINFIELD, T109)",41 39 18.9324000000,71 55 29.6400000000,V,G,1.0,0,14-298,,False,N,False,False,I,,,,,False,1.0,CTCSP0000,133996662234586912,2025-06-12 10:31:30.770000,10:31:30.770000,2025,14-298,,STC Violation,2025
2025-08-14 13:31:01.323000,7621891.0,CTCSP0500,CSP Troop D,Racial Profile,1000005069,2500215771,Incident ID,2025-06-12 00:00:00,June,B,N,M,23,True,True,PLAINFIELD,"00000 I 395  (PLAINFIELD, T109)",41 39 18.9324000000,71 55 29.6400000000,V,G,1.0,0,14-219(c)(1),,False,N,False,False,M,,,,,False,1.0,CTCSP0000,133996662234586912,2025-06-12 10:51:58.130000,10:51:58.130000,2025,14-222,,Speed Related,2025
2025-08-14 13:31:01.063000,7621840.0,CTCSP0500,CSP Troop D,Racial Profile,1000004675,2500216465,Incident ID,2025-06-12 00:00:00,June,W,N,F,61,True,False,PLAINFIELD,00000 LATHROP RD,41 39 58.7556000000,71 54 54.7200000000,V,G,1.0,0,14-298,,False,N,False,False,W,,,,,False,1.0,CTCSP0000,133996662234586912,2025-06-12 21:14:08.930000,21:14:08.930000,2025,,,STC Violation,2025
2025-08-14 13:31:01.060000,7621839.0,CTCSP0500,CSP Troop D,Racial Profile,1000004675,2500216458,Incident ID,2025-06-12 00:00:00,June,W,N,F,37,True,False,KILLINGLY,"00000 I 395  (KILLINGLY, T069)",41 46 15.3120000000,71 52 20.6760000000,V,G,1.0,0,14-12(a)*,,False,N,False,False,I,,,,,False,1.0,CTCSP0000,133996662234586912,2025-06-12 20:59:33.197000,20:59:33.197000,2025,,,Registration,2025
2025-08-14 13:31:00.970000,7621822.0,CTCSP0500,CSP Troop D,Racial Profile,1000004409,2500217132,Incident ID,2025-06-13 00:00:00,June,W,N,M,19,True,True,POMFRET,00000 MASHAMOQUET RD,41 51 34.0596000000,72 2 0.5640000000,V,B,1.0,0,14-218a,,False,N,False,False,W,,,,,False,1.0,CTCSP0000,133996662234586912,2025-06-13 12:01:10.603000,12:01:10.603000,2025,,,Speed Related,2025
2025-08-14 13:31:00.993000,7621825.0,CTCSP0500,CSP Troop D,Racial Profile,1000004409,2500217175,Incident ID,2025-06-13 00:00:00,June,W,N,M,20,False,False,POMFRET,00000 MASHAMOQUET RD,41 51 34.9056000000,72 1 42.5640000000,V,B,1.0,0,14-218a,,False,N,False,False,W,,,,,False,1.0,CTCSP0000,133996662234586912,2025-06-13 12:48:27.053000,12:48:27.053000,2025,,,Speed Related,2025
2025-08-14 13:31:00.987000,7621823.0,CTCSP0500,CSP Troop D,Racial Profile,1000004409,2500217142,Incident ID,2025-06-13 00:00:00,June,W,N,M,21,True,False,POMFRET,00000 MASHAMOQUET RD,41 51 34.0596000000,72 2 0.5640000000,V,B,1.0,0,14-218a,,False,N,False,False,W,,,,,False,1.0,CTCSP0000,133996662234586912,2025-06-13 12:13:03.193000,12:13:03.193000,2025,,,Speed Related,2025
2025-08-14 13:31:01.330000,7621893.0,CTCSP0500,CSP Troop D,Racial Profile,1000005069,2500216974,Incident ID,2025-06-13 00:00:00,June,W,N,F,56,True,True,PLAINFIELD,"00000 I 395  (PLAINFIELD, T109)",41 39 36.4752000000,71 55 11.6760000000,V,G,1.0,0,14-219(c),,False,N,False,False,W,,,,,False,1.0,CTCSP0000,133996662234586912,2025-06-13 09:48:36.617000,09:48:36.617000,2025,,,Speed Related,2025
2025-08-14 13:31:01.217000,7621863.0,CTCSP0500,CSP Troop D,Racial Profile,1000004779,2500217739,Incident ID,2025-06-13 00:00:00,June,B,N,F,22,False,False,GRISWOLD,"00000 I 395  (GRISWOLD, T058)",41 36 28.8288000000,71 56 53.9880000000,V,G,1.0,0,14-233,,False,N,False,False,I,,,,,False,1.0,CTCSP0000,133996662234586912,2025-06-13 22:58:02.400000,22:58:02.400000,2025,,,Moving Violation,2025
2025-08-14 13:31:01.327000,7621892.0,CTCSP0500,CSP Troop D,Racial Profile,1000005069,2500216929,Incident ID,2025-06-13 00:00:00,June,W,N,M,33,True,True,PLAINFIELD,"00000 I 395  (PLAINFIELD, T109)",41 39 29.8584000000,71 55 17.9040000000,V,G,1.0,0,14-219(c)(1),,False,N,False,False,W,,,,,False,1.0,CTCSP0000,133996662234586912,2025-06-13 09:09:18.560000,09:09:18.560000,2025,,,Speed Related,2025
2025-08-14 13:31:00.990000,7621824.0,CTCSP0500,CSP Troop D,Racial Profile,1000004409,2500217156,Incident ID,2025-06-13 00:00:00,June,W,N,F,57,True,False,POMFRET,00000 MASHAMOQUET RD,41 51 34.0596000000,72 2 0.5640000000,V,B,1.0,0,14-218a,,False,N,False,False,W,,,,,False,1.0,CTCSP0000,133996662234586912,2025-06-13 12:31:15.790000,12:31:15.790000,2025,,,Speed Related,2025
2025-08-14 13:31:01.173000,7621855.0,CTCSP0500,CSP Troop D,Racial Profile,1000004777,2500217820,Incident ID,2025-06-14 00:00:00,June,W,N,M,28,True,True,KILLINGLY,"00000 HAWKINS ST (KILLINGLY, T069)",41 48 20.3580000000,71 52 32.4120000000,V,B,1.0,0,14-218a,,False,N,False,False,I,,,,,False,1.0,CTCSP0000,133996662234586912,2025-06-14 00:54:49.057000,00:54:49.057000,2025,,,Speed Related,2025
2025-08-14 13:31:01.110000,7621849.0,CTCSP0500,CSP Troop D,Racial Profile,1000004678,2500217853,Incident ID,2025-06-14 00:00:00,June,B,N,M,61,False,False,KILLINGLY,rt 6,41 47 23.9100000000,71 52 9.2280000000,I,G,1.0,0,14-236,,False,N,False,False,V,,,,,False,1.0,CTCSP0000,133996662234586912,2025-06-14 01:29:11.097000,01:29:11.097000,2025,,,Moving Violation,2025
2025-08-14 13:31:01.177000,7621856.0,CTCSP0500,CSP Troop D,Racial Profile,1000004777,2500217850,Incident ID,2025-06-14 00:00:00,June,W,N,M,72,True,False,KILLINGLY,00000 I 395 ,41 48 32.3496000000,71 52 19.8480000000,V,B,1.0,0,14-219(c)(1),,False,N,False,False,W,,,,,False,1.0,CTCSP0000,133996662234586912,2025-06-14 01:27:03.393000,01:27:03.393000,2025,,,Speed Related,2025
2025-08-14 13:31:01.183000,7621857.0,CTCSP0500,CSP Troop D,Racial Profile,1000004777,2500217871,Incident ID,2025-06-14 00:00:00,June,W,N,M,40,False,False,KILLINGLY,00000 I 395 ,41 49 51.5460000000,71 52 28.6320000000,V,B,1.0,0,14-219(c)(1),,False,N,False,False,W,,,,,False,1.0,CTCSP0000,133996662234586912,2025-06-14 02:09:01.997000,02:09:01.997000,2025,,,Speed Related,2025
2025-08-14 13:31:01.017000,7621828.0,CTCSP0500,CSP Troop D,Racial Profile,1000004534,2500219660,Incident ID,2025-06-15 00:00:00,June,W,N,F,78,False,False,PUTNAM,"00000 I 395  (PUTNAM, T116)",41 53 25.6560000000,71 53 45.0960000000,V,G,1.0,0,14-298,,False,N,False,False,I,,,,,False,1.0,CTCSP0000,133996662234586912,2025-06-15 22:55:27.200000,22:55:27.200000,2025,,,STC Violation,2025
2025-08-14 13:31:00.833000,7621794.0,CTCSP0500,CSP Troop D,Racial Profile,1000001947,2500219293,Incident ID,2025-06-15 00:00:00,June,W,N,M,23,False,False,PLAINFIELD,"00000 I 395  (PLAINFIELD, T109)",41 40 2.4096000000,71 54 43.4880000000,V,B,1.0,0,14-219(c)(1),,False,N,False,False,I,,,,,False,1.0,CTCSP0000,133996662234586912,2025-06-15 14:50:02.077000,14:50:02.077000,2025,,,Speed Related,2025
2025-08-14 13:31:01.187000,7621858.0,CTCSP0500,CSP Troop D,Racial Profile,1000004777,2500220893,Incident ID,2025-06-16 00:00:00,June,W,N,M,21,True,False,KILLINGLY,i-395 x 43 nb,41 51 48.9132000000,71 53 12.0264000000,I,B,2.0,1,00000,,False,N,False,False,N,,,,,False,1.0,CTCSP0000,133996662234586912,2025-06-16 23:30:46.750000,23:30:46.750000,2025,,,Other,2025
2025-08-14 13:31:00.837000,7621796.0,CTCSP0500,CSP Troop D,Racial Profile,1000002254,2500221406,Incident ID,2025-06-17 00:00:00,June,W,N,M,60,False,False,WOODSTOCK,peake brook ,41 55 37.2396000000,71 56 18.3516000000,I,G,1.0,0,14-298,,False,N,False,False,N,,,,,False,1.0,CTCSP0000,133996662234586912,2025-06-17 11:48:59.677000,11:48:59.677000,2025,,,STC Violation,2025
2025-08-14 13:31:01.197000,7621860.0,CTCSP0500,CSP Troop D,Racial Profile,1000004777,2500221998,Incident ID,2025-06-17 00:00:00,June,B,N,M,21,True,False,PLAINFIELD,"00000 I 395  (PLAINFIELD, T109)",41 44 4.8300000000,71 53 0.6360000000,V,B,1.0,0,14-219(c)(1),,False,N,False,False,I,,,,,False,1.0,CTCSP0000,133996662234586912,2025-06-17 22:37:24.863000,22:37:24.863000,2025,,,Speed Related,2025
2025-08-14 13:31:01.067000,7621841.0,CTCSP0500,CSP Troop D,Racial Profile,1000004675,2500221821,Incident ID,2025-06-17 00:00:00,June,W,N,M,49,True,False,KILLINGLY,"00000 I 395  (KILLINGLY, T069)",41 46 20.7840000000,71 52 19.4520000000,V,G,1.0,0,14-12(a)*,,False,N,False,False,I,,,,,False,1.0,CTCSP0000,133996662234586912,2025-06-17 17:54:39.120000,17:54:39.120000,2025,,,Registration,2025
2025-08-14 13:31:01.193000,7621859.0,CTCSP0500,CSP Troop D,Racial Profile,1000004777,2500220952,Incident ID,2025-06-17 00:00:00,June,B,H,M,17,True,True,KILLINGLY,00000 I 395 ,41 50 15.5148000000,71 52 34.6800000000,V,B,1.0,0,14-96a(a),,False,N,False,False,W,,,,,False,1.0,CTCSP0000,133996662234586912,2025-06-17 00:27:49.213000,00:27:49.213000,2025,,,Defective Lights,2025
2025-08-14 13:31:00.847000,7621798.0,CTCSP0500,CSP Troop D,Racial Profile,1000002373,2500222734,Incident ID,2025-06-18 00:00:00,June,W,N,F,21,True,True,KILLINGLY,00000 HARTFORD PIKE,41 50 54.1212000000,71 54 22.4280000000,V,G,1.0,0,14-232(a)(1),,False,N,False,False,W,,,,,False,1.0,CTCSP0000,133996662234586912,2025-06-18 14:41:56.130000,14:41:56.130000,2025,,,Moving Violation,2025
2025-08-14 13:31:01.333000,7621894.0,CTCSP0500,CSP Troop D,Racial Profile,1000005069,2500222510,Incident ID,2025-06-18 00:00:00,June,W,N,M,23,True,True,PLAINFIELD,"00000 I 395  (PLAINFIELD, T109)",41 39 43.1532000000,71 55 3.6120000000,V,G,1.0,0,14-219(c)(1),,False,N,False,False,W,,,,,False,1.0,CTCSP0000,133996662234586912,2025-06-18 11:23:58.203000,11:23:58.203000,2025,,,Speed Related,2025
2025-08-14 13:31:01.070000,7621842.0,CTCSP0500,CSP Troop D,Racial Profile,1000004675,2500222958,Incident ID,2025-06-18 00:00:00,June,W,H,M,60,True,False,KILLINGLY,00000 I 395 ,41 49 12.6876000000,71 52 14.0160000000,V,G,1.0,0,14-18(a),,False,N,False,False,W,,,,,False,1.0,CTCSP0000,133996662234586912,2025-06-18 17:13:36.550000,17:13:36.550000,2025,,,Display of Plates,2025
2025-08-14 13:31:01.233000,7621866.0,CTCSP0500,CSP Troop D,Racial Profile,1000004799,2500222531,Incident ID,2025-06-18 00:00:00,June,W,N,F,57,False,False,THOMPSON,00000 I 395 ,41 57 28.5120000000,71 52 40.1520000000,V,B,1.0,0,14-219(c)(1),,False,N,False,False,W,,,,,False,1.0,CTCSP0000,133996662234586912,2025-06-18 11:37:55.837000,11:37:55.837000,2025,,,Speed Related,2025
2025-08-14 13:31:01.210000,7621862.0,CTCSP0500,CSP Troop D,Racial Profile,1000004777,2500223335,Incident ID,2025-06-19 00:00:00,June,W,N,F,19,True,False,KILLINGLY,"00000 I 395  (KILLINGLY, T069)",41 52 51.7296000000,71 53 47.5440000000,V,B,1.0,0,14-283b(b(1,,False,N,False,False,I,,,,,False,1.0,CTCSP0000,133996662234586912,2025-06-19 00:17:00.753000,00:17:00.753000,2025,,,Other,2025
2025-08-14 13:31:01.267000,7621872.0,CTCSP0500,CSP Troop D,Racial Profile,1000004968,2500224374,Incident ID,2025-06-19 00:00:00,June,W,H,F,44,False,False,THOMPSON,00000 RIVERSIDE DR,42 0 56.3724000000,71 53 14.8560000000,V,G,1.0,0,14-380,,False,N,False,False,W,,,,,False,1.0,CTCSP0000,133996662234586912,2025-06-19 17:34:02.847000,17:34:02.847000,2025,,,Other,2025
2025-08-14 13:31:01.200000,7621861.0,CTCSP0500,CSP Troop D,Racial Profile,1000004777,2500223330,Incident ID,2025-06-19 00:00:00,June,W,H,M,41,True,False,PUTNAM,00000 I 395 ,41 55 37.7796000000,71 53 0.3840000000,V,B,1.0,0,14-219(c)(1),,False,N,False,False,W,,,,,False,1.0,CTCSP0000,133996662234586912,2025-06-19 00:09:20.800000,00:09:20.800000,2025,,,Speed Related,2025
2025-08-14 13:31:01.333000,7621895.0,CTCSP0500,CSP Troop D,Racial Profile,1000005069,2500223723,Incident ID,2025-06-19 00:00:00,June,W,N,F,19,False,False,THOMPSON,"00000 I 395  (THOMPSON, T141)",41 56 39.4404000000,71 52 48.7560000000,V,G,1.0,0,14-219(c)(1),,False,N,False,False,W,,,,,False,1.0,CTCSP0000,133996662234586912,2025-06-19 09:52:16.920000,09:52:16.920000,2025,,,Speed Related,2025
2025-08-14 13:31:01.070000,7621843.0,CTCSP0500,CSP Troop D,Racial Profile,1000004675,2500224493,Incident ID,2025-06-19 00:00:00,June,I,N,M,45,False,False,PLAINFIELD,i395,41 44 7.4004000000,71 52 59.1672000000,V,G,1.0,0,14-223,,False,N,False,False,V,,,,,False,1.0,CTCSP0000,133996662234586912,2025-06-19 19:44:04.493000,19:44:04.493000,2025,,,Other,2025
2025-08-14 13:31:01.223000,7621864.0,CTCSP0500,CSP Troop D,Racial Profile,1000004779,2500224113,Incident ID,2025-06-19 00:00:00,June,A,N,F,39,False,False,PLAINFIELD,00000 I 395 ,41 40 2.4096000000,71 54 43.4880000000,V,G,1.0,0,14-219(c)(1),,False,N,False,False,W,,,,,False,1.0,CTCSP0000,133996662234586912,2025-06-19 14:38:45.123000,14:38:45.123000,2025,,,Speed Related,2025
2025-08-14 13:31:01.270000,7621873.0,CTCSP0500,CSP Troop D,Racial Profile,1000004968,2500224423,Incident ID,2025-06-19 00:00:00,June,W,N,M,78,False,False,KILLINGLY,"00000 RAMP 41 I 395 S  (KILLINGLY, T069)",41 50 34.9872000000,71 52 47.4960000000,E,G,3.0,1,14-36(a),,False,N,False,False,I,,,,,False,1.0,CTCSP0000,133996662234586912,2025-06-19 18:19:09.377000,18:19:09.377000,2025,,,Unlicensed Operation,2025
2025-08-14 13:31:01.077000,7621845.0,CTCSP0500,CSP Troop D,Racial Profile,1000004675,2500225681,Incident ID,2025-06-20 00:00:00,June,W,N,M,41,True,False,KILLINGLY,"00000 I 395  (KILLINGLY, T069)",41 48 1.9476000000,71 52 23.8080000000,V,G,1.0,0,14-12(a)*,,False,N,False,False,I,,,,,False,1.0,CTCSP0000,133996662234586912,2025-06-20 17:32:09.753000,17:32:09.753000,2025,,,Registration,2025
2025-08-14 13:31:01.073000,7621844.0,CTCSP0500,CSP Troop D,Racial Profile,1000004675,2500225465,Incident ID,2025-06-20 00:00:00,June,W,N,M,30,True,False,BROOKLYN,00000 CHERRY HILL RD,41 47 11.4216000000,72 0 27.6840000000,V,G,1.0,0,14-12(a)*,,False,N,False,False,W,,,,,False,1.0,CTCSP0000,133996662234586912,2025-06-20 14:44:31.050000,14:44:31.050000,2025,,,Registration,2025
2025-08-14 13:31:01.240000,7621867.0,CTCSP0500,CSP Troop D,Racial Profile,1000004799,2500225510,Incident ID,2025-06-20 00:00:00,June,B,H,M,24,True,False,KILLINGLY,00000 MAIN ST,41 48 11.1960000000,71 53 9.7800000000,V,B,1.0,0,14-299,,False,N,False,False,W,,,,,False,1.0,CTCSP0000,133996662234586912,2025-06-20 15:16:17.357000,15:16:17.357000,2025,,,Traffic Control Signal,2025
2025-08-14 13:31:01.003000,7621826.0,CTCSP0500,CSP Troop D,Racial Profile,1000004409,2500226762,Incident ID,2025-06-21 00:00:00,June,B,N,M,31,True,False,PLAINFIELD,"00000 I 395  (PLAINFIELD, T109)",41 42 36.6408000000,71 53 50.3520000000,V,B,1.0,0,14-298,,False,N,False,False,I,,,,,False,1.0,CTCSP0000,133996662234586912,2025-06-21 17:21:31.610000,17:21:31.610000,2025,,,STC Violation,2025
2025-08-14 13:31:00.860000,7621804.0,CTCSP0500,CSP Troop D,Racial Profile,1000004012,2500227182,Incident ID,2025-06-22 00:00:00,June,W,N,F,20,True,True,BROOKLYN,"00000 PROVIDENCE RD (BROOKLYN, T019)",41 47 54.8304000000,71 54 14.4720000000,V,B,1.0,0,14-219,,False,N,False,False,V,,,,,False,1.0,CTCSP0000,133996662234586912,2025-06-22 02:13:54.573000,02:13:54.573000,2025,,,Speed Related,2025
2025-08-14 13:31:01.277000,7621874.0,CTCSP0500,CSP Troop D,Racial Profile,1000004968,2500227789,Incident ID,2025-06-22 00:00:00,June,W,N,F,41,True,False,PUTNAM,"00000 KENNEDY DR (PUTNAM, T116)",41 54 3.2688000000,71 54 3.8880000000,V,G,3.0,1,14-36(a),,False,N,False,False,I,,,,,False,1.0,CTCSP0000,133996662234586912,2025-06-22 16:17:10.380000,16:17:10.380000,2025,14-36(a),,Unlicensed Operation,2025
2025-08-14 13:31:00.853000,7621801.0,CTCSP0500,CSP Troop D,Racial Profile,1000003380,2500227849,Incident ID,2025-06-22 00:00:00,June,W,H,M,46,True,True,CHAPLIN,00000 WILLIMANTIC RD,41 46 3.0792000000,72 8 18.8160000000,V,G,1.0,0,14-218a,,False,N,False,False,W,,,,,False,1.0,CTCSP0000,133996662234586912,2025-06-22 17:26:36.093000,17:26:36.093000,2025,,,Speed Related,2025
2025-08-14 13:31:00.867000,7621805.0,CTCSP0500,CSP Troop D,Racial Profile,1000004079,2500228582,Incident ID,2025-06-23 00:00:00,June,W,N,F,39,False,False,KILLINGLY,rt395 s.b off ramp at 101/commons,41 50 34.3860000000,71 52 58.5120000000,V,B,1.0,0,14-299,,False,N,False,False,V,,,,,False,1.0,CTCSP0000,133996662234586912,2025-06-23 09:18:08.847000,09:18:08.847000,2025,,,Traffic Control Signal,2025
2025-08-14 13:31:00.857000,7621802.0,CTCSP0500,CSP Troop D,Racial Profile,1000003380,2500228920,Incident ID,2025-06-23 00:00:00,June,B,N,M,33,False,False,EASTFORD,"00000 POMFRET RD (EASTFORD, T039)",41 52 17.8932000000,72 3 38.1960000000,V,G,1.0,0,14-218a,,False,N,False,False,I,,,,,False,1.0,CTCSP0000,133996662234586912,2025-06-23 14:43:07.843000,14:43:07.843000,2025,,,Speed Related,2025
2025-08-14 13:31:01.080000,7621846.0,CTCSP0500,CSP Troop D,Racial Profile,1000004675,2500231962,Incident ID,2025-06-25 00:00:00,June,W,N,F,60,True,False,KILLINGLY,"00000 MECHANIC ST (KILLINGLY, T069)",41 48 44.8056000000,71 53 0.7080000000,V,G,1.0,0,14-147(c),,False,N,False,False,I,,,,,False,1.0,CTCSP0000,133996662234586912,2025-06-25 17:15:12.140000,17:15:12.140000,2025,,,Administrative Offense,2025
2025-08-14 13:31:01.093000,7621848.0,CTCSP0500,CSP Troop D,Racial Profile,1000004675,2500232198,Incident ID,2025-06-25 00:00:00,June,W,N,M,49,True,False,KILLINGLY,"00000 HUMPHREY LN (KILLINGLY, T069)",41 48 18.2304000000,71 53 1.9680000000,V,G,1.0,0,14-147(c),,False,N,False,False,I,,,,,False,1.0,CTCSP0000,133996662234586912,2025-06-25 21:40:59.220000,21:40:59.220000,2025,,,Administrative Offense,2025
2025-08-14 13:31:01.083000,7621847.0,CTCSP0500,CSP Troop D,Racial Profile,1000004675,2500232174,Incident ID,2025-06-25 00:00:00,June,W,N,M,26,True,False,KILLINGLY,"00000 I 395  (KILLINGLY, T069)",41 49 12.6876000000,71 52 14.0160000000,V,G,1.0,0,14-12(a)*,,False,N,False,False,I,,,,,False,1.0,CTCSP0000,133996662234586912,2025-06-25 21:11:55.730000,21:11:55.730000,2025,,,Registration,2025
2025-08-14 13:31:01.280000,7621875.0,CTCSP0500,CSP Troop D,Racial Profile,1000004968,2500232806,Incident ID,2025-06-26 00:00:00,June,W,N,F,66,True,True,PUTNAM,00000 PROVIDENCE PIKE,41 55 28.4268000000,71 52 54.3360000000,V,G,1.0,0,14-12(a),,False,N,False,False,W,,,,,False,1.0,CTCSP0000,133996662234586912,2025-06-26 11:30:13.500000,11:30:13.500000,2025,,,Registration,2025
2025-08-14 13:31:01.250000,7621869.0,CTCSP0500,CSP Troop D,Racial Profile,1000004856,2500234555,Incident ID,2025-06-27 00:00:00,June,W,N,M,49,True,True,PUTNAM,RT-44 AND ON RAMP EXIT-41 OF I-395,41 55 27.5088000000,71 53 6.3960000000,V,G,2.0,0,14-299,,False,N,False,False,V,,,,,False,1.0,CTCSP0000,133996662234586912,2025-06-27 18:24:48.230000,18:24:48.230000,2025,,,Traffic Control Signal,2025
2025-08-14 13:31:01.257000,7621870.0,CTCSP0500,CSP Troop D,Racial Profile,1000004858,2500234973,Incident ID,2025-06-28 00:00:00,June,W,N,F,29,True,False,THOMPSON,00000 I 395 ,42 0 15.5448000000,71 51 12.4200000000,V,G,1.0,0,14-96e,,False,N,False,False,W,,,,,False,1.0,CTCSP0000,133996662234586912,2025-06-28 06:17:52.393000,06:17:52.393000,2025,,,Defective Lights,2025
2025-08-14 13:31:01.280000,7621876.0,CTCSP0500,CSP Troop D,Racial Profile,1000004968,2500235097,Incident ID,2025-06-28 00:00:00,June,W,H,M,75,True,True,THOMPSON,00000 W THOMPSON RD,41 56 9.5820000000,71 55 12.1080000000,V,G,1.0,0,14-12(a),,False,N,False,False,W,,,,,False,1.0,CTCSP0000,133996662234586912,2025-06-28 08:34:08.190000,08:34:08.190000,2025,,,Registration,2025
2025-08-14 13:31:01.283000,7621877.0,CTCSP0500,CSP Troop D,Racial Profile,1000004968,2500235348,Incident ID,2025-06-28 00:00:00,June,W,N,F,31,False,False,KILLINGLY,00000 I 395 ,41 47 30.6096000000,71 52 35.2920000000,I,G,1.0,0,14-213,,False,N,False,False,W,,,,,False,1.0,CTCSP0000,133996662234586912,2025-06-28 13:17:09.433000,13:17:09.433000,2025,,,Administrative Offense,2025
2025-08-14 13:31:00.833000,7621795.0,CTCSP0500,CSP Troop D,Racial Profile,1000001947,2500236835,Incident ID,2025-06-29 00:00:00,June,W,N,M,52,True,True,KILLINGLY,KILLINGLY COMMONS,41 50 32.6400000000,71 52 51.8160000000,I,B,1.0,0,14-243(a),,False,N,False,False,N,,,,,False,1.0,CTCSP0000,133996662234586912,2025-06-29 20:10:15.007000,20:10:15.007000,2025,,,Moving Violation,2025
2025-08-14 13:31:00.873000,7621807.0,CTCSP0500,CSP Troop D,Racial Profile,1000004268,2500236166,Incident ID,2025-06-29 00:00:00,June,W,N,M,58,False,False,KILLINGLY,"Providence Rd @ Main St, Danielson CT",41 48 11.2572000000,71 53 5.0640000000,V,B,1.0,0,14-299,,False,N,False,False,V,,,,,False,1.0,CTCSP0000,133996662234586912,2025-06-29 07:16:09.317000,07:16:09.317000,2025,,,Traffic Control Signal,2025
2025-08-14 13:31:00.860000,7621803.0,CTCSP0500,CSP Troop D,Racial Profile,1000003512,2500236318,Incident ID,2025-06-29 00:00:00,June,W,H,M,31,True,False,MARLBOROUGH,"00000 RT 2  (MARLBOROUGH, T079)",41 38 17.8980000000,72 27 40.4640000000,V,B,1.0,0,14-219(c)(1),,False,N,False,False,I,,,,,False,1.0,CTCSP0000,133996662234586912,2025-06-29 10:12:55.110000,10:12:55.110000,2025,,,Speed Related,2025
2025-08-14 13:31:01.287000,7621878.0,CTCSP0500,CSP Troop D,Racial Profile,1000004968,2500236276,Incident ID,2025-06-29 00:00:00,June,W,N,F,18,False,False,THOMPSON,00000 I 395 ,41 57 28.5120000000,71 52 40.1520000000,V,G,1.0,0,14-240(b,,False,N,False,False,W,,,,,False,1.0,CTCSP0000,133996662234586912,2025-06-29 09:22:47.273000,09:22:47.273000,2025,,,Moving Violation,2025
2025-10-28 08:56:40.233000,7821810.0,CTCSP0500,CSP Troop D,Racial Profile,1000003380,2500238458,Incident ID,2025-07-01 00:00:00,July,I,N,F,37,True,False,POMFRET,00000 MASHAMOQUET RD,41 51 40.2012000000,72 0 39.7080000000,V,G,1.0,0,14-218a,,False,N,False,False,W,,,,,False,1.0,CTCSP0000,134061297593668953,2025-07-01 06:55:28.050000,06:55:28.050000,2025,,,Speed Related,2025
2025-10-28 08:56:40.237000,7821811.0,CTCSP0500,CSP Troop D,Racial Profile,1000003380,2500238491,Incident ID,2025-07-01 00:00:00,July,W,N,M,64,True,True,POMFRET,00000 KILLINGLY RD,41 51 5.0940000000,71 56 30.5160000000,V,G,1.0,0,14-236,,False,N,False,False,W,,,,,False,1.0,CTCSP0000,134061297593668953,2025-07-01 07:16:35.230000,07:16:35.230000,2025,,,Moving Violation,2025
2025-10-28 08:56:40.360000,7821858.0,CTCSP0500,CSP Troop D,Racial Profile,1000004434,2500239361,Incident ID,2025-07-01 00:00:00,July,W,H,F,24,True,False,CANTERBURY,Butts Bridge at Rt 12,41 38 9.3840000000,71 57 18.2160000000,V,G,1.0,0,14-230(a),,False,N,False,False,V,,,,,False,1.0,CTCSP0000,134061297593668953,2025-07-01 19:45:09.723000,19:45:09.723000,2025,,,Moving Violation,2025
2025-10-28 08:56:40.373000,7821862.0,CTCSP0500,CSP Troop D,Racial Profile,1000004671,2500240327,Incident ID,2025-07-02 00:00:00,July,W,N,M,65,True,False,PLAINFIELD,"I395 x 29, Plainfield, Ct",41 42 5.4828000000,71 54 4.6080000000,V,G,1.0,0,14-219(c)(1),,False,N,False,False,V,,,,,False,1.0,CTCSP0000,134061297593668953,2025-07-02 14:29:16.480000,14:29:16.480000,2025,,,Speed Related,2025
2025-10-28 08:56:40.390000,7821868.0,CTCSP0500,CSP Troop D,Racial Profile,1000004675,2500240348,Incident ID,2025-07-02 00:00:00,July,W,N,M,21,True,False,BROOKLYN,00000 PROVIDENCE RD,41 47 44.8044000000,71 55 58.2600000000,V,G,1.0,0,14-12(a)*,,False,N,False,False,W,,,,,False,1.0,CTCSP0000,134061297593668953,2025-07-02 14:41:45.567000,14:41:45.567000,2025,,,Registration,2025
2025-10-28 08:56:40.313000,7821842.0,CTCSP0500,CSP Troop D,Racial Profile,1000004409,2500241372,Incident ID,2025-07-03 00:00:00,July,W,N,M,45,False,False,KILLINGLY,00000 PROVIDENCE PIKE,41 47 26.8224000000,71 48 43.5600000000,V,B,1.0,0,14-218a,,False,N,False,False,W,,,,,False,1.0,CTCSP0000,134061297593668953,2025-07-03 09:02:04.137000,09:02:04.137000,2025,,,Speed Related,2025
2025-10-28 08:56:40.317000,7821843.0,CTCSP0500,CSP Troop D,Racial Profile,1000004409,2500241384,Incident ID,2025-07-03 00:00:00,July,W,N,M,52,True,False,KILLINGLY,00000 PROVIDENCE PIKE,41 47 26.8224000000,71 48 43.5600000000,V,B,1.0,0,14-218a,,False,N,False,False,W,,,,,False,1.0,CTCSP0000,134061297593668953,2025-07-03 09:10:32.167000,09:10:32.167000,2025,,,Speed Related,2025
2025-10-28 08:56:40.390000,7821869.0,CTCSP0500,CSP Troop D,Racial Profile,1000004675,2500243256,Incident ID,2025-07-04 00:00:00,July,W,M,M,79,True,False,HAMPTON,00000 PROVIDENCE TPKE,41 46 18.8400000000,72 2 37.5360000000,V,G,1.0,0,14-12(a)*,,False,N,False,False,W,,,,,False,1.0,CTCSP0000,134061297593668953,2025-07-04 14:35:50.767000,14:35:50.767000,2025,,,Registration,2025
2025-10-28 08:56:40.303000,7821838.0,CTCSP0500,CSP Troop D,Racial Profile,1000004402,2500243808,Incident ID,2025-07-04 00:00:00,July,W,N,M,45,False,False,POMFRET,00000 MASHAMOQUET RD,41 51 34.9056000000,72 1 42.5640000000,V,B,1.0,0,14-232(a)(1),,False,N,False,False,W,,,,,False,1.0,CTCSP0000,134061297593668953,2025-07-04 22:45:54.170000,22:45:54.170000,2025,,,Moving Violation,2025
2025-10-28 08:56:40.507000,7821919.0,CTCSP0500,CSP Troop D,Racial Profile,1000004964,2500243344,Incident ID,2025-07-04 00:00:00,July,W,H,M,27,True,True,HAMPTON,"00000 PROVIDENCE TPKE (HAMPTON, T063)",41 46 13.5552000000,72 2 46.6800000000,V,B,1.0,0,14-218a,,False,N,False,False,W,,,,,False,1.0,CTCSP0000,134061297593668953,2025-07-04 15:42:25.553000,15:42:25.553000,2025,14-218a,,Speed Related,2025
2025-10-28 08:56:40.377000,7821863.0,CTCSP0500,CSP Troop D,Racial Profile,1000004671,2500243248,Incident ID,2025-07-04 00:00:00,July,A,N,M,27,False,False,PLAINFIELD,"I385 Plainfield, Ct",41 44 40.3404000000,71 52 45.7320000000,V,G,1.0,0,14-233,,False,N,False,False,V,,,,,False,1.0,CTCSP0000,134061297593668953,2025-07-04 14:29:38.273000,14:29:38.273000,2025,,,Moving Violation,2025
2025-10-28 08:56:40.380000,7821864.0,CTCSP0500,CSP Troop D,Racial Profile,1000004671,2500244506,Incident ID,2025-07-05 00:00:00,July,W,N,M,56,True,True,KILLINGLY,"00000 Upper Maple St, Danielson, Ct",41 49 20.9676000000,71 53 36.4200000000,V,G,1.0,0,14-36(a),,False,N,False,False,V,,,,,False,1.0,CTCSP0000,134061297593668953,2025-07-05 15:09:13.543000,15:09:13.543000,2025,,,Unlicensed Operation,2025
2025-10-28 08:56:40.443000,7821892.0,CTCSP0500,CSP Troop D,Racial Profile,1000004777,2500243909,Incident ID,2025-07-05 00:00:00,July,W,N,M,38,True,False,KILLINGLY,00000 PROVIDENCE PIKE,41 47 22.5960000000,71 51 14.7960000000,V,B,1.0,0,14-219(c)(1),,False,N,False,False,W,,,,,False,1.0,CTCSP0000,134061297593668953,2025-07-05 00:38:26.520000,00:38:26.520000,2025,,,Speed Related,2025
2025-10-28 08:56:40.447000,7821893.0,CTCSP0500,CSP Troop D,Racial Profile,1000004777,2500243916,Incident ID,2025-07-05 00:00:00,July,W,N,F,64,True,False,BROOKLYN,"00000 PROVIDENCE RD (BROOKLYN, T019)",41 48 2.0448000000,71 53 47.4000000000,V,B,1.0,0,14-283b(b(1,,False,N,False,False,I,,,,,False,1.0,CTCSP0000,134061297593668953,2025-07-05 00:46:41.667000,00:46:41.667000,2025,,,Other,2025
2025-10-28 08:56:40.393000,7821870.0,CTCSP0500,CSP Troop D,Racial Profile,1000004675,2500244852,Incident ID,2025-07-05 00:00:00,July,W,N,M,37,True,False,KILLINGLY,00000 EXIT 38 I 395 S ,41 48 33.6924000000,71 52 22.1880000000,V,G,1.0,0,14-12(a)*,,False,N,False,False,W,,,,,False,1.0,CTCSP0000,134061297593668953,2025-07-05 20:19:57.620000,20:19:57.620000,2025,,,Registration,2025
2025-10-28 08:56:40.503000,7821918.0,CTCSP0500,CSP Troop D,Racial Profile,1000004858,2500244020,Incident ID,2025-07-05 00:00:00,July,W,N,F,25,True,False,THOMPSON,00000 I 395 ,41 57 45.2520000000,71 52 29.7840000000,V,G,1.0,0,14-219(c)(1),,False,N,False,False,W,,,,,False,1.0,CTCSP0000,134061297593668953,2025-07-05 06:00:04.727000,06:00:04.727000,2025,,,Speed Related,2025
2025-10-28 08:56:40.317000,7821844.0,CTCSP0500,CSP Troop D,Racial Profile,1000004409,2500245826,Incident ID,2025-07-06 00:00:00,July,B,H,F,19,True,False,HAMPTON,"00000 PROVIDENCE TPKE (HAMPTON, T063)",41 46 52.1436000000,72 1 23.4840000000,V,B,1.0,0,14-298,,False,N,False,False,I,,,,,False,1.0,CTCSP0000,134061297593668953,2025-07-06 18:04:01.860000,18:04:01.860000,2025,,,STC Violation,2025
2025-10-28 08:56:40.240000,7821813.0,CTCSP0500,CSP Troop D,Racial Profile,1000003919,2500245639,Incident ID,2025-07-06 00:00:00,July,W,H,M,57,True,False,KILLINGLY,"00587 HARTFORD PIKE (KILLINGLY, T069)",41 50 36.5856000000,71 52 51.6645840000,V,B,1.0,0,14-239(A),,False,N,False,False,V,,,,,False,1.0,CTCSP0000,134061297593668953,2025-07-06 14:38:10.010000,14:38:10.010000,2025,,,Moving Violation,2025
2025-10-28 08:56:40.450000,7821895.0,CTCSP0500,CSP Troop D,Racial Profile,1000004777,2500246075,Incident ID,2025-07-06 00:00:00,July,W,N,M,28,False,False,PUTNAM,00000 I 395 ,41 54 33.7500000000,71 53 29.2920000000,V,B,1.0,0,14-219(c)(1),,False,N,False,False,W,,,,,False,1.0,CTCSP0000,134061297593668953,2025-07-06 23:21:31.543000,23:21:31.543000,2025,,,Speed Related,2025
2025-10-28 08:56:40.400000,7821873.0,CTCSP0500,CSP Troop D,Racial Profile,1000004675,2500245952,Incident ID,2025-07-06 00:00:00,July,W,N,F,63,True,False,KILLINGLY,00000 I 395 ,41 51 31.3236000000,71 53 4.3080000000,V,G,1.0,0,14-219(c)(1),,False,N,False,False,W,,,,,False,1.0,CTCSP0000,134061297593668953,2025-07-06 20:50:32.487000,20:50:32.487000,2025,,,Speed Related,2025
2025-10-28 08:56:40.397000,7821871.0,CTCSP0500,CSP Troop D,Racial Profile,1000004675,2500245820,Incident ID,2025-07-06 00:00:00,July,A,N,M,61,False,False,KILLINGLY,00000 I 395 ,41 51 46.2672000000,71 53 10.5720000000,V,G,1.0,0,14-219(c)(1),,False,N,False,False,W,,,,,False,1.0,CTCSP0000,134061297593668953,2025-07-06 17:57:48.353000,17:57:48.353000,2025,,,Speed Related,2025
2025-10-28 08:56:40.490000,7821912.0,CTCSP0500,CSP Troop D,Racial Profile,1000004779,2500245970,Incident ID,2025-07-06 00:00:00,July,A,N,M,36,False,False,BROOKLYN,00000 HARTFORD RD,41 47 12.6888000000,72 0 23.1480000000,V,G,1.0,0,14-219(c)(1),,False,N,False,False,W,,,,,False,1.0,CTCSP0000,134061297593668953,2025-07-06 21:09:22.667000,21:09:22.667000,2025,,,Speed Related,2025
2025-10-28 08:56:40.493000,7821913.0,CTCSP0500,CSP Troop D,Racial Profile,1000004779,2500245996,Incident ID,2025-07-06 00:00:00,July,W,N,M,43,True,True,BROOKLYN,"00000 HARTFORD RD (BROOKLYN, T019)",41 47 8.2392000000,72 0 36.3960000000,V,G,1.0,0,14-219(b),,False,N,False,False,I,,,,,False,1.0,CTCSP0000,134061297593668953,2025-07-06 21:41:07.020000,21:41:07.020000,2025,,,Speed Related,2025
2025-10-28 08:56:40.320000,7821845.0,CTCSP0500,CSP Troop D,Racial Profile,1000004409,2500245853,Incident ID,2025-07-06 00:00:00,July,W,N,F,47,False,False,HAMPTON,00000 PROVIDENCE TPKE,41 46 20.2224000000,72 2 35.0520000000,V,B,1.0,0,14-218a,,False,N,False,False,W,,,,,False,1.0,CTCSP0000,134061297593668953,2025-07-06 18:30:45.930000,18:30:45.930000,2025,,,Speed Related,2025
2025-10-28 08:56:40.400000,7821872.0,CTCSP0500,CSP Troop D,Racial Profile,1000004675,2500245832,Incident ID,2025-07-06 00:00:00,July,W,N,F,44,True,False,KILLINGLY,"00000 I 395  (KILLINGLY, T069)",41 48 49.6404000000,71 52 14.9880000000,V,G,1.0,0,14-36(a),,False,N,False,False,I,,,,,False,1.0,CTCSP0000,134061297593668953,2025-07-06 18:11:04.793000,18:11:04.793000,2025,,,Unlicensed Operation,2025
2025-10-28 08:56:40.450000,7821894.0,CTCSP0500,CSP Troop D,Racial Profile,1000004777,2500245048,Incident ID,2025-07-06 00:00:00,July,W,N,F,17,True,True,PUTNAM,"00000 WOODSTOCK AVE (PUTNAM, T116)",41 55 26.9868000000,71 55 3.0360000000,V,B,1.0,0,14-236,,False,N,False,False,I,,,,,False,1.0,CTCSP0000,134061297593668953,2025-07-06 00:09:39.463000,00:09:39.463000,2025,,,Moving Violation,2025
2025-10-28 08:56:40.453000,7821896.0,CTCSP0500,CSP Troop D,Racial Profile,1000004777,2500246086,Incident ID,2025-07-06 00:00:00,July,W,N,M,36,True,False,PUTNAM,00000 I 395 ,41 55 18.3576000000,71 53 11.0040000000,V,B,1.0,0,14-219(c)(1),,False,N,False,False,W,,,,,False,1.0,CTCSP0000,134061297593668953,2025-07-06 23:33:56.637000,23:33:56.637000,2025,,,Speed Related,2025
2025-10-28 08:56:40.220000,7821807.0,CTCSP0500,CSP Troop D,Racial Profile,1000002753,2500246987,Incident ID,2025-07-07 00:00:00,July,B,N,M,20,True,False,KILLINGLY,"00000 I 395  (KILLINGLY, T069)",41 51 11.9664000000,71 52 51.3480000000,V,B,1.0,0,14-219,,False,N,False,False,I,,,,,False,1.0,CTCSP0000,134061297593668953,2025-07-07 16:26:53.827000,16:26:53.827000,2025,,,Speed Related,2025
2025-10-28 08:56:40.323000,7821846.0,CTCSP0500,CSP Troop D,Racial Profile,1000004409,2500246992,Incident ID,2025-07-07 00:00:00,July,I,N,M,57,True,True,KILLINGLY,00000 I 395 ,41 48 8.4744000000,71 52 21.2160000000,V,B,1.0,0,14-219(c)(1),,False,N,False,False,W,,,,,False,1.0,CTCSP0000,134061297593668953,2025-07-07 16:32:55.223000,16:32:55.223000,2025,,,Speed Related,2025
2025-10-28 08:56:40.323000,7821847.0,CTCSP0500,CSP Troop D,Racial Profile,1000004409,2500247093,Incident ID,2025-07-07 00:00:00,July,W,N,M,33,True,False,KILLINGLY,"00000 I 395  (KILLINGLY, T069)",41 48 32.3496000000,71 52 19.8480000000,V,B,1.0,0,14-298,,False,N,False,False,I,,,,,False,1.0,CTCSP0000,134061297593668953,2025-07-07 17:48:22.433000,17:48:22.433000,2025,,,STC Violation,2025
2025-10-28 08:56:40.510000,7821920.0,CTCSP0500,CSP Troop D,Racial Profile,1000004964,2500247056,Incident ID,2025-07-07 00:00:00,July,W,H,F,31,False,False,THOMPSON,"00000 I 395  (THOMPSON, T141)",41 59 14.9568000000,71 51 10.0080000000,V,B,1.0,0,14-219,,False,N,False,False,W,,,,,False,1.0,CTCSP0000,134061297593668953,2025-07-07 17:19:05.063000,17:19:05.063000,2025,14-219,,Speed Related,2025
2025-10-28 08:56:40.540000,7821932.0,CTCSP0500,CSP Troop D,Racial Profile,1000005069,2500246250,Incident ID,2025-07-07 00:00:00,July,B,N,M,31,False,False,THOMPSON,00000 I 395 ,41 56 39.4404000000,71 52 48.7560000000,V,G,1.0,0,14-219(c)(1),,False,N,False,True,W,,,,,False,1.0,CTCSP0000,134061297593668953,2025-07-07 05:33:31.537000,05:33:31.537000,2025,,,Speed Related,2025
2025-10-28 08:56:40.457000,7821897.0,CTCSP0500,CSP Troop D,Racial Profile,1000004777,2500246218,Incident ID,2025-07-07 00:00:00,July,W,N,M,51,True,False,POMFRET,"00000 PUTNAM RD (POMFRET, T112)",41 53 48.6888000000,71 56 34.9800000000,V,B,1.0,0,14-219(b),,False,N,False,False,I,,,,,False,1.0,CTCSP0000,134061297593668953,2025-07-07 02:52:15.830000,02:52:15.830000,2025,,,Speed Related,2025
2025-10-28 08:56:40.493000,7821914.0,CTCSP0500,CSP Troop D,Racial Profile,1000004779,2500247424,Incident ID,2025-07-07 00:00:00,July,W,N,F,18,True,False,PLAINFIELD,I395 SB EX 37,41 45 53.6184000000,71 52 20.6400000000,V,G,1.0,0,14-96a(a),,False,N,False,False,V,,,,,False,1.0,CTCSP0000,134061297593668953,2025-07-07 23:27:06.350000,23:27:06.350000,2025,,,Defective Lights,2025
2025-10-28 08:56:40.190000,7821797.0,CTCSP0500,CSP Troop D,Racial Profile,1000001947,2500248547,Incident ID,2025-07-08 00:00:00,July,W,N,M,20,False,False,KILLINGLY,Rt. 6 at Rt. 12 KILLINGLY,41 47 49.7076000000,71 53 5.1000000000,V,B,3.0,1,14-12(a)*,,False,N,False,False,V,,,,,False,1.0,CTCSP0000,134061297593668953,2025-07-08 19:02:53.100000,19:02:53.100000,2025,,,Registration,2025
2025-10-28 08:56:40.187000,7821796.0,CTCSP0500,CSP Troop D,Racial Profile,1000001947,2500248508,Incident ID,2025-07-08 00:00:00,July,W,N,F,22,False,False,PLAINFIELD,"00000 I 395  (PLAINFIELD, T109)",41 41 28.6404000000,71 54 21.4200000000,V,B,1.0,0,14-219(c)(1),,False,N,False,False,I,,,,,False,1.0,CTCSP0000,134061297593668953,2025-07-08 18:17:14.880000,18:17:14.880000,2025,,,Speed Related,2025
2025-10-28 08:56:40.327000,7821848.0,CTCSP0500,CSP Troop D,Racial Profile,1000004409,2500249829,Incident ID,2025-07-09 00:00:00,July,W,N,M,42,True,False,KILLINGLY,"00000 I 395  (KILLINGLY, T069)",41 48 36.6408000000,71 52 18.4080000000,V,B,1.0,0,14-298,,False,N,False,False,I,,,,,False,1.0,CTCSP0000,134061297593668953,2025-07-09 18:03:44.973000,18:03:44.973000,2025,,,STC Violation,2025
2025-10-28 08:56:40.403000,7821874.0,CTCSP0500,CSP Troop D,Racial Profile,1000004675,2500249843,Incident ID,2025-07-09 00:00:00,July,B,N,F,29,True,False,KILLINGLY,00000 I 395 ,41 48 16.2720000000,71 52 22.1160000000,V,G,1.0,0,14-12(a)*,,False,N,False,False,W,,,,,False,1.0,CTCSP0000,134061297593668953,2025-07-09 18:14:18.007000,18:14:18.007000,2025,,,Registration,2025
2025-10-28 08:56:40.500000,7821917.0,CTCSP0500,CSP Troop D,Racial Profile,1000004799,2500248783,Incident ID,2025-07-09 00:00:00,July,B,N,M,29,True,False,CHAPLIN,00267 WILLIMANTIC RD,41 45 18.1980000000,72 8 57.0840000000,V,B,1.0,0,14-283(e)Z,,False,N,False,False,W,,,,,False,1.0,CTCSP0000,134061297593668953,2025-07-09 00:28:10.437000,00:28:10.437000,2025,,,Other,2025
2025-10-28 08:56:40.403000,7821875.0,CTCSP0500,CSP Troop D,Racial Profile,1000004675,2500251045,Incident ID,2025-07-10 00:00:00,July,W,N,F,28,True,False,KILLINGLY,"I395 killingly, ct",41 48 49.6404000000,71 52 14.9880000000,V,G,1.0,0,14-12(a)*,,False,N,False,False,I,,,,,False,1.0,CTCSP0000,134061297593668953,2025-07-10 17:33:45.350000,17:33:45.350000,2025,,,Registration,2025
2025-10-28 08:56:40.380000,7821865.0,CTCSP0500,CSP Troop D,Racial Profile,1000004671,2500250800,Incident ID,2025-07-10 00:00:00,July,W,N,M,26,True,False,PLAINFIELD,"N/B 395, Plainfield, CT",41 41 14.6832000000,71 54 26.1360000000,V,G,1.0,0,14-240,,False,N,False,False,V,,,,,False,1.0,CTCSP0000,134061297593668953,2025-07-10 14:27:35.920000,14:27:35.920000,2025,,,Moving Violation,2025
2025-10-28 08:56:40.410000,7821878.0,CTCSP0500,CSP Troop D,Racial Profile,1000004675,2500252352,Incident ID,2025-07-11 00:00:00,July,W,N,F,29,True,False,KILLINGLY,"00000 EXIT 38 I 395 S  (KILLINGLY, T069)",41 48 33.6924000000,71 52 22.1880000000,V,G,1.0,0,14-12(a)*,,False,N,False,False,I,,,,,False,1.0,CTCSP0000,134061297593668953,2025-07-11 18:04:13.247000,18:04:13.247000,2025,,,Registration,2025
2025-10-28 08:56:40.410000,7821877.0,CTCSP0500,CSP Troop D,Racial Profile,1000004675,2500252321,Incident ID,2025-07-11 00:00:00,July,W,N,F,21,True,False,PLAINFIELD,00000 I 395 ,41 41 35.0736000000,71 54 18.0000000000,V,G,1.0,0,14-12(a)*,,False,N,False,False,W,,,,,False,1.0,CTCSP0000,134061297593668953,2025-07-11 17:28:43.183000,17:28:43.183000,2025,,,Registration,2025
2025-10-28 08:56:40.407000,7821876.0,CTCSP0500,CSP Troop D,Racial Profile,1000004675,2500252299,Incident ID,2025-07-11 00:00:00,July,W,N,M,21,True,False,PLAINFIELD,00000 I 395 ,41 40 9.3720000000,71 54 39.2040000000,V,G,1.0,0,14-12(a)*,,False,N,False,False,W,,,,,False,1.0,CTCSP0000,134061297593668953,2025-07-11 17:17:06.223000,17:17:06.223000,2025,,,Registration,2025
2025-10-28 08:56:40.190000,7821798.0,CTCSP0500,CSP Troop D,Racial Profile,1000001947,2500253457,Incident ID,2025-07-12 00:00:00,July,B,N,M,60,False,False,KILLINGLY,695 Killingly/Foster line,41 47 42.0792000000,71 47 32.0100000000,I,B,1.0,0,14-236,,False,N,False,False,V,,,,,False,1.0,CTCSP0000,134061297593668953,2025-07-12 17:47:22.567000,17:47:22.567000,2025,,,Moving Violation,2025
2025-10-28 08:56:40.460000,7821898.0,CTCSP0500,CSP Troop D,Racial Profile,1000004777,2500252765,Incident ID,2025-07-12 00:00:00,July,B,N,F,44,True,False,KILLINGLY,00000 EXIT 37B I 395 S ,41 47 52.5480000000,71 52 29.3880000000,V,B,1.0,0,14-219(c)(1),,False,N,False,False,W,,,,,False,1.0,CTCSP0000,134061297593668953,2025-07-12 02:10:27.260000,02:10:27.260000,2025,,,Speed Related,2025
2025-10-28 08:56:40.463000,7821900.0,CTCSP0500,CSP Troop D,Racial Profile,1000004777,2500253684,Incident ID,2025-07-12 00:00:00,July,W,N,M,46,True,False,PLAINFIELD,"00000 I 395  (PLAINFIELD, T109)",41 43 47.0532000000,71 53 19.2480000000,V,B,2.0,0,14-236,,False,N,False,False,I,,,,,False,1.0,CTCSP0000,134061297593668953,2025-07-12 22:44:14.807000,22:44:14.807000,2025,,,Moving Violation,2025
2025-10-28 08:56:40.330000,7821849.0,CTCSP0500,CSP Troop D,Racial Profile,1000004409,2500253452,Incident ID,2025-07-12 00:00:00,July,W,H,F,46,False,False,HAMPTON,00000 PROVIDENCE TPKE,41 46 43.6296000000,72 1 50.6280000000,V,B,1.0,0,14-218a,,False,N,False,False,W,,,,,False,1.0,CTCSP0000,134061297593668953,2025-07-12 17:43:37.107000,17:43:37.107000,2025,,,Speed Related,2025
2025-10-28 08:56:40.510000,7821921.0,CTCSP0500,CSP Troop D,Racial Profile,1000004964,2500252736,Incident ID,2025-07-12 00:00:00,July,W,N,M,44,True,True,KILLINGLY,"00000 I 395  (KILLINGLY, T069)",41 51 44.7408000000,71 53 12.6600000000,V,B,1.0,0,14-219,,False,N,False,False,W,,,,,False,1.0,CTCSP0000,134061297593668953,2025-07-12 01:09:59.470000,01:09:59.470000,2025,14-219,,Speed Related,2025
2025-10-28 08:56:40.370000,7821861.0,CTCSP0500,CSP Troop D,Racial Profile,1000004535,2500253177,Incident ID,2025-07-12 00:00:00,July,W,N,F,33,True,True,KILLINGLY,00000 I 395 ,41 52 29.6832000000,71 53 38.1840000000,V,B,1.0,0,14-233,,False,N,False,False,W,,,,,False,1.0,CTCSP0000,134061297593668953,2025-07-12 12:36:36.100000,12:36:36.100000,2025,,,Moving Violation,2025
2025-10-28 08:56:40.460000,7821899.0,CTCSP0500,CSP Troop D,Racial Profile,1000004777,2500252778,Incident ID,2025-07-12 00:00:00,July,W,N,F,20,True,False,KILLINGLY,00000 I 395 ,41 48 44.8560000000,71 52 15.6360000000,V,B,1.0,0,14-219(c)(1),,False,N,False,False,W,,,,,False,1.0,CTCSP0000,134061297593668953,2025-07-12 02:37:38.703000,02:37:38.703000,2025,,,Speed Related,2025
2025-10-28 08:56:40.513000,7821922.0,CTCSP0500,CSP Troop D,Racial Profile,1000004964,2500252758,Incident ID,2025-07-12 00:00:00,July,W,N,M,46,False,False,KILLINGLY,"00000 I 395  (KILLINGLY, T069)",41 49 2.6328000000,71 52 10.8120000000,V,B,1.0,0,14-220,,False,N,False,False,W,,,,,False,1.0,CTCSP0000,134061297593668953,2025-07-12 01:48:27.960000,01:48:27.960000,2025,14-220,,Other,2025
2025-10-28 08:56:40.513000,7821923.0,CTCSP0500,CSP Troop D,Racial Profile,1000004964,2500252772,Incident ID,2025-07-12 00:00:00,July,B,N,M,36,False,False,PLAINFIELD,00000 I 395 ,41 45 26.3880000000,71 52 32.5200000000,V,B,1.0,0,14-236,,False,N,False,False,W,,,,,False,1.0,CTCSP0000,134061297593668953,2025-07-12 02:21:13.883000,02:21:13.883000,2025,14-236,,Moving Violation,2025
2025-10-28 08:56:40.203000,7821801.0,CTCSP0500,CSP Troop D,Racial Profile,1000002254,2500252961,Incident ID,2025-07-12 00:00:00,July,W,N,F,50,False,False,WOODSTOCK,"00000 RT 169  (WOODSTOCK, T169)",41 58 39.0180000000,71 59 32.3160000000,V,G,1.0,0,14-301,,False,N,False,False,I,,,,,False,1.0,CTCSP0000,134061297593668953,2025-07-12 08:37:01.470000,08:37:01.470000,2025,,,Stop Sign,2025
2025-10-28 08:56:40.193000,7821799.0,CTCSP0500,CSP Troop D,Racial Profile,1000001947,2500254338,Incident ID,2025-07-13 00:00:00,July,W,N,F,81,False,False,PLAINFIELD,I-395 NB Plainfeild,41 42 5.4828000000,71 54 4.6080000000,V,B,1.0,0,14-219,,False,N,False,False,V,,,,,False,1.0,CTCSP0000,134061297593668953,2025-07-13 14:48:25.330000,14:48:25.330000,2025,,,Speed Related,2025
2025-10-28 08:56:40.413000,7821880.0,CTCSP0500,CSP Troop D,Racial Profile,1000004675,2500254515,Incident ID,2025-07-13 00:00:00,July,W,N,M,38,True,False,KILLINGLY,"00000 I 395  (KILLINGLY, T069)",41 49 12.6876000000,71 52 14.0160000000,V,G,1.0,0,14-12(a)*,,False,N,False,False,I,,,,,False,1.0,CTCSP0000,134061297593668953,2025-07-13 18:31:50.943000,18:31:50.943000,2025,,,Registration,2025
2025-10-28 08:56:40.497000,7821915.0,CTCSP0500,CSP Troop D,Racial Profile,1000004779,2500254331,Incident ID,2025-07-13 00:00:00,July,W,N,M,57,False,False,KILLINGLY,00000 I 395 ,41 47 26.5092000000,71 52 33.4560000000,V,G,1.0,0,14-236,,False,N,False,False,W,,,,,False,1.0,CTCSP0000,134061297593668953,2025-07-13 14:45:20.730000,14:45:20.730000,2025,,,Moving Violation,2025
2025-10-28 08:56:40.413000,7821879.0,CTCSP0500,CSP Troop D,Racial Profile,1000004675,2500254461,Incident ID,2025-07-13 00:00:00,July,W,N,F,36,True,False,KILLINGLY,00000 I 395 ,41 48 15.0876000000,71 52 22.0800000000,V,G,1.0,0,14-12(a)*,,False,N,False,False,W,,,,,False,1.0,CTCSP0000,134061297593668953,2025-07-13 17:15:16.487000,17:15:16.487000,2025,,,Registration,2025
2025-10-28 08:56:40.467000,7821901.0,CTCSP0500,CSP Troop D,Racial Profile,1000004777,2500253842,Incident ID,2025-07-13 00:00:00,July,W,N,F,37,True,False,KILLINGLY,00000 EXIT 41 I 395 N ,41 50 22.5492000000,71 52 39.8280000000,V,B,1.0,0,14-12(a)*,,False,N,False,False,W,,,,,False,1.0,CTCSP0000,134061297593668953,2025-07-13 03:03:26.970000,03:03:26.970000,2025,,,Registration,2025
2025-10-28 08:56:40.440000,7821891.0,CTCSP0500,CSP Troop D,Racial Profile,1000004678,2500254837,Incident ID,2025-07-14 00:00:00,July,W,N,M,28,True,False,BROOKLYN,rt 6 brooklyn,41 47 46.5684000000,71 55 14.2320000000,V,G,1.0,0,14-218a,,False,N,False,False,V,,,,,False,1.0,CTCSP0000,134061297593668953,2025-07-14 03:34:32.023000,03:34:32.023000,2025,,,Speed Related,2025
2025-10-28 08:56:40.467000,7821902.0,CTCSP0500,CSP Troop D,Racial Profile,1000004777,2500254803,Incident ID,2025-07-14 00:00:00,July,W,N,F,60,False,False,KILLINGLY,i395 nb n x 38,41 49 2.6328000000,71 52 10.8120000000,V,B,1.0,0,14-100ac1,,False,N,False,False,W,,,,,False,1.0,CTCSP0000,134061297593668953,2025-07-14 02:04:32.377000,02:04:32.377000,2025,,,Seatbelt,2025
2025-10-28 08:56:40.470000,7821903.0,CTCSP0500,CSP Troop D,Racial Profile,1000004777,2500255880,Incident ID,2025-07-14 00:00:00,July,W,N,F,35,True,False,KILLINGLY,"00000 I 395  (KILLINGLY, T069)",41 48 8.4744000000,71 52 21.2160000000,V,B,1.0,0,14-215b(1),,False,N,False,False,I,,,,,False,1.0,CTCSP0000,134061297593668953,2025-07-14 22:47:57.120000,22:47:57.120000,2025,,,Administrative Offense,2025
2025-10-28 08:56:40.247000,7821815.0,CTCSP0500,CSP Troop D,Racial Profile,1000004012,2500256170,Incident ID,2025-07-15 00:00:00,July,W,N,M,47,True,True,WINDHAM,"RT6 WB, WINDHAM, CT",41 44 51.2808000000,72 9 42.7680000000,V,B,1.0,0,14-299,,False,N,False,False,V,,,,,False,1.0,CTCSP0000,134061297593668953,2025-07-15 07:25:12.940000,07:25:12.940000,2025,,,Traffic Control Signal,2025
2025-10-28 08:56:40.470000,7821904.0,CTCSP0500,CSP Troop D,Racial Profile,1000004777,2500257311,Incident ID,2025-07-15 00:00:00,July,W,H,M,34,True,False,PLAINFIELD,"00000 I 395  (PLAINFIELD, T109)",41 42 5.4252000000,71 54 5.3640000000,V,B,2.0,1,14-40a(a)*,,False,N,False,False,I,,,,,False,1.0,CTCSP0000,134061297593668953,2025-07-15 23:50:42.240000,23:50:42.240000,2025,,,Other,2025
2025-10-28 08:56:40.200000,7821800.0,CTCSP0500,CSP Troop D,Racial Profile,1000001947,2500258057,Incident ID,2025-07-16 00:00:00,July,W,N,F,51,True,False,PLAINFIELD,"00000 EXIT 29 I 395 N  (PLAINFIELD, T109)",41 40 53.2056000000,71 54 29.1960000000,V,G,2.0,1,14-12(a)*,,False,N,False,False,I,,,,,False,1.0,CTCSP0000,134061297593668953,2025-07-16 15:04:11.180000,15:04:11.180000,2025,,,Registration,2025
2025-10-28 08:56:40.207000,7821802.0,CTCSP0500,CSP Troop D,Racial Profile,1000002254,2500257852,Incident ID,2025-07-16 00:00:00,July,B,N,M,24,False,False,POMFRET,rt 97,41 53 9.3012000000,71 58 31.8000000000,V,G,1.0,0,14-218a,,False,N,False,False,V,,,,,False,1.0,CTCSP0000,134061297593668953,2025-07-16 12:08:22.767000,12:08:22.767000,2025,,,Speed Related,2025
2025-10-28 08:56:40.517000,7821924.0,CTCSP0500,CSP Troop D,Racial Profile,1000004964,2500258518,Incident ID,2025-07-16 00:00:00,July,W,N,F,43,False,False,PUTNAM,"00000 I 395  (PUTNAM, T116)",41 53 31.2972000000,71 53 46.3200000000,V,B,1.0,0,14-298,,False,N,False,False,I,,,,,False,1.0,CTCSP0000,134061297593668953,2025-07-16 22:07:46.120000,22:07:46.120000,2025,14-298,,STC Violation,2025
2025-10-28 08:56:40.210000,7821803.0,CTCSP0500,CSP Troop D,Racial Profile,1000002373,2500257868,Incident ID,2025-07-16 00:00:00,July,W,N,M,80,True,False,KILLINGLY,main st,41 48 7.3080000000,71 53 10.2120000000,V,G,1.0,0,14-298,,False,N,False,False,V,,,,,False,1.0,CTCSP0000,134061297593668953,2025-07-16 12:27:23.133000,12:27:23.133000,2025,,,STC Violation,2025
2025-10-28 08:56:40.243000,7821814.0,CTCSP0500,CSP Troop D,Racial Profile,1000003919,2500258506,Incident ID,2025-07-16 00:00:00,July,W,N,M,24,True,True,KILLINGLY,"00000 MECHANIC ST (KILLINGLY, T069)",41 48 36.3600000000,71 53 0.5280000000,V,B,1.0,0,14-218,,False,N,False,False,W,,,,,False,1.0,CTCSP0000,134061297593668953,2025-07-16 21:49:05.253000,21:49:05.253000,2025,,,Speed Related,2025
2025-10-28 08:56:40.330000,7821850.0,CTCSP0500,CSP Troop D,Racial Profile,1000004409,2500258422,Incident ID,2025-07-16 00:00:00,July,W,N,M,34,True,False,KILLINGLY,n frontage rd,41 47 22.7256000000,71 51 37.5480000000,V,B,1.0,0,14-239,,False,N,False,False,V,,,,,False,1.0,CTCSP0000,134061297593668953,2025-07-16 20:08:52.480000,20:08:52.480000,2025,,,Moving Violation,2025
2025-10-28 08:56:40.307000,7821839.0,CTCSP0500,CSP Troop D,Racial Profile,1000004402,2500259967,Incident ID,2025-07-17 00:00:00,July,B,N,M,29,True,False,BROOKLYN,00000 PROVIDENCE RD,41 47 50.7552000000,71 54 33.1920000000,V,B,1.0,0,14-218a,,False,N,False,False,W,,,,,False,1.0,CTCSP0000,134061297593668953,2025-07-17 23:35:39.860000,23:35:39.860000,2025,,,Speed Related,2025
2025-10-28 08:56:40.337000,7821852.0,CTCSP0500,CSP Troop D,Racial Profile,1000004409,2500259722,Incident ID,2025-07-17 00:00:00,July,W,H,M,20,True,False,CHAPLIN,00000 PHOENIXVILLE RD,41 46 20.6976000000,72 8 1.4640000000,V,B,1.0,0,14-218a,,False,N,False,False,W,,,,,False,1.0,CTCSP0000,134061297593668953,2025-07-17 19:26:50.287000,19:26:50.287000,2025,,,Speed Related,2025
2025-10-28 08:56:40.333000,7821851.0,CTCSP0500,CSP Troop D,Racial Profile,1000004409,2500259676,Incident ID,2025-07-17 00:00:00,July,W,N,M,45,True,False,POMFRET,00000 MASHAMOQUET RD,41 51 34.9056000000,72 1 42.5640000000,V,B,1.0,0,14-218a,,False,N,False,False,W,,,,,False,1.0,CTCSP0000,134061297593668953,2025-07-17 18:37:31.420000,18:37:31.420000,2025,,,Speed Related,2025
2025-10-28 08:56:40.340000,7821853.0,CTCSP0500,CSP Troop D,Racial Profile,1000004409,2500260849,Incident ID,2025-07-18 00:00:00,July,W,N,F,20,False,False,KILLINGLY,"00000 I 395  (KILLINGLY, T069)",41 51 17.2728000000,71 52 55.5600000000,V,B,1.0,0,14-298,,False,N,False,False,I,,,,,False,1.0,CTCSP0000,134061297593668953,2025-07-18 17:00:17.230000,17:00:17.230000,2025,,,STC Violation,2025
2025-10-28 08:56:40.220000,7821806.0,CTCSP0500,CSP Troop D,Racial Profile,1000002578,2500260292,Incident ID,2025-07-18 00:00:00,July,W,N,F,26,True,False,PLAINFIELD,395 sb 29,41 41 6.1620000000,71 54 35.1000000000,V,G,1.0,0,14-233,,False,N,False,False,V,,,,,False,1.0,CTCSP0000,134061297593668953,2025-07-18 09:05:30.470000,09:05:30.470000,2025,,,Moving Violation,2025
2025-10-28 08:56:40.420000,7821882.0,CTCSP0500,CSP Troop D,Racial Profile,1000004675,2500260918,Incident ID,2025-07-18 00:00:00,July,W,N,F,42,True,False,KILLINGLY,"00000 RT 6  (KILLINGLY, T069)",41 47 50.2656000000,71 53 5.5320000000,V,G,1.0,0,14-12(a)*,,False,N,False,False,I,,,,,False,1.0,CTCSP0000,134061297593668953,2025-07-18 17:55:00.103000,17:55:00.103000,2025,,,Registration,2025
2025-10-28 08:56:40.417000,7821881.0,CTCSP0500,CSP Troop D,Racial Profile,1000004675,2500260911,Incident ID,2025-07-18 00:00:00,July,W,N,M,48,True,False,KILLINGLY,00000 WAUREGAN RD,41 47 39.2244000000,71 53 5.2440000000,V,G,1.0,0,14-12(a)*,,False,N,False,False,W,,,,,False,1.0,CTCSP0000,134061297593668953,2025-07-18 17:47:04.273000,17:47:04.273000,2025,,,Registration,2025
2025-10-28 08:56:40.237000,7821812.0,CTCSP0500,CSP Troop D,Racial Profile,1000003380,2500260666,Incident ID,2025-07-18 00:00:00,July,W,H,M,55,False,False,POMFRET,"00000 MASHAMOQUET RD (POMFRET, T112)",41 51 40.4244000000,71 58 8.5080000000,V,G,2.0,0,14-218a,,False,N,False,False,I,,,,,False,1.0,CTCSP0000,134061297593668953,2025-07-18 14:52:50.317000,14:52:50.317000,2025,,,Speed Related,2025
2025-10-28 08:56:40.383000,7821866.0,CTCSP0500,CSP Troop D,Racial Profile,1000004671,2500262187,Incident ID,2025-07-19 00:00:00,July,W,N,M,22,True,True,KILLINGLY,"00000 Maple St, Danielson, Ct",41 48 28.8864000000,71 53 26.3400000000,V,G,2.0,0,14-218a,,False,N,False,True,U,,,,,False,1.0,CTCSP0000,134061297593668953,2025-07-19 21:23:58.523000,21:23:58.523000,2025,,,Speed Related,2025
2025-10-28 08:56:40.420000,7821883.0,CTCSP0500,CSP Troop D,Racial Profile,1000004675,2500261912,Incident ID,2025-07-19 00:00:00,July,W,N,F,41,True,False,BROOKLYN,rt. 6 brooklyn,41 47 50.7552000000,71 54 33.1920000000,V,G,1.0,0,14-147(c),,False,N,False,False,I,,,,,False,1.0,CTCSP0000,134061297593668953,2025-07-19 15:48:35.407000,15:48:35.407000,2025,,,Administrative Offense,2025
2025-10-28 08:56:40.540000,7821933.0,CTCSP0500,CSP Troop D,Racial Profile,1000005069,2500261355,Incident ID,2025-07-19 00:00:00,July,W,N,M,64,True,True,PLAINFIELD,"00000 I 395  (PLAINFIELD, T109)",41 39 18.9324000000,71 55 29.6400000000,V,G,1.0,0,14-219(c)(1),,False,N,False,False,W,,,,,False,1.0,CTCSP0000,134061297593668953,2025-07-19 04:32:25.700000,04:32:25.700000,2025,,,Speed Related,2025
2025-10-28 08:56:40.543000,7821934.0,CTCSP0500,CSP Troop D,Racial Profile,1000005069,2500261362,Incident ID,2025-07-19 00:00:00,July,W,N,F,43,True,True,PLAINFIELD,"00000 I 395  (PLAINFIELD, T109)",41 45 26.3880000000,71 52 32.5200000000,V,G,3.0,1,14-236,,False,N,False,True,U,,,,,False,1.0,CTCSP0000,134061297593668953,2025-07-19 04:51:36.070000,04:51:36.070000,2025,14-227a,,Moving Violation,2025
2025-10-28 08:56:40.340000,7821854.0,CTCSP0500,CSP Troop D,Racial Profile,1000004409,2500263112,Incident ID,2025-07-20 00:00:00,July,W,H,M,24,True,False,BROOKLYN,"00000 HARTFORD RD (BROOKLYN, T019)",41 47 12.6888000000,72 0 23.1480000000,V,B,1.0,1,14-12(a)*,,True,C,False,False,I,,,,,False,1.0,CTCSP0000,134061297593668953,2025-07-20 18:25:01.013000,18:25:01.013000,2025,,,Registration,2025
2025-10-28 08:56:40.520000,7821925.0,CTCSP0500,CSP Troop D,Racial Profile,1000004964,2500263312,Incident ID,2025-07-20 00:00:00,July,W,N,M,38,True,False,HAMPTON,"00000 PROVIDENCE TPKE (HAMPTON, T063)",41 46 43.6296000000,72 1 50.6280000000,V,B,1.0,0,14-218a,,False,N,False,False,W,,,,,False,1.0,CTCSP0000,134061297593668953,2025-07-20 23:52:49.460000,23:52:49.460000,2025,14-218a,,Speed Related,2025
2025-10-28 08:56:40.217000,7821805.0,CTCSP0500,CSP Troop D,Racial Profile,1000002576,2500263927,Incident ID,2025-07-21 00:00:00,July,W,H,F,46,True,True,KILLINGLY,green hollow,41 46 53.0292000000,71 52 54.8040000000,V,B,3.0,1,14-236,,False,N,False,True,U,,,,,False,1.0,CTCSP0000,134061297593668953,2025-07-21 14:07:40.970000,14:07:40.970000,2025,14-227a,,Moving Violation,2025
2025-10-28 08:56:40.250000,7821816.0,CTCSP0500,CSP Troop D,Racial Profile,1000004012,2500263398,Incident ID,2025-07-21 00:00:00,July,W,N,M,60,False,False,KILLINGLY,"00000 PROVIDENCE PIKE (KILLINGLY, T069)",41 47 26.8224000000,71 48 43.5600000000,V,B,1.0,0,14-219,,False,N,False,False,V,,,,,False,1.0,CTCSP0000,134061297593668953,2025-07-21 02:24:06.610000,02:24:06.610000,2025,,,Speed Related,2025
2025-10-28 08:56:40.473000,7821905.0,CTCSP0500,CSP Troop D,Racial Profile,1000004777,2500263378,Incident ID,2025-07-21 00:00:00,July,W,N,M,53,False,False,KILLINGLY,"00000 I 395  (KILLINGLY, T069)",41 49 51.5460000000,71 52 28.6320000000,V,B,1.0,0,14-299,,False,N,False,False,I,,,,,False,1.0,CTCSP0000,134061297593668953,2025-07-21 01:45:59.047000,01:45:59.047000,2025,,,Traffic Control Signal,2025
2025-10-28 08:56:40.297000,7821835.0,CTCSP0500,CSP Troop D,Racial Profile,1000004268,2500263778,Incident ID,2025-07-21 00:00:00,July,W,N,F,37,False,False,PLAINFIELD,"00000 I 395  (PLAINFIELD, T109)",41 38 44.3688000000,71 56 4.2360000000,V,B,1.0,0,14-218a,,False,N,False,False,W,,,,,False,1.0,CTCSP0000,134061297593668953,2025-07-21 11:35:41.980000,11:35:41.980000,2025,,,Speed Related,2025
2025-10-28 08:56:40.310000,7821840.0,CTCSP0500,CSP Troop D,Racial Profile,1000004405,2500264144,Incident ID,2025-07-21 00:00:00,July,W,N,M,67,True,True,STERLING,ledge hill rd,41 41 27.6612000000,71 50 8.9880000000,V,B,2.0,0,14-236,,False,N,False,False,V,,,,,False,1.0,CTCSP0000,134061297593668953,2025-07-21 17:14:57.603000,17:14:57.603000,2025,,,Moving Violation,2025
2025-10-28 08:56:40.523000,7821926.0,CTCSP0500,CSP Troop D,Racial Profile,1000004964,2500263338,Incident ID,2025-07-21 00:00:00,July,W,N,F,32,True,True,HAMPTON,"00000 PROVIDENCE TPKE (HAMPTON, T063)",41 46 16.1328000000,72 2 42.2160000000,V,B,1.0,0,14-218a,,False,N,False,False,W,,,,,False,1.0,CTCSP0000,134061297593668953,2025-07-21 00:21:41.577000,00:21:41.577000,2025,14-218a,,Speed Related,2025
2025-10-28 08:56:40.423000,7821884.0,CTCSP0500,CSP Troop D,Racial Profile,1000004675,2500265527,Incident ID,2025-07-22 00:00:00,July,W,N,F,44,True,False,BROOKLYN,"00000 PROVIDENCE RD (BROOKLYN, T019)",41 48 2.0448000000,71 53 47.4000000000,V,G,1.0,0,14-12(a)*,,False,N,False,False,I,,,,,False,1.0,CTCSP0000,134061297593668953,2025-07-22 19:42:03.893000,19:42:03.893000,2025,,,Registration,2025
2025-10-28 08:56:40.480000,7821908.0,CTCSP0500,CSP Troop D,Racial Profile,1000004777,2500265141,Incident ID,2025-07-22 00:00:00,July,W,N,M,39,True,False,KILLINGLY,00000 GOVERNOR JOHN DAVIS LODGE TPKE,41 46 11.4024000000,71 51 44.1720000000,V,B,1.0,0,14-219(c)(1),,False,N,False,False,W,,,,,False,1.0,CTCSP0000,134061297593668953,2025-07-22 14:19:47.953000,14:19:47.953000,2025,,,Speed Related,2025
2025-10-28 08:56:40.477000,7821906.0,CTCSP0500,CSP Troop D,Racial Profile,1000004777,2500264533,Incident ID,2025-07-22 00:00:00,July,W,N,F,67,True,False,PUTNAM,00000 I 395 ,41 55 11.3628000000,71 53 13.9920000000,V,B,1.0,0,14-219(c)(1),,False,N,False,False,W,,,,,False,1.0,CTCSP0000,134061297593668953,2025-07-22 02:22:32.430000,02:22:32.430000,2025,,,Speed Related,2025
2025-10-28 08:56:40.480000,7821907.0,CTCSP0500,CSP Troop D,Racial Profile,1000004777,2500264537,Incident ID,2025-07-22 00:00:00,July,W,N,M,76,True,False,PUTNAM,"00000 I 395  (PUTNAM, T116)",41 53 47.3928000000,71 53 53.8440000000,V,B,1.0,0,14-283b(b(1,,False,N,False,False,I,,,,,False,1.0,CTCSP0000,134061297593668953,2025-07-22 02:29:45.147000,02:29:45.147000,2025,,,Other,2025
2025-10-28 08:56:40.257000,7821819.0,CTCSP0500,CSP Troop D,Racial Profile,1000004012,2500266215,Incident ID,2025-07-23 00:00:00,July,W,N,F,28,False,False,PLAINFIELD,"00000 I 395  (PLAINFIELD, T109)",41 39 18.9324000000,71 55 29.6400000000,V,B,1.0,0,14-219,,False,N,False,False,V,,,,,False,1.0,CTCSP0000,134061297593668953,2025-07-23 11:02:31.240000,11:02:31.240000,2025,,,Speed Related,2025
2025-10-28 08:56:40.260000,7821820.0,CTCSP0500,CSP Troop D,Racial Profile,1000004012,2500266236,Incident ID,2025-07-23 00:00:00,July,W,N,M,43,False,False,PLAINFIELD,"00000 I 395  (PLAINFIELD, T109)",41 40 2.4096000000,71 54 43.4880000000,V,B,1.0,0,14-283b(b(1,,False,N,False,False,V,,,,,False,1.0,CTCSP0000,134061297593668953,2025-07-23 11:11:43.690000,11:11:43.690000,2025,,,Other,2025
2025-10-28 08:56:40.260000,7821821.0,CTCSP0500,CSP Troop D,Racial Profile,1000004012,2500266242,Incident ID,2025-07-23 00:00:00,July,W,N,M,64,False,False,PLAINFIELD,"00000 RAMP 29 I 395 N  (PLAINFIELD, T109)",41 41 3.7608000000,71 54 25.9920000000,V,B,1.0,0,14-283b(b(1,,False,N,False,False,V,,,,,False,1.0,CTCSP0000,134061297593668953,2025-07-23 11:21:04.330000,11:21:04.330000,2025,,,Other,2025
2025-10-28 08:56:40.250000,7821817.0,CTCSP0500,CSP Troop D,Racial Profile,1000004012,2500265940,Incident ID,2025-07-23 00:00:00,July,W,N,M,39,True,True,KILLINGLY,"00000 N MAIN ST (KILLINGLY, T069)",41 48 57.5568000000,71 52 36.9120000000,V,B,1.0,0,14-12(a),,False,N,False,False,V,,,,,False,1.0,CTCSP0000,134061297593668953,2025-07-23 07:25:36.527000,07:25:36.527000,2025,,,Registration,2025
2025-10-28 08:56:40.253000,7821818.0,CTCSP0500,CSP Troop D,Racial Profile,1000004012,2500266091,Incident ID,2025-07-23 00:00:00,July,W,H,M,59,True,True,KILLINGLY,"00000 MASHENTUCK RD (KILLINGLY, T069)",41 48 24.1812000000,71 51 46.9800000000,V,B,3.0,1,14-147(c),,False,N,False,False,I,,,,,False,1.0,CTCSP0000,134061297593668953,2025-07-23 09:20:58.960000,09:20:58.960000,2025,,,Administrative Offense,2025
2025-10-28 08:56:40.300000,7821836.0,CTCSP0500,CSP Troop D,Racial Profile,1000004268,2500266389,Incident ID,2025-07-23 00:00:00,July,W,N,M,18,True,False,NORWICH,"00000 I 395  (NORWICH, T104)",41 33 11.2428000000,72 6 21.2040000000,V,B,1.0,0,14-219(c)(1),,False,N,False,False,I,,,,,False,1.0,CTCSP0000,134061297593668953,2025-07-23 13:45:18.563000,13:45:18.563000,2025,,,Speed Related,2025
2025-10-28 08:56:40.527000,7821928.0,CTCSP0500,CSP Troop D,Racial Profile,1000004964,2500265760,Incident ID,2025-07-23 00:00:00,July,W,H,M,45,False,False,KILLINGLY,"00000 I 395  (KILLINGLY, T069)",41 51 46.2672000000,71 53 10.5720000000,V,B,1.0,0,14-219,,False,N,False,False,W,,,,,False,1.0,CTCSP0000,134061297593668953,2025-07-23 00:51:05.677000,00:51:05.677000,2025,14-219,,Speed Related,2025
2025-10-28 08:56:40.523000,7821927.0,CTCSP0500,CSP Troop D,Racial Profile,1000004964,2500265734,Incident ID,2025-07-23 00:00:00,July,W,N,F,54,True,True,PLAINFIELD,"00000 I 395  (PLAINFIELD, T109)",41 45 36.6876000000,71 52 25.9680000000,V,B,1.0,0,14-236,,False,N,False,False,W,,,,,False,1.0,CTCSP0000,134061297593668953,2025-07-23 00:17:49.563000,00:17:49.563000,2025,14-236,,Moving Violation,2025
2025-10-28 08:56:40.530000,7821929.0,CTCSP0500,CSP Troop D,Racial Profile,1000004964,2500265824,Incident ID,2025-07-23 00:00:00,July,W,H,M,52,False,False,PLAINFIELD,"00000 I 395  (PLAINFIELD, T109)",41 39 22.6548000000,71 55 26.4720000000,V,B,1.0,0,14-236,,False,N,False,False,W,,,,,False,1.0,CTCSP0000,134061297593668953,2025-07-23 03:19:19.660000,03:19:19.660000,2025,14-236,,Moving Violation,2025
2025-10-28 08:56:40.427000,7821885.0,CTCSP0500,CSP Troop D,Racial Profile,1000004675,2500266468,Incident ID,2025-07-23 00:00:00,July,W,N,F,49,True,False,KILLINGLY,rt. 6 killingly,41 47 58.4448000000,71 53 8.2680000000,V,G,1.0,0,14-12(a)*,,False,N,False,False,W,,,,,False,1.0,CTCSP0000,134061297593668953,2025-07-23 14:50:54.173000,14:50:54.173000,2025,,,Registration,2025
2025-10-28 08:56:40.483000,7821909.0,CTCSP0500,CSP Troop D,Racial Profile,1000004777,2500267026,Incident ID,2025-07-23 00:00:00,July,W,N,M,44,True,True,BROOKLYN,00000 HARTFORD RD,41 46 58.7856000000,71 58 22.6920000000,V,B,1.0,0,14-219(b),,False,N,False,False,W,,,,,False,1.0,CTCSP0000,134061297593668953,2025-07-23 23:30:37.170000,23:30:37.170000,2025,,,Speed Related,2025
2025-10-28 08:56:40.487000,7821910.0,CTCSP0500,CSP Troop D,Racial Profile,1000004777,2500267042,Incident ID,2025-07-23 00:00:00,July,W,N,M,45,True,False,BROOKLYN,00000 HARTFORD RD,41 47 4.0488000000,72 0 46.6920000000,V,B,1.0,0,14-219(b),,False,N,False,False,W,,,,,False,1.0,CTCSP0000,134061297593668953,2025-07-23 23:48:26.047000,23:48:26.047000,2025,,,Speed Related,2025
2025-10-28 08:56:40.263000,7821822.0,CTCSP0500,CSP Troop D,Racial Profile,1000004012,2500267114,Incident ID,2025-07-24 00:00:00,July,W,N,M,52,True,True,KILLINGLY,"00000 RIVER RIDGE RD (KILLINGLY, T069)",41 48 38.8260000000,71 53 29.4720000000,V,B,2.0,0,14-147(c),,False,N,False,False,I,,,,,False,1.0,CTCSP0000,134061297593668953,2025-07-24 01:10:14.457000,01:10:14.457000,2025,,,Administrative Offense,2025
2025-10-28 08:56:40.267000,7821823.0,CTCSP0500,CSP Troop D,Racial Profile,1000004012,2500267207,Incident ID,2025-07-24 00:00:00,July,W,N,M,31,True,True,KILLINGLY,"00000 UPPER MAPLE ST (KILLINGLY, T069)",41 49 11.6004000000,71 53 34.3320000000,V,B,1.0,0,14-219,,False,N,False,False,V,,,,,False,1.0,CTCSP0000,134061297593668953,2025-07-24 06:30:10.217000,06:30:10.217000,2025,,,Speed Related,2025
2025-10-28 08:56:40.343000,7821855.0,CTCSP0500,CSP Troop D,Racial Profile,1000004409,2500267780,Incident ID,2025-07-24 00:00:00,July,W,N,F,51,True,False,BROOKLYN,"00000 HARTFORD RD (BROOKLYN, T019)",41 47 8.2392000000,72 0 36.3960000000,V,B,1.0,0,14-298,,False,N,False,False,I,,,,,False,1.0,CTCSP0000,134061297593668953,2025-07-24 14:42:04.470000,14:42:04.470000,2025,,,STC Violation,2025
2025-10-28 08:56:40.347000,7821856.0,CTCSP0500,CSP Troop D,Racial Profile,1000004409,2500267861,Incident ID,2025-07-24 00:00:00,July,B,N,M,31,True,False,KILLINGLY,Rt 101,41 50 39.1992000000,71 52 56.3916000000,V,B,3.0,1,14-236,,True,I,False,False,M,,,,,False,1.0,CTCSP0000,134061297593668953,2025-07-24 15:29:37.150000,15:29:37.150000,2025,14-215,,Moving Violation,2025
2025-10-28 08:56:40.367000,7821859.0,CTCSP0500,CSP Troop D,Racial Profile,1000004534,2500268229,Incident ID,2025-07-24 00:00:00,July,W,N,M,18,True,False,KILLINGLY,"00000 I 395  (KILLINGLY, T069)",41 51 17.2728000000,71 52 55.5600000000,V,G,1.0,0,14-219(c)(1),,False,N,False,False,I,,,,,False,1.0,CTCSP0000,134061297593668953,2025-07-24 22:34:00.333000,22:34:00.333000,2025,,,Speed Related,2025
2025-10-28 08:56:40.350000,7821857.0,CTCSP0500,CSP Troop D,Racial Profile,1000004409,2500269430,Incident ID,2025-07-25 00:00:00,July,W,N,M,43,True,True,KILLINGLY,Rt 6,41 47 40.5168000000,71 52 49.4040000000,V,B,3.0,1,14-236,,False,N,False,True,U,,,,,False,1.0,CTCSP0000,134061297593668953,2025-07-25 21:14:27.820000,21:14:27.820000,2025,,,Moving Violation,2025
2025-10-28 08:56:40.273000,7821824.0,CTCSP0500,CSP Troop D,Racial Profile,1000004012,2500268424,Incident ID,2025-07-25 00:00:00,July,W,N,M,60,True,True,PLAINFIELD,"00000 I 395  (PLAINFIELD, T109)",41 44 7.3968000000,71 52 59.1600000000,V,B,1.0,0,14-219,,False,N,False,False,V,,,,,False,1.0,CTCSP0000,134061297593668953,2025-07-25 05:39:30.807000,05:39:30.807000,2025,,,Speed Related,2025
2025-10-28 08:56:40.273000,7821825.0,CTCSP0500,CSP Troop D,Racial Profile,1000004012,2500268432,Incident ID,2025-07-25 00:00:00,July,W,H,M,24,False,False,PLAINFIELD,"00000 I 395  (PLAINFIELD, T109)",41 44 48.6132000000,71 52 46.0560000000,V,B,1.0,0,14-219(c)(1),,False,N,False,False,I,,,,,False,1.0,CTCSP0000,134061297593668953,2025-07-25 05:49:26.120000,05:49:26.120000,2025,,,Speed Related,2025
2025-10-28 08:56:40.303000,7821837.0,CTCSP0500,CSP Troop D,Racial Profile,1000004345,2500269097,Incident ID,2025-07-25 00:00:00,July,W,N,M,33,True,False,KILLINGLY,00000 GREEN HOLLOW RD,41 47 41.9640000000,71 52 48.6840000000,V,G,1.0,0,14-301,,False,N,False,False,W,,,,,False,1.0,CTCSP0000,134061297593668953,2025-07-25 15:22:54.813000,15:22:54.813000,2025,,,Stop Sign,2025
2025-10-28 08:56:40.533000,7821930.0,CTCSP0500,CSP Troop D,Racial Profile,1000004964,2500268440,Incident ID,2025-07-25 00:00:00,July,W,H,M,22,True,True,PUTNAM,"00000 RAMP 46 I 395 N  (PUTNAM, T116)",41 54 33.9660000000,71 53 25.2600000000,V,B,1.0,0,14-219,,False,N,False,False,I,,,,,False,1.0,CTCSP0000,134061297593668953,2025-07-25 06:14:38.663000,06:14:38.663000,2025,14-219,,Speed Related,2025
2025-10-28 08:56:40.277000,7821826.0,CTCSP0500,CSP Troop D,Racial Profile,1000004012,2500270072,Incident ID,2025-07-26 00:00:00,July,W,H,M,33,True,True,BROOKLYN,"00000 PROVIDENCE RD (BROOKLYN, T019)",41 47 46.7196000000,71 55 9.4800000000,V,B,1.0,0,14-219,,False,N,False,False,V,,,,,False,1.0,CTCSP0000,134061297593668953,2025-07-26 11:53:16.517000,11:53:16.517000,2025,,,Speed Related,2025
2025-10-28 08:56:40.430000,7821886.0,CTCSP0500,CSP Troop D,Racial Profile,1000004675,2500270464,Incident ID,2025-07-26 00:00:00,July,W,N,M,17,True,False,KILLINGLY,"00000 I 395  (KILLINGLY, T069)",41 49 12.6876000000,71 52 14.0160000000,V,G,1.0,0,14-12(a)*,,False,N,False,False,I,,,,,False,1.0,CTCSP0000,134061297593668953,2025-07-26 19:03:33.753000,19:03:33.753000,2025,,,Registration,2025
2025-10-28 08:56:40.217000,7821804.0,CTCSP0500,CSP Troop D,Racial Profile,1000002373,2500270048,Incident ID,2025-07-26 00:00:00,July,B,N,M,62,True,False,KILLINGLY,Main St.,41 48 22.1832000000,71 52 57.2520000000,V,G,1.0,0,14-298,,False,N,False,False,V,,,,,False,1.0,CTCSP0000,134061297593668953,2025-07-26 11:23:35.507000,11:23:35.507000,2025,,,STC Violation,2025
2025-10-28 08:56:40.367000,7821860.0,CTCSP0500,CSP Troop D,Racial Profile,1000004534,2500270546,Incident ID,2025-07-26 00:00:00,July,W,H,M,48,True,False,THOMPSON,"00000 I 395  (THOMPSON, T141)",41 55 55.5096000000,71 52 50.0160000000,V,G,1.0,0,14-219(c)(1),,False,N,False,False,I,,,,,False,1.0,CTCSP0000,134061297593668953,2025-07-26 20:55:24.650000,20:55:24.650000,2025,,,Speed Related,2025
2025-10-28 08:56:40.310000,7821841.0,CTCSP0500,CSP Troop D,Racial Profile,1000004405,2500271378,Incident ID,2025-07-27 00:00:00,July,W,N,M,17,False,False,KILLINGLY,"00000 I 395  (KILLINGLY, T069)",41 51 31.3236000000,71 53 4.3080000000,V,B,1.0,0,14-218a,,False,N,False,False,I,,,,,False,1.0,CTCSP0000,134061297593668953,2025-07-27 19:09:15.017000,19:09:15.017000,2025,,,Speed Related,2025
2025-10-28 08:56:40.537000,7821931.0,CTCSP0500,CSP Troop D,Racial Profile,1000004964,2500271564,Incident ID,2025-07-27 00:00:00,July,W,N,F,30,True,True,PLAINFIELD,"00000 I 395  (PLAINFIELD, T109)",41 45 26.3880000000,71 52 32.5200000000,V,B,1.0,0,14-96c,,False,N,False,False,V,,,,,False,1.0,CTCSP0000,134061297593668953,2025-07-27 23:28:26.123000,23:28:26.123000,2025,14-96c,,Defective Lights,2025
2025-10-28 08:56:40.387000,7821867.0,CTCSP0500,CSP Troop D,Racial Profile,1000004671,2500270994,Incident ID,2025-07-27 00:00:00,July,W,N,M,41,True,True,EASTFORD,"00000 Pomfret Rd, Eastford, CT",41 52 37.7904000000,72 4 41.1600000000,V,G,1.0,0,14-104(a),,False,N,False,False,V,,,,,False,1.0,CTCSP0000,134061297593668953,2025-07-27 10:27:20.327000,10:27:20.327000,2025,,,Other,2025
2025-10-28 08:56:40.430000,7821887.0,CTCSP0500,CSP Troop D,Racial Profile,1000004675,2500271360,Incident ID,2025-07-27 00:00:00,July,W,N,F,42,True,False,KILLINGLY,00000 I 395 ,41 48 47.4840000000,71 52 15.7440000000,V,G,1.0,0,14-12(a)*,,False,N,False,False,W,,,,,False,1.0,CTCSP0000,134061297593668953,2025-07-27 18:27:17.460000,18:27:17.460000,2025,,,Registration,2025
2025-10-28 08:56:40.223000,7821808.0,CTCSP0500,CSP Troop D,Racial Profile,1000002753,2500272828,Incident ID,2025-07-28 00:00:00,July,W,N,F,40,True,False,KILLINGLY,"00000 WESTCOTT RD (KILLINGLY, T069)",41 48 33.3648000000,71 52 7.7520000000,V,B,2.0,1,14-12(a)*,,False,N,False,False,I,,,,,False,1.0,CTCSP0000,134061297593668953,2025-07-28 23:11:44.627000,23:11:44.627000,2025,,,Registration,2025
2025-10-28 08:56:40.280000,7821827.0,CTCSP0500,CSP Troop D,Racial Profile,1000004012,2500271891,Incident ID,2025-07-28 00:00:00,July,W,N,F,46,False,False,PLAINFIELD,"00000 I 395  (PLAINFIELD, T109)",41 38 58.9452000000,71 55 50.9880000000,V,B,1.0,0,14-219,,False,N,False,False,V,,,,,False,1.0,CTCSP0000,134061297593668953,2025-07-28 09:24:53.517000,09:24:53.517000,2025,,,Speed Related,2025
2025-10-28 08:56:40.280000,7821828.0,CTCSP0500,CSP Troop D,Racial Profile,1000004012,2500271914,Incident ID,2025-07-28 00:00:00,July,W,N,M,21,False,False,PLAINFIELD,"00000 I 395  (PLAINFIELD, T109)",41 40 15.3984000000,71 54 35.2800000000,V,B,1.0,0,14-219,,False,N,False,False,V,,,,,False,1.0,CTCSP0000,134061297593668953,2025-07-28 09:39:01.683000,09:39:01.683000,2025,,,Speed Related,2025
2025-10-28 08:56:40.433000,7821888.0,CTCSP0500,CSP Troop D,Racial Profile,1000004675,2500272651,Incident ID,2025-07-28 00:00:00,July,W,N,M,31,True,False,KILLINGLY,i395 killingly,41 48 49.6404000000,71 52 14.9880000000,V,G,1.0,0,14-12(a)*,,False,N,False,False,I,,,,,False,1.0,CTCSP0000,134061297593668953,2025-07-28 20:34:53.800000,20:34:53.800000,2025,,,Registration,2025
2025-10-28 08:56:40.287000,7821830.0,CTCSP0500,CSP Troop D,Racial Profile,1000004012,2500273534,Incident ID,2025-07-29 00:00:00,July,W,N,F,56,True,True,KILLINGLY,"00000 PROVIDENCE PIKE (KILLINGLY, T069)",41 47 22.3404000000,71 51 11.5200000000,V,B,1.0,0,14-219,,False,N,False,False,V,,,,,False,1.0,CTCSP0000,134061297593668953,2025-07-29 13:11:02.907000,13:11:02.907000,2025,,,Speed Related,2025
2025-10-28 08:56:40.290000,7821832.0,CTCSP0500,CSP Troop D,Racial Profile,1000004012,2500273556,Incident ID,2025-07-29 00:00:00,July,W,N,M,39,True,True,KILLINGLY,"00000 MARGARET HENRY RD (KILLINGLY, T069)",41 47 24.9288000000,71 49 33.4920000000,V,B,1.0,0,14-219,,False,N,False,False,V,,,,,False,1.0,CTCSP0000,134061297593668953,2025-07-29 13:29:17.033000,13:29:17.033000,2025,,,Speed Related,2025
2025-10-28 08:56:40.293000,7821833.0,CTCSP0500,CSP Troop D,Racial Profile,1000004012,2500273570,Incident ID,2025-07-29 00:00:00,July,W,N,F,29,True,True,KILLINGLY,"PROVIDENCE PIKE, KILLINGLY, CT",41 47 26.2428000000,71 49 51.5280000000,V,B,1.0,0,14-219,,False,N,False,False,V,,,,,False,1.0,CTCSP0000,134061297593668953,2025-07-29 13:39:08.407000,13:39:08.407000,2025,,,Speed Related,2025
2025-10-28 08:56:40.293000,7821834.0,CTCSP0500,CSP Troop D,Racial Profile,1000004012,2500273579,Incident ID,2025-07-29 00:00:00,July,W,N,M,49,False,False,KILLINGLY,"00000 PROVIDENCE PIKE (KILLINGLY, T069)",41 47 26.8224000000,71 48 43.5600000000,V,B,1.0,0,14-219,,False,N,False,False,V,,,,,False,1.0,CTCSP0000,134061297593668953,2025-07-29 13:49:29.970000,13:49:29.970000,2025,,,Speed Related,2025
2025-10-28 08:56:40.230000,7821809.0,CTCSP0500,CSP Troop D,Racial Profile,1000002753,2500274131,Incident ID,2025-07-29 00:00:00,July,W,N,M,23,False,False,KILLINGLY,rt 6 wb at rt 12 t069,41 47 45.5388000000,71 52 59.9520000000,E,B,1.0,0,14-96a(a),,False,N,False,False,V,,,,,False,1.0,CTCSP0000,134061297593668953,2025-07-29 22:57:08.250000,22:57:08.250000,2025,,,Defective Lights,2025
2025-10-28 08:56:40.283000,7821829.0,CTCSP0500,CSP Troop D,Racial Profile,1000004012,2500273524,Incident ID,2025-07-29 00:00:00,July,W,N,M,32,True,True,KILLINGLY,"00000 PROVIDENCE PIKE (KILLINGLY, T069)",41 47 27.2400000000,71 49 22.9440000000,V,B,1.0,0,14-219,,False,N,False,False,V,,,,,False,1.0,CTCSP0000,134061297593668953,2025-07-29 13:01:12.390000,13:01:12.390000,2025,,,Speed Related,2025
2025-10-28 08:56:40.290000,7821831.0,CTCSP0500,CSP Troop D,Racial Profile,1000004012,2500273544,Incident ID,2025-07-29 00:00:00,July,B,N,M,35,True,True,KILLINGLY,"PROVIDENCE PIKE, KILLINGLY, CT",41 47 26.2428000000,71 49 51.5280000000,V,B,1.0,0,14-219,,False,N,False,False,V,,,,,False,1.0,CTCSP0000,134061297593668953,2025-07-29 13:19:30.880000,13:19:30.880000,2025,,,Speed Related,2025
2025-10-28 08:56:40.500000,7821916.0,CTCSP0500,CSP Troop D,Racial Profile,1000004779,2500274077,Incident ID,2025-07-29 00:00:00,July,W,N,F,24,False,False,PUTNAM,00000 I 395 ,41 53 31.2972000000,71 53 46.3200000000,V,G,1.0,0,14-219(c)(1),,False,N,False,False,W,,,,,False,1.0,CTCSP0000,134061297593668953,2025-07-29 21:25:39.593000,21:25:39.593000,2025,,,Speed Related,2025
2025-10-28 08:56:40.437000,7821889.0,CTCSP0500,CSP Troop D,Racial Profile,1000004675,2500273836,Incident ID,2025-07-29 00:00:00,July,W,N,M,36,True,True,BROOKLYN,"00000 S MAIN ST (BROOKLYN, T019)",41 47 57.7536000000,71 53 53.3040000000,V,G,1.0,0,14-147(c),,False,N,False,False,I,,,,,False,1.0,CTCSP0000,134061297593668953,2025-07-29 16:53:48.157000,16:53:48.157000,2025,,,Administrative Offense,2025
2025-10-28 08:56:40.440000,7821890.0,CTCSP0500,CSP Troop D,Racial Profile,1000004675,2500275188,Incident ID,2025-07-30 00:00:00,July,W,N,M,73,True,False,KILLINGLY,cranberry bog rd killingly,41 48 6.2496000000,71 50 27.3840000000,I,G,3.0,1,14-227(a),,False,N,False,True,U,,,,,False,1.0,CTCSP0000,134061297593668953,2025-07-30 16:38:50.813000,16:38:50.813000,2025,,,Other,2025
2025-10-28 08:56:40.490000,7821911.0,CTCSP0500,CSP Troop D,Racial Profile,1000004777,2500275625,Incident ID,2025-07-31 00:00:00,July,W,N,M,23,True,False,PLAINFIELD,00000 I 395 ,41 45 24.6528000000,71 52 34.3920000000,V,B,1.0,0,14-219(c)(1),,False,N,False,False,W,,,,,False,1.0,CTCSP0000,134061297593668953,2025-07-31 01:35:45.873000,01:35:45.873000,2025,,,Speed Related,2025
2025-10-28 08:59:08.493000,7829189.0,CTCSP0500,CSP Troop D,Racial Profile,1000004409,2500277634,Incident ID,2025-08-01 00:00:00,August,W,N,F,23,True,False,THOMPSON,i395,41 55 55.5096000000,71 52 50.0160000000,V,B,1.0,0,14-219,,False,N,False,False,V,,,,,False,1.0,CTCSP0000,134061299081147707,2025-08-01 16:22:25.983000,16:22:25.983000,2025,,,Speed Related,2025
2025-10-28 08:59:08.447000,7829169.0,CTCSP0500,CSP Troop D,Racial Profile,1000004012,2500277719,Incident ID,2025-08-01 00:00:00,August,W,N,M,37,True,True,PLAINFIELD,"00000 I 395  (PLAINFIELD, T109)",41 39 54.2016000000,71 54 51.6960000000,V,B,1.0,0,14-219,,False,N,False,False,V,,,,,False,1.0,CTCSP0000,134061299081147707,2025-08-01 17:27:10.167000,17:27:10.167000,2025,,,Speed Related,2025
2025-10-28 08:59:08.437000,7829166.0,CTCSP0500,CSP Troop D,Racial Profile,1000004012,2500277551,Incident ID,2025-08-01 00:00:00,August,W,N,F,19,True,True,PLAINFIELD,"00000 I 395  (PLAINFIELD, T109)",41 39 18.9324000000,71 55 29.6400000000,V,B,1.0,0,14-219,,False,N,False,False,V,,,,,False,1.0,CTCSP0000,134061299081147707,2025-08-01 15:20:02.240000,15:20:02.240000,2025,,,Speed Related,2025
2025-10-28 08:59:08.450000,7829171.0,CTCSP0500,CSP Troop D,Racial Profile,1000004012,2500277908,Incident ID,2025-08-01 00:00:00,August,W,H,F,21,True,True,PLAINFIELD,"00000 I 395  (PLAINFIELD, T109)",41 40 9.3360000000,71 54 38.4480000000,V,B,1.0,0,14-298,,False,N,False,False,I,,,,,False,1.0,CTCSP0000,134061299081147707,2025-08-01 20:51:29.013000,20:51:29.013000,2025,,,STC Violation,2025
2025-10-28 08:59:08.497000,7829191.0,CTCSP0500,CSP Troop D,Racial Profile,1000004409,2500277883,Incident ID,2025-08-01 00:00:00,August,W,N,F,53,True,True,KILLINGLY,00000 I 395 ,41 51 46.2672000000,71 53 10.5720000000,V,B,1.0,0,14-236,,False,N,False,False,W,,,,,False,1.0,CTCSP0000,134061299081147707,2025-08-01 20:27:44.507000,20:27:44.507000,2025,,,Moving Violation,2025
2025-10-28 08:59:08.493000,7829190.0,CTCSP0500,CSP Troop D,Racial Profile,1000004409,2500277818,Incident ID,2025-08-01 00:00:00,August,W,N,M,28,True,False,KILLINGLY,rt 101,41 51 11.9664000000,71 52 51.3480000000,V,B,1.0,0,14-230,,False,N,False,False,V,,,,,False,1.0,CTCSP0000,134061299081147707,2025-08-01 18:57:47.303000,18:57:47.303000,2025,,,Moving Violation,2025
2025-10-28 08:59:08.717000,7829260.0,CTCSP0500,CSP Troop D,Racial Profile,1000004799,2500277364,Incident ID,2025-08-01 00:00:00,August,W,N,F,33,True,True,THOMPSON,00000 I 395 ,41 57 12.0780000000,71 52 46.5960000000,V,B,1.0,0,14-236,,False,N,False,False,W,,,,,False,1.0,CTCSP0000,134061299081147707,2025-08-01 13:11:45.087000,13:11:45.087000,2025,,,Moving Violation,2025
2025-10-28 08:59:08.377000,7829148.0,CTCSP0500,CSP Troop D,Racial Profile,1000002753,2500277480,Incident ID,2025-08-01 00:00:00,August,W,N,M,56,True,True,KILLINGLY,"00000 BAILEY HILL RD (KILLINGLY, T069)",41 48 0.5832000000,71 49 2.1720000000,V,B,1.0,0,14-218a,,False,N,False,False,V,,,,,False,1.0,CTCSP0000,134061299081147707,2025-08-01 14:49:44.863000,14:49:44.863000,2025,,,Speed Related,2025
2025-10-28 08:59:08.440000,7829167.0,CTCSP0500,CSP Troop D,Racial Profile,1000004012,2500277692,Incident ID,2025-08-01 00:00:00,August,W,N,F,23,True,True,PLAINFIELD,"00000 I 395  (PLAINFIELD, T109)",41 38 58.9452000000,71 55 50.9880000000,V,B,1.0,0,14-219,,False,N,False,False,V,,,,,False,1.0,CTCSP0000,134061299081147707,2025-08-01 17:03:56.007000,17:03:56.007000,2025,,,Speed Related,2025
2025-10-28 08:59:08.443000,7829168.0,CTCSP0500,CSP Troop D,Racial Profile,1000004012,2500277704,Incident ID,2025-08-01 00:00:00,August,W,N,F,30,True,True,PLAINFIELD,"00000 I 395  (PLAINFIELD, T109)",41 39 18.9324000000,71 55 29.6400000000,V,B,1.0,0,14-219,,False,N,False,False,V,,,,,False,1.0,CTCSP0000,134061299081147707,2025-08-01 17:13:22.440000,17:13:22.440000,2025,,,Speed Related,2025
2025-10-28 08:59:08.447000,7829170.0,CTCSP0500,CSP Troop D,Racial Profile,1000004012,2500277894,Incident ID,2025-08-01 00:00:00,August,W,N,F,20,True,True,PLAINFIELD,"00000 I 395  (PLAINFIELD, T109)",41 39 18.9324000000,71 55 29.6400000000,V,B,1.0,0,14-219,,False,N,False,False,V,,,,,False,1.0,CTCSP0000,134061299081147707,2025-08-01 20:34:40.503000,20:34:40.503000,2025,,,Speed Related,2025
2025-10-28 08:59:08.500000,7829192.0,CTCSP0500,CSP Troop D,Racial Profile,1000004409,2500277911,Incident ID,2025-08-01 00:00:00,August,B,N,M,34,False,False,PUTNAM,00000 EXIT 47 I 395 S ,41 55 27.3720000000,71 53 10.8240000000,V,B,1.0,0,14-96b,,False,N,False,False,W,,,,,False,1.0,CTCSP0000,134061299081147707,2025-08-01 20:54:58.643000,20:54:58.643000,2025,,,Defective Lights,2025
2025-10-28 08:59:08.380000,7829150.0,CTCSP0500,CSP Troop D,Racial Profile,1000002753,2500278917,Incident ID,2025-08-02 00:00:00,August,W,N,F,25,False,False,PLAINFIELD,"00000 I 395  (PLAINFIELD, T109)",41 42 36.8676000000,71 53 50.9640000000,V,B,1.0,0,14-298,,False,N,False,False,I,,,,,False,1.0,CTCSP0000,134061299081147707,2025-08-02 18:01:24.583000,18:01:24.583000,2025,,,STC Violation,2025
2025-10-28 08:59:08.407000,7829156.0,CTCSP0500,CSP Troop D,Racial Profile,1000002753,2500279083,Incident ID,2025-08-02 00:00:00,August,W,H,M,55,True,False,PUTNAM,"00000 I 395  (PUTNAM, T116)",41 54 12.0312000000,71 53 51.2880000000,V,B,1.0,0,14-219,,False,N,False,False,V,,,,,False,1.0,CTCSP0000,134061299081147707,2025-08-02 21:47:05.180000,21:47:05.180000,2025,,,Speed Related,2025
2025-10-28 08:59:08.483000,7829185.0,CTCSP0500,CSP Troop D,Racial Profile,1000004345,2500278861,Incident ID,2025-08-02 00:00:00,August,W,N,F,56,True,False,PLAINFIELD,I-395 n/b x28,41 41 3.8112000000,71 54 28.1520000000,V,G,1.0,0,14-236,,False,N,False,False,V,,,,,False,1.0,CTCSP0000,134061299081147707,2025-08-02 17:03:13.607000,17:03:13.607000,2025,,,Moving Violation,2025
2025-10-28 08:59:08.380000,7829149.0,CTCSP0500,CSP Troop D,Racial Profile,1000002753,2500278909,Incident ID,2025-08-02 00:00:00,August,W,N,F,52,False,False,PLAINFIELD,"00000 REST AREA  (PLAINFIELD, T109)",41 45 20.5092000000,71 52 37.5240000000,V,B,1.0,0,14-219,,False,N,False,False,V,,,,,False,1.0,CTCSP0000,134061299081147707,2025-08-02 17:48:14.440000,17:48:14.440000,2025,,,Speed Related,2025
2025-10-28 08:59:08.383000,7829151.0,CTCSP0500,CSP Troop D,Racial Profile,1000002753,2500278932,Incident ID,2025-08-02 00:00:00,August,W,N,F,28,False,False,PLAINFIELD,"00000 I 395  (PLAINFIELD, T109)",41 39 36.4752000000,71 55 11.6760000000,I,B,1.0,0,14-219,,False,N,False,False,I,,,,,False,1.0,CTCSP0000,134061299081147707,2025-08-02 18:16:16.423000,18:16:16.423000,2025,,,Speed Related,2025
2025-10-28 08:59:08.393000,7829153.0,CTCSP0500,CSP Troop D,Racial Profile,1000002753,2500278963,Incident ID,2025-08-02 00:00:00,August,W,N,M,17,True,False,PLAINFIELD,"00000 I 395  (PLAINFIELD, T109)",41 42 29.9988000000,71 53 53.2680000000,V,B,1.0,0,14-298,,False,N,False,False,I,,,,,False,1.0,CTCSP0000,134061299081147707,2025-08-02 18:54:08.470000,18:54:08.470000,2025,,,STC Violation,2025
2025-10-28 08:59:08.400000,7829155.0,CTCSP0500,CSP Troop D,Racial Profile,1000002753,2500279066,Incident ID,2025-08-02 00:00:00,August,W,N,M,49,False,False,PUTNAM,"00000 I 395  (PUTNAM, T116)",41 54 0.3312000000,71 53 56.2560000000,V,B,1.0,0,14-219,,False,N,False,False,V,,,,,False,1.0,CTCSP0000,134061299081147707,2025-08-02 21:24:16.240000,21:24:16.240000,2025,,,Speed Related,2025
2025-10-28 08:59:08.393000,7829152.0,CTCSP0500,CSP Troop D,Racial Profile,1000002753,2500278948,Incident ID,2025-08-02 00:00:00,August,A,N,M,52,True,False,PLAINFIELD,"00000 I 395  (PLAINFIELD, T109)",41 39 18.9324000000,71 55 29.6400000000,V,B,1.0,0,14-219,,False,N,False,False,V,,,,,False,1.0,CTCSP0000,134061299081147707,2025-08-02 18:34:06.177000,18:34:06.177000,2025,,,Speed Related,2025
2025-10-28 08:59:08.487000,7829186.0,CTCSP0500,CSP Troop D,Racial Profile,1000004345,2500278872,Incident ID,2025-08-02 00:00:00,August,W,N,M,60,False,False,PLAINFIELD,"00000 I 395  (PLAINFIELD, T109)",41 42 5.4828000000,71 54 4.6080000000,V,G,1.0,0,14-283b(b(1,,False,N,False,False,I,,,,,False,1.0,CTCSP0000,134061299081147707,2025-08-02 17:12:18.163000,17:12:18.163000,2025,,,Other,2025
2025-10-28 08:59:08.480000,7829184.0,CTCSP0500,CSP Troop D,Racial Profile,1000004345,2500278836,Incident ID,2025-08-02 00:00:00,August,W,N,F,29,True,False,PLAINFIELD,00000 I 395 ,41 38 29.7528000000,71 56 8.3760000000,V,G,1.0,0,14-236,,False,N,False,False,W,,,,,False,1.0,CTCSP0000,134061299081147707,2025-08-02 16:41:53.710000,16:41:53.710000,2025,,,Moving Violation,2025
2025-10-28 08:59:08.597000,7829225.0,CTCSP0500,CSP Troop D,Racial Profile,1000004671,2500279054,Incident ID,2025-08-02 00:00:00,August,W,N,F,27,True,False,KILLINGLY,"00000 Maple St, Killingly, Ct",41 48 42.8616000000,71 53 30.1200000000,V,G,1.0,0,14-218a,,False,N,False,False,V,,,,,False,1.0,CTCSP0000,134061299081147707,2025-08-02 21:13:31.910000,21:13:31.910000,2025,,,Speed Related,2025
2025-10-28 08:59:08.600000,7829226.0,CTCSP0500,CSP Troop D,Racial Profile,1000004671,2500279072,Incident ID,2025-08-02 00:00:00,August,W,N,M,59,True,True,KILLINGLY,"00000 Maple St, Killingly, CT",41 49 8.1840000000,71 53 33.6840000000,V,G,1.0,0,14-218a,,False,N,False,False,V,,,,,False,1.0,CTCSP0000,134061299081147707,2025-08-02 21:28:42.567000,21:28:42.567000,2025,,,Speed Related,2025
2025-10-28 08:59:08.710000,7829259.0,CTCSP0500,CSP Troop D,Racial Profile,1000004797,2500278448,Incident ID,2025-08-02 00:00:00,August,W,N,M,45,False,False,THOMPSON,I-395 NB Prior to Exit 49,41 56 13.0956000000,71 52 39.6480000000,V,G,1.0,0,14-233,,False,N,False,False,V,,,,,False,1.0,CTCSP0000,134061299081147707,2025-08-02 09:37:05.243000,09:37:05.243000,2025,,,Moving Violation,2025
2025-10-28 08:59:08.720000,7829261.0,CTCSP0500,CSP Troop D,Racial Profile,1000004799,2500278466,Incident ID,2025-08-02 00:00:00,August,W,N,F,19,False,False,EASTFORD,"00000 POMFRET RD (EASTFORD, T039)",41 52 17.8932000000,72 3 38.1960000000,V,B,1.0,0,14-232(a)(1),,False,N,False,False,I,,,,,False,1.0,CTCSP0000,134061299081147707,2025-08-02 09:58:59.473000,09:58:59.473000,2025,,,Moving Violation,2025
2025-10-28 08:59:08.767000,7829275.0,CTCSP0500,CSP Troop D,Racial Profile,1000005069,2500278760,Incident ID,2025-08-02 00:00:00,August,W,H,M,18,True,True,PUTNAM,"00000 I 395  (PUTNAM, T116)",41 55 17.6412000000,71 53 9.5640000000,V,G,3.0,0,14-230(a),,False,N,False,False,W,,,,,False,1.0,CTCSP0000,134061299081147707,2025-08-02 15:22:05.107000,15:22:05.107000,2025,14-36(a)**,,Moving Violation,2025
2025-10-28 08:59:08.397000,7829154.0,CTCSP0500,CSP Troop D,Racial Profile,1000002753,2500278992,Incident ID,2025-08-02 00:00:00,August,W,H,F,33,False,False,THOMPSON,"00000 I 395  (THOMPSON, T141)",41 57 12.5640000000,71 52 49.9440000000,V,B,1.0,0,14-298,,False,N,False,False,I,,,,,False,1.0,CTCSP0000,134061299081147707,2025-08-02 19:34:00.513000,19:34:00.513000,2025,,,STC Violation,2025
2025-10-28 08:59:08.507000,7829193.0,CTCSP0500,CSP Troop D,Racial Profile,1000004409,2500279109,Incident ID,2025-08-02 00:00:00,August,W,H,F,39,True,False,HAMPTON,00000 PROVIDENCE TPKE,41 46 13.5552000000,72 2 46.6800000000,V,B,1.0,0,14-242,,False,N,False,False,W,,,,,False,1.0,CTCSP0000,134061299081147707,2025-08-02 22:31:43.670000,22:31:43.670000,2025,,,Moving Violation,2025
2025-10-28 08:59:08.510000,7829194.0,CTCSP0500,CSP Troop D,Racial Profile,1000004409,2500279656,Incident ID,2025-08-03 00:00:00,August,W,N,M,69,False,False,BROOKLYN,00000 PROVIDENCE RD,41 47 47.9436000000,71 54 57.9240000000,V,B,1.0,0,14-233,,False,N,False,False,W,,,,,False,1.0,CTCSP0000,134061299081147707,2025-08-03 14:45:22.057000,14:45:22.057000,2025,,,Moving Violation,2025
2025-10-28 08:59:08.617000,7829228.0,CTCSP0500,CSP Troop D,Racial Profile,1000004675,2500279879,Incident ID,2025-08-03 00:00:00,August,W,N,F,38,True,False,KILLINGLY,i395 killingly,41 51 11.9664000000,71 52 51.3480000000,V,G,1.0,0,14-219,,False,N,False,False,V,,,,,False,1.0,CTCSP0000,134061299081147707,2025-08-03 19:07:15.847000,19:07:15.847000,2025,,,Speed Related,2025
2025-10-28 08:59:08.620000,7829229.0,CTCSP0500,CSP Troop D,Racial Profile,1000004675,2500281047,Incident ID,2025-08-04 00:00:00,August,W,N,F,23,False,False,KILLINGLY,00000 I 395 ,41 49 12.6876000000,71 52 14.0160000000,V,G,1.0,0,14-12(a)*,,False,N,False,False,W,,,,,False,1.0,CTCSP0000,134061299081147707,2025-08-04 17:59:07.387000,17:59:07.387000,2025,,,Registration,2025
2025-10-28 08:59:08.620000,7829230.0,CTCSP0500,CSP Troop D,Racial Profile,1000004675,2500281203,Incident ID,2025-08-04 00:00:00,August,I,N,M,22,True,False,PLAINFIELD,"00000 I 395  (PLAINFIELD, T109)",41 40 15.3984000000,71 54 35.2800000000,V,G,1.0,0,14-12(a)*,,False,N,False,False,I,,,,,False,1.0,CTCSP0000,134061299081147707,2025-08-04 20:26:11.467000,20:26:11.467000,2025,,,Registration,2025
2025-10-28 08:59:08.480000,7829183.0,CTCSP0500,CSP Troop D,Racial Profile,1000004268,2500280746,Incident ID,2025-08-04 00:00:00,August,B,N,F,40,False,False,PLAINFIELD,"00000 I 395  (PLAINFIELD, T109)",41 39 48.9132000000,71 54 58.2840000000,V,B,1.0,0,14-283b(b(1*,,False,N,False,False,W,,,,,False,1.0,CTCSP0000,134061299081147707,2025-08-04 14:19:31.677000,14:19:31.677000,2025,,,Other,2025
2025-10-28 08:59:08.623000,7829231.0,CTCSP0500,CSP Troop D,Racial Profile,1000004675,2500281224,Incident ID,2025-08-04 00:00:00,August,W,N,M,24,True,False,KILLINGLY,"00000 I 395  (KILLINGLY, T069)",41 49 12.6876000000,71 52 14.0160000000,V,G,1.0,0,14-12(a)*,,False,N,False,False,I,,,,,False,1.0,CTCSP0000,134061299081147707,2025-08-04 20:55:28.193000,20:55:28.193000,2025,,,Registration,2025
2025-10-28 08:59:08.670000,7829247.0,CTCSP0500,CSP Troop D,Racial Profile,1000004777,2500281295,Incident ID,2025-08-04 00:00:00,August,W,N,M,46,False,False,PLAINFIELD,00000 I 395 ,41 44 56.9400000000,71 52 45.1200000000,V,B,1.0,0,14-219(c)(1),,False,N,False,False,W,,,,,False,1.0,CTCSP0000,134061299081147707,2025-08-04 22:35:43.423000,22:35:43.423000,2025,,,Speed Related,2025
2025-10-28 08:59:08.510000,7829195.0,CTCSP0500,CSP Troop D,Racial Profile,1000004409,2500281000,Incident ID,2025-08-04 00:00:00,August,W,N,M,52,True,False,CHAPLIN,"00000 HAMPTON RD (CHAPLIN, T024)",41 46 1.7616000000,72 6 27.7200000000,V,B,1.0,0,14-233,,False,N,False,False,I,,,,,False,1.0,CTCSP0000,134061299081147707,2025-08-04 17:15:57.900000,17:15:57.900000,2025,,,Moving Violation,2025
2025-10-28 08:59:08.673000,7829248.0,CTCSP0500,CSP Troop D,Racial Profile,1000004777,2500282666,Incident ID,2025-08-05 00:00:00,August,W,N,F,23,True,False,BROOKLYN,00000 LAUREL HILL RD,41 47 2.9724000000,71 58 12.6120000000,V,B,1.0,0,14-218a,,False,N,False,False,W,,,,,False,1.0,CTCSP0000,134061299081147707,2025-08-05 23:56:27.477000,23:56:27.477000,2025,,,Speed Related,2025
2025-10-28 08:59:08.627000,7829232.0,CTCSP0500,CSP Troop D,Racial Profile,1000004675,2500282092,Incident ID,2025-08-05 00:00:00,August,W,H,F,39,True,False,KILLINGLY,"00000 MAIN ST (KILLINGLY, T069)",41 48 34.6644000000,71 52 43.3920000000,V,G,1.0,0,14-12(a)*,,False,N,False,False,I,,,,,False,1.0,CTCSP0000,134061299081147707,2025-08-05 14:51:51.217000,14:51:51.217000,2025,,,Registration,2025
2025-10-28 08:59:08.363000,7829146.0,CTCSP0500,CSP Troop D,Racial Profile,1000002266,2500283420,Incident ID,2025-08-06 00:00:00,August,W,N,F,64,True,False,KILLINGLY,6/main,41 47 50.3304000000,71 53 6.2160000000,V,B,1.0,0,14-299,,False,N,False,False,I,,,,,False,1.0,CTCSP0000,134061299081147707,2025-08-06 15:53:53.120000,15:53:53.120000,2025,,,Traffic Control Signal,2025
2025-10-28 08:59:08.630000,7829234.0,CTCSP0500,CSP Troop D,Racial Profile,1000004675,2500283582,Incident ID,2025-08-06 00:00:00,August,W,N,M,49,True,False,KILLINGLY,"00000 I 395  (KILLINGLY, T069)",41 49 12.6876000000,71 52 14.0160000000,V,G,2.0,1,14-147(c),,False,N,False,True,I,,,,,False,1.0,CTCSP0000,134061299081147707,2025-08-06 18:15:00.273000,18:15:00.273000,2025,,,Administrative Offense,2025
2025-10-28 08:59:08.633000,7829235.0,CTCSP0500,CSP Troop D,Racial Profile,1000004675,2500283703,Incident ID,2025-08-06 00:00:00,August,W,N,M,62,True,False,PLAINFIELD,00000 PLAINFIELD PIKE RD,41 40 49.7100000000,71 53 21.3000000000,V,G,1.0,0,14-232(b),,False,N,False,False,W,,,,,False,1.0,CTCSP0000,134061299081147707,2025-08-06 20:23:52.270000,20:23:52.270000,2025,,,Moving Violation,2025
2025-10-28 08:59:08.630000,7829233.0,CTCSP0500,CSP Troop D,Racial Profile,1000004675,2500283348,Incident ID,2025-08-06 00:00:00,August,W,N,F,39,True,False,PLAINFIELD,"00000 SPAULDING RD (PLAINFIELD, T109)",41 40 35.5728000000,71 52 41.0880000000,V,G,1.0,0,14-12(a)*,,False,N,False,False,I,,,,,False,1.0,CTCSP0000,134061299081147707,2025-08-06 15:01:43.937000,15:01:43.937000,2025,,,Registration,2025
2025-10-28 08:59:08.410000,7829157.0,CTCSP0500,CSP Troop D,Racial Profile,1000002753,2500282781,Incident ID,2025-08-06 00:00:00,August,W,N,M,55,True,False,KILLINGLY,"00000 WAUREGAN RD (KILLINGLY, T069)",41 47 45.7620000000,71 53 4.7760000000,V,B,1.0,0,14-218a,,False,N,False,False,V,,,,,False,1.0,CTCSP0000,134061299081147707,2025-08-06 05:30:33.803000,05:30:33.803000,2025,,,Speed Related,2025
2025-10-28 08:59:08.413000,7829158.0,CTCSP0500,CSP Troop D,Racial Profile,1000002753,2500283343,Incident ID,2025-08-06 00:00:00,August,W,N,F,40,True,False,KILLINGLY,i395 nb x43,41 52 42.7800000000,71 53 42.2880000000,V,B,1.0,0,14-219,,False,N,False,False,V,,,,,False,1.0,CTCSP0000,134061299081147707,2025-08-06 14:56:57.300000,14:56:57.300000,2025,,,Speed Related,2025
2025-10-28 08:59:08.490000,7829188.0,CTCSP0500,CSP Troop D,Racial Profile,1000004405,2500283986,Incident ID,2025-08-07 00:00:00,August,W,N,M,63,True,True,WINDHAM,00000 BOSTON POST RD,41 44 51.2808000000,72 9 42.7680000000,V,B,1.0,0,14-236,,False,N,False,False,W,,,,,False,1.0,CTCSP0000,134061299081147707,2025-08-07 05:16:51.847000,05:16:51.847000,2025,,,Moving Violation,2025
2025-10-28 08:59:08.573000,7829217.0,CTCSP0500,CSP Troop D,Racial Profile,1000004532,2500286245,Incident ID,2025-08-08 00:00:00,August,W,N,M,20,False,False,KILLINGLY,00000 GOVERNOR JOHN DAVIS LODGE TPKE,41 46 11.1756000000,71 51 46.1520000000,V,B,1.0,0,14-219(c)(1),,False,N,False,False,W,,,,,False,1.0,CTCSP0000,134061299081147707,2025-08-08 22:36:07.900000,22:36:07.900000,2025,14-219(c)(1),,Speed Related,2025
2025-10-28 08:59:08.477000,7829182.0,CTCSP0500,CSP Troop D,Racial Profile,1000004259,2500287210,Incident ID,2025-08-09 00:00:00,August,W,N,M,76,True,False,KILLINGLY,"00000 MAIN ST (KILLINGLY, T069)",41 48 30.5496000000,71 52 47.2440000000,V,B,1.0,1,14-301,,False,N,False,False,I,,,,,False,1.0,CTCSP0000,134061299081147707,2025-08-09 22:56:54.723000,22:56:54.723000,2025,,,Stop Sign,2025
2025-10-28 08:59:08.517000,7829196.0,CTCSP0500,CSP Troop D,Racial Profile,1000004409,2500288133,Incident ID,2025-08-10 00:00:00,August,W,H,M,19,True,False,CHAPLIN,"00000 PHOENIXVILLE RD (CHAPLIN, T024)",41 47 34.4688000000,72 7 36.6960000000,V,B,1.0,0,14-298,,False,N,False,False,I,,,,,False,1.0,CTCSP0000,134061299081147707,2025-08-10 20:49:59.517000,20:49:59.517000,2025,,,STC Violation,2025
2025-10-28 08:59:08.430000,7829164.0,CTCSP0500,CSP Troop D,Racial Profile,1000003512,2500288207,Incident ID,2025-08-10 00:00:00,August,B,N,M,26,True,False,LEBANON,rt2,41 33 59.5728000000,72 13 54.1200000000,V,B,1.0,0,14-219,,False,N,False,False,V,,,,,False,1.0,CTCSP0000,134061299081147707,2025-08-10 22:57:43.913000,22:57:43.913000,2025,,,Speed Related,2025
2025-10-28 08:59:08.520000,7829197.0,CTCSP0500,CSP Troop D,Racial Profile,1000004409,2500288192,Incident ID,2025-08-10 00:00:00,August,B,H,M,31,True,False,BROOKLYN,"00000 PROVIDENCE RD (BROOKLYN, T019)",41 47 50.7552000000,71 54 33.1920000000,V,B,1.0,0,14-96c,,False,N,False,False,I,,,,,False,1.0,CTCSP0000,134061299081147707,2025-08-10 22:44:52.677000,22:44:52.677000,2025,,,Defective Lights,2025
2025-10-28 08:59:08.577000,7829218.0,CTCSP0500,CSP Troop D,Racial Profile,1000004532,2500287531,Incident ID,2025-08-10 00:00:00,August,W,N,F,49,True,False,KILLINGLY,"00000 I 395  (KILLINGLY, T069)",41 48 8.4744000000,71 52 21.2160000000,V,B,1.0,0,14-230,,False,N,False,False,W,,,,,False,1.0,CTCSP0000,134061299081147707,2025-08-10 09:09:55.190000,09:09:55.190000,2025,14-230,,Moving Violation,2025
2025-10-28 08:59:08.360000,7829145.0,CTCSP0500,CSP Troop D,Racial Profile,1000001947,2500288942,Incident ID,2025-08-11 00:00:00,August,W,M,M,34,True,True,BROOKLYN,Rt. 6/ S. Main,41 47 50.3916000000,71 54 36.5544000000,V,B,1.0,0,14-236,,False,N,False,False,V,,,,,False,1.0,CTCSP0000,134061299081147707,2025-08-11 14:43:44.337000,14:43:44.337000,2025,,,Moving Violation,2025
2025-10-28 08:59:08.520000,7829198.0,CTCSP0500,CSP Troop D,Racial Profile,1000004409,2500289404,Incident ID,2025-08-11 00:00:00,August,W,H,F,38,False,False,POMFRET,rt 44,41 51 39.6576000000,72 0 35.5320000000,V,B,1.0,0,14-236,,False,N,False,False,V,,,,,False,1.0,CTCSP0000,134061299081147707,2025-08-11 22:02:48.557000,22:02:48.557000,2025,,,Moving Violation,2025
2025-10-28 08:59:08.583000,7829221.0,CTCSP0500,CSP Troop D,Racial Profile,1000004534,2500288272,Incident ID,2025-08-11 00:00:00,August,W,N,M,33,True,False,WOODSTOCK,"00000 RT 171  (WOODSTOCK, T169)",41 56 1.8744000000,71 56 25.3680000000,V,G,2.0,0,14-232(b),,False,N,False,False,I,,,,,False,1.0,CTCSP0000,134061299081147707,2025-08-11 00:53:51.960000,00:53:51.960000,2025,,,Moving Violation,2025
2025-10-28 08:59:08.637000,7829236.0,CTCSP0500,CSP Troop D,Racial Profile,1000004675,2500289227,Incident ID,2025-08-11 00:00:00,August,W,N,F,57,True,False,PLAINFIELD,Plainfield Pike Plainfield,41 41 4.5384000000,71 54 28.8360000000,V,G,1.0,0,14-12(a)*,,False,N,False,False,I,,,,,False,1.0,CTCSP0000,134061299081147707,2025-08-11 17:53:45.807000,17:53:45.807000,2025,,,Registration,2025
2025-10-28 08:59:08.607000,7829227.0,CTCSP0500,CSP Troop D,Racial Profile,1000004671,2500290741,Incident ID,2025-08-12 00:00:00,August,W,N,M,24,True,True,KILLINGLY,"00000 Westcott rd, Danielson, Ct, 06239",41 48 33.7392000000,71 52 20.3160000000,V,G,1.0,0,14-96a(a),,False,N,False,False,V,,,,,False,1.0,CTCSP0000,134061299081147707,2025-08-12 21:57:13.670000,21:57:13.670000,2025,,,Defective Lights,2025
2025-10-28 08:59:08.640000,7829237.0,CTCSP0500,CSP Troop D,Racial Profile,1000004675,2500290492,Incident ID,2025-08-12 00:00:00,August,W,N,F,59,True,False,KILLINGLY,"00000 NORTH ST (KILLINGLY, T069)",41 49 7.7484000000,71 53 28.8600000000,V,G,1.0,0,14-12(a)*,,False,N,False,False,I,,,,,False,1.0,CTCSP0000,134061299081147707,2025-08-12 17:17:30.113000,17:17:30.113000,2025,,,Registration,2025
2025-10-28 08:59:08.417000,7829159.0,CTCSP0500,CSP Troop D,Racial Profile,1000002753,2500291126,Incident ID,2025-08-13 00:00:00,August,W,N,M,22,True,False,KILLINGLY,"00000 I 395  (KILLINGLY, T069)",41 51 11.9664000000,71 52 51.3480000000,V,B,1.0,0,14-219,,False,N,False,False,V,,,,,False,1.0,CTCSP0000,134061299081147707,2025-08-13 08:13:46.927000,08:13:46.927000,2025,,,Speed Related,2025
2025-10-28 08:59:08.643000,7829238.0,CTCSP0500,CSP Troop D,Racial Profile,1000004675,2500291895,Incident ID,2025-08-13 00:00:00,August,W,N,M,78,False,False,KILLINGLY,I395 killingly,41 48 37.1952000000,71 52 19.1640000000,V,G,1.0,1,14-147(c),,False,N,False,False,I,,,,,False,1.0,CTCSP0000,134061299081147707,2025-08-13 19:09:45.300000,19:09:45.300000,2025,,,Administrative Offense,2025
2025-10-28 08:59:08.677000,7829250.0,CTCSP0500,CSP Troop D,Racial Profile,1000004777,2500290899,Incident ID,2025-08-13 00:00:00,August,W,N,M,22,False,False,BROOKLYN,"00000 PROVIDENCE RD (BROOKLYN, T019)",41 47 44.8044000000,71 55 58.2600000000,V,B,1.0,0,14-219(b),,False,N,False,False,I,,,,,False,1.0,CTCSP0000,134061299081147707,2025-08-13 01:39:57.940000,01:39:57.940000,2025,,,Speed Related,2025
2025-10-28 08:59:08.673000,7829249.0,CTCSP0500,CSP Troop D,Racial Profile,1000004777,2500290864,Incident ID,2025-08-13 00:00:00,August,W,N,M,31,True,True,SCOTLAND,00000 PUDDING HILL RD,41 43 12.2304000000,72 4 9.4440000000,V,B,1.0,0,14-218a,,False,N,False,False,W,,,,,False,1.0,CTCSP0000,134061299081147707,2025-08-13 00:24:47.723000,00:24:47.723000,2025,,,Speed Related,2025
2025-10-28 08:59:08.523000,7829199.0,CTCSP0500,CSP Troop D,Racial Profile,1000004409,2500291574,Incident ID,2025-08-13 00:00:00,August,W,N,M,20,True,False,BROOKLYN,00000 HARTFORD RD,41 47 0.4848000000,72 0 56.2680000000,V,B,1.0,0,14-233,,False,N,False,False,W,,,,,False,1.0,CTCSP0000,134061299081147707,2025-08-13 14:47:22.880000,14:47:22.880000,2025,,,Moving Violation,2025
2025-10-28 08:59:08.693000,7829255.0,CTCSP0500,CSP Troop D,Racial Profile,1000004779,2500291641,Incident ID,2025-08-13 00:00:00,August,W,N,M,30,False,False,KILLINGLY,00000 I 395 ,41 46 15.3120000000,71 52 20.6760000000,V,G,1.0,0,14-233,,False,N,False,False,W,,,,,False,1.0,CTCSP0000,134061299081147707,2025-08-13 15:20:43.507000,15:20:43.507000,2025,,,Moving Violation,2025
2025-10-28 08:59:08.643000,7829239.0,CTCSP0500,CSP Troop D,Racial Profile,1000004675,2500293112,Incident ID,2025-08-14 00:00:00,August,W,N,M,28,True,False,KILLINGLY,00000 I 395 ,41 46 15.3120000000,71 52 20.6760000000,V,G,1.0,0,14-12(a)*,,False,N,False,False,W,,,,,False,1.0,CTCSP0000,134061299081147707,2025-08-14 17:57:32.693000,17:57:32.693000,2025,,,Registration,2025
2025-10-28 08:59:08.697000,7829256.0,CTCSP0500,CSP Troop D,Racial Profile,1000004779,2500292877,Incident ID,2025-08-14 00:00:00,August,W,N,M,46,False,False,PLAINFIELD,00000 I 395 ,41 44 40.3404000000,71 52 45.7320000000,V,G,1.0,0,14-230(a),,False,N,False,False,W,,,,,False,1.0,CTCSP0000,134061299081147707,2025-08-14 14:46:29.060000,14:46:29.060000,2025,,,Moving Violation,2025
2025-10-28 08:59:08.720000,7829262.0,CTCSP0500,CSP Troop D,Racial Profile,1000004799,2500292125,Incident ID,2025-08-14 00:00:00,August,W,H,M,38,True,False,HAMPTON,00000 MAIN ST,41 46 54.1740000000,72 3 18.0000000000,V,B,1.0,0,14-240(b,,False,N,False,False,W,,,,,False,1.0,CTCSP0000,134061299081147707,2025-08-14 00:01:45.057000,00:01:45.057000,2025,,,Moving Violation,2025
2025-10-28 08:59:08.650000,7829240.0,CTCSP0500,CSP Troop D,Racial Profile,1000004675,2500293251,Incident ID,2025-08-14 00:00:00,August,W,H,F,26,True,False,KILLINGLY,00000 I 395 ,41 49 12.6876000000,71 52 14.0160000000,V,G,1.0,0,14-219(c)(1),,False,N,False,False,W,,,,,False,1.0,CTCSP0000,134061299081147707,2025-08-14 20:48:32.857000,20:48:32.857000,2025,,,Speed Related,2025
2025-10-28 08:59:08.750000,7829271.0,CTCSP0500,CSP Troop D,Racial Profile,1000004857,2500293725,Incident ID,2025-08-15 00:00:00,August,W,N,M,25,True,False,KILLINGLY,"00000 I 395  (KILLINGLY, T069)",41 52 42.7800000000,71 53 42.2880000000,V,G,1.0,0,14-233(a)*Z,,False,N,False,False,I,,,,,False,1.0,CTCSP0000,134061299081147707,2025-08-15 09:17:49.913000,09:17:49.913000,2025,14-233CZ,,Other,2025
2025-10-28 08:59:08.450000,7829172.0,CTCSP0500,CSP Troop D,Racial Profile,1000004012,2500294844,Incident ID,2025-08-16 00:00:00,August,W,N,F,57,True,True,HAMPTON,"00000 PROVIDENCE TPKE (HAMPTON, T063)",41 46 49.4364000000,72 1 32.2320000000,V,B,1.0,0,14-219,,False,N,False,False,V,,,,,False,1.0,CTCSP0000,134061299081147707,2025-08-16 07:14:55.870000,07:14:55.870000,2025,,,Speed Related,2025
2025-10-28 08:59:08.723000,7829263.0,CTCSP0500,CSP Troop D,Racial Profile,1000004799,2500294983,Incident ID,2025-08-16 00:00:00,August,I,M,M,44,True,False,KILLINGLY,00000 I 395 ,41 51 46.2672000000,71 53 10.5720000000,V,B,1.0,0,14-232(a)(1),,False,N,False,False,W,,,,,False,1.0,CTCSP0000,134061299081147707,2025-08-16 09:45:06.287000,09:45:06.287000,2025,,,Moving Violation,2025
2025-10-28 08:59:08.367000,7829147.0,CTCSP0500,CSP Troop D,Racial Profile,1000002565,2500296084,Incident ID,2025-08-17 00:00:00,August,W,N,M,48,True,False,PUTNAM,116 Wendy's,41 55 29.2880280000,71 52 53.5218960000,V,B,1.0,0,14-18(c),,False,N,False,False,V,,,,,False,1.0,CTCSP0000,134061299081147707,2025-08-17 11:19:55.403000,11:19:55.403000,2025,14-18(c),,Display of Plates,2025
2025-10-28 08:59:08.680000,7829251.0,CTCSP0500,CSP Troop D,Racial Profile,1000004777,2500295718,Incident ID,2025-08-17 00:00:00,August,W,N,M,27,False,False,BROOKLYN,"00000 PROVIDENCE RD (BROOKLYN, T019)",41 47 53.5956000000,71 54 19.1520000000,V,B,1.0,0,14-219(b),,False,N,False,False,I,,,,,False,1.0,CTCSP0000,134061299081147707,2025-08-17 00:58:35.887000,00:58:35.887000,2025,,,Speed Related,2025
2025-10-28 08:59:08.727000,7829265.0,CTCSP0500,CSP Troop D,Racial Profile,1000004856,2500296849,Incident ID,2025-08-18 00:00:00,August,W,N,F,58,True,True,PUTNAM,"00000 I 395  (PUTNAM, T116)",41 53 8.5740000000,71 53 46.0320000000,V,G,1.0,0,14-232,,False,N,False,False,V,,,,,False,1.0,CTCSP0000,134061299081147707,2025-08-18 07:07:36.737000,07:07:36.737000,2025,,,Moving Violation,2025
2025-10-28 08:59:08.420000,7829160.0,CTCSP0500,CSP Troop D,Racial Profile,1000002753,2500298106,Incident ID,2025-08-19 00:00:00,August,W,N,F,40,True,False,KILLINGLY,"00000 PROVIDENCE PIKE (KILLINGLY, T069)",41 47 26.8224000000,71 48 43.5600000000,V,B,1.0,0,14-218a,,False,N,False,False,V,,,,,False,1.0,CTCSP0000,134061299081147707,2025-08-19 06:11:39.270000,06:11:39.270000,2025,,,Speed Related,2025
2025-10-28 08:59:08.727000,7829264.0,CTCSP0500,CSP Troop D,Racial Profile,1000004799,2500298157,Incident ID,2025-08-19 00:00:00,August,W,H,M,47,True,False,HAMPTON,"00000 PROVIDENCE TPKE (HAMPTON, T063)",41 46 20.2224000000,72 2 35.0520000000,V,B,1.0,0,14-232(b),,False,N,False,False,I,,,,,False,1.0,CTCSP0000,134061299081147707,2025-08-19 07:09:01.917000,07:09:01.917000,2025,,,Moving Violation,2025
2025-10-28 08:59:08.453000,7829173.0,CTCSP0500,CSP Troop D,Racial Profile,1000004012,2500299373,Incident ID,2025-08-20 00:00:00,August,W,N,M,60,False,False,BROOKLYN,"00000 PROVIDENCE RD (BROOKLYN, T019)",41 48 2.0448000000,71 53 47.4000000000,V,B,2.0,0,14-299,,False,N,False,False,I,,,,,False,1.0,CTCSP0000,134061299081147707,2025-08-20 06:34:10.890000,06:34:10.890000,2025,,,Traffic Control Signal,2025
2025-10-28 08:59:08.530000,7829200.0,CTCSP0500,CSP Troop D,Racial Profile,1000004409,2500299999,Incident ID,2025-08-20 00:00:00,August,W,N,F,77,False,False,BROOKLYN,"00000 HARTFORD RD (BROOKLYN, T019)",41 47 8.3256000000,71 57 17.8920000000,I,B,1.0,0,14-147(c),,False,N,False,False,I,,,,,False,1.0,CTCSP0000,134061299081147707,2025-08-20 14:50:24.677000,14:50:24.677000,2025,,,Administrative Offense,2025
2025-10-28 08:59:08.423000,7829161.0,CTCSP0500,CSP Troop D,Racial Profile,1000002753,2500301622,Incident ID,2025-08-21 00:00:00,August,W,N,M,78,False,False,PUTNAM,i395sb,41 53 31.2972000000,71 53 46.3200000000,V,B,1.0,0,14-96a(a),,False,N,False,False,V,,,,,False,1.0,CTCSP0000,134061299081147707,2025-08-21 20:33:44.623000,20:33:44.623000,2025,,,Defective Lights,2025
2025-10-28 08:59:08.687000,7829252.0,CTCSP0500,CSP Troop D,Racial Profile,1000004777,2500301778,Incident ID,2025-08-21 00:00:00,August,W,N,M,23,True,False,KILLINGLY,00000 I 395 ,41 48 16.2720000000,71 52 22.1160000000,V,B,1.0,0,14-219(c)(1),,False,N,False,False,W,,,,,False,1.0,CTCSP0000,134061299081147707,2025-08-21 23:37:05.577000,23:37:05.577000,2025,,,Speed Related,2025
2025-10-28 08:59:08.457000,7829174.0,CTCSP0500,CSP Troop D,Racial Profile,1000004012,2500301228,Incident ID,2025-08-21 00:00:00,August,W,N,M,65,True,True,BOLTON,"00000 HOP RIVER RD (BOLTON, T012)",41 46 59.0700000000,72 25 40.1160000000,V,B,1.0,0,14-232(b),,False,N,False,False,I,,,,,False,1.0,CTCSP0000,134061299081147707,2025-08-21 14:57:02.717000,14:57:02.717000,2025,,,Moving Violation,2025
2025-10-28 08:59:08.700000,7829257.0,CTCSP0500,CSP Troop D,Racial Profile,1000004779,2500301724,Incident ID,2025-08-21 00:00:00,August,W,N,M,18,True,False,PLAINFIELD,"00000 I 395  (PLAINFIELD, T109)",41 39 36.4752000000,71 55 11.6760000000,V,G,1.0,0,14-233,,False,N,False,False,I,,,,,False,1.0,CTCSP0000,134061299081147707,2025-08-21 22:47:33.550000,22:47:33.550000,2025,,,Moving Violation,2025
2025-10-28 08:59:08.760000,7829272.0,CTCSP0500,CSP Troop D,Racial Profile,1000004964,2500301775,Incident ID,2025-08-21 00:00:00,August,W,N,M,36,True,True,KILLINGLY,"00000 I 395  (KILLINGLY, T069)",41 51 46.2672000000,71 53 10.5720000000,V,B,2.0,1,14-12(a)*,,False,N,False,False,I,,,,,False,1.0,CTCSP0000,134061299081147707,2025-08-21 23:35:18.813000,23:35:18.813000,2025,14-213b,,Registration,2025
2025-10-28 08:59:08.533000,7829201.0,CTCSP0500,CSP Troop D,Racial Profile,1000004409,2500301532,Incident ID,2025-08-21 00:00:00,August,W,H,M,48,True,False,CHAPLIN,"00000 PHOENIXVILLE RD (CHAPLIN, T024)",41 46 18.6924000000,72 8 3.5160000000,V,B,1.0,0,14-298,,False,N,False,False,I,,,,,False,1.0,CTCSP0000,134061299081147707,2025-08-21 18:37:48.627000,18:37:48.627000,2025,,,STC Violation,2025
2025-10-28 08:59:08.770000,7829276.0,CTCSP0500,CSP Troop D,Racial Profile,1000005069,2500301210,Incident ID,2025-08-21 00:00:00,August,W,N,M,67,False,False,LISBON,00395 I 395 ,41 35 20.7816000000,72 1 18.7140000000,V,G,1.0,0,14-233,,False,N,False,False,W,,,,,False,1.0,CTCSP0000,134061299081147707,2025-08-21 14:47:55.800000,14:47:55.800000,2025,,,Moving Violation,2025
2025-10-28 08:59:08.460000,7829175.0,CTCSP0500,CSP Troop D,Racial Profile,1000004012,2500302678,Incident ID,2025-08-22 00:00:00,August,W,H,M,32,True,True,BROOKLYN,"00000 BAILEY WOODS RD (BROOKLYN, T019)",41 46 23.6640000000,71 56 17.8080000000,V,B,1.0,0,14-245,,False,N,False,False,I,,,,,False,1.0,CTCSP0000,134061299081147707,2025-08-22 16:51:31.473000,16:51:31.473000,2025,,,Moving Violation,2025
2025-10-28 08:59:08.537000,7829202.0,CTCSP0500,CSP Troop D,Racial Profile,1000004409,2500302673,Incident ID,2025-08-22 00:00:00,August,W,N,M,39,True,False,KILLINGLY,"00000 I 395  (KILLINGLY, T069)",41 49 51.5460000000,71 52 28.6320000000,V,B,1.0,0,14-219(c)(1),,False,N,False,False,I,,,,,False,1.0,CTCSP0000,134061299081147707,2025-08-22 16:49:15.240000,16:49:15.240000,2025,,,Speed Related,2025
2025-10-28 08:59:08.690000,7829253.0,CTCSP0500,CSP Troop D,Racial Profile,1000004777,2500301841,Incident ID,2025-08-22 00:00:00,August,W,H,M,22,False,False,KILLINGLY,"00000 RT 6  (KILLINGLY, T069)",41 47 50.2656000000,71 53 5.5320000000,V,B,1.0,0,14-299,,False,N,False,False,I,,,,,False,1.0,CTCSP0000,134061299081147707,2025-08-22 01:16:54.910000,01:16:54.910000,2025,,,Traffic Control Signal,2025
2025-10-28 08:59:08.763000,7829273.0,CTCSP0500,CSP Troop D,Racial Profile,1000004964,2500301842,Incident ID,2025-08-22 00:00:00,August,W,H,M,24,True,False,KILLINGLY,"00000 I 395  (KILLINGLY, T069)",41 48 33.7392000000,71 52 20.3160000000,V,B,1.0,0,14-236,,False,N,False,False,W,,,,,False,1.0,CTCSP0000,134061299081147707,2025-08-22 01:23:11.950000,01:23:11.950000,2025,14-236,,Moving Violation,2025
2025-10-28 08:59:08.433000,7829165.0,CTCSP0500,CSP Troop D,Racial Profile,1000003919,2500302853,Incident ID,2025-08-22 00:00:00,August,W,N,M,21,True,True,KILLINGLY,rt 101 at pratt stopped at 101 and 12,41 50 26.9268000000,71 52 32.8800000000,V,B,1.0,0,1413,,False,N,False,False,W,,,,,False,1.0,CTCSP0000,134061299081147707,2025-08-22 19:39:33.290000,19:39:33.290000,2025,,,Other,2025
2025-10-28 08:59:08.460000,7829176.0,CTCSP0500,CSP Troop D,Racial Profile,1000004012,2500303965,Incident ID,2025-08-23 00:00:00,August,W,N,M,17,True,True,HAMPTON,"00000 PROVIDENCE TPKE (HAMPTON, T063)",41 46 47.7516000000,72 1 37.6680000000,V,B,1.0,0,14-245,,False,N,False,False,I,,,,,False,1.0,CTCSP0000,134061299081147707,2025-08-23 20:45:15.150000,20:45:15.150000,2025,,,Moving Violation,2025
2025-10-28 08:59:08.580000,7829219.0,CTCSP0500,CSP Troop D,Racial Profile,1000004532,2500304492,Incident ID,2025-08-24 00:00:00,August,W,N,M,49,True,True,THOMPSON,"00000 LEON ST (THOMPSON, T141)",42 1 22.9008000000,71 50 24.6840000000,V,B,1.0,0,14-36(a),,False,N,False,False,I,,,,,False,1.0,CTCSP0000,134061299081147707,2025-08-24 11:16:23.187000,11:16:23.187000,2025,14-36(a),,Unlicensed Operation,2025
2025-10-28 08:59:08.587000,7829222.0,CTCSP0500,CSP Troop D,Racial Profile,1000004534,2500306377,Incident ID,2025-08-25 00:00:00,August,W,H,M,58,True,False,POMFRET,"00000 BRAYMAN HOLLOW RD (POMFRET, T112)",41 53 42.8748000000,71 59 28.7520000000,V,G,1.0,0,14-218a,,False,N,False,False,I,,,,,False,1.0,CTCSP0000,134061299081147707,2025-08-25 23:57:17.123000,23:57:17.123000,2025,14-218,,Speed Related,2025
2025-10-28 08:59:08.463000,7829177.0,CTCSP0500,CSP Troop D,Racial Profile,1000004012,2500306370,Incident ID,2025-08-25 00:00:00,August,W,N,M,55,True,True,HAMPTON,"00000 HARTFORD TPKE (HAMPTON, T063)",41 46 9.3000000000,72 5 25.5480000000,V,B,1.0,0,14-219,,False,N,False,False,V,,,,,False,1.0,CTCSP0000,134061299081147707,2025-08-25 23:50:01.487000,23:50:01.487000,2025,,,Speed Related,2025
2025-10-28 08:59:08.543000,7829205.0,CTCSP0500,CSP Troop D,Racial Profile,1000004434,2500305555,Incident ID,2025-08-25 00:00:00,August,W,N,M,20,True,False,CHAPLIN,00000 HAMPTON RD,41 46 1.7652000000,72 6 28.1880000000,V,G,1.0,0,14-298,,False,N,False,False,W,,,,,False,1.0,CTCSP0000,134061299081147707,2025-08-25 11:35:36.973000,11:35:36.973000,2025,,,STC Violation,2025
2025-10-28 08:59:08.543000,7829206.0,CTCSP0500,CSP Troop D,Racial Profile,1000004434,2500305611,Incident ID,2025-08-25 00:00:00,August,W,H,F,23,False,False,KILLINGLY,"00000 GOVERNOR JOHN DAVIS LODGE TPKE (KILLINGLY, T069)",41 46 13.8756000000,71 51 38.1600000000,V,G,1.0,0,14-218a,,False,N,False,False,I,,,,,False,1.0,CTCSP0000,134061299081147707,2025-08-25 12:22:21.937000,12:22:21.937000,2025,,,Speed Related,2025
2025-10-28 08:59:08.537000,7829203.0,CTCSP0500,CSP Troop D,Racial Profile,1000004409,2500306062,Incident ID,2025-08-25 00:00:00,August,W,H,M,19,True,False,HAMPTON,00000 PROVIDENCE TPKE,41 46 20.2224000000,72 2 35.0520000000,V,B,1.0,0,14-18(c),,False,N,False,False,W,,,,,False,1.0,CTCSP0000,134061299081147707,2025-08-25 18:11:18.680000,18:11:18.680000,2025,,,Display of Plates,2025
2025-10-28 08:59:08.547000,7829207.0,CTCSP0500,CSP Troop D,Racial Profile,1000004434,2500305637,Incident ID,2025-08-25 00:00:00,August,W,N,F,78,False,False,KILLINGLY,"00000 GOVERNOR JOHN DAVIS LODGE TPKE (KILLINGLY, T069)",41 46 57.3060000000,71 49 32.3400000000,V,G,1.0,0,14-298,,False,N,False,False,W,,,,,False,1.0,CTCSP0000,134061299081147707,2025-08-25 12:46:57.710000,12:46:57.710000,2025,,,STC Violation,2025
2025-10-28 08:59:08.580000,7829220.0,CTCSP0500,CSP Troop D,Racial Profile,1000004532,2500305856,Incident ID,2025-08-25 00:00:00,August,W,N,F,66,True,False,BROOKLYN,"00000 S MAIN ST (BROOKLYN, T019)",41 48 5.7636000000,71 53 22.7760000000,V,B,1.0,0,14-299,,False,N,False,False,W,,,,,False,1.0,CTCSP0000,134061299081147707,2025-08-25 15:35:31.033000,15:35:31.033000,2025,14-299,,Traffic Control Signal,2025
2025-10-28 08:59:08.553000,7829209.0,CTCSP0500,CSP Troop D,Racial Profile,1000004434,2500307010,Incident ID,2025-08-26 00:00:00,August,W,N,F,43,True,False,BROOKLYN,00000 PROVIDENCE RD,41 47 44.8044000000,71 55 58.2600000000,V,G,1.0,0,14-299,,False,N,False,False,W,,,,,False,1.0,CTCSP0000,134061299081147707,2025-08-26 12:04:16.797000,12:04:16.797000,2025,,,Traffic Control Signal,2025
2025-10-28 08:59:08.590000,7829223.0,CTCSP0500,CSP Troop D,Racial Profile,1000004534,2500307741,Incident ID,2025-08-26 00:00:00,August,W,N,M,23,True,False,WOODSTOCK,"00000 RT 171  (WOODSTOCK, T169)",41 55 58.7856000000,71 57 18.5760000000,V,G,1.0,0,14-218a,,False,N,False,False,I,,,,,False,1.0,CTCSP0000,134061299081147707,2025-08-26 22:55:03.537000,22:55:03.537000,2025,,,Speed Related,2025
2025-10-28 08:59:08.467000,7829178.0,CTCSP0500,CSP Troop D,Racial Profile,1000004012,2500306618,Incident ID,2025-08-26 00:00:00,August,W,N,M,41,True,True,CHAPLIN,"00000 DIANAS POOL RD (CHAPLIN, T024)",41 46 39.5436000000,72 7 53.0400000000,V,B,1.0,0,14-301,,False,N,False,False,V,,,,,False,1.0,CTCSP0000,134061299081147707,2025-08-26 07:47:15.130000,07:47:15.130000,2025,,,Stop Sign,2025
2025-10-28 08:59:08.550000,7829208.0,CTCSP0500,CSP Troop D,Racial Profile,1000004434,2500306800,Incident ID,2025-08-26 00:00:00,August,W,N,F,56,True,False,HAMPTON,00000 PROVIDENCE TPKE,41 46 20.2224000000,72 2 35.0520000000,V,G,1.0,0,14-298,,False,N,False,False,W,,,,,False,1.0,CTCSP0000,134061299081147707,2025-08-26 09:41:52.760000,09:41:52.760000,2025,,,STC Violation,2025
2025-10-28 08:59:08.470000,7829179.0,CTCSP0500,CSP Troop D,Racial Profile,1000004012,2500307837,Incident ID,2025-08-27 00:00:00,August,W,N,F,20,True,True,KILLINGLY,"00000 RT 6  (KILLINGLY, T069)",41 47 26.2860000000,71 52 14.6280000000,V,B,1.0,0,14-219,,False,N,False,False,V,,,,,False,1.0,CTCSP0000,134061299081147707,2025-08-27 01:16:11.480000,01:16:11.480000,2025,,,Speed Related,2025
2025-10-28 08:59:08.553000,7829210.0,CTCSP0500,CSP Troop D,Racial Profile,1000004434,2500308169,Incident ID,2025-08-27 00:00:00,August,W,N,F,47,True,False,KILLINGLY,00000 GOVERNOR JOHN DAVIS LODGE TPKE,41 46 13.8756000000,71 51 38.1600000000,V,G,1.0,0,14-298,,False,N,False,False,W,,,,,False,1.0,CTCSP0000,134061299081147707,2025-08-27 08:57:31.563000,08:57:31.563000,2025,,,STC Violation,2025
2025-10-28 08:59:08.560000,7829213.0,CTCSP0500,CSP Troop D,Racial Profile,1000004434,2500308207,Incident ID,2025-08-27 00:00:00,August,W,N,F,22,False,False,KILLINGLY,"00000 GOVERNOR JOHN DAVIS LODGE TPKE (KILLINGLY, T069)",41 46 8.4720000000,71 51 51.3360000000,V,G,1.0,0,14-298,,False,N,False,False,I,,,,,False,1.0,CTCSP0000,134061299081147707,2025-08-27 09:31:53.917000,09:31:53.917000,2025,,,STC Violation,2025
2025-10-28 08:59:08.567000,7829214.0,CTCSP0500,CSP Troop D,Racial Profile,1000004434,2500308236,Incident ID,2025-08-27 00:00:00,August,W,N,F,31,False,False,KILLINGLY,00000 GOVERNOR JOHN DAVIS LODGE TPKE,41 46 47.4816000000,71 50 7.9080000000,V,G,1.0,0,14-298,,False,N,False,False,W,,,,,False,1.0,CTCSP0000,134061299081147707,2025-08-27 09:55:02.607000,09:55:02.607000,2025,,,STC Violation,2025
2025-10-28 08:59:08.567000,7829215.0,CTCSP0500,CSP Troop D,Racial Profile,1000004434,2500308314,Incident ID,2025-08-27 00:00:00,August,W,N,F,37,True,False,KILLINGLY,00000 GOVERNOR JOHN DAVIS LODGE TPKE,41 46 8.4720000000,71 51 51.3360000000,V,G,1.0,0,14-298,,False,N,False,False,W,,,,,False,1.0,CTCSP0000,134061299081147707,2025-08-27 10:55:19.653000,10:55:19.653000,2025,,,STC Violation,2025
2025-10-28 08:59:08.470000,7829180.0,CTCSP0500,CSP Troop D,Racial Profile,1000004012,2500307845,Incident ID,2025-08-27 00:00:00,August,W,N,M,69,True,True,KILLINGLY,"00000 PROVIDENCE PIKE (KILLINGLY, T069)",41 47 20.8608000000,71 50 48.9480000000,V,B,1.0,0,14-298,,False,N,False,False,I,,,,,False,1.0,CTCSP0000,134061299081147707,2025-08-27 01:26:02.007000,01:26:02.007000,2025,,,STC Violation,2025
2025-10-28 08:59:08.560000,7829212.0,CTCSP0500,CSP Troop D,Racial Profile,1000004434,2500308191,Incident ID,2025-08-27 00:00:00,August,A,N,M,22,True,False,KILLINGLY,00000 GOVERNOR JOHN DAVIS LODGE TPKE,41 46 33.7692000000,71 50 49.3800000000,V,G,1.0,0,14-298,,False,N,False,False,W,,,,,False,1.0,CTCSP0000,134061299081147707,2025-08-27 09:19:36.793000,09:19:36.793000,2025,,,STC Violation,2025
2025-10-28 08:59:08.570000,7829216.0,CTCSP0500,CSP Troop D,Racial Profile,1000004434,2500308356,Incident ID,2025-08-27 00:00:00,August,A,N,M,48,True,False,KILLINGLY,00000 GOVERNOR JOHN DAVIS LODGE TPKE,41 46 25.0644000000,71 51 11.7720000000,V,G,1.0,0,14-298,,False,N,False,False,W,,,,,False,1.0,CTCSP0000,134061299081147707,2025-08-27 11:27:33.667000,11:27:33.667000,2025,,,STC Violation,2025
2025-10-28 08:59:08.743000,7829269.0,CTCSP0500,CSP Troop D,Racial Profile,1000004856,2500307905,Incident ID,2025-08-27 00:00:00,August,W,N,M,76,True,True,KILLINGLY,00000 I 395 ,41 46 15.3120000000,71 52 20.6760000000,E,G,1.0,0,14-96c,,False,N,False,False,W,,,,,False,1.0,CTCSP0000,134061299081147707,2025-08-27 05:36:01.053000,05:36:01.053000,2025,,,Defective Lights,2025
2025-10-28 08:59:08.737000,7829266.0,CTCSP0500,CSP Troop D,Racial Profile,1000004856,2500307848,Incident ID,2025-08-27 00:00:00,August,W,N,M,34,True,True,KILLINGLY,"00000 TOWN FARM RD (KILLINGLY, T069)",41 50 39.6204000000,71 52 55.4880000000,I,G,2.0,0,53a-110a,,False,N,False,False,V,,,,,False,1.0,CTCSP0000,134061299081147707,2025-08-27 01:33:21.303000,01:33:21.303000,2025,,,Other,2025
2025-10-28 08:59:08.740000,7829267.0,CTCSP0500,CSP Troop D,Racial Profile,1000004856,2500307856,Incident ID,2025-08-27 00:00:00,August,B,N,M,30,True,True,KILLINGLY,"00000 I 395  (KILLINGLY, T069)",41 46 15.3120000000,71 52 20.6760000000,E,G,1.0,0,14-96a(a),,False,N,False,False,W,,,,,False,1.0,CTCSP0000,134061299081147707,2025-08-27 02:05:50.003000,02:05:50.003000,2025,,,Defective Lights,2025
2025-10-28 08:59:08.473000,7829181.0,CTCSP0500,CSP Troop D,Racial Profile,1000004012,2500307920,Incident ID,2025-08-27 00:00:00,August,W,H,F,35,True,True,BROOKLYN,"00000 HARTFORD RD (BROOKLYN, T019)",41 47 0.3192000000,71 58 9.3720000000,V,B,1.0,0,14-219,,False,N,False,False,V,,,,,False,1.0,CTCSP0000,134061299081147707,2025-08-27 06:14:57.310000,06:14:57.310000,2025,,,Speed Related,2025
2025-10-28 08:59:08.557000,7829211.0,CTCSP0500,CSP Troop D,Racial Profile,1000004434,2500308183,Incident ID,2025-08-27 00:00:00,August,W,N,M,18,True,False,KILLINGLY,00000 GOVERNOR JOHN DAVIS LODGE TPKE,41 46 54.0588000000,71 49 44.0400000000,V,G,1.0,0,14-298,,False,N,False,False,W,,,,,False,1.0,CTCSP0000,134061299081147707,2025-08-27 09:07:11.153000,09:07:11.153000,2025,,,STC Violation,2025
2025-10-28 08:59:08.653000,7829241.0,CTCSP0500,CSP Troop D,Racial Profile,1000004675,2500308944,Incident ID,2025-08-27 00:00:00,August,B,H,M,33,True,False,KILLINGLY,00000 RT 6 ,41 47 58.4448000000,71 53 8.2680000000,V,G,1.0,0,14-18(a),,False,N,False,False,W,,,,,False,1.0,CTCSP0000,134061299081147707,2025-08-27 19:21:44.433000,19:21:44.433000,2025,,,Display of Plates,2025
2025-10-28 08:59:08.740000,7829268.0,CTCSP0500,CSP Troop D,Racial Profile,1000004856,2500307897,Incident ID,2025-08-27 00:00:00,August,W,N,M,24,False,False,KILLINGLY,"00000 I 395  (KILLINGLY, T069)",41 46 15.3120000000,71 52 20.6760000000,E,G,1.0,0,14-96a(a),,False,N,False,False,V,,,,,False,1.0,CTCSP0000,134061299081147707,2025-08-27 05:14:15.870000,05:14:15.870000,2025,,,Defective Lights,2025
2025-10-28 08:59:08.427000,7829162.0,CTCSP0500,CSP Troop D,Racial Profile,1000002753,2500309295,Incident ID,2025-08-28 00:00:00,August,W,N,M,45,False,False,KILLINGLY,"00000 GOVERNOR JOHN DAVIS LODGE TPKE (KILLINGLY, T069)",41 47 12.5772000000,71 48 35.4960000000,V,B,1.0,0,14-219,,False,N,False,False,V,,,,,False,1.0,CTCSP0000,134061299081147707,2025-08-28 05:25:43.867000,05:25:43.867000,2025,,,Speed Related,2025
2025-10-28 08:59:08.430000,7829163.0,CTCSP0500,CSP Troop D,Racial Profile,1000002753,2500309298,Incident ID,2025-08-28 00:00:00,August,B,N,F,40,True,False,PLAINFIELD,"00000 I 395  (PLAINFIELD, T109)",41 45 26.3880000000,71 52 32.5200000000,V,B,1.0,0,14-219,,False,N,False,False,V,,,,,False,1.0,CTCSP0000,134061299081147707,2025-08-28 05:44:06.277000,05:44:06.277000,2025,,,Speed Related,2025
2025-10-28 08:59:08.657000,7829242.0,CTCSP0500,CSP Troop D,Racial Profile,1000004675,2500310177,Incident ID,2025-08-28 00:00:00,August,W,N,M,63,True,False,KILLINGLY,"00000 GOVERNOR JOHN DAVIS LODGE TPKE (KILLINGLY, T069)",41 46 1.7400000000,71 52 6.9600000000,V,G,3.0,0,14-12(a)*,,False,N,False,False,I,,,,,False,1.0,CTCSP0000,134061299081147707,2025-08-28 16:40:52.660000,16:40:52.660000,2025,,,Registration,2025
2025-10-28 08:59:08.540000,7829204.0,CTCSP0500,CSP Troop D,Racial Profile,1000004409,2500310218,Incident ID,2025-08-28 00:00:00,August,W,N,M,38,True,True,POMFRET,00000 MASHAMOQUET RD,41 51 34.9056000000,72 1 42.5640000000,V,B,1.0,0,14-218a,,False,N,False,False,W,,,,,False,1.0,CTCSP0000,134061299081147707,2025-08-28 17:13:30.613000,17:13:30.613000,2025,n,,Speed Related,2025
2025-10-28 08:59:08.693000,7829254.0,CTCSP0500,CSP Troop D,Racial Profile,1000004777,2500310573,Incident ID,2025-08-29 00:00:00,August,B,N,M,56,True,False,BROOKLYN,00000 HARTFORD RD,41 47 0.4848000000,72 0 56.2680000000,V,B,1.0,0,14-219(b),,False,N,False,False,W,,,,,False,1.0,CTCSP0000,134061299081147707,2025-08-29 00:36:43.413000,00:36:43.413000,2025,,,Speed Related,2025
2025-10-28 08:59:08.657000,7829243.0,CTCSP0500,CSP Troop D,Racial Profile,1000004675,2500311425,Incident ID,2025-08-29 00:00:00,August,W,N,M,27,True,False,KILLINGLY,00000 I 395 ,41 49 12.6876000000,71 52 14.0160000000,V,G,1.0,0,14-12(a),,False,N,False,False,W,,,,,False,1.0,CTCSP0000,134061299081147707,2025-08-29 16:55:35.727000,16:55:35.727000,2025,,,Registration,2025
2025-10-28 08:59:08.763000,7829274.0,CTCSP0500,CSP Troop D,Racial Profile,1000004964,2500310561,Incident ID,2025-08-29 00:00:00,August,W,H,M,48,False,False,PLAINFIELD,"00000 I 395  (PLAINFIELD, T109)",41 44 7.3968000000,71 52 59.1600000000,V,B,1.0,0,14-236,,False,N,False,False,W,,,,,False,1.0,CTCSP0000,134061299081147707,2025-08-29 00:26:06.177000,00:26:06.177000,2025,14-236,,Moving Violation,2025
2025-10-28 08:59:08.593000,7829224.0,CTCSP0500,CSP Troop D,Racial Profile,1000004534,2500311906,Incident ID,2025-08-30 00:00:00,August,W,H,M,16,True,False,THOMPSON,"00000 I 395  (THOMPSON, T141)",41 56 32.9316000000,71 52 45.6240000000,V,G,1.0,0,14-219(c)(1),,False,N,False,False,I,,,,,False,1.0,CTCSP0000,134061299081147707,2025-08-30 06:22:28.037000,06:22:28.037000,2025,,,Speed Related,2025
2025-10-28 08:59:08.660000,7829244.0,CTCSP0500,CSP Troop D,Racial Profile,1000004675,2500313424,Incident ID,2025-08-31 00:00:00,August,W,N,F,22,True,False,KILLINGLY,"00000 I 395  (KILLINGLY, T069)",41 49 51.5460000000,71 52 28.6320000000,V,G,1.0,0,14-12(a)*,,False,N,False,False,I,,,,,False,1.0,CTCSP0000,134061299081147707,2025-08-31 17:40:07.927000,17:40:07.927000,2025,,,Registration,2025
2025-10-28 08:59:08.487000,7829187.0,CTCSP0500,CSP Troop D,Racial Profile,1000004345,2500313286,Incident ID,2025-08-31 00:00:00,August,W,N,M,39,True,False,KILLINGLY,Route 6 w/b x37 off ramp,41 47 52.5480000000,71 52 29.3880000000,V,G,1.0,0,14-236,,False,N,False,False,V,,,,,False,1.0,CTCSP0000,134061299081147707,2025-08-31 15:31:24.960000,15:31:24.960000,2025,,,Moving Violation,2025
2025-10-28 08:59:08.663000,7829245.0,CTCSP0500,CSP Troop D,Racial Profile,1000004675,2500313434,Incident ID,2025-08-31 00:00:00,August,W,N,F,37,True,False,KILLINGLY,"00000 N MAIN ST (KILLINGLY, T069)",41 50 10.2228000000,71 52 37.3440000000,V,G,1.0,0,14-12(a)*,,False,N,False,False,I,,,,,False,1.0,CTCSP0000,134061299081147707,2025-08-31 17:51:10.557000,17:51:10.557000,2025,,,Registration,2025
2025-10-28 08:59:08.700000,7829258.0,CTCSP0500,CSP Troop D,Racial Profile,1000004779,2500313655,Incident ID,2025-08-31 00:00:00,August,W,N,F,21,True,True,KILLINGLY,00000 HARTFORD PIKE,41 50 42.4608000000,71 49 54.0120000000,V,G,1.0,0,14-218a,,False,N,False,False,W,,,,,False,1.0,CTCSP0000,134061299081147707,2025-08-31 22:35:40.373000,22:35:40.373000,2025,,,Speed Related,2025
2025-10-28 08:59:08.747000,7829270.0,CTCSP0500,CSP Troop D,Racial Profile,1000004856,2500313696,Incident ID,2025-08-31 00:00:00,August,W,N,M,55,True,True,KILLINGLY,"00000 KILLINGLY DR (KILLINGLY, T069)",41 48 14.2200000000,71 52 47.6760000000,V,G,3.0,0,14-147(c),,False,N,False,False,M,,,,,False,1.0,CTCSP0000,134061299081147707,2025-08-31 23:17:48.747000,23:17:48.747000,2025,,,Administrative Offense,2025
2025-10-28 08:59:08.663000,7829246.0,CTCSP0500,CSP Troop D,Racial Profile,1000004675,2500313438,Incident ID,2025-08-31 00:00:00,August,W,H,M,30,True,False,KILLINGLY,"00000 N MAIN ST (KILLINGLY, T069)",41 49 35.0076000000,71 52 40.6560000000,V,G,1.0,0,14-12(a)*,,False,N,False,False,I,,,,,False,1.0,CTCSP0000,134061299081147707,2025-08-31 18:00:52.850000,18:00:52.850000,2025,,,Registration,2025
2025-10-28 09:00:46.307000,7835594.0,CTCSP0500,CSP Troop D,Racial Profile,1000001947,2500314232,Incident ID,2025-09-01 00:00:00,September,W,N,M,26,False,False,PLAINFIELD,"00000 I 395  (PLAINFIELD, T109)",41 41 25.4760000000,71 54 22.6800000000,V,B,1.0,0,14-219(c)(1),,False,N,False,False,I,,,,,False,1.0,CTCSP0000,134061300088781999,2025-09-01 13:32:02.490000,13:32:02.490000,2025,,,Speed Related,2025
2025-10-28 09:00:46.513000,7835651.0,CTCSP0500,CSP Troop D,Racial Profile,1000004534,2500314321,Incident ID,2025-09-01 00:00:00,September,W,N,M,33,True,True,THOMPSON,00000 I 395 ,41 55 55.5096000000,71 52 50.0160000000,V,G,1.0,0,14-219(c)(1),,False,N,False,False,W,,,,,False,1.0,CTCSP0000,134061300088781999,2025-09-01 14:51:29.683000,14:51:29.683000,2025,,,Speed Related,2025
2025-10-28 09:00:46.490000,7835642.0,CTCSP0500,CSP Troop D,Racial Profile,1000004532,2500313919,Incident ID,2025-09-01 00:00:00,September,W,N,M,82,True,False,BROOKLYN,00000 S MAIN ST,41 47 59.6076000000,71 53 37.6800000000,V,B,1.0,0,14-236,,False,N,False,False,W,,,,,False,1.0,CTCSP0000,134061300088781999,2025-09-01 07:05:37.817000,07:05:37.817000,2025,14-101,,Moving Violation,2025
2025-10-28 09:00:46.490000,7835643.0,CTCSP0500,CSP Troop D,Racial Profile,1000004532,2500314131,Incident ID,2025-09-01 00:00:00,September,W,N,F,70,True,False,WOODSTOCK,"00000 RT 171  (WOODSTOCK, T169)",41 56 53.8008000000,72 1 1.0560000000,V,G,1.0,0,14-219(b),,False,N,False,False,V,,,,,False,1.0,CTCSP0000,134061300088781999,2025-09-01 11:13:06.283000,11:13:06.283000,2025,14-219(b),,Speed Related,2025
2025-10-28 09:00:46.440000,7835625.0,CTCSP0500,CSP Troop D,Racial Profile,1000004395,2500315382,Incident ID,2025-09-02 00:00:00,September,W,H,M,38,False,False,KILLINGLY,00000 MAIN ST,41 48 28.8972000000,71 52 49.1880000000,V,B,1.0,0,14-299,,False,N,False,False,W,,,,,False,1.0,CTCSP0000,134061300088781999,2025-09-02 11:51:51.553000,11:51:51.553000,2025,14-299,,Traffic Control Signal,2025
2025-10-28 09:00:46.493000,7835644.0,CTCSP0500,CSP Troop D,Racial Profile,1000004532,2500315471,Incident ID,2025-09-02 00:00:00,September,W,H,M,54,True,False,KILLINGLY,"00000 I 395  (KILLINGLY, T069)",41 46 15.3120000000,71 52 20.6760000000,V,B,1.0,0,14-236,,False,N,False,False,W,,,,,False,1.0,CTCSP0000,134061300088781999,2025-09-02 13:14:27.393000,13:14:27.393000,2025,14-236,,Moving Violation,2025
2025-10-28 09:00:46.523000,7835654.0,CTCSP0500,CSP Troop D,Racial Profile,1000004671,2500317487,Incident ID,2025-09-03 00:00:00,September,A,N,M,23,True,False,PLAINFIELD,"00000 s/b 395, Plainfield, CT",41 38 12.5844000000,71 56 11.8320000000,V,G,1.0,0,14-236,,False,N,False,False,V,,,,,False,1.0,CTCSP0000,134061300088781999,2025-09-03 22:44:09.840000,22:44:09.840000,2025,,,Moving Violation,2025
2025-10-28 09:00:46.537000,7835659.0,CTCSP0500,CSP Troop D,Racial Profile,1000004675,2500318783,Incident ID,2025-09-04 00:00:00,September,W,N,M,26,True,False,KILLINGLY,"00000 I 395  (KILLINGLY, T069)",41 49 12.6876000000,71 52 14.0160000000,V,G,1.0,0,14-147(b),,False,N,False,False,I,,,,,False,1.0,CTCSP0000,134061300088781999,2025-09-04 21:42:45.130000,21:42:45.130000,2025,,,Administrative Offense,2025
2025-10-28 09:00:46.527000,7835655.0,CTCSP0500,CSP Troop D,Racial Profile,1000004671,2500318823,Incident ID,2025-09-04 00:00:00,September,B,N,M,43,True,False,PLAINFIELD,"00000 I 395  (PLAINFIELD, T109)",41 42 30.2040000000,71 53 54.0240000000,V,G,1.0,0,14-219(c)(1),,False,N,False,False,I,,,,,False,1.0,CTCSP0000,134061300088781999,2025-09-04 22:38:06.480000,22:38:06.480000,2025,,,Speed Related,2025
2025-10-28 09:00:46.533000,7835658.0,CTCSP0500,CSP Troop D,Racial Profile,1000004675,2500318765,Incident ID,2025-09-04 00:00:00,September,W,H,M,32,True,False,PUTNAM,"00000 EXIT 46 I 395 N  (PUTNAM, T116)",41 54 33.9660000000,71 53 25.2600000000,V,G,1.0,0,14-219(c)(1),,False,N,False,False,I,,,,,False,1.0,CTCSP0000,134061300088781999,2025-09-04 21:17:39.710000,21:17:39.710000,2025,,,Speed Related,2025
2025-10-28 09:00:46.327000,7835601.0,CTCSP0500,CSP Troop D,Racial Profile,1000004012,2500319766,Incident ID,2025-09-05 00:00:00,September,W,N,M,29,True,True,PLAINFIELD,"00000 I 395  (PLAINFIELD, T109)",41 38 58.9452000000,71 55 50.9880000000,V,B,1.0,0,14-298,,False,N,False,False,I,,,,,False,1.0,CTCSP0000,134061300088781999,2025-09-05 15:50:07.263000,15:50:07.263000,2025,,,STC Violation,2025
2025-10-28 09:00:46.337000,7835602.0,CTCSP0500,CSP Troop D,Racial Profile,1000004012,2500319792,Incident ID,2025-09-05 00:00:00,September,B,N,M,27,True,True,PLAINFIELD,"00000 I 395  (PLAINFIELD, T109)",41 39 43.1532000000,71 55 3.6120000000,V,B,1.0,0,14-298,,False,N,False,False,I,,,,,False,1.0,CTCSP0000,134061300088781999,2025-09-05 16:07:03.523000,16:07:03.523000,2025,,,STC Violation,2025
2025-10-28 09:00:46.530000,7835656.0,CTCSP0500,CSP Troop D,Racial Profile,1000004671,2500320154,Incident ID,2025-09-05 00:00:00,September,W,N,M,65,True,False,KILLINGLY,00000 s/b 395 x 41,41 51 31.3236000000,71 53 4.3080000000,V,G,1.0,0,14-236,,False,N,False,False,V,,,,,False,1.0,CTCSP0000,134061300088781999,2025-09-05 22:50:17.357000,22:50:17.357000,2025,,,Moving Violation,2025
2025-10-28 09:00:46.607000,7835685.0,CTCSP0500,CSP Troop D,Racial Profile,1000004797,2500319397,Incident ID,2025-09-05 00:00:00,September,W,N,F,27,True,False,CHAPLIN,"RT 198, Chaplin Ct",41 49 11.8632000000,72 6 25.4520000000,V,G,1.0,0,14-218a,,False,N,False,False,V,,,,,False,1.0,CTCSP0000,134061300088781999,2025-09-05 10:42:47.333000,10:42:47.333000,2025,,,Speed Related,2025
2025-10-28 09:00:46.593000,7835679.0,CTCSP0500,CSP Troop D,Racial Profile,1000004777,2500320217,Incident ID,2025-09-05 00:00:00,September,W,N,F,27,True,False,BROOKLYN,rt 6 brooklyn ,41 47 48.9228000000,71 54 49.3200000000,V,B,1.0,0,14-242,,False,N,False,False,V,,,,,False,1.0,CTCSP0000,134061300088781999,2025-09-05 23:35:54.200000,23:35:54.200000,2025,,,Moving Violation,2025
2025-10-28 09:00:46.470000,7835635.0,CTCSP0500,CSP Troop D,Racial Profile,1000004409,2500320940,Incident ID,2025-09-06 00:00:00,September,W,N,M,75,True,True,KILLINGLY,00000 MAIN ST,41 48 12.0960000000,71 53 8.7360000000,V,B,1.0,0,14-299,,False,N,False,False,W,,,,,False,1.0,CTCSP0000,134061300088781999,2025-09-06 16:14:11.843000,16:14:11.843000,2025,,,Traffic Control Signal,2025
2025-10-28 09:00:46.543000,7835661.0,CTCSP0500,CSP Troop D,Racial Profile,1000004675,2500321894,Incident ID,2025-09-07 00:00:00,September,W,N,M,33,True,False,KILLINGLY,Rt. 6 Killingly,41 47 57.9948000000,71 53 7.6200000000,V,G,1.0,0,14-12(a)*,,False,N,False,False,V,,,,,False,1.0,CTCSP0000,134061300088781999,2025-09-07 18:32:26.533000,18:32:26.533000,2025,,,Registration,2025
2025-10-28 09:00:46.543000,7835662.0,CTCSP0500,CSP Troop D,Racial Profile,1000004675,2500321973,Incident ID,2025-09-07 00:00:00,September,W,H,M,16,True,False,KILLINGLY,i395 killingly,41 50 13.0812000000,71 52 34.1040000000,V,G,1.0,0,14-96(a)a,,False,N,False,False,V,,,,,False,1.0,CTCSP0000,134061300088781999,2025-09-07 20:42:00.253000,20:42:00.253000,2025,,,Defective Lights,2025
2025-10-28 09:00:46.473000,7835636.0,CTCSP0500,CSP Troop D,Racial Profile,1000004409,2500321626,Incident ID,2025-09-07 00:00:00,September,W,N,M,80,False,False,EASTFORD,00000 Boston Tpke,41 53 44.4768000000,72 3 12.0384000000,V,B,1.0,0,14-233,,False,N,False,False,W,,,,,False,1.0,CTCSP0000,134061300088781999,2025-09-07 12:39:53.623000,12:39:53.623000,2025,,,Moving Violation,2025
2025-10-28 09:00:46.540000,7835660.0,CTCSP0500,CSP Troop D,Racial Profile,1000004675,2500321853,Incident ID,2025-09-07 00:00:00,September,B,N,F,55,True,False,PLAINFIELD,I395 plainfield,41 40 15.3984000000,71 54 35.2800000000,V,G,1.0,0,14-12(a)*,,False,N,False,False,V,,,,,False,1.0,CTCSP0000,134061300088781999,2025-09-07 17:45:05.113000,17:45:05.113000,2025,,,Registration,2025
2025-10-28 09:00:46.310000,7835595.0,CTCSP0500,CSP Troop D,Racial Profile,1000001947,2500323158,Incident ID,2025-09-08 00:00:00,September,W,H,M,43,False,False,KILLINGLY,"00000 I 395  (KILLINGLY, T069)",41 47 6.6372000000,71 52 19.3800000000,V,B,1.0,0,14-230(a),,False,N,False,False,I,,,,,False,1.0,CTCSP0000,134061300088781999,2025-09-08 19:22:25.503000,19:22:25.503000,2025,,,Moving Violation,2025
2025-10-28 09:00:46.340000,7835603.0,CTCSP0500,CSP Troop D,Racial Profile,1000004012,2500322162,Incident ID,2025-09-08 00:00:00,September,W,N,F,60,True,True,KILLINGLY,"00000 RICHARD ST (KILLINGLY, T069)",41 49 30.3960000000,71 52 32.4840000000,V,B,1.0,0,14-12(a)*,,False,N,False,False,V,,,,,False,1.0,CTCSP0000,134061300088781999,2025-09-08 02:30:26.900000,02:30:26.900000,2025,,,Registration,2025
2025-10-28 09:00:46.547000,7835663.0,CTCSP0500,CSP Troop D,Racial Profile,1000004675,2500322803,Incident ID,2025-09-08 00:00:00,September,W,N,M,52,True,False,BROOKLYN,"00000 LAUREL HILL RD (BROOKLYN, T019)",41 47 0.3192000000,71 58 9.3720000000,V,G,1.0,0,14-12(a)*,,False,N,False,False,I,,,,,False,1.0,CTCSP0000,134061300088781999,2025-09-08 14:43:01.423000,14:43:01.423000,2025,,,Registration,2025
2025-10-28 09:00:46.497000,7835645.0,CTCSP0500,CSP Troop D,Racial Profile,1000004532,2500322771,Incident ID,2025-09-08 00:00:00,September,W,N,M,33,True,False,BROOKLYN,"00000 ALLEN HILL RD (BROOKLYN, T019)",41 46 39.6012000000,71 55 18.1920000000,V,G,1.0,0,14-218a,,False,N,False,False,W,,,,,False,1.0,CTCSP0000,134061300088781999,2025-09-08 14:11:14.150000,14:11:14.150000,2025,14-218a,,Speed Related,2025
2025-10-28 09:00:46.593000,7835680.0,CTCSP0500,CSP Troop D,Racial Profile,1000004777,2500324831,Incident ID,2025-09-09 00:00:00,September,W,N,F,52,False,False,BROOKLYN,00000 PROVIDENCE RD,41 47 29.1516000000,71 56 48.7680000000,V,B,1.0,0,14-236,,False,N,False,False,W,,,,,False,1.0,CTCSP0000,134061300088781999,2025-09-09 23:46:48.957000,23:46:48.957000,2025,,,Moving Violation,2025
2025-10-28 09:00:46.613000,7835688.0,CTCSP0500,CSP Troop D,Racial Profile,1000004964,2500323419,Incident ID,2025-09-09 00:00:00,September,B,N,M,42,True,False,PLAINFIELD,00000 REST AREA ,41 45 20.5092000000,71 52 37.5240000000,V,B,1.0,0,14-236,,False,N,False,False,W,,,,,False,1.0,CTCSP0000,134061300088781999,2025-09-09 00:29:38.840000,00:29:38.840000,2025,14-236,,Moving Violation,2025
2025-10-28 09:00:46.320000,7835599.0,CTCSP0500,CSP Troop D,Racial Profile,1000003512,2500326183,Incident ID,2025-09-10 00:00:00,September,W,N,M,26,True,False,LISBON,"00000 EXIT 19 I 395 N  (LISBON, T073)",41 35 16.6524000000,72 1 34.9320000000,V,B,1.0,1,14-298,,False,N,False,False,I,,,,,False,1.0,CTCSP0000,134061300088781999,2025-09-10 23:16:26.777000,23:16:26.777000,2025,,,STC Violation,2025
2025-10-28 09:00:46.477000,7835637.0,CTCSP0500,CSP Troop D,Racial Profile,1000004409,2500328884,Incident ID,2025-09-12 00:00:00,September,W,N,M,16,True,True,KILLINGLY,rt 12,41 51 24.5052000000,71 52 51.9240000000,V,B,1.0,0,14-18(c),,False,N,False,False,V,,,,,False,1.0,CTCSP0000,134061300088781999,2025-09-12 21:24:47.490000,21:24:47.490000,2025,,,Display of Plates,2025
2025-10-28 09:00:46.413000,7835621.0,CTCSP0500,CSP Troop D,Racial Profile,1000004259,2500328937,Incident ID,2025-09-12 00:00:00,September,W,N,F,65,False,False,BROOKLYN,Allen Hikll Rd,41 46 46.6104000000,71 55 17.6880000000,V,B,1.0,0,14-236,,False,N,False,False,N,,,,,False,1.0,CTCSP0000,134061300088781999,2025-09-12 22:41:05.593000,22:41:05.593000,2025,,,Moving Violation,2025
2025-10-28 09:00:46.480000,7835638.0,CTCSP0500,CSP Troop D,Racial Profile,1000004409,2500328901,Incident ID,2025-09-12 00:00:00,September,W,N,M,25,True,True,POMFRET,rt 97,41 50 41.8092000000,72 0 56.1960000000,V,B,1.0,0,14-230,,False,N,False,False,V,,,,,False,1.0,CTCSP0000,134061300088781999,2025-09-12 21:51:45.843000,21:51:45.843000,2025,,,Moving Violation,2025
2025-10-28 09:00:46.610000,7835686.0,CTCSP0500,CSP Troop D,Racial Profile,1000004856,2500328335,Incident ID,2025-09-12 00:00:00,September,W,N,F,69,True,True,MONTVILLE,00000 I 395 ,41 25 41.9412000000,72 7 25.0680000000,V,G,1.0,0,14-230(a),,False,N,False,False,W,,,,,False,1.0,CTCSP0000,134061300088781999,2025-09-12 13:31:30.497000,13:31:30.497000,2025,,,Moving Violation,2025
2025-10-28 09:00:46.550000,7835664.0,CTCSP0500,CSP Troop D,Racial Profile,1000004675,2500329714,Incident ID,2025-09-13 00:00:00,September,W,N,M,38,True,False,KILLINGLY,Main st. killingly,41 48 22.1832000000,71 52 57.2520000000,V,G,1.0,0,14-12(a)*,,False,N,False,False,V,,,,,False,1.0,CTCSP0000,134061300088781999,2025-09-13 17:07:48.853000,17:07:48.853000,2025,,,Registration,2025
2025-10-28 09:00:46.553000,7835665.0,CTCSP0500,CSP Troop D,Racial Profile,1000004675,2500329801,Incident ID,2025-09-13 00:00:00,September,W,N,F,78,True,False,KILLINGLY,I395 killingly,41 49 2.6328000000,71 52 10.8120000000,V,G,1.0,0,14-12(a)*,,False,N,False,False,V,,,,,False,1.0,CTCSP0000,134061300088781999,2025-09-13 19:01:26.107000,19:01:26.107000,2025,,,Registration,2025
2025-10-28 09:00:46.347000,7835604.0,CTCSP0500,CSP Troop D,Racial Profile,1000004012,2500329109,Incident ID,2025-09-13 00:00:00,September,W,N,M,20,True,True,KILLINGLY,"00000 I 395  (KILLINGLY, T069)",41 48 10.3248000000,71 52 21.0720000000,V,B,1.0,0,14-219(c)(1),,False,N,False,False,I,,,,,False,1.0,CTCSP0000,134061300088781999,2025-09-13 02:35:05.077000,02:35:05.077000,2025,,,Speed Related,2025
2025-10-28 09:00:46.413000,7835622.0,CTCSP0500,CSP Troop D,Racial Profile,1000004268,2500330206,Incident ID,2025-09-14 00:00:00,September,W,N,F,75,True,True,PLAINFIELD,"00000 NORWICH RD (PLAINFIELD, T109)",41 42 29.8584000000,71 54 18.2520000000,V,B,1.0,0,14-219,,False,N,False,False,V,,,,,False,1.0,CTCSP0000,134061300088781999,2025-09-14 07:43:21.510000,07:43:21.510000,2025,,,Speed Related,2025
2025-10-28 09:00:46.617000,7835689.0,CTCSP0500,CSP Troop D,Racial Profile,1000004964,2500330121,Incident ID,2025-09-14 00:00:00,September,B,N,F,31,True,True,PLAINFIELD,"00395 I 395  (PLAINFIELD, T109)",41 42 5.4288000000,71 54 5.3892000000,V,B,1.0,0,14-219,,False,N,False,False,V,,,,,False,1.0,CTCSP0000,134061300088781999,2025-09-14 03:35:55.857000,03:35:55.857000,2025,14-219,,Speed Related,2025
2025-10-28 09:00:46.557000,7835666.0,CTCSP0500,CSP Troop D,Racial Profile,1000004675,2500330900,Incident ID,2025-09-14 00:00:00,September,W,N,F,22,True,False,BROOKLYN,"00000 PROVIDENCE RD (BROOKLYN, T019)",41 47 52.8612000000,71 54 22.0320000000,V,G,1.0,0,14-36(a),,False,N,False,False,I,,,,,False,1.0,CTCSP0000,134061300088781999,2025-09-14 21:54:58.587000,21:54:58.587000,2025,,,Unlicensed Operation,2025
2025-10-28 09:00:46.357000,7835608.0,CTCSP0500,CSP Troop D,Racial Profile,1000004012,2500331512,Incident ID,2025-09-15 00:00:00,September,W,N,F,59,True,True,KILLINGLY,"00000 FRANKLIN ST (KILLINGLY, T069)",41 47 51.3852000000,71 52 48.7920000000,V,B,1.0,0,14-12(a),,False,N,False,False,V,,,,,False,1.0,CTCSP0000,134061300088781999,2025-09-15 11:41:43.757000,11:41:43.757000,2025,,,Registration,2025
2025-10-28 09:00:46.497000,7835646.0,CTCSP0500,CSP Troop D,Racial Profile,1000004532,2500331641,Incident ID,2025-09-15 00:00:00,September,W,N,M,64,True,False,PUTNAM,"00000 PROVIDENCE PIKE (PUTNAM, T116)",41 55 28.7796000000,71 52 49.9800000000,V,B,1.0,0,14-232(b),,False,N,False,False,W,,,,,False,1.0,CTCSP0000,134061300088781999,2025-09-15 13:49:23.153000,13:49:23.153000,2025,14-232(b),,Moving Violation,2025
2025-10-28 09:00:46.350000,7835605.0,CTCSP0500,CSP Troop D,Racial Profile,1000004012,2500331403,Incident ID,2025-09-15 00:00:00,September,W,N,M,59,True,True,KILLINGLY,"00000 PROVIDENCE PIKE (KILLINGLY, T069)",41 47 27.2400000000,71 49 22.9440000000,V,B,1.0,0,14-219,,False,N,False,False,V,,,,,False,1.0,CTCSP0000,134061300088781999,2025-09-15 10:29:21.353000,10:29:21.353000,2025,,,Speed Related,2025
2025-10-28 09:00:46.353000,7835607.0,CTCSP0500,CSP Troop D,Racial Profile,1000004012,2500331479,Incident ID,2025-09-15 00:00:00,September,W,N,M,28,False,False,KILLINGLY,"00000 RT 6  (KILLINGLY, T069)",41 47 36.7008000000,71 52 39.2160000000,V,B,1.0,0,14-219,,False,N,False,False,V,,,,,False,1.0,CTCSP0000,134061300088781999,2025-09-15 11:22:10.520000,11:22:10.520000,2025,,,Speed Related,2025
2025-10-28 09:00:46.417000,7835623.0,CTCSP0500,CSP Troop D,Racial Profile,1000004268,2500331103,Incident ID,2025-09-15 00:00:00,September,W,N,F,45,True,True,KILLINGLY,"00000 I 395  (KILLINGLY, T069)",41 47 41.8380000000,71 52 34.7520000000,V,B,3.0,0,14-237,,False,N,False,False,I,,,,,False,1.0,CTCSP0000,134061300088781999,2025-09-15 06:46:37.830000,06:46:37.830000,2025,,,Moving Violation,2025
2025-10-28 09:00:46.353000,7835606.0,CTCSP0500,CSP Troop D,Racial Profile,1000004012,2500331417,Incident ID,2025-09-15 00:00:00,September,W,N,M,56,True,True,KILLINGLY,"00000 WESTCOTT RD (KILLINGLY, T069)",41 47 27.0420000000,71 50 47.6160000000,V,B,1.0,0,14-219,,False,N,False,False,V,,,,,False,1.0,CTCSP0000,134061300088781999,2025-09-15 10:41:08.017000,10:41:08.017000,2025,,,Speed Related,2025
2025-10-28 09:00:46.453000,7835628.0,CTCSP0500,CSP Troop D,Racial Profile,1000004405,2500333404,Incident ID,2025-09-16 00:00:00,September,W,N,F,21,True,True,KILLINGLY,KILLINGLY COMMONS,41 50 26.4552000000,71 52 56.1360000000,V,B,1.0,0,14-301,,False,N,False,False,W,,,,,False,1.0,CTCSP0000,134061300088781999,2025-09-16 20:59:16.750000,20:59:16.750000,2025,,,Stop Sign,2025
2025-10-28 09:00:46.420000,7835624.0,CTCSP0500,CSP Troop D,Racial Profile,1000004268,2500332940,Incident ID,2025-09-16 00:00:00,September,A,N,F,37,True,True,PLAINFIELD,00000 I 395 ,41 42 41.5944000000,71 53 48.8400000000,V,B,1.0,0,14-219(c)(1),,False,N,False,False,W,,,,,False,1.0,CTCSP0000,134061300088781999,2025-09-16 13:48:52.797000,13:48:52.797000,2025,,,Speed Related,2025
2025-10-28 09:00:46.560000,7835667.0,CTCSP0500,CSP Troop D,Racial Profile,1000004675,2500333206,Incident ID,2025-09-16 00:00:00,September,W,N,F,43,True,False,KILLINGLY,"00000 I 395  (KILLINGLY, T069)",41 49 12.6876000000,71 52 14.0160000000,V,G,1.0,0,14-12(a)*,,False,N,False,False,I,,,,,False,1.0,CTCSP0000,134061300088781999,2025-09-16 17:17:19.683000,17:17:19.683000,2025,,,Registration,2025
2025-10-28 09:00:46.597000,7835681.0,CTCSP0500,CSP Troop D,Racial Profile,1000004777,2500332331,Incident ID,2025-09-16 00:00:00,September,W,H,M,30,True,False,KILLINGLY,395 nb x 41,41 49 51.5460000000,71 52 28.6320000000,V,B,2.0,1,14-219,,False,N,False,False,M,,,,,False,1.0,CTCSP0000,134061300088781999,2025-09-16 03:52:49.547000,03:52:49.547000,2025,14-213,,Speed Related,2025
2025-10-28 09:00:46.313000,7835597.0,CTCSP0500,CSP Troop D,Racial Profile,1000002753,2500334614,Incident ID,2025-09-17 00:00:00,September,W,N,F,68,True,True,KILLINGLY,"00000 PROVIDENCE PIKE (KILLINGLY, T069)",41 47 25.4976000000,71 49 59.5560000000,V,B,1.0,0,14-218a,,False,N,False,False,V,,,,,False,1.0,CTCSP0000,134061300088781999,2025-09-17 21:38:54.470000,21:38:54.470000,2025,,,Speed Related,2025
2025-10-28 09:00:46.363000,7835610.0,CTCSP0500,CSP Troop D,Racial Profile,1000004012,2500333611,Incident ID,2025-09-17 00:00:00,September,B,N,M,23,False,False,KILLINGLY,"00000 RT 6  (KILLINGLY, T069)",41 47 36.3228000000,71 52 39.5400000000,V,B,1.0,0,14-244,,False,N,False,False,V,,,,,False,1.0,CTCSP0000,134061300088781999,2025-09-17 01:12:54.393000,01:12:54.393000,2025,,,Moving Violation,2025
2025-10-28 09:00:46.367000,7835611.0,CTCSP0500,CSP Troop D,Racial Profile,1000004012,2500333719,Incident ID,2025-09-17 00:00:00,September,W,N,F,48,True,True,KILLINGLY,"00000 RT 6  (KILLINGLY, T069)",41 47 50.3304000000,71 53 6.2160000000,V,B,1.0,0,14-12(a),,False,N,False,False,I,,,,,False,1.0,CTCSP0000,134061300088781999,2025-09-17 06:37:35.340000,06:37:35.340000,2025,,,Registration,2025
2025-10-28 09:00:46.600000,7835682.0,CTCSP0500,CSP Troop D,Racial Profile,1000004777,2500333698,Incident ID,2025-09-17 00:00:00,September,W,N,M,37,True,False,PLAINFIELD,"00000 I 395  (PLAINFIELD, T109)",41 43 22.9980000000,71 53 34.0440000000,V,B,1.0,0,14-240(b,,False,N,False,False,I,,,,,False,1.0,CTCSP0000,134061300088781999,2025-09-17 06:10:33.230000,06:10:33.230000,2025,,,Moving Violation,2025
2025-10-28 09:00:46.360000,7835609.0,CTCSP0500,CSP Troop D,Racial Profile,1000004012,2500333605,Incident ID,2025-09-17 00:00:00,September,W,N,M,32,True,True,BROOKLYN,"00000 PROVIDENCE RD (BROOKLYN, T019)",41 48 4.4604000000,71 53 35.5200000000,V,B,1.0,0,14-96b,,False,N,False,False,V,,,,,False,1.0,CTCSP0000,134061300088781999,2025-09-17 01:05:35.240000,01:05:35.240000,2025,,,Defective Lights,2025
2025-10-28 09:00:46.560000,7835668.0,CTCSP0500,CSP Troop D,Racial Profile,1000004675,2500336393,Incident ID,2025-09-19 00:00:00,September,W,N,F,45,True,False,PUTNAM,I395 putnam,41 54 33.9660000000,71 53 25.2600000000,V,G,1.0,0,14-12(a)*,,False,N,False,False,I,,,,,False,1.0,CTCSP0000,134061300088781999,2025-09-19 10:10:43.470000,10:10:43.470000,2025,,,Registration,2025
2025-10-28 09:00:46.563000,7835669.0,CTCSP0500,CSP Troop D,Racial Profile,1000004675,2500336405,Incident ID,2025-09-19 00:00:00,September,W,N,M,64,True,True,PUTNAM,"00000 ARTHUR ST (PUTNAM, T116)",41 54 32.8860000000,71 53 45.3480000000,V,G,1.0,0,14-12(a)*,,False,N,False,False,I,,,,,False,1.0,CTCSP0000,134061300088781999,2025-09-19 10:20:41.290000,10:20:41.290000,2025,,,Registration,2025
2025-10-28 09:00:46.613000,7835687.0,CTCSP0500,CSP Troop D,Racial Profile,1000004856,2500336036,Incident ID,2025-09-19 00:00:00,September,A,N,F,43,True,True,BROOKLYN,"00000 PROVIDENCE RD (BROOKLYN, T019)",41 47 47.6340000000,71 55 33.4560000000,V,G,1.0,0,14-219(b(1*CZ,,False,N,False,False,W,,,,,False,1.0,CTCSP0000,134061300088781999,2025-09-19 02:56:43.807000,02:56:43.807000,2025,,,Speed Related,2025
2025-10-28 09:00:46.400000,7835620.0,CTCSP0500,CSP Troop D,Racial Profile,1000004177,2500336678,Incident ID,2025-09-19 00:00:00,September,W,N,F,20,True,False,KILLINGLY,"00000 N Main St (KILLINGLY, T069)",41 49 31.6812000000,71 52 40.8612000000,V,G,1.0,0,14-279,,False,N,False,False,I,,,,,False,1.0,CTCSP0000,134061300088781999,2025-09-19 14:52:17.130000,14:52:17.130000,2025,,,Other,2025
2025-10-28 09:00:46.367000,7835612.0,CTCSP0500,CSP Troop D,Racial Profile,1000004012,2500337753,Incident ID,2025-09-20 00:00:00,September,W,N,M,18,True,True,PLAINFIELD,"00000 I 395  (PLAINFIELD, T109)",41 39 18.9324000000,71 55 29.6400000000,V,B,1.0,0,14-298,,False,N,False,False,I,,,,,False,1.0,CTCSP0000,134061300088781999,2025-09-20 15:14:26.350000,15:14:26.350000,2025,,,STC Violation,2025
2025-10-28 09:00:46.370000,7835613.0,CTCSP0500,CSP Troop D,Racial Profile,1000004012,2500337779,Incident ID,2025-09-20 00:00:00,September,W,N,M,38,True,True,KILLINGLY,"00000 I 395  (KILLINGLY, T069)",41 48 14.4036000000,71 52 21.1440000000,V,B,1.0,0,14-12(a),,False,N,False,False,V,,,,,False,1.0,CTCSP0000,134061300088781999,2025-09-20 15:30:52.637000,15:30:52.637000,2025,,,Registration,2025
2025-10-28 09:00:46.373000,7835614.0,CTCSP0500,CSP Troop D,Racial Profile,1000004012,2500338008,Incident ID,2025-09-20 00:00:00,September,W,N,M,21,False,False,PLAINFIELD,"00000 I 395  (PLAINFIELD, T109)",41 43 45.1776000000,71 53 21.4800000000,V,B,1.0,0,14-219,,False,N,False,False,V,,,,,False,1.0,CTCSP0000,134061300088781999,2025-09-20 20:14:01.890000,20:14:01.890000,2025,,,Speed Related,2025
2025-10-28 09:00:46.377000,7835615.0,CTCSP0500,CSP Troop D,Racial Profile,1000004012,2500338023,Incident ID,2025-09-20 00:00:00,September,W,N,M,58,True,True,PLAINFIELD,"00000 I 395  (PLAINFIELD, T109)",41 39 46.5804000000,71 54 59.9040000000,V,B,1.0,0,14-219,,False,N,False,False,V,,,,,False,1.0,CTCSP0000,134061300088781999,2025-09-20 20:32:56.650000,20:32:56.650000,2025,,,Speed Related,2025
2025-10-28 09:00:46.380000,7835617.0,CTCSP0500,CSP Troop D,Racial Profile,1000004012,2500338034,Incident ID,2025-09-20 00:00:00,September,W,N,M,18,True,True,PLAINFIELD,"00000 I 395  (PLAINFIELD, T109)",41 45 4.5072000000,71 52 43.7880000000,V,B,1.0,0,14-219(c)(1),,False,N,False,False,I,,,,,False,1.0,CTCSP0000,134061300088781999,2025-09-20 20:55:26.520000,20:55:26.520000,2025,,,Speed Related,2025
2025-10-28 09:00:46.380000,7835616.0,CTCSP0500,CSP Troop D,Racial Profile,1000004012,2500338029,Incident ID,2025-09-20 00:00:00,September,B,N,M,27,False,False,PLAINFIELD,"00000 I 395  (PLAINFIELD, T109)",41 40 15.3984000000,71 54 35.2800000000,V,B,1.0,0,14-219,,False,N,False,False,V,,,,,False,1.0,CTCSP0000,134061300088781999,2025-09-20 20:43:23.127000,20:43:23.127000,2025,,,Speed Related,2025
2025-10-28 09:00:46.393000,7835618.0,CTCSP0500,CSP Troop D,Racial Profile,1000004012,2500338221,Incident ID,2025-09-21 00:00:00,September,W,N,F,21,True,True,KILLINGLY,"00000 I 395  (KILLINGLY, T069)",41 49 2.6328000000,71 52 10.8120000000,V,B,1.0,0,14-219,,False,N,False,False,V,,,,,False,1.0,CTCSP0000,134061300088781999,2025-09-21 01:28:10.437000,01:28:10.437000,2025,,,Speed Related,2025
2025-10-28 09:00:46.397000,7835619.0,CTCSP0500,CSP Troop D,Racial Profile,1000004012,2500338234,Incident ID,2025-09-21 00:00:00,September,A,N,F,38,True,True,PLAINFIELD,"00000 I 395  (PLAINFIELD, T109)",41 45 37.6128000000,71 52 26.8320000000,V,B,1.0,0,14-219,,False,N,False,False,V,,,,,False,1.0,CTCSP0000,134061300088781999,2025-09-21 01:57:54.333000,01:57:54.333000,2025,,,Speed Related,2025
2025-10-28 09:00:46.567000,7835670.0,CTCSP0500,CSP Troop D,Racial Profile,1000004675,2500338897,Incident ID,2025-09-21 00:00:00,September,W,N,F,44,True,False,KILLINGLY,I395 killingly,41 48 33.6924000000,71 52 22.1880000000,V,G,1.0,0,14-12(a)*,,False,N,False,False,V,,,,,False,1.0,CTCSP0000,134061300088781999,2025-09-21 20:00:06.623000,20:00:06.623000,2025,,,Registration,2025
2025-10-28 09:00:46.600000,7835683.0,CTCSP0500,CSP Troop D,Racial Profile,1000004777,2500340189,Incident ID,2025-09-22 00:00:00,September,A,N,M,59,True,True,KILLINGLY,00000 MAPLE ST,41 48 10.0908000000,71 53 13.4880000000,V,B,1.0,0,14-301,,False,N,False,False,W,,,,,False,1.0,CTCSP0000,134061300088781999,2025-09-22 23:02:47.800000,23:02:47.800000,2025,,,Stop Sign,2025
2025-10-28 09:00:46.517000,7835652.0,CTCSP0500,CSP Troop D,Racial Profile,1000004534,2500340171,Incident ID,2025-09-22 00:00:00,September,W,N,F,76,True,True,PUTNAM,00000 I 395 ,41 54 56.4912000000,71 53 20.6880000000,V,G,1.0,0,14-219(c)(1),,False,N,False,False,W,,,,,False,1.0,CTCSP0000,134061300088781999,2025-09-22 22:36:35.410000,22:36:35.410000,2025,,,Speed Related,2025
2025-10-28 09:00:46.453000,7835629.0,CTCSP0500,CSP Troop D,Racial Profile,1000004405,2500340152,Incident ID,2025-09-22 00:00:00,September,B,N,M,29,False,False,KILLINGLY,00000 WESTCOTT RD,41 48 33.6168000000,71 52 34.1760000000,V,B,1.0,0,14-219(c)(1),,False,N,False,False,W,,,,,False,1.0,CTCSP0000,134061300088781999,2025-09-22 22:08:05.270000,22:08:05.270000,2025,,,Speed Related,2025
2025-10-28 09:00:46.503000,7835647.0,CTCSP0500,CSP Troop D,Racial Profile,1000004532,2500339462,Incident ID,2025-09-22 00:00:00,September,W,N,M,50,False,False,KILLINGLY,"00000 HARTFORD PIKE (KILLINGLY, T069)",41 50 28.7736000000,71 52 36.1920000000,V,B,1.0,0,14-236,,False,N,False,False,W,,,,,False,1.0,CTCSP0000,134061300088781999,2025-09-22 10:36:40.127000,10:36:40.127000,2025,14-236,,Moving Violation,2025
2025-10-28 09:00:46.603000,7835684.0,CTCSP0500,CSP Troop D,Racial Profile,1000004779,2500341113,Incident ID,2025-09-23 00:00:00,September,W,N,M,19,True,False,BROOKLYN,00000 PROVIDENCE RD,41 48 6.6240000000,71 53 22.3440000000,V,G,1.0,0,14-18(a),,False,N,False,False,W,,,,,False,1.0,CTCSP0000,134061300088781999,2025-09-23 16:18:05.317000,16:18:05.317000,2025,,,Display of Plates,2025
2025-10-28 09:00:46.317000,7835598.0,CTCSP0500,CSP Troop D,Racial Profile,1000002753,2500340343,Incident ID,2025-09-23 00:00:00,September,W,N,M,45,True,False,KILLINGLY,"00000 RT 6  (KILLINGLY, T069)",41 47 44.9628000000,71 52 59.8800000000,I,B,1.0,0,14-299,,False,N,False,False,V,,,,,False,1.0,CTCSP0000,134061300088781999,2025-09-23 05:21:10.210000,05:21:10.210000,2025,,,Traffic Control Signal,2025
2025-10-28 09:00:46.570000,7835671.0,CTCSP0500,CSP Troop D,Racial Profile,1000004675,2500341360,Incident ID,2025-09-23 00:00:00,September,W,N,M,33,True,False,KILLINGLY,"00000 I 395  (KILLINGLY, T069)",41 46 15.3120000000,71 52 20.6760000000,V,G,1.0,0,14-12(a)*,,False,N,False,False,I,,,,,False,1.0,CTCSP0000,134061300088781999,2025-09-23 20:53:34.870000,20:53:34.870000,2025,,,Registration,2025
2025-10-28 09:00:46.573000,7835672.0,CTCSP0500,CSP Troop D,Racial Profile,1000004675,2500342579,Incident ID,2025-09-24 00:00:00,September,W,N,F,33,True,False,BROOKLYN,00000 PROVIDENCE RD,41 47 54.8304000000,71 54 14.4720000000,V,G,1.0,0,14-12(a)*,,False,N,False,False,W,,,,,False,1.0,CTCSP0000,134061300088781999,2025-09-24 19:45:14.363000,19:45:14.363000,2025,,,Registration,2025
2025-10-28 09:00:46.460000,7835631.0,CTCSP0500,CSP Troop D,Racial Profile,1000004405,2500342604,Incident ID,2025-09-24 00:00:00,September,W,N,F,39,True,False,KILLINGLY,"00000 REYNOLDS ST (KILLINGLY, T069)",41 48 25.6140000000,71 52 47.7120000000,V,B,1.0,0,14-12(a)*,,False,N,False,False,I,,,,,False,1.0,CTCSP0000,134061300088781999,2025-09-24 20:21:01.713000,20:21:01.713000,2025,,,Registration,2025
2025-10-28 09:00:46.577000,7835673.0,CTCSP0500,CSP Troop D,Racial Profile,1000004675,2500342585,Incident ID,2025-09-24 00:00:00,September,W,N,M,64,True,False,BROOKLYN,Rt. 6 Brooklyn,41 47 54.8304000000,71 54 14.4720000000,I,G,1.0,0,53a-173,,False,N,False,False,N,,,,,False,1.0,CTCSP0000,134061300088781999,2025-09-24 20:00:33.650000,20:00:33.650000,2025,,,Other,2025
2025-10-28 09:00:46.583000,7835675.0,CTCSP0500,CSP Troop D,Racial Profile,1000004675,2500342613,Incident ID,2025-09-24 00:00:00,September,W,N,M,20,True,False,KILLINGLY,"00000 MAPLE ST (KILLINGLY, T069)",41 48 10.0908000000,71 53 13.4880000000,V,G,1.0,0,14-147(c),,False,N,False,False,I,,,,,False,1.0,CTCSP0000,134061300088781999,2025-09-24 20:35:22.040000,20:35:22.040000,2025,,,Administrative Offense,2025
2025-10-28 09:00:46.457000,7835630.0,CTCSP0500,CSP Troop D,Racial Profile,1000004405,2500342595,Incident ID,2025-09-24 00:00:00,September,A,N,F,46,True,True,KILLINGLY,00000 MAIN ST,41 48 55.7028000000,71 52 36.5520000000,V,B,1.0,0,14-12(a)*,,False,N,False,False,W,,,,,False,1.0,CTCSP0000,134061300088781999,2025-09-24 20:07:12.623000,20:07:12.623000,2025,,,Registration,2025
2025-10-28 09:00:46.580000,7835674.0,CTCSP0500,CSP Troop D,Racial Profile,1000004675,2500342603,Incident ID,2025-09-24 00:00:00,September,W,N,F,16,True,False,BROOKLYN,00000 PROVIDENCE RD,41 47 53.5956000000,71 54 19.1520000000,V,G,1.0,0,14-96a(a),,False,N,False,False,W,,,,,False,1.0,CTCSP0000,134061300088781999,2025-09-24 20:20:46.057000,20:20:46.057000,2025,,,Defective Lights,2025
2025-10-28 09:00:46.323000,7835600.0,CTCSP0500,CSP Troop D,Racial Profile,1000003919,2500343731,Incident ID,2025-09-25 00:00:00,September,W,N,M,19,True,False,KILLINGLY,"00000 Upper Maple St (KILLINGLY, T069)",41 50 36.2292000000,71 53 43.5696000000,E,B,1.0,0,14-12,,False,N,False,False,I,,,,,False,1.0,CTCSP0000,134061300088781999,2025-09-25 19:37:40.803000,19:37:40.803000,2025,,,Registration,2025
2025-10-28 09:00:46.463000,7835632.0,CTCSP0500,CSP Troop D,Racial Profile,1000004405,2500343645,Incident ID,2025-09-25 00:00:00,September,W,N,M,67,True,True,KILLINGLY,00000 I 395 ,41 49 2.6904000000,71 52 12.1800000000,V,B,1.0,0,14-12(a)*,,False,N,False,False,W,,,,,False,1.0,CTCSP0000,134061300088781999,2025-09-25 17:45:36.837000,17:45:36.837000,2025,,,Registration,2025
2025-10-28 09:00:46.467000,7835633.0,CTCSP0500,CSP Troop D,Racial Profile,1000004405,2500343755,Incident ID,2025-09-25 00:00:00,September,W,N,F,19,True,True,BROOKLYN,00000 PROVIDENCE RD,41 47 17.5560000000,71 56 58.6320000000,V,B,1.0,0,14-96a(a),,False,N,False,False,W,,,,,False,1.0,CTCSP0000,134061300088781999,2025-09-25 20:15:29.507000,20:15:29.507000,2025,,,Defective Lights,2025
2025-10-28 09:00:46.507000,7835648.0,CTCSP0500,CSP Troop D,Racial Profile,1000004532,2500343309,Incident ID,2025-09-25 00:00:00,September,W,N,M,23,False,False,KILLINGLY,"00395 I 395  (KILLINGLY, T069)",41 49 59.4012000000,71 52 29.6148000000,V,B,2.0,0,14-218a*,,False,N,False,False,I,,,,,False,1.0,CTCSP0000,134061300088781999,2025-09-25 12:47:03.270000,12:47:03.270000,2025,14-238a,,Speed Related,2025
2025-10-28 09:00:46.620000,7835690.0,CTCSP0500,CSP Troop D,Racial Profile,1000004964,2500343965,Incident ID,2025-09-26 00:00:00,September,W,N,M,38,True,False,POMFRET,"00000 POMFRET ST (POMFRET, T112)",41 52 5.8008000000,71 57 45.3600000000,V,B,1.0,0,14-301,,False,N,False,False,W,,,,,False,1.0,CTCSP0000,134061300088781999,2025-09-26 01:22:27.773000,01:22:27.773000,2025,14-301,,Stop Sign,2025
2025-10-28 09:00:46.443000,7835626.0,CTCSP0500,CSP Troop D,Racial Profile,1000004402,2500346060,Incident ID,2025-09-27 00:00:00,September,B,H,M,38,False,False,POMFRET,"00467 MASHAMOQUET RD (POMFRET, T112)",41 51 33.7932000000,72 0 0.2880000000,V,B,1.0,0,14-234,,False,N,False,False,I,,,,,False,1.0,CTCSP0000,134061300088781999,2025-09-27 22:36:53.937000,22:36:53.937000,2025,,,Moving Violation,2025
2025-10-28 09:00:46.447000,7835627.0,CTCSP0500,CSP Troop D,Racial Profile,1000004403,2500346072,Incident ID,2025-09-27 00:00:00,September,W,H,F,35,False,False,HAMPTON,Rt 6 @ drain st,41 46 7.2912000000,72 2 57.3720000000,I,B,1.0,0,14-251,,False,N,False,False,N,,,,,False,1.0,CTCSP0000,134061300088781999,2025-09-27 22:48:47.873000,22:48:47.873000,2025,,,Other,2025
2025-10-28 09:00:46.310000,7835596.0,CTCSP0500,CSP Troop D,Racial Profile,1000002266,2500345502,Incident ID,2025-09-27 00:00:00,September,W,N,M,64,True,False,GRISWOLD,"00000 MAIN ST (GRISWOLD, T058)",41 36 21.3876000000,71 58 56.2080000000,V,B,1.0,0,14-299,,False,N,False,False,I,,,,,False,1.0,CTCSP0000,134061300088781999,2025-09-27 10:59:06.280000,10:59:06.280000,2025,,,Traffic Control Signal,2025
2025-10-28 09:00:46.530000,7835657.0,CTCSP0500,CSP Troop D,Racial Profile,1000004671,2500346837,Incident ID,2025-09-28 00:00:00,September,W,N,M,30,True,False,BROOKLYN,"00000 HARTFORD RD (BROOKLYN, T019)",41 47 1.3740000000,71 57 32.2560000000,V,G,1.0,0,14-232(b),,False,N,False,False,I,,,,,False,1.0,CTCSP0000,134061300088781999,2025-09-28 20:27:11.253000,20:27:11.253000,2025,,,Moving Violation,2025
2025-10-28 09:00:46.587000,7835676.0,CTCSP0500,CSP Troop D,Racial Profile,1000004675,2500346857,Incident ID,2025-09-28 00:00:00,September,W,N,F,41,True,False,KILLINGLY,00000 I 395 ,41 49 12.6876000000,71 52 14.0160000000,V,G,1.0,0,14-12(a)*,,False,N,False,False,W,,,,,False,1.0,CTCSP0000,134061300088781999,2025-09-28 21:23:41.340000,21:23:41.340000,2025,,,Registration,2025
2025-10-28 09:00:46.520000,7835653.0,CTCSP0500,CSP Troop D,Racial Profile,1000004534,2500347177,Incident ID,2025-09-29 00:00:00,September,W,N,F,43,True,False,UNION,"00000 BUCKLEY HWY (UNION, T145)",41 59 37.7628000000,72 9 18.9000000000,V,G,1.0,0,14-218a,,False,N,False,False,I,,,,,False,1.0,CTCSP0000,134061300088781999,2025-09-29 07:34:53.473000,07:34:53.473000,2025,,,Speed Related,2025
2025-10-28 09:00:46.587000,7835677.0,CTCSP0500,CSP Troop D,Racial Profile,1000004675,2500348136,Incident ID,2025-09-29 00:00:00,September,W,H,M,32,True,False,KILLINGLY,"00000 PUTNAM PIKE (KILLINGLY, T069)",41 50 31.1568000000,71 52 36.8040000000,V,G,1.0,0,14-147(c),,False,N,False,False,I,,,,,False,1.0,CTCSP0000,134061300088781999,2025-09-29 20:58:08.780000,20:58:08.780000,2025,,,Administrative Offense,2025
2025-10-28 09:00:46.467000,7835634.0,CTCSP0500,CSP Troop D,Racial Profile,1000004405,2500347718,Incident ID,2025-09-29 00:00:00,September,W,N,F,50,True,True,PUTNAM,00000 KENNEDY DR,41 54 39.9528000000,71 54 45.4320000000,V,B,1.0,0,14-12(a)*,,False,N,False,False,W,,,,,False,1.0,CTCSP0000,134061300088781999,2025-09-29 14:41:52.447000,14:41:52.447000,2025,,,Registration,2025
2025-10-28 09:00:46.480000,7835639.0,CTCSP0500,CSP Troop D,Racial Profile,1000004409,2500348137,Incident ID,2025-09-29 00:00:00,September,W,N,M,62,False,False,CHAPLIN,00000 HAMPTON RD,41 46 6.6504000000,72 7 11.8200000000,V,B,1.0,0,14-299,,False,N,False,False,W,,,,,False,1.0,CTCSP0000,134061300088781999,2025-09-29 20:58:35.737000,20:58:35.737000,2025,,,Traffic Control Signal,2025
2025-10-28 09:00:46.487000,7835641.0,CTCSP0500,CSP Troop D,Racial Profile,1000004409,2500349369,Incident ID,2025-09-30 00:00:00,September,W,H,M,50,True,False,HAMPTON,"00000 HARTFORD TPKE (HAMPTON, T063)",41 46 23.6856000000,72 4 56.8920000000,V,B,1.0,0,14-218a,,False,N,False,False,I,,,,,False,1.0,CTCSP0000,134061300088781999,2025-09-30 19:53:59.170000,19:53:59.170000,2025,,,Speed Related,2025
2025-10-28 09:00:46.510000,7835649.0,CTCSP0500,CSP Troop D,Racial Profile,1000004532,2500348844,Incident ID,2025-09-30 00:00:00,September,B,N,M,30,True,False,PLAINFIELD,"00000 I 395  (PLAINFIELD, T109)",41 45 19.0224000000,71 52 37.1280000000,V,B,1.0,0,14-219(c)(1),,False,N,False,False,W,,,,,False,1.0,CTCSP0000,134061300088781999,2025-09-30 11:11:58.897000,11:11:58.897000,2025,,,Speed Related,2025
2025-10-28 09:00:46.590000,7835678.0,CTCSP0500,CSP Troop D,Racial Profile,1000004678,2500349459,Incident ID,2025-09-30 00:00:00,September,W,N,M,32,True,False,PLAINFIELD,i395 n/b ,41 43 2.4888000000,71 53 41.3880000000,V,G,1.0,0,14-236,,False,N,False,False,V,,,,,False,1.0,CTCSP0000,134061300088781999,2025-09-30 22:30:50.267000,22:30:50.267000,2025,,,Moving Violation,2025
2025-10-28 09:00:46.483000,7835640.0,CTCSP0500,CSP Troop D,Racial Profile,1000004409,2500349275,Incident ID,2025-09-30 00:00:00,September,W,N,M,52,True,False,BROOKLYN,00000 PROVIDENCE RD,41 47 50.7552000000,71 54 33.1920000000,V,B,1.0,0,14-299,,False,N,False,False,W,,,,,False,1.0,CTCSP0000,134061300088781999,2025-09-30 17:25:47.583000,17:25:47.583000,2025,,,Traffic Control Signal,2025
2025-10-28 09:00:46.510000,7835650.0,CTCSP0500,CSP Troop D,Racial Profile,1000004532,2500349097,Incident ID,2025-09-30 00:00:00,September,W,N,F,35,True,False,KILLINGLY,00000 RT 6 / Day st Brooklyn,41 48 0.5302800000,71 53 53.4310800000,V,B,1.0,0,14-299,,False,N,False,False,W,,,,,False,1.0,CTCSP0000,134061300088781999,2025-09-30 14:43:11,14:43:11,2025,14-299,,Traffic Control Signal,2025
2025-12-08 13:55:47.580000,7942876.0,CTCSP0500,CSP Troop D,Racial Profile,1000004532,2500350206,Incident ID,2025-10-01 00:00:00,October,W,N,F,80,True,True,KILLINGLY,"00000 PRIMROSE VLG (KILLINGLY, T069)",41 50 13.8696000000,71 52 8.7600000000,V,B,1.0,0,14-242(e),,False,N,False,False,W,,,,,False,1.0,CTCSP0000,134096937073022130,2025-10-01 11:30:24.620000,11:30:24.620000,2025,14-242(e),,Moving Violation,2025
2025-12-08 13:55:47.740000,7942913.0,CTCSP0500,CSP Troop D,Racial Profile,1000004675,2500350725,Incident ID,2025-10-01 00:00:00,October,W,N,F,20,False,False,KILLINGLY,"00000 COTTAGE ST (KILLINGLY, T069)",41 48 11.2572000000,71 53 5.0640000000,V,G,1.0,0,14-12(a)*,,False,N,False,False,I,,,,,False,1.0,CTCSP0000,134096937073022130,2025-10-01 19:16:58.893000,19:16:58.893000,2025,,,Registration,2025
2025-12-08 13:55:47.083000,7942759.0,CTCSP0500,CSP Troop D,Racial Profile,1000002949,2500353434,Incident ID,2025-10-03 00:00:00,October,W,N,F,58,True,False,EASTFORD,RT 44 T039,41 52 42.6792000000,72 6 37.9440000000,V,G,1.0,0,14-230(a),,False,N,False,False,V,,,,,False,1.0,CTCSP0000,134096937073022130,2025-10-03 22:57:46.753000,22:57:46.753000,2025,,,Moving Violation,2025
2025-12-08 13:55:47.957000,7942983.0,CTCSP0500,CSP Troop D,Racial Profile,1000004799,2500352328,Incident ID,2025-10-03 00:00:00,October,W,N,M,31,True,True,CANTERBURY,00000 N CANTERBURY RD,41 41 59.2224000000,71 58 12.3240000000,V,B,1.0,0,14-12(a),,False,N,False,False,W,,,,,False,1.0,CTCSP0000,134096937073022130,2025-10-03 02:19:47.540000,02:19:47.540000,2025,,,Registration,2025
2025-12-08 13:55:47.580000,7942877.0,CTCSP0500,CSP Troop D,Racial Profile,1000004532,2500352857,Incident ID,2025-10-03 00:00:00,October,W,N,M,21,True,False,PUTNAM,"00000 I 395  (PUTNAM, T116)",41 53 25.6560000000,71 53 45.0960000000,V,B,1.0,1,14-286(b)*,,False,N,False,False,I,,,,,False,1.0,CTCSP0000,134096937073022130,2025-10-03 12:59:29.660000,12:59:29.660000,2025,14-286(b)*,,Other,2025
2025-12-08 13:55:47.913000,7942975.0,CTCSP0500,CSP Troop D,Racial Profile,1000004779,2500352972,Incident ID,2025-10-03 00:00:00,October,W,N,M,18,True,False,PLAINFIELD,00000 I 395 ,41 40 15.3984000000,71 54 35.2800000000,V,G,1.0,0,14-218a,,False,N,False,False,W,,,,,False,1.0,CTCSP0000,134096937073022130,2025-10-03 14:35:02.897000,14:35:02.897000,2025,,,Speed Related,2025
2025-12-08 13:55:47.530000,7942854.0,CTCSP0500,CSP Troop D,Racial Profile,1000004409,2500354307,Incident ID,2025-10-04 00:00:00,October,B,N,F,31,False,False,KILLINGLY,"00000 I 395  (KILLINGLY, T069)",41 48 44.8560000000,71 52 15.6360000000,V,B,1.0,0,14-219(c)(1),,False,N,False,False,I,,,,,False,1.0,CTCSP0000,134096937073022130,2025-10-04 21:13:04.880000,21:13:04.880000,2025,,,Speed Related,2025
2025-12-08 13:55:47.527000,7942853.0,CTCSP0500,CSP Troop D,Racial Profile,1000004409,2500354290,Incident ID,2025-10-04 00:00:00,October,W,N,M,25,True,True,KILLINGLY,00000 KNOX AVE,41 48 8.4672000000,71 52 19.1640000000,V,B,1.0,0,14-96b,,False,N,False,False,W,,,,,False,1.0,CTCSP0000,134096937073022130,2025-10-04 20:56:33.913000,20:56:33.913000,2025,,,Defective Lights,2025
2025-12-08 13:55:47.533000,7942856.0,CTCSP0500,CSP Troop D,Racial Profile,1000004409,2500355159,Incident ID,2025-10-05 00:00:00,October,W,N,F,18,True,False,HAMPTON,00000 HARTFORD TPKE,41 46 13.8684000000,72 3 46.7280000000,V,B,1.0,0,14-218a,,False,N,False,False,W,,,,,False,1.0,CTCSP0000,134096937073022130,2025-10-05 20:47:49.103000,20:47:49.103000,2025,14-218,,Speed Related,2025
2025-12-08 13:55:47.530000,7942855.0,CTCSP0500,CSP Troop D,Racial Profile,1000004409,2500355140,Incident ID,2025-10-05 00:00:00,October,W,N,F,31,True,False,HAMPTON,00000 PROVIDENCE TPKE,41 46 47.7516000000,72 1 37.6680000000,V,B,1.0,0,14-218a,,False,N,False,False,W,,,,,False,1.0,CTCSP0000,134096937073022130,2025-10-05 20:17:28.487000,20:17:28.487000,2025,,,Speed Related,2025
2025-12-08 13:55:47.813000,7942936.0,CTCSP0500,CSP Troop D,Racial Profile,1000004678,2500354584,Incident ID,2025-10-05 00:00:00,October,W,N,M,29,False,False,PLAINFIELD,i395 s/b plainfield,41 38 54.1284000000,71 55 56.9640000000,I,G,1.0,0,14-219,,False,N,False,False,V,,,,,False,1.0,CTCSP0000,134096937073022130,2025-10-05 07:10:57.680000,07:10:57.680000,2025,,,Speed Related,2025
2025-12-08 13:55:47.963000,7942987.0,CTCSP0500,CSP Troop D,Racial Profile,1000004856,2500354866,Incident ID,2025-10-05 00:00:00,October,A,N,M,42,False,False,PUTNAM,"00000 I 395  (PUTNAM, T116)",41 55 11.3628000000,71 53 13.9920000000,V,G,1.0,0,14-219(c)(1)*,,False,N,False,False,I,,,,,False,1.0,CTCSP0000,134096937073022130,2025-10-05 14:29:28.720000,14:29:28.720000,2025,,,Speed Related,2025
2025-12-08 13:55:47.507000,7942846.0,CTCSP0500,CSP Troop D,Racial Profile,1000004403,2500356393,Incident ID,2025-10-06 00:00:00,October,W,N,F,44,True,False,KILLINGLY,00000 I 395 ,41 51 18.5436000000,71 52 54.9120000000,V,B,1.0,0,14-219(c)(1),,False,N,False,False,W,,,,,False,1.0,CTCSP0000,134096937073022130,2025-10-06 19:20:47.727000,19:20:47.727000,2025,,,Speed Related,2025
2025-12-08 13:55:47.537000,7942857.0,CTCSP0500,CSP Troop D,Racial Profile,1000004409,2500356038,Incident ID,2025-10-06 00:00:00,October,W,N,M,18,True,False,BROOKLYN,"00000 HARTFORD RD (BROOKLYN, T019)",41 47 0.4848000000,72 0 56.2680000000,V,B,1.0,0,14-218a,,False,N,False,False,I,,,,,False,1.0,CTCSP0000,134096937073022130,2025-10-06 14:44:45.357000,14:44:45.357000,2025,,,Speed Related,2025
2025-12-08 13:55:47.540000,7942858.0,CTCSP0500,CSP Troop D,Racial Profile,1000004409,2500356429,Incident ID,2025-10-06 00:00:00,October,W,H,M,59,True,False,POMFRET,"00000 HAMPTON RD (POMFRET, T112)",41 51 0.2196000000,72 0 47.3040000000,V,B,1.0,0,14-215b(2),,False,N,False,False,I,,,,,False,1.0,CTCSP0000,134096937073022130,2025-10-06 20:20:56.177000,20:20:56.177000,2025,,,Administrative Offense,2025
2025-12-08 13:55:47.290000,7942791.0,CTCSP0500,CSP Troop D,Racial Profile,1000004012,2500357930,Incident ID,2025-10-07 00:00:00,October,W,N,M,20,True,True,BROOKLYN,"00000 PROVIDENCE RD (BROOKLYN, T019)",41 48 0.2700000000,71 53 52.8720000000,V,B,1.0,0,14-244,,False,N,False,False,I,,,,,False,1.0,CTCSP0000,134096937073022130,2025-10-07 23:02:09.377000,23:02:09.377000,2025,,,Moving Violation,2025
2025-12-08 13:55:47.460000,7942832.0,CTCSP0500,CSP Troop D,Racial Profile,1000004268,2500357144,Incident ID,2025-10-07 00:00:00,October,W,N,M,26,False,False,KILLINGLY,00000 I 395 ,41 48 32.3496000000,71 52 19.8480000000,V,B,1.0,0,14-219(c)(1),,False,N,False,False,W,,,,,False,1.0,CTCSP0000,134096937073022130,2025-10-07 11:04:00.103000,11:04:00.103000,2025,,,Speed Related,2025
2025-12-08 13:55:47.747000,7942915.0,CTCSP0500,CSP Troop D,Racial Profile,1000004675,2500357736,Incident ID,2025-10-07 00:00:00,October,W,N,M,40,True,False,KILLINGLY,"00000 I 395  (KILLINGLY, T069)",41 49 7.9140000000,71 52 12.6480000000,V,G,1.0,0,14-12(a)*,,False,N,False,False,I,,,,,False,1.0,CTCSP0000,134096937073022130,2025-10-07 18:31:40.083000,18:31:40.083000,2025,,,Registration,2025
2025-12-08 13:55:47.280000,7942790.0,CTCSP0500,CSP Troop D,Racial Profile,1000004012,2500357914,Incident ID,2025-10-07 00:00:00,October,W,N,M,44,True,True,BROOKLYN,"00000 HARTFORD RD (BROOKLYN, T019)",41 47 1.6044000000,71 57 58.3560000000,V,B,1.0,0,14-96b,,False,N,False,False,V,,,,,False,1.0,CTCSP0000,134096937073022130,2025-10-07 22:53:40.690000,22:53:40.690000,2025,,,Defective Lights,2025
2025-12-08 13:55:47.680000,7942904.0,CTCSP0500,CSP Troop D,Racial Profile,1000004535,2500357030,Incident ID,2025-10-07 00:00:00,October,W,N,F,20,True,True,CHAPLIN,00000 HAMPTON RD,41 46 4.1052000000,72 6 2.5920000000,I,B,2.0,1,14-213b,,False,N,False,False,W,,,,,False,1.0,CTCSP0000,134096937073022130,2025-10-07 09:47:53.020000,09:47:53.020000,2025,,,Administrative Offense,2025
2025-12-08 13:55:47.743000,7942914.0,CTCSP0500,CSP Troop D,Racial Profile,1000004675,2500357719,Incident ID,2025-10-07 00:00:00,October,W,N,F,52,True,False,KILLINGLY,00000 I 395 ,41 49 12.6876000000,71 52 14.0160000000,V,G,1.0,0,14-12(a),,False,N,False,False,W,,,,,False,1.0,CTCSP0000,134096937073022130,2025-10-07 18:12:01.963000,18:12:01.963000,2025,,,Registration,2025
2025-12-08 13:55:47.540000,7942859.0,CTCSP0500,CSP Troop D,Racial Profile,1000004409,2500359073,Incident ID,2025-10-08 00:00:00,October,W,N,F,33,True,False,PUTNAM,"00000 KENNEDY DR (PUTNAM, T116)",41 54 39.9528000000,71 54 45.4320000000,V,B,1.0,0,14-299,,False,N,False,False,I,,,,,False,1.0,CTCSP0000,134096937073022130,2025-10-08 19:40:58.067000,19:40:58.067000,2025,,,Traffic Control Signal,2025
2025-12-08 13:55:47.050000,7942754.0,CTCSP0500,CSP Troop D,Racial Profile,1000002578,2500359058,Incident ID,2025-10-08 00:00:00,October,B,N,M,63,True,False,KILLINGLY,101 williamsvill,41 50 53.7540000000,71 54 19.1520000000,V,B,1.0,0,14-236,,False,N,False,False,V,,,,,False,1.0,CTCSP0000,134096937073022130,2025-10-08 19:12:47.630000,19:12:47.630000,2025,,,Moving Violation,2025
2025-12-08 13:55:47.750000,7942916.0,CTCSP0500,CSP Troop D,Racial Profile,1000004675,2500358911,Incident ID,2025-10-08 00:00:00,October,W,N,F,38,True,False,KILLINGLY,00000 NORTH ST,41 48 50.9436000000,71 52 43.3200000000,V,G,1.0,0,14-12(a)*,,False,N,False,False,W,,,,,False,1.0,CTCSP0000,134096937073022130,2025-10-08 16:48:20.553000,16:48:20.553000,2025,,,Registration,2025
2025-12-08 13:55:47.480000,7942839.0,CTCSP0500,CSP Troop D,Racial Profile,1000004395,2500358016,Incident ID,2025-10-08 00:00:00,October,A,N,F,41,False,False,KILLINGLY,"00000 I 395  (KILLINGLY, T069)",41 51 46.2672000000,71 53 10.5720000000,V,G,1.0,0,14-219(c)(1),,False,N,False,False,I,,,,,False,1.0,CTCSP0000,134096937073022130,2025-10-08 01:32:35.333000,01:32:35.333000,2025,,,Speed Related,2025
2025-12-08 13:55:47.193000,7942775.0,CTCSP0500,CSP Troop D,Racial Profile,1000003342,2500359507,Incident ID,2025-10-09 00:00:00,October,B,N,F,47,True,False,BROOKLYN,"00000 HARTFORD RD (BROOKLYN, T019)",41 47 11.4216000000,72 0 27.6840000000,V,B,1.0,0,14-298,,False,N,False,False,I,,,,,False,1.0,CTCSP0000,134096937073022130,2025-10-09 07:33:59.633000,07:33:59.633000,2025,,,STC Violation,2025
2025-12-08 13:55:47.750000,7942917.0,CTCSP0500,CSP Troop D,Racial Profile,1000004675,2500360339,Incident ID,2025-10-09 00:00:00,October,W,N,M,49,True,False,KILLINGLY,"00000 WATER ST (KILLINGLY, T069)",41 48 3.6396000000,71 53 7.6200000000,V,G,3.0,0,14-12(a)*,,False,N,False,True,I,,,,,False,1.0,CTCSP0000,134096937073022130,2025-10-09 18:01:39.943000,18:01:39.943000,2025,,,Registration,2025
2025-12-08 13:55:47.583000,7942878.0,CTCSP0500,CSP Troop D,Racial Profile,1000004532,2500360089,Incident ID,2025-10-09 00:00:00,October,B,N,M,46,False,False,BROOKLYN,"00000 PROVIDENCE RD (BROOKLYN, T019)",41 47 48.9228000000,71 54 49.3200000000,V,B,1.0,0,14-233,,False,N,False,False,W,,,,,False,1.0,CTCSP0000,134096937073022130,2025-10-09 14:48:05.997000,14:48:05.997000,2025,14-233,,Moving Violation,2025
2025-12-08 13:55:47.960000,7942984.0,CTCSP0500,CSP Troop D,Racial Profile,1000004799,2500360498,Incident ID,2025-10-09 00:00:00,October,W,N,M,16,True,True,POMFRET,00000 DEERFIELD RD,41 53 42.9648000000,71 58 30.4320000000,V,B,1.0,0,14-218a,,False,N,False,False,W,,,,,False,1.0,CTCSP0000,134096937073022130,2025-10-09 21:56:32.387000,21:56:32.387000,2025,,,Speed Related,2025
2025-12-08 13:55:47.100000,7942760.0,CTCSP0500,CSP Troop D,Racial Profile,1000002949,2500359429,Incident ID,2025-10-09 00:00:00,October,W,N,M,49,True,False,BROOKLYN,RT 6 T019,41 47 44.8044000000,71 55 58.2600000000,V,G,1.0,0,14-234,,False,N,False,False,V,,,,,False,1.0,CTCSP0000,134096937073022130,2025-10-09 06:39:13.243000,06:39:13.243000,2025,,,Moving Violation,2025
2025-12-08 13:55:47.203000,7942776.0,CTCSP0500,CSP Troop D,Racial Profile,1000003342,2500359531,Incident ID,2025-10-09 00:00:00,October,W,N,M,37,True,False,BROOKLYN,"00000 HARTFORD RD (BROOKLYN, T019)",41 47 11.4216000000,72 0 27.6840000000,V,B,1.0,0,14-298,,False,N,False,False,I,,,,,False,1.0,CTCSP0000,134096937073022130,2025-10-09 07:49:47.263000,07:49:47.263000,2025,,,STC Violation,2025
2025-12-08 13:55:47.817000,7942937.0,CTCSP0500,CSP Troop D,Racial Profile,1000004678,2500359361,Incident ID,2025-10-09 00:00:00,October,W,H,M,20,True,False,SCOTLAND,00000 PALMER RD,41 41 55.2480000000,72 4 10.1280000000,V,G,1.0,0,14-218,,False,N,False,False,W,,,,,False,1.0,CTCSP0000,134096937073022130,2025-10-09 02:47:54.320000,02:47:54.320000,2025,,,Speed Related,2025
2025-12-08 13:55:47.070000,7942755.0,CTCSP0500,CSP Troop D,Racial Profile,1000002578,2500360725,Incident ID,2025-10-10 00:00:00,October,W,N,M,23,True,False,POMFRET,44 / 97,41 51 38.4912000000,72 0 27.5760000000,V,B,1.0,0,14-299,,False,N,False,False,V,,,,,False,1.0,CTCSP0000,134096937073022130,2025-10-10 06:29:26.880000,06:29:26.880000,2025,,,Traffic Control Signal,2025
2025-12-08 13:55:47.510000,7942847.0,CTCSP0500,CSP Troop D,Racial Profile,1000004403,2500360795,Incident ID,2025-10-10 00:00:00,October,W,N,M,38,True,False,WINDHAM,"00000 BOSTON POST RD (WINDHAM, T163)",41 44 57.8148000000,72 9 12.1680000000,V,B,1.0,0,14-299,,False,N,False,False,I,,,,,False,1.0,CTCSP0000,134096937073022130,2025-10-10 07:31:24.933000,07:31:24.933000,2025,,,Traffic Control Signal,2025
2025-12-08 13:55:47.967000,7942988.0,CTCSP0500,CSP Troop D,Racial Profile,1000004856,2500361839,Incident ID,2025-10-10 00:00:00,October,W,N,M,31,True,True,THOMPSON,"00000 I 395  (THOMPSON, T141)",41 56 57.8220000000,71 52 53.6160000000,V,G,1.0,0,14-219(c)(1),,False,N,False,False,W,,,,,False,1.0,CTCSP0000,134096937073022130,2025-10-10 23:50:07.200000,23:50:07.200000,2025,,,Speed Related,2025
2025-12-08 13:55:47.970000,7942989.0,CTCSP0500,CSP Troop D,Racial Profile,1000004856,2500361857,Incident ID,2025-10-11 00:00:00,October,A,N,M,23,False,False,PUTNAM,"00000 I 395  (PUTNAM, T116)",41 55 27.5088000000,71 53 6.3960000000,V,G,1.0,0,14-219(c)(1),,False,N,False,False,W,,,,,False,1.0,CTCSP0000,134096937073022130,2025-10-11 00:17:49.490000,00:17:49.490000,2025,,,Speed Related,2025
2025-12-08 13:55:48.057000,7943012.0,CTCSP0500,CSP Troop D,Racial Profile,1000004968,2500362441,Incident ID,2025-10-11 00:00:00,October,W,N,M,74,True,True,KILLINGLY,00000 WESTCOTT RD,41 48 33.6060000000,71 52 9.5160000000,V,G,1.0,0,14-12(a),,False,N,False,False,W,,,,,False,1.0,CTCSP0000,134096937073022130,2025-10-11 14:58:43.853000,14:58:43.853000,2025,,,Registration,2025
2025-12-08 13:55:47.820000,7942938.0,CTCSP0500,CSP Troop D,Racial Profile,1000004678,2500362056,Incident ID,2025-10-11 00:00:00,October,A,N,F,56,False,False,PLAINFIELD,i395 exit 32,41 42 47.7252000000,71 53 46.2840000000,V,B,1.0,0,14-219,,False,N,False,False,V,,,,,False,1.0,CTCSP0000,134096937073022130,2025-10-11 07:06:45.243000,07:06:45.243000,2025,,,Speed Related,2025
2025-12-08 13:55:47.510000,7942848.0,CTCSP0500,CSP Troop D,Racial Profile,1000004403,2500362686,Incident ID,2025-10-11 00:00:00,October,W,N,F,29,False,False,PLAINFIELD,I-395,41 42 5.4252000000,71 54 5.3640000000,V,B,1.0,0,14-219,,False,N,False,False,V,,,,,False,1.0,CTCSP0000,134096937073022130,2025-10-11 20:50:37.227000,20:50:37.227000,2025,,,Speed Related,2025
2025-12-08 13:55:47.113000,7942761.0,CTCSP0500,CSP Troop D,Racial Profile,1000002949,2500363357,Incident ID,2025-10-12 00:00:00,October,B,N,M,40,True,False,EASTFORD,RT 44 & RT 198,41 52 37.2324000000,72 5 12.6240000000,V,G,1.0,0,14-233,,False,N,False,False,W,,,,,False,1.0,CTCSP0000,134096937073022130,2025-10-12 16:09:53.720000,16:09:53.720000,2025,,,Moving Violation,2025
2025-12-08 13:55:46.903000,7942727.0,CTCSP0500,CSP Troop D,Racial Profile,1000001947,2500363485,Incident ID,2025-10-12 00:00:00,October,W,N,M,56,False,False,KILLINGLY,I-395 nb x35 PLAINFIELD,41 46 8.4720000000,71 51 51.3360000000,V,B,1.0,0,14-232(a)(1),,False,N,False,False,V,,,,,False,1.0,CTCSP0000,134096937073022130,2025-10-12 19:56:42.413000,19:56:42.413000,2025,,,Moving Violation,2025
2025-12-08 13:55:47.293000,7942792.0,CTCSP0500,CSP Troop D,Racial Profile,1000004012,2500363161,Incident ID,2025-10-12 00:00:00,October,W,H,M,44,True,True,KILLINGLY,"00000 PROVIDENCE PIKE (KILLINGLY, T069)",41 47 27.2400000000,71 49 22.9440000000,V,B,1.0,0,14-219,,False,N,False,False,V,,,,,False,1.0,CTCSP0000,134096937073022130,2025-10-12 11:23:28.027000,11:23:28.027000,2025,,,Speed Related,2025
2025-12-08 13:55:47.297000,7942793.0,CTCSP0500,CSP Troop D,Racial Profile,1000004012,2500363175,Incident ID,2025-10-12 00:00:00,October,W,N,M,26,False,False,KILLINGLY,"00000 PROVIDENCE PIKE (KILLINGLY, T069)",41 47 22.8660000000,71 51 20.7360000000,V,B,1.0,0,14-219,,False,N,False,False,V,,,,,False,1.0,CTCSP0000,134096937073022130,2025-10-12 11:37:31.417000,11:37:31.417000,2025,,,Speed Related,2025
2025-12-08 13:55:47.587000,7942879.0,CTCSP0500,CSP Troop D,Racial Profile,1000004532,2500363160,Incident ID,2025-10-12 00:00:00,October,W,N,M,21,True,True,PLAINFIELD,"00000 STERLING HILL RD (PLAINFIELD, T109)",41 42 8.1684000000,71 51 51.9480000000,V,B,1.0,0,14-243(a),,False,N,False,False,W,,,,,False,1.0,CTCSP0000,134096937073022130,2025-10-12 11:23:01.040000,11:23:01.040000,2025,14-243(a),,Moving Violation,2025
2025-12-08 13:55:47.567000,7942870.0,CTCSP0500,CSP Troop D,Racial Profile,1000004434,2500365604,Incident ID,2025-10-14 00:00:00,October,W,N,M,21,True,False,KILLINGLY,00000 GOVERNOR JOHN DAVIS LODGE TPKE,41 46 18.1272000000,71 51 27.5400000000,V,G,1.0,0,14-298,,False,N,False,False,W,,,,,False,1.0,CTCSP0000,134096937073022130,2025-10-14 14:04:29.190000,14:04:29.190000,2025,,,STC Violation,2025
2025-12-08 13:55:47.167000,7942769.0,CTCSP0500,CSP Troop D,Racial Profile,1000003189,2500365625,Incident ID,2025-10-14 00:00:00,October,W,N,F,18,True,False,KILLINGLY,00000 PROVIDENCE PIKE,41 47 26.8224000000,71 48 43.5600000000,V,B,1.0,0,14-218a,,False,N,False,False,W,,,,,False,1.0,CTCSP0000,134096937073022130,2025-10-14 14:19:28.007000,14:19:28.007000,2025,,,Speed Related,2025
2025-12-08 13:55:47.513000,7942849.0,CTCSP0500,CSP Troop D,Racial Profile,1000004403,2500364977,Incident ID,2025-10-14 00:00:00,October,W,N,F,37,True,False,HAMPTON,Route 6,41 46 13.8684000000,72 3 46.7280000000,V,B,1.0,0,14-96a(a),,False,N,False,False,V,,,,,False,1.0,CTCSP0000,134096937073022130,2025-10-14 06:38:39.153000,06:38:39.153000,2025,,,Defective Lights,2025
2025-12-08 13:55:47.543000,7942860.0,CTCSP0500,CSP Troop D,Racial Profile,1000004409,2500365997,Incident ID,2025-10-14 00:00:00,October,W,N,F,20,True,False,BROOKLYN,00000 HARTFORD RD,41 47 8.2392000000,72 0 36.3960000000,V,B,1.0,0,14-218a,,False,N,False,False,W,,,,,False,1.0,CTCSP0000,134096937073022130,2025-10-14 19:31:11.990000,19:31:11.990000,2025,,,Speed Related,2025
2025-12-08 13:55:47.757000,7942918.0,CTCSP0500,CSP Troop D,Racial Profile,1000004675,2500365841,Incident ID,2025-10-14 00:00:00,October,W,N,F,28,True,False,KILLINGLY,00000 I 395 ,41 48 37.1952000000,71 52 19.1640000000,V,G,1.0,0,14-12(a)*,,False,N,False,False,W,,,,,False,1.0,CTCSP0000,134096937073022130,2025-10-14 16:50:12.617000,16:50:12.617000,2025,,,Registration,2025
2025-12-08 13:55:47.760000,7942919.0,CTCSP0500,CSP Troop D,Racial Profile,1000004675,2500365874,Incident ID,2025-10-14 00:00:00,October,W,N,M,47,True,False,KILLINGLY,I395 killingly,41 49 12.6876000000,71 52 14.0160000000,V,G,1.0,0,14-12(a)*,,False,N,False,False,W,,,,,False,1.0,CTCSP0000,134096937073022130,2025-10-14 17:17:00.950000,17:17:00.950000,2025,,,Registration,2025
2025-12-08 13:55:48.060000,7943013.0,CTCSP0500,CSP Troop D,Racial Profile,1000004968,2500366043,Incident ID,2025-10-14 00:00:00,October,W,N,F,32,True,False,PUTNAM,00000 BATES AVE,41 55 23.4084000000,71 53 55.7160000000,V,G,1.0,0,14-233,,False,N,False,False,W,,,,,False,1.0,CTCSP0000,134096937073022130,2025-10-14 20:27:18.107000,20:27:18.107000,2025,,,Moving Violation,2025
2025-12-08 13:55:46.907000,7942728.0,CTCSP0500,CSP Troop D,Racial Profile,1000001947,2500367605,Incident ID,2025-10-15 00:00:00,October,W,N,M,19,True,False,KILLINGLY,"00000 MAIN ST (KILLINGLY, T069)",41 48 26.5968000000,71 52 51.9240000000,I,B,2.0,1,14-12(a)*,,False,N,False,False,I,,,,,False,1.0,CTCSP0000,134096937073022130,2025-10-15 21:29:36.257000,21:29:36.257000,2025,,,Registration,2025
2025-12-08 13:55:47.210000,7942778.0,CTCSP0500,CSP Troop D,Racial Profile,1000003342,2500367373,Incident ID,2025-10-15 00:00:00,October,W,N,F,64,True,False,BROOKLYN,"00000 STETSON RD (BROOKLYN, T019)",41 47 7.2132000000,72 0 28.9440000000,V,B,1.0,0,14-219(b),,False,N,False,False,I,,,,,False,1.0,CTCSP0000,134096937073022130,2025-10-15 17:25:00.357000,17:25:00.357000,2025,,,Speed Related,2025
2025-12-08 13:55:47.307000,7942795.0,CTCSP0500,CSP Troop D,Racial Profile,1000004012,2500366240,Incident ID,2025-10-15 00:00:00,October,W,H,F,60,True,True,HAMPTON,"00000 HARTFORD TPKE (HAMPTON, T063)",41 46 9.3000000000,72 5 25.5480000000,V,B,1.0,0,14-96b,,False,N,False,False,V,,,,,False,1.0,CTCSP0000,134096937073022130,2025-10-15 00:57:35.830000,00:57:35.830000,2025,14-36(a),,Defective Lights,2025
2025-12-08 13:55:47.207000,7942777.0,CTCSP0500,CSP Troop D,Racial Profile,1000003342,2500367357,Incident ID,2025-10-15 00:00:00,October,W,N,M,28,True,False,HAMPTON,"00000 PROVIDENCE TPKE (HAMPTON, T063)",41 46 1.5492000000,72 3 23.7240000000,V,B,1.0,0,14-219(b),,False,N,False,False,I,,,,,False,1.0,CTCSP0000,134096937073022130,2025-10-15 17:10:22.387000,17:10:22.387000,2025,,,Speed Related,2025
2025-12-08 13:55:47.227000,7942781.0,CTCSP0500,CSP Troop D,Racial Profile,1000003342,2500367444,Incident ID,2025-10-15 00:00:00,October,W,N,M,41,True,False,BROOKLYN,"00000 HARTFORD RD (BROOKLYN, T019)",41 47 12.6888000000,72 0 23.1480000000,V,B,1.0,0,14-219(b),,False,N,False,False,I,,,,,False,1.0,CTCSP0000,134096937073022130,2025-10-15 18:14:46.430000,18:14:46.430000,2025,,,Speed Related,2025
2025-12-08 13:55:47.230000,7942782.0,CTCSP0500,CSP Troop D,Racial Profile,1000003342,2500367518,Incident ID,2025-10-15 00:00:00,October,W,N,M,17,True,False,BROOKLYN,"00000 TATNIC RD (BROOKLYN, T019)",41 46 56.3916000000,71 57 40.1760000000,V,B,1.0,0,14-219(b),,False,N,False,False,I,,,,,False,1.0,CTCSP0000,134096937073022130,2025-10-15 19:45:22.943000,19:45:22.943000,2025,,,Speed Related,2025
2025-12-08 13:55:47.300000,7942794.0,CTCSP0500,CSP Troop D,Racial Profile,1000004012,2500366229,Incident ID,2025-10-15 00:00:00,October,W,N,F,35,True,True,HAMPTON,"00000 HARTFORD TPKE (HAMPTON, T063)",41 46 9.3000000000,72 5 25.5480000000,V,B,1.0,0,14-96c,,False,N,False,False,V,,,,,False,1.0,CTCSP0000,134096937073022130,2025-10-15 00:39:16.807000,00:39:16.807000,2025,,,Defective Lights,2025
2025-12-08 13:55:47.550000,7942863.0,CTCSP0500,CSP Troop D,Racial Profile,1000004409,2500367594,Incident ID,2025-10-15 00:00:00,October,W,N,M,59,True,False,PUTNAM,00000 KENNEDY DR,41 54 14.1120000000,71 54 11.1240000000,V,B,1.0,0,14-236,,False,N,False,False,W,,,,,False,1.0,CTCSP0000,134096937073022130,2025-10-15 21:05:35.580000,21:05:35.580000,2025,,,Moving Violation,2025
2025-12-08 13:55:47.547000,7942861.0,CTCSP0500,CSP Troop D,Racial Profile,1000004409,2500367344,Incident ID,2025-10-15 00:00:00,October,B,N,M,32,True,False,POMFRET,00000 MASHAMOQUET RD,41 51 33.4512000000,71 59 41.0640000000,V,B,1.0,0,14-18(c),,False,N,False,False,W,,,,,False,1.0,CTCSP0000,134096937073022130,2025-10-15 17:00:35.430000,17:00:35.430000,2025,,,Display of Plates,2025
2025-12-08 13:55:48.063000,7943015.0,CTCSP0500,CSP Troop D,Racial Profile,1000005069,2500367411,Incident ID,2025-10-15 00:00:00,October,W,H,M,22,True,True,PUTNAM,"00000 ARCH ST (PUTNAM, T116)",41 54 33.7500000000,71 54 21.9240000000,V,G,1.0,0,14-218(a),,False,N,False,False,V,,,,,False,1.0,CTCSP0000,134096937073022130,2025-10-15 17:54:05.983000,17:54:05.983000,2025,,,Speed Related,2025
2025-12-08 13:55:48.077000,7943016.0,CTCSP0500,CSP Troop D,Racial Profile,1000005069,2500367604,Incident ID,2025-10-15 00:00:00,October,W,N,F,19,True,True,THOMPSON,"00000 I 395  (THOMPSON, T141)",41 56 40.8552000000,71 52 49.4400000000,V,G,1.0,0,14-219(c)(1),,False,N,False,False,W,,,,,False,1.0,CTCSP0000,134096937073022130,2025-10-15 21:28:35.410000,21:28:35.410000,2025,,,Speed Related,2025
2025-12-08 13:55:47.683000,7942905.0,CTCSP0500,CSP Troop D,Racial Profile,1000004535,2500366660,Incident ID,2025-10-15 00:00:00,October,B,N,M,19,True,False,HAMPTON,"00000 HARTFORD TPKE (HAMPTON, T063)",41 46 30.7236000000,72 4 37.6320000000,V,B,1.0,0,14-219(b),,False,N,False,False,I,,,,,False,1.0,CTCSP0000,134096937073022130,2025-10-15 09:13:11.250000,09:13:11.250000,2025,,,Speed Related,2025
2025-12-08 13:55:47.760000,7942920.0,CTCSP0500,CSP Troop D,Racial Profile,1000004675,2500367640,Incident ID,2025-10-15 00:00:00,October,W,N,F,24,True,False,KILLINGLY,00000 I 395 ,41 49 12.6876000000,71 52 14.0160000000,V,G,1.0,0,14-96y,,False,N,False,False,W,,,,,False,1.0,CTCSP0000,134096937073022130,2025-10-15 22:00:52.957000,22:00:52.957000,2025,,,Defective Lights,2025
2025-12-08 13:55:47.820000,7942939.0,CTCSP0500,CSP Troop D,Racial Profile,1000004678,2500367582,Incident ID,2025-10-15 00:00:00,October,W,N,M,50,True,True,BROOKLYN,00000 CANTERBURY RD,41 46 44.0400000000,71 57 6.1920000000,E,G,1.0,0,14-96c,,False,N,False,False,W,,,,,False,1.0,CTCSP0000,134096937073022130,2025-10-15 20:54:01.737000,20:54:01.737000,2025,,,Defective Lights,2025
2025-12-08 13:55:48.080000,7943017.0,CTCSP0500,CSP Troop D,Racial Profile,1000005069,2500367629,Incident ID,2025-10-15 00:00:00,October,W,N,M,48,True,True,PUTNAM,"00000 I 395  (PUTNAM, T116)",41 54 15.6420000000,71 53 45.0600000000,V,G,1.0,0,14-219(c)(1),,False,N,False,False,W,,,,,False,1.0,CTCSP0000,134096937073022130,2025-10-15 21:47:59.810000,21:47:59.810000,2025,,,Speed Related,2025
2025-12-08 13:55:46.920000,7942732.0,CTCSP0500,CSP Troop D,Racial Profile,1000002266,2500366665,Incident ID,2025-10-15 00:00:00,October,W,N,F,47,True,False,MIDDLETOWN,"00000 RT 9  (MIDDLETOWN, T083)",41 31 59.1708000000,72 37 4.0800000000,V,B,2.0,1,14-219(c)(1),,False,N,False,False,I,,,,,False,1.0,CTCSP0000,134096937073022130,2025-10-15 09:17:16.457000,09:17:16.457000,2025,,,Speed Related,2025
2025-12-08 13:55:47.217000,7942779.0,CTCSP0500,CSP Troop D,Racial Profile,1000003342,2500367386,Incident ID,2025-10-15 00:00:00,October,W,N,F,24,True,False,BROOKLYN,"00000 HARTFORD RD (BROOKLYN, T019)",41 47 12.6888000000,72 0 23.1480000000,V,B,1.0,0,14-219(b),,False,N,False,False,I,,,,,False,1.0,CTCSP0000,134096937073022130,2025-10-15 17:35:39.040000,17:35:39.040000,2025,,,Speed Related,2025
2025-12-08 13:55:47.223000,7942780.0,CTCSP0500,CSP Troop D,Racial Profile,1000003342,2500367423,Incident ID,2025-10-15 00:00:00,October,W,N,M,33,True,False,BROOKLYN,"00000 HARTFORD RD (BROOKLYN, T019)",41 47 12.6888000000,72 0 23.1480000000,V,B,1.0,0,14-219(b),,False,N,False,False,I,,,,,False,1.0,CTCSP0000,134096937073022130,2025-10-15 18:01:49.527000,18:01:49.527000,2025,,,Speed Related,2025
2025-12-08 13:55:47.547000,7942862.0,CTCSP0500,CSP Troop D,Racial Profile,1000004409,2500367531,Incident ID,2025-10-15 00:00:00,October,W,N,M,43,True,False,HAMPTON,00000 HARTFORD TPKE,41 46 4.8972000000,72 3 31.2480000000,V,B,1.0,0,14-218a,,False,N,False,False,W,,,,,False,1.0,CTCSP0000,134096937073022130,2025-10-15 19:57:44.400000,19:57:44.400000,2025,,,Speed Related,2025
2025-12-08 13:55:47.913000,7942976.0,CTCSP0500,CSP Troop D,Racial Profile,1000004779,2500367365,Incident ID,2025-10-15 00:00:00,October,W,N,M,47,True,True,KILLINGLY,00000 PROVIDENCE PIKE,41 47 27.2400000000,71 49 22.9440000000,V,G,1.0,0,14-218a,,False,N,False,False,W,,,,,False,1.0,CTCSP0000,134096937073022130,2025-10-15 17:19:11.967000,17:19:11.967000,2025,,,Speed Related,2025
2025-12-08 13:55:46.910000,7942729.0,CTCSP0500,CSP Troop D,Racial Profile,1000001947,2500368861,Incident ID,2025-10-16 00:00:00,October,A,N,M,16,True,False,PLAINFIELD,"00000 I 395  (PLAINFIELD, T109)",41 44 18.6468000000,71 52 49.2600000000,V,B,1.0,0,14-219(c)(1),,False,N,False,False,I,,,,,False,1.0,CTCSP0000,134096937073022130,2025-10-16 19:42:23.460000,19:42:23.460000,2025,,,Speed Related,2025
2025-12-08 13:55:47.340000,7942798.0,CTCSP0500,CSP Troop D,Racial Profile,1000004012,2500368378,Incident ID,2025-10-16 00:00:00,October,W,N,M,73,True,True,KILLINGLY,"00000 PROVIDENCE PIKE (KILLINGLY, T069)",41 47 26.8224000000,71 48 43.5600000000,V,B,1.0,0,14-218a,,False,N,False,False,V,,,,,False,1.0,CTCSP0000,134096937073022130,2025-10-16 12:21:43.143000,12:21:43.143000,2025,,,Speed Related,2025
2025-12-08 13:55:47.353000,7942802.0,CTCSP0500,CSP Troop D,Racial Profile,1000004012,2500368437,Incident ID,2025-10-16 00:00:00,October,W,N,F,25,True,True,KILLINGLY,"00000 PROVIDENCE PIKE (KILLINGLY, T069)",41 47 27.2400000000,71 49 22.9440000000,V,B,1.0,0,14-298,,False,N,False,False,I,,,,,False,1.0,CTCSP0000,134096937073022130,2025-10-16 13:15:38.617000,13:15:38.617000,2025,,,STC Violation,2025
2025-12-08 13:55:47.357000,7942803.0,CTCSP0500,CSP Troop D,Racial Profile,1000004012,2500368465,Incident ID,2025-10-16 00:00:00,October,W,N,M,29,True,True,KILLINGLY,"00000 RT 6  (KILLINGLY, T069)",41 47 26.2860000000,71 52 14.6280000000,V,B,1.0,0,14-298,,False,N,False,False,I,,,,,False,1.0,CTCSP0000,134096937073022130,2025-10-16 13:33:35.197000,13:33:35.197000,2025,,,STC Violation,2025
2025-12-08 13:55:47.363000,7942805.0,CTCSP0500,CSP Troop D,Racial Profile,1000004012,2500368492,Incident ID,2025-10-16 00:00:00,October,B,N,M,27,False,False,KILLINGLY,"00000 PROVIDENCE PIKE (KILLINGLY, T069)",41 47 26.8224000000,71 48 43.5600000000,V,B,1.0,0,14-219,,False,N,False,False,V,,,,,False,1.0,CTCSP0000,134096937073022130,2025-10-16 13:59:53.980000,13:59:53.980000,2025,,,Speed Related,2025
2025-12-08 13:55:47.553000,7942864.0,CTCSP0500,CSP Troop D,Racial Profile,1000004409,2500368522,Incident ID,2025-10-16 00:00:00,October,W,N,F,64,True,False,HAMPTON,00000 PROVIDENCE TPKE,41 46 49.4364000000,72 1 32.2320000000,V,B,1.0,0,14-233,,False,N,False,False,W,,,,,False,1.0,CTCSP0000,134096937073022130,2025-10-16 14:34:07.260000,14:34:07.260000,2025,,,Moving Violation,2025
2025-12-08 13:55:47.590000,7942880.0,CTCSP0500,CSP Troop D,Racial Profile,1000004532,2500368146,Incident ID,2025-10-16 00:00:00,October,W,N,M,48,False,False,THOMPSON,"00000 I 395  (THOMPSON, T141)",42 1 19.3332000000,71 51 36.0720000000,V,B,1.0,0,14-219(c)(1),,False,N,False,False,W,,,,,False,1.0,CTCSP0000,134096937073022130,2025-10-16 09:31:48.880000,09:31:48.880000,2025,14-219(c)(1),,Speed Related,2025
2025-12-08 13:55:47.687000,7942906.0,CTCSP0500,CSP Troop D,Racial Profile,1000004535,2500368110,Incident ID,2025-10-16 00:00:00,October,W,N,M,43,True,True,HAMPTON,00000 PROVIDENCE TPKE,41 46 49.4364000000,72 1 32.2320000000,V,G,1.0,0,14-219(c)(1),,False,N,False,False,W,,,,,False,1.0,CTCSP0000,134096937073022130,2025-10-16 09:04:08.900000,09:04:08.900000,2025,,,Speed Related,2025
2025-12-08 13:55:47.320000,7942797.0,CTCSP0500,CSP Troop D,Racial Profile,1000004012,2500368338,Incident ID,2025-10-16 00:00:00,October,W,N,F,44,True,True,KILLINGLY,"00000 PROVIDENCE PIKE (KILLINGLY, T069)",41 47 26.8224000000,71 48 43.5600000000,V,B,1.0,0,14-218a,,False,N,False,False,V,,,,,False,1.0,CTCSP0000,134096937073022130,2025-10-16 11:50:16.910000,11:50:16.910000,2025,,,Speed Related,2025
2025-12-08 13:55:47.317000,7942796.0,CTCSP0500,CSP Troop D,Racial Profile,1000004012,2500368318,Incident ID,2025-10-16 00:00:00,October,W,N,F,25,True,True,KILLINGLY,"00000 RT 6  (KILLINGLY, T069)",41 47 26.2860000000,71 52 14.6280000000,V,B,1.0,0,14-219,,False,N,False,False,V,,,,,False,1.0,CTCSP0000,134096937073022130,2025-10-16 11:37:04.887000,11:37:04.887000,2025,,,Speed Related,2025
2025-12-08 13:55:47.347000,7942800.0,CTCSP0500,CSP Troop D,Racial Profile,1000004012,2500368414,Incident ID,2025-10-16 00:00:00,October,W,N,M,60,True,True,KILLINGLY,"00000 MARGARET HENRY RD (KILLINGLY, T069)",41 46 57.3060000000,71 49 32.3400000000,V,B,1.0,0,14-218a,,False,N,False,False,V,,,,,False,1.0,CTCSP0000,134096937073022130,2025-10-16 12:50:45.170000,12:50:45.170000,2025,,,Speed Related,2025
2025-12-08 13:55:47.360000,7942804.0,CTCSP0500,CSP Troop D,Racial Profile,1000004012,2500368482,Incident ID,2025-10-16 00:00:00,October,W,N,M,18,True,True,KILLINGLY,"00000 PROVIDENCE PIKE (KILLINGLY, T069)",41 47 20.9256000000,71 50 47.9040000000,V,B,1.0,0,14-219,,False,N,False,False,V,,,,,False,1.0,CTCSP0000,134096937073022130,2025-10-16 13:49:27.250000,13:49:27.250000,2025,,,Speed Related,2025
2025-12-08 13:55:47.843000,7942948.0,CTCSP0500,CSP Troop D,Racial Profile,1000004777,2500367825,Incident ID,2025-10-16 00:00:00,October,W,N,M,31,True,False,THOMPSON,"00000 I 395  (THOMPSON, T141)",41 56 32.9316000000,71 52 45.6240000000,V,B,1.0,0,14-298,,False,N,False,False,I,,,,,False,1.0,CTCSP0000,134096937073022130,2025-10-16 02:00:59.070000,02:00:59.070000,2025,,,STC Violation,2025
2025-12-08 13:55:48.020000,7942999.0,CTCSP0500,CSP Troop D,Racial Profile,1000004858,2500367895,Incident ID,2025-10-16 00:00:00,October,W,N,M,29,True,True,HAMPTON,00000 PROVIDENCE TPKE,41 46 49.4364000000,72 1 32.2320000000,V,G,1.0,0,14-219(b),,False,N,False,False,W,,,,,False,1.0,CTCSP0000,134096937073022130,2025-10-16 05:55:43.473000,05:55:43.473000,2025,14-219(b),,Speed Related,2025
2025-12-08 13:55:47.687000,7942907.0,CTCSP0500,CSP Troop D,Racial Profile,1000004535,2500368149,Incident ID,2025-10-16 00:00:00,October,W,N,F,47,True,True,HAMPTON,00000 PROVIDENCE TPKE,41 46 20.2224000000,72 2 35.0520000000,V,B,1.0,0,14-219(c)(1),,False,N,False,False,W,,,,,False,1.0,CTCSP0000,134096937073022130,2025-10-16 09:35:46.463000,09:35:46.463000,2025,,,Speed Related,2025
2025-12-08 13:55:47.690000,7942908.0,CTCSP0500,CSP Troop D,Racial Profile,1000004535,2500368417,Incident ID,2025-10-16 00:00:00,October,W,N,F,35,True,True,HAMPTON,00000 HARTFORD TPKE,41 46 13.8684000000,72 3 46.7280000000,V,B,1.0,0,14-219(c)(1),,False,N,False,False,W,,,,,False,1.0,CTCSP0000,134096937073022130,2025-10-16 12:55:46.820000,12:55:46.820000,2025,,,Speed Related,2025
2025-12-08 13:55:47.773000,7942921.0,CTCSP0500,CSP Troop D,Racial Profile,1000004675,2500368525,Incident ID,2025-10-16 00:00:00,October,W,N,F,56,True,False,KILLINGLY,00000 COTTAGE ST,41 48 11.2572000000,71 53 5.0640000000,V,G,1.0,0,14-12(a)*,,False,N,False,False,W,,,,,False,1.0,CTCSP0000,134096937073022130,2025-10-16 14:36:26.630000,14:36:26.630000,2025,,,Registration,2025
2025-12-08 13:55:47.773000,7942922.0,CTCSP0500,CSP Troop D,Racial Profile,1000004675,2500368535,Incident ID,2025-10-16 00:00:00,October,W,N,M,26,True,False,KILLINGLY,"00000 MAIN ST (KILLINGLY, T069)",41 48 34.6644000000,71 52 43.3920000000,V,G,1.0,0,14-12(a)*,,False,N,False,False,I,,,,,False,1.0,CTCSP0000,134096937073022130,2025-10-16 14:43:07.637000,14:43:07.637000,2025,,,Registration,2025
2025-12-08 13:55:47.840000,7942947.0,CTCSP0500,CSP Troop D,Racial Profile,1000004777,2500367802,Incident ID,2025-10-16 00:00:00,October,W,N,F,36,True,False,PUTNAM,00000 I 395 ,41 54 47.7936000000,71 53 24.5760000000,V,B,1.0,0,14-219(c)(1),,False,N,False,False,W,,,,,False,1.0,CTCSP0000,134096937073022130,2025-10-16 01:08:52.257000,01:08:52.257000,2025,,,Speed Related,2025
2025-12-08 13:55:47.343000,7942799.0,CTCSP0500,CSP Troop D,Racial Profile,1000004012,2500368397,Incident ID,2025-10-16 00:00:00,October,W,N,F,21,True,True,KILLINGLY,"SNAKE MEADOW RD, KILLINGLY, CT",41 47 14.4816000000,71 50 1.7880000000,V,B,1.0,0,14-218a,,False,N,False,False,V,,,,,False,1.0,CTCSP0000,134096937073022130,2025-10-16 12:36:20.730000,12:36:20.730000,2025,,,Speed Related,2025
2025-12-08 13:55:47.350000,7942801.0,CTCSP0500,CSP Troop D,Racial Profile,1000004012,2500368425,Incident ID,2025-10-16 00:00:00,October,W,H,M,34,True,True,KILLINGLY,"00000 PROVIDENCE PIKE (KILLINGLY, T069)",41 47 27.2400000000,71 49 22.9440000000,V,B,1.0,0,14-219,,False,N,False,False,V,,,,,False,1.0,CTCSP0000,134096937073022130,2025-10-16 13:00:51.177000,13:00:51.177000,2025,,,Speed Related,2025
2025-12-08 13:55:47.463000,7942833.0,CTCSP0500,CSP Troop D,Racial Profile,1000004268,2500368388,Incident ID,2025-10-16 00:00:00,October,W,N,F,39,False,False,PLAINFIELD,00000 I 395 ,41 38 44.3436000000,71 56 3.5520000000,V,B,1.0,0,14-219,,False,N,False,False,W,,,,,False,1.0,CTCSP0000,134096937073022130,2025-10-16 12:30:32.713000,12:30:32.713000,2025,,,Speed Related,2025
2025-12-08 13:55:47.483000,7942840.0,CTCSP0500,CSP Troop D,Racial Profile,1000004395,2500367823,Incident ID,2025-10-16 00:00:00,October,W,N,M,41,True,False,KILLINGLY,I-395,41 46 15.3120000000,71 52 20.6760000000,V,G,1.0,0,14-219,,False,N,False,False,V,,,,,False,1.0,CTCSP0000,134096937073022130,2025-10-16 02:00:02.987000,02:00:02.987000,2025,,,Speed Related,2025
2025-12-08 13:55:47.643000,7942893.0,CTCSP0500,CSP Troop D,Racial Profile,1000004534,2500367827,Incident ID,2025-10-16 00:00:00,October,W,N,F,37,True,True,WOODSTOCK,rt 171 woodstock,41 56 0.9564000000,71 56 16.1160000000,V,G,1.0,0,14-218,,False,N,False,False,N,,,,,False,1.0,CTCSP0000,134096937073022130,2025-10-16 02:03:56.587000,02:03:56.587000,2025,,,Speed Related,2025
2025-12-08 13:55:47.843000,7942949.0,CTCSP0500,CSP Troop D,Racial Profile,1000004777,2500367910,Incident ID,2025-10-16 00:00:00,October,W,N,F,32,True,False,THOMPSON,"00000 I 395  (THOMPSON, T141)",42 0 42.5844000000,71 51 21.3120000000,V,B,1.0,0,14-219(c)(1),,False,N,False,False,I,,,,,False,1.0,CTCSP0000,134096937073022130,2025-10-16 06:28:43.967000,06:28:43.967000,2025,,,Speed Related,2025
2025-12-08 13:55:46.933000,7942737.0,CTCSP0500,CSP Troop D,Racial Profile,1000002266,2500369483,Incident ID,2025-10-17 00:00:00,October,W,N,F,23,True,False,PLAINFIELD,nb 28,41 39 18.9324000000,71 55 29.6400000000,V,B,1.0,0,14-222,,False,N,False,False,M,,,,,False,1.0,CTCSP0000,134096937073022130,2025-10-17 09:47:32.540000,09:47:32.540000,2025,,,Speed Related,2025
2025-12-08 13:55:46.960000,7942741.0,CTCSP0500,CSP Troop D,Racial Profile,1000002266,2500369529,Incident ID,2025-10-17 00:00:00,October,W,N,F,65,False,False,PLAINFIELD,00000 EXIT 28 I 395 N ,41 39 46.5804000000,71 54 59.9040000000,V,B,1.0,0,14-219(c)(1),,False,N,False,False,W,,,,,False,1.0,CTCSP0000,134096937073022130,2025-10-17 10:36:44.543000,10:36:44.543000,2025,,,Speed Related,2025
2025-12-08 13:55:47.380000,7942808.0,CTCSP0500,CSP Troop D,Racial Profile,1000004012,2500369168,Incident ID,2025-10-17 00:00:00,October,W,N,M,31,True,True,PLAINFIELD,"00000 I 395  (PLAINFIELD, T109)",41 44 7.3968000000,71 52 59.1600000000,V,B,1.0,0,14-96b,,False,N,False,False,V,,,,,False,1.0,CTCSP0000,134096937073022130,2025-10-17 02:02:02.010000,02:02:02.010000,2025,,,Defective Lights,2025
2025-12-08 13:55:47.463000,7942834.0,CTCSP0500,CSP Troop D,Racial Profile,1000004268,2500369252,Incident ID,2025-10-17 00:00:00,October,W,N,M,56,True,True,PLAINFIELD,00000 LATHROP RD,41 39 50.3712000000,71 54 46.9440000000,V,B,1.0,0,14-299,,False,N,False,False,W,,,,,False,1.0,CTCSP0000,134096937073022130,2025-10-17 06:35:00.537000,06:35:00.537000,2025,,,Traffic Control Signal,2025
2025-12-08 13:55:46.923000,7942733.0,CTCSP0500,CSP Troop D,Racial Profile,1000002266,2500369430,Incident ID,2025-10-17 00:00:00,October,W,N,M,19,True,False,PLAINFIELD,00000 I 395 ,41 39 29.8584000000,71 55 17.9040000000,V,B,1.0,0,14-219(c)(1),,False,N,False,False,W,,,,,False,1.0,CTCSP0000,134096937073022130,2025-10-17 09:10:57.343000,09:10:57.343000,2025,,,Speed Related,2025
2025-12-08 13:55:46.940000,7942738.0,CTCSP0500,CSP Troop D,Racial Profile,1000002266,2500369487,Incident ID,2025-10-17 00:00:00,October,W,N,M,54,False,False,PLAINFIELD,00000 I 395 ,41 39 18.9324000000,71 55 29.6400000000,V,B,1.0,0,14-219(c)(1),,False,N,False,False,W,,,,,False,1.0,CTCSP0000,134096937073022130,2025-10-17 10:01:57.433000,10:01:57.433000,2025,,,Speed Related,2025
2025-12-08 13:55:46.940000,7942739.0,CTCSP0500,CSP Troop D,Racial Profile,1000002266,2500369499,Incident ID,2025-10-17 00:00:00,October,W,N,M,51,False,False,PLAINFIELD,00000 I 395 ,41 39 18.9324000000,71 55 29.6400000000,V,B,1.0,0,14-219(c)(1),,False,N,False,False,W,,,,,False,1.0,CTCSP0000,134096937073022130,2025-10-17 10:12:27.943000,10:12:27.943000,2025,,,Speed Related,2025
2025-12-08 13:55:46.933000,7942736.0,CTCSP0500,CSP Troop D,Racial Profile,1000002266,2500369465,Incident ID,2025-10-17 00:00:00,October,W,N,M,63,True,False,PLAINFIELD,00000 I 395 ,41 38 58.9452000000,71 55 50.9880000000,V,B,1.0,0,14-219(c)(1),,False,N,False,False,W,,,,,False,1.0,CTCSP0000,134096937073022130,2025-10-17 09:38:39.540000,09:38:39.540000,2025,,,Speed Related,2025
2025-12-08 13:55:47.073000,7942757.0,CTCSP0500,CSP Troop D,Racial Profile,1000002753,2500369212,Incident ID,2025-10-17 00:00:00,October,W,N,M,31,True,True,KILLINGLY,"00000 PROVIDENCE PIKE (KILLINGLY, T069)",41 47 23.0568000000,71 50 25.6920000000,V,B,1.0,0,14-218a,,False,N,False,False,V,,,,,False,1.0,CTCSP0000,134096937073022130,2025-10-17 05:24:01.793000,05:24:01.793000,2025,,,Speed Related,2025
2025-12-08 13:55:47.170000,7942770.0,CTCSP0500,CSP Troop D,Racial Profile,1000003189,2500369626,Incident ID,2025-10-17 00:00:00,October,W,N,F,20,True,True,STERLING,00000 PLAINFIELD PIKE,41 41 30.9912000000,71 49 13.0440000000,V,B,1.0,0,14-218a,,False,N,False,False,W,,,,,False,1.0,CTCSP0000,134096937073022130,2025-10-17 12:13:46.567000,12:13:46.567000,2025,,,Speed Related,2025
2025-12-08 13:55:47.367000,7942806.0,CTCSP0500,CSP Troop D,Racial Profile,1000004012,2500369148,Incident ID,2025-10-17 00:00:00,October,B,N,M,48,True,True,PLAINFIELD,"00000 I 395  (PLAINFIELD, T109)",41 40 15.3984000000,71 54 35.2800000000,V,B,1.0,0,14-298,,False,N,False,False,I,,,,,False,1.0,CTCSP0000,134096937073022130,2025-10-17 01:29:47.667000,01:29:47.667000,2025,,,STC Violation,2025
2025-12-08 13:55:47.520000,7942851.0,CTCSP0500,CSP Troop D,Racial Profile,1000004405,2500369850,Incident ID,2025-10-17 00:00:00,October,W,N,F,41,True,True,KILLINGLY,00000 MAIN ST,41 48 40.2228000000,71 52 38.6400000000,V,B,1.0,0,14-12(a)*,,False,N,False,False,W,,,,,False,1.0,CTCSP0000,134096937073022130,2025-10-17 15:39:30.713000,15:39:30.713000,2025,,,Registration,2025
2025-12-08 13:55:48.050000,7943009.0,CTCSP0500,CSP Troop D,Racial Profile,1000004964,2500369158,Incident ID,2025-10-17 00:00:00,October,W,H,M,27,True,True,PLAINFIELD,"00000 REST AREA  (PLAINFIELD, T109)",41 45 6.5412000000,71 52 44.2200000000,V,B,1.0,0,14-219,,False,N,False,False,W,,,,,False,1.0,CTCSP0000,134096937073022130,2025-10-17 01:39:45.390000,01:39:45.390000,2025,14-219,,Speed Related,2025
2025-12-08 13:55:47.600000,7942881.0,CTCSP0500,CSP Troop D,Racial Profile,1000004532,2500369446,Incident ID,2025-10-17 00:00:00,October,B,N,M,37,False,False,PUTNAM,"00000 I 395  (PUTNAM, T116)",41 54 12.0312000000,71 53 51.2880000000,V,B,1.0,0,14-219(c)(1),,False,N,False,False,W,,,,,False,1.0,CTCSP0000,134096937073022130,2025-10-17 09:26:00.643000,09:26:00.643000,2025,14-219(c)(1),,Speed Related,2025
2025-12-08 13:55:47.653000,7942895.0,CTCSP0500,CSP Troop D,Racial Profile,1000004534,2500369227,Incident ID,2025-10-17 00:00:00,October,W,N,M,52,True,True,THOMPSON,rt 171 woodstock,41 55 53.4108000000,71 55 49.0080000000,V,G,1.0,0,14-218,,False,N,False,False,N,,,,,False,1.0,CTCSP0000,134096937073022130,2025-10-17 06:07:18.230000,06:07:18.230000,2025,,,Speed Related,2025
2025-12-08 13:55:47.657000,7942896.0,CTCSP0500,CSP Troop D,Racial Profile,1000004534,2500369235,Incident ID,2025-10-17 00:00:00,October,W,N,F,60,True,True,THOMPSON,171 woodstock road,41 55 53.4108000000,71 55 49.0080000000,V,G,1.0,0,14-218,,False,N,False,False,N,,,,,False,1.0,CTCSP0000,134096937073022130,2025-10-17 06:19:30.077000,06:19:30.077000,2025,,,Speed Related,2025
2025-12-08 13:55:47.650000,7942894.0,CTCSP0500,CSP Troop D,Racial Profile,1000004534,2500369225,Incident ID,2025-10-17 00:00:00,October,W,N,F,45,True,True,THOMPSON,00000 WOODSTOCK RD,41 55 53.4108000000,71 55 49.0080000000,V,G,1.0,0,14-218a,,False,N,False,False,W,,,,,False,1.0,CTCSP0000,134096937073022130,2025-10-17 06:00:46.837000,06:00:46.837000,2025,,,Speed Related,2025
2025-12-08 13:55:47.660000,7942897.0,CTCSP0500,CSP Troop D,Racial Profile,1000004534,2500369242,Incident ID,2025-10-17 00:00:00,October,W,N,M,38,True,True,WOODSTOCK,171 woodstock road,41 55 55.4556000000,71 55 57.4320000000,V,G,1.0,0,14-218,,False,N,False,False,N,,,,,False,1.0,CTCSP0000,134096937073022130,2025-10-17 06:28:29.127000,06:28:29.127000,2025,,,Speed Related,2025
2025-12-08 13:55:47.777000,7942923.0,CTCSP0500,CSP Troop D,Racial Profile,1000004675,2500369852,Incident ID,2025-10-17 00:00:00,October,W,N,M,64,True,False,KILLINGLY,00000 RT 6 ,41 47 41.0676000000,71 52 49.4760000000,V,G,1.0,0,14-12(a)*,,False,N,False,False,W,,,,,False,1.0,CTCSP0000,134096937073022130,2025-10-17 15:41:08.940000,15:41:08.940000,2025,,,Registration,2025
2025-12-08 13:55:47.780000,7942924.0,CTCSP0500,CSP Troop D,Racial Profile,1000004675,2500369863,Incident ID,2025-10-17 00:00:00,October,W,N,F,45,True,False,KILLINGLY,00000 MAIN ST,41 48 22.1832000000,71 52 57.2520000000,V,G,1.0,0,14-12(a)*,,False,N,False,False,W,,,,,False,1.0,CTCSP0000,134096937073022130,2025-10-17 15:48:48.403000,15:48:48.403000,2025,,,Registration,2025
2025-12-08 13:55:47.823000,7942941.0,CTCSP0500,CSP Troop D,Racial Profile,1000004678,2500369493,Incident ID,2025-10-17 00:00:00,October,W,N,F,65,False,False,THOMPSON,00000 I 395 exit 49,41 58 56.7156000000,71 51 17.6400000000,V,G,1.0,0,14-219(b),,False,N,False,False,W,,,,,False,1.0,CTCSP0000,134096937073022130,2025-10-17 10:08:46.610000,10:08:46.610000,2025,,,Speed Related,2025
2025-12-08 13:55:47.850000,7942950.0,CTCSP0500,CSP Troop D,Racial Profile,1000004777,2500369188,Incident ID,2025-10-17 00:00:00,October,B,N,F,41,True,False,PUTNAM,00000 I 395 ,41 55 42.5100000000,71 52 57.5760000000,V,B,1.0,0,14-219(c)(1),,False,N,False,False,W,,,,,False,1.0,CTCSP0000,134096937073022130,2025-10-17 03:06:04.250000,03:06:04.250000,2025,,,Speed Related,2025
2025-12-08 13:55:47.850000,7942951.0,CTCSP0500,CSP Troop D,Racial Profile,1000004777,2500369193,Incident ID,2025-10-17 00:00:00,October,W,N,M,35,True,False,THOMPSON,00000 I 395 ,41 59 43.8828000000,71 51 9.0000000000,V,B,1.0,0,14-219(c)(1),,False,N,False,False,W,,,,,False,1.0,CTCSP0000,134096937073022130,2025-10-17 03:21:28.723000,03:21:28.723000,2025,,,Speed Related,2025
2025-12-08 13:55:48.020000,7943000.0,CTCSP0500,CSP Troop D,Racial Profile,1000004858,2500369201,Incident ID,2025-10-17 00:00:00,October,W,N,M,26,True,False,BROOKLYN,00000 HARTFORD RD,41 47 12.9012000000,71 59 54.0960000000,V,G,1.0,0,14-219(b),,False,N,False,False,W,,,,,False,1.0,CTCSP0000,134096937073022130,2025-10-17 04:09:27.967000,04:09:27.967000,2025,14-219(b),,Speed Related,2025
2025-12-08 13:55:47.970000,7942990.0,CTCSP0500,CSP Troop D,Racial Profile,1000004856,2500370367,Incident ID,2025-10-17 00:00:00,October,W,N,M,58,False,False,KILLINGLY,i-395,41 51 46.2672000000,71 53 10.5720000000,E,G,1.0,0,14-96a(a),,False,N,False,False,V,,,,,False,1.0,CTCSP0000,134096937073022130,2025-10-17 23:27:49.887000,23:27:49.887000,2025,,,Defective Lights,2025
2025-12-08 13:55:48.023000,7943001.0,CTCSP0500,CSP Troop D,Racial Profile,1000004858,2500369206,Incident ID,2025-10-17 00:00:00,October,W,N,M,45,True,False,BROOKLYN,00000 HARTFORD RD,41 46 57.8388000000,72 1 5.0880000000,V,G,1.0,0,14-219(b),,False,N,False,False,W,,,,,False,1.0,CTCSP0000,134096937073022130,2025-10-17 04:40:35.963000,04:40:35.963000,2025,14-219(b),,Speed Related,2025
2025-12-08 13:55:46.927000,7942734.0,CTCSP0500,CSP Troop D,Racial Profile,1000002266,2500369440,Incident ID,2025-10-17 00:00:00,October,W,N,F,39,False,False,PLAINFIELD,00000 I 395 ,41 39 18.9324000000,71 55 29.6400000000,V,B,1.0,0,14-219(c)(1),,False,N,False,False,W,,,,,False,1.0,CTCSP0000,134096937073022130,2025-10-17 09:21:37.103000,09:21:37.103000,2025,,,Speed Related,2025
2025-12-08 13:55:46.930000,7942735.0,CTCSP0500,CSP Troop D,Racial Profile,1000002266,2500369454,Incident ID,2025-10-17 00:00:00,October,W,N,F,69,True,False,PLAINFIELD,00000 I 395 ,41 38 58.9452000000,71 55 50.9880000000,V,B,1.0,0,14-219(c)(1),,False,N,False,False,W,,,,,False,1.0,CTCSP0000,134096937073022130,2025-10-17 09:30:11.400000,09:30:11.400000,2025,,,Speed Related,2025
2025-12-08 13:55:46.947000,7942740.0,CTCSP0500,CSP Troop D,Racial Profile,1000002266,2500369515,Incident ID,2025-10-17 00:00:00,October,W,N,M,64,True,False,PLAINFIELD,00000 I 395 ,41 38 58.9452000000,71 55 50.9880000000,V,B,1.0,0,14-219(c)(1),,False,N,False,False,W,,,,,False,1.0,CTCSP0000,134096937073022130,2025-10-17 10:23:07.077000,10:23:07.077000,2025,,,Speed Related,2025
2025-12-08 13:55:46.963000,7942742.0,CTCSP0500,CSP Troop D,Racial Profile,1000002266,2500369538,Incident ID,2025-10-17 00:00:00,October,W,N,F,87,False,False,PLAINFIELD,00000 I 395 ,41 39 18.9324000000,71 55 29.6400000000,V,B,1.0,0,14-219(c)(1),,False,N,False,False,W,,,,,False,1.0,CTCSP0000,134096937073022130,2025-10-17 10:47:24.960000,10:47:24.960000,2025,,,Speed Related,2025
2025-12-08 13:55:47.077000,7942758.0,CTCSP0500,CSP Troop D,Racial Profile,1000002753,2500369219,Incident ID,2025-10-17 00:00:00,October,W,N,M,39,True,False,KILLINGLY,"00000 PROVIDENCE PIKE (KILLINGLY, T069)",41 47 26.2428000000,71 49 51.5280000000,V,B,1.0,0,14-218a,,False,N,False,False,W,,,,,False,1.0,CTCSP0000,134096937073022130,2025-10-17 05:44:54.640000,05:44:54.640000,2025,,,Speed Related,2025
2025-12-08 13:55:47.373000,7942807.0,CTCSP0500,CSP Troop D,Racial Profile,1000004012,2500369160,Incident ID,2025-10-17 00:00:00,October,B,H,M,31,True,True,PLAINFIELD,"00000 I 395  (PLAINFIELD, T109)",41 42 29.9988000000,71 53 53.2680000000,V,B,1.0,0,14-298,,False,N,False,False,I,,,,,False,1.0,CTCSP0000,134096937073022130,2025-10-17 01:41:55.433000,01:41:55.433000,2025,,,STC Violation,2025
2025-12-08 13:55:47.383000,7942809.0,CTCSP0500,CSP Troop D,Racial Profile,1000004012,2500369176,Incident ID,2025-10-17 00:00:00,October,W,N,F,23,True,True,PLAINFIELD,"00000 RAMP 32 I 395 S  (PLAINFIELD, T109)",41 43 6.4092000000,71 53 43.4400000000,V,B,1.0,0,14-283b,,False,N,False,False,V,,,,,False,1.0,CTCSP0000,134096937073022130,2025-10-17 02:16:03.760000,02:16:03.760000,2025,,,Other,2025
2025-12-08 13:55:47.603000,7942882.0,CTCSP0500,CSP Troop D,Racial Profile,1000004532,2500369524,Incident ID,2025-10-17 00:00:00,October,A,N,F,46,False,False,POMFRET,"00000 POMFRET ST (POMFRET, T112)",41 53 37.0176000000,71 57 43.6320000000,V,B,1.0,0,14-301,,False,N,False,False,V,,,,,False,1.0,CTCSP0000,134096937073022130,2025-10-17 10:32:02.640000,10:32:02.640000,2025,14-301,,Stop Sign,2025
2025-12-08 13:55:47.783000,7942925.0,CTCSP0500,CSP Troop D,Racial Profile,1000004675,2500370166,Incident ID,2025-10-17 00:00:00,October,W,N,F,63,False,False,KILLINGLY,"00000 EXIT 37B I 395 S  (KILLINGLY, T069)",41 47 52.5480000000,71 52 29.3880000000,V,G,1.0,0,14-12(a)*,,False,N,False,False,I,,,,,False,1.0,CTCSP0000,134096937073022130,2025-10-17 19:50:53.790000,19:50:53.790000,2025,,,Registration,2025
2025-12-08 13:55:47.823000,7942940.0,CTCSP0500,CSP Troop D,Racial Profile,1000004678,2500369474,Incident ID,2025-10-17 00:00:00,October,W,N,M,27,True,False,THOMPSON,"00000 I 395  (THOMPSON, T141)",41 58 54.6276000000,71 51 16.3440000000,V,G,1.0,0,14-219(b),,False,N,False,False,I,,,,,False,1.0,CTCSP0000,134096937073022130,2025-10-17 09:43:38.770000,09:43:38.770000,2025,,,Speed Related,2025
2025-12-08 13:55:47.827000,7942942.0,CTCSP0500,CSP Troop D,Racial Profile,1000004678,2500369513,Incident ID,2025-10-17 00:00:00,October,B,N,M,69,False,False,THOMPSON,00000 I 395 exit 47,41 56 39.4404000000,71 52 48.7560000000,V,G,1.0,0,14-219(b),,False,N,False,False,W,,,,,False,1.0,CTCSP0000,134096937073022130,2025-10-17 10:22:26.857000,10:22:26.857000,2025,,,Speed Related,2025
2025-12-08 13:55:47.853000,7942952.0,CTCSP0500,CSP Troop D,Racial Profile,1000004777,2500369195,Incident ID,2025-10-17 00:00:00,October,W,H,F,22,False,False,THOMPSON,00000 I 395 ,41 57 57.8520000000,71 52 21.9720000000,V,B,1.0,0,14-236,,False,N,False,False,W,,,,,False,1.0,CTCSP0000,134096937073022130,2025-10-17 03:31:34.887000,03:31:34.887000,2025,,,Moving Violation,2025
2025-12-08 13:55:47.857000,7942953.0,CTCSP0500,CSP Troop D,Racial Profile,1000004777,2500370315,Incident ID,2025-10-17 00:00:00,October,W,N,M,45,True,False,STERLING,00000 SNAKE MEADOW HILL RD,41 44 8.8404000000,71 49 30.9360000000,V,B,1.0,0,14-301,,False,N,False,False,W,,,,,False,1.0,CTCSP0000,134096937073022130,2025-10-17 22:52:46.587000,22:52:46.587000,2025,,,Stop Sign,2025
2025-12-08 13:55:47.917000,7942977.0,CTCSP0500,CSP Troop D,Racial Profile,1000004779,2500370218,Incident ID,2025-10-17 00:00:00,October,B,N,M,41,False,False,PLAINFIELD,00000 I 395 ,41 42 5.4828000000,71 54 4.6080000000,V,G,1.0,0,14-218a,,False,N,False,False,W,,,,,False,1.0,CTCSP0000,134096937073022130,2025-10-17 20:46:17.667000,20:46:17.667000,2025,,,Speed Related,2025
2025-12-08 13:55:47.257000,7942787.0,CTCSP0500,CSP Troop D,Racial Profile,1000003380,2500370558,Incident ID,2025-10-18 00:00:00,October,W,H,M,26,False,False,POMFRET,00000 MASHAMOQUET RD,41 51 35.6364000000,72 0 9.9720000000,V,G,1.0,0,14-234,,False,N,False,False,W,,,,,False,1.0,CTCSP0000,134096937073022130,2025-10-18 06:18:30.650000,06:18:30.650000,2025,,,Moving Violation,2025
2025-12-08 13:55:47.133000,7942763.0,CTCSP0500,CSP Troop D,Racial Profile,1000002949,2500371188,Incident ID,2025-10-18 00:00:00,October,A,N,M,40,True,False,KILLINGLY,"I 395 EXIT 43  (KILLINGLY, T069)",41 52 42.7800000000,71 53 42.2880000000,V,B,1.0,0,14-219(c)(1),,False,N,False,False,I,,,,,False,1.0,CTCSP0000,134096937073022130,2025-10-18 17:58:43.760000,17:58:43.760000,2025,14-222*,,Speed Related,2025
2025-12-08 13:55:47.150000,7942764.0,CTCSP0500,CSP Troop D,Racial Profile,1000002949,2500371203,Incident ID,2025-10-18 00:00:00,October,W,H,M,59,False,False,PUTNAM,"S I 395 EXIT 47  (PUTNAM, T116)",41 55 39.2952000000,71 52 59.4840000000,V,B,1.0,0,14-219(c)(1),,False,N,False,False,I,,,,,False,1.0,CTCSP0000,134096937073022130,2025-10-18 18:20:00.783000,18:20:00.783000,2025,14-222*,,Speed Related,2025
2025-12-08 13:55:47.117000,7942762.0,CTCSP0500,CSP Troop D,Racial Profile,1000002949,2500371172,Incident ID,2025-10-18 00:00:00,October,W,N,M,22,True,False,KILLINGLY,"N I 395 Exit 41  (KILLINGLY, T069)",41 50 20.1192000000,71 52 38.0280000000,V,B,1.0,0,14-219(c)(1),,False,N,False,False,I,,,,,False,1.0,CTCSP0000,134096937073022130,2025-10-18 17:39:30.237000,17:39:30.237000,2025,14-222*,,Speed Related,2025
2025-12-08 13:55:47.787000,7942927.0,CTCSP0500,CSP Troop D,Racial Profile,1000004675,2500371162,Incident ID,2025-10-18 00:00:00,October,W,H,M,19,True,False,PLAINFIELD,"00000 I 395  (PLAINFIELD, T109)",41 40 15.3984000000,71 54 35.2800000000,V,G,1.0,0,14-12(a)*,,False,N,False,False,I,,,,,False,1.0,CTCSP0000,134096937073022130,2025-10-18 17:31:22.850000,17:31:22.850000,2025,,,Registration,2025
2025-12-08 13:55:47.860000,7942954.0,CTCSP0500,CSP Troop D,Racial Profile,1000004777,2500370425,Incident ID,2025-10-18 00:00:00,October,W,N,F,30,True,False,KILLINGLY,00000 RT 6 ,41 47 47.3100000000,71 53 2.7240000000,V,B,1.0,0,14-219(c)(1),,False,N,False,False,W,,,,,False,1.0,CTCSP0000,134096937073022130,2025-10-18 00:45:03.443000,00:45:03.443000,2025,,,Speed Related,2025
2025-12-08 13:55:47.863000,7942956.0,CTCSP0500,CSP Troop D,Racial Profile,1000004777,2500370472,Incident ID,2025-10-18 00:00:00,October,W,N,M,32,True,False,KILLINGLY,"00000 COMMERCE AVE (KILLINGLY, T069)",41 48 16.9704000000,71 53 3.3720000000,V,B,1.0,0,14-218a,,False,N,False,False,I,,,,,False,1.0,CTCSP0000,134096937073022130,2025-10-18 01:58:53.857000,01:58:53.857000,2025,,,Speed Related,2025
2025-12-08 13:55:47.980000,7942993.0,CTCSP0500,CSP Troop D,Racial Profile,1000004856,2500370730,Incident ID,2025-10-18 00:00:00,October,W,N,M,30,True,True,THOMPSON,"00000 I 395  (THOMPSON, T141)",41 56 57.8220000000,71 52 53.6160000000,V,G,1.0,0,14-219(c)(1),,False,N,False,False,I,,,,,False,1.0,CTCSP0000,134096937073022130,2025-10-18 09:40:57.187000,09:40:57.187000,2025,,,Speed Related,2025
2025-12-08 13:55:47.557000,7942865.0,CTCSP0500,CSP Troop D,Racial Profile,1000004409,2500371176,Incident ID,2025-10-18 00:00:00,October,A,N,M,28,False,False,THOMPSON,00000 I 395 ,41 56 49.7544000000,71 52 52.8240000000,V,B,1.0,0,14-236,,False,N,False,False,W,,,,,False,1.0,CTCSP0000,134096937073022130,2025-10-18 17:43:48.820000,17:43:48.820000,2025,,,Moving Violation,2025
2025-12-08 13:55:47.787000,7942926.0,CTCSP0500,CSP Troop D,Racial Profile,1000004675,2500371106,Incident ID,2025-10-18 00:00:00,October,W,N,M,31,True,False,KILLINGLY,I395 Killingly ,41 49 12.6876000000,71 52 14.0160000000,V,G,1.0,0,14-147(c),,False,N,False,False,I,,,,,False,1.0,CTCSP0000,134096937073022130,2025-10-18 16:52:08.790000,16:52:08.790000,2025,,,Administrative Offense,2025
2025-12-08 13:55:47.790000,7942928.0,CTCSP0500,CSP Troop D,Racial Profile,1000004675,2500371324,Incident ID,2025-10-18 00:00:00,October,W,N,M,54,True,False,KILLINGLY,West Palmer Rd Killingly,41 48 19.7928000000,71 53 25.9512000000,I,G,3.0,1,14-215,,True,O,False,True,U,,,,,False,1.0,CTCSP0000,134096937073022130,2025-10-18 21:00:00.530000,21:00:00.530000,2025,,,Administrative Offense,2025
2025-12-08 13:55:47.860000,7942955.0,CTCSP0500,CSP Troop D,Racial Profile,1000004777,2500370436,Incident ID,2025-10-18 00:00:00,October,W,N,M,21,True,False,BROOKLYN,00000 DAY ST,41 48 0.0360000000,71 53 55.2120000000,V,B,1.0,0,14-218a,,False,N,False,False,W,,,,,False,1.0,CTCSP0000,134096937073022130,2025-10-18 00:54:52.327000,00:54:52.327000,2025,,,Speed Related,2025
2025-12-08 13:55:48.050000,7943010.0,CTCSP0500,CSP Troop D,Racial Profile,1000004964,2500370429,Incident ID,2025-10-18 00:00:00,October,W,N,F,25,True,True,KILLINGLY,"00000 I 395  (KILLINGLY, T069)",41 46 15.3120000000,71 52 20.6760000000,V,B,1.0,0,14-12(a)*,,False,N,False,False,N,,,,,False,1.0,CTCSP0000,134096937073022130,2025-10-18 00:46:27.327000,00:46:27.327000,2025,14-12(a)*,,Registration,2025
2025-12-08 13:55:47.867000,7942957.0,CTCSP0500,CSP Troop D,Racial Profile,1000004777,2500371435,Incident ID,2025-10-18 00:00:00,October,A,N,M,24,False,False,PLAINFIELD,"00000 EXIT 32 I 395 N  (PLAINFIELD, T109)",41 43 3.3816000000,71 53 40.1280000000,V,B,1.0,0,14-219(c)(1),,False,N,False,False,I,,,,,False,1.0,CTCSP0000,134096937073022130,2025-10-18 23:21:42.910000,23:21:42.910000,2025,,,Speed Related,2025
2025-12-08 13:55:47.920000,7942978.0,CTCSP0500,CSP Troop D,Racial Profile,1000004779,2500371191,Incident ID,2025-10-18 00:00:00,October,W,N,M,51,False,False,BROOKLYN,00000 HARTFORD RD,41 47 8.2392000000,72 0 36.3960000000,V,G,1.0,0,14-218a,,False,N,False,False,W,,,,,False,1.0,CTCSP0000,134096937073022130,2025-10-18 18:01:51.230000,18:01:51.230000,2025,,,Speed Related,2025
2025-12-08 13:55:47.977000,7942991.0,CTCSP0500,CSP Troop D,Racial Profile,1000004856,2500370433,Incident ID,2025-10-18 00:00:00,October,W,N,F,28,True,True,PUTNAM,"00000 I 395  (PUTNAM, T116)",41 55 42.5100000000,71 52 57.5760000000,V,G,1.0,0,14-219(c)(1),,False,N,False,False,W,,,,,False,1.0,CTCSP0000,134096937073022130,2025-10-18 00:48:44.653000,00:48:44.653000,2025,,,Speed Related,2025
2025-12-08 13:55:47.977000,7942992.0,CTCSP0500,CSP Troop D,Racial Profile,1000004856,2500370446,Incident ID,2025-10-18 00:00:00,October,W,N,M,21,True,True,PUTNAM,"00000 EXIT 47 I 395 S  (PUTNAM, T116)",41 55 27.3720000000,71 53 10.8240000000,V,G,1.0,0,14-219(c)(1),,False,N,False,False,W,,,,,False,1.0,CTCSP0000,134096937073022130,2025-10-18 01:09:54.030000,01:09:54.030000,2025,,,Speed Related,2025
2025-12-08 13:55:48.027000,7943002.0,CTCSP0500,CSP Troop D,Racial Profile,1000004858,2500370543,Incident ID,2025-10-18 00:00:00,October,W,N,M,35,True,False,HAMPTON,00000 HARTFORD TPKE,41 46 13.8684000000,72 3 46.7280000000,V,G,1.0,0,14-219(b),,False,N,False,False,W,,,,,False,1.0,CTCSP0000,134096937073022130,2025-10-18 05:09:43.107000,05:09:43.107000,2025,,,Speed Related,2025
2025-12-08 13:55:48.030000,7943003.0,CTCSP0500,CSP Troop D,Racial Profile,1000004858,2500370548,Incident ID,2025-10-18 00:00:00,October,W,N,M,46,True,False,HAMPTON,00000 PROVIDENCE TPKE,41 46 7.2912000000,72 2 57.3720000000,V,G,1.0,0,14-219(b),,False,N,False,False,W,,,,,False,1.0,CTCSP0000,134096937073022130,2025-10-18 05:38:54.640000,05:38:54.640000,2025,,,Speed Related,2025
2025-12-08 13:55:47.390000,7942811.0,CTCSP0500,CSP Troop D,Racial Profile,1000004012,2500372392,Incident ID,2025-10-19 00:00:00,October,B,N,M,44,False,False,HAMPTON,"00000 PROVIDENCE TPKE (HAMPTON, T063)",41 46 49.4364000000,72 1 32.2320000000,V,B,1.0,0,14-298,,False,N,False,False,I,,,,,False,1.0,CTCSP0000,134096937073022130,2025-10-19 23:21:16.880000,23:21:16.880000,2025,,,STC Violation,2025
2025-12-08 13:55:47.390000,7942812.0,CTCSP0500,CSP Troop D,Racial Profile,1000004012,2500372401,Incident ID,2025-10-19 00:00:00,October,W,N,F,31,True,True,BROOKLYN,"00000 HARTFORD RD (BROOKLYN, T019)",41 47 5.7336000000,71 59 33.1800000000,V,B,3.0,1,14-96b,,False,N,False,False,I,,,,,False,1.0,CTCSP0000,134096937073022130,2025-10-19 23:31:46.953000,23:31:46.953000,2025,14-213b,,Defective Lights,2025
2025-12-08 13:55:47.880000,7942962.0,CTCSP0500,CSP Troop D,Racial Profile,1000004777,2500372422,Incident ID,2025-10-19 00:00:00,October,W,H,M,20,True,False,BROOKLYN,00000 PROVIDENCE RD,41 48 2.0448000000,71 53 47.4000000000,V,B,1.0,0,14-218a,,False,N,False,False,W,,,,,False,1.0,CTCSP0000,134096937073022130,2025-10-19 23:49:40.643000,23:49:40.643000,2025,,,Speed Related,2025
2025-12-08 13:55:47.517000,7942850.0,CTCSP0500,CSP Troop D,Racial Profile,1000004403,2500372358,Incident ID,2025-10-19 00:00:00,October,W,N,F,19,True,False,CHAPLIN,Route 6,41 46 3.2340000000,72 6 54.0720000000,V,B,1.0,0,14-218a,,False,N,False,False,V,,,,,False,1.0,CTCSP0000,134096937073022130,2025-10-19 22:49:21.410000,22:49:21.410000,2025,,,Speed Related,2025
2025-12-08 13:55:47.960000,7942985.0,CTCSP0500,CSP Troop D,Racial Profile,1000004799,2500372188,Incident ID,2025-10-19 00:00:00,October,W,N,M,25,True,False,PUTNAM,00000 FRONT ST,41 54 55.4184000000,71 54 30.8880000000,V,B,1.0,0,14-12(a),,False,N,False,False,W,,,,,False,1.0,CTCSP0000,134096937073022130,2025-10-19 18:22:47.040000,18:22:47.040000,2025,,,Registration,2025
2025-12-08 13:55:47.870000,7942958.0,CTCSP0500,CSP Troop D,Racial Profile,1000004777,2500371505,Incident ID,2025-10-19 00:00:00,October,W,N,F,36,False,False,PUTNAM,00000 I 395 ,41 54 23.5368000000,71 53 36.0600000000,V,B,1.0,0,14-240(b,,False,N,False,False,W,,,,,False,1.0,CTCSP0000,134096937073022130,2025-10-19 00:59:54.113000,00:59:54.113000,2025,,,Moving Violation,2025
2025-12-08 13:55:47.870000,7942959.0,CTCSP0500,CSP Troop D,Racial Profile,1000004777,2500371542,Incident ID,2025-10-19 00:00:00,October,B,N,M,32,True,False,PLAINFIELD,00000 I 395 ,41 40 5.3148000000,71 54 42.0120000000,V,B,1.0,0,14-219(c)(1),,False,N,False,False,W,,,,,False,1.0,CTCSP0000,134096937073022130,2025-10-19 01:46:14.690000,01:46:14.690000,2025,,,Speed Related,2025
2025-12-08 13:55:47.983000,7942994.0,CTCSP0500,CSP Troop D,Racial Profile,1000004856,2500372423,Incident ID,2025-10-19 00:00:00,October,B,N,M,19,True,True,THOMPSON,"00000 I 395  (THOMPSON, T141)",41 56 32.9316000000,71 52 45.6240000000,V,G,1.0,0,14-219(c),,False,N,False,False,W,,,,,False,1.0,CTCSP0000,134096937073022130,2025-10-19 23:50:00.567000,23:50:00.567000,2025,,,Speed Related,2025
2025-12-08 13:55:48.037000,7943004.0,CTCSP0500,CSP Troop D,Racial Profile,1000004858,2500371611,Incident ID,2025-10-19 00:00:00,October,W,N,F,28,True,False,PUTNAM,00000 KENNEDY DR,41 54 3.2688000000,71 54 3.8880000000,V,G,1.0,0,14-219(c)(1),,False,N,False,False,W,,,,,False,1.0,CTCSP0000,134096937073022130,2025-10-19 05:46:32.670000,05:46:32.670000,2025,,,Speed Related,2025
2025-12-08 13:55:48.040000,7943005.0,CTCSP0500,CSP Troop D,Racial Profile,1000004858,2500371624,Incident ID,2025-10-19 00:00:00,October,W,N,F,33,False,False,PUTNAM,00000 RAMP 47 I 395 N ,41 55 29.8344000000,71 52 59.8080000000,V,G,1.0,0,14-219(c)(1),,False,N,False,False,W,,,,,False,1.0,CTCSP0000,134096937073022130,2025-10-19 06:29:24.903000,06:29:24.903000,2025,,,Speed Related,2025
2025-12-08 13:55:47.387000,7942810.0,CTCSP0500,CSP Troop D,Racial Profile,1000004012,2500372377,Incident ID,2025-10-19 00:00:00,October,W,H,F,34,False,False,HAMPTON,"00000 PROVIDENCE TPKE (HAMPTON, T063)",41 46 49.4364000000,72 1 32.2320000000,V,B,1.0,0,14-298,,False,N,False,False,I,,,,,False,1.0,CTCSP0000,134096937073022130,2025-10-19 23:05:07.403000,23:05:07.403000,2025,,,STC Violation,2025
2025-12-08 13:55:47.570000,7942871.0,CTCSP0500,CSP Troop D,Racial Profile,1000004434,2500371964,Incident ID,2025-10-19 00:00:00,October,W,N,M,64,True,True,HAMPTON,00000 HARTFORD TPKE,41 46 9.3000000000,72 5 25.5480000000,V,G,1.0,0,14-298,,False,N,False,False,W,,,,,False,1.0,CTCSP0000,134096937073022130,2025-10-19 14:13:10.047000,14:13:10.047000,2025,,,STC Violation,2025
2025-12-08 13:55:47.873000,7942960.0,CTCSP0500,CSP Troop D,Racial Profile,1000004777,2500372343,Incident ID,2025-10-19 00:00:00,October,W,N,F,58,True,False,CANTERBURY,"00000 WESTMINSTER RD (CANTERBURY, T022)",41 41 52.6956000000,71 59 34.0080000000,V,B,1.0,0,14-219(b),,False,N,False,False,I,,,,,False,1.0,CTCSP0000,134096937073022130,2025-10-19 22:36:00.210000,22:36:00.210000,2025,,,Speed Related,2025
2025-12-08 13:55:47.877000,7942961.0,CTCSP0500,CSP Troop D,Racial Profile,1000004777,2500372410,Incident ID,2025-10-19 00:00:00,October,W,N,F,45,False,False,KILLINGLY,"00000 I 395  (KILLINGLY, T069)",41 48 33.4512000000,71 52 19.4880000000,V,B,1.0,0,14-291c,,False,N,False,False,I,,,,,False,1.0,CTCSP0000,134096937073022130,2025-10-19 23:38:29.177000,23:38:29.177000,2025,,,Other,2025
2025-12-08 13:55:47.570000,7942872.0,CTCSP0500,CSP Troop D,Racial Profile,1000004434,2500373435,Incident ID,2025-10-20 00:00:00,October,W,H,M,24,True,False,KILLINGLY,00000 I 395 ,41 49 51.5460000000,71 52 28.6320000000,V,G,1.0,0,14-298,,False,N,False,False,W,,,,,False,1.0,CTCSP0000,134096937073022130,2025-10-20 22:00:31.967000,22:00:31.967000,2025,,,STC Violation,2025
2025-12-08 13:55:47.150000,7942765.0,CTCSP0500,CSP Troop D,Racial Profile,1000002949,2500373266,Incident ID,2025-10-20 00:00:00,October,B,N,M,35,True,False,BROOKLYN,"HARTFORD RD & STETSON RD (BROOKLYN, T019)",41 47 12.6888000000,72 0 23.1480000000,V,B,1.0,0,14-219(b),,False,N,False,False,I,,,,,False,1.0,CTCSP0000,134096937073022130,2025-10-20 17:59:00.643000,17:59:00.643000,2025,14-219(c)(2),,Speed Related,2025
2025-12-08 13:55:47.883000,7942964.0,CTCSP0500,CSP Troop D,Racial Profile,1000004777,2500372562,Incident ID,2025-10-20 00:00:00,October,W,N,M,64,True,False,KILLINGLY,"00000 RAMP 37A I 395 N  (KILLINGLY, T069)",41 47 30.6096000000,71 52 35.2920000000,V,B,1.0,0,14-218a,,False,N,False,False,I,,,,,False,1.0,CTCSP0000,134096937073022130,2025-10-20 06:25:34.867000,06:25:34.867000,2025,,,Speed Related,2025
2025-12-08 13:55:47.830000,7942943.0,CTCSP0500,CSP Troop D,Racial Profile,1000004678,2500373447,Incident ID,2025-10-20 00:00:00,October,W,N,M,38,True,False,KILLINGLY,00000 I 395 exit 38,41 48 8.4744000000,71 52 21.2160000000,V,G,1.0,1,14-219(b(5,,False,N,False,False,W,,,,,False,1.0,CTCSP0000,134096937073022130,2025-10-20 22:35:18.873000,22:35:18.873000,2025,,,Speed Related,2025
2025-12-08 13:55:47.880000,7942963.0,CTCSP0500,CSP Troop D,Racial Profile,1000004777,2500372451,Incident ID,2025-10-20 00:00:00,October,W,N,F,23,True,False,BROOKLYN,00000 S MAIN ST,41 48 5.7636000000,71 53 22.7760000000,V,B,1.0,0,14-218a,,False,N,False,False,W,,,,,False,1.0,CTCSP0000,134096937073022130,2025-10-20 00:22:20.260000,00:22:20.260000,2025,,,Speed Related,2025
2025-12-08 13:55:47.920000,7942979.0,CTCSP0500,CSP Troop D,Racial Profile,1000004779,2500373126,Incident ID,2025-10-20 00:00:00,October,W,H,M,28,True,False,KILLINGLY,00000 TOWN FARM RD,41 50 39.6204000000,71 52 55.4880000000,V,G,1.0,0,14-12(a),,False,N,False,False,W,,,,,False,1.0,CTCSP0000,134096937073022130,2025-10-20 15:52:32.243000,15:52:32.243000,2025,,,Registration,2025
2025-12-08 13:55:47.990000,7942995.0,CTCSP0500,CSP Troop D,Racial Profile,1000004856,2500372434,Incident ID,2025-10-20 00:00:00,October,W,N,M,29,False,False,PUTNAM,"00000 SCHOOL ST (PUTNAM, T116)",41 55 20.5284000000,71 54 0.2160000000,E,G,1.0,0,14-96c,,False,N,False,False,V,,,,,False,1.0,CTCSP0000,134096937073022130,2025-10-20 00:01:38.567000,00:01:38.567000,2025,,,Defective Lights,2025
2025-12-08 13:55:47.153000,7942766.0,CTCSP0500,CSP Troop D,Racial Profile,1000002949,2500373293,Incident ID,2025-10-20 00:00:00,October,W,N,M,46,True,False,BROOKLYN,"HARTFORD RD & STETSON RD (BROOKLYN, T019)",41 47 12.6888000000,72 0 23.1480000000,V,B,1.0,0,14-219(b),,False,N,False,False,I,,,,,False,1.0,CTCSP0000,134096937073022130,2025-10-20 18:24:48.750000,18:24:48.750000,2025,14-219(c)(2),,Speed Related,2025
2025-12-08 13:55:47.477000,7942837.0,CTCSP0500,CSP Troop D,Racial Profile,1000004345,2500373304,Incident ID,2025-10-20 00:00:00,October,W,H,F,39,True,False,PLAINFIELD,I-395 north of X29,41 42 5.4252000000,71 54 5.3640000000,V,G,1.0,0,14-299,,False,N,False,False,V,,,,,False,1.0,CTCSP0000,134096937073022130,2025-10-20 18:42:07.517000,18:42:07.517000,2025,,,Traffic Control Signal,2025
2025-12-08 13:55:48.060000,7943014.0,CTCSP0500,CSP Troop D,Racial Profile,1000004968,2500373419,Incident ID,2025-10-20 00:00:00,October,W,N,F,29,True,True,THOMPSON,00000 RAMP 50 I 395 S ,41 57 56.9376000000,71 52 24.4560000000,V,G,1.0,0,14-96a(a),,False,N,False,False,W,,,,,False,1.0,CTCSP0000,134096937073022130,2025-10-20 21:29:32.767000,21:29:32.767000,2025,,,Defective Lights,2025
2025-12-08 13:55:47.173000,7942772.0,CTCSP0500,CSP Troop D,Racial Profile,1000003189,2500374233,Incident ID,2025-10-21 00:00:00,October,W,H,M,56,False,False,KILLINGLY,00000 PROVIDENCE PIKE,41 47 26.8224000000,71 48 43.5600000000,V,B,1.0,0,14-218a,,False,N,False,False,W,,,,,False,1.0,CTCSP0000,134096937073022130,2025-10-21 13:20:03.937000,13:20:03.937000,2025,,,Speed Related,2025
2025-12-08 13:55:47.233000,7942783.0,CTCSP0500,CSP Troop D,Racial Profile,1000003342,2500373804,Incident ID,2025-10-21 00:00:00,October,W,N,F,38,True,False,BROOKLYN,"00000 HARTFORD RD (BROOKLYN, T019)",41 47 12.6888000000,72 0 23.1480000000,V,B,1.0,0,14-298,,False,N,False,False,I,,,,,False,1.0,CTCSP0000,134096937073022130,2025-10-21 07:54:39.213000,07:54:39.213000,2025,,,STC Violation,2025
2025-12-08 13:55:47.400000,7942816.0,CTCSP0500,CSP Troop D,Racial Profile,1000004012,2500373645,Incident ID,2025-10-21 00:00:00,October,W,N,M,18,True,True,WINDHAM,"00000 AIRPORT RD (WINDHAM, T163)",41 44 15.5004000000,72 10 50.9160000000,V,B,1.0,0,14-299,,False,N,False,False,V,,,,,False,1.0,CTCSP0000,134096937073022130,2025-10-21 06:13:00.880000,06:13:00.880000,2025,,,Traffic Control Signal,2025
2025-12-08 13:55:46.967000,7942743.0,CTCSP0500,CSP Troop D,Racial Profile,1000002266,2500374283,Incident ID,2025-10-21 00:00:00,October,W,N,M,22,True,False,KILLINGLY,00000 KILLINGLY COMMONS DR,41 50 34.3860000000,71 52 58.5120000000,V,B,1.0,0,14-299,,False,N,False,False,W,,,,,False,1.0,CTCSP0000,134096937073022130,2025-10-21 13:56:38.433000,13:56:38.433000,2025,,,Traffic Control Signal,2025
2025-12-08 13:55:47.693000,7942909.0,CTCSP0500,CSP Troop D,Racial Profile,1000004671,2500374727,Incident ID,2025-10-21 00:00:00,October,W,N,M,54,True,False,KILLINGLY,"N/B 395 X 38, KILLINGLY, CT",41 48 32.3496000000,71 52 19.8480000000,V,G,1.0,0,14-96a(a),,False,N,False,False,V,,,,,False,1.0,CTCSP0000,134096937073022130,2025-10-21 20:09:04.797000,20:09:04.797000,2025,,,Defective Lights,2025
2025-12-08 13:55:47.170000,7942771.0,CTCSP0500,CSP Troop D,Racial Profile,1000003189,2500374210,Incident ID,2025-10-21 00:00:00,October,B,N,F,41,False,False,KILLINGLY,"00000 PROVIDENCE PIKE (KILLINGLY, T069)",41 47 26.8224000000,71 48 43.5600000000,V,B,1.0,0,14-218a,,False,N,False,False,W,,,,,False,1.0,CTCSP0000,134096937073022130,2025-10-21 13:02:44.187000,13:02:44.187000,2025,,,Speed Related,2025
2025-12-08 13:55:47.237000,7942784.0,CTCSP0500,CSP Troop D,Racial Profile,1000003342,2500373840,Incident ID,2025-10-21 00:00:00,October,W,N,F,52,True,False,BROOKLYN,"00000 HARTFORD RD (BROOKLYN, T019)",41 47 12.9012000000,71 59 54.0960000000,V,B,1.0,0,14-219(c)(1),,False,N,False,False,I,,,,,False,1.0,CTCSP0000,134096937073022130,2025-10-21 08:08:59.540000,08:08:59.540000,2025,,,Speed Related,2025
2025-12-08 13:55:47.393000,7942813.0,CTCSP0500,CSP Troop D,Racial Profile,1000004012,2500373539,Incident ID,2025-10-21 00:00:00,October,W,N,M,54,False,False,PLAINFIELD,"00000 I 395  (PLAINFIELD, T109)",41 45 24.6528000000,71 52 34.3920000000,V,B,1.0,0,14-96b,,False,N,False,False,V,,,,,False,1.0,CTCSP0000,134096937073022130,2025-10-21 00:17:18.253000,00:17:18.253000,2025,,,Defective Lights,2025
2025-12-08 13:55:47.397000,7942814.0,CTCSP0500,CSP Troop D,Racial Profile,1000004012,2500373555,Incident ID,2025-10-21 00:00:00,October,W,N,F,26,False,False,KILLINGLY,"00000 I 395  (KILLINGLY, T069)",41 46 20.7840000000,71 52 19.4520000000,V,B,1.0,0,14-298,,False,N,False,False,I,,,,,False,1.0,CTCSP0000,134096937073022130,2025-10-21 00:41:34.150000,00:41:34.150000,2025,,,STC Violation,2025
2025-12-08 13:55:47.400000,7942815.0,CTCSP0500,CSP Troop D,Racial Profile,1000004012,2500373579,Incident ID,2025-10-21 00:00:00,October,W,N,M,63,True,True,KILLINGLY,"00000 MAIN ST (KILLINGLY, T069)",41 48 12.0960000000,71 53 8.7360000000,V,B,1.0,0,14-301,,False,N,False,False,V,,,,,False,1.0,CTCSP0000,134096937073022130,2025-10-21 01:16:39.013000,01:16:39.013000,2025,,,Stop Sign,2025
2025-12-08 13:55:47.407000,7942817.0,CTCSP0500,CSP Troop D,Racial Profile,1000004012,2500373666,Incident ID,2025-10-21 00:00:00,October,W,H,M,21,True,True,HAMPTON,"00000 PROVIDENCE TPKE (HAMPTON, T063)",41 46 49.4364000000,72 1 32.2320000000,V,B,1.0,0,14-219,,False,N,False,False,V,,,,,False,1.0,CTCSP0000,134096937073022130,2025-10-21 06:33:30.400000,06:33:30.400000,2025,,,Speed Related,2025
2025-12-08 13:55:48.010000,7942996.0,CTCSP0500,CSP Troop D,Racial Profile,1000004856,2500373553,Incident ID,2025-10-21 00:00:00,October,W,N,M,53,False,False,PUTNAM,"00000 EXIT 47 I 395 S  (PUTNAM, T116)",41 55 27.3720000000,71 53 10.8240000000,V,G,1.0,0,14-219,,False,N,False,False,W,,,,,False,1.0,CTCSP0000,134096937073022130,2025-10-21 00:36:46.220000,00:36:46.220000,2025,,,Speed Related,2025
2025-12-08 13:55:47.557000,7942866.0,CTCSP0500,CSP Troop D,Racial Profile,1000004409,2500374631,Incident ID,2025-10-21 00:00:00,October,W,N,M,25,True,False,EASTFORD,"00000 BOSTON TPKE (EASTFORD, T039)",41 53 31.1136000000,72 4 12.1080000000,V,B,1.0,0,14-218a,,False,N,False,False,I,,,,,False,1.0,CTCSP0000,134096937073022130,2025-10-21 18:11:10.170000,18:11:10.170000,2025,,,Speed Related,2025
2025-12-08 13:55:47.940000,7942981.0,CTCSP0500,CSP Troop D,Racial Profile,1000004797,2500373693,Incident ID,2025-10-21 00:00:00,October,W,H,M,19,True,False,KILLINGLY,I-395 NB Mile marker 40.6,41 49 59.3976000000,71 52 29.6040000000,V,G,1.0,0,14-233,,False,N,False,False,V,,,,,False,1.0,CTCSP0000,134096937073022130,2025-10-21 06:53:59.730000,06:53:59.730000,2025,,,Moving Violation,2025
2025-12-08 13:55:48.013000,7942997.0,CTCSP0500,CSP Troop D,Racial Profile,1000004856,2500373672,Incident ID,2025-10-21 00:00:00,October,W,N,M,32,False,False,PUTNAM,"00000 I 395  (PUTNAM, T116)",41 54 33.7500000000,71 53 29.2920000000,V,G,1.0,0,14-233,,False,N,False,False,W,,,,,False,1.0,CTCSP0000,134096937073022130,2025-10-21 06:38:10.940000,06:38:10.940000,2025,,,Moving Violation,2025
2025-12-08 13:55:47.157000,7942767.0,CTCSP0500,CSP Troop D,Racial Profile,1000002949,2500374871,Incident ID,2025-10-21 00:00:00,October,W,N,F,39,True,False,ASHFORD,RT 44 T003,41 51 40.3380000000,72 10 7.7160000000,V,B,1.0,0,14-219(b),,False,N,False,False,V,,,,,False,1.0,CTCSP0000,134096937073022130,2025-10-21 23:05:34.273000,23:05:34.273000,2025,,,Speed Related,2025
2025-12-08 13:55:47.177000,7942773.0,CTCSP0500,CSP Troop D,Racial Profile,1000003189,2500374291,Incident ID,2025-10-21 00:00:00,October,W,N,M,60,True,False,KILLINGLY,"00000 PROVIDENCE PIKE (KILLINGLY, T069)",41 47 26.8224000000,71 48 43.5600000000,V,B,1.0,0,14-218a,,False,N,False,False,V,,,,,False,1.0,CTCSP0000,134096937073022130,2025-10-21 13:58:59.540000,13:58:59.540000,2025,,,Speed Related,2025
2025-12-08 13:55:47.560000,7942867.0,CTCSP0500,CSP Troop D,Racial Profile,1000004409,2500374661,Incident ID,2025-10-21 00:00:00,October,W,N,M,39,True,False,POMFRET,00000 ORCHARD HILL RD,41 50 24.8244000000,71 57 31.6440000000,V,B,1.0,0,14-234,,False,N,False,False,W,,,,,False,1.0,CTCSP0000,134096937073022130,2025-10-21 18:47:10.037000,18:47:10.037000,2025,,,Moving Violation,2025
2025-12-08 13:55:47.160000,7942768.0,CTCSP0500,CSP Troop D,Racial Profile,1000002949,2500376067,Incident ID,2025-10-22 00:00:00,October,W,N,M,58,False,False,PUTNAM,"N I 395 EXIT 45  (PUTNAM, T116)",41 53 8.5740000000,71 53 46.0320000000,V,B,1.0,0,14-219(c)(1),,False,N,False,False,I,,,,,False,1.0,CTCSP0000,134096937073022130,2025-10-22 21:05:06.830000,21:05:06.830000,2025,14-222*,,Speed Related,2025
2025-12-08 13:55:47.410000,7942818.0,CTCSP0500,CSP Troop D,Racial Profile,1000004012,2500375370,Incident ID,2025-10-22 00:00:00,October,W,N,M,41,True,True,CHAPLIN,"00000 PHOENIXVILLE RD (CHAPLIN, T024)",41 46 20.6976000000,72 8 1.4640000000,V,B,2.0,0,14-301,,False,N,False,False,V,,,,,False,1.0,CTCSP0000,134096937073022130,2025-10-22 10:49:16.517000,10:49:16.517000,2025,,,Stop Sign,2025
2025-12-08 13:55:47.410000,7942819.0,CTCSP0500,CSP Troop D,Racial Profile,1000004012,2500376145,Incident ID,2025-10-22 00:00:00,October,B,N,M,43,True,True,BROOKLYN,"00000 HARTFORD RD (BROOKLYN, T019)",41 47 8.3256000000,71 57 17.8920000000,V,B,1.0,0,14-12(a)*,,False,N,False,False,I,,,,,False,1.0,CTCSP0000,134096937073022130,2025-10-22 22:45:40,22:45:40,2025,14-213b,,Registration,2025
2025-12-08 13:55:47.573000,7942873.0,CTCSP0500,CSP Troop D,Racial Profile,1000004434,2500375967,Incident ID,2025-10-22 00:00:00,October,W,N,M,54,True,True,CANTERBURY,00000 WATER ST,41 40 18.8796000000,72 1 23.2680000000,V,G,1.0,0,14-12(a),,False,N,False,False,W,,,,,False,1.0,CTCSP0000,134096937073022130,2025-10-22 18:56:49.760000,18:56:49.760000,2025,,,Registration,2025
2025-12-08 13:55:47.710000,7942910.0,CTCSP0500,CSP Troop D,Racial Profile,1000004671,2500375631,Incident ID,2025-10-22 00:00:00,October,W,N,M,29,False,False,KILLINGLY,"n/b 395 x 37, killingly, ct",41 46 15.3120000000,71 52 20.6760000000,V,G,1.0,0,14-236,,False,N,False,False,V,,,,,False,1.0,CTCSP0000,134096937073022130,2025-10-22 14:42:28.727000,14:42:28.727000,2025,,,Moving Violation,2025
2025-12-08 13:55:47.793000,7942929.0,CTCSP0500,CSP Troop D,Racial Profile,1000004675,2500375915,Incident ID,2025-10-22 00:00:00,October,W,N,F,42,True,False,KILLINGLY,00000 N MAIN ST,41 49 35.0076000000,71 52 40.6560000000,V,G,1.0,0,14-12(a),,False,N,False,False,W,,,,,False,1.0,CTCSP0000,134096937073022130,2025-10-22 18:04:11.193000,18:04:11.193000,2025,,,Registration,2025
2025-12-08 13:55:47.070000,7942756.0,CTCSP0500,CSP Troop D,Racial Profile,1000002578,2500377363,Incident ID,2025-10-23 00:00:00,October,W,N,M,20,True,False,ASHFORD,74 w 44,41 51 45.2016000000,72 11 15.6480000000,V,B,1.0,0,14-298,,False,N,False,False,V,,,,,False,1.0,CTCSP0000,134096937073022130,2025-10-23 22:12:17.210000,22:12:17.210000,2025,,,STC Violation,2025
2025-12-08 13:55:47.453000,7942830.0,CTCSP0500,CSP Troop D,Racial Profile,1000004259,2500376245,Incident ID,2025-10-23 00:00:00,October,W,N,F,19,False,False,POMFRET,Route 44 Pomfret,41 51 40.4100000000,71 58 2.6760000000,V,B,1.0,0,14-298,,False,N,False,False,V,,,,,False,1.0,CTCSP0000,134096937073022130,2025-10-23 01:08:09.673000,01:08:09.673000,2025,,,STC Violation,2025
2025-12-08 13:55:47.560000,7942868.0,CTCSP0500,CSP Troop D,Racial Profile,1000004409,2500377418,Incident ID,2025-10-23 00:00:00,October,W,N,F,19,True,False,HAMPTON,"00000 PROVIDENCE TPKE (HAMPTON, T063)",41 46 43.6296000000,72 1 50.6280000000,V,B,1.0,0,14-298,,False,N,False,False,I,,,,,False,1.0,CTCSP0000,134096937073022130,2025-10-23 23:52:37.550000,23:52:37.550000,2025,,,STC Violation,2025
2025-12-08 13:55:47.667000,7942899.0,CTCSP0500,CSP Troop D,Racial Profile,1000004534,2500376249,Incident ID,2025-10-23 00:00:00,October,W,N,F,19,False,False,THOMPSON,"00000 I 395  (THOMPSON, T141)",41 55 55.5096000000,71 52 50.0160000000,V,G,1.0,0,14-219(c)(1),,False,N,False,False,I,,,,,False,1.0,CTCSP0000,134096937073022130,2025-10-23 01:18:27.103000,01:18:27.103000,2025,,,Speed Related,2025
2025-12-08 13:55:48.083000,7943018.0,CTCSP0500,CSP Troop D,Racial Profile,1000005069,2500377343,Incident ID,2025-10-23 00:00:00,October,W,N,M,20,True,True,PUTNAM,"00000 PARK RD (PUTNAM, T116)",41 53 39.7248000000,71 53 33.6480000000,V,G,1.0,0,14-219(c)(1),,False,N,False,False,W,,,,,False,1.0,CTCSP0000,134096937073022130,2025-10-23 21:26:08.617000,21:26:08.617000,2025,,,Speed Related,2025
2025-12-08 13:55:47.953000,7942982.0,CTCSP0500,CSP Troop D,Racial Profile,1000004797,2500376349,Incident ID,2025-10-23 00:00:00,October,B,N,M,42,False,False,PLAINFIELD,I-395 NB mile marker 32.8,41 43 33.1644000000,71 53 27.6360000000,V,G,1.0,0,14-233,,False,N,False,False,V,,,,,False,1.0,CTCSP0000,134096937073022130,2025-10-23 06:31:07.657000,06:31:07.657000,2025,,,Moving Violation,2025
2025-12-08 13:55:47.413000,7942820.0,CTCSP0500,CSP Troop D,Racial Profile,1000004012,2500376268,Incident ID,2025-10-23 00:00:00,October,W,N,F,39,True,True,HAMPTON,"00000 PROVIDENCE TPKE (HAMPTON, T063)",41 46 52.1436000000,72 1 23.4840000000,V,B,1.0,0,14-12(a)*,,False,N,False,False,I,,,,,False,1.0,CTCSP0000,134096937073022130,2025-10-23 02:03:23.910000,02:03:23.910000,2025,14-213b,,Registration,2025
2025-12-08 13:55:47.417000,7942821.0,CTCSP0500,CSP Troop D,Racial Profile,1000004012,2500376315,Incident ID,2025-10-23 00:00:00,October,W,N,M,25,True,True,HAMPTON,"00000 PROVIDENCE TPKE (HAMPTON, T063)",41 46 20.2224000000,72 2 35.0520000000,V,B,1.0,0,14-298,,False,N,False,False,I,,,,,False,1.0,CTCSP0000,134096937073022130,2025-10-23 05:41:32.153000,05:41:32.153000,2025,,,STC Violation,2025
2025-12-08 13:55:47.417000,7942822.0,CTCSP0500,CSP Troop D,Racial Profile,1000004012,2500376326,Incident ID,2025-10-23 00:00:00,October,W,N,M,41,True,True,HAMPTON,"ROUTE 6 WB HAMPTON, CT",41 46 27.1848000000,72 4 48.8640000000,V,B,2.0,0,14-222,,False,N,False,False,M,,,,,False,1.0,CTCSP0000,134096937073022130,2025-10-23 05:54:49.790000,05:54:49.790000,2025,,,Speed Related,2025
2025-12-08 13:55:47.487000,7942841.0,CTCSP0500,CSP Troop D,Racial Profile,1000004395,2500376222,Incident ID,2025-10-23 00:00:00,October,B,N,M,38,True,False,KILLINGLY,00000 I 395 ,41 46 15.3120000000,71 52 20.6760000000,V,G,1.0,0,14-219(c)(1),,False,N,False,False,W,,,,,False,1.0,CTCSP0000,134096937073022130,2025-10-23 00:19:16.063000,00:19:16.063000,2025,,,Speed Related,2025
2025-12-08 13:55:47.490000,7942842.0,CTCSP0500,CSP Troop D,Racial Profile,1000004395,2500377400,Incident ID,2025-10-23 00:00:00,October,W,N,F,32,True,True,BROOKLYN,00000 S MAIN ST,41 48 5.7636000000,71 53 22.7760000000,V,G,1.0,0,14-12,,False,N,False,False,W,,,,,False,1.0,CTCSP0000,134096937073022130,2025-10-23 23:08:00.917000,23:08:00.917000,2025,14-12,,Registration,2025
2025-12-08 13:55:47.660000,7942898.0,CTCSP0500,CSP Troop D,Racial Profile,1000004534,2500376217,Incident ID,2025-10-23 00:00:00,October,W,H,M,21,True,False,PUTNAM,"00000 I 395  (PUTNAM, T116)",41 55 34.8168000000,71 53 2.1480000000,V,G,1.0,0,14-230a(a),,False,N,False,False,I,,,,,False,1.0,CTCSP0000,134096937073022130,2025-10-23 00:12:56.310000,00:12:56.310000,2025,,,Moving Violation,2025
2025-12-08 13:55:47.670000,7942900.0,CTCSP0500,CSP Troop D,Racial Profile,1000004534,2500376330,Incident ID,2025-10-23 00:00:00,October,W,H,M,24,False,False,THOMPSON,"00000 I 395  (THOMPSON, T141)",41 56 32.9316000000,71 52 45.6240000000,V,G,2.0,0,14-219(c)(1),,False,N,False,False,I,,,,,False,1.0,CTCSP0000,134096937073022130,2025-10-23 05:59:55.817000,05:59:55.817000,2025,,,Speed Related,2025
2025-12-08 13:55:47.797000,7942930.0,CTCSP0500,CSP Troop D,Racial Profile,1000004675,2500377332,Incident ID,2025-10-23 00:00:00,October,W,N,F,38,True,False,KILLINGLY,"00000 I 395  (KILLINGLY, T069)",41 49 12.6876000000,71 52 14.0160000000,V,G,1.0,0,14-12(a)*,,False,N,False,False,I,,,,,False,1.0,CTCSP0000,134096937073022130,2025-10-23 21:08:21.317000,21:08:21.317000,2025,,,Registration,2025
2025-12-08 13:55:47.887000,7942965.0,CTCSP0500,CSP Troop D,Racial Profile,1000004777,2500377423,Incident ID,2025-10-23 00:00:00,October,W,N,F,27,False,False,PUTNAM,00000 I 395 ,41 55 36.8796000000,71 52 57.4320000000,V,B,1.0,0,14-219(c)(1),,False,N,False,False,W,,,,,False,1.0,CTCSP0000,134096937073022130,2025-10-23 23:59:20.353000,23:59:20.353000,2025,,,Speed Related,2025
2025-12-08 13:55:47.607000,7942883.0,CTCSP0500,CSP Troop D,Racial Profile,1000004532,2500377653,Incident ID,2025-10-24 00:00:00,October,W,N,F,64,True,False,KILLINGLY,"00000 MAPLE ST (KILLINGLY, T069)",41 47 59.9871480000,71 53 55.9710600000,V,B,1.0,0,14-299,,False,N,False,False,I,,,,,False,1.0,CTCSP0000,134096937073022130,2025-10-24 07:48:46.667000,07:48:46.667000,2025,14-299,,Traffic Control Signal,2025
2025-12-08 13:55:47.670000,7942901.0,CTCSP0500,CSP Troop D,Racial Profile,1000004534,2500378601,Incident ID,2025-10-24 00:00:00,October,W,N,M,66,False,False,KILLINGLY,00000 I 395 ,41 51 46.2672000000,71 53 10.5720000000,V,G,1.0,0,14-219(c)(1),,False,N,False,False,W,,,,,False,1.0,CTCSP0000,134096937073022130,2025-10-24 23:03:38.167000,23:03:38.167000,2025,,,Speed Related,2025
2025-12-08 13:55:47.800000,7942931.0,CTCSP0500,CSP Troop D,Racial Profile,1000004675,2500378150,Incident ID,2025-10-24 00:00:00,October,W,N,M,46,True,False,BROOKLYN,"00000 HARTFORD RD (BROOKLYN, T019)",41 47 5.7336000000,71 59 33.1800000000,V,G,1.0,0,14-12(a)*,,False,N,False,False,I,,,,,False,1.0,CTCSP0000,134096937073022130,2025-10-24 14:37:50.997000,14:37:50.997000,2025,,,Registration,2025
2025-12-08 13:55:47.423000,7942823.0,CTCSP0500,CSP Troop D,Racial Profile,1000004012,2500378047,Incident ID,2025-10-24 00:00:00,October,W,N,M,59,False,False,KILLINGLY,"00000 PROVIDENCE PIKE (KILLINGLY, T069)",41 47 27.2400000000,71 49 22.9440000000,V,B,1.0,0,14-219,,False,N,False,False,V,,,,,False,1.0,CTCSP0000,134096937073022130,2025-10-24 13:08:35.560000,13:08:35.560000,2025,,,Speed Related,2025
2025-12-08 13:55:47.427000,7942825.0,CTCSP0500,CSP Troop D,Racial Profile,1000004012,2500378075,Incident ID,2025-10-24 00:00:00,October,W,N,M,81,False,False,KILLINGLY,"00000 PROVIDENCE PIKE (KILLINGLY, T069)",41 47 26.8224000000,71 48 43.5600000000,V,B,1.0,0,14-219,,False,N,False,False,V,,,,,False,1.0,CTCSP0000,134096937073022130,2025-10-24 13:38:41.677000,13:38:41.677000,2025,,,Speed Related,2025
2025-12-08 13:55:47.437000,7942826.0,CTCSP0500,CSP Troop D,Racial Profile,1000004012,2500378135,Incident ID,2025-10-24 00:00:00,October,W,N,M,56,True,True,HAMPTON,"00000 HARTFORD TPKE (HAMPTON, T063)",41 46 10.9308000000,72 3 41.5800000000,V,B,2.0,0,14-219,,False,N,False,False,V,,,,,False,1.0,CTCSP0000,134096937073022130,2025-10-24 14:28:07.147000,14:28:07.147000,2025,,,Speed Related,2025
2025-12-08 13:55:47.607000,7942884.0,CTCSP0500,CSP Troop D,Racial Profile,1000004532,2500377861,Incident ID,2025-10-24 00:00:00,October,W,N,M,31,True,False,BROOKLYN,"00000 PROVIDENCE RD (BROOKLYN, T019)",41 47 57.7824000000,71 54 3.0960000000,V,B,1.0,0,14-299,,False,N,False,False,W,,,,,False,1.0,CTCSP0000,134096937073022130,2025-10-24 10:42:35.937000,10:42:35.937000,2025,14-299,,Traffic Control Signal,2025
2025-12-08 13:55:48.040000,7943006.0,CTCSP0500,CSP Troop D,Racial Profile,1000004858,2500377530,Incident ID,2025-10-24 00:00:00,October,W,N,M,24,True,False,HAMPTON,00000 PROVIDENCE TPKE,41 46 52.1436000000,72 1 23.4840000000,V,G,1.0,0,14-219(b),,False,N,False,False,W,,,,,False,1.0,CTCSP0000,134096937073022130,2025-10-24 05:42:15.340000,05:42:15.340000,2025,,,Speed Related,2025
2025-12-08 13:55:47.423000,7942824.0,CTCSP0500,CSP Troop D,Racial Profile,1000004012,2500378063,Incident ID,2025-10-24 00:00:00,October,W,N,M,79,True,True,KILLINGLY,"00000 PROVIDENCE PIKE (KILLINGLY, T069)",41 47 26.7936000000,71 48 41.1120000000,V,B,1.0,0,14-219,,False,N,False,False,V,,,,,False,1.0,CTCSP0000,134096937073022130,2025-10-24 13:23:03.200000,13:23:03.200000,2025,,,Speed Related,2025
2025-12-08 13:55:48.087000,7943019.0,CTCSP0500,CSP Troop D,Racial Profile,1000005069,2500378560,Incident ID,2025-10-24 00:00:00,October,W,N,M,17,True,True,HAMPTON,"00000 PROVIDENCE TPKE (HAMPTON, T063)",41 46 20.2224000000,72 2 35.0520000000,V,G,1.0,0,14-219(c)(1),,False,N,False,False,W,,,,,False,1.0,CTCSP0000,134096937073022130,2025-10-24 22:20:28.200000,22:20:28.200000,2025,,,Speed Related,2025
2025-12-08 13:55:47.897000,7942969.0,CTCSP0500,CSP Troop D,Racial Profile,1000004777,2500378733,Incident ID,2025-10-25 00:00:00,October,W,N,F,38,False,False,PUTNAM,"00000 EXIT 47 I 395 S  (PUTNAM, T116)",41 55 27.3720000000,71 53 10.8240000000,V,B,1.0,0,14-298,,False,N,False,False,I,,,,,False,1.0,CTCSP0000,134096937073022130,2025-10-25 02:30:06.097000,02:30:06.097000,2025,,,STC Violation,2025
2025-12-08 13:55:48.047000,7943008.0,CTCSP0500,CSP Troop D,Racial Profile,1000004858,2500378756,Incident ID,2025-10-25 00:00:00,October,W,N,F,61,False,False,HAMPTON,00000 HARTFORD TPKE,41 46 27.1848000000,72 4 48.8640000000,V,G,1.0,0,14-219(b),,False,N,False,False,W,,,,,False,1.0,CTCSP0000,134096937073022130,2025-10-25 03:43:00.570000,03:43:00.570000,2025,,,Speed Related,2025
2025-12-08 13:55:47.610000,7942885.0,CTCSP0500,CSP Troop D,Racial Profile,1000004532,2500379016,Incident ID,2025-10-25 00:00:00,October,W,N,F,43,False,False,PUTNAM,"00000 I 395  (PUTNAM, T116)",41 55 34.8168000000,71 53 2.1480000000,V,B,1.0,0,14-219(c)(1),,False,N,False,False,W,,,,,False,1.0,CTCSP0000,134096937073022130,2025-10-25 10:43:13.090000,10:43:13.090000,2025,14-219(c)(1),,Speed Related,2025
2025-12-08 13:55:47.620000,7942887.0,CTCSP0500,CSP Troop D,Racial Profile,1000004532,2500379048,Incident ID,2025-10-25 00:00:00,October,B,N,M,20,False,False,THOMPSON,00000 I 395 ,41 59 14.9568000000,71 51 10.0080000000,V,B,1.0,0,14-219(c)(1),,False,N,False,False,W,,,,,False,1.0,CTCSP0000,134096937073022130,2025-10-25 11:17:42.493000,11:17:42.493000,2025,14-219(c)(1),,Speed Related,2025
2025-12-08 13:55:47.623000,7942888.0,CTCSP0500,CSP Troop D,Racial Profile,1000004532,2500379148,Incident ID,2025-10-25 00:00:00,October,W,N,M,34,True,False,PUTNAM,"00000 KENNEDY DR (PUTNAM, T116)",41 54 39.9528000000,71 54 45.4320000000,V,B,1.0,0,14-296aa(b1st,,False,N,False,False,W,,,,,False,1.0,CTCSP0000,134096937073022130,2025-10-25 13:22:28.577000,13:22:28.577000,2025,14-296aa(b1st ,,Cell Phone,2025
2025-12-08 13:55:47.900000,7942970.0,CTCSP0500,CSP Troop D,Racial Profile,1000004777,2500378859,Incident ID,2025-10-25 00:00:00,October,W,H,M,63,True,False,PLAINFIELD,"00000 I 395  (PLAINFIELD, T109)",41 42 36.8676000000,71 53 50.9640000000,V,B,1.0,0,14-219(c)(1),,False,N,False,False,I,,,,,False,1.0,CTCSP0000,134096937073022130,2025-10-25 07:36:42.657000,07:36:42.657000,2025,,,Speed Related,2025
2025-12-08 13:55:47.890000,7942966.0,CTCSP0500,CSP Troop D,Racial Profile,1000004777,2500378675,Incident ID,2025-10-25 00:00:00,October,W,N,M,72,False,False,THOMPSON,00000 EXIT 49 I 395 N ,41 56 53.6856000000,71 52 51.3840000000,V,B,1.0,0,14-219(c)(1),,False,N,False,False,W,,,,,False,1.0,CTCSP0000,134096937073022130,2025-10-25 00:25:08.657000,00:25:08.657000,2025,,,Speed Related,2025
2025-12-08 13:55:47.890000,7942967.0,CTCSP0500,CSP Troop D,Racial Profile,1000004777,2500378714,Incident ID,2025-10-25 00:00:00,October,W,N,M,59,False,False,PUTNAM,"00000 I 395  (PUTNAM, T116)",41 55 42.5100000000,71 52 57.5760000000,V,B,1.0,0,14-298,,False,N,False,False,I,,,,,False,1.0,CTCSP0000,134096937073022130,2025-10-25 01:45:21.823000,01:45:21.823000,2025,,,STC Violation,2025
2025-12-08 13:55:48.043000,7943007.0,CTCSP0500,CSP Troop D,Racial Profile,1000004858,2500378742,Incident ID,2025-10-25 00:00:00,October,W,N,F,20,True,True,HAMPTON,00000 W OLD ROUTE 6 ,41 46 32.7252000000,72 4 28.9560000000,V,G,1.0,0,14-219(b),,False,N,False,False,W,,,,,False,1.0,CTCSP0000,134096937073022130,2025-10-25 02:42:25.993000,02:42:25.993000,2025,,,Speed Related,2025
2025-12-08 13:55:48.053000,7943011.0,CTCSP0500,CSP Troop D,Racial Profile,1000004964,2500378744,Incident ID,2025-10-25 00:00:00,October,W,N,M,21,True,True,KILLINGLY,"00000 GAUTHIER AVE (KILLINGLY, T069)",41 48 20.4408000000,71 52 24.2040000000,V,B,1.0,0,14-12(a)*,,False,N,False,False,W,,,,,False,1.0,CTCSP0000,134096937073022130,2025-10-25 02:45:38.963000,02:45:38.963000,2025,14-12(a)*,,Registration,2025
2025-12-08 13:55:46.910000,7942730.0,CTCSP0500,CSP Troop D,Racial Profile,1000001947,2500379401,Incident ID,2025-10-25 00:00:00,October,W,H,F,55,False,False,PLAINFIELD,I-395 NB PLAINFIELD,41 43 47.0532000000,71 53 19.2480000000,V,B,1.0,0,14-219(c),,False,N,False,False,V,,,,,False,1.0,CTCSP0000,134096937073022130,2025-10-25 18:23:15.353000,18:23:15.353000,2025,,,Speed Related,2025
2025-12-08 13:55:47.620000,7942886.0,CTCSP0500,CSP Troop D,Racial Profile,1000004532,2500379032,Incident ID,2025-10-25 00:00:00,October,W,N,M,24,False,False,PUTNAM,"00000 I 395  (PUTNAM, T116)",41 54 13.6116000000,71 53 49.5240000000,V,B,1.0,0,14-219(c)(1),,False,N,False,False,W,,,,,False,1.0,CTCSP0000,134096937073022130,2025-10-25 11:01:37.657000,11:01:37.657000,2025,14-219(c)(1),,Speed Related,2025
2025-12-08 13:55:47.803000,7942932.0,CTCSP0500,CSP Troop D,Racial Profile,1000004675,2500379485,Incident ID,2025-10-25 00:00:00,October,W,N,F,37,True,False,KILLINGLY,00000 I 395 ,41 49 51.5460000000,71 52 28.6320000000,V,G,1.0,0,14-12(a)*,,False,N,False,False,W,,,,,False,1.0,CTCSP0000,134096937073022130,2025-10-25 20:50:12.443000,20:50:12.443000,2025,,,Registration,2025
2025-12-08 13:55:47.893000,7942968.0,CTCSP0500,CSP Troop D,Racial Profile,1000004777,2500378720,Incident ID,2025-10-25 00:00:00,October,W,H,M,24,False,False,PUTNAM,"00000 I 395  (PUTNAM, T116)",41 55 32.1456000000,71 53 0.5640000000,V,B,1.0,0,14-219(c)(1),,False,N,False,False,I,,,,,False,1.0,CTCSP0000,134096937073022130,2025-10-25 02:06:53.533000,02:06:53.533000,2025,,,Speed Related,2025
2025-12-08 13:55:46.913000,7942731.0,CTCSP0500,CSP Troop D,Racial Profile,1000001947,2500380199,Incident ID,2025-10-26 00:00:00,October,W,N,F,70,False,False,PLAINFIELD,i-395 NB PLAINFIELD,41 44 40.3404000000,71 52 45.7320000000,V,B,1.0,0,14-230(a),,False,N,False,False,V,,,,,False,1.0,CTCSP0000,134096937073022130,2025-10-26 15:01:19.567000,15:01:19.567000,2025,,,Moving Violation,2025
2025-12-08 13:55:46.977000,7942745.0,CTCSP0500,CSP Troop D,Racial Profile,1000002266,2500380027,Incident ID,2025-10-26 00:00:00,October,W,N,M,78,False,False,THOMPSON,00000 I 395 ,41 57 28.5120000000,71 52 40.1520000000,V,B,1.0,0,14-219(c)(1),,False,N,False,False,W,,,,,False,1.0,CTCSP0000,134096937073022130,2025-10-26 11:27:45.830000,11:27:45.830000,2025,,,Speed Related,2025
2025-12-08 13:55:47.007000,7942749.0,CTCSP0500,CSP Troop D,Racial Profile,1000002266,2500380062,Incident ID,2025-10-26 00:00:00,October,W,N,M,39,False,False,THOMPSON,sb 50,41 56 39.4404000000,71 52 48.7560000000,V,B,1.0,0,14-222,,False,N,False,False,M,,,,,False,1.0,CTCSP0000,134096937073022130,2025-10-26 12:22:49.287000,12:22:49.287000,2025,,,Speed Related,2025
2025-12-08 13:55:47.727000,7942912.0,CTCSP0500,CSP Troop D,Racial Profile,1000004671,2500379909,Incident ID,2025-10-26 00:00:00,October,W,N,F,74,True,False,HAMPTON,"00000 Providence Tpke, Hampton, CT",41 46 49.4364000000,72 1 32.2320000000,V,G,1.0,0,14-218a,,False,N,False,False,V,,,,,False,1.0,CTCSP0000,134096937073022130,2025-10-26 09:23:13.883000,09:23:13.883000,2025,,,Speed Related,2025
2025-12-08 13:55:46.973000,7942744.0,CTCSP0500,CSP Troop D,Racial Profile,1000002266,2500380007,Incident ID,2025-10-26 00:00:00,October,W,N,M,25,True,False,THOMPSON,"00000 I 395  (THOMPSON, T141)",41 56 39.4404000000,71 52 48.7560000000,V,B,1.0,0,14-222,,False,N,False,False,M,,,,,False,1.0,CTCSP0000,134096937073022130,2025-10-26 11:11:02.553000,11:11:02.553000,2025,,,Speed Related,2025
2025-12-08 13:55:46.987000,7942747.0,CTCSP0500,CSP Troop D,Racial Profile,1000002266,2500380039,Incident ID,2025-10-26 00:00:00,October,W,N,M,20,True,False,THOMPSON,"00000 I 395  (THOMPSON, T141)",41 57 37.6164000000,71 52 34.5360000000,V,B,1.0,0,14-222,,False,N,False,False,M,,,,,False,1.0,CTCSP0000,134096937073022130,2025-10-26 11:47:09.873000,11:47:09.873000,2025,,,Speed Related,2025
2025-12-08 13:55:46.993000,7942748.0,CTCSP0500,CSP Troop D,Racial Profile,1000002266,2500380050,Incident ID,2025-10-26 00:00:00,October,W,N,F,25,False,False,THOMPSON,sb 50,41 56 57.8220000000,71 52 53.6160000000,V,B,1.0,0,14-222,,False,N,False,False,M,,,,,False,1.0,CTCSP0000,134096937073022130,2025-10-26 12:02:58.723000,12:02:58.723000,2025,,,Speed Related,2025
2025-12-08 13:55:47.010000,7942750.0,CTCSP0500,CSP Troop D,Racial Profile,1000002266,2500380084,Incident ID,2025-10-26 00:00:00,October,W,N,M,19,True,False,THOMPSON,"00000 I 395  (THOMPSON, T141)",41 55 55.5096000000,71 52 50.0160000000,V,B,1.0,0,14-222,,False,N,False,False,M,,,,,False,1.0,CTCSP0000,134096937073022130,2025-10-26 12:47:09.573000,12:47:09.573000,2025,,,Speed Related,2025
2025-12-08 13:55:47.470000,7942835.0,CTCSP0500,CSP Troop D,Racial Profile,1000004268,2500379862,Incident ID,2025-10-26 00:00:00,October,W,N,M,38,True,False,PLAINFIELD,"00000 I 395  (PLAINFIELD, T109)",41 39 18.9324000000,71 55 29.6400000000,V,B,1.0,0,14-219,,False,N,False,False,W,,,,,False,1.0,CTCSP0000,134096937073022130,2025-10-26 08:09:23.800000,08:09:23.800000,2025,,,Speed Related,2025
2025-12-08 13:55:47.523000,7942852.0,CTCSP0500,CSP Troop D,Racial Profile,1000004405,2500380191,Incident ID,2025-10-26 00:00:00,October,W,N,F,38,True,True,KILLINGLY,00000 I 395 ,41 51 17.2728000000,71 52 55.5600000000,V,B,1.0,0,14-12(a),,False,N,False,False,W,,,,,False,1.0,CTCSP0000,134096937073022130,2025-10-26 14:53:32.273000,14:53:32.273000,2025,,,Registration,2025
2025-12-08 13:55:47.637000,7942889.0,CTCSP0500,CSP Troop D,Racial Profile,1000004532,2500379988,Incident ID,2025-10-26 00:00:00,October,W,N,M,23,True,False,PUTNAM,"00000 I 395  (PUTNAM, T116)",41 54 12.0312000000,71 53 51.2880000000,V,B,1.0,0,14-219(c)(1),,False,N,False,False,W,,,,,False,1.0,CTCSP0000,134096937073022130,2025-10-26 10:50:46.100000,10:50:46.100000,2025,14-219(c)(1),,Speed Related,2025
2025-12-08 13:55:47.713000,7942911.0,CTCSP0500,CSP Troop D,Racial Profile,1000004671,2500379793,Incident ID,2025-10-26 00:00:00,October,W,N,M,40,True,False,BROOKLYN,"00000 Pomfret Rd, Brooklyn, CT",41 47 34.4508000000,71 56 55.6080000000,V,G,1.0,0,14-299,,False,N,False,False,V,,,,,False,1.0,CTCSP0000,134096937073022130,2025-10-26 06:52:21.680000,06:52:21.680000,2025,,,Traffic Control Signal,2025
2025-12-08 13:55:47.900000,7942971.0,CTCSP0500,CSP Troop D,Racial Profile,1000004777,2500379666,Incident ID,2025-10-26 00:00:00,October,W,N,M,22,True,True,PUTNAM,00000 EXIT 47 I 395 S ,41 55 27.3720000000,71 53 10.8240000000,V,B,1.0,0,14-219(c)(1),,False,N,False,False,W,,,,,False,1.0,CTCSP0000,134096937073022130,2025-10-26 00:58:38.527000,00:58:38.527000,2025,,,Speed Related,2025
2025-12-08 13:55:46.983000,7942746.0,CTCSP0500,CSP Troop D,Racial Profile,1000002266,2500380034,Incident ID,2025-10-26 00:00:00,October,W,N,M,32,False,False,THOMPSON,00000 I 395 ,41 57 28.5120000000,71 52 40.1520000000,V,B,1.0,0,14-219(c)(1),,False,N,False,False,W,,,,,False,1.0,CTCSP0000,134096937073022130,2025-10-26 11:37:43.713000,11:37:43.713000,2025,,,Speed Related,2025
2025-12-08 13:55:47.470000,7942836.0,CTCSP0500,CSP Troop D,Racial Profile,1000004268,2500379871,Incident ID,2025-10-26 00:00:00,October,W,N,M,33,True,False,PLAINFIELD,00000 I 395 ,41 39 18.9324000000,71 55 29.6400000000,V,B,1.0,0,14-219(c)(1),,False,N,False,False,W,,,,,False,1.0,CTCSP0000,134096937073022130,2025-10-26 08:24:24.333000,08:24:24.333000,2025,,,Speed Related,2025
2025-12-08 13:55:47.480000,7942838.0,CTCSP0500,CSP Troop D,Racial Profile,1000004345,2500380198,Incident ID,2025-10-26 00:00:00,October,W,H,F,33,False,False,KILLINGLY,"00000 I 395  (KILLINGLY, T069)",41 47 6.6372000000,71 52 19.3800000000,V,G,1.0,0,14-36(a),,False,N,False,False,I,,,,,False,1.0,CTCSP0000,134096937073022130,2025-10-26 14:59:04.833000,14:59:04.833000,2025,,,Unlicensed Operation,2025
2025-12-08 13:55:47.640000,7942891.0,CTCSP0500,CSP Troop D,Racial Profile,1000004532,2500381212,Incident ID,2025-10-27 00:00:00,October,B,N,M,30,True,False,KILLINGLY,"00000 I 395  (KILLINGLY, T069)",41 47 55.1580000000,71 52 26.6880000000,V,B,1.0,0,14-219(c)(1),,False,N,False,False,W,,,,,False,1.0,CTCSP0000,134096937073022130,2025-10-27 13:20:32.400000,13:20:32.400000,2025,14-219(c)(1),,Speed Related,2025
2025-12-08 13:55:47.637000,7942890.0,CTCSP0500,CSP Troop D,Racial Profile,1000004532,2500381111,Incident ID,2025-10-27 00:00:00,October,W,N,M,69,False,False,KILLINGLY,"00000 PROVIDENCE PIKE (KILLINGLY, T069)",41 47 27.1860000000,71 49 18.5880000000,V,B,1.0,0,14-219(b),,False,N,False,False,W,,,,,False,1.0,CTCSP0000,134096937073022130,2025-10-27 11:59:13.987000,11:59:13.987000,2025,14-219(b),,Speed Related,2025
2025-12-08 13:55:47.810000,7942935.0,CTCSP0500,CSP Troop D,Racial Profile,1000004675,2500381221,Incident ID,2025-10-27 00:00:00,October,W,N,M,67,True,False,PUTNAM,00000 GROVE ST,41 54 32.8860000000,71 53 45.3480000000,V,G,1.0,0,14-12(a)*,,False,N,False,False,W,,,,,False,1.0,CTCSP0000,134096937073022130,2025-10-27 13:28:24.960000,13:28:24.960000,2025,,,Registration,2025
2025-12-08 13:55:47.963000,7942986.0,CTCSP0500,CSP Troop D,Racial Profile,1000004799,2500381707,Incident ID,2025-10-27 00:00:00,October,W,N,M,47,True,True,KILLINGLY,killingly,41 50 26.6820000000,71 54 3.5928000000,I,G,1.0,1,14-227a,,False,N,False,True,U,,,,,False,1.0,CTCSP0000,134096937073022130,2025-10-27 22:01:55.747000,22:01:55.747000,2025,,,Other,2025
2025-12-08 13:55:47.807000,7942933.0,CTCSP0500,CSP Troop D,Racial Profile,1000004675,2500380861,Incident ID,2025-10-27 00:00:00,October,W,N,F,45,True,False,PUTNAM,00000 GROVE ST,41 54 32.4324000000,71 53 42.1080000000,V,G,1.0,0,14-12(a)*,,False,N,False,False,W,,,,,False,1.0,CTCSP0000,134096937073022130,2025-10-27 08:52:53.510000,08:52:53.510000,2025,,,Registration,2025
2025-12-08 13:55:47.810000,7942934.0,CTCSP0500,CSP Troop D,Racial Profile,1000004675,2500381160,Incident ID,2025-10-27 00:00:00,October,W,N,M,26,True,False,KILLINGLY,"00000 I 395  (KILLINGLY, T069)",41 51 25.0920000000,71 52 58.6560000000,V,G,1.0,0,14-12(a)*,,False,N,False,False,I,,,,,False,1.0,CTCSP0000,134096937073022130,2025-10-27 12:38:05.957000,12:38:05.957000,2025,,,Registration,2025
2025-12-08 13:55:47.273000,7942789.0,CTCSP0500,CSP Troop D,Racial Profile,1000003919,2500382807,Incident ID,2025-10-28 00:00:00,October,W,N,M,17,True,False,KILLINGLY,"00000 UPPER MAPLE ST (KILLINGLY, T069)",41 49 11.6004000000,71 53 34.3320000000,V,B,1.0,0,14-242,,False,N,False,False,W,,,,,False,1.0,CTCSP0000,134096937073022130,2025-10-28 17:58:37.130000,17:58:37.130000,2025,,,Moving Violation,2025
2025-12-08 13:55:47.643000,7942892.0,CTCSP0500,CSP Troop D,Racial Profile,1000004532,2500382235,Incident ID,2025-10-28 00:00:00,October,W,N,F,73,True,False,PUTNAM,"00000 I 395  (PUTNAM, T116)",41 55 50.9664000000,71 52 52.6440000000,V,B,1.0,0,14-283b,,False,N,False,False,W,,,,,False,1.0,CTCSP0000,134096937073022130,2025-10-28 09:46:35.647000,09:46:35.647000,2025,14-283b,,Other,2025
2025-12-08 13:55:47.457000,7942831.0,CTCSP0500,CSP Troop D,Racial Profile,1000004259,2500383083,Incident ID,2025-10-29 00:00:00,October,W,H,M,22,False,False,WOODSTOCK,rt 169 and fairfield rd woodstock,41 58 7.0788000000,71 59 16.8000000000,V,B,1.0,0,14-298,,False,N,False,False,V,,,,,False,1.0,CTCSP0000,134096937073022130,2025-10-29 00:01:55.253000,00:01:55.253000,2025,,,STC Violation,2025
2025-12-08 13:55:47.493000,7942843.0,CTCSP0500,CSP Troop D,Racial Profile,1000004395,2500383674,Incident ID,2025-10-29 00:00:00,October,W,N,M,66,True,True,KILLINGLY,rt.101 killingly ,41 50 28.7736000000,71 52 36.1920000000,V,G,1.0,0,14-12(a),,False,N,False,False,V,,,,,False,1.0,CTCSP0000,134096937073022130,2025-10-29 12:12:14.567000,12:12:14.567000,2025,,,Registration,2025
2025-12-08 13:55:46.903000,7942726.0,CTCSP0500,CSP Troop D,Racial Profile,1000001917,2500384104,Incident ID,2025-10-29 00:00:00,October,W,N,M,27,True,False,KILLINGLY,WESCOTT RD KILLINGLY CT 06239,41 48 33.6168000000,71 52 34.1904000000,V,B,1.0,0,14-236,,False,N,False,False,V,,,,,False,1.0,CTCSP0000,134096937073022130,2025-10-29 19:02:53.787000,19:02:53.787000,2025,14-96c,,Moving Violation,2025
2025-12-08 13:55:47.260000,7942788.0,CTCSP0500,CSP Troop D,Racial Profile,1000003380,2500383835,Incident ID,2025-10-29 00:00:00,October,W,N,M,47,True,False,EASTFORD,00000 POMFRET RD,41 52 26.1516000000,72 4 6.6720000000,V,G,1.0,0,14-218a,,False,N,False,False,W,,,,,False,1.0,CTCSP0000,134096937073022130,2025-10-29 14:43:40.963000,14:43:40.963000,2025,,,Speed Related,2025
2025-12-08 13:55:47.443000,7942827.0,CTCSP0500,CSP Troop D,Racial Profile,1000004012,2500384279,Incident ID,2025-10-29 00:00:00,October,W,N,M,28,True,True,KILLINGLY,"00000 WAUREGAN RD (KILLINGLY, T069)",41 46 9.4188000000,71 53 54.8880000000,V,B,1.0,0,14-96b,,False,N,False,False,V,,,,,False,1.0,CTCSP0000,134096937073022130,2025-10-29 23:40:52.757000,23:40:52.757000,2025,14-12(a),,Defective Lights,2025
2025-12-08 13:55:48.017000,7942998.0,CTCSP0500,CSP Troop D,Racial Profile,1000004856,2500383106,Incident ID,2025-10-29 00:00:00,October,B,N,F,24,True,True,PUTNAM,"00000 I 395  (PUTNAM, T116)",41 55 11.3628000000,71 53 13.9920000000,V,G,1.0,0,14-219(c)(1),,False,N,False,False,W,,,,,False,1.0,CTCSP0000,134096937073022130,2025-10-29 00:36:39.960000,00:36:39.960000,2025,,,Speed Related,2025
2025-12-08 13:55:47.177000,7942774.0,CTCSP0500,CSP Troop D,Racial Profile,1000003189,2500383794,Incident ID,2025-10-29 00:00:00,October,W,H,M,50,False,False,KILLINGLY,00000 GOVERNOR JOHN DAVIS LODGE TPKE,41 47 10.5720000000,71 48 42.5520000000,V,B,1.0,0,14-219(c)(1),,False,N,False,False,W,,,,,False,1.0,CTCSP0000,134096937073022130,2025-10-29 14:03:44.607000,14:03:44.607000,2025,,,Speed Related,2025
2025-12-08 13:55:47.247000,7942786.0,CTCSP0500,CSP Troop D,Racial Profile,1000003342,2500384541,Incident ID,2025-10-30 00:00:00,October,W,N,M,28,True,True,BROOKLYN,00000 PROVIDENCE RD,41 47 47.4720000000,71 55 31.2240000000,V,B,1.0,0,14-218a,,False,N,False,False,W,,,,,False,1.0,CTCSP0000,134096937073022130,2025-10-30 07:53:28.993000,07:53:28.993000,2025,,,Speed Related,2025
2025-12-08 13:55:47.447000,7942828.0,CTCSP0500,CSP Troop D,Racial Profile,1000004012,2500384292,Incident ID,2025-10-30 00:00:00,October,W,N,M,45,True,True,BROOKLYN,"00000 PROVIDENCE RD (BROOKLYN, T019)",41 47 47.9436000000,71 54 57.9240000000,V,B,1.0,0,14-298,,False,N,False,False,I,,,,,False,1.0,CTCSP0000,134096937073022130,2025-10-30 00:16:29.700000,00:16:29.700000,2025,14-12(a),,STC Violation,2025
2025-12-08 13:55:47.240000,7942785.0,CTCSP0500,CSP Troop D,Racial Profile,1000003342,2500384518,Incident ID,2025-10-30 00:00:00,October,W,N,M,31,True,False,BROOKLYN,00000 PRINCE HILL RD,41 47 33.2736000000,71 56 14.8920000000,V,B,1.0,0,14-218a,,False,N,False,False,W,,,,,False,1.0,CTCSP0000,134096937073022130,2025-10-30 07:35:41.507000,07:35:41.507000,2025,,,Speed Related,2025
2025-12-08 13:55:47.450000,7942829.0,CTCSP0500,CSP Troop D,Racial Profile,1000004012,2500384360,Incident ID,2025-10-30 00:00:00,October,W,N,M,18,True,True,KILLINGLY,"00000 EXIT 37 I 395 N  (KILLINGLY, T069)",41 47 35.4480000000,71 52 35.6880000000,V,B,1.0,0,14-298,,False,N,False,False,I,,,,,False,1.0,CTCSP0000,134096937073022130,2025-10-30 02:24:00.063000,02:24:00.063000,2025,,,STC Violation,2025
2025-12-08 13:55:47.563000,7942869.0,CTCSP0500,CSP Troop D,Racial Profile,1000004409,2500384576,Incident ID,2025-10-30 00:00:00,October,W,H,F,32,True,False,KILLINGLY,"00000 RT 6  (KILLINGLY, T069)",41 47 50.3304000000,71 53 6.2160000000,V,B,1.0,0,14-299,,False,N,False,False,I,,,,,False,1.0,CTCSP0000,134096937073022130,2025-10-30 08:17:38.047000,08:17:38.047000,2025,,,Traffic Control Signal,2025
2025-12-08 13:55:47.677000,7942902.0,CTCSP0500,CSP Troop D,Racial Profile,1000004534,2500384409,Incident ID,2025-10-30 00:00:00,October,W,N,F,63,True,True,WOODSTOCK,00000 RT 171 ,41 55 58.7856000000,71 57 18.5760000000,V,G,1.0,0,14-218a,,False,N,False,False,W,,,,,False,1.0,CTCSP0000,134096937073022130,2025-10-30 05:53:56.220000,05:53:56.220000,2025,,,Speed Related,2025
2025-12-08 13:55:47.033000,7942752.0,CTCSP0500,CSP Troop D,Racial Profile,1000002266,2500386749,Incident ID,2025-10-31 00:00:00,October,B,N,M,31,True,False,KILLINGLY,"00000 RAMP 37 I 395 N  (KILLINGLY, T069)",41 47 52.9548000000,71 52 28.0920000000,V,B,1.0,0,14-222,,False,N,False,False,M,,,,,False,1.0,CTCSP0000,134096937073022130,2025-10-31 20:14:52.500000,20:14:52.500000,2025,,,Speed Related,2025
2025-12-08 13:55:47.577000,7942875.0,CTCSP0500,CSP Troop D,Racial Profile,1000004434,2500386278,Incident ID,2025-10-31 00:00:00,October,W,N,M,34,True,False,CANTERBURY,00000 WESTMINSTER RD,41 41 50.2332000000,71 58 50.1600000000,V,G,1.0,0,14-243(a),,False,N,False,False,W,,,,,False,1.0,CTCSP0000,134096937073022130,2025-10-31 14:22:48.053000,14:22:48.053000,2025,,,Moving Violation,2025
2025-12-08 13:55:47.020000,7942751.0,CTCSP0500,CSP Troop D,Racial Profile,1000002266,2500386733,Incident ID,2025-10-31 00:00:00,October,W,N,F,41,True,True,KILLINGLY,00000 N MAIN ST,41 50 15.5148000000,71 52 34.6800000000,V,B,1.0,0,14-299,,False,N,False,False,W,,,,,False,1.0,CTCSP0000,134096937073022130,2025-10-31 19:59:43.763000,19:59:43.763000,2025,,,Traffic Control Signal,2025
2025-12-08 13:55:47.833000,7942944.0,CTCSP0500,CSP Troop D,Racial Profile,1000004678,2500386028,Incident ID,2025-10-31 00:00:00,October,W,N,M,27,True,False,PUTNAM,00000 I 395 exit 47,41 55 50.9664000000,71 52 52.6440000000,V,G,1.0,0,14-219(c)(1),,False,N,False,False,W,,,,,False,1.0,CTCSP0000,134096937073022130,2025-10-31 10:42:44.063000,10:42:44.063000,2025,,,Speed Related,2025
2025-12-08 13:55:47.497000,7942844.0,CTCSP0500,CSP Troop D,Racial Profile,1000004395,2500385945,Incident ID,2025-10-31 00:00:00,October,W,N,F,72,True,False,BROOKLYN,00000 PROVIDENCE RD,41 47 53.5956000000,71 54 19.1520000000,V,G,1.0,0,14-12(a)*,,False,N,False,False,W,,,,,False,1.0,CTCSP0000,134096937073022130,2025-10-31 09:51:13.690000,09:51:13.690000,2025,,,Registration,2025
2025-12-08 13:55:47.500000,7942845.0,CTCSP0500,CSP Troop D,Racial Profile,1000004402,2500385543,Incident ID,2025-10-31 00:00:00,October,W,N,M,21,True,False,BROOKLYN,00000 PROVIDENCE RD,41 47 53.5956000000,71 54 19.1520000000,V,B,1.0,0,14-218a,,False,N,False,False,W,,,,,False,1.0,CTCSP0000,134096937073022130,2025-10-31 00:53:02.730000,00:53:02.730000,2025,,,Speed Related,2025
2025-12-08 13:55:47.837000,7942945.0,CTCSP0500,CSP Troop D,Racial Profile,1000004678,2500386048,Incident ID,2025-10-31 00:00:00,October,W,N,M,42,False,False,THOMPSON,i395 n/b exit 49,41 56 40.9776000000,71 52 47.7120000000,I,G,2.0,0,14-219,,False,N,False,False,V,,,,,False,1.0,CTCSP0000,134096937073022130,2025-10-31 11:01:50.103000,11:01:50.103000,2025,,,Speed Related,2025
2025-12-08 13:55:47.837000,7942946.0,CTCSP0500,CSP Troop D,Racial Profile,1000004678,2500386100,Incident ID,2025-10-31 00:00:00,October,W,M,M,41,False,False,PUTNAM,00000 I 395 n.b exit 47,41 55 50.0232000000,71 52 48.6480000000,V,G,1.0,1,14-219,,False,N,False,False,W,,,,,False,1.0,CTCSP0000,134096937073022130,2025-10-31 12:04:27.270000,12:04:27.270000,2025,,,Speed Related,2025
2025-12-08 13:55:47.903000,7942972.0,CTCSP0500,CSP Troop D,Racial Profile,1000004777,2500386408,Incident ID,2025-10-31 00:00:00,October,W,N,M,16,True,False,KILLINGLY,"00000 I 395  (KILLINGLY, T069)",41 50 20.1192000000,71 52 38.0280000000,V,B,1.0,0,14-301,,False,N,False,False,I,,,,,False,1.0,CTCSP0000,134096937073022130,2025-10-31 15:40:56.553000,15:40:56.553000,2025,,,Stop Sign,2025
2025-12-08 13:55:47.907000,7942973.0,CTCSP0500,CSP Troop D,Racial Profile,1000004777,2500386512,Incident ID,2025-10-31 00:00:00,October,B,H,F,34,True,False,THOMPSON,"00000 I 395  (THOMPSON, T141)",41 57 12.0780000000,71 52 46.5960000000,V,B,1.0,0,14-219(c)(1),,False,N,False,False,I,,,,,False,1.0,CTCSP0000,134096937073022130,2025-10-31 16:49:30.770000,16:49:30.770000,2025,,,Speed Related,2025
2025-12-08 13:55:47.910000,7942974.0,CTCSP0500,CSP Troop D,Racial Profile,1000004777,2500386570,Incident ID,2025-10-31 00:00:00,October,W,N,F,57,False,False,Thompson,riverside dr,41 59 32.5248000000,71 53 53.2500000000,I,B,3.0,1,14-227a,,True,O,False,True,U,,,,,False,1.0,CTCSP0000,134096937073022130,2025-10-31 17:32:16.807000,17:32:16.807000,2025,,,Other,2025
2025-12-08 13:55:47.940000,7942980.0,CTCSP0500,CSP Troop D,Racial Profile,1000004779,2500386785,Incident ID,2025-10-31 00:00:00,October,W,N,F,28,True,False,KILLINGLY,00000 I 395 ,41 51 18.5436000000,71 52 54.9120000000,V,G,1.0,0,14-218a,,False,N,False,False,W,,,,,False,1.0,CTCSP0000,134096937073022130,2025-10-31 20:52:27.580000,20:52:27.580000,2025,,,Speed Related,2025
2025-12-08 13:55:47.037000,7942753.0,CTCSP0500,CSP Troop D,Racial Profile,1000002266,2500386880,Incident ID,2025-10-31 00:00:00,October,W,N,M,39,True,True,KILLINGLY,00000 I 395 ,41 48 8.4744000000,71 52 21.2160000000,V,B,1.0,0,14-219(c)(1),,False,N,False,False,W,,,,,False,1.0,CTCSP0000,134096937073022130,2025-10-31 22:16:32.130000,22:16:32.130000,2025,,,Speed Related,2025
2025-12-08 13:55:47.573000,7942874.0,CTCSP0500,CSP Troop D,Racial Profile,1000004434,2500385946,Incident ID,2025-10-31 00:00:00,October,W,N,F,27,True,False,PLAINFIELD,00000 I 395 ,41 44 7.3968000000,71 52 59.1600000000,V,G,1.0,0,14-298,,False,N,False,False,W,,,,,False,1.0,CTCSP0000,134096937073022130,2025-10-31 09:51:34.130000,09:51:34.130000,2025,,,STC Violation,2025
2025-12-08 13:55:47.680000,7942903.0,CTCSP0500,CSP Troop D,Racial Profile,1000004534,2500385534,Incident ID,2025-10-31 00:00:00,October,W,N,F,25,True,True,PUTNAM,00000 UNNAMED STREET ,41 55 3.9864000000,71 54 30.7800000000,V,G,1.0,0,14-301,,False,N,False,False,W,,,,,False,1.0,CTCSP0000,134096937073022130,2025-10-31 00:34:08.317000,00:34:08.317000,2025,,,Stop Sign,2025
2026-01-08 08:38:49.200000,8056464.0,CTCSP0500,CSP Troop D,Racial Profile,1000004012,2500387884,Incident ID,2025-11-01 00:00:00,November,W,N,M,74,True,True,KILLINGLY,"00000 SHORT ST (KILLINGLY, T069)",41 48 6.0948000000,71 52 59.5920000000,V,B,1.0,0,14-96b,,False,N,False,False,V,,,,,False,1.0,CTCSP0000,134123530847246484,2025-11-01 19:40:40.243000,19:40:40.243000,2025,,,Defective Lights,2025
2026-01-08 08:38:49.417000,8056526.0,CTCSP0500,CSP Troop D,Racial Profile,1000004012,2500387910,Incident ID,2025-11-01 00:00:00,November,B,N,F,37,True,True,KILLINGLY,"00000 SCHOOL ST (KILLINGLY, T069)",41 48 19.3860000000,71 52 54.9120000000,V,B,1.0,0,14-301,,False,N,False,False,V,,,,,False,1.0,CTCSP0000,134123530847246484,2025-11-01 20:25:49.637000,20:25:49.637000,2025,,,Stop Sign,2025
2026-01-08 08:38:35.020000,8052151.0,CTCSP0500,CSP Troop D,Racial Profile,1000004532,2500387449,Incident ID,2025-11-01 00:00:00,November,W,H,F,30,True,False,POMFRET,"00000 MASHAMOQUET RD (POMFRET, T112)",41 51 44.8164000000,72 2 37.2120000000,V,B,1.0,0,14-219(b),,False,N,False,False,W,,,,,False,1.0,CTCSP0000,134123530847246484,2025-11-01 11:21:42.510000,11:21:42.510000,2025,14-219(b),,Speed Related,2025
2026-01-08 08:38:33.180000,8051581.0,CTCSP0500,CSP Troop D,Racial Profile,1000004532,2500387531,Incident ID,2025-11-01 00:00:00,November,W,N,M,34,True,True,PUTNAM,"00000 I 395  (PUTNAM, T116)",41 55 42.5100000000,71 52 57.5760000000,V,B,1.0,0,14-219(c)(1),,False,N,False,False,W,,,,,False,1.0,CTCSP0000,134123530847246484,2025-11-01 12:58:53.347000,12:58:53.347000,2025,14-219(c)(1),,Speed Related,2025
2026-01-08 08:38:36.547000,8052662.0,CTCSP0500,CSP Troop D,Racial Profile,1000004671,2500387767,Incident ID,2025-11-01 00:00:00,November,W,H,M,45,True,False,POMFRET,"00000 Covell Rd, Pomfret, CT",41 51 34.1964000000,71 59 31.5600000000,V,G,3.0,1,14-236,,False,N,False,True,U,,,,,False,1.0,CTCSP0000,134123530847246484,2025-11-01 16:43:42.207000,16:43:42.207000,2025,14-227a,,Moving Violation,2025
2026-01-08 08:38:45.450000,8055378.0,CTCSP0500,CSP Troop D,Racial Profile,1000004799,2500387838,Incident ID,2025-11-01 00:00:00,November,W,N,F,67,False,False,KILLINGLY,00000 I 395 ,41 49 12.6876000000,71 52 14.0160000000,V,B,1.0,0,14-96a(a),,False,N,False,False,W,,,,,False,1.0,CTCSP0000,134123530847246484,2025-11-01 18:38:54.140000,18:38:54.140000,2025,,,Defective Lights,2025
2026-01-08 08:38:41.490000,8054217.0,CTCSP0500,CSP Troop D,Racial Profile,1000004675,2500387957,Incident ID,2025-11-01 00:00:00,November,W,N,F,52,True,False,KILLINGLY,i395 killingly,41 49 12.6876000000,71 52 14.0160000000,V,G,1.0,0,14-147(B)(C),,False,N,False,False,I,,,,,False,1.0,CTCSP0000,134123530847246484,2025-11-01 21:45:22.770000,21:45:22.770000,2025,,,Administrative Offense,2025
2026-01-08 08:38:35.367000,8052259.0,CTCSP0500,CSP Troop D,Racial Profile,1000004012,2500387834,Incident ID,2025-11-01 00:00:00,November,W,N,M,18,True,True,KILLINGLY,"00000 MAIN ST (KILLINGLY, T069)",41 48 55.7028000000,71 52 36.5520000000,V,B,1.0,0,14-301,,False,N,False,False,V,,,,,False,1.0,CTCSP0000,134123530847246484,2025-11-01 18:35:49.313000,18:35:49.313000,2025,,,Stop Sign,2025
2026-01-08 08:38:38.463000,8053236.0,CTCSP0500,CSP Troop D,Racial Profile,1000004012,2500387904,Incident ID,2025-11-01 00:00:00,November,W,N,M,59,True,True,KILLINGLY,"00000 WATER ST (KILLINGLY, T069)",41 48 11.1060000000,71 53 8.3400000000,V,B,1.0,0,14-219,,False,N,False,False,V,,,,,False,1.0,CTCSP0000,134123530847246484,2025-11-01 20:13:13.930000,20:13:13.930000,2025,,,Speed Related,2025
2026-01-08 08:38:43.150000,8054724.0,CTCSP0500,CSP Troop D,Racial Profile,1000003380,2500388986,Incident ID,2025-11-02 00:00:00,November,W,N,M,59,True,False,POMFRET,00000 MASHAMOQUET RD,41 51 34.4232000000,72 1 53.9760000000,V,G,1.0,0,14-218a,,False,N,False,False,W,,,,,False,1.0,CTCSP0000,134123530847246484,2025-11-02 22:25:08.463000,22:25:08.463000,2025,,,Speed Related,2025
2026-01-08 08:38:38.243000,8053158.0,CTCSP0500,CSP Troop D,Racial Profile,1000004405,2500388883,Incident ID,2025-11-02 00:00:00,November,W,N,F,36,True,True,BROOKLYN,00000 HARTFORD RD,41 47 2.4108000000,71 57 28.2600000000,V,B,1.0,0,14-96c,,False,N,False,False,W,,,,,False,1.0,CTCSP0000,134123530847246484,2025-11-02 19:00:21.573000,19:00:21.573000,2025,,,Defective Lights,2025
2026-01-08 08:38:33.403000,8051670.0,CTCSP0500,CSP Troop D,Racial Profile,1000004675,2500388786,Incident ID,2025-11-02 00:00:00,November,W,N,F,40,True,False,BROOKLYN,"00000 S MAIN ST (BROOKLYN, T019)",41 47 54.7080000000,71 54 11.8440000000,V,G,1.0,0,14-147(c),,False,N,False,False,I,,,,,False,1.0,CTCSP0000,134123530847246484,2025-11-02 16:35:20.053000,16:35:20.053000,2025,,,Administrative Offense,2025
2026-01-08 08:38:34.900000,8052109.0,CTCSP0500,CSP Troop D,Racial Profile,1000004675,2500388853,Incident ID,2025-11-02 00:00:00,November,W,N,M,42,True,False,BROOKLYN,"00000 PROVIDENCE RD (BROOKLYN, T019)",41 47 53.5956000000,71 54 19.1520000000,V,G,1.0,0,14-12(a)*,,False,N,False,False,I,,,,,False,1.0,CTCSP0000,134123530847246484,2025-11-02 18:08:55.343000,18:08:55.343000,2025,,,Registration,2025
2026-01-08 08:38:43,8054683.0,CTCSP0500,CSP Troop D,Racial Profile,1000004777,2500389132,Incident ID,2025-11-03 00:00:00,November,W,N,M,41,True,False,KILLINGLY,00000 I 395 ,41 47 36.4200000000,71 52 36.8400000000,V,B,1.0,0,14-219(c)(1),,False,N,False,False,W,,,,,False,1.0,CTCSP0000,134123530847246484,2025-11-03 04:21:54.417000,04:21:54.417000,2025,,,Speed Related,2025
2026-01-08 08:38:50.970000,8056972.0,CTCSP0500,CSP Troop D,Racial Profile,1000004409,2500389531,Incident ID,2025-11-03 00:00:00,November,W,N,F,65,True,False,POMFRET,00000 DROWN RD,41 51 13.6836000000,72 1 54.5880000000,V,B,1.0,0,14-218a,,False,N,False,False,W,,,,,False,1.0,CTCSP0000,134123530847246484,2025-11-03 10:41:57.010000,10:41:57.010000,2025,,,Speed Related,2025
2026-01-08 08:38:51.410000,8057074.0,CTCSP0500,CSP Troop D,Racial Profile,1000004777,2500389125,Incident ID,2025-11-03 00:00:00,November,W,H,M,25,False,False,KILLINGLY,00000 GOVERNOR JOHN DAVIS LODGE TPKE,41 47 15.0180000000,71 48 26.0640000000,V,B,1.0,0,14-219(c)(1),,False,N,False,False,W,,,,,False,1.0,CTCSP0000,134123530847246484,2025-11-03 03:53:12.013000,03:53:12.013000,2025,,,Speed Related,2025
2026-01-08 08:38:31.207000,8050993.0,CTCSP0500,CSP Troop D,Racial Profile,1000004858,2500389137,Incident ID,2025-11-03 00:00:00,November,W,N,M,35,True,False,HAMPTON,00000 PROVIDENCE TPKE,41 46 52.1436000000,72 1 23.4840000000,V,G,1.0,0,14-219(b),,False,N,False,False,W,,,,,False,1.0,CTCSP0000,134123530847246484,2025-11-03 04:46:56.320000,04:46:56.320000,2025,,,Speed Related,2025
2026-01-08 08:38:39.510000,8053555.0,CTCSP0500,CSP Troop D,Racial Profile,1000004858,2500389142,Incident ID,2025-11-03 00:00:00,November,W,N,M,53,True,False,BROOKLYN,00000 HARTFORD RD,41 46 57.8388000000,72 1 5.0880000000,V,G,1.0,0,14-219(b),,False,N,False,False,W,,,,,False,1.0,CTCSP0000,134123530847246484,2025-11-03 05:03:06.500000,05:03:06.500000,2025,,,Speed Related,2025
2026-01-08 08:38:48.533000,8056269.0,CTCSP0500,CSP Troop D,Racial Profile,1000004968,2500390056,Incident ID,2025-11-03 00:00:00,November,B,N,M,24,False,False,THOMPSON,00000 EXIT 49 I 395 N ,41 56 53.6856000000,71 52 51.3840000000,V,G,1.0,0,14-240(b,,False,N,False,False,W,,,,,False,1.0,CTCSP0000,134123530847246484,2025-11-03 18:26:46.197000,18:26:46.197000,2025,,,Moving Violation,2025
2026-01-08 08:38:37.213000,8052860.0,CTCSP0500,CSP Troop D,Racial Profile,1000004012,2500390529,Incident ID,2025-11-04 00:00:00,November,W,N,F,20,True,True,COLUMBIA,"00000 RT 66  (COLUMBIA, T030)",41 41 0.3516000000,72 19 49.4760000000,V,B,2.0,0,14-232(b),,False,N,False,False,I,,,,,False,1.0,CTCSP0000,134123530847246484,2025-11-04 07:22:02.587000,07:22:02.587000,2025,,,Moving Violation,2025
2026-01-08 08:38:33.043000,8051547.0,CTCSP0500,CSP Troop D,Racial Profile,1000004405,2500391205,Incident ID,2025-11-04 00:00:00,November,W,H,F,20,True,True,KILLINGLY,"00000 NORTH ST (KILLINGLY, T069)",41 48 48.7548000000,71 52 38.3160000000,V,B,1.0,0,14-12a,,False,N,False,False,W,,,,,False,1.0,CTCSP0000,134123530847246484,2025-11-04 15:24:56.850000,15:24:56.850000,2025,,,Registration,2025
2026-01-08 08:38:39.800000,8053623.0,CTCSP0500,CSP Troop D,Racial Profile,1000004012,2500390328,Incident ID,2025-11-04 00:00:00,November,W,N,M,19,True,True,KILLINGLY,"00000 I 395  (KILLINGLY, T069)",41 48 8.4744000000,71 52 21.2160000000,V,B,1.0,0,14-96b,,False,N,False,False,V,,,,,False,1.0,CTCSP0000,134123530847246484,2025-11-04 00:44:39.087000,00:44:39.087000,2025,,,Defective Lights,2025
2026-01-08 08:38:38.233000,8053154.0,CTCSP0500,CSP Troop D,Racial Profile,1000004797,2500390469,Incident ID,2025-11-04 00:00:00,November,W,N,M,33,False,False,PLAINFIELD,00000 I 395 ,41 44 56.9400000000,71 52 45.1200000000,V,G,1.0,0,14-233,,False,N,False,False,W,,,,,False,1.0,CTCSP0000,134123530847246484,2025-11-04 06:47:11.693000,06:47:11.693000,2025,,,Moving Violation,2025
2026-01-08 08:38:32.383000,8051363.0,CTCSP0500,CSP Troop D,Racial Profile,1000004799,2500390435,Incident ID,2025-11-04 00:00:00,November,W,N,M,34,True,False,EASTFORD,00000 POMFRET RD,41 51 54.3168000000,72 2 49.4160000000,V,B,1.0,0,14-218a,,False,N,False,False,W,,,,,False,1.0,CTCSP0000,134123530847246484,2025-11-04 06:03:55.617000,06:03:55.617000,2025,,,Speed Related,2025
2026-01-08 08:38:37.433000,8052927.0,CTCSP0500,CSP Troop D,Racial Profile,1000004856,2500390412,Incident ID,2025-11-04 00:00:00,November,W,N,M,34,False,False,THOMPSON,"00000 I 395  (THOMPSON, T141)",41 56 57.8220000000,71 52 53.6160000000,V,G,1.0,0,14-219(c)(1),,False,N,False,False,W,,,,,False,1.0,CTCSP0000,134123530847246484,2025-11-04 05:24:53.967000,05:24:53.967000,2025,,,Speed Related,2025
2026-01-08 08:38:40.650000,8053914.0,CTCSP0500,CSP Troop D,Racial Profile,1000004532,2500390986,Incident ID,2025-11-04 00:00:00,November,W,N,F,87,True,True,KILLINGLY,"00000 HARTFORD PIKE (KILLINGLY, T069)",41 50 36.7008000000,71 52 51.0600000000,V,B,1.0,0,14-283b,,False,N,False,False,W,,,,,False,1.0,CTCSP0000,134123530847246484,2025-11-04 12:39:52.863000,12:39:52.863000,2025,14-283b,,Other,2025
2026-01-08 08:38:51.853000,8057218.0,CTCSP0500,CSP Troop D,Racial Profile,1000004856,2500391686,Incident ID,2025-11-04 00:00:00,November,W,N,M,59,True,True,THOMPSON,"00000 I 395  (THOMPSON, T141)",41 56 49.7544000000,71 52 52.8240000000,V,G,1.0,0,14-219(c)(1),,False,N,False,False,W,,,,,False,1.0,CTCSP0000,134123530847246484,2025-11-04 23:48:21.350000,23:48:21.350000,2025,,,Speed Related,2025
2026-01-08 08:38:32.093000,8051283.0,CTCSP0500,CSP Troop D,Racial Profile,1000004858,2500390404,Incident ID,2025-11-04 00:00:00,November,W,N,M,56,True,False,BROOKLYN,00000 HARTFORD RD,41 46 57.8388000000,72 1 5.0880000000,V,G,1.0,0,14-219(b),,False,N,False,False,W,,,,,False,1.0,CTCSP0000,134123530847246484,2025-11-04 05:08:45.740000,05:08:45.740000,2025,,,Speed Related,2025
2026-01-08 08:38:36.753000,8052739.0,CTCSP0500,CSP Troop D,Racial Profile,1000004968,2500391538,Incident ID,2025-11-04 00:00:00,November,W,N,M,18,True,False,KILLINGLY,00000 I 395 ,41 49 7.9140000000,71 52 12.6480000000,V,G,1.0,0,14-218a,,False,N,False,False,W,,,,,False,1.0,CTCSP0000,134123530847246484,2025-11-04 21:16:27.357000,21:16:27.357000,2025,,,Speed Related,2025
2026-01-08 08:38:33.550000,8051711.0,CTCSP0500,CSP Troop D,Racial Profile,1000002949,2500390969,Incident ID,2025-11-04 00:00:00,November,W,N,F,31,True,False,KILLINGLY,N I 395 EXIT 41,41 50 15.5148000000,71 52 34.6800000000,V,B,1.0,0,14-219(c)(1),,False,N,False,False,W,,,,,False,1.0,CTCSP0000,134123530847246484,2025-11-04 12:28:00.050000,12:28:00.050000,2025,14-222*,,Speed Related,2025
2026-01-08 08:38:38.533000,8053255.0,CTCSP0500,CSP Troop D,Racial Profile,1000004799,2500390424,Incident ID,2025-11-04 00:00:00,November,W,N,M,28,True,False,POMFRET,00000 MASHAMOQUET RD,41 51 40.4244000000,71 58 8.5080000000,V,B,1.0,0,14-218a,,False,N,False,False,W,,,,,False,1.0,CTCSP0000,134123530847246484,2025-11-04 05:51:29.627000,05:51:29.627000,2025,,,Speed Related,2025
2026-01-08 08:38:46.303000,8055637.0,CTCSP0500,CSP Troop D,Racial Profile,1000004968,2500391496,Incident ID,2025-11-04 00:00:00,November,W,N,M,63,True,True,PUTNAM,00000 SCHOOL ST,41 55 27.5736000000,71 53 15.2880000000,V,G,1.0,0,14-12a,,False,N,False,False,W,,,,,False,1.0,CTCSP0000,134123530847246484,2025-11-04 20:07:23.467000,20:07:23.467000,2025,,,Registration,2025
2026-01-08 08:38:32.660000,8051437.0,CTCSP0500,CSP Troop D,Racial Profile,1000004012,2500391856,Incident ID,2025-11-05 00:00:00,November,W,N,F,17,True,True,BROOKLYN,"00000 HARTFORD RD (BROOKLYN, T019)",41 47 4.0488000000,72 0 46.6920000000,V,B,1.0,0,14-298,,False,N,False,False,I,,,,,False,1.0,CTCSP0000,134123530847246484,2025-11-05 06:54:58.133000,06:54:58.133000,2025,,,STC Violation,2025
2026-01-08 08:38:36.300000,8052567.0,CTCSP0500,CSP Troop D,Racial Profile,1000003380,2500392447,Incident ID,2025-11-05 00:00:00,November,W,N,F,44,False,False,EASTFORD,00000 POMFRET RD,41 51 54.3168000000,72 2 49.4160000000,V,G,1.0,0,14-218a,,False,N,False,False,W,,,,,False,1.0,CTCSP0000,134123530847246484,2025-11-05 14:46:30.820000,14:46:30.820000,2025,,,Speed Related,2025
2026-01-08 08:38:36.033000,8052490.0,CTCSP0500,CSP Troop D,Racial Profile,1000005069,2500391711,Incident ID,2025-11-05 00:00:00,November,A,N,F,20,True,True,KILLINGLY,"00000 PROVIDENCE PIKE (KILLINGLY, T069)",41 47 23.0568000000,71 50 25.6920000000,V,G,1.0,0,14-218a,,False,N,False,False,W,,,,,False,1.0,CTCSP0000,134123530847246484,2025-11-05 00:31:21.257000,00:31:21.257000,2025,,,Speed Related,2025
2026-01-08 08:38:41.973000,8054394.0,CTCSP0500,CSP Troop D,Racial Profile,1000004012,2500393885,Incident ID,2025-11-06 00:00:00,November,B,N,M,24,False,False,KILLINGLY,"00000 PROVIDENCE PIKE (KILLINGLY, T069)",41 47 27.1860000000,71 49 18.5880000000,V,B,2.0,0,14-218(a),,False,N,False,False,I,,,,,False,1.0,CTCSP0000,134123530847246484,2025-11-06 16:51:35.030000,16:51:35.030000,2025,,,Speed Related,2025
2026-01-08 08:38:37.967000,8053099.0,CTCSP0500,CSP Troop D,Racial Profile,1000004012,2500394266,Incident ID,2025-11-06 00:00:00,November,W,N,M,25,True,True,BROOKLYN,"00000 HARTFORD RD (BROOKLYN, T019)",41 47 0.3192000000,71 58 9.3720000000,V,B,1.0,0,14-219,,False,N,False,False,V,,,,,False,1.0,CTCSP0000,134123530847246484,2025-11-06 23:50:06.917000,23:50:06.917000,2025,,,Speed Related,2025
2026-01-08 08:38:39.127000,8053450.0,CTCSP0500,CSP Troop D,Racial Profile,1000003189,2500392995,Incident ID,2025-11-06 00:00:00,November,W,N,M,35,True,False,KILLINGLY,"00000 GOVERNOR JOHN DAVIS LODGE TPKE (KILLINGLY, T069)",41 46 18.1272000000,71 51 27.5400000000,V,G,1.0,0,14-236,,False,N,False,False,I,,,,,False,1.0,CTCSP0000,134123530847246484,2025-11-06 00:40:34.970000,00:40:34.970000,2025,,,Moving Violation,2025
2026-01-08 08:38:36.197000,8052538.0,CTCSP0500,CSP Troop D,Racial Profile,1000004012,2500393148,Incident ID,2025-11-06 00:00:00,November,W,N,F,55,True,True,SCOTLAND,"00000 PUDDING HILL RD (SCOTLAND, T123)",41 42 48.9492000000,72 4 5.0520000000,V,B,1.0,0,14-12(a),,False,N,False,False,V,,,,,False,1.0,CTCSP0000,134123530847246484,2025-11-06 06:51:47.853000,06:51:47.853000,2025,,,Registration,2025
2026-01-08 08:38:40.333000,8053808.0,CTCSP0500,CSP Troop D,Racial Profile,1000004012,2500393180,Incident ID,2025-11-06 00:00:00,November,W,N,M,28,True,True,BROOKLYN,"00000 HARTFORD RD (BROOKLYN, T019)",41 47 0.4848000000,72 0 56.2680000000,V,B,1.0,0,14-298,,False,N,False,False,I,,,,,False,1.0,CTCSP0000,134123530847246484,2025-11-06 07:11:20.570000,07:11:20.570000,2025,,,STC Violation,2025
2026-01-08 08:38:37.570000,8052974.0,CTCSP0500,CSP Troop D,Racial Profile,1000004012,2500393869,Incident ID,2025-11-06 00:00:00,November,W,N,M,37,True,True,KILLINGLY,"00000 PROVIDENCE PIKE (KILLINGLY, T069)",41 47 25.4976000000,71 49 59.5560000000,V,B,1.0,0,14-219,,False,N,False,False,V,,,,,False,1.0,CTCSP0000,134123530847246484,2025-11-06 16:36:45.547000,16:36:45.547000,2025,,,Speed Related,2025
2026-01-08 08:38:39.880000,8053652.0,CTCSP0500,CSP Troop D,Racial Profile,1000004409,2500393742,Incident ID,2025-11-06 00:00:00,November,W,N,F,46,True,False,HAMPTON,"00000 HARTFORD TPKE (HAMPTON, T063)",41 46 27.1848000000,72 4 48.8640000000,V,B,2.0,0,14-233,,False,N,False,False,I,,,,,False,1.0,CTCSP0000,134123530847246484,2025-11-06 15:01:00.887000,15:01:00.887000,2025,,,Moving Violation,2025
2026-01-08 08:38:43.880000,8054972.0,CTCSP0500,CSP Troop D,Racial Profile,1000004395,2500394872,Incident ID,2025-11-07 00:00:00,November,W,N,M,79,True,False,PLAINFIELD,00000 EXIT 35 I 395 N ,41 45 47.3544000000,71 52 19.2360000000,V,G,1.0,0,14-243(b),,False,N,False,False,W,,,,,False,1.0,CTCSP0000,134123530847246484,2025-11-07 12:09:37.793000,12:09:37.793000,2025,,,Moving Violation,2025
2026-01-08 08:38:45.030000,8055295.0,CTCSP0500,CSP Troop D,Racial Profile,1000004671,2500395028,Incident ID,2025-11-07 00:00:00,November,W,N,F,42,True,True,PLAINFIELD,00000 I 395 ,41 42 41.2056000000,71 53 48.2640000000,V,G,1.0,0,14-236,,False,N,False,False,W,,,,,False,1.0,CTCSP0000,134123530847246484,2025-11-07 14:39:37.467000,14:39:37.467000,2025,,,Moving Violation,2025
2026-01-08 08:38:37.420000,8052922.0,CTCSP0500,CSP Troop D,Racial Profile,1000004678,2500394764,Incident ID,2025-11-07 00:00:00,November,W,N,F,37,True,False,CHAPLIN,"00000 HAMPTON RD (CHAPLIN, T024)",41 46 3.2340000000,72 6 54.0720000000,I,G,2.0,0,14-215b(2),,False,N,False,False,I,,,,,False,1.0,CTCSP0000,134123530847246484,2025-11-07 10:47:29.403000,10:47:29.403000,2025,,,Administrative Offense,2025
2026-01-08 08:38:36.380000,8052599.0,CTCSP0500,CSP Troop D,Racial Profile,1000004395,2500394782,Incident ID,2025-11-07 00:00:00,November,B,N,F,58,True,False,KILLINGLY,"00000 I 395  (KILLINGLY, T069)",41 52 42.7800000000,71 53 42.2880000000,V,G,2.0,1,14-12(a)*,,False,N,False,False,I,,,,,False,1.0,CTCSP0000,134123530847246484,2025-11-07 10:57:55.757000,10:57:55.757000,2025,14-12(a)*,,Registration,2025
2026-01-08 08:38:31.610000,8051133.0,CTCSP0500,CSP Troop D,Racial Profile,1000004678,2500395895,Incident ID,2025-11-08 00:00:00,November,W,N,F,36,False,False,THOMPSON,00000 I 395 exit 50 s/b,41 56 39.4404000000,71 52 48.7560000000,I,S,1.0,0,14-218a,,False,N,False,False,W,,,,,False,1.0,CTCSP0000,134123530847246484,2025-11-08 10:21:20.787000,10:21:20.787000,2025,,,Speed Related,2025
2026-01-08 08:38:33.610000,8051731.0,CTCSP0500,CSP Troop D,Racial Profile,1000003189,2500396669,Incident ID,2025-11-09 00:00:00,November,W,N,M,61,False,False,THOMPSON,"00000 I 395  (THOMPSON, T141)",42 0 55.8504000000,71 51 26.6400000000,V,B,1.0,0,14-219,,False,N,False,False,W,,,,,False,1.0,CTCSP0000,134123530847246484,2025-11-09 02:55:36.090000,02:55:36.090000,2025,,,Speed Related,2025
2026-01-08 08:38:33.270000,8051616.0,CTCSP0500,CSP Troop D,Racial Profile,1000004395,2500396865,Incident ID,2025-11-09 00:00:00,November,W,N,M,19,True,True,KILLINGLY,rt.101 kllingly ,41 50 34.3860000000,71 52 58.5120000000,V,G,1.0,0,14-12(a),,False,N,False,False,V,,,,,False,1.0,CTCSP0000,134123530847246484,2025-11-09 08:56:59.667000,08:56:59.667000,2025,14-12(a),,Registration,2025
2026-01-08 08:38:31.170000,8050979.0,CTCSP0500,CSP Troop D,Racial Profile,1000004395,2500396924,Incident ID,2025-11-09 00:00:00,November,W,N,M,41,True,False,PUTNAM,00000 I 395 ,41 54 22.9176000000,71 53 35.4480000000,V,G,1.0,0,14-283b(b(1,,False,N,False,False,W,,,,,False,1.0,CTCSP0000,134123530847246484,2025-11-09 09:58:36.447000,09:58:36.447000,2025,,,Other,2025
2026-01-08 08:38:31.987000,8051255.0,CTCSP0500,CSP Troop D,Racial Profile,1000004395,2500396934,Incident ID,2025-11-09 00:00:00,November,W,N,M,26,False,False,THOMPSON,00000 EXIT 50 I 395 N ,41 57 36.8712000000,71 52 32.2320000000,V,G,1.0,0,14-283b(b(1,,False,N,False,False,W,,,,,False,1.0,CTCSP0000,134123530847246484,2025-11-09 10:09:03.283000,10:09:03.283000,2025,,,Other,2025
2026-01-08 08:38:51.667000,8057151.0,CTCSP0500,CSP Troop D,Racial Profile,1000004675,2500397333,Incident ID,2025-11-09 00:00:00,November,W,N,M,51,True,False,BROOKLYN,S MAIN ST BROOKLYN CT,41 47 57.7536000000,71 53 53.3040000000,E,G,3.0,0,14-96y,,False,N,False,True,V,,,,,False,1.0,CTCSP0000,134123530847246484,2025-11-09 17:54:57.917000,17:54:57.917000,2025,,,Defective Lights,2025
2026-01-08 08:38:31.060000,8050941.0,CTCSP0500,CSP Troop D,Racial Profile,1000004777,2500397481,Incident ID,2025-11-09 00:00:00,November,W,H,F,35,True,False,PLAINFIELD,"00000 I 395  (PLAINFIELD, T109)",41 45 26.3880000000,71 52 32.5200000000,V,B,1.0,0,14-236,,False,N,False,False,I,,,,,False,1.0,CTCSP0000,134123530847246484,2025-11-09 22:41:17.603000,22:41:17.603000,2025,,,Moving Violation,2025
2026-01-08 08:38:46.500000,8055710.0,CTCSP0500,CSP Troop D,Racial Profile,1000004395,2500396890,Incident ID,2025-11-09 00:00:00,November,W,N,M,75,False,False,KILLINGLY,Rt.101 Killingly,41 50 34.9872000000,71 52 47.4960000000,V,G,1.0,0,14-213,,False,N,False,False,V,,,,,False,1.0,CTCSP0000,134123530847246484,2025-11-09 09:23:57.337000,09:23:57.337000,2025,,,Administrative Offense,2025
2026-01-08 08:38:42.313000,8054479.0,CTCSP0500,CSP Troop D,Racial Profile,1000004532,2500396988,Incident ID,2025-11-09 00:00:00,November,B,N,F,35,False,False,PLAINFIELD,00000 I 395 ,41 43 2.4888000000,71 53 41.3880000000,V,B,1.0,0,14-219(c)(1),,False,N,False,False,W,,,,,False,1.0,CTCSP0000,134123530847246484,2025-11-09 11:04:24.367000,11:04:24.367000,2025,14-219(c)(1),,Speed Related,2025
2026-01-08 08:38:37.087000,8052823.0,CTCSP0500,CSP Troop D,Racial Profile,1000004532,2500396957,Incident ID,2025-11-09 00:00:00,November,W,H,F,45,True,False,PLAINFIELD,"00000 I 395  (PLAINFIELD, T109)",41 39 43.1532000000,71 55 3.6120000000,V,B,1.0,0,14-219(c)(1),,False,N,False,False,W,,,,,False,1.0,CTCSP0000,134123530847246484,2025-11-09 10:35:44.040000,10:35:44.040000,2025,14-219(c)(1),,Speed Related,2025
2026-01-08 08:38:49.023000,8056423.0,CTCSP0500,CSP Troop D,Racial Profile,1000004534,2500396680,Incident ID,2025-11-09 00:00:00,November,B,N,M,30,False,False,THOMPSON,00000 I 395 ,42 0 42.5844000000,71 51 21.3120000000,V,G,1.0,0,14-219(c)(1),,False,N,False,False,W,,,,,False,1.0,CTCSP0000,134123530847246484,2025-11-09 03:08:25.750000,03:08:25.750000,2025,,,Speed Related,2025
2026-01-08 08:38:37.107000,8052831.0,CTCSP0500,CSP Troop D,Racial Profile,1000004671,2500397229,Incident ID,2025-11-09 00:00:00,November,B,H,M,39,True,False,PUTNAM,"00000 s/b 395 x 46, putnam, ct",41 55 11.3628000000,71 53 13.9920000000,V,G,1.0,0,14-147(c),,False,N,False,False,V,,,,,False,1.0,CTCSP0000,134123530847246484,2025-11-09 15:26:35.927000,15:26:35.927000,2025,,,Administrative Offense,2025
2026-01-08 08:38:51.650000,8057145.0,CTCSP0500,CSP Troop D,Racial Profile,1000004675,2500397167,Incident ID,2025-11-09 00:00:00,November,W,N,F,54,True,False,BROOKLYN,00000 HARTFORD RD,41 46 58.0296000000,71 59 5.7120000000,V,G,1.0,0,14-12(a)*,,False,N,False,False,W,,,,,False,1.0,CTCSP0000,134123530847246484,2025-11-09 14:39:29.437000,14:39:29.437000,2025,,,Registration,2025
2026-01-08 08:38:48.977000,8056407.0,CTCSP0500,CSP Troop D,Racial Profile,1000004678,2500396820,Incident ID,2025-11-09 00:00:00,November,W,N,F,47,True,False,THOMPSON,I395 exit 50,41 57 12.0780000000,71 52 46.5960000000,I,G,1.0,0,14-219,,False,N,False,False,V,,,,,False,1.0,CTCSP0000,134123530847246484,2025-11-09 07:54:36.740000,07:54:36.740000,2025,,,Speed Related,2025
2026-01-08 08:38:53.493000,8057702.0,CTCSP0500,CSP Troop D,Racial Profile,1000004678,2500396830,Incident ID,2025-11-09 00:00:00,November,W,N,M,31,False,False,THOMPSON,00000 I 395 ,41 58 27.0516000000,71 51 52.2720000000,I,G,1.0,0,14-219,,False,N,False,False,W,,,,,False,1.0,CTCSP0000,134123530847246484,2025-11-09 08:05:38.253000,08:05:38.253000,2025,,,Speed Related,2025
2026-01-08 08:38:44.150000,8055035.0,CTCSP0500,CSP Troop D,Racial Profile,1000004678,2500396944,Incident ID,2025-11-09 00:00:00,November,W,N,F,68,True,False,KILLINGLY,rt 12,41 52 6.2940000000,71 52 50.3040000000,I,G,1.0,0,14-301,,False,N,False,False,V,,,,,False,1.0,CTCSP0000,134123530847246484,2025-11-09 10:23:35.003000,10:23:35.003000,2025,,,Stop Sign,2025
2026-01-08 08:38:40.683000,8053928.0,CTCSP0500,CSP Troop D,Racial Profile,1000004395,2500396916,Incident ID,2025-11-09 00:00:00,November,W,H,M,33,True,True,PUTNAM,I-395 nb x41,41 53 25.6560000000,71 53 45.0960000000,V,G,1.0,0,14-219,,False,N,False,False,V,,,,,False,1.0,CTCSP0000,134123530847246484,2025-11-09 09:50:29.560000,09:50:29.560000,2025,,,Speed Related,2025
2026-01-08 08:38:50.470000,8056817.0,CTCSP0500,CSP Troop D,Racial Profile,1000004395,2500397196,Incident ID,2025-11-09 00:00:00,November,W,H,F,59,True,False,WILLINGTON,00000 I 84 ,41 55 44.2200000000,72 14 59.9640000000,V,G,1.0,0,14-219(c)(1),,False,N,False,False,W,,,,,False,1.0,CTCSP0000,134123530847246484,2025-11-09 15:02:54.907000,15:02:54.907000,2025,,,Speed Related,2025
2026-01-08 08:38:48.510000,8056265.0,CTCSP0500,CSP Troop D,Racial Profile,1000004532,2500396976,Incident ID,2025-11-09 00:00:00,November,W,N,F,38,False,False,PLAINFIELD,"00000 I 395  (PLAINFIELD, T109)",41 39 31.6980000000,71 55 16.8240000000,V,B,1.0,0,14-219(c)(1),,False,N,False,False,W,,,,,False,1.0,CTCSP0000,134123530847246484,2025-11-09 10:52:23.300000,10:52:23.300000,2025,14-219(c)(1),,Speed Related,2025
2026-01-08 08:38:48.347000,8056208.0,CTCSP0500,CSP Troop D,Racial Profile,1000004534,2500396674,Incident ID,2025-11-09 00:00:00,November,W,N,M,27,True,False,THOMPSON,"00000 I 395  (THOMPSON, T141)",42 0 42.5844000000,71 51 21.3120000000,V,G,1.0,0,14-219(c)(1),,False,N,False,False,I,,,,,False,1.0,CTCSP0000,134123530847246484,2025-11-09 03:00:25.240000,03:00:25.240000,2025,14-219,,Speed Related,2025
2026-01-08 08:38:36.467000,8052633.0,CTCSP0500,CSP Troop D,Racial Profile,1000004777,2500396719,Incident ID,2025-11-09 00:00:00,November,W,N,M,80,True,False,BROOKLYN,"00000 PROVIDENCE RD (BROOKLYN, T019)",41 47 50.7552000000,71 54 33.1920000000,V,B,1.0,0,14-298,,False,N,False,False,W,,,,,False,1.0,CTCSP0000,134123530847246484,2025-11-09 05:10:12.880000,05:10:12.880000,2025,,,STC Violation,2025
2026-01-08 08:38:36.990000,8052797.0,CTCSP0500,CSP Troop D,Racial Profile,1000004968,2500397943,Incident ID,2025-11-10 00:00:00,November,W,N,M,47,True,True,THOMPSON,00000 THOMPSON HILL RD,41 57 48.7620000000,71 52 8.5800000000,V,G,1.0,0,14-12(a),,False,N,False,False,W,,,,,False,1.0,CTCSP0000,134123530847246484,2025-11-10 09:32:28.047000,09:32:28.047000,2025,,,Registration,2025
2026-01-08 08:38:46.587000,8055730.0,CTCSP0500,CSP Troop D,Racial Profile,1000005069,2500397626,Incident ID,2025-11-10 00:00:00,November,W,N,F,27,False,False,KILLINGLY,"00000 GOVERNOR JOHN DAVIS LODGE TPKE (KILLINGLY, T069)",41 46 24.3120000000,71 51 12.2040000000,V,G,1.0,0,14-218a*,,False,N,False,False,W,,,,,False,1.0,CTCSP0000,134123530847246484,2025-11-10 02:21:39.750000,02:21:39.750000,2025,,,Speed Related,2025
2026-01-08 08:38:52.717000,8057475.0,CTCSP0500,CSP Troop D,Racial Profile,1000005069,2500397636,Incident ID,2025-11-10 00:00:00,November,W,N,M,25,False,False,KILLINGLY,"00000 GOVERNOR JOHN DAVIS LODGE TPKE (KILLINGLY, T069)",41 46 24.3120000000,71 51 12.2040000000,V,G,1.0,0,14-218a*,,False,N,False,False,W,,,,,False,1.0,CTCSP0000,134123530847246484,2025-11-10 02:48:28.910000,02:48:28.910000,2025,,,Speed Related,2025
2026-01-08 08:38:35.893000,8052442.0,CTCSP0500,CSP Troop D,Racial Profile,1000004777,2500397602,Incident ID,2025-11-10 00:00:00,November,W,N,M,65,True,False,SCOTLAND,00000 MILLER RD,41 41 55.5324000000,72 3 20.5560000000,V,B,1.0,0,14-219(b),,False,N,False,False,W,,,,,False,1.0,CTCSP0000,134123530847246484,2025-11-10 01:27:55.160000,01:27:55.160000,2025,,,Speed Related,2025
2026-01-08 08:38:37.243000,8052868.0,CTCSP0500,CSP Troop D,Racial Profile,1000004858,2500397647,Incident ID,2025-11-10 00:00:00,November,W,H,M,30,False,False,PUTNAM,00000 I 395 ,41 54 33.7500000000,71 53 29.2920000000,V,G,1.0,0,14-219(c)(1),,False,N,False,False,W,,,,,False,1.0,CTCSP0000,134123530847246484,2025-11-10 03:21:45.140000,03:21:45.140000,2025,,,Speed Related,2025
2026-01-08 08:38:44.573000,8055168.0,CTCSP0500,CSP Troop D,Racial Profile,1000004968,2500397737,Incident ID,2025-11-10 00:00:00,November,W,N,F,59,True,False,KILLINGLY,00000 KNOX AVE,41 48 8.4672000000,71 52 19.1640000000,V,G,1.0,0,14-12(a),,False,N,False,False,W,,,,,False,1.0,CTCSP0000,134123530847246484,2025-11-10 06:55:17.617000,06:55:17.617000,2025,,,Registration,2025
2026-01-08 08:38:40.710000,8053940.0,CTCSP0500,CSP Troop D,Racial Profile,1000003380,2500398219,Incident ID,2025-11-10 00:00:00,November,W,N,M,80,False,False,EASTFORD,00000 POMFRET RD,41 52 26.1516000000,72 4 6.6720000000,V,G,1.0,0,14-218a,,False,N,False,False,W,,,,,False,1.0,CTCSP0000,134123530847246484,2025-11-10 14:06:16.957000,14:06:16.957000,2025,,,Speed Related,2025
2026-01-08 08:38:36.343000,8052584.0,CTCSP0500,CSP Troop D,Racial Profile,1000004395,2500398074,Incident ID,2025-11-10 00:00:00,November,W,H,M,25,True,False,WINDSOR LOCKS,00000 LAWNACRE RD,41 54 37.5912000000,72 37 45.7680000000,V,G,1.0,0,14-236,,False,N,False,False,W,,,,,False,1.0,CTCSP0000,134123530847246484,2025-11-10 11:27:42.937000,11:27:42.937000,2025,,,Moving Violation,2025
2026-01-08 08:38:35.830000,8052422.0,CTCSP0500,CSP Troop D,Racial Profile,1000004409,2500398565,Incident ID,2025-11-10 00:00:00,November,W,H,F,46,False,False,HAMPTON,00000 PROVIDENCE TPKE,41 46 20.2224000000,72 2 35.0520000000,V,B,1.0,0,14-236,,False,N,False,False,W,,,,,False,1.0,CTCSP0000,134123530847246484,2025-11-10 20:09:20.517000,20:09:20.517000,2025,,,Moving Violation,2025
2026-01-08 08:38:41.647000,8054272.0,CTCSP0500,CSP Troop D,Racial Profile,1000003189,2500398798,Incident ID,2025-11-11 00:00:00,November,A,N,F,46,False,False,KILLINGLY,"00000 I 395  (KILLINGLY, T069)",41 51 46.2672000000,71 53 10.5720000000,V,B,1.0,0,14-236,,False,N,False,False,W,,,,,False,1.0,CTCSP0000,134123530847246484,2025-11-11 01:50:43.297000,01:50:43.297000,2025,,,Moving Violation,2025
2026-01-08 08:38:30.437000,8050778.0,CTCSP0500,CSP Troop D,Racial Profile,1000004777,2500398774,Incident ID,2025-11-11 00:00:00,November,W,N,M,46,True,True,PUTNAM,00000 PROVIDENCE PIKE,41 55 35.0040000000,71 51 41.4720000000,V,B,1.0,0,14-219(b),,False,N,False,False,W,,,,,False,1.0,CTCSP0000,134123530847246484,2025-11-11 00:48:28.320000,00:48:28.320000,2025,,,Speed Related,2025
2026-01-08 08:38:51.137000,8057002.0,CTCSP0500,CSP Troop D,Racial Profile,1000004777,2500398860,Incident ID,2025-11-11 00:00:00,November,W,N,M,26,True,True,THOMPSON,"00000 QUADDICK RD (THOMPSON, T141)",41 56 55.1688000000,71 50 21.4440000000,V,B,1.0,0,14-219(b),,False,N,False,False,I,,,,,False,1.0,CTCSP0000,134123530847246484,2025-11-11 05:19:27.037000,05:19:27.037000,2025,,,Speed Related,2025
2026-01-08 08:38:31.153000,8050973.0,CTCSP0500,CSP Troop D,Racial Profile,1000004777,2500399955,Incident ID,2025-11-11 00:00:00,November,W,N,F,38,False,False,KILLINGLY,"00000 EXIT 38 I 395 N  (KILLINGLY, T069)",41 47 55.1580000000,71 52 26.6880000000,V,B,1.0,0,14-298,,False,N,False,False,I,,,,,False,1.0,CTCSP0000,134123530847246484,2025-11-11 22:45:20.640000,22:45:20.640000,2025,,,STC Violation,2025
2026-01-08 08:38:30.247000,8050730.0,CTCSP0500,CSP Troop D,Racial Profile,1000004405,2500399797,Incident ID,2025-11-11 00:00:00,November,W,N,M,41,True,True,KILLINGLY,00000 I 395 ,41 50 33.8640000000,71 52 45.0480000000,V,B,1.0,0,14-12(a),,False,N,False,False,W,,,,,False,1.0,CTCSP0000,134123530847246484,2025-11-11 18:56:09.427000,18:56:09.427000,2025,,,Registration,2025
2026-01-08 08:38:45.810000,8055476.0,CTCSP0500,CSP Troop D,Racial Profile,1000004409,2500399757,Incident ID,2025-11-11 00:00:00,November,W,N,M,44,True,False,POMFRET,00000 Pomfret St,41 51 39.4884000000,71 57 33.2064000000,V,B,1.0,0,14-230(a),,False,N,False,False,W,,,,,False,1.0,CTCSP0000,134123530847246484,2025-11-11 18:09:01.440000,18:09:01.440000,2025,14-230,,Moving Violation,2025
2026-01-08 08:38:41.910000,8054378.0,CTCSP0500,CSP Troop D,Racial Profile,1000004675,2500399530,Incident ID,2025-11-11 00:00:00,November,W,N,M,41,True,False,HAMPTON,00000 PROVIDENCE TPKE,41 46 18.8400000000,72 2 37.5360000000,V,G,1.0,0,14-12(a)*,,False,N,False,False,W,,,,,False,1.0,CTCSP0000,134123530847246484,2025-11-11 14:34:46.003000,14:34:46.003000,2025,,,Registration,2025
2026-01-08 08:38:49.557000,8056573.0,CTCSP0500,CSP Troop D,Racial Profile,1000004856,2500400022,Incident ID,2025-11-11 00:00:00,November,W,N,F,56,True,True,KILLINGLY,"00000 I 395  (KILLINGLY, T069)",41 51 17.2728000000,71 52 55.5600000000,V,G,1.0,0,14-213b,,False,N,False,False,V,,,,,False,1.0,CTCSP0000,134123530847246484,2025-11-11 23:49:30.237000,23:49:30.237000,2025,,,Administrative Offense,2025
2026-01-08 08:38:47.630000,8056025.0,CTCSP0500,CSP Troop D,Racial Profile,1000004964,2500400016,Incident ID,2025-11-11 00:00:00,November,W,N,F,59,True,True,BROOKLYN,"00000 PROVIDENCE RD (BROOKLYN, T019)",41 47 57.7824000000,71 54 3.0960000000,V,B,1.0,0,14-12(a)*,,False,N,False,False,W,,,,,False,1.0,CTCSP0000,134123530847246484,2025-11-11 23:31:08.400000,23:31:08.400000,2025,14-12(a)*,,Registration,2025
2026-01-08 08:38:35.623000,8052341.0,CTCSP0500,CSP Troop D,Racial Profile,1000004968,2500399059,Incident ID,2025-11-11 00:00:00,November,W,N,M,64,True,False,THOMPSON,00000 COUNTY HOME RD,41 56 8.5884000000,71 51 59.4000000000,V,G,1.0,0,14-301,,False,N,False,False,W,,,,,False,1.0,CTCSP0000,134123530847246484,2025-11-11 08:28:36.207000,08:28:36.207000,2025,,,Stop Sign,2025
2026-01-08 08:38:49.180000,8056460.0,CTCSP0500,CSP Troop D,Racial Profile,1000005069,2500398787,Incident ID,2025-11-11 00:00:00,November,W,N,F,60,False,False,KILLINGLY,"00000 GOVERNOR JOHN DAVIS LODGE TPKE (KILLINGLY, T069)",41 46 24.3120000000,71 51 12.2040000000,V,G,1.0,0,14-219(c)(1),,False,N,False,False,W,,,,,False,1.0,CTCSP0000,134123530847246484,2025-11-11 01:19:52.957000,01:19:52.957000,2025,,,Speed Related,2025
2026-01-08 08:38:43.583000,8054866.0,CTCSP0500,CSP Troop D,Racial Profile,1000005069,2500398819,Incident ID,2025-11-11 00:00:00,November,W,N,M,24,True,True,KILLINGLY,"00000 I 395  (KILLINGLY, T069)",41 46 10.5384000000,71 52 19.7040000000,V,G,1.0,0,14-219(c)(1),,False,N,False,False,V,,,,,False,1.0,CTCSP0000,134123530847246484,2025-11-11 02:43:01.533000,02:43:01.533000,2025,,,Speed Related,2025
2026-01-08 08:38:36.760000,8052741.0,CTCSP0500,CSP Troop D,Racial Profile,1000005069,2500398827,Incident ID,2025-11-11 00:00:00,November,W,N,M,22,False,False,KILLINGLY,"00000 I 395  (KILLINGLY, T069)",41 46 20.7840000000,71 52 19.4520000000,V,G,1.0,0,14-219(c)(1),,False,N,False,False,W,,,,,False,1.0,CTCSP0000,134123530847246484,2025-11-11 02:59:46.687000,02:59:46.687000,2025,,,Speed Related,2025
2026-01-08 08:38:51.780000,8057191.0,CTCSP0500,CSP Troop D,Racial Profile,1000004858,2500398818,Incident ID,2025-11-11 00:00:00,November,W,N,M,53,True,False,POMFRET,00000 POMFRET ST,41 51 39.4848000000,71 57 33.1920000000,I,G,1.0,0,14-219(b),,False,N,False,False,W,,,,,False,1.0,CTCSP0000,134123530847246484,2025-11-11 02:34:46.753000,02:34:46.753000,2025,,,Speed Related,2025
2026-01-08 08:38:51.907000,8057237.0,CTCSP0500,CSP Troop D,Racial Profile,1000002266,2500401028,Incident ID,2025-11-12 00:00:00,November,W,N,M,26,False,False,PLAINFIELD,00000 I 395 ,41 39 43.1532000000,71 55 3.6120000000,V,B,1.0,0,14-219(c)(1),,False,N,False,False,W,,,,,False,1.0,CTCSP0000,134123530847246484,2025-11-12 17:11:11.190000,17:11:11.190000,2025,,,Speed Related,2025
2026-01-08 08:38:48.940000,8056395.0,CTCSP0500,CSP Troop D,Racial Profile,1000002266,2500401136,Incident ID,2025-11-12 00:00:00,November,W,N,M,87,False,False,PLAINFIELD,00000 I 395 ,41 39 18.9324000000,71 55 29.6400000000,V,B,1.0,0,14-219(c)(1),,False,N,False,False,W,,,,,False,1.0,CTCSP0000,134123530847246484,2025-11-12 19:30:51.870000,19:30:51.870000,2025,,,Speed Related,2025
2026-01-08 08:38:33.073000,8051556.0,CTCSP0500,CSP Troop D,Racial Profile,1000004259,2500401335,Incident ID,2025-11-12 00:00:00,November,W,N,F,44,True,True,WOODSTOCK,00000 RT 171 ,41 55 58.7856000000,71 57 18.5760000000,V,B,1.0,0,14-218a,,False,N,False,False,W,,,,,False,1.0,CTCSP0000,134123530847246484,2025-11-12 23:45:40.580000,23:45:40.580000,2025,,,Speed Related,2025
2026-01-08 08:38:53.730000,8057791.0,CTCSP0500,CSP Troop D,Racial Profile,1000004012,2500400081,Incident ID,2025-11-12 00:00:00,November,B,N,M,21,True,True,GRISWOLD,"00000 I 395  (GRISWOLD, T058)",41 37 18.1776000000,71 56 39.0840000000,V,B,1.0,0,14-219,,False,N,False,False,V,,,,,False,1.0,CTCSP0000,134123530847246484,2025-11-12 01:46:16.920000,01:46:16.920000,2025,,,Speed Related,2025
2026-01-08 08:38:45.500000,8055398.0,CTCSP0500,CSP Troop D,Racial Profile,1000004409,2500401205,Incident ID,2025-11-12 00:00:00,November,A,N,M,46,True,False,POMFRET,00000 PUTNAM RD,41 53 51.6948000000,71 57 37.4040000000,V,B,1.0,0,14-301,,False,N,False,False,W,,,,,False,1.0,CTCSP0000,134123530847246484,2025-11-12 21:16:34.193000,21:16:34.193000,2025,,,Stop Sign,2025
2026-01-08 08:38:34.247000,8051907.0,CTCSP0500,CSP Troop D,Racial Profile,1000004434,2500400495,Incident ID,2025-11-12 00:00:00,November,W,N,F,65,True,False,CANTERBURY,45 Westminster Road,41 41 50.2332000000,71 58 50.1600000000,I,G,2.0,0,14-296aa,,False,N,False,False,N,,,,,False,1.0,CTCSP0000,134123530847246484,2025-11-12 10:18:41.157000,10:18:41.157000,2025,,,Cell Phone,2025
2026-01-08 08:38:41.257000,8054144.0,CTCSP0500,CSP Troop D,Racial Profile,1000004777,2500400051,Incident ID,2025-11-12 00:00:00,November,W,N,F,44,False,False,POMFRET,00000 PUTNAM RD,41 53 48.7500000000,71 56 56.6160000000,V,B,1.0,0,14-218a,,False,N,False,False,W,,,,,False,1.0,CTCSP0000,134123530847246484,2025-11-12 00:44:02.060000,00:44:02.060000,2025,,,Speed Related,2025
2026-01-08 08:38:41.787000,8054331.0,CTCSP0500,CSP Troop D,Racial Profile,1000005069,2500400036,Incident ID,2025-11-12 00:00:00,November,W,N,F,22,False,False,KILLINGLY,"00000 GOVERNOR JOHN DAVIS LODGE TPKE (KILLINGLY, T069)",41 46 24.3120000000,71 51 12.2040000000,V,G,1.0,0,14-219(c)(1),,False,N,False,False,W,,,,,False,1.0,CTCSP0000,134123530847246484,2025-11-12 00:15:24.453000,00:15:24.453000,2025,,,Speed Related,2025
2026-01-08 08:38:43.907000,8054981.0,CTCSP0500,CSP Troop D,Racial Profile,1000005069,2500400069,Incident ID,2025-11-12 00:00:00,November,A,N,M,29,False,False,KILLINGLY,"00000 GOVERNOR JOHN DAVIS LODGE TPKE (KILLINGLY, T069)",41 46 33.7692000000,71 50 49.3800000000,V,G,1.0,0,14-219(c)(1),,False,N,False,False,W,,,,,False,1.0,CTCSP0000,134123530847246484,2025-11-12 01:12:26.583000,01:12:26.583000,2025,,,Speed Related,2025
2026-01-08 08:38:35.527000,8052300.0,CTCSP0500,CSP Troop D,Racial Profile,1000004856,2500400065,Incident ID,2025-11-12 00:00:00,November,W,N,F,34,False,False,THOMPSON,"00000 I 395  (THOMPSON, T141)",41 57 12.5640000000,71 52 49.9440000000,V,G,1.0,0,14-12(a),,False,N,False,False,I,,,,,False,1.0,CTCSP0000,134123530847246484,2025-11-12 01:03:36.753000,01:03:36.753000,2025,,,Registration,2025
2026-01-08 08:38:53.420000,8057687.0,CTCSP0500,CSP Troop D,Racial Profile,1000003380,2500402198,Incident ID,2025-11-13 00:00:00,November,W,N,F,59,False,False,EASTFORD,00000 POMFRET RD,41 52 37.7904000000,72 4 41.1600000000,V,G,1.0,0,14-218a,,False,N,False,False,W,,,,,False,1.0,CTCSP0000,134123530847246484,2025-11-13 15:19:02.100000,15:19:02.100000,2025,,,Speed Related,2025
2026-01-08 08:38:37.887000,8053073.0,CTCSP0500,CSP Troop D,Racial Profile,1000004177,2500402216,Incident ID,2025-11-13 00:00:00,November,W,N,F,37,True,False,KILLINGLY,"00000 HUTCHINS ST (KILLINGLY, T069)",41 48 33.9588000000,71 52 44.1120000000,V,G,1.0,0,14-299,,False,N,False,False,I,,,,,False,1.0,CTCSP0000,134123530847246484,2025-11-13 15:31:34.437000,15:31:34.437000,2025,,,Traffic Control Signal,2025
2026-01-08 08:38:46,8055537.0,CTCSP0500,CSP Troop D,Racial Profile,1000004409,2500402137,Incident ID,2025-11-13 00:00:00,November,W,N,M,24,True,False,BROOKLYN,00000 HARTFORD RD,41 47 5.6760000000,72 0 42.7320000000,V,B,1.0,0,14-233,,False,N,False,False,W,,,,,False,1.0,CTCSP0000,134123530847246484,2025-11-13 14:43:57.537000,14:43:57.537000,2025,,,Moving Violation,2025
2026-01-08 08:38:37.977000,8053104.0,CTCSP0500,CSP Troop D,Racial Profile,1000004532,2500401749,Incident ID,2025-11-13 00:00:00,November,W,N,F,37,True,False,KILLINGLY,GA-11 parking lot ,41 48 15.8508000000,71 53 4.6068000000,I,G,3.0,0,14-99,,True,O,True,False,M,,,,,False,1.0,CTCSP0000,134123530847246484,2025-11-13 09:39:00.910000,09:39:00.910000,2025,21A-267,,Window Tint,2025
2026-01-08 08:38:44.423000,8055122.0,CTCSP0500,CSP Troop D,Racial Profile,1000004777,2500401985,Incident ID,2025-11-13 00:00:00,November,W,N,F,17,True,False,POMFRET,00000 POMFRET ST,41 54 54.0288000000,71 57 21.4920000000,V,B,1.0,0,14-218a,,False,N,False,False,W,,,,,False,1.0,CTCSP0000,134123530847246484,2025-11-13 12:31:08.200000,12:31:08.200000,2025,,,Speed Related,2025
2026-01-08 08:38:33.843000,8051808.0,CTCSP0500,CSP Troop D,Racial Profile,1000004856,2500401364,Incident ID,2025-11-13 00:00:00,November,W,N,M,25,True,True,THOMPSON,"00000 I 395  (THOMPSON, T141)",41 57 12.5640000000,71 52 49.9440000000,V,G,1.0,0,14-219(c)(1),,False,N,False,False,W,,,,,False,1.0,CTCSP0000,134123530847246484,2025-11-13 00:17:10,00:17:10,2025,,,Speed Related,2025
2026-01-08 08:38:44.063000,8055013.0,CTCSP0500,CSP Troop D,Racial Profile,1000004857,2500401871,Incident ID,2025-11-13 00:00:00,November,W,N,M,21,True,False,WOODSTOCK,"00000 RT 169  (WOODSTOCK, T169)",41 56 6.7200000000,71 57 28.2600000000,V,G,1.0,0,14-301,,False,N,False,False,V,,,,,False,1.0,CTCSP0000,134123530847246484,2025-11-13 11:05:29.817000,11:05:29.817000,2025,14-301,,Stop Sign,2025
2026-01-08 08:38:41.380000,8054189.0,CTCSP0500,CSP Troop D,Racial Profile,1000002266,2500403125,Incident ID,2025-11-14 00:00:00,November,W,N,M,41,False,False,THOMPSON,00000 I 395 ,41 57 28.5120000000,71 52 40.1520000000,V,B,1.0,0,14-219(c)(1),,False,N,False,False,W,,,,,False,1.0,CTCSP0000,134123530847246484,2025-11-14 09:55:08.860000,09:55:08.860000,2025,,,Speed Related,2025
2026-01-08 08:38:35.313000,8052241.0,CTCSP0500,CSP Troop D,Racial Profile,1000002266,2500403150,Incident ID,2025-11-14 00:00:00,November,W,N,M,28,True,False,THOMPSON,sb 50,41 56 32.9316000000,71 52 45.6240000000,V,B,1.0,0,14-219(c)(1),,False,N,False,False,W,,,,,False,1.0,CTCSP0000,134123530847246484,2025-11-14 10:12:44.817000,10:12:44.817000,2025,,,Speed Related,2025
2026-01-08 08:38:43.170000,8054731.0,CTCSP0500,CSP Troop D,Racial Profile,1000002266,2500403220,Incident ID,2025-11-14 00:00:00,November,W,N,M,25,True,False,PLAINFIELD,00000 I 395 ,41 39 29.8584000000,71 55 17.9040000000,V,B,1.0,0,14-219(c)(1),,False,N,False,False,W,,,,,False,1.0,CTCSP0000,134123530847246484,2025-11-14 11:02:31.913000,11:02:31.913000,2025,,,Speed Related,2025
2026-01-08 08:38:39.913000,8053665.0,CTCSP0500,CSP Troop D,Racial Profile,1000004534,2500403914,Incident ID,2025-11-14 00:00:00,November,W,N,M,20,True,True,KILLINGLY,00000 I 395 ,41 48 49.6404000000,71 52 14.9880000000,V,G,1.0,0,14-219(c)(1),,False,N,False,False,W,,,,,False,1.0,CTCSP0000,134123530847246484,2025-11-14 22:42:32.963000,22:42:32.963000,2025,,,Speed Related,2025
2026-01-08 08:38:32.873000,8051504.0,CTCSP0500,CSP Troop D,Racial Profile,1000002266,2500403115,Incident ID,2025-11-14 00:00:00,November,W,N,M,62,True,False,THOMPSON,00000 I 395 ,41 56 57.8220000000,71 52 53.6160000000,V,B,1.0,0,14-219(c)(1),,False,N,False,False,W,,,,,False,1.0,CTCSP0000,134123530847246484,2025-11-14 09:47:08.240000,09:47:08.240000,2025,,,Speed Related,2025
2026-01-08 08:38:47.173000,8055905.0,CTCSP0500,CSP Troop D,Racial Profile,1000002266,2500403201,Incident ID,2025-11-14 00:00:00,November,A,N,M,42,False,False,PLAINFIELD,00000 I 395 ,41 39 18.9324000000,71 55 29.6400000000,V,B,1.0,0,14-219(c)(1),,False,N,False,False,W,,,,,False,1.0,CTCSP0000,134123530847246484,2025-11-14 10:50:04.613000,10:50:04.613000,2025,,,Speed Related,2025
2026-01-08 08:38:48.363000,8056215.0,CTCSP0500,CSP Troop D,Racial Profile,1000002266,2500403347,Incident ID,2025-11-14 00:00:00,November,W,N,F,29,False,False,THOMPSON,"00000 I 395  (THOMPSON, T141)",41 56 49.7544000000,71 52 52.8240000000,V,B,1.0,0,14-222,,False,N,False,False,M,,,,,False,1.0,CTCSP0000,134123530847246484,2025-11-14 13:13:05.170000,13:13:05.170000,2025,,,Speed Related,2025
2026-01-08 08:38:47.430000,8055970.0,CTCSP0500,CSP Troop D,Racial Profile,1000004671,2500403803,Incident ID,2025-11-14 00:00:00,November,W,N,F,36,False,False,BROOKLYN,"00000 HARTFORD RD, BROOKLYN, CT",41 47 2.4108000000,71 57 28.2600000000,V,G,1.0,0,14-236,,False,N,False,False,V,,,,,False,1.0,CTCSP0000,134123530847246484,2025-11-14 19:57:11.677000,19:57:11.677000,2025,,,Moving Violation,2025
2026-01-08 08:38:47.937000,8056115.0,CTCSP0500,CSP Troop D,Racial Profile,1000002949,2500403073,Incident ID,2025-11-14 00:00:00,November,W,N,M,45,True,False,PUTNAM,"N I 395; Exit 45  (PUTNAM, T116)",41 53 25.6560000000,71 53 45.0960000000,V,G,1.0,0,14-296aa(b1st,,False,N,False,False,I,,,,,False,1.0,CTCSP0000,134123530847246484,2025-11-14 09:01:19.477000,09:01:19.477000,2025,14-219(c)(1),,Cell Phone,2025
2026-01-08 08:38:30.577000,8050817.0,CTCSP0500,CSP Troop D,Racial Profile,1000002949,2500403119,Incident ID,2025-11-14 00:00:00,November,W,N,F,40,False,False,THOMPSON,"S I 395; Exit 50  (THOMPSON, T141)",41 56 49.7544000000,71 52 52.8240000000,V,B,1.0,0,14-219(c)(1),,False,N,False,False,I,,,,,False,1.0,CTCSP0000,134123530847246484,2025-11-14 09:49:02.220000,09:49:02.220000,2025,14-222*,,Speed Related,2025
2026-01-08 08:38:40.083000,8053727.0,CTCSP0500,CSP Troop D,Racial Profile,1000004012,2500402812,Incident ID,2025-11-14 00:00:00,November,W,N,M,18,True,True,KILLINGLY,"00000 I 395  (KILLINGLY, T069)",41 48 14.4036000000,71 52 21.1440000000,V,B,1.0,0,14-219,,False,N,False,False,V,,,,,False,1.0,CTCSP0000,134123530847246484,2025-11-14 03:19:38.760000,03:19:38.760000,2025,,,Speed Related,2025
2026-01-08 08:38:40.977000,8054045.0,CTCSP0500,CSP Troop D,Racial Profile,1000004012,2500402818,Incident ID,2025-11-14 00:00:00,November,W,N,F,21,True,True,KILLINGLY,"00000 I 395  (KILLINGLY, T069)",41 49 7.9896000000,71 52 11.0280000000,V,B,1.0,0,14-283b,,False,N,False,False,V,,,,,False,1.0,CTCSP0000,134123530847246484,2025-11-14 03:35:53.163000,03:35:53.163000,2025,,,Other,2025
2026-01-08 08:38:48.457000,8056249.0,CTCSP0500,CSP Troop D,Racial Profile,1000004534,2500402882,Incident ID,2025-11-14 00:00:00,November,W,N,F,41,True,True,KILLINGLY,00000 I 395 ,41 49 7.9140000000,71 52 12.6480000000,V,G,1.0,0,1-10,,False,N,False,False,W,,,,,False,1.0,CTCSP0000,134123530847246484,2025-11-14 06:35:26.383000,06:35:26.383000,2025,,,Other,2025
2026-01-08 08:38:38.980000,8053414.0,CTCSP0500,CSP Troop D,Racial Profile,1000004012,2500404075,Incident ID,2025-11-15 00:00:00,November,W,N,F,65,False,False,KILLINGLY,"00000 GOVERNOR JOHN DAVIS LODGE TPKE (KILLINGLY, T069)",41 47 25.8468000000,71 47 56.3640000000,V,B,1.0,0,14-219,,False,N,False,False,V,,,,,False,1.0,CTCSP0000,134123530847246484,2025-11-15 01:15:50.213000,01:15:50.213000,2025,,,Speed Related,2025
2026-01-08 08:38:49.850000,8056644.0,CTCSP0500,CSP Troop D,Racial Profile,1000004402,2500404124,Incident ID,2025-11-15 00:00:00,November,W,N,M,22,True,False,HAMPTON,00000 PROVIDENCE TPKE,41 46 52.1436000000,72 1 23.4840000000,V,B,1.0,0,14-240(b,,False,N,False,False,W,,,,,False,1.0,CTCSP0000,134123530847246484,2025-11-15 02:39:27.253000,02:39:27.253000,2025,,,Moving Violation,2025
2026-01-08 08:38:36.050000,8052497.0,CTCSP0500,CSP Troop D,Racial Profile,1000004678,2500404450,Incident ID,2025-11-15 00:00:00,November,W,N,F,16,False,False,THOMPSON,00000 I 395 ,41 57 37.6164000000,71 52 34.5360000000,I,G,1.0,0,14-219(c)(1),,False,N,False,False,W,,,,,False,1.0,CTCSP0000,134123530847246484,2025-11-15 11:19:19.070000,11:19:19.070000,2025,,,Speed Related,2025
2026-01-08 08:38:51.693000,8057162.0,CTCSP0500,CSP Troop D,Racial Profile,1000004678,2500404630,Incident ID,2025-11-15 00:00:00,November,W,H,F,36,False,False,PLAINFIELD,"00000 I 395  (PLAINFIELD, T109)",41 40 9.3720000000,71 54 39.2040000000,I,G,1.0,0,14-219(b),,False,N,False,False,I,,,,,False,1.0,CTCSP0000,134123530847246484,2025-11-15 14:38:36.227000,14:38:36.227000,2025,,,Speed Related,2025
2026-01-08 08:38:36.733000,8052732.0,CTCSP0500,CSP Troop D,Racial Profile,1000004012,2500404028,Incident ID,2025-11-15 00:00:00,November,W,N,F,28,False,False,PLAINFIELD,"00000 I 395  (PLAINFIELD, T109)",41 45 37.6128000000,71 52 26.8320000000,V,B,1.0,0,14-219,,False,N,False,False,V,,,,,False,1.0,CTCSP0000,134123530847246484,2025-11-15 00:31:27.350000,00:31:27.350000,2025,,,Speed Related,2025
2026-01-08 08:38:30.263000,8050735.0,CTCSP0500,CSP Troop D,Racial Profile,1000004012,2500404037,Incident ID,2025-11-15 00:00:00,November,W,N,M,25,False,False,PLAINFIELD,"00000 I 395  (PLAINFIELD, T109)",41 45 26.3880000000,71 52 32.5200000000,V,B,1.0,0,14-219(c)(1),,False,N,False,False,I,,,,,False,1.0,CTCSP0000,134123530847246484,2025-11-15 00:39:04.170000,00:39:04.170000,2025,,,Speed Related,2025
2026-01-08 08:38:51.530000,8057113.0,CTCSP0500,CSP Troop D,Racial Profile,1000004012,2500404110,Incident ID,2025-11-15 00:00:00,November,W,N,M,25,False,False,KILLINGLY,"00000 I 395  (KILLINGLY, T069)",41 48 8.4744000000,71 52 21.2160000000,V,B,1.0,0,14-219,,False,N,False,False,V,,,,,False,1.0,CTCSP0000,134123530847246484,2025-11-15 02:16:03.280000,02:16:03.280000,2025,,,Speed Related,2025
2026-01-08 08:38:41.567000,8054241.0,CTCSP0500,CSP Troop D,Racial Profile,1000004012,2500404060,Incident ID,2025-11-15 00:00:00,November,W,N,M,23,True,True,KILLINGLY,"00000 GOVERNOR JOHN DAVIS LODGE TPKE (KILLINGLY, T069)",41 46 54.0588000000,71 49 44.0400000000,V,B,1.0,0,14-219,,False,N,False,False,V,,,,,False,1.0,CTCSP0000,134123530847246484,2025-11-15 00:59:32.017000,00:59:32.017000,2025,,,Speed Related,2025
2026-01-08 08:38:39.113000,8053449.0,CTCSP0500,CSP Troop D,Racial Profile,1000004345,2500404674,Incident ID,2025-11-15 00:00:00,November,W,N,M,62,False,False,KILLINGLY,00000 I 395 ,41 46 15.3120000000,71 52 20.6760000000,V,G,1.0,0,14-233,,False,N,False,False,W,,,,,False,1.0,CTCSP0000,134123530847246484,2025-11-15 15:11:08.340000,15:11:08.340000,2025,,,Moving Violation,2025
2026-01-08 08:38:37.700000,8053014.0,CTCSP0500,CSP Troop D,Racial Profile,1000004678,2500404464,Incident ID,2025-11-15 00:00:00,November,W,H,M,44,False,False,THOMPSON,00000 I 395 ,41 55 55.5096000000,71 52 50.0160000000,I,G,1.0,0,14-219(c)(1),,False,N,False,False,W,,,,,False,1.0,CTCSP0000,134123530847246484,2025-11-15 11:32:12.390000,11:32:12.390000,2025,,,Speed Related,2025
2026-01-08 08:38:45.740000,8055453.0,CTCSP0500,CSP Troop D,Racial Profile,1000002266,2500404440,Incident ID,2025-11-15 00:00:00,November,W,N,M,40,True,False,KILLINGLY,"00000 I 395  (KILLINGLY, T069)",41 47 51.9936000000,71 52 28.7040000000,V,B,1.0,0,14-222,,False,N,False,False,M,,,,,False,1.0,CTCSP0000,134123530847246484,2025-11-15 11:08:09.900000,11:08:09.900000,2025,,,Speed Related,2025
2026-01-08 08:38:36.230000,8052548.0,CTCSP0500,CSP Troop D,Racial Profile,1000004012,2500404091,Incident ID,2025-11-15 00:00:00,November,A,N,M,28,True,True,KILLINGLY,"00000 PROVIDENCE PIKE (KILLINGLY, T069)",41 47 22.5960000000,71 51 14.7960000000,V,B,1.0,0,14-219,,False,N,False,False,V,,,,,False,1.0,CTCSP0000,134123530847246484,2025-11-15 01:42:01.297000,01:42:01.297000,2025,,,Speed Related,2025
2026-01-08 08:38:37.383000,8052908.0,CTCSP0500,CSP Troop D,Racial Profile,1000004402,2500404035,Incident ID,2025-11-15 00:00:00,November,W,N,F,33,True,False,BROOKLYN,00000 PROVIDENCE RD,41 47 44.8044000000,71 55 58.2600000000,V,B,1.0,0,14-218a,,False,N,False,False,W,,,,,False,1.0,CTCSP0000,134123530847246484,2025-11-15 00:38:03.133000,00:38:03.133000,2025,,,Speed Related,2025
2026-01-08 08:38:42.330000,8054485.0,CTCSP0500,CSP Troop D,Racial Profile,1000004402,2500404059,Incident ID,2025-11-15 00:00:00,November,W,N,M,17,False,False,BROOKLYN,00000 PROVIDENCE RD,41 47 44.8044000000,71 55 58.2600000000,V,B,1.0,0,14-218a,,False,N,False,False,W,,,,,False,1.0,CTCSP0000,134123530847246484,2025-11-15 00:59:27.237000,00:59:27.237000,2025,,,Speed Related,2025
2026-01-08 08:38:36.287000,8052563.0,CTCSP0500,CSP Troop D,Racial Profile,1000004534,2500404108,Incident ID,2025-11-15 00:00:00,November,W,H,F,22,True,True,THOMPSON,00000 I 395 ,41 58 27.0516000000,71 51 52.2720000000,V,G,1.0,0,14-219(c)(1),,False,N,False,False,W,,,,,False,1.0,CTCSP0000,134123530847246484,2025-11-15 02:11:39.617000,02:11:39.617000,2025,,,Speed Related,2025
2026-01-08 08:38:49.577000,8056579.0,CTCSP0500,CSP Troop D,Racial Profile,1000004345,2500405700,Incident ID,2025-11-16 00:00:00,November,W,N,F,72,True,False,PLAINFIELD,00000 I 395 ,41 39 36.4752000000,71 55 11.6760000000,V,G,1.0,0,14-283b(b(1,,False,N,False,False,W,,,,,False,1.0,CTCSP0000,134123530847246484,2025-11-16 15:42:44.273000,15:42:44.273000,2025,,,Other,2025
2026-01-08 08:38:53.793000,8057815.0,CTCSP0500,CSP Troop D,Racial Profile,1000004671,2500405899,Incident ID,2025-11-16 00:00:00,November,W,N,F,40,False,False,CANTERBURY,"00000 WESTMINSTER RD (CANTERBURY, T022)",41 41 50.2332000000,71 58 50.1600000000,V,G,1.0,0,14-219(a(1*SZ,,False,N,False,False,I,,,,,False,1.0,CTCSP0000,134123530847246484,2025-11-16 20:55:46.783000,20:55:46.783000,2025,,,Speed Related,2025
2026-01-08 08:38:34.707000,8052046.0,CTCSP0500,CSP Troop D,Racial Profile,1000004671,2500405917,Incident ID,2025-11-16 00:00:00,November,W,N,F,45,True,False,CHAPLIN,"00000 Hampton Rd, Chaplin, CT",41 46 1.7616000000,72 6 27.7200000000,V,G,1.0,0,14-96u,,False,N,False,False,W,,,,,False,1.0,CTCSP0000,134123530847246484,2025-11-16 21:41:49.313000,21:41:49.313000,2025,,,Defective Lights,2025
2026-01-08 08:38:39.883000,8053654.0,CTCSP0500,CSP Troop D,Racial Profile,1000004012,2500405204,Incident ID,2025-11-16 00:00:00,November,W,N,M,41,False,False,PLAINFIELD,"00000 I 395  (PLAINFIELD, T109)",41 40 15.3984000000,71 54 35.2800000000,V,B,1.0,0,14-219(c)(1),,False,N,False,False,W,,,,,False,1.0,CTCSP0000,134123530847246484,2025-11-16 04:34:23.153000,04:34:23.153000,2025,,,Speed Related,2025
2026-01-08 08:38:49.830000,8056638.0,CTCSP0500,CSP Troop D,Racial Profile,1000004012,2500405340,Incident ID,2025-11-16 00:00:00,November,W,N,F,61,True,True,CHAPLIN,"00000 WILLIMANTIC RD (CHAPLIN, T024)",41 45 36.2772000000,72 8 36.0600000000,V,B,1.0,0,14-236,,False,N,False,False,W,,,,,False,1.0,CTCSP0000,134123530847246484,2025-11-16 08:11:05.713000,08:11:05.713000,2025,,,Moving Violation,2025
2026-01-08 08:38:50.577000,8056848.0,CTCSP0500,CSP Troop D,Racial Profile,1000004675,2500405911,Incident ID,2025-11-16 00:00:00,November,W,N,F,33,True,False,PUTNAM,00000 KENNEDY DR,41 54 39.9528000000,71 54 45.4320000000,V,G,1.0,0,14-147(c),,False,N,False,False,W,,,,,False,1.0,CTCSP0000,134123530847246484,2025-11-16 21:31:49.370000,21:31:49.370000,2025,,,Administrative Offense,2025
2026-01-08 08:38:31.310000,8051028.0,CTCSP0500,CSP Troop D,Racial Profile,1000004675,2500405908,Incident ID,2025-11-16 00:00:00,November,W,N,F,44,True,False,PUTNAM,00000 GROVE ST,41 54 36.1980000000,71 53 57.1920000000,V,G,1.0,0,14-12(a)*,,False,N,False,False,W,,,,,False,1.0,CTCSP0000,134123530847246484,2025-11-16 21:22:56.273000,21:22:56.273000,2025,,,Registration,2025
2026-01-08 08:38:49.443000,8056536.0,CTCSP0500,CSP Troop D,Racial Profile,1000004012,2500405190,Incident ID,2025-11-16 00:00:00,November,B,N,M,35,True,True,GRISWOLD,"00000 I 395  (GRISWOLD, T058)",41 37 18.1776000000,71 56 39.0840000000,V,B,1.0,0,14-219(c)(1),,False,N,False,False,I,,,,,False,1.0,CTCSP0000,134123530847246484,2025-11-16 03:57:55.440000,03:57:55.440000,2025,,,Speed Related,2025
2026-01-08 08:38:45.890000,8055505.0,CTCSP0500,CSP Troop D,Racial Profile,1000004395,2500405444,Incident ID,2025-11-16 00:00:00,November,W,N,F,28,False,False,KILLINGLY,"00000 I 395  (KILLINGLY, T069)",41 47 39.6780000000,71 52 35.4720000000,E,G,1.0,0,14-283b(b(1,,False,N,False,False,I,,,,,False,1.0,CTCSP0000,134123530847246484,2025-11-16 10:33:42.233000,10:33:42.233000,2025,,,Other,2025
2026-01-08 08:38:34.227000,8051900.0,CTCSP0500,CSP Troop D,Racial Profile,1000001947,2500406882,Incident ID,2025-11-17 00:00:00,November,W,N,F,25,True,False,PLAINFIELD,00000 I 395 ,41 44 40.3404000000,71 52 45.7320000000,V,B,1.0,0,14-230(a),,False,N,False,False,W,,,,,False,1.0,CTCSP0000,134123530847246484,2025-11-17 15:00:06.063000,15:00:06.063000,2025,,,Moving Violation,2025
2026-01-08 08:38:31.840000,8051212.0,CTCSP0500,CSP Troop D,Racial Profile,1000004777,2500406115,Incident ID,2025-11-17 00:00:00,November,W,N,F,29,True,False,BROOKLYN,00000 PROVIDENCE RD,41 47 59.1576000000,71 53 58.4880000000,V,B,1.0,0,14-218a,,False,N,False,False,W,,,,,False,1.0,CTCSP0000,134123530847246484,2025-11-17 03:11:53.097000,03:11:53.097000,2025,,,Speed Related,2025
2026-01-08 08:38:32.173000,8051310.0,CTCSP0500,CSP Troop D,Racial Profile,1000004012,2500407164,Incident ID,2025-11-17 00:00:00,November,W,N,M,40,True,True,HAMPTON,"00000 HARTFORD TPKE (HAMPTON, T063)",41 46 7.0680000000,72 5 30.4080000000,V,B,1.0,0,14-219,,False,N,False,False,V,,,,,False,1.0,CTCSP0000,134123530847246484,2025-11-17 19:56:08.690000,19:56:08.690000,2025,,,Speed Related,2025
2026-01-08 08:38:49.037000,8056425.0,CTCSP0500,CSP Troop D,Racial Profile,1000004012,2500407128,Incident ID,2025-11-17 00:00:00,November,W,H,M,22,True,True,CHAPLIN,"00000 HAMPTON RD (CHAPLIN, T024)",41 46 2.1108000000,72 6 36.0360000000,V,B,1.0,0,14-298,,False,N,False,False,I,,,,,False,1.0,CTCSP0000,134123530847246484,2025-11-17 18:58:32.647000,18:58:32.647000,2025,,,STC Violation,2025
2026-01-08 08:38:47.223000,8055916.0,CTCSP0500,CSP Troop D,Racial Profile,1000004012,2500407153,Incident ID,2025-11-17 00:00:00,November,W,N,F,27,True,True,CHAPLIN,"00000 HAMPTON RD (CHAPLIN, T024)",41 46 2.6364000000,72 6 15.1920000000,V,B,1.0,0,14-219,,False,N,False,False,V,,,,,False,1.0,CTCSP0000,134123530847246484,2025-11-17 19:36:55.120000,19:36:55.120000,2025,,,Speed Related,2025
2026-01-08 08:38:48.870000,8056368.0,CTCSP0500,CSP Troop D,Racial Profile,1000004675,2500407198,Incident ID,2025-11-17 00:00:00,November,W,N,M,21,True,False,KILLINGLY,00000 I 395 ,41 49 12.6876000000,71 52 14.0160000000,V,G,1.0,0,14-96y,,False,N,False,False,W,,,,,False,1.0,CTCSP0000,134123530847246484,2025-11-17 20:44:05.187000,20:44:05.187000,2025,,,Defective Lights,2025
2026-01-08 08:38:38.210000,8053144.0,CTCSP0500,CSP Troop D,Racial Profile,1000004678,2500406436,Incident ID,2025-11-17 00:00:00,November,B,N,F,55,True,False,PUTNAM,"00000 I 395  (PUTNAM, T116)",41 54 56.4912000000,71 53 20.6880000000,I,G,1.0,0,14-219(b(5,,False,N,False,False,I,,,,,False,1.0,CTCSP0000,134123530847246484,2025-11-17 09:36:59.157000,09:36:59.157000,2025,,,Speed Related,2025
2026-01-08 08:38:39.243000,8053487.0,CTCSP0500,CSP Troop D,Racial Profile,1000004678,2500406463,Incident ID,2025-11-17 00:00:00,November,W,N,F,20,True,False,KILLINGLY,i395 s/b exit 46,41 52 2.4384000000,71 53 27.6720000000,I,G,1.0,0,14-219(b),,False,N,False,False,V,,,,,False,1.0,CTCSP0000,134123530847246484,2025-11-17 09:56:45.983000,09:56:45.983000,2025,,,Speed Related,2025
2026-01-08 08:38:39.837000,8053637.0,CTCSP0500,CSP Troop D,Racial Profile,1000004777,2500406151,Incident ID,2025-11-17 00:00:00,November,W,H,M,65,True,False,KILLINGLY,"00000 I 395  (KILLINGLY, T069)",41 48 32.3496000000,71 52 19.8480000000,V,B,1.0,0,14-236,,False,N,False,False,I,,,,,False,1.0,CTCSP0000,134123530847246484,2025-11-17 05:31:32.103000,05:31:32.103000,2025,,,Moving Violation,2025
2026-01-08 08:38:38.240000,8053157.0,CTCSP0500,CSP Troop D,Racial Profile,1000004858,2500406130,Incident ID,2025-11-17 00:00:00,November,W,H,M,24,True,False,KILLINGLY,00000 I 395 ,41 46 15.3120000000,71 52 20.6760000000,V,G,1.0,0,14-219(c)(1),,False,N,False,False,W,,,,,False,1.0,CTCSP0000,134123530847246484,2025-11-17 03:57:33.157000,03:57:33.157000,2025,,,Speed Related,2025
2026-01-08 08:38:49.990000,8056695.0,CTCSP0500,CSP Troop D,Racial Profile,1000005069,2500406379,Incident ID,2025-11-17 00:00:00,November,B,N,F,26,True,True,NORWICH,Exit 27 Route 2 east,41 33 25.4160000000,72 7 12.1080000000,V,G,1.0,0,14-240,,False,N,False,False,N,,,,,False,1.0,CTCSP0000,134123530847246484,2025-11-17 08:45:30.910000,08:45:30.910000,2025,,,Moving Violation,2025
2026-01-08 08:38:43.780000,8054933.0,CTCSP0500,CSP Troop D,Racial Profile,1000005069,2500407323,Incident ID,2025-11-17 00:00:00,November,B,N,M,69,False,False,KILLINGLY,00000 GOVERNOR JOHN DAVIS LODGE TPKE,41 46 24.3120000000,71 51 12.2040000000,V,G,1.0,0,14-218a,,False,N,False,False,W,,,,,False,1.0,CTCSP0000,134123530847246484,2025-11-17 23:55:16.393000,23:55:16.393000,2025,,,Speed Related,2025
2026-01-08 08:38:46.017000,8055542.0,CTCSP0500,CSP Troop D,Racial Profile,1000004012,2500407141,Incident ID,2025-11-17 00:00:00,November,W,N,F,20,True,True,CHAPLIN,"00000 HAMPTON RD (CHAPLIN, T024)",41 46 14.9232000000,72 7 43.0320000000,V,B,1.0,0,14-234,,False,N,False,False,W,,,,,False,1.0,CTCSP0000,134123530847246484,2025-11-17 19:20:53.267000,19:20:53.267000,2025,,,Moving Violation,2025
2026-01-08 08:38:43.597000,8054870.0,CTCSP0500,CSP Troop D,Racial Profile,1000004012,2500407178,Incident ID,2025-11-17 00:00:00,November,W,N,M,67,True,True,CHAPLIN,"00000 HAMPTON RD (CHAPLIN, T024)",41 46 4.1052000000,72 6 2.5920000000,V,B,1.0,0,14-219,,False,N,False,False,V,,,,,False,1.0,CTCSP0000,134123530847246484,2025-11-17 20:22:26.037000,20:22:26.037000,2025,,,Speed Related,2025
2026-01-08 08:38:39.797000,8053621.0,CTCSP0500,CSP Troop D,Racial Profile,1000004395,2500406756,Incident ID,2025-11-17 00:00:00,November,W,N,F,56,True,True,KILLINGLY,00000 HARTFORD PIKE,41 50 36.7008000000,71 52 51.0600000000,V,G,1.0,0,14-236,,False,N,False,False,W,,,,,False,1.0,CTCSP0000,134123530847246484,2025-11-17 13:35:04.290000,13:35:04.290000,2025,,,Moving Violation,2025
2026-01-08 08:38:36.190000,8052535.0,CTCSP0500,CSP Troop D,Racial Profile,1000004405,2500407130,Incident ID,2025-11-17 00:00:00,November,W,N,M,29,False,False,KILLINGLY,"00000 I 395  (KILLINGLY, T069)",41 49 12.6876000000,71 52 14.0160000000,V,B,1.0,0,14-219(c)(1),,False,N,False,False,I,,,,,False,1.0,CTCSP0000,134123530847246484,2025-11-17 18:58:44.350000,18:58:44.350000,2025,,,Speed Related,2025
2026-01-08 08:38:42.890000,8054659.0,CTCSP0500,CSP Troop D,Racial Profile,1000004675,2500406980,Incident ID,2025-11-17 00:00:00,November,W,N,F,41,True,False,PLAINFIELD,"00000 I 395  (PLAINFIELD, T109)",41 43 33.1644000000,71 53 27.6360000000,V,G,1.0,0,14-12(a)*,,False,N,False,False,I,,,,,False,1.0,CTCSP0000,134123530847246484,2025-11-17 16:22:54.903000,16:22:54.903000,2025,,,Registration,2025
2026-01-08 08:38:35.100000,8052173.0,CTCSP0500,CSP Troop D,Racial Profile,1000004678,2500406413,Incident ID,2025-11-17 00:00:00,November,W,N,M,26,False,False,THOMPSON,i395 s/b exit 49,41 58 56.7156000000,71 51 17.6400000000,V,G,1.0,0,14-219,,False,N,False,False,V,,,,,False,1.0,CTCSP0000,134123530847246484,2025-11-17 09:13:09.607000,09:13:09.607000,2025,,,Speed Related,2025
2026-01-08 08:38:41.357000,8054180.0,CTCSP0500,CSP Troop D,Racial Profile,1000004678,2500406422,Incident ID,2025-11-17 00:00:00,November,W,N,M,35,False,False,THOMPSON,"00000 I 395  (THOMPSON, T141)",41 57 37.6164000000,71 52 34.5360000000,I,G,1.0,0,14-219(b(5,,False,N,False,False,I,,,,,False,1.0,CTCSP0000,134123530847246484,2025-11-17 09:24:43.530000,09:24:43.530000,2025,,,Speed Related,2025
2026-01-08 08:38:49.603000,8056586.0,CTCSP0500,CSP Troop D,Racial Profile,1000004777,2500406062,Incident ID,2025-11-17 00:00:00,November,W,N,M,30,False,False,PLAINFIELD,"00000 I 395  (PLAINFIELD, T109)",41 45 36.6876000000,71 52 25.9680000000,V,B,1.0,0,14-219,,False,N,False,False,W,,,,,False,1.0,CTCSP0000,134123530847246484,2025-11-17 01:15:16.637000,01:15:16.637000,2025,,,Speed Related,2025
2026-01-08 08:38:50.427000,8056800.0,CTCSP0500,CSP Troop D,Racial Profile,1000004858,2500406127,Incident ID,2025-11-17 00:00:00,November,W,N,F,42,False,False,KILLINGLY,00000 I 395 ,41 49 2.6328000000,71 52 10.8120000000,V,G,1.0,0,14-219(c)(1),,False,N,False,False,W,,,,,False,1.0,CTCSP0000,134123530847246484,2025-11-17 03:45:42.140000,03:45:42.140000,2025,,,Speed Related,2025
2026-01-08 08:38:30.227000,8050723.0,CTCSP0500,CSP Troop D,Racial Profile,1000004964,2500407101,Incident ID,2025-11-17 00:00:00,November,W,N,F,32,True,True,KILLINGLY,"00000 HUTCHINS ST (KILLINGLY, T069)",41 48 33.9588000000,71 52 44.1120000000,V,B,1.0,1,14-215,,False,N,False,False,M,,,,,False,1.0,CTCSP0000,134123530847246484,2025-11-17 18:24:28.883000,18:24:28.883000,2025,14-215,,Administrative Offense,2025
2026-01-08 08:38:48.280000,8056186.0,CTCSP0500,CSP Troop D,Racial Profile,1000004405,2500408153,Incident ID,2025-11-18 00:00:00,November,W,N,M,31,True,True,PUTNAM,00000 KENNEDY DR,41 54 39.9528000000,71 54 45.4320000000,V,B,1.0,0,14-12(a)*,,False,N,False,False,W,,,,,False,1.0,CTCSP0000,134123530847246484,2025-11-18 14:43:02.120000,14:43:02.120000,2025,,,Registration,2025
2026-01-08 08:38:48.283000,8056187.0,CTCSP0500,CSP Troop D,Racial Profile,1000004405,2500408344,Incident ID,2025-11-18 00:00:00,November,W,N,M,27,True,True,KILLINGLY,00000 SHEPARD HILL RD,41 46 56.0316000000,71 53 9.3840000000,V,B,1.0,0,14-12(a)*,,False,N,False,False,W,,,,,False,1.0,CTCSP0000,134123530847246484,2025-11-18 16:56:01.153000,16:56:01.153000,2025,,,Registration,2025
2026-01-08 08:38:36.240000,8052553.0,CTCSP0500,CSP Troop D,Racial Profile,1000004532,2500408106,Incident ID,2025-11-18 00:00:00,November,W,N,M,18,True,True,BROOKLYN,"00000 PROVIDENCE RD (BROOKLYN, T019)",41 47 50.7552000000,71 54 33.1920000000,V,B,1.0,0,14-219(b),,False,N,False,False,W,,,,,False,1.0,CTCSP0000,134123530847246484,2025-11-18 14:10:56.303000,14:10:56.303000,2025,14-219(b),,Speed Related,2025
2026-01-08 08:38:34.797000,8052073.0,CTCSP0500,CSP Troop D,Racial Profile,1000004678,2500408120,Incident ID,2025-11-18 00:00:00,November,W,N,M,27,True,False,KILLINGLY,i395 s/b exit 41,41 49 12.6876000000,71 52 14.0160000000,I,G,1.0,0,14-296aa(b),,False,N,False,False,V,,,,,False,1.0,CTCSP0000,134123530847246484,2025-11-18 14:26:34.560000,14:26:34.560000,2025,,,Cell Phone,2025
2026-01-08 08:38:48.507000,8056264.0,CTCSP0500,CSP Troop D,Racial Profile,1000004532,2500407619,Incident ID,2025-11-18 00:00:00,November,W,H,F,43,True,True,COLCHESTER,"00000 RT 2  (COLCHESTER, T028)",41 35 28.8636000000,72 23 37.8960000000,V,B,1.0,0,14-233CZ,,False,N,False,False,I,,,,,False,1.0,CTCSP0000,134123530847246484,2025-11-18 07:55:48.157000,07:55:48.157000,2025,14-233CZ,,Moving Violation,2025
2026-01-08 08:38:30.557000,8050809.0,CTCSP0500,CSP Troop D,Racial Profile,1000004777,2500407332,Incident ID,2025-11-18 00:00:00,November,W,N,M,22,True,False,KILLINGLY,"00000 RT 6  (KILLINGLY, T069)",41 47 41.3016000000,71 52 50.0520000000,V,B,1.0,0,14-299,,False,N,False,False,I,,,,,False,1.0,CTCSP0000,134123530847246484,2025-11-18 00:10:05.863000,00:10:05.863000,2025,,,Traffic Control Signal,2025
2026-01-08 08:38:43.183000,8054735.0,CTCSP0500,CSP Troop D,Racial Profile,1000004858,2500407444,Incident ID,2025-11-18 00:00:00,November,W,N,M,29,True,False,PUTNAM,00000 I 395 ,41 54 56.1492000000,71 53 19.5720000000,V,G,1.0,0,14-219(c)(1),,False,N,False,False,W,,,,,False,1.0,CTCSP0000,134123530847246484,2025-11-18 04:42:59.550000,04:42:59.550000,2025,,,Speed Related,2025
2026-01-08 08:38:47.050000,8055879.0,CTCSP0500,CSP Troop D,Racial Profile,1000004968,2500408547,Incident ID,2025-11-18 00:00:00,November,A,N,M,31,False,False,BROOKLYN,00000 HARTFORD RD,41 46 58.9296000000,71 59 14.5680000000,V,G,1.0,0,14-240(b,,False,N,False,False,W,,,,,False,1.0,CTCSP0000,134123530847246484,2025-11-18 21:34:21.043000,21:34:21.043000,2025,,,Moving Violation,2025
2026-01-08 08:38:30.213000,8050718.0,CTCSP0500,CSP Troop D,Racial Profile,1000005069,2500408349,Incident ID,2025-11-18 00:00:00,November,W,N,M,23,True,True,PUTNAM,"00000 I 395  (PUTNAM, T116)",41 55 53.9112000000,71 52 50.9520000000,E,G,1.0,0,14-96a(a),,False,N,False,False,W,,,,,False,1.0,CTCSP0000,134123530847246484,2025-11-18 17:06:30.210000,17:06:30.210000,2025,,,Defective Lights,2025
2026-01-08 08:38:41.547000,8054236.0,CTCSP0500,CSP Troop D,Racial Profile,1000004532,2500408095,Incident ID,2025-11-18 00:00:00,November,W,N,M,57,True,False,BROOKLYN,"00000 PROVIDENCE RD (BROOKLYN, T019)",41 47 54.8304000000,71 54 14.4720000000,V,B,1.0,0,14-299,,False,N,False,False,W,,,,,False,1.0,CTCSP0000,134123530847246484,2025-11-18 13:59:00.927000,13:59:00.927000,2025,14-299,,Traffic Control Signal,2025
2026-01-08 08:38:49.190000,8056463.0,CTCSP0500,CSP Troop D,Racial Profile,1000004678,2500407813,Incident ID,2025-11-18 00:00:00,November,W,N,M,19,True,True,PUTNAM,00000 EXIT 47 I 395 S ,41 55 27.3720000000,71 53 10.8240000000,I,G,1.0,0,14-219(b(5*,,False,N,False,False,W,,,,,False,1.0,CTCSP0000,134123530847246484,2025-11-18 09:59:36.873000,09:59:36.873000,2025,,,Speed Related,2025
2026-01-08 08:38:44.753000,8055213.0,CTCSP0500,CSP Troop D,Racial Profile,1000004678,2500407862,Incident ID,2025-11-18 00:00:00,November,A,N,M,26,True,False,THOMPSON,I395 n/b exit 50 ,41 58 27.0516000000,71 51 52.2720000000,I,G,2.0,0,14-219(b),,False,N,False,False,W,,,,,False,1.0,CTCSP0000,134123530847246484,2025-11-18 10:45:15.217000,10:45:15.217000,2025,,,Speed Related,2025
2026-01-08 08:38:53.487000,8057700.0,CTCSP0500,CSP Troop D,Racial Profile,1000002949,2500409151,Incident ID,2025-11-19 00:00:00,November,W,N,M,68,True,False,HAMPTON,00000 MAIN ST,41 46 2.7660000000,72 3 27.2160000000,V,B,1.0,0,14-218a,,False,N,False,False,W,,,,,False,1.0,CTCSP0000,134123530847246484,2025-11-19 11:24:08.633000,11:24:08.633000,2025,,,Speed Related,2025
2026-01-08 08:38:47.670000,8056035.0,CTCSP0500,CSP Troop D,Racial Profile,1000004532,2500409314,Incident ID,2025-11-19 00:00:00,November,W,N,M,30,True,False,PUTNAM,"00000 I 395  (PUTNAM, T116)",41 54 16.2324000000,71 53 45.9600000000,V,B,1.0,0,14-147(c),,False,N,False,False,W,,,,,False,1.0,CTCSP0000,134123530847246484,2025-11-19 14:03:44.403000,14:03:44.403000,2025,14-147(c),,Administrative Offense,2025
2026-01-08 08:38:36.003000,8052480.0,CTCSP0500,CSP Troop D,Racial Profile,1000004675,2500409591,Incident ID,2025-11-19 00:00:00,November,W,N,F,40,True,False,KILLINGLY,I395,41 49 12.6876000000,71 52 14.0160000000,I,G,1.0,0,14-215,,False,N,False,False,N,,,,,False,1.0,CTCSP0000,134123530847246484,2025-11-19 17:31:03.477000,17:31:03.477000,2025,,,Administrative Offense,2025
2026-01-08 08:38:46.797000,8055807.0,CTCSP0500,CSP Troop D,Racial Profile,1000004675,2500409649,Incident ID,2025-11-19 00:00:00,November,W,N,M,56,True,False,KILLINGLY,00000 I 395 ,41 49 12.6876000000,71 52 14.0160000000,V,G,1.0,0,14-12(a)*,,False,N,False,False,W,,,,,False,1.0,CTCSP0000,134123530847246484,2025-11-19 18:28:41.977000,18:28:41.977000,2025,,,Registration,2025
2026-01-08 08:38:40.867000,8054003.0,CTCSP0500,CSP Troop D,Racial Profile,1000004268,2500408825,Incident ID,2025-11-19 00:00:00,November,W,N,M,33,True,True,PLAINFIELD,"00395 I 395  (PLAINFIELD, T109)",41 45 19.0224000000,71 52 37.1388000000,V,B,1.0,0,14-230,,False,N,False,False,W,,,,,False,1.0,CTCSP0000,134123530847246484,2025-11-19 06:51:08.763000,06:51:08.763000,2025,,,Moving Violation,2025
2026-01-08 08:38:47.903000,8056105.0,CTCSP0500,CSP Troop D,Racial Profile,1000004799,2500409656,Incident ID,2025-11-19 00:00:00,November,W,N,M,37,False,False,KILLINGLY,00000 I 395 ,41 49 7.9140000000,71 52 12.6480000000,V,B,1.0,0,14-219(c)(1),,False,N,False,False,W,,,,,False,1.0,CTCSP0000,134123530847246484,2025-11-19 18:35:16.760000,18:35:16.760000,2025,,,Speed Related,2025
2026-01-08 08:38:50.840000,8056928.0,CTCSP0500,CSP Troop D,Racial Profile,1000004409,2500410556,Incident ID,2025-11-20 00:00:00,November,W,N,M,66,True,True,HAMPTON,"00000 HARTFORD TPKE (HAMPTON, T063)",41 46 21.0792000000,72 5 2.0040000000,V,B,1.0,0,14-298,,False,N,False,False,I,,,,,False,1.0,CTCSP0000,134123530847246484,2025-11-20 13:03:47.973000,13:03:47.973000,2025,,,STC Violation,2025
2026-01-08 08:38:40.557000,8053884.0,CTCSP0500,CSP Troop D,Racial Profile,1000004532,2500410384,Incident ID,2025-11-20 00:00:00,November,W,N,M,71,True,False,HAMPTON,"00000 MAIN ST (HAMPTON, T063)",41 46 8.9688000000,72 3 23.0760000000,V,B,1.0,0,14-218a,,False,N,False,False,W,,,,,False,1.0,CTCSP0000,134123530847246484,2025-11-20 10:27:25.843000,10:27:25.843000,2025,14-218a,,Speed Related,2025
2026-01-08 08:38:43.530000,8054847.0,CTCSP0500,CSP Troop D,Racial Profile,1000004532,2500410312,Incident ID,2025-11-20 00:00:00,November,W,N,F,32,True,True,HAMPTON,"00000 OLD TOWN POUND RD (HAMPTON, T063)",41 47 20.1984000000,72 3 24.0480000000,V,B,1.0,0,14-218a,,False,N,False,False,W,,,,,False,1.0,CTCSP0000,134123530847246484,2025-11-20 09:38:23.047000,09:38:23.047000,2025,14-218a,,Speed Related,2025
2026-01-08 08:38:36.760000,8052740.0,CTCSP0500,CSP Troop D,Racial Profile,1000004409,2500410523,Incident ID,2025-11-20 00:00:00,November,B,N,M,35,True,False,CHAPLIN,00000 HAMPTON RD,41 46 4.1052000000,72 6 2.5920000000,V,B,1.0,0,14-18(c),,False,N,False,False,W,,,,,False,1.0,CTCSP0000,134123530847246484,2025-11-20 12:34:52.800000,12:34:52.800000,2025,,,Display of Plates,2025
2026-01-08 08:38:31.953000,8051244.0,CTCSP0500,CSP Troop D,Racial Profile,1000004856,2500411195,Incident ID,2025-11-20 00:00:00,November,A,N,M,25,False,False,THOMPSON,"00000 I 395  (THOMPSON, T141)",42 0 17.4996000000,71 51 13.1040000000,V,G,1.0,0,14-219(c)(1),,False,N,False,False,W,,,,,False,1.0,CTCSP0000,134123530847246484,2025-11-20 22:56:02.037000,22:56:02.037000,2025,,,Speed Related,2025
2026-01-08 08:38:39.247000,8053488.0,CTCSP0500,CSP Troop D,Racial Profile,1000004858,2500409969,Incident ID,2025-11-20 00:00:00,November,W,N,F,26,False,False,PUTNAM,00000 I 395 ,41 54 48.2400000000,71 53 23.1000000000,V,G,1.0,0,14-219(c)(1),,False,N,False,False,W,,,,,False,1.0,CTCSP0000,134123530847246484,2025-11-20 01:56:35.460000,01:56:35.460000,2025,,,Speed Related,2025
2026-01-08 08:38:36.703000,8052721.0,CTCSP0500,CSP Troop D,Racial Profile,1000002266,2500411578,Incident ID,2025-11-21 00:00:00,November,W,N,M,18,True,False,PLAINFIELD,00000 I 395 ,41 39 43.1532000000,71 55 3.6120000000,V,B,1.0,0,14-219(c)(1),,False,N,False,False,W,,,,,False,1.0,CTCSP0000,134123530847246484,2025-11-21 08:46:16.403000,08:46:16.403000,2025,,,Speed Related,2025
2026-01-08 08:38:41.893000,8054374.0,CTCSP0500,CSP Troop D,Racial Profile,1000004409,2500411749,Incident ID,2025-11-21 00:00:00,November,W,N,F,20,False,False,POMFRET,"00000 MASHAMOQUET RD (POMFRET, T112)",41 51 34.9056000000,72 1 42.5640000000,V,B,1.0,0,14-218a,,False,N,False,False,I,,,,,False,1.0,CTCSP0000,134123530847246484,2025-11-21 11:10:43.433000,11:10:43.433000,2025,,,Speed Related,2025
2026-01-08 08:38:46.743000,8055790.0,CTCSP0500,CSP Troop D,Racial Profile,1000004532,2500411717,Incident ID,2025-11-21 00:00:00,November,W,N,F,23,True,False,PLAINFIELD,"00000 I 395  (PLAINFIELD, T109)",41 39 45.3960000000,71 55 1.1640000000,V,B,1.0,0,14-283b,,False,N,False,False,W,,,,,False,1.0,CTCSP0000,134123530847246484,2025-11-21 10:35:57.073000,10:35:57.073000,2025,14-283b,,Other,2025
2026-01-08 08:38:37.363000,8052900.0,CTCSP0500,CSP Troop D,Racial Profile,1000004532,2500411801,Incident ID,2025-11-21 00:00:00,November,W,N,M,42,True,True,PLAINFIELD,"00000 LATHROP RD (PLAINFIELD, T109)",41 39 58.7556000000,71 54 54.7200000000,V,B,1.0,0,14-219(c)(1),,False,N,False,False,W,,,,,False,1.0,CTCSP0000,134123530847246484,2025-11-21 12:08:21.637000,12:08:21.637000,2025,14-219(c)(1),,Speed Related,2025
2026-01-08 08:38:45.970000,8055528.0,CTCSP0500,CSP Troop D,Racial Profile,1000004534,2500412438,Incident ID,2025-11-21 00:00:00,November,W,N,F,25,True,True,THOMPSON,00000 W THOMPSON RD,41 56 41.5392000000,71 54 3.4920000000,V,G,1.0,0,14-218a,,False,N,False,False,W,,,,,False,1.0,CTCSP0000,134123530847246484,2025-11-21 22:28:38.480000,22:28:38.480000,2025,,,Speed Related,2025
2026-01-08 08:38:40.807000,8053981.0,CTCSP0500,CSP Troop D,Racial Profile,1000002266,2500411510,Incident ID,2025-11-21 00:00:00,November,W,N,M,32,True,False,PLAINFIELD,00000 I 395 ,41 39 43.1532000000,71 55 3.6120000000,V,B,1.0,0,14-219(c)(1),,False,N,False,False,W,,,,,False,1.0,CTCSP0000,134123530847246484,2025-11-21 08:05:58.497000,08:05:58.497000,2025,,,Speed Related,2025
2026-01-08 08:38:41.103000,8054092.0,CTCSP0500,CSP Troop D,Racial Profile,1000002266,2500411548,Incident ID,2025-11-21 00:00:00,November,W,N,F,29,True,False,PLAINFIELD,NB 28,41 39 43.1532000000,71 55 3.6120000000,V,B,1.0,0,14-222,,False,N,False,False,M,,,,,False,1.0,CTCSP0000,134123530847246484,2025-11-21 08:31:38.777000,08:31:38.777000,2025,,,Speed Related,2025
2026-01-08 08:38:35.790000,8052404.0,CTCSP0500,CSP Troop D,Racial Profile,1000002266,2500411691,Incident ID,2025-11-21 00:00:00,November,W,H,F,31,True,False,PLAINFIELD,"00000 I 395  (PLAINFIELD, T109)",41 39 18.9324000000,71 55 29.6400000000,V,B,1.0,0,14-222,,False,N,False,False,M,,,,,False,1.0,CTCSP0000,134123530847246484,2025-11-21 10:18:14.447000,10:18:14.447000,2025,,,Speed Related,2025
2026-01-08 08:38:50.707000,8056893.0,CTCSP0500,CSP Troop D,Racial Profile,1000002266,2500411733,Incident ID,2025-11-21 00:00:00,November,W,H,M,37,True,False,PLAINFIELD,"00000 I 395  (PLAINFIELD, T109)",41 39 18.9324000000,71 55 29.6400000000,V,B,1.0,0,14-222,,False,N,False,False,M,,,,,False,1.0,CTCSP0000,134123530847246484,2025-11-21 10:56:29.047000,10:56:29.047000,2025,,,Speed Related,2025
2026-01-08 08:38:40.790000,8053974.0,CTCSP0500,CSP Troop D,Racial Profile,1000002266,2500411781,Incident ID,2025-11-21 00:00:00,November,W,N,F,18,True,False,PLAINFIELD,nb 28,41 39 18.9324000000,71 55 29.6400000000,V,B,1.0,0,14-222,,False,N,False,False,M,,,,,False,1.0,CTCSP0000,134123530847246484,2025-11-21 11:43:19.127000,11:43:19.127000,2025,,,Speed Related,2025
2026-01-08 08:38:38.490000,8053241.0,CTCSP0500,CSP Troop D,Racial Profile,1000004405,2500412294,Incident ID,2025-11-21 00:00:00,November,W,N,F,17,True,True,KILLINGLY,"00000 I 395  (KILLINGLY, T069)",41 52 17.0040000000,71 53 27.6360000000,V,B,1.0,0,14-222,,False,N,False,False,I,,,,,False,1.0,CTCSP0000,134123530847246484,2025-11-21 19:02:12.263000,19:02:12.263000,2025,,,Speed Related,2025
2026-01-08 08:38:51.247000,8057028.0,CTCSP0500,CSP Troop D,Racial Profile,1000004532,2500411785,Incident ID,2025-11-21 00:00:00,November,W,N,F,54,True,False,PLAINFIELD,"00000 I 395  (PLAINFIELD, T109)",41 39 29.8584000000,71 55 17.9040000000,V,B,1.0,0,14-283b,,False,N,False,False,W,,,,,False,1.0,CTCSP0000,134123530847246484,2025-11-21 11:46:51.553000,11:46:51.553000,2025,14-283b,,Other,2025
2026-01-08 08:38:37.563000,8052972.0,CTCSP0500,CSP Troop D,Racial Profile,1000004532,2500411924,Incident ID,2025-11-21 00:00:00,November,W,N,M,63,True,False,PLAINFIELD,"00000 I 395  (PLAINFIELD, T109)",41 44 18.6468000000,71 52 49.2600000000,V,B,1.0,0,14-12(a)*,,False,N,False,False,W,,,,,False,1.0,CTCSP0000,134123530847246484,2025-11-21 14:16:56.593000,14:16:56.593000,2025,14-12(a)*,,Registration,2025
2026-01-08 08:38:42.457000,8054531.0,CTCSP0500,CSP Troop D,Racial Profile,1000002266,2500411472,Incident ID,2025-11-21 00:00:00,November,W,N,M,59,False,False,THOMPSON,00000 I 395 ,41 57 28.5120000000,71 52 40.1520000000,V,B,1.0,0,14-219(c)(1),,False,N,False,False,W,,,,,False,1.0,CTCSP0000,134123530847246484,2025-11-21 07:31:40.187000,07:31:40.187000,2025,,,Speed Related,2025
2026-01-08 08:38:47.863000,8056092.0,CTCSP0500,CSP Troop D,Racial Profile,1000002266,2500411531,Incident ID,2025-11-21 00:00:00,November,W,N,M,19,True,False,PLAINFIELD,"00000 I 395  (PLAINFIELD, T109)",41 39 43.1532000000,71 55 3.6120000000,V,B,1.0,0,14-222,,False,N,False,False,M,,,,,False,1.0,CTCSP0000,134123530847246484,2025-11-21 08:18:56.177000,08:18:56.177000,2025,,,Speed Related,2025
2026-01-08 08:38:47.513000,8055996.0,CTCSP0500,CSP Troop D,Racial Profile,1000002266,2500411676,Incident ID,2025-11-21 00:00:00,November,A,N,M,35,False,False,PLAINFIELD,00000 I 395 ,41 38 58.9452000000,71 55 50.9880000000,V,B,1.0,0,14-219(c)(1),,False,N,False,False,W,,,,,False,1.0,CTCSP0000,134123530847246484,2025-11-21 10:06:38.743000,10:06:38.743000,2025,,,Speed Related,2025
2026-01-08 08:38:32.127000,8051293.0,CTCSP0500,CSP Troop D,Racial Profile,1000002266,2500411712,Incident ID,2025-11-21 00:00:00,November,W,N,M,63,False,False,PLAINFIELD,"00000 I 395  (PLAINFIELD, T109)",41 39 18.9324000000,71 55 29.6400000000,V,B,1.0,0,14-222,,False,N,False,False,M,,,,,False,1.0,CTCSP0000,134123530847246484,2025-11-21 10:33:16.030000,10:33:16.030000,2025,,,Speed Related,2025
2026-01-08 08:38:37.003000,8052803.0,CTCSP0500,CSP Troop D,Racial Profile,1000002266,2500411758,Incident ID,2025-11-21 00:00:00,November,B,N,M,21,True,False,PLAINFIELD,nb 28,41 39 18.9324000000,71 55 29.6400000000,V,B,1.0,0,14-222,,False,N,False,False,M,,,,,False,1.0,CTCSP0000,134123530847246484,2025-11-21 11:17:20.813000,11:17:20.813000,2025,,,Speed Related,2025
2026-01-08 08:38:35.607000,8052334.0,CTCSP0500,CSP Troop D,Racial Profile,1000002266,2500411809,Incident ID,2025-11-21 00:00:00,November,W,N,M,31,True,False,PLAINFIELD,00000 I 395 ,41 39 18.9324000000,71 55 29.6400000000,V,B,1.0,0,14-219(c)(1),,False,N,False,False,W,,,,,False,1.0,CTCSP0000,134123530847246484,2025-11-21 12:19:46.363000,12:19:46.363000,2025,,,Speed Related,2025
2026-01-08 08:38:38.883000,8053378.0,CTCSP0500,CSP Troop D,Racial Profile,1000004409,2500411894,Incident ID,2025-11-21 00:00:00,November,W,N,M,23,True,False,CHAPLIN,00000 PHOENIXVILLE RD,41 48 2.7324000000,72 7 29.7120000000,V,B,1.0,0,14-230(a),,False,N,False,False,W,,,,,False,1.0,CTCSP0000,134123530847246484,2025-11-21 13:50:23.323000,13:50:23.323000,2025,,,Moving Violation,2025
2026-01-08 08:38:34.517000,8051982.0,CTCSP0500,CSP Troop D,Racial Profile,1000004532,2500411682,Incident ID,2025-11-21 00:00:00,November,W,N,M,52,False,False,PLAINFIELD,"00000 I 395  (PLAINFIELD, T109)",41 40 2.4096000000,71 54 43.4880000000,V,B,1.0,0,14-283b(b(1,,False,N,False,False,W,,,,,False,1.0,CTCSP0000,134123530847246484,2025-11-21 10:10:03.527000,10:10:03.527000,2025,14-283b(b(1,,Other,2025
2026-01-08 08:38:37.903000,8053080.0,CTCSP0500,CSP Troop D,Racial Profile,1000004532,2500411751,Incident ID,2025-11-21 00:00:00,November,W,N,M,31,True,False,PLAINFIELD,"00000 I 395  (PLAINFIELD, T109)",41 39 18.9324000000,71 55 29.6400000000,V,B,1.0,0,14-298,,False,N,False,False,I,,,,,False,1.0,CTCSP0000,134123530847246484,2025-11-21 11:11:56.177000,11:11:56.177000,2025,14-298,,STC Violation,2025
2026-01-08 08:38:48.900000,8056380.0,CTCSP0500,CSP Troop D,Racial Profile,1000004532,2500411813,Incident ID,2025-11-21 00:00:00,November,W,N,M,50,False,False,KILLINGLY,"00000 I 395  (KILLINGLY, T069)",41 46 29.5428000000,71 52 19.0560000000,V,B,1.0,0,14-236,,False,N,False,False,W,,,,,False,1.0,CTCSP0000,134123530847246484,2025-11-21 12:25:34.063000,12:25:34.063000,2025,14-236,,Moving Violation,2025
2026-01-08 08:38:34.920000,8052117.0,CTCSP0500,CSP Troop D,Racial Profile,1000004532,2500411883,Incident ID,2025-11-21 00:00:00,November,W,N,M,21,False,False,PLAINFIELD,"00000 I 395  (PLAINFIELD, T109)",41 44 40.3404000000,71 52 45.7320000000,V,B,1.0,0,14-219(c)(1),,False,N,False,False,I,,,,,False,1.0,CTCSP0000,134123530847246484,2025-11-21 13:32:55.290000,13:32:55.290000,2025,14-219(c)(1),,Speed Related,2025
2026-01-08 08:38:52.797000,8057505.0,CTCSP0500,CSP Troop D,Racial Profile,1000002949,2500413275,Incident ID,2025-11-22 00:00:00,November,W,N,M,42,True,False,BROOKLYN,"RT 6 & STETSON RD (BROOKLYN, T019)",41 46 57.0360000000,71 58 37.9560000000,V,B,1.0,0,14-283b(b(1,,False,N,False,False,I,,,,,False,1.0,CTCSP0000,134123530847246484,2025-11-22 18:03:34.853000,18:03:34.853000,2025,14-219(c)(2),,Other,2025
2026-01-08 08:38:38.627000,8053288.0,CTCSP0500,CSP Troop D,Racial Profile,1000004532,2500412577,Incident ID,2025-11-22 00:00:00,November,W,N,M,53,True,False,BROOKLYN,"00000 PROVIDENCE RD (BROOKLYN, T019)",41 47 44.8044000000,71 55 58.2600000000,V,B,1.0,0,14-96a(a),,False,N,False,False,W,,,,,False,1.0,CTCSP0000,134123530847246484,2025-11-22 01:05:51.520000,01:05:51.520000,2025,14-96a(a),,Defective Lights,2025
2026-01-08 08:38:37.850000,8053064.0,CTCSP0500,CSP Troop D,Racial Profile,1000004671,2500413313,Incident ID,2025-11-22 00:00:00,November,W,N,M,33,True,True,KILLINGLY,"00000  Mechanic St, Danielson, CT",41 48 47.0592000000,71 53 0.7080000000,V,G,1.0,0,14-12(a)*,,False,N,False,False,V,,,,,False,1.0,CTCSP0000,134123530847246484,2025-11-22 19:09:16.270000,19:09:16.270000,2025,,,Registration,2025
2026-01-08 08:38:30.580000,8050818.0,CTCSP0500,CSP Troop D,Racial Profile,1000002949,2500413264,Incident ID,2025-11-22 00:00:00,November,W,N,M,27,True,True,BROOKLYN,"RT 6 & STETSON RD (BROOKLYN, T019)",41 47 0.4848000000,72 0 56.2680000000,V,B,1.0,0,14-219(b),,False,N,False,False,I,,,,,False,1.0,CTCSP0000,134123530847246484,2025-11-22 17:45:10.130000,17:45:10.130000,2025,14-222*,,Speed Related,2025
2026-01-08 08:38:39.850000,8053641.0,CTCSP0500,CSP Troop D,Racial Profile,1000004535,2500412985,Incident ID,2025-11-22 00:00:00,November,W,N,F,19,False,False,PLAINFIELD,00000 I 395 ,41 43 45.1776000000,71 53 21.4800000000,V,B,1.0,0,14-240,,False,N,False,False,W,,,,,False,1.0,CTCSP0000,134123530847246484,2025-11-22 12:36:02.470000,12:36:02.470000,2025,,,Moving Violation,2025
2026-01-08 08:38:39.200000,8053471.0,CTCSP0500,CSP Troop D,Racial Profile,1000004671,2500413268,Incident ID,2025-11-22 00:00:00,November,W,N,F,31,True,True,KILLINGLY,"00000 Upper Maple st, Danielson, CT",41 49 15.7728000000,71 53 35.4120000000,V,G,1.0,0,14-96a(a),,False,N,False,False,V,,,,,False,1.0,CTCSP0000,134123530847246484,2025-11-22 17:52:13.433000,17:52:13.433000,2025,,,Defective Lights,2025
2026-01-08 08:38:32.913000,8051515.0,CTCSP0500,CSP Troop D,Racial Profile,1000004671,2500413144,Incident ID,2025-11-22 00:00:00,November,W,N,F,60,False,False,BROOKLYN,"00000 Providence Rd, Brooklyn, CT",41 48 0.2700000000,71 53 52.8720000000,V,G,1.0,0,14-236,,False,N,False,False,V,,,,,False,1.0,CTCSP0000,134123530847246484,2025-11-22 15:33:40.500000,15:33:40.500000,2025,,,Moving Violation,2025
2026-01-08 08:38:51.920000,8057242.0,CTCSP0500,CSP Troop D,Racial Profile,1000004671,2500413366,Incident ID,2025-11-22 00:00:00,November,W,N,M,61,True,True,KILLINGLY,"00000 Upper Maple St, Danielson, Ct",41 49 15.7728000000,71 53 35.4120000000,V,G,1.0,0,14-218a,,False,N,False,False,V,,,,,False,1.0,CTCSP0000,134123530847246484,2025-11-22 20:30:50.073000,20:30:50.073000,2025,,,Speed Related,2025
2026-01-08 08:38:36.077000,8052508.0,CTCSP0500,CSP Troop D,Racial Profile,1000004409,2500412705,Incident ID,2025-11-22 00:00:00,November,W,N,M,40,True,False,BROOKLYN,"00000 HARTFORD RD (BROOKLYN, T019)",41 47 5.7336000000,71 59 33.1800000000,V,B,1.0,0,14-298,,False,N,False,False,I,,,,,False,1.0,CTCSP0000,134123530847246484,2025-11-22 06:44:26.333000,06:44:26.333000,2025,,,STC Violation,2025
2026-01-08 08:38:34.387000,8051951.0,CTCSP0500,CSP Troop D,Racial Profile,1000003919,2500413973,Incident ID,2025-11-23 00:00:00,November,W,N,M,18,True,False,KILLINGLY,killingly commons shopping plaza,41 50 29.5220760000,71 52 59.0352240000,V,B,1.0,0,14-243a,,False,N,False,False,W,,,,,False,1.0,CTCSP0000,134123530847246484,2025-11-23 13:46:07.173000,13:46:07.173000,2025,,,Moving Violation,2025
2026-01-08 08:38:35.093000,8052172.0,CTCSP0500,CSP Troop D,Racial Profile,1000004675,2500414014,Incident ID,2025-11-23 00:00:00,November,W,N,M,35,True,False,KILLINGLY,00000 MAIN ST,41 48 22.1832000000,71 52 57.2520000000,V,G,1.0,0,14-12(a)*,,False,N,False,False,W,,,,,False,1.0,CTCSP0000,134123530847246484,2025-11-23 14:52:43.520000,14:52:43.520000,2025,,,Registration,2025
2026-01-08 08:38:38.710000,8053316.0,CTCSP0500,CSP Troop D,Racial Profile,1000001947,2500415483,Incident ID,2025-11-24 00:00:00,November,W,H,M,44,True,True,KILLINGLY,00000 MAIN ST,41 48 12.0960000000,71 53 8.7360000000,I,B,1.0,0,14-12(a),,False,N,False,False,W,,,,,False,1.0,CTCSP0000,134123530847246484,2025-11-24 16:58:26.843000,16:58:26.843000,2025,,,Registration,2025
2026-01-08 08:38:42.037000,8054406.0,CTCSP0500,CSP Troop D,Racial Profile,1000004671,2500415817,Incident ID,2025-11-24 00:00:00,November,W,N,M,18,True,False,BROOKLYN,"00000 PROVIDENCE RD (BROOKLYN, T019)",41 47 50.7552000000,71 54 33.1920000000,V,G,1.0,0,14-218a,,False,N,False,False,I,,,,,False,1.0,CTCSP0000,134123530847246484,2025-11-24 22:59:52.400000,22:59:52.400000,2025,,,Speed Related,2025
2026-01-08 08:38:45.663000,8055434.0,CTCSP0500,CSP Troop D,Racial Profile,1000004259,2500414443,Incident ID,2025-11-24 00:00:00,November,W,H,M,31,False,False,WOODSTOCK,00000 RT 171 ,41 55 58.7856000000,71 57 18.5760000000,V,B,1.0,0,14-298,,False,N,False,False,W,,,,,False,1.0,CTCSP0000,134123530847246484,2025-11-24 01:13:26.820000,01:13:26.820000,2025,14-298,,STC Violation,2025
2026-01-08 08:38:40.863000,8054002.0,CTCSP0500,CSP Troop D,Racial Profile,1000004259,2500415866,Incident ID,2025-11-24 00:00:00,November,W,N,M,23,True,True,WOODSTOCK,00000 RT 171 ,41 55 58.7856000000,71 57 18.5760000000,V,B,1.0,0,14-218a,,False,N,False,False,W,,,,,False,1.0,CTCSP0000,134123530847246484,2025-11-24 23:58:30.170000,23:58:30.170000,2025,,,Speed Related,2025
2026-01-08 08:38:47.237000,8055921.0,CTCSP0500,CSP Troop D,Racial Profile,1000004858,2500414501,Incident ID,2025-11-24 00:00:00,November,W,N,M,19,True,True,KILLINGLY,00000 RT 6 ,41 47 50.2656000000,71 53 5.5320000000,V,G,1.0,0,14-219(c)(1),,False,N,False,False,W,,,,,False,1.0,CTCSP0000,134123530847246484,2025-11-24 04:47:14.483000,04:47:14.483000,2025,,,Speed Related,2025
2026-01-08 08:38:33.947000,8051842.0,CTCSP0500,CSP Troop D,Racial Profile,1000004534,2500415811,Incident ID,2025-11-24 00:00:00,November,W,N,F,24,True,True,WOODSTOCK,00000 RT 171 ,41 55 59.2968000000,71 56 3.2280000000,V,G,1.0,0,14-218a,,False,N,False,False,W,,,,,False,1.0,CTCSP0000,134123530847246484,2025-11-24 22:57:03.243000,22:57:03.243000,2025,,,Speed Related,2025
2026-01-08 08:38:32.700000,8051454.0,CTCSP0500,CSP Troop D,Racial Profile,1000004671,2500415846,Incident ID,2025-11-24 00:00:00,November,W,H,M,57,True,False,HAMPTON,"00000 Hartford Tpke, Hampton, CT",41 46 9.3000000000,72 5 25.5480000000,V,G,1.0,0,14-218a,,False,N,False,False,V,,,,,False,1.0,CTCSP0000,134123530847246484,2025-11-24 23:30:33.880000,23:30:33.880000,2025,,,Speed Related,2025
2026-01-08 08:38:41.187000,8054119.0,CTCSP0500,CSP Troop D,Racial Profile,1000004675,2500415474,Incident ID,2025-11-24 00:00:00,November,W,N,M,50,True,False,PUTNAM,s. main st putnam,41 54 32.8932000000,71 54 11.0160000000,V,G,1.0,0,14-12(a)*,,False,N,False,False,I,,,,,False,1.0,CTCSP0000,134123530847246484,2025-11-24 16:44:50.550000,16:44:50.550000,2025,,,Registration,2025
2026-01-08 08:38:35.430000,8052275.0,CTCSP0500,CSP Troop D,Racial Profile,1000004534,2500415785,Incident ID,2025-11-24 00:00:00,November,W,N,M,45,True,True,WOODSTOCK,00000 RT 171 ,41 56 0.9564000000,71 56 16.1160000000,V,G,1.0,0,14-218a,,False,N,False,False,W,,,,,False,1.0,CTCSP0000,134123530847246484,2025-11-24 22:39:19.977000,22:39:19.977000,2025,,,Speed Related,2025
2026-01-08 08:38:45.213000,8055327.0,CTCSP0500,CSP Troop D,Racial Profile,1000004777,2500415878,Incident ID,2025-11-25 00:00:00,November,W,N,F,37,False,False,THOMPSON,"00000 RAMP 53 I 395 N  (THOMPSON, T141)",42 0 30.7440000000,71 51 12.4920000000,V,B,1.0,0,14-219c,,False,N,False,False,I,,,,,False,1.0,CTCSP0000,134123530847246484,2025-11-25 00:16:34.473000,00:16:34.473000,2025,,,Speed Related,2025
2026-01-08 08:38:53.233000,8057631.0,CTCSP0500,CSP Troop D,Racial Profile,1000004858,2500415976,Incident ID,2025-11-25 00:00:00,November,B,N,M,35,True,False,PLAINFIELD,00000 I 395 ,41 40 15.3984000000,71 54 35.2800000000,V,G,1.0,0,14-219(c)(1),,False,N,False,False,W,,,,,False,1.0,CTCSP0000,134123530847246484,2025-11-25 03:59:03.020000,03:59:03.020000,2025,,,Speed Related,2025
2026-01-08 08:38:48.203000,8056171.0,CTCSP0500,CSP Troop D,Racial Profile,1000004532,2500416315,Incident ID,2025-11-25 00:00:00,November,A,N,M,34,True,False,PLAINFIELD,00000 I 395 ,41 44 4.8300000000,71 53 0.6360000000,V,B,1.0,0,14-219(c)(1),,False,N,False,False,W,,,,,False,1.0,CTCSP0000,134123530847246484,2025-11-25 09:21:33.110000,09:21:33.110000,2025,14-219(c)(1),,Speed Related,2025
2026-01-08 08:38:40.837000,8053991.0,CTCSP0500,CSP Troop D,Racial Profile,1000004535,2500416058,Incident ID,2025-11-25 00:00:00,November,W,N,F,52,True,True,PLAINFIELD,00000 I 395 ,41 40 9.3360000000,71 54 38.4480000000,V,B,1.0,0,14-233,,False,N,False,False,W,,,,,False,1.0,CTCSP0000,134123530847246484,2025-11-25 06:55:05.007000,06:55:05.007000,2025,,,Moving Violation,2025
2026-01-08 08:38:38.800000,8053350.0,CTCSP0500,CSP Troop D,Racial Profile,1000004777,2500417191,Incident ID,2025-11-25 00:00:00,November,W,N,M,22,True,False,PLAINFIELD,"00000 I 395  (PLAINFIELD, T109)",41 45 36.6876000000,71 52 25.9680000000,V,B,1.0,0,14-219(c)(1),,False,N,False,False,I,,,,,False,1.0,CTCSP0000,134123530847246484,2025-11-25 22:46:56.413000,22:46:56.413000,2025,,,Speed Related,2025
2026-01-08 08:38:31.857000,8051217.0,CTCSP0500,CSP Troop D,Racial Profile,1000004405,2500416875,Incident ID,2025-11-25 00:00:00,November,W,N,M,28,True,True,KILLINGLY,00000 REYNOLDS ST,41 48 25.6140000000,71 52 47.7120000000,V,B,1.0,0,14-213b,,False,N,False,False,W,,,,,False,1.0,CTCSP0000,134123530847246484,2025-11-25 15:57:42.067000,15:57:42.067000,2025,,,Administrative Offense,2025
2026-01-08 08:38:33.550000,8051710.0,CTCSP0500,CSP Troop D,Racial Profile,1000002753,2500417977,Incident ID,2025-11-26 00:00:00,November,W,N,M,56,True,False,BROOKLYN,"00000 S MAIN ST (BROOKLYN, T019)",41 48 5.7636000000,71 53 22.7760000000,V,B,1.0,0,14-218a,,False,N,False,False,V,,,,,False,1.0,CTCSP0000,134123530847246484,2025-11-26 13:18:27.097000,13:18:27.097000,2025,,,Speed Related,2025
2026-01-08 08:38:34.117000,8051873.0,CTCSP0500,CSP Troop D,Racial Profile,1000004405,2500418323,Incident ID,2025-11-26 00:00:00,November,W,N,M,27,True,True,KILLINGLY,00000 NORTH ST,41 49 5.8008000000,71 53 18.2760000000,V,B,1.0,0,14-12(a)*,,False,N,False,False,W,,,,,False,1.0,CTCSP0000,134123530847246484,2025-11-26 17:04:11.163000,17:04:11.163000,2025,,,Registration,2025
2026-01-08 08:38:36.360000,8052590.0,CTCSP0500,CSP Troop D,Racial Profile,1000001947,2500418478,Incident ID,2025-11-26 00:00:00,November,B,N,M,46,False,False,PLAINFIELD,00000 I 395 ,41 41 35.0736000000,71 54 18.0000000000,V,B,1.0,0,14-230(a),,False,N,False,False,W,,,,,False,1.0,CTCSP0000,134123530847246484,2025-11-26 19:24:14.577000,19:24:14.577000,2025,,,Moving Violation,2025
2026-01-08 08:38:40.587000,8053895.0,CTCSP0500,CSP Troop D,Racial Profile,1000002266,2500418565,Incident ID,2025-11-26 00:00:00,November,W,H,F,20,True,True,PLAINFIELD,00000 I 395 ,41 39 18.9324000000,71 55 29.6400000000,V,B,1.0,0,14-219(c)(1),,False,N,False,False,W,,,,,False,1.0,CTCSP0000,134123530847246484,2025-11-26 20:55:53.127000,20:55:53.127000,2025,,,Speed Related,2025
2026-01-08 08:38:31.223000,8051000.0,CTCSP0500,CSP Troop D,Racial Profile,1000004402,2500417470,Incident ID,2025-11-26 00:00:00,November,W,N,M,60,True,False,EASTFORD,00000 POMFRET RD,41 52 17.8932000000,72 3 38.1960000000,V,B,1.0,0,14-232(a)(1),,False,N,False,False,W,,,,,False,1.0,CTCSP0000,134123530847246484,2025-11-26 07:29:27.047000,07:29:27.047000,2025,,,Moving Violation,2025
2026-01-08 08:38:40.550000,8053882.0,CTCSP0500,CSP Troop D,Racial Profile,1000002949,2500419103,Incident ID,2025-11-27 00:00:00,November,W,N,F,26,False,False,KILLINGLY,00000 EXIT 38 I 395 N ,41 47 55.1580000000,71 52 26.6880000000,V,B,1.0,0,14-219(c)(1),,False,N,False,False,W,,,,,False,1.0,CTCSP0000,134123530847246484,2025-11-27 10:48:47.007000,10:48:47.007000,2025,14-222*,,Speed Related,2025
2026-01-08 08:38:48.587000,8056285.0,CTCSP0500,CSP Troop D,Racial Profile,1000002949,2500419238,Incident ID,2025-11-27 00:00:00,November,W,N,F,21,False,False,EASTFORD,RT 44 & RT 198,41 52 42.3048000000,72 5 30.5880000000,V,G,1.0,0,14-230(a),,False,N,False,False,W,,,,,False,1.0,CTCSP0000,134123530847246484,2025-11-27 14:43:35.240000,14:43:35.240000,2025,14-240(b,,Moving Violation,2025
2026-01-08 08:38:36.580000,8052673.0,CTCSP0500,CSP Troop D,Racial Profile,1000002949,2500419121,Incident ID,2025-11-27 00:00:00,November,W,N,M,16,False,False,THOMPSON,"N I 395; Exit 50  (THOMPSON, T141)",41 58 27.0516000000,71 51 52.2720000000,V,B,1.0,0,14-219(c)(1),,False,N,False,False,I,,,,,False,1.0,CTCSP0000,134123530847246484,2025-11-27 11:22:23.923000,11:22:23.923000,2025,14-222*,,Speed Related,2025
2026-01-08 08:38:50.927000,8056957.0,CTCSP0500,CSP Troop D,Racial Profile,1000004777,2500418755,Incident ID,2025-11-27 00:00:00,November,A,N,F,30,False,False,KILLINGLY,"00000 I 395  (KILLINGLY, T069)",41 50 33.4032000000,71 52 44.0760000000,V,B,1.0,0,14-219(c)(1),,False,N,False,False,I,,,,,False,1.0,CTCSP0000,134123530847246484,2025-11-27 00:43:56.800000,00:43:56.800000,2025,,,Speed Related,2025
2026-01-08 08:38:33.433000,8051679.0,CTCSP0500,CSP Troop D,Racial Profile,1000004042,2500418940,Incident ID,2025-11-27 00:00:00,November,W,H,F,23,False,False,KILLINGLY,"00000 ACADEMY ST (KILLINGLY, T069)",41 48 22.1832000000,71 52 57.2520000000,V,G,2.0,0,14-301,,False,N,False,False,I,,,,,False,1.0,CTCSP0000,134123530847246484,2025-11-27 07:10:20.417000,07:10:20.417000,2025,,,Stop Sign,2025
2026-01-08 08:38:48.037000,8056144.0,CTCSP0500,CSP Troop D,Racial Profile,1000004777,2500418761,Incident ID,2025-11-27 00:00:00,November,A,N,F,41,False,False,PUTNAM,"00000 I 395  (PUTNAM, T116)",41 54 13.0752000000,71 53 48.6240000000,V,B,1.0,0,14-283b(b(1,,False,N,False,False,I,,,,,False,1.0,CTCSP0000,134123530847246484,2025-11-27 00:55:21.127000,00:55:21.127000,2025,,,Other,2025
2026-01-08 08:38:51.207000,8057016.0,CTCSP0500,CSP Troop D,Racial Profile,1000004777,2500418771,Incident ID,2025-11-27 00:00:00,November,A,N,M,38,False,False,PUTNAM,"00000 RAMP 47 I 395 N  (PUTNAM, T116)",41 55 29.8344000000,71 52 59.8080000000,V,B,1.0,0,14-283b(b(1,,False,N,False,False,I,,,,,False,1.0,CTCSP0000,134123530847246484,2025-11-27 01:05:53.437000,01:05:53.437000,2025,,,Other,2025
2026-01-08 08:38:45.813000,8055477.0,CTCSP0500,CSP Troop D,Racial Profile,1000004799,2500418777,Incident ID,2025-11-27 00:00:00,November,A,N,F,26,False,False,PUTNAM,"00000 I 395  (PUTNAM, T116)",41 55 41.4300000000,71 52 54.3720000000,V,B,1.0,0,14-219(c)(1),,False,N,False,False,I,,,,,False,1.0,CTCSP0000,134123530847246484,2025-11-27 01:13:18.413000,01:13:18.413000,2025,,,Speed Related,2025
2026-01-08 08:38:37.557000,8052969.0,CTCSP0500,CSP Troop D,Racial Profile,1000004858,2500418859,Incident ID,2025-11-27 00:00:00,November,W,H,M,45,True,False,HAMPTON,"00000 HARTFORD TPKE (HAMPTON, T063)",41 46 13.8684000000,72 3 46.7280000000,V,G,1.0,0,14-298,,False,N,False,False,I,,,,,False,1.0,CTCSP0000,134123530847246484,2025-11-27 04:17:13.690000,04:17:13.690000,2025,14-298,,STC Violation,2025
2026-01-08 08:38:32.693000,8051451.0,CTCSP0500,CSP Troop D,Racial Profile,1000004964,2500419241,Incident ID,2025-11-27 00:00:00,November,B,N,F,49,False,False,KILLINGLY,"00000 I 395  (KILLINGLY, T069)",41 49 12.6876000000,71 52 14.0160000000,V,B,1.0,0,14-219,,False,N,False,False,W,,,,,False,1.0,CTCSP0000,134123530847246484,2025-11-27 14:46:44.490000,14:46:44.490000,2025,14-219,,Speed Related,2025
2026-01-08 08:38:44.140000,8055033.0,CTCSP0500,CSP Troop D,Racial Profile,1000004964,2500419364,Incident ID,2025-11-27 00:00:00,November,B,N,F,36,True,True,PUTNAM,"00000 KENNEDY DR (PUTNAM, T116)",41 54 14.1120000000,71 54 11.1240000000,V,B,1.0,0,14-213b,,False,N,False,False,W,,,,,False,1.0,CTCSP0000,134123530847246484,2025-11-27 19:45:32.030000,19:45:32.030000,2025,14-213b,,Administrative Offense,2025
2026-01-08 08:38:52.957000,8057566.0,CTCSP0500,CSP Troop D,Racial Profile,1000005069,2500418762,Incident ID,2025-11-27 00:00:00,November,A,N,M,23,False,False,,Governor John Davis Lodge Tpke,0 0 0.0000000000,0 0 0.0000000000,V,G,1.0,0,14-219(c)(1),,False,N,False,False,W,,,,,False,1.0,CTCSP0000,134123530847246484,2025-11-27 00:57:25.390000,00:57:25.390000,2025,,,Speed Related,2025
2026-01-08 08:38:52.270000,8057337.0,CTCSP0500,CSP Troop D,Racial Profile,1000005069,2500418781,Incident ID,2025-11-27 00:00:00,November,A,N,M,21,False,False,KILLINGLY,"00000 GOVERNOR JOHN DAVIS LODGE TPKE (KILLINGLY, T069)",41 46 24.3120000000,71 51 12.2040000000,V,G,1.0,0,14-219(c)(1),,False,N,False,False,W,,,,,False,1.0,CTCSP0000,134123530847246484,2025-11-27 01:15:26.503000,01:15:26.503000,2025,,,Speed Related,2025
2026-01-08 08:38:30.443000,8050779.0,CTCSP0500,CSP Troop D,Racial Profile,1000004777,2500418783,Incident ID,2025-11-27 00:00:00,November,A,N,F,37,False,False,THOMPSON,"00000 I 395  (THOMPSON, T141)",41 56 49.8192000000,71 52 50.8440000000,V,B,1.0,0,14-283b(b(1,,False,N,False,False,I,,,,,False,1.0,CTCSP0000,134123530847246484,2025-11-27 01:16:35.210000,01:16:35.210000,2025,,,Other,2025
2026-01-08 08:38:40.447000,8053850.0,CTCSP0500,CSP Troop D,Racial Profile,1000004799,2500418757,Incident ID,2025-11-27 00:00:00,November,A,N,M,29,False,False,KILLINGLY,"00000 I 395  (KILLINGLY, T069)",41 52 37.8336000000,71 53 39.4440000000,V,B,1.0,0,14-283b(b(1,,False,N,False,False,I,,,,,False,1.0,CTCSP0000,134123530847246484,2025-11-27 00:48:27.200000,00:48:27.200000,2025,,,Other,2025
2026-01-08 08:38:38.343000,8053198.0,CTCSP0500,CSP Troop D,Racial Profile,1000004799,2500418766,Incident ID,2025-11-27 00:00:00,November,A,N,M,27,False,False,PUTNAM,"00000 I 395  (PUTNAM, T116)",41 53 47.8356000000,71 53 52.7640000000,V,B,1.0,0,14-283b(b(1,,False,N,False,False,I,,,,,False,1.0,CTCSP0000,134123530847246484,2025-11-27 01:01:18.270000,01:01:18.270000,2025,,,Other,2025
2026-01-08 08:38:52.477000,8057404.0,CTCSP0500,CSP Troop D,Racial Profile,1000004858,2500418801,Incident ID,2025-11-27 00:00:00,November,W,N,F,22,False,False,HAMPTON,00000 HARTFORD TPKE,41 46 13.8684000000,72 3 46.7280000000,V,G,1.0,0,14-219(b),,False,N,False,False,W,,,,,False,1.0,CTCSP0000,134123530847246484,2025-11-27 01:51:39.637000,01:51:39.637000,2025,,,Speed Related,2025
2026-01-08 08:38:42.690000,8054595.0,CTCSP0500,CSP Troop D,Racial Profile,1000002266,2500420233,Incident ID,2025-11-28 00:00:00,November,W,N,M,69,False,False,PLAINFIELD,00000 I 395 ,41 39 18.9324000000,71 55 29.6400000000,V,B,1.0,0,14-219(c)(1),,False,N,False,False,W,,,,,False,1.0,CTCSP0000,134123530847246484,2025-11-28 16:28:23.557000,16:28:23.557000,2025,,,Speed Related,2025
2026-01-08 08:38:39.870000,8053648.0,CTCSP0500,CSP Troop D,Racial Profile,1000002266,2500420360,Incident ID,2025-11-28 00:00:00,November,B,N,M,63,True,False,BROOKLYN,"00000 PROVIDENCE RD (BROOKLYN, T019)",41 47 57.7824000000,71 54 3.0960000000,V,B,1.0,0,14-12(a)*,,False,N,False,False,I,,,,,False,1.0,CTCSP0000,134123530847246484,2025-11-28 18:49:20.620000,18:49:20.620000,2025,,,Registration,2025
2026-01-08 08:38:46.457000,8055692.0,CTCSP0500,CSP Troop D,Racial Profile,1000004409,2500420303,Incident ID,2025-11-28 00:00:00,November,W,N,M,30,True,False,HAMPTON,"00000 HARTFORD TPKE (HAMPTON, T063)",41 46 12.3924000000,72 3 44.1360000000,V,B,1.0,0,14-298,,False,N,False,False,I,,,,,False,1.0,CTCSP0000,134123530847246484,2025-11-28 17:38:08.530000,17:38:08.530000,2025,,,STC Violation,2025
2026-01-08 08:38:35.387000,8052265.0,CTCSP0500,CSP Troop D,Racial Profile,1000002266,2500420264,Incident ID,2025-11-28 00:00:00,November,W,N,M,37,False,False,PLAINFIELD,NB 28,41 39 18.9324000000,71 55 29.6400000000,V,B,3.0,1,14-222,,False,N,False,True,U,,,,,False,1.0,CTCSP0000,134123530847246484,2025-11-28 16:51:25.867000,16:51:25.867000,2025,,,Speed Related,2025
2026-01-08 08:38:35.313000,8052240.0,CTCSP0500,CSP Troop D,Racial Profile,1000002266,2500420216,Incident ID,2025-11-28 00:00:00,November,W,N,M,20,True,False,PLAINFIELD,"00000 I 395  (PLAINFIELD, T109)",41 38 44.3436000000,71 56 3.5520000000,V,B,1.0,0,14-222,,False,N,False,False,M,,,,,False,1.0,CTCSP0000,134123530847246484,2025-11-28 16:12:38.470000,16:12:38.470000,2025,,,Speed Related,2025
2026-01-08 08:38:50.933000,8056960.0,CTCSP0500,CSP Troop D,Racial Profile,1000002266,2500420247,Incident ID,2025-11-28 00:00:00,November,W,N,M,55,False,False,PLAINFIELD,00000 I 395 ,41 39 18.9324000000,71 55 29.6400000000,V,B,1.0,0,14-219(c)(1),,False,N,False,False,W,,,,,False,1.0,CTCSP0000,134123530847246484,2025-11-28 16:40:57,16:40:57,2025,,,Speed Related,2025
2026-01-08 08:38:45.243000,8055335.0,CTCSP0500,CSP Troop D,Racial Profile,1000003380,2500420121,Incident ID,2025-11-28 00:00:00,November,W,N,M,61,False,False,EASTFORD,00000 POMFRET RD,41 52 26.1516000000,72 4 6.6720000000,V,G,1.0,0,14-218a,,False,N,False,False,W,,,,,False,1.0,CTCSP0000,134123530847246484,2025-11-28 14:39:11.963000,14:39:11.963000,2025,,,Speed Related,2025
2026-01-08 08:38:43.257000,8054757.0,CTCSP0500,CSP Troop D,Racial Profile,1000002266,2500420432,Incident ID,2025-11-28 00:00:00,November,W,H,M,34,False,False,PLAINFIELD,nb 28,41 39 18.9324000000,71 55 29.6400000000,V,B,1.0,0,14-222,,False,N,False,False,V,,,,,False,1.0,CTCSP0000,134123530847246484,2025-11-28 20:39:43.577000,20:39:43.577000,2025,,,Speed Related,2025
2026-01-08 08:38:36.490000,8052641.0,CTCSP0500,CSP Troop D,Racial Profile,1000002949,2500420081,Incident ID,2025-11-28 00:00:00,November,W,N,F,19,True,False,KILLINGLY,"N I 395; Exit 38  (KILLINGLY, T069)",41 48 8.4744000000,71 52 21.2160000000,V,B,1.0,0,14-219(c)(1),,False,N,False,False,I,,,,,False,1.0,CTCSP0000,134123530847246484,2025-11-28 13:55:45.980000,13:55:45.980000,2025,14-222*,,Speed Related,2025
2026-01-08 08:38:37.520000,8052957.0,CTCSP0500,CSP Troop D,Racial Profile,1000004409,2500420317,Incident ID,2025-11-28 00:00:00,November,B,N,M,37,False,False,HAMPTON,rt 6,41 46 13.5552000000,72 2 46.6800000000,V,B,1.0,0,14-218,,False,N,False,False,V,,,,,False,1.0,CTCSP0000,134123530847246484,2025-11-28 17:53:51.883000,17:53:51.883000,2025,,,Speed Related,2025
2026-01-08 08:38:35.693000,8052368.0,CTCSP0500,CSP Troop D,Racial Profile,1000002266,2500421384,Incident ID,2025-11-29 00:00:00,November,W,N,M,60,False,False,PLAINFIELD,00000 I 395 ,41 39 29.8584000000,71 55 17.9040000000,V,B,1.0,0,14-219(c)(1),,False,N,False,False,W,,,,,False,1.0,CTCSP0000,134123530847246484,2025-11-29 17:41:48.700000,17:41:48.700000,2025,,,Speed Related,2025
2026-01-08 08:38:42.400000,8054509.0,CTCSP0500,CSP Troop D,Racial Profile,1000002266,2500421398,Incident ID,2025-11-29 00:00:00,November,W,N,M,50,True,False,PLAINFIELD,00000 I 395 ,41 39 43.1532000000,71 55 3.6120000000,V,B,1.0,0,14-219(c)(1),,False,N,False,False,W,,,,,False,1.0,CTCSP0000,134123530847246484,2025-11-29 17:57:43.600000,17:57:43.600000,2025,,,Speed Related,2025
2026-01-08 08:38:32.123000,8051292.0,CTCSP0500,CSP Troop D,Racial Profile,1000002266,2500421411,Incident ID,2025-11-29 00:00:00,November,B,N,M,55,False,False,PLAINFIELD,00000 I 395 ,41 39 43.1532000000,71 55 3.6120000000,V,B,1.0,0,14-219(c)(1),,False,N,False,False,W,,,,,False,1.0,CTCSP0000,134123530847246484,2025-11-29 18:08:44.923000,18:08:44.923000,2025,,,Speed Related,2025
2026-01-08 08:38:49.527000,8056562.0,CTCSP0500,CSP Troop D,Racial Profile,1000002266,2500421416,Incident ID,2025-11-29 00:00:00,November,W,N,M,69,True,True,PLAINFIELD,00000 NORWICH RD,41 40 4.5120000000,71 54 55.2960000000,V,B,1.0,0,14-299,,False,N,False,False,W,,,,,False,1.0,CTCSP0000,134123530847246484,2025-11-29 18:16:50.077000,18:16:50.077000,2025,,,Traffic Control Signal,2025
2026-01-08 08:38:44.890000,8055258.0,CTCSP0500,CSP Troop D,Racial Profile,1000002266,2500421535,Incident ID,2025-11-29 00:00:00,November,B,N,M,36,False,False,PLAINFIELD,"00000 I 395  (PLAINFIELD, T109)",41 39 43.1532000000,71 55 3.6120000000,V,B,1.0,0,14-222,,False,N,False,False,M,,,,,False,1.0,CTCSP0000,134123530847246484,2025-11-29 21:15:21.080000,21:15:21.080000,2025,,,Speed Related,2025
2026-01-08 08:38:37.607000,8052984.0,CTCSP0500,CSP Troop D,Racial Profile,1000002266,2500421558,Incident ID,2025-11-29 00:00:00,November,W,N,M,33,True,True,PLAINFIELD,"00000 I 395  (PLAINFIELD, T109)",41 39 29.8584000000,71 55 17.9040000000,V,B,1.0,0,14-222,,False,N,False,False,M,,,,,False,1.0,CTCSP0000,134123530847246484,2025-11-29 21:38:52.970000,21:38:52.970000,2025,,,Speed Related,2025
2026-01-08 08:38:51.040000,8056984.0,CTCSP0500,CSP Troop D,Racial Profile,1000002266,2500421356,Incident ID,2025-11-29 00:00:00,November,W,N,F,23,True,False,PLAINFIELD,n/b 28,41 39 29.8584000000,71 55 17.9040000000,V,B,1.0,0,14-222,,False,N,False,False,M,,,,,False,1.0,CTCSP0000,134123530847246484,2025-11-29 17:20:10.177000,17:20:10.177000,2025,,,Speed Related,2025
2026-01-08 08:38:39.783000,8053617.0,CTCSP0500,CSP Troop D,Racial Profile,1000004777,2500420777,Incident ID,2025-11-29 00:00:00,November,W,N,M,56,True,True,CANTERBURY,169 sb x rt 14,41 40 54.5628000000,71 57 59.2200000000,V,B,1.0,0,14-301,,False,N,False,False,V,,,,,False,1.0,CTCSP0000,134123530847246484,2025-11-29 04:56:59.617000,04:56:59.617000,2025,,,Stop Sign,2025
2026-01-08 08:38:42.800000,8054623.0,CTCSP0500,CSP Troop D,Racial Profile,1000004964,2500420776,Incident ID,2025-11-29 00:00:00,November,W,N,M,27,True,True,KILLINGLY,"00000 I 395  (KILLINGLY, T069)",41 51 46.2672000000,71 53 10.5720000000,V,B,1.0,0,14-219,,False,N,False,False,W,,,,,False,1.0,CTCSP0000,134123530847246484,2025-11-29 04:50:30.660000,04:50:30.660000,2025,14-12(a)*,,Speed Related,2025
2026-01-08 08:38:53.550000,8057721.0,CTCSP0500,CSP Troop D,Racial Profile,1000004975,2500421131,Incident ID,2025-11-29 00:00:00,November,A,M,M,61,False,False,PUTNAM,00000 I 395 ,41 54 15.3972000000,71 53 47.1840000000,V,G,1.0,0,14-218a,,False,N,False,False,W,,,,,False,1.0,CTCSP0000,134123530847246484,2025-11-29 13:58:29.617000,13:58:29.617000,2025,,,Speed Related,2025
2026-01-08 08:38:41.260000,8054145.0,CTCSP0500,CSP Troop D,Racial Profile,1000004777,2500420770,Incident ID,2025-11-29 00:00:00,November,W,H,M,64,True,False,PLAINFIELD,00000 CANTERBURY RD,41 41 19.4928000000,71 57 0.1800000000,V,B,1.0,0,14-301,,False,N,False,False,W,,,,,False,1.0,CTCSP0000,134123530847246484,2025-11-29 04:28:22.480000,04:28:22.480000,2025,,,Stop Sign,2025
2026-01-08 08:38:31.467000,8051078.0,CTCSP0500,CSP Troop D,Racial Profile,1000002753,2500421667,Incident ID,2025-11-29 00:00:00,November,W,N,M,18,False,False,PLAINFIELD,i395 nb,41 42 5.4828000000,71 54 4.6080000000,V,B,1.0,0,14-230,,False,N,False,False,V,,,,,False,1.0,CTCSP0000,134123530847246484,2025-11-29 23:43:38.990000,23:43:38.990000,2025,,,Moving Violation,2025
2026-01-08 08:38:34.740000,8052057.0,CTCSP0500,CSP Troop D,Racial Profile,1000004532,2500421195,Incident ID,2025-11-29 00:00:00,November,W,N,F,68,True,False,BROOKLYN,"00000 S MAIN ST (BROOKLYN, T019)",41 47 54.7080000000,71 54 11.8440000000,V,B,1.0,0,14-299,,False,N,False,False,W,,,,,False,1.0,CTCSP0000,134123530847246484,2025-11-29 15:02:00.727000,15:02:00.727000,2025,14-299,,Traffic Control Signal,2025
2026-01-08 08:38:39.017000,8053429.0,CTCSP0500,CSP Troop D,Racial Profile,1000004259,2500422547,Incident ID,2025-11-30 00:00:00,November,W,N,M,41,False,False,PUTNAM,00000 RAMP 46 I 395 N ,41 54 33.9660000000,71 53 25.2600000000,V,B,1.0,0,14-219(c)(1),,False,N,False,False,W,,,,,False,1.0,CTCSP0000,134123530847246484,2025-11-30 23:40:56.593000,23:40:56.593000,2025,,,Speed Related,2025
2026-01-08 08:38:49.097000,8056441.0,CTCSP0500,CSP Troop D,Racial Profile,1000004799,2500421705,Incident ID,2025-11-30 00:00:00,November,B,N,M,30,True,False,HAMPTON,00000 PROVIDENCE TPKE,41 46 3.6120000000,72 3 3.7080000000,V,B,1.0,0,14-218a,,False,N,False,False,W,,,,,False,1.0,CTCSP0000,134123530847246484,2025-11-30 00:28:42.953000,00:28:42.953000,2025,,,Speed Related,2025
2026-01-08 08:38:38.850000,8053369.0,CTCSP0500,CSP Troop D,Racial Profile,1000004671,2500422380,Incident ID,2025-11-30 00:00:00,November,W,N,M,50,True,True,KILLINGLY,"00000 Maple St, Danielson, CT",41 48 10.0908000000,71 53 13.4880000000,V,G,1.0,0,14-96a(a),,False,N,False,False,V,,,,,False,1.0,CTCSP0000,134123530847246484,2025-11-30 18:49:01.967000,18:49:01.967000,2025,,,Defective Lights,2025
2026-01-08 08:38:48.887000,8056374.0,CTCSP0500,CSP Troop D,Racial Profile,1000004799,2500421699,Incident ID,2025-11-30 00:00:00,November,W,N,M,18,True,False,HAMPTON,00000 PROVIDENCE TPKE,41 46 3.6120000000,72 3 3.7080000000,V,B,1.0,0,14-218a,,False,N,False,False,W,,,,,False,1.0,CTCSP0000,134123530847246484,2025-11-30 00:21:22.260000,00:21:22.260000,2025,,,Speed Related,2025
2026-01-26 14:42:13.320000,8153771.0,CTCSP0500,CSP Troop D,Racial Profile,1000004259,2500422612,Incident ID,2025-12-01 00:00:00,December,W,N,M,23,True,True,WOODSTOCK,00000 RT 169 ,41 56 6.7200000000,71 57 28.2600000000,V,B,1.0,0,14-218a,,False,N,False,False,W,,,,,False,1.0,CTCSP0000,134139301033367815,2025-12-01 00:59:34.403000,00:59:34.403000,2025,,,Speed Related,2025
2026-01-26 14:42:13.403000,8153802.0,CTCSP0500,CSP Troop D,Racial Profile,1000004675,2500423548,Incident ID,2025-12-01 00:00:00,December,W,N,M,46,True,False,KILLINGLY,00000 NORTH ST,41 48 54.9756000000,71 52 52.4280000000,V,G,1.0,0,14-12(a)*,,False,N,False,False,W,,,,,False,1.0,CTCSP0000,134139301033367815,2025-12-01 17:11:33.327000,17:11:33.327000,2025,,,Registration,2025
2026-01-26 14:42:13.407000,8153803.0,CTCSP0500,CSP Troop D,Racial Profile,1000004675,2500423600,Incident ID,2025-12-01 00:00:00,December,W,N,M,27,True,False,KILLINGLY,00000 MAIN ST,41 48 12.0960000000,71 53 8.7360000000,V,G,1.0,0,14-298,,False,N,False,False,W,,,,,False,1.0,CTCSP0000,134139301033367815,2025-12-01 18:05:36.793000,18:05:36.793000,2025,,,STC Violation,2025
2026-01-26 14:42:13.343000,8153781.0,CTCSP0500,CSP Troop D,Racial Profile,1000004402,2500422614,Incident ID,2025-12-01 00:00:00,December,W,N,F,35,True,False,BROOKLYN,00000 PROVIDENCE RD,41 47 35.6712000000,71 56 32.8920000000,V,B,1.0,0,14-218a,,False,N,False,False,W,,,,,False,1.0,CTCSP0000,134139301033367815,2025-12-01 01:07:19.163000,01:07:19.163000,2025,,,Speed Related,2025
2026-01-26 14:42:13.383000,8153794.0,CTCSP0500,CSP Troop D,Racial Profile,1000004671,2500423757,Incident ID,2025-12-01 00:00:00,December,W,N,M,17,True,True,PLAINFIELD,"00000 395 x 29, Plainfield, CT ",41 41 6.1620000000,71 54 35.1000000000,V,G,1.0,0,14-219(c)(1),,False,N,False,False,V,,,,,False,1.0,CTCSP0000,134139301033367815,2025-12-01 22:31:00.453000,22:31:00.453000,2025,,,Speed Related,2025
2026-01-26 14:42:13.410000,8153804.0,CTCSP0500,CSP Troop D,Racial Profile,1000004675,2500423617,Incident ID,2025-12-01 00:00:00,December,W,N,F,39,True,False,KILLINGLY,"00000 MECHANIC ST (KILLINGLY, T069)",41 48 47.0592000000,71 53 0.7080000000,V,G,1.0,0,14-147(c),,False,N,False,False,I,,,,,False,1.0,CTCSP0000,134139301033367815,2025-12-01 18:22:04.727000,18:22:04.727000,2025,,,Administrative Offense,2025
2026-01-26 14:42:13.630000,8153871.0,CTCSP0500,CSP Troop D,Racial Profile,1000005069,2500423830,Incident ID,2025-12-01 00:00:00,December,B,N,M,20,True,False,BROOKLYN,"00000 PROVIDENCE RD (BROOKLYN, T019)",41 47 26.7864000000,71 56 51.1440000000,V,G,2.0,1,14-219(c)(1),,False,N,False,False,I,,,,,False,1.0,CTCSP0000,134139301033367815,2025-12-01 23:50:00.787000,23:50:00.787000,2025,,,Speed Related,2025
2026-01-26 14:42:13.320000,8153772.0,CTCSP0500,CSP Troop D,Racial Profile,1000004259,2500423805,Incident ID,2025-12-01 00:00:00,December,W,N,F,55,True,True,THOMPSON,00000 I 395 ,41 56 13.0956000000,71 52 39.6480000000,V,B,1.0,0,14-219(c)(1),,False,N,False,False,W,,,,,False,1.0,CTCSP0000,134139301033367815,2025-12-01 23:11:47.423000,23:11:47.423000,2025,,,Speed Related,2025
2026-01-27 08:40:50.013000,8160246.0,CTCSP0500,CSP Troop D,Racial Profile,1000004858,2500423951,Incident ID,2025-12-02 00:00:00,December,W,N,M,27,True,False,HAMPTON,"00000 PROVIDENCE TPKE (HAMPTON, T063)",41 46 52.1436000000,72 1 23.4840000000,V,G,1.0,0,14-219(b),,False,N,False,False,I,,,,,False,1.0,CTCSP0000,134139948159612227,2025-12-02 04:14:13.860000,04:14:13.860000,2025,14-219(b),,Speed Related,2025
2026-01-26 14:42:13.630000,8153872.0,CTCSP0500,CSP Troop D,Racial Profile,1000005069,2500423917,Incident ID,2025-12-02 00:00:00,December,W,N,F,31,True,True,KILLINGLY,"00000 I 395  (KILLINGLY, T069)",41 47 14.9712000000,71 52 23.8800000000,V,G,1.0,0,14-219(c)(1),,False,N,False,False,W,,,,,False,1.0,CTCSP0000,134139301033367815,2025-12-02 01:51:24.257000,01:51:24.257000,2025,,,Speed Related,2025
2026-01-27 08:40:49.810000,8160181.0,CTCSP0500,CSP Troop D,Racial Profile,1000004532,2500425290,Incident ID,2025-12-03 00:00:00,December,W,N,M,82,True,False,PLAINFIELD,"00000 I 395  (PLAINFIELD, T109)",41 44 18.6468000000,71 52 49.2600000000,V,B,1.0,0,14-219(c)(1),,False,N,False,False,W,,,,,False,1.0,CTCSP0000,134139948159612227,2025-12-03 08:25:51.883000,08:25:51.883000,2025,14-219(c)(1),,Speed Related,2025
2026-01-27 08:40:49.810000,8160182.0,CTCSP0500,CSP Troop D,Racial Profile,1000004532,2500425591,Incident ID,2025-12-03 00:00:00,December,W,N,M,33,False,False,PLAINFIELD,"00000 I 395  (PLAINFIELD, T109)",41 39 18.9324000000,71 55 29.6400000000,V,B,1.0,0,14-219(c)(1),,False,N,False,False,W,,,,,False,1.0,CTCSP0000,134139948159612227,2025-12-03 12:34:05.900000,12:34:05.900000,2025,14-219(c)(1),,Speed Related,2025
2026-01-26 14:42:13.130000,8153734.0,CTCSP0500,CSP Troop D,Racial Profile,1000002266,2500425481,Incident ID,2025-12-03 00:00:00,December,W,N,M,25,True,False,KILLINGLY,00000 I 395 ,41 47 51.9936000000,71 52 28.7040000000,V,B,1.0,0,14-219(c)(1),,False,N,False,False,W,,,,,False,1.0,CTCSP0000,134139301033367815,2025-12-03 10:47:40.527000,10:47:40.527000,2025,,,Speed Related,2025
2026-01-26 14:42:13.130000,8153735.0,CTCSP0500,CSP Troop D,Racial Profile,1000002266,2500425490,Incident ID,2025-12-03 00:00:00,December,W,N,F,30,True,False,KILLINGLY,00000 I 395 ,41 48 8.4744000000,71 52 21.2160000000,V,B,1.0,0,14-219(c)(1),,False,N,False,False,W,,,,,False,1.0,CTCSP0000,134139301033367815,2025-12-03 10:55:56.477000,10:55:56.477000,2025,,,Speed Related,2025
2026-01-26 14:42:13.413000,8153805.0,CTCSP0500,CSP Troop D,Racial Profile,1000004675,2500426106,Incident ID,2025-12-03 00:00:00,December,W,N,M,49,True,False,BROOKLYN,00000 PROVIDENCE RD,41 48 0.2700000000,71 53 52.8720000000,V,G,1.0,0,14-12(a)*,,False,N,False,False,W,,,,,False,1.0,CTCSP0000,134139301033367815,2025-12-03 20:47:16.440000,20:47:16.440000,2025,,,Registration,2025
2026-01-26 14:42:13.417000,8153806.0,CTCSP0500,CSP Troop D,Racial Profile,1000004675,2500426142,Incident ID,2025-12-03 00:00:00,December,W,N,M,35,True,False,BROOKLYN,"00000 PROVIDENCE RD (BROOKLYN, T019)",41 47 59.7444000000,71 53 54.8880000000,V,G,1.0,0,14-147(c),,False,N,False,False,I,,,,,False,1.0,CTCSP0000,134139301033367815,2025-12-03 21:34:05.710000,21:34:05.710000,2025,,,Administrative Offense,2025
2026-01-26 14:42:13.457000,8153820.0,CTCSP0500,CSP Troop D,Racial Profile,1000004678,2500425670,Incident ID,2025-12-03 00:00:00,December,W,N,M,36,True,False,PUTNAM,00000 EXIT 46 I 395 N ,41 54 33.9660000000,71 53 25.2600000000,I,S,1.0,0,14-219(b(5*,,False,N,False,False,W,,,,,False,1.0,CTCSP0000,134139301033367815,2025-12-03 13:45:40.320000,13:45:40.320000,2025,,,Speed Related,2025
2026-01-26 14:42:13.387000,8153795.0,CTCSP0500,CSP Troop D,Racial Profile,1000004671,2500425899,Incident ID,2025-12-03 00:00:00,December,W,N,M,57,False,False,EASTFORD,"00000 RT 198, Eastford, Ct",41 52 40.3680000000,72 5 8.1240000000,V,G,1.0,0,14-236,,False,N,False,False,V,,,,,False,1.0,CTCSP0000,134139301033367815,2025-12-03 16:38:23.380000,16:38:23.380000,2025,,,Moving Violation,2025
2026-01-26 14:42:13.470000,8153826.0,CTCSP0500,CSP Troop D,Racial Profile,1000004777,2500425086,Incident ID,2025-12-03 00:00:00,December,W,N,M,27,True,False,PLAINFIELD,00000 CANTERBURY RD,41 41 19.4928000000,71 57 0.1800000000,V,B,1.0,0,14-301,,False,N,False,False,W,,,,,False,1.0,CTCSP0000,134139301033367815,2025-12-03 02:28:59.820000,02:28:59.820000,2025,,,Stop Sign,2025
2026-01-26 14:42:13.140000,8153736.0,CTCSP0500,CSP Troop D,Racial Profile,1000002266,2500425503,Incident ID,2025-12-03 00:00:00,December,W,N,M,72,False,False,KILLINGLY,00000 I 395 ,41 48 8.4744000000,71 52 21.2160000000,V,B,1.0,0,14-219(c)(1),,False,N,False,False,W,,,,,False,1.0,CTCSP0000,134139301033367815,2025-12-03 11:10:27.680000,11:10:27.680000,2025,,,Speed Related,2025
2026-01-26 14:42:13.587000,8153863.0,CTCSP0500,CSP Troop D,Racial Profile,1000004964,2500426037,Incident ID,2025-12-03 00:00:00,December,W,N,F,36,True,True,THOMPSON,"00000 W THOMPSON RD (THOMPSON, T141)",41 56 36.0384000000,71 54 26.1000000000,V,B,1.0,0,14-219,,False,N,False,False,W,,,,,False,1.0,CTCSP0000,134139301033367815,2025-12-03 18:49:34.100000,18:49:34.100000,2025,14-12(a)*,,Speed Related,2025
2026-01-26 14:42:13.460000,8153821.0,CTCSP0500,CSP Troop D,Racial Profile,1000004678,2500426699,Incident ID,2025-12-04 00:00:00,December,W,N,F,30,False,False,PUTNAM,00000 I 395 exit 46,41 54 18.0504000000,71 53 41.5680000000,I,G,1.0,0,14-12(a),,False,N,False,False,W,,,,,False,1.0,CTCSP0000,134139301033367815,2025-12-04 09:28:33.287000,09:28:33.287000,2025,,,Registration,2025
2026-01-27 08:40:49.910000,8160214.0,CTCSP0500,CSP Troop D,Racial Profile,1000004678,2500426805,Incident ID,2025-12-04 00:00:00,December,W,N,F,41,True,True,THOMPSON,00000 I 395 exit 47,41 56 33.6660000000,71 52 44.3280000000,I,G,1.0,0,14-219(b),,False,N,False,False,W,,,,,False,1.0,CTCSP0000,134139948159612227,2025-12-04 10:41:39.323000,10:41:39.323000,2025,,,Speed Related,2025
2026-01-26 14:42:13.350000,8153784.0,CTCSP0500,CSP Troop D,Racial Profile,1000004409,2500426686,Incident ID,2025-12-04 00:00:00,December,W,N,M,27,True,False,KILLINGLY,00006 RT 6 ,41 47 43.4796000000,71 52 55.2468000000,V,B,1.0,0,14-219(c)(1),,False,N,False,False,W,,,,,False,1.0,CTCSP0000,134139301033367815,2025-12-04 09:20:35.367000,09:20:35.367000,2025,,,Speed Related,2025
2026-01-26 14:42:13.350000,8153785.0,CTCSP0500,CSP Troop D,Racial Profile,1000004409,2500426737,Incident ID,2025-12-04 00:00:00,December,W,N,M,37,True,False,KILLINGLY,00395 Ramp 37 I 395 S ,41 47 19.7160000000,71 52 29.0496000000,V,B,1.0,0,14-219(c)(1),,False,N,False,False,W,,,,,False,1.0,CTCSP0000,134139301033367815,2025-12-04 09:52:58.543000,09:52:58.543000,2025,,,Speed Related,2025
2026-01-27 08:40:50.060000,8160261.0,CTCSP0500,CSP Troop D,Racial Profile,1000004968,2500427519,Incident ID,2025-12-04 00:00:00,December,W,N,M,43,True,False,BROOKLYN,hartford rd brooklyn ,41 47 8.3256000000,71 57 17.8920000000,V,G,2.0,1,14-236,,False,N,False,True,U,,,,,False,1.0,CTCSP0000,134139948159612227,2025-12-04 22:29:33.593000,22:29:33.593000,2025,14-227a,,Moving Violation,2025
2026-01-26 14:42:13.473000,8153827.0,CTCSP0500,CSP Troop D,Racial Profile,1000004777,2500426343,Incident ID,2025-12-04 00:00:00,December,W,N,F,30,True,False,KILLINGLY,"00000 RT 6  (KILLINGLY, T069)",41 47 50.2656000000,71 53 5.5320000000,V,B,1.0,0,14-219(c)(1),,False,N,False,False,I,,,,,False,1.0,CTCSP0000,134139301033367815,2025-12-04 01:19:40.730000,01:19:40.730000,2025,,,Speed Related,2025
2026-01-26 14:42:13.477000,8153828.0,CTCSP0500,CSP Troop D,Racial Profile,1000004777,2500426453,Incident ID,2025-12-04 00:00:00,December,W,N,F,19,True,False,BROOKLYN,00000 HARTFORD RD,41 47 8.3256000000,71 57 17.8920000000,V,B,1.0,0,14-240(b,,False,N,False,False,W,,,,,False,1.0,CTCSP0000,134139301033367815,2025-12-04 06:35:21.363000,06:35:21.363000,2025,,,Moving Violation,2025
2026-01-26 14:42:13.377000,8153791.0,CTCSP0500,CSP Troop D,Racial Profile,1000004532,2500426997,Incident ID,2025-12-04 00:00:00,December,W,H,M,19,True,False,KILLINGLY,"00000 I 395  (KILLINGLY, T069)",41 48 44.8560000000,71 52 15.6360000000,V,B,1.0,0,14-219(c)(1),,False,N,False,False,W,,,,,False,1.0,CTCSP0000,134139301033367815,2025-12-04 14:04:25.660000,14:04:25.660000,2025,14-219(c)(1),,Speed Related,2025
2026-01-26 14:42:13.167000,8153739.0,CTCSP0500,CSP Troop D,Racial Profile,1000002266,2500428605,Incident ID,2025-12-05 00:00:00,December,W,N,M,63,True,False,PLAINFIELD,"00000 Exit 28 I 395 N  (PLAINFIELD, T109)",41 39 46.5840000000,71 54 59.9148000000,V,B,1.0,0,14-222,,False,N,False,False,M,,,,,False,1.0,CTCSP0000,134139301033367815,2025-12-05 18:09:22.490000,18:09:22.490000,2025,,,Speed Related,2025
2026-01-27 08:40:49.587000,8160132.0,CTCSP0500,CSP Troop D,Racial Profile,1000002266,2500428619,Incident ID,2025-12-05 00:00:00,December,W,N,M,30,True,False,PLAINFIELD,N/B  28,41 40 53.2056000000,71 54 29.2320000000,V,B,1.0,1,14-227a,,True,O,False,True,U,,,,,False,1.0,CTCSP0000,134139948159612227,2025-12-05 18:20:32.537000,18:20:32.537000,2025,,,Other,2025
2026-01-27 08:40:49.607000,8160139.0,CTCSP0500,CSP Troop D,Racial Profile,1000002576,2500427998,Incident ID,2025-12-05 00:00:00,December,W,N,F,76,False,False,PLAINFIELD,00000 I 395 ,41 41 28.6404000000,71 54 21.4200000000,V,B,1.0,0,14-233,,False,N,False,False,W,,,,,False,1.0,CTCSP0000,134139948159612227,2025-12-05 08:49:58.060000,08:49:58.060000,2025,,,Moving Violation,2025
2026-01-26 14:42:13.160000,8153737.0,CTCSP0500,CSP Troop D,Racial Profile,1000002266,2500428552,Incident ID,2025-12-05 00:00:00,December,W,N,M,19,True,False,PLAINFIELD,"00000 Exit 28 I 395 N  (PLAINFIELD, T109)",41 39 46.5840000000,71 54 59.9148000000,V,B,1.0,0,14-222,,False,N,False,False,M,,,,,False,1.0,CTCSP0000,134139301033367815,2025-12-05 17:15:34.293000,17:15:34.293000,2025,,,Speed Related,2025
2026-01-26 14:42:13.477000,8153829.0,CTCSP0500,CSP Troop D,Racial Profile,1000004777,2500427663,Incident ID,2025-12-05 00:00:00,December,W,N,M,77,False,False,THOMPSON,00000 I 395 ,41 56 57.8220000000,71 52 53.6160000000,V,B,1.0,0,14-236,,False,N,False,False,W,,,,,False,1.0,CTCSP0000,134139301033367815,2025-12-05 00:50:29.543000,00:50:29.543000,2025,,,Moving Violation,2025
2026-01-26 14:42:13.517000,8153845.0,CTCSP0500,CSP Troop D,Racial Profile,1000004799,2500428390,Incident ID,2025-12-05 00:00:00,December,W,N,F,30,True,True,EASTFORD,"00000 POMFRET RD (EASTFORD, T039)",41 52 17.8932000000,72 3 38.1960000000,V,B,1.0,0,14-219(b),,False,N,False,False,I,,,,,False,1.0,CTCSP0000,134139301033367815,2025-12-05 15:01:13.503000,15:01:13.503000,2025,,,Speed Related,2025
2026-01-26 14:42:13.553000,8153856.0,CTCSP0500,CSP Troop D,Racial Profile,1000004858,2500427760,Incident ID,2025-12-05 00:00:00,December,W,N,F,33,True,False,HAMPTON,00000 PROVIDENCE TPKE,41 46 52.1436000000,72 1 23.4840000000,V,G,1.0,0,14-219(b),,False,N,False,False,W,,,,,False,1.0,CTCSP0000,134139301033367815,2025-12-05 05:26:03.133000,05:26:03.133000,2025,,,Speed Related,2025
2026-01-27 08:40:50.023000,8160249.0,CTCSP0500,CSP Troop D,Racial Profile,1000004858,2500427764,Incident ID,2025-12-05 00:00:00,December,W,N,M,25,True,False,HAMPTON,00000 PROVIDENCE TPKE,41 46 52.1436000000,72 1 23.4840000000,V,G,1.0,0,14-219(b),,False,N,False,False,W,,,,,False,1.0,CTCSP0000,134139948159612227,2025-12-05 05:40:29.797000,05:40:29.797000,2025,,,Speed Related,2025
2026-01-26 14:42:13.480000,8153830.0,CTCSP0500,CSP Troop D,Racial Profile,1000004777,2500427676,Incident ID,2025-12-05 00:00:00,December,W,N,M,61,True,False,PUTNAM,00000 I 395 ,41 55 53.9112000000,71 52 50.9520000000,V,B,1.0,0,14-219(c)(1),,False,N,False,False,W,,,,,False,1.0,CTCSP0000,134139301033367815,2025-12-05 01:08:39.270000,01:08:39.270000,2025,,,Speed Related,2025
2026-01-26 14:42:13.513000,8153844.0,CTCSP0500,CSP Troop D,Racial Profile,1000004799,2500427631,Incident ID,2025-12-05 00:00:00,December,W,N,M,19,True,True,HAMPTON,"00000 PROVIDENCE TPKE (HAMPTON, T063)",41 46 20.2224000000,72 2 35.0520000000,V,B,1.0,0,14-219(c)(1),,False,N,False,False,I,,,,,False,1.0,CTCSP0000,134139301033367815,2025-12-05 00:13:17.280000,00:13:17.280000,2025,,,Speed Related,2025
2026-01-26 14:42:13.550000,8153855.0,CTCSP0500,CSP Troop D,Racial Profile,1000004858,2500427758,Incident ID,2025-12-05 00:00:00,December,W,N,M,50,True,False,HAMPTON,00000 PROVIDENCE TPKE,41 46 52.1436000000,72 1 23.4840000000,V,G,1.0,0,14-219(b),,False,N,False,False,W,,,,,False,1.0,CTCSP0000,134139301033367815,2025-12-05 05:09:50.920000,05:09:50.920000,2025,,,Speed Related,2025
2026-01-26 14:42:13.160000,8153738.0,CTCSP0500,CSP Troop D,Racial Profile,1000002266,2500428585,Incident ID,2025-12-05 00:00:00,December,W,N,M,16,True,False,PLAINFIELD,"00000 Exit 28 I 395 N  (PLAINFIELD, T109)",41 39 46.5840000000,71 54 59.9148000000,V,B,1.0,0,14-222,,False,N,False,False,M,,,,,False,1.0,CTCSP0000,134139301033367815,2025-12-05 17:43:15.163000,17:43:15.163000,2025,,,Speed Related,2025
2026-01-26 14:42:13.640000,8153873.0,CTCSP0500,CSP Troop D,Racial Profile,1000005069,2500428764,Incident ID,2025-12-05 00:00:00,December,W,N,F,18,False,False,THOMPSON,"00000 I 395  (THOMPSON, T141)",41 56 57.8220000000,71 52 53.6160000000,V,G,1.0,0,14-219(c)(1),,False,N,False,False,W,,,,,False,1.0,CTCSP0000,134139301033367815,2025-12-05 21:33:41.753000,21:33:41.753000,2025,,,Speed Related,2025
2026-01-26 14:42:13.127000,8153733.0,CTCSP0500,CSP Troop D,Racial Profile,1000001947,2500429721,Incident ID,2025-12-06 00:00:00,December,W,N,M,38,True,True,KILLINGLY,rt 101/rt 12,41 50 15.5148000000,71 52 34.6800000000,V,B,1.0,0,14-299,,False,N,False,False,V,,,,,False,1.0,CTCSP0000,134139301033367815,2025-12-06 19:45:41.107000,19:45:41.107000,2025,,,Traffic Control Signal,2025
2026-01-27 08:40:49.590000,8160134.0,CTCSP0500,CSP Troop D,Racial Profile,1000002266,2500429586,Incident ID,2025-12-06 00:00:00,December,A,N,M,46,False,False,PLAINFIELD,"00000 I 395  (PLAINFIELD, T109)",41 44 40.3404000000,71 52 45.7320000000,V,B,1.0,0,14-219(c)(1),,False,N,False,False,I,,,,,False,1.0,CTCSP0000,134139948159612227,2025-12-06 16:38:56.267000,16:38:56.267000,2025,,,Speed Related,2025
2026-01-26 14:42:13.193000,8153744.0,CTCSP0500,CSP Troop D,Racial Profile,1000002266,2500429655,Incident ID,2025-12-06 00:00:00,December,W,N,M,54,False,False,PLAINFIELD,I395 N SOUTH OF EXIT 28,41 39 43.1532000000,71 55 3.6120000000,V,G,2.0,1,14-227a,,False,N,False,True,U,,,,,False,1.0,CTCSP0000,134139301033367815,2025-12-06 18:08:43.900000,18:08:43.900000,2025,,,Other,2025
2026-01-26 14:42:13.323000,8153773.0,CTCSP0500,CSP Troop D,Racial Profile,1000004259,2500429856,Incident ID,2025-12-06 00:00:00,December,W,N,F,32,False,False,PUTNAM,00000 I 395 ,41 53 46.8708000000,71 53 52.1520000000,V,B,1.0,0,14-219(c)(1),,False,N,False,False,W,,,,,False,1.0,CTCSP0000,134139301033367815,2025-12-06 22:57:25.363000,22:57:25.363000,2025,,,Speed Related,2025
2026-01-27 08:40:49.593000,8160135.0,CTCSP0500,CSP Troop D,Racial Profile,1000002266,2500429641,Incident ID,2025-12-06 00:00:00,December,B,H,M,20,False,False,PLAINFIELD,"00000 I 395  (PLAINFIELD, T109)",41 39 43.1532000000,71 55 3.6120000000,V,B,1.0,0,14-222,,False,N,False,False,M,,,,,False,1.0,CTCSP0000,134139948159612227,2025-12-06 17:49:14.497000,17:49:14.497000,2025,,,Speed Related,2025
2026-01-27 08:40:49.610000,8160140.0,CTCSP0500,CSP Troop D,Racial Profile,1000002578,2500429568,Incident ID,2025-12-06 00:00:00,December,W,N,F,43,True,False,KILLINGLY,Troop D driveway,41 48 32.4684000000,71 52 35.6844000000,I,G,1.0,1,14-12(a),,False,N,False,False,N,,,,,False,1.0,CTCSP0000,134139948159612227,2025-12-06 16:14:24.603000,16:14:24.603000,2025,,,Registration,2025
2026-01-26 14:42:13.177000,8153741.0,CTCSP0500,CSP Troop D,Racial Profile,1000002266,2500429537,Incident ID,2025-12-06 00:00:00,December,W,N,M,29,False,False,PUTNAM,"00000 I 395  (PUTNAM, T116)",41 54 48.2400000000,71 53 23.1000000000,V,B,1.0,0,14-222,,False,N,False,False,M,,,,,False,1.0,CTCSP0000,134139301033367815,2025-12-06 15:40:34.077000,15:40:34.077000,2025,,,Speed Related,2025
2026-01-26 14:42:13.590000,8153864.0,CTCSP0500,CSP Troop D,Racial Profile,1000004964,2500429786,Incident ID,2025-12-06 00:00:00,December,W,N,F,41,True,True,KILLINGLY,"00000 I 395  (KILLINGLY, T069)",41 48 37.1952000000,71 52 19.1640000000,V,B,1.0,0,14-12(a)*,,False,N,False,False,W,,,,,False,1.0,CTCSP0000,134139301033367815,2025-12-06 21:36:49.977000,21:36:49.977000,2025,14-215,,Registration,2025
2026-01-26 14:42:13.220000,8153751.0,CTCSP0500,CSP Troop D,Racial Profile,1000002762,2500429160,Incident ID,2025-12-06 00:00:00,December,B,N,F,23,False,False,LISBON,I-395 EX 21,41 35 20.9436000000,72 0 6.7320000000,V,B,1.0,0,14-236,,False,N,False,False,V,,,,,False,1.0,CTCSP0000,134139301033367815,2025-12-06 08:39:53.297000,08:39:53.297000,2025,,,Moving Violation,2025
2026-01-26 14:42:13.483000,8153831.0,CTCSP0500,CSP Troop D,Racial Profile,1000004777,2500429972,Incident ID,2025-12-07 00:00:00,December,B,H,F,32,True,False,PLAINFIELD,00000 I 395 ,41 43 45.1776000000,71 53 21.4800000000,V,B,1.0,0,14-12(a)*,,False,N,False,False,W,,,,,False,1.0,CTCSP0000,134139301033367815,2025-12-07 00:52:54.193000,00:52:54.193000,2025,,,Registration,2025
2026-01-26 14:42:13.697000,8153887.0,CTCSP0500,CSP Troop D,Racial Profile,1000005165,2500430387,Incident ID,2025-12-07 00:00:00,December,W,N,M,19,True,False,PUTNAM,"00000 I 395  (PUTNAM, T116)",41 55 11.3628000000,71 53 13.9920000000,V,B,1.0,0,14-219(c)(1),,False,N,False,False,W,,,,,False,1.0,CTCSP0000,134139301033367815,2025-12-07 13:43:02.323000,13:43:02.323000,2025,,,Speed Related,2025
2026-01-26 14:42:13.483000,8153832.0,CTCSP0500,CSP Troop D,Racial Profile,1000004777,2500430048,Incident ID,2025-12-07 00:00:00,December,W,N,F,23,False,False,PLAINFIELD,"00000 I 395  (PLAINFIELD, T109)",41 39 54.5652000000,71 54 52.2000000000,V,B,1.0,0,14-236,,False,N,False,False,I,,,,,False,1.0,CTCSP0000,134139301033367815,2025-12-07 03:20:30.577000,03:20:30.577000,2025,,,Moving Violation,2025
2026-01-27 08:40:49.990000,8160238.0,CTCSP0500,CSP Troop D,Racial Profile,1000004799,2500430582,Incident ID,2025-12-07 00:00:00,December,W,N,M,71,False,False,THOMPSON,I-395,42 1 19.3332000000,71 51 36.0720000000,V,B,1.0,0,14-219,,False,N,False,False,V,,,,,False,1.0,CTCSP0000,134139948159612227,2025-12-07 17:28:54.297000,17:28:54.297000,2025,,,Speed Related,2025
2026-01-26 14:42:13.337000,8153779.0,CTCSP0500,CSP Troop D,Racial Profile,1000004395,2500431566,Incident ID,2025-12-08 00:00:00,December,W,N,M,51,True,False,KILLINGLY,"00000 EXIT 38 I 395 S  (KILLINGLY, T069)",41 48 33.6924000000,71 52 22.1880000000,E,B,1.0,1,14-213b,,False,N,False,False,I,,,,,False,1.0,CTCSP0000,134139301033367815,2025-12-08 13:50:08.820000,13:50:08.820000,2025,,,Administrative Offense,2025
2026-01-27 08:40:49.777000,8160174.0,CTCSP0500,CSP Troop D,Racial Profile,1000004402,2500432279,Incident ID,2025-12-09 00:00:00,December,W,N,M,69,True,False,KILLINGLY,"00000 HARTFORD PIKE (KILLINGLY, T069)",41 50 35.7288000000,71 52 49.0440000000,V,B,1.0,0,14-299,,False,N,False,False,I,,,,,False,1.0,CTCSP0000,134139948159612227,2025-12-09 07:02:18.943000,07:02:18.943000,2025,,,Traffic Control Signal,2025
2026-01-26 14:42:13.417000,8153807.0,CTCSP0500,CSP Troop D,Racial Profile,1000004675,2500433072,Incident ID,2025-12-09 00:00:00,December,W,N,M,38,True,False,KILLINGLY,00000 NORTH ST,41 49 5.8008000000,71 53 18.2760000000,V,G,1.0,0,14-12(a)*,,False,N,False,False,W,,,,,False,1.0,CTCSP0000,134139301033367815,2025-12-09 17:51:13.507000,17:51:13.507000,2025,,,Registration,2025
2026-01-26 14:42:13.420000,8153808.0,CTCSP0500,CSP Troop D,Racial Profile,1000004675,2500433099,Incident ID,2025-12-09 00:00:00,December,W,N,M,57,True,False,KILLINGLY,"00000 NORTH ST (KILLINGLY, T069)",41 49 7.7484000000,71 53 28.8600000000,V,G,1.0,0,14-12(a)*,,False,N,False,False,I,,,,,False,1.0,CTCSP0000,134139301033367815,2025-12-09 18:17:42.150000,18:17:42.150000,2025,,,Registration,2025
2026-01-26 14:42:13.327000,8153774.0,CTCSP0500,CSP Troop D,Racial Profile,1000004259,2500433355,Incident ID,2025-12-09 00:00:00,December,B,N,M,18,True,True,PUTNAM,"00000 W WOODSTOCK AVE (PUTNAM, T116)",41 55 48.0540000000,71 55 37.3440000000,I,B,1.0,0,14-298,,False,N,False,False,I,,,,,False,1.0,CTCSP0000,134139301033367815,2025-12-09 23:20:19.213000,23:20:19.213000,2025,,,STC Violation,2025
2026-01-26 14:42:13.463000,8153823.0,CTCSP0500,CSP Troop D,Racial Profile,1000004678,2500432791,Incident ID,2025-12-09 00:00:00,December,W,H,M,19,False,False,PUTNAM,00000 I 395 exit 45,41 54 20.9376000000,71 53 39.1560000000,V,G,1.0,0,14-219(b),,False,N,False,False,W,,,,,False,1.0,CTCSP0000,134139301033367815,2025-12-09 14:14:07.487000,14:14:07.487000,2025,,,Speed Related,2025
2026-01-26 14:42:13.467000,8153824.0,CTCSP0500,CSP Troop D,Racial Profile,1000004678,2500432799,Incident ID,2025-12-09 00:00:00,December,W,N,F,37,True,False,PUTNAM,I395 s/b exit 45,41 53 8.9556000000,71 53 48.0840000000,I,G,2.0,0,14-219(b),,False,N,False,False,V,,,,,False,1.0,CTCSP0000,134139301033367815,2025-12-09 14:23:54.383000,14:23:54.383000,2025,,,Speed Related,2025
2026-01-26 14:42:13.523000,8153847.0,CTCSP0500,CSP Troop D,Racial Profile,1000004856,2500432915,Incident ID,2025-12-09 00:00:00,December,B,N,M,52,False,False,PLAINFIELD,"00000 I 395  (PLAINFIELD, T109)",41 43 47.0532000000,71 53 19.2480000000,V,G,1.0,0,14-230(a),,False,N,False,False,W,,,,,False,1.0,CTCSP0000,134139301033367815,2025-12-09 15:41:19.973000,15:41:19.973000,2025,,,Moving Violation,2025
2026-01-26 14:42:13.390000,8153796.0,CTCSP0500,CSP Troop D,Racial Profile,1000004671,2500433080,Incident ID,2025-12-09 00:00:00,December,W,N,M,44,True,False,SCOTLAND,"00000 Pudding Hill Rd, Hampton, CT",41 43 12.2304000000,72 4 9.4440000000,V,G,1.0,0,14-218a,,False,N,False,False,V,,,,,False,1.0,CTCSP0000,134139301033367815,2025-12-09 18:00:44.120000,18:00:44.120000,2025,,,Speed Related,2025
2026-01-27 08:40:49.620000,8160144.0,CTCSP0500,CSP Troop D,Racial Profile,1000002949,2500434137,Incident ID,2025-12-10 00:00:00,December,W,N,F,58,False,False,POMFRET,MASHAMOQUET RD T112,41 51 33.6456000000,72 2 13.3440000000,V,G,1.0,0,14-234,,False,N,False,False,W,,,,,False,1.0,CTCSP0000,134139948159612227,2025-12-10 15:16:06.760000,15:16:06.760000,2025,,,Moving Violation,2025
2026-01-26 14:42:13.330000,8153775.0,CTCSP0500,CSP Troop D,Racial Profile,1000004259,2500434547,Incident ID,2025-12-10 00:00:00,December,W,N,F,42,True,False,KILLINGLY,00000 WESTCOTT RD,41 48 33.6168000000,71 52 34.1760000000,V,B,1.0,0,14-12(a),,False,N,False,False,W,,,,,False,1.0,CTCSP0000,134139301033367815,2025-12-10 23:08:15.527000,23:08:15.527000,2025,,,Registration,2025
2026-01-27 08:40:49.870000,8160201.0,CTCSP0500,CSP Troop D,Racial Profile,1000004675,2500435706,Incident ID,2025-12-11 00:00:00,December,W,N,F,31,False,False,PUTNAM,"00000 I 395  (PUTNAM, T116)",41 52 52.0860000000,71 53 45.7440000000,V,G,1.0,0,14-12(a)*,,False,N,False,False,I,,,,,False,1.0,CTCSP0000,134139948159612227,2025-12-11 18:54:58.520000,18:54:58.520000,2025,,,Registration,2025
2026-01-27 08:40:49.940000,8160225.0,CTCSP0500,CSP Troop D,Racial Profile,1000004777,2500434613,Incident ID,2025-12-11 00:00:00,December,W,N,M,21,False,False,KILLINGLY,"00000 PROVIDENCE PIKE (KILLINGLY, T069)",41 47 20.8608000000,71 50 48.9480000000,V,B,1.0,0,14-218a,,False,N,False,False,I,,,,,False,1.0,CTCSP0000,134139948159612227,2025-12-11 00:35:24.903000,00:35:24.903000,2025,,,Speed Related,2025
2026-01-26 14:42:13.493000,8153835.0,CTCSP0500,CSP Troop D,Racial Profile,1000004777,2500434756,Incident ID,2025-12-11 00:00:00,December,B,H,M,29,True,False,KILLINGLY,"00000 SCHOOL ST (KILLINGLY, T069)",41 48 11.8476000000,71 52 56.4960000000,V,B,1.0,0,14-36(a),,False,N,False,False,I,,,,,False,1.0,CTCSP0000,134139301033367815,2025-12-11 05:59:48.960000,05:59:48.960000,2025,,,Unlicensed Operation,2025
2026-01-26 14:42:13.427000,8153810.0,CTCSP0500,CSP Troop D,Racial Profile,1000004675,2500435726,Incident ID,2025-12-11 00:00:00,December,W,N,F,41,True,False,KILLINGLY,"00000 BROAD ST (KILLINGLY, T069)",41 48 22.2804000000,71 52 47.6760000000,V,G,1.0,0,14-12(a)*,,False,N,False,False,I,,,,,False,1.0,CTCSP0000,134139301033367815,2025-12-11 19:20:38.440000,19:20:38.440000,2025,,,Registration,2025
2026-01-27 08:40:49.947000,8160226.0,CTCSP0500,CSP Troop D,Racial Profile,1000004777,2500434702,Incident ID,2025-12-11 00:00:00,December,W,H,M,27,True,False,BROOKLYN,"00000 PROVIDENCE RD (BROOKLYN, T019)",41 48 0.2736000000,71 53 54.3120000000,V,B,2.0,1,14-218a,,False,N,False,False,I,,,,,False,1.0,CTCSP0000,134139948159612227,2025-12-11 03:07:20.977000,03:07:20.977000,2025,,,Speed Related,2025
2026-01-27 08:40:50.027000,8160250.0,CTCSP0500,CSP Troop D,Racial Profile,1000004858,2500434718,Incident ID,2025-12-11 00:00:00,December,A,N,F,33,True,False,THOMPSON,"00000 I 395  (THOMPSON, T141)",41 56 13.0956000000,71 52 39.6480000000,V,G,1.0,0,14-298,,False,N,False,False,I,,,,,False,1.0,CTCSP0000,134139948159612227,2025-12-11 04:11:10.010000,04:11:10.010000,2025,,,STC Violation,2025
2026-01-26 14:42:13.590000,8153865.0,CTCSP0500,CSP Troop D,Racial Profile,1000004964,2500435709,Incident ID,2025-12-11 00:00:00,December,W,N,M,56,True,True,PUTNAM,"00000 E PUTNAM RD (PUTNAM, T116)",41 54 35.8272000000,71 49 7.4280000000,V,B,1.0,0,14-215,,False,N,False,False,W,,,,,False,1.0,CTCSP0000,134139301033367815,2025-12-11 18:58:43.243000,18:58:43.243000,2025,14-215,,Administrative Offense,2025
2026-01-26 14:42:13.433000,8153811.0,CTCSP0500,CSP Troop D,Racial Profile,1000004675,2500437000,Incident ID,2025-12-12 00:00:00,December,W,N,M,70,True,False,BROOKLYN,00000 PROVIDENCE RD,41 47 54.8304000000,71 54 14.4720000000,V,G,1.0,0,14-12(a)*,,False,N,False,False,W,,,,,False,1.0,CTCSP0000,134139301033367815,2025-12-12 18:40:20.800000,18:40:20.800000,2025,,,Registration,2025
2026-01-26 14:42:13.493000,8153836.0,CTCSP0500,CSP Troop D,Racial Profile,1000004777,2500436055,Incident ID,2025-12-12 00:00:00,December,W,N,M,56,True,False,KILLINGLY,"00000 MAIN ST (KILLINGLY, T069)",41 48 45.0900000000,71 52 36.9840000000,V,B,1.0,0,14-301,,False,N,False,False,I,,,,,False,1.0,CTCSP0000,134139301033367815,2025-12-12 03:58:48.857000,03:58:48.857000,2025,,,Stop Sign,2025
2026-01-26 14:42:13.687000,8153883.0,CTCSP0500,CSP Troop D,Racial Profile,1000005161,2500437093,Incident ID,2025-12-12 00:00:00,December,W,N,M,34,False,False,PUTNAM,395 ,41 54 0.3312000000,71 53 56.2560000000,E,B,2.0,0,14-96b,,False,N,False,False,W,,,,,False,1.0,CTCSP0000,134139301033367815,2025-12-12 20:52:27.250000,20:52:27.250000,2025,,,Defective Lights,2025
2026-01-26 14:42:13.440000,8153813.0,CTCSP0500,CSP Troop D,Racial Profile,1000004675,2500438146,Incident ID,2025-12-13 00:00:00,December,W,N,F,35,True,False,KILLINGLY,"00000 I 395  (KILLINGLY, T069)",41 49 12.6876000000,71 52 14.0160000000,V,G,1.0,0,14-12(a)*,,False,N,False,False,I,,,,,False,1.0,CTCSP0000,134139301033367815,2025-12-13 21:33:26.690000,21:33:26.690000,2025,,,Registration,2025
2026-01-26 14:42:13.443000,8153814.0,CTCSP0500,CSP Troop D,Racial Profile,1000004675,2500438174,Incident ID,2025-12-13 00:00:00,December,W,N,M,51,False,False,PLAINFIELD,00000 I 395 ,41 45 26.3880000000,71 52 32.5200000000,V,G,1.0,0,14-96a(a),,False,N,False,False,W,,,,,False,1.0,CTCSP0000,134139301033367815,2025-12-13 22:21:19.827000,22:21:19.827000,2025,,,Defective Lights,2025
2026-01-26 14:42:13.437000,8153812.0,CTCSP0500,CSP Troop D,Racial Profile,1000004675,2500438007,Incident ID,2025-12-13 00:00:00,December,W,N,F,57,True,False,KILLINGLY,00000 I 395 ,41 49 12.6876000000,71 52 14.0160000000,V,G,1.0,0,14-12(a)*,,False,N,False,False,W,,,,,False,1.0,CTCSP0000,134139301033367815,2025-12-13 18:12:01.413000,18:12:01.413000,2025,,,Registration,2025
2026-01-26 14:42:13.380000,8153792.0,CTCSP0500,CSP Troop D,Racial Profile,1000004532,2500438918,Incident ID,2025-12-14 00:00:00,December,W,N,F,26,True,True,BROOKLYN,00000 S MAIN ST,41 48 2.9556000000,71 53 23.4960000000,V,B,1.0,0,14-299,,False,N,False,False,W,,,,,False,1.0,CTCSP0000,134139301033367815,2025-12-14 16:03:19.377000,16:03:19.377000,2025,14-299,,Traffic Control Signal,2025
2026-01-26 14:42:13.690000,8153884.0,CTCSP0500,CSP Troop D,Racial Profile,1000005161,2500439060,Incident ID,2025-12-14 00:00:00,December,B,H,M,21,True,False,CHAPLIN,rt 6,41 46 4.1052000000,72 6 2.5920000000,V,B,2.0,0,14-218a,,False,N,False,False,I,,,,,False,1.0,CTCSP0000,134139301033367815,2025-12-14 20:41:21.290000,20:41:21.290000,2025,,,Speed Related,2025
2026-01-26 14:42:13.510000,8153843.0,CTCSP0500,CSP Troop D,Racial Profile,1000004797,2500440121,Incident ID,2025-12-15 00:00:00,December,W,N,M,16,True,True,PLAINFIELD,"Black Hill Rd, Plainfield CT",41 41 53.6136000000,71 57 38.9880000000,V,G,1.0,0,14-236,,False,N,False,False,V,,,,,False,1.0,CTCSP0000,134139301033367815,2025-12-15 19:10:10.530000,19:10:10.530000,2025,,,Moving Violation,2025
2026-01-27 08:40:50.050000,8160258.0,CTCSP0500,CSP Troop D,Racial Profile,1000004964,2500440092,Incident ID,2025-12-15 00:00:00,December,W,N,M,37,True,True,PUTNAM,RT-44,41 54 59.7636000000,71 48 18.5688000000,I,B,3.0,1,14-236,,True,O,False,True,U,,,,,False,1.0,CTCSP0000,134139948159612227,2025-12-15 18:19:16.897000,18:19:16.897000,2025,14-227a,,Moving Violation,2025
2026-01-26 14:42:13.497000,8153837.0,CTCSP0500,CSP Troop D,Racial Profile,1000004777,2500439214,Incident ID,2025-12-15 00:00:00,December,W,H,M,29,True,False,CANTERBURY,"00000 WESTMINSTER RD (CANTERBURY, T022)",41 41 58.9668000000,72 0 8.3160000000,V,B,1.0,0,14-219b,,False,N,False,False,I,,,,,False,1.0,CTCSP0000,134139301033367815,2025-12-15 00:40:17.850000,00:40:17.850000,2025,,,Speed Related,2025
2026-01-26 14:42:13.380000,8153793.0,CTCSP0500,CSP Troop D,Racial Profile,1000004532,2500439781,Incident ID,2025-12-15 00:00:00,December,W,N,M,62,True,False,CHAPLIN,"00000 HAMPTON RD (CHAPLIN, T024)",41 46 9.2604000000,72 7 20.1360000000,V,B,1.0,0,14-233,,False,N,False,False,W,,,,,False,1.0,CTCSP0000,134139301033367815,2025-12-15 13:35:25.733000,13:35:25.733000,2025,14-233,,Moving Violation,2025
2026-01-26 14:42:13.197000,8153745.0,CTCSP0500,CSP Troop D,Racial Profile,1000002266,2500441528,Incident ID,2025-12-16 00:00:00,December,W,N,F,31,True,True,KILLINGLY,"00000 Exit 38 I 395 N  (KILLINGLY, T069)",41 47 55.1580000000,71 52 26.7240000000,V,B,1.0,0,14-222,,False,N,False,False,M,,,,,False,1.0,CTCSP0000,134139301033367815,2025-12-16 20:55:30.940000,20:55:30.940000,2025,,,Speed Related,2025
2026-01-26 14:42:13.330000,8153776.0,CTCSP0500,CSP Troop D,Racial Profile,1000004259,2500441620,Incident ID,2025-12-16 00:00:00,December,B,N,M,19,True,False,KILLINGLY,00000 I 395 ,41 51 46.2672000000,71 53 10.5720000000,V,B,1.0,0,14-219(c)(1),,False,N,False,False,W,,,,,False,1.0,CTCSP0000,134139301033367815,2025-12-16 22:52:54.937000,22:52:54.937000,2025,,,Speed Related,2025
2026-01-26 14:42:13.353000,8153786.0,CTCSP0500,CSP Troop D,Racial Profile,1000004409,2500441496,Incident ID,2025-12-16 00:00:00,December,A,N,F,33,False,False,PUTNAM,"00000 Exit 45 I 395 N  (PUTNAM, T116)",41 53 55.1544000000,71 53 55.8168000000,V,B,1.0,0,14-283(e),,False,N,False,False,I,,,,,False,1.0,CTCSP0000,134139301033367815,2025-12-16 20:20:29.063000,20:20:29.063000,2025,,,Other,2025
2026-01-26 14:42:13.200000,8153746.0,CTCSP0500,CSP Troop D,Racial Profile,1000002266,2500442858,Incident ID,2025-12-17 00:00:00,December,W,N,F,31,True,False,PLAINFIELD,"00000 I 395  (PLAINFIELD, T109)",41 39 43.1532000000,71 55 3.6120000000,V,B,1.0,0,14-222,,False,N,False,False,M,,,,,False,1.0,CTCSP0000,134139301033367815,2025-12-17 20:15:27.427000,20:15:27.427000,2025,,,Speed Related,2025
2026-01-26 14:42:13.393000,8153797.0,CTCSP0500,CSP Troop D,Racial Profile,1000004671,2500442690,Incident ID,2025-12-17 00:00:00,December,W,N,M,48,False,False,BROOKLYN,"00000 hartford rd, brooklyn, ct",41 47 2.1912000000,71 57 39.5280000000,V,G,1.0,0,14-236,,False,N,False,False,V,,,,,False,1.0,CTCSP0000,134139301033367815,2025-12-17 17:08:40.953000,17:08:40.953000,2025,,,Moving Violation,2025
2026-01-26 14:42:13.530000,8153848.0,CTCSP0500,CSP Troop D,Racial Profile,1000004856,2500441965,Incident ID,2025-12-17 00:00:00,December,W,H,F,35,True,True,CANTERBURY,00000 LOVELL LN,41 41 54.0600000000,71 58 15.9960000000,V,G,1.0,0,14-301,,False,N,False,False,W,,,,,False,1.0,CTCSP0000,134139301033367815,2025-12-17 07:48:48.630000,07:48:48.630000,2025,,,Stop Sign,2025
2026-01-26 14:42:13.647000,8153875.0,CTCSP0500,CSP Troop D,Racial Profile,1000005069,2500442936,Incident ID,2025-12-17 00:00:00,December,B,N,F,35,True,True,THOMPSON,"00000 I 395  (THOMPSON, T141)",41 56 32.9316000000,71 52 45.6240000000,V,G,1.0,0,14-219(c)(1),,False,N,False,False,W,,,,,False,1.0,CTCSP0000,134139301033367815,2025-12-17 21:46:56.187000,21:46:56.187000,2025,,,Speed Related,2025
2026-01-26 14:42:13.643000,8153874.0,CTCSP0500,CSP Troop D,Racial Profile,1000005069,2500442905,Incident ID,2025-12-17 00:00:00,December,W,N,F,32,True,True,THOMPSON,"00000 I 395  (THOMPSON, T141)",41 56 49.7544000000,71 52 52.8240000000,V,G,1.0,0,14-219(c)(1),,False,N,False,False,W,,,,,False,1.0,CTCSP0000,134139301033367815,2025-12-17 21:10:24.973000,21:10:24.973000,2025,,,Speed Related,2025
2026-01-27 08:40:49.883000,8160207.0,CTCSP0500,CSP Troop D,Racial Profile,1000004675,2500444225,Incident ID,2025-12-18 00:00:00,December,W,N,M,36,True,False,KILLINGLY,"00000 WESTCOTT RD (KILLINGLY, T069)",41 48 33.6168000000,71 52 34.1760000000,V,G,1.0,0,14-36(a),,False,N,False,False,I,,,,,False,1.0,CTCSP0000,134139948159612227,2025-12-18 19:14:46.240000,19:14:46.240000,2025,,,Unlicensed Operation,2025
2026-01-27 08:40:50.030000,8160251.0,CTCSP0500,CSP Troop D,Racial Profile,1000004858,2500443179,Incident ID,2025-12-18 00:00:00,December,A,N,M,65,True,False,BROOKLYN,00000 HARTFORD RD,41 47 12.9012000000,71 59 54.0960000000,V,G,1.0,0,14-219(b),,False,N,False,False,W,,,,,False,1.0,CTCSP0000,134139948159612227,2025-12-18 04:41:56.303000,04:41:56.303000,2025,,,Speed Related,2025
2026-01-26 14:42:13.727000,8153897.0,CTCSP0500,CSP Troop D,Racial Profile,1000005171,2500443448,Incident ID,2025-12-18 00:00:00,December,W,N,M,35,True,False,KILLINGLY,00000 GOVERNOR JOHN DAVIS LODGE TPKE,41 46 18.1272000000,71 51 27.5400000000,V,G,1.0,0,14-298,,False,N,False,False,W,,,,,False,1.0,CTCSP0000,134139301033367815,2025-12-18 09:09:29.567000,09:09:29.567000,2025,,,STC Violation,2025
2026-01-27 08:40:49.837000,8160190.0,CTCSP0500,CSP Troop D,Racial Profile,1000004671,2500443992,Incident ID,2025-12-18 00:00:00,December,W,N,F,36,True,False,BROOKLYN,"00000 Providence Rd, Brooklyn, CT",41 47 35.6712000000,71 56 32.8920000000,V,G,1.0,0,14-147,,False,N,False,False,W,,,,,False,1.0,CTCSP0000,134139948159612227,2025-12-18 16:13:24.917000,16:13:24.917000,2025,,,Administrative Offense,2025
2026-01-26 14:42:13.217000,8153749.0,CTCSP0500,CSP Troop D,Racial Profile,1000002753,2500445666,Incident ID,2025-12-19 00:00:00,December,W,N,M,33,True,False,KILLINGLY,"00000 MARGARET HENRY RD (KILLINGLY, T069)",41 46 14.8512000000,71 49 20.1720000000,V,B,3.0,1,14-215,,False,N,False,False,M,,,,,False,1.0,CTCSP0000,134139301033367815,2025-12-19 22:20:58.557000,22:20:58.557000,2025,,,Administrative Offense,2025
2026-01-26 14:42:13.357000,8153787.0,CTCSP0500,CSP Troop D,Racial Profile,1000004409,2500445100,Incident ID,2025-12-19 00:00:00,December,W,N,M,62,True,False,HAMPTON,"00000 Providence Tpke (HAMPTON, T063)",41 46 49.4400000000,72 1 32.2572000000,V,B,1.0,0,14-218a,,False,N,False,False,I,,,,,False,1.0,CTCSP0000,134139301033367815,2025-12-19 12:13:40.260000,12:13:40.260000,2025,,,Speed Related,2025
2026-01-26 14:42:13.500000,8153838.0,CTCSP0500,CSP Troop D,Racial Profile,1000004777,2500444521,Incident ID,2025-12-19 00:00:00,December,W,H,M,27,False,False,KILLINGLY,00000 I 395 ,41 49 51.5460000000,71 52 28.6320000000,V,B,1.0,0,14-219(c)(1),,False,N,False,False,W,,,,,False,1.0,CTCSP0000,134139301033367815,2025-12-19 01:18:39.630000,01:18:39.630000,2025,,,Speed Related,2025
2026-01-27 08:40:49.633000,8160147.0,CTCSP0500,CSP Troop D,Racial Profile,1000004012,2500446184,Incident ID,2025-12-20 00:00:00,December,W,N,F,21,False,False,HAMPTON,"00000 HARTFORD TPKE (HAMPTON, T063)",41 46 4.8972000000,72 3 31.2480000000,V,B,1.0,0,14-219,,False,N,False,False,V,,,,,False,1.0,CTCSP0000,134139948159612227,2025-12-20 10:30:46.443000,10:30:46.443000,2025,,,Speed Related,2025
2026-01-26 14:42:13.470000,8153825.0,CTCSP0500,CSP Troop D,Racial Profile,1000004678,2500446402,Incident ID,2025-12-20 00:00:00,December,W,M,M,40,False,False,KILLINGLY,I395 exit 43,41 51 31.3236000000,71 53 4.3332000000,I,G,2.0,1,14-227a,,False,N,False,True,U,,,,,False,1.0,CTCSP0000,134139301033367815,2025-12-20 14:23:17.993000,14:23:17.993000,2025,,,Other,2025
2026-01-26 14:42:13.250000,8153756.0,CTCSP0500,CSP Troop D,Racial Profile,1000004012,2500446379,Incident ID,2025-12-20 00:00:00,December,W,H,F,22,False,False,HAMPTON,"00000 PROVIDENCE TPKE (HAMPTON, T063)",41 46 20.2224000000,72 2 35.0520000000,V,B,1.0,0,14-219,,False,N,False,False,V,,,,,False,1.0,CTCSP0000,134139301033367815,2025-12-20 13:48:55.047000,13:48:55.047000,2025,,,Speed Related,2025
2026-01-26 14:42:13.250000,8153757.0,CTCSP0500,CSP Troop D,Racial Profile,1000004012,2500446403,Incident ID,2025-12-20 00:00:00,December,W,H,F,27,True,True,HAMPTON,"00000 KENYON RD (HAMPTON, T063)",41 48 10.4904000000,72 3 39.8520000000,V,B,1.0,0,14-219,,False,N,False,False,V,,,,,False,1.0,CTCSP0000,134139301033367815,2025-12-20 14:23:37.063000,14:23:37.063000,2025,,,Speed Related,2025
2026-01-26 14:42:13.657000,8153877.0,CTCSP0500,CSP Troop D,Racial Profile,1000005069,2500445839,Incident ID,2025-12-20 00:00:00,December,W,N,M,35,False,False,THOMPSON,"00000 I 395  (THOMPSON, T141)",41 56 32.9316000000,71 52 45.6240000000,V,G,1.0,0,14-219(c)(1),,False,N,False,False,W,,,,,False,1.0,CTCSP0000,134139301033367815,2025-12-20 01:12:54.730000,01:12:54.730000,2025,,,Speed Related,2025
2026-01-26 14:42:13.653000,8153876.0,CTCSP0500,CSP Troop D,Racial Profile,1000005069,2500445819,Incident ID,2025-12-20 00:00:00,December,W,N,F,21,False,False,THOMPSON,"I395S(THOMPSON, T141)",41 56 33.1044000000,71 52 46.3080000000,V,G,1.0,0,14-219(c)(1),,False,N,False,False,W,,,,,False,1.0,CTCSP0000,134139301033367815,2025-12-20 00:51:29.410000,00:51:29.410000,2025,,,Speed Related,2025
2026-01-26 14:42:13.660000,8153878.0,CTCSP0500,CSP Troop D,Racial Profile,1000005069,2500445857,Incident ID,2025-12-20 00:00:00,December,W,N,M,21,False,False,THOMPSON,"00395 I 395  (THOMPSON, T141)",41 56 13.1424000000,71 52 41.9628000000,V,G,2.0,0,14-219(c)(1),,False,N,False,False,W,,,,,False,1.0,CTCSP0000,134139301033367815,2025-12-20 01:44:11.110000,01:44:11.110000,2025,,,Speed Related,2025
2026-01-26 14:42:13.690000,8153885.0,CTCSP0500,CSP Troop D,Racial Profile,1000005161,2500445925,Incident ID,2025-12-20 00:00:00,December,B,N,M,37,False,False,KILLINGLY,"00000 I 395  (KILLINGLY, T069)",41 48 8.4744000000,71 52 21.2160000000,V,B,1.0,0,14-219(c)(1),,False,N,False,False,I,,,,,False,1.0,CTCSP0000,134139301033367815,2025-12-20 03:36:16.813000,03:36:16.813000,2025,,,Speed Related,2025
2026-01-26 14:42:13.233000,8153754.0,CTCSP0500,CSP Troop D,Racial Profile,1000004012,2500446175,Incident ID,2025-12-20 00:00:00,December,W,N,M,55,True,True,HAMPTON,"00000 HARTFORD TPKE (HAMPTON, T063)",41 46 9.3000000000,72 5 25.5480000000,V,B,1.0,0,14-219,,False,N,False,False,V,,,,,False,1.0,CTCSP0000,134139301033367815,2025-12-20 10:17:21.180000,10:17:21.180000,2025,,,Speed Related,2025
2026-01-26 14:42:13.503000,8153840.0,CTCSP0500,CSP Troop D,Racial Profile,1000004777,2500447880,Incident ID,2025-12-21 00:00:00,December,B,N,M,40,False,False,KILLINGLY,"00000 EXIT 38 I 395 N  (KILLINGLY, T069)",41 47 55.1580000000,71 52 26.6880000000,V,B,1.0,0,14-283bb,,False,N,False,False,W,,,,,False,1.0,CTCSP0000,134139301033367815,2025-12-21 22:58:04.523000,22:58:04.523000,2025,,,Other,2025
2026-01-27 08:40:50.190000,8160283.0,CTCSP0500,CSP Troop D,Racial Profile,1000005165,2500447257,Incident ID,2025-12-21 00:00:00,December,W,N,M,37,False,False,THOMPSON,"00000 I 395  (THOMPSON, T141)",41 57 28.5120000000,71 52 40.1520000000,V,B,1.0,0,14-298,,False,N,False,False,I,,,,,False,1.0,CTCSP0000,134139948159612227,2025-12-21 10:31:53.463000,10:31:53.463000,2025,,,STC Violation,2025
2026-01-26 14:42:13.730000,8153898.0,CTCSP0500,CSP Troop D,Racial Profile,1000005171,2500447817,Incident ID,2025-12-21 00:00:00,December,A,N,F,27,False,False,KILLINGLY,"00000 RT 6  (KILLINGLY, T069)",41 47 36.7008000000,71 52 39.2160000000,V,B,1.0,0,14-298,,False,N,False,False,I,,,,,False,1.0,CTCSP0000,134139301033367815,2025-12-21 21:08:34.340000,21:08:34.340000,2025,,,STC Violation,2025
2026-01-26 14:42:13.447000,8153816.0,CTCSP0500,CSP Troop D,Racial Profile,1000004675,2500447574,Incident ID,2025-12-21 00:00:00,December,W,N,M,45,True,False,KILLINGLY,"00000 WATER ST (KILLINGLY, T069)",41 48 3.6396000000,71 53 7.6200000000,V,G,1.0,0,14-12(a)*,,False,N,False,False,I,,,,,False,1.0,CTCSP0000,134139301033367815,2025-12-21 16:13:38.840000,16:13:38.840000,2025,,,Registration,2025
2026-01-26 14:42:13.703000,8153889.0,CTCSP0500,CSP Troop D,Racial Profile,1000005165,2500447217,Incident ID,2025-12-21 00:00:00,December,A,N,M,53,False,False,THOMPSON,"00000 I 395  (THOMPSON, T141)",41 56 49.7544000000,71 52 52.8240000000,V,B,1.0,0,14-298,,False,N,False,False,I,,,,,False,1.0,CTCSP0000,134139301033367815,2025-12-21 09:46:30.630000,09:46:30.630000,2025,,,STC Violation,2025
2026-01-26 14:42:13.700000,8153888.0,CTCSP0500,CSP Troop D,Racial Profile,1000005165,2500447167,Incident ID,2025-12-21 00:00:00,December,W,N,F,29,True,False,THOMPSON,"00000 I 395  (THOMPSON, T141)",41 56 32.9316000000,71 52 45.6240000000,V,B,1.0,0,14-298,,False,N,False,False,I,,,,,False,1.0,CTCSP0000,134139301033367815,2025-12-21 08:56:23.040000,08:56:23.040000,2025,,,STC Violation,2025
2026-01-26 14:42:13.707000,8153890.0,CTCSP0500,CSP Troop D,Racial Profile,1000005165,2500447241,Incident ID,2025-12-21 00:00:00,December,W,N,M,63,False,False,THOMPSON,"00000 I 395  (THOMPSON, T141)",41 56 57.8220000000,71 52 53.6160000000,V,B,1.0,0,14-298,,False,N,False,False,I,,,,,False,1.0,CTCSP0000,134139301033367815,2025-12-21 10:08:47.950000,10:08:47.950000,2025,,,STC Violation,2025
2026-01-26 14:42:13.500000,8153839.0,CTCSP0500,CSP Troop D,Racial Profile,1000004777,2500447874,Incident ID,2025-12-21 00:00:00,December,W,N,M,34,True,False,KILLINGLY,00000 I 395 ,41 47 14.9712000000,71 52 23.8800000000,V,B,1.0,0,14-219(c)(1),,False,N,False,False,W,,,,,False,1.0,CTCSP0000,134139301033367815,2025-12-21 22:51:06.330000,22:51:06.330000,2025,,,Speed Related,2025
2026-01-26 14:42:13.563000,8153860.0,CTCSP0500,CSP Troop D,Racial Profile,1000004858,2500447000,Incident ID,2025-12-21 00:00:00,December,A,N,M,37,False,False,PUTNAM,00000 I 395 ,41 54 48.2400000000,71 53 23.1000000000,V,G,1.0,0,14-219(c)(1),,False,N,False,False,W,,,,,False,1.0,CTCSP0000,134139301033367815,2025-12-21 04:32:07.637000,04:32:07.637000,2025,,,Speed Related,2025
2026-01-26 14:42:13.693000,8153886.0,CTCSP0500,CSP Troop D,Racial Profile,1000005161,2500446999,Incident ID,2025-12-21 00:00:00,December,W,N,F,38,False,False,KILLINGLY,RT 101 T069,41 50 24.7128000000,71 51 38.8440000000,V,G,3.0,1,14-227a,,False,N,False,True,U,,,,,False,1.0,CTCSP0000,134139301033367815,2025-12-21 04:29:01.947000,04:29:01.947000,2025,,,Other,2025
2026-01-26 14:42:13.397000,8153799.0,CTCSP0500,CSP Troop D,Racial Profile,1000004671,2500448642,Incident ID,2025-12-22 00:00:00,December,W,N,M,21,False,False,PLAINFIELD,"00000 395 x 32, Plainfield, CT",41 44 7.3968000000,71 52 59.1600000000,V,G,1.0,0,14-18,,False,N,False,False,V,,,,,False,1.0,CTCSP0000,134139301033367815,2025-12-22 13:44:22.707000,13:44:22.707000,2025,,,Display of Plates,2025
2026-01-26 14:42:13.507000,8153841.0,CTCSP0500,CSP Troop D,Racial Profile,1000004777,2500447978,Incident ID,2025-12-22 00:00:00,December,W,N,F,21,True,False,BROOKLYN,00000 PROVIDENCE RD,41 47 48.9228000000,71 54 49.3200000000,V,B,1.0,0,14-218a,,False,N,False,False,W,,,,,False,1.0,CTCSP0000,134139301033367815,2025-12-22 00:33:24.847000,00:33:24.847000,2025,,,Speed Related,2025
2026-01-27 08:40:50.037000,8160253.0,CTCSP0500,CSP Troop D,Racial Profile,1000004858,2500448053,Incident ID,2025-12-22 00:00:00,December,W,N,M,29,True,False,PUTNAM,00000 I 395 ,41 53 31.2972000000,71 53 46.3200000000,V,G,1.0,0,14-219(c)(1),,False,N,False,False,W,,,,,False,1.0,CTCSP0000,134139948159612227,2025-12-22 04:03:22.487000,04:03:22.487000,2025,,,Speed Related,2025
2026-01-26 14:42:13.577000,8153862.0,CTCSP0500,CSP Troop D,Racial Profile,1000004858,2500448054,Incident ID,2025-12-22 00:00:00,December,B,N,M,22,False,False,PUTNAM,00000 I 395 ,41 54 22.9176000000,71 53 35.4480000000,V,G,1.0,0,14-219(c)(1),,False,N,False,False,W,,,,,False,1.0,CTCSP0000,134139301033367815,2025-12-22 04:18:48.227000,04:18:48.227000,2025,,,Speed Related,2025
2026-01-26 14:42:13.673000,8153879.0,CTCSP0500,CSP Troop D,Racial Profile,1000005069,2500448032,Incident ID,2025-12-22 00:00:00,December,W,N,F,27,False,False,KILLINGLY,"00000 GOVERNOR JOHN DAVIS LODGE TPKE (KILLINGLY, T069)",41 46 24.3120000000,71 51 12.2040000000,V,G,1.0,0,14-219(c)(1),,False,N,False,False,W,,,,,False,1.0,CTCSP0000,134139301033367815,2025-12-22 02:43:35.170000,02:43:35.170000,2025,,,Speed Related,2025
2026-01-26 14:42:13.627000,8153870.0,CTCSP0500,CSP Troop D,Racial Profile,1000004968,2500448942,Incident ID,2025-12-22 00:00:00,December,W,N,F,35,True,False,PLAINFIELD,00000 REST AREA ,41 45 6.5412000000,71 52 44.2200000000,V,G,1.0,0,14-233,,False,N,False,False,W,,,,,False,1.0,CTCSP0000,134139301033367815,2025-12-22 17:38:33.637000,17:38:33.637000,2025,,,Moving Violation,2025
2026-01-26 14:42:13.253000,8153758.0,CTCSP0500,CSP Troop D,Racial Profile,1000004012,2500449615,Incident ID,2025-12-23 00:00:00,December,W,N,F,18,True,True,KILLINGLY,"00000 WESTCOTT RD (KILLINGLY, T069)",41 47 35.3004000000,71 50 51.6840000000,V,B,1.0,0,14-219,,False,N,False,False,V,,,,,False,1.0,CTCSP0000,134139301033367815,2025-12-23 09:57:12.757000,09:57:12.757000,2025,,,Speed Related,2025
2026-01-26 14:42:13.220000,8153750.0,CTCSP0500,CSP Troop D,Racial Profile,1000002753,2500449330,Incident ID,2025-12-23 00:00:00,December,W,N,M,34,True,True,KILLINGLY,"00000 PROVIDENCE PIKE (KILLINGLY, T069)",41 47 26.8224000000,71 48 43.5600000000,V,B,1.0,0,14-218a,,False,N,False,False,V,,,,,False,1.0,CTCSP0000,134139301033367815,2025-12-23 04:39:10.767000,04:39:10.767000,2025,,,Speed Related,2025
2026-01-26 14:42:13.260000,8153759.0,CTCSP0500,CSP Troop D,Racial Profile,1000004012,2500449622,Incident ID,2025-12-23 00:00:00,December,W,N,M,59,True,True,KILLINGLY,"00000 PROVIDENCE PIKE (KILLINGLY, T069)",41 47 27.2400000000,71 49 22.9440000000,V,B,1.0,0,14-219,,False,N,False,False,V,,,,,False,1.0,CTCSP0000,134139301033367815,2025-12-23 10:06:35.050000,10:06:35.050000,2025,,,Speed Related,2025
2026-01-26 14:42:13.260000,8153760.0,CTCSP0500,CSP Troop D,Racial Profile,1000004012,2500449631,Incident ID,2025-12-23 00:00:00,December,W,N,M,66,False,False,KILLINGLY,"00000 PROVIDENCE PIKE (KILLINGLY, T069)",41 47 20.8608000000,71 50 48.9480000000,V,B,1.0,0,14-218a*,,False,N,False,False,W,,,,,False,1.0,CTCSP0000,134139301033367815,2025-12-23 10:13:55.363000,10:13:55.363000,2025,,,Speed Related,2025
2026-01-26 14:42:13.263000,8153761.0,CTCSP0500,CSP Troop D,Racial Profile,1000004012,2500449654,Incident ID,2025-12-23 00:00:00,December,W,N,M,26,True,True,PLAINFIELD,"00000 I 395  (PLAINFIELD, T109)",41 38 58.9452000000,71 55 50.9880000000,V,B,1.0,0,14-219(c)(1),,False,N,False,False,W,,,,,False,1.0,CTCSP0000,134139301033367815,2025-12-23 10:38:11.010000,10:38:11.010000,2025,,,Speed Related,2025
2026-01-26 14:42:13.267000,8153762.0,CTCSP0500,CSP Troop D,Racial Profile,1000004012,2500449664,Incident ID,2025-12-23 00:00:00,December,W,H,F,19,True,True,PLAINFIELD,"00000 I 395  (PLAINFIELD, T109)",41 40 15.3984000000,71 54 35.2800000000,V,B,1.0,0,14-219(c)(1),,False,N,False,False,W,,,,,False,1.0,CTCSP0000,134139301033367815,2025-12-23 10:50:17.953000,10:50:17.953000,2025,,,Speed Related,2025
2026-01-26 14:42:13.280000,8153763.0,CTCSP0500,CSP Troop D,Racial Profile,1000004012,2500449674,Incident ID,2025-12-23 00:00:00,December,W,N,F,42,False,False,PLAINFIELD,"00000 I 395  (PLAINFIELD, T109)",41 41 22.2000000000,71 54 23.2560000000,V,B,1.0,0,14-283b,,False,N,False,False,V,,,,,False,1.0,CTCSP0000,134139301033367815,2025-12-23 10:56:50.213000,10:56:50.213000,2025,,,Other,2025
2026-01-26 14:42:13.530000,8153849.0,CTCSP0500,CSP Troop D,Racial Profile,1000004856,2500450927,Incident ID,2025-12-24 00:00:00,December,W,N,M,24,False,False,KILLINGLY,"00000 GOVERNOR JOHN DAVIS LODGE TPKE (KILLINGLY, T069)",41 46 24.3120000000,71 51 12.2040000000,V,G,1.0,0,14-219(c)(1),,False,N,False,False,W,,,,,False,1.0,CTCSP0000,134139301033367815,2025-12-24 16:44:39.250000,16:44:39.250000,2025,,,Speed Related,2025
2026-01-26 14:42:13.607000,8153867.0,CTCSP0500,CSP Troop D,Racial Profile,1000004964,2500450831,Incident ID,2025-12-24 00:00:00,December,B,N,F,49,True,True,KILLINGLY,"00000 I 395  (KILLINGLY, T069)",41 51 31.3236000000,71 53 4.3080000000,I,B,1.0,0,14-147(c),,False,N,False,False,W,,,,,False,1.0,CTCSP0000,134139301033367815,2025-12-24 14:47:26.487000,14:47:26.487000,2025,14-147(c),,Administrative Offense,2025
2026-01-26 14:42:13.537000,8153850.0,CTCSP0500,CSP Troop D,Racial Profile,1000004856,2500450943,Incident ID,2025-12-24 00:00:00,December,W,N,F,37,True,True,KILLINGLY,"00000 GOVERNOR JOHN DAVIS LODGE TPKE (KILLINGLY, T069)",41 46 24.3120000000,71 51 12.2040000000,V,G,1.0,0,14-219(c)(1),,False,N,False,False,W,,,,,False,1.0,CTCSP0000,134139301033367815,2025-12-24 17:08:27.137000,17:08:27.137000,2025,,,Speed Related,2025
2026-01-26 14:42:13.540000,8153851.0,CTCSP0500,CSP Troop D,Racial Profile,1000004856,2500450953,Incident ID,2025-12-24 00:00:00,December,W,H,F,25,False,False,KILLINGLY,"00000 I 395  (KILLINGLY, T069)",41 47 26.5092000000,71 52 33.4560000000,V,G,1.0,0,14-230,,False,N,False,False,W,,,,,False,1.0,CTCSP0000,134139301033367815,2025-12-24 17:29:36.763000,17:29:36.763000,2025,,,Moving Violation,2025
2026-01-26 14:42:13.400000,8153800.0,CTCSP0500,CSP Troop D,Racial Profile,1000004671,2500450975,Incident ID,2025-12-24 00:00:00,December,W,N,M,19,True,True,KILLINGLY,"00000 Rock Ave, Killingly, CT",41 49 36.8904000000,71 53 39.5160000000,V,G,1.0,0,14-96p,,False,N,False,False,I,,,,,False,1.0,CTCSP0000,134139301033367815,2025-12-24 18:08:49.480000,18:08:49.480000,2025,,,Defective Lights,2025
2026-01-26 14:42:13.340000,8153780.0,CTCSP0500,CSP Troop D,Racial Profile,1000004395,2500451257,Incident ID,2025-12-25 00:00:00,December,W,N,M,33,True,False,POMFRET,"00000 KILLINGLY RD (POMFRET, T112)",41 51 11.3400000000,71 56 51.3240000000,V,B,1.0,0,14-234,,False,N,False,False,I,,,,,False,1.0,CTCSP0000,134139301033367815,2025-12-25 06:45:45.500000,06:45:45.500000,2025,,,Moving Violation,2025
2026-01-26 14:42:13.347000,8153783.0,CTCSP0500,CSP Troop D,Racial Profile,1000004405,2500452692,Incident ID,2025-12-26 00:00:00,December,A,N,M,39,True,True,PUTNAM,walmart,41 55 27.3756000000,71 53 10.3560000000,V,B,1.0,0,14-96c,,False,N,False,False,V,,,,,False,1.0,CTCSP0000,134139301033367815,2025-12-26 20:42:31.963000,20:42:31.963000,2025,,,Defective Lights,2025
2026-01-26 14:42:13.450000,8153817.0,CTCSP0500,CSP Troop D,Racial Profile,1000004675,2500452464,Incident ID,2025-12-26 00:00:00,December,W,N,F,34,True,False,PUTNAM,00000 GROVE ST,41 54 32.6628000000,71 53 43.8720000000,V,G,1.0,0,14-12(a)*,,False,N,False,False,W,,,,,False,1.0,CTCSP0000,134139301033367815,2025-12-26 17:28:10.183000,17:28:10.183000,2025,,,Registration,2025
2026-01-26 14:42:13.450000,8153818.0,CTCSP0500,CSP Troop D,Racial Profile,1000004675,2500452469,Incident ID,2025-12-26 00:00:00,December,W,H,F,38,True,False,PUTNAM,"00000 I 395  (PUTNAM, T116)",41 53 8.9556000000,71 53 48.0840000000,V,G,1.0,0,14-147(c),,False,N,False,False,I,,,,,False,1.0,CTCSP0000,134139301033367815,2025-12-26 17:35:49.207000,17:35:49.207000,2025,,,Administrative Offense,2025
2026-01-26 14:42:13.333000,8153777.0,CTCSP0500,CSP Troop D,Racial Profile,1000004345,2500452394,Incident ID,2025-12-26 00:00:00,December,W,H,F,27,False,False,KILLINGLY,00000 I 395 ,41 49 59.3976000000,71 52 29.6040000000,V,G,1.0,0,14-230(a),,False,N,False,False,W,,,,,False,1.0,CTCSP0000,134139301033367815,2025-12-26 16:14:03.180000,16:14:03.180000,2025,,,Moving Violation,2025
2026-01-26 14:42:13.283000,8153764.0,CTCSP0500,CSP Troop D,Racial Profile,1000004012,2500453681,Incident ID,2025-12-27 00:00:00,December,W,H,M,29,True,True,KILLINGLY,"00000 Westcott Rd (KILLINGLY, T069)",41 48 14.7571200000,71 51 33.4815840000,V,B,3.0,1,14-241,,False,N,False,False,I,,,,,False,1.0,CTCSP0000,134139301033367815,2025-12-27 19:43:15.583000,19:43:15.583000,2025,,,Moving Violation,2025
2026-01-26 14:42:13.300000,8153767.0,CTCSP0500,CSP Troop D,Racial Profile,1000004012,2500454131,Incident ID,2025-12-28 00:00:00,December,W,N,M,26,False,False,PLAINFIELD,"00000 I 395  (PLAINFIELD, T109)",41 44 48.6132000000,71 52 46.0560000000,V,B,1.0,0,14-298,,False,N,False,False,I,,,,,False,1.0,CTCSP0000,134139301033367815,2025-12-28 10:31:21.930000,10:31:21.930000,2025,,,STC Violation,2025
2026-01-26 14:42:13.317000,8153770.0,CTCSP0500,CSP Troop D,Racial Profile,1000004012,2500454196,Incident ID,2025-12-28 00:00:00,December,W,N,F,28,True,True,PLAINFIELD,"00000 I 395  (PLAINFIELD, T109)",41 44 48.6132000000,71 52 46.0560000000,V,B,1.0,0,14-219(c)(1),,False,N,False,False,W,,,,,False,1.0,CTCSP0000,134139301033367815,2025-12-28 11:51:45.670000,11:51:45.670000,2025,,,Speed Related,2025
2026-01-26 14:42:13.403000,8153801.0,CTCSP0500,CSP Troop D,Racial Profile,1000004671,2500454022,Incident ID,2025-12-28 00:00:00,December,W,H,M,50,True,False,BROOKLYN,"00000 Providence tpke, Hampton, CT",41 47 0.4848000000,72 0 56.2680000000,V,G,1.0,0,14-218a,,False,N,False,False,V,,,,,False,1.0,CTCSP0000,134139301033367815,2025-12-28 08:10:30.570000,08:10:30.570000,2025,,,Speed Related,2025
2026-01-26 14:42:13.297000,8153766.0,CTCSP0500,CSP Troop D,Racial Profile,1000004012,2500454124,Incident ID,2025-12-28 00:00:00,December,W,N,F,50,True,True,PLAINFIELD,"00000 I 395  (PLAINFIELD, T109)",41 41 3.8112000000,71 54 28.1520000000,V,B,1.0,0,14-283b(c),,False,N,False,False,W,,,,,False,1.0,CTCSP0000,134139301033367815,2025-12-28 10:15:49.503000,10:15:49.503000,2025,,,Other,2025
2026-01-27 08:40:49.693000,8160160.0,CTCSP0500,CSP Troop D,Racial Profile,1000004012,2500454176,Incident ID,2025-12-28 00:00:00,December,W,N,F,58,True,True,PLAINFIELD,"00000 I 395  (PLAINFIELD, T109)",41 39 18.9324000000,71 55 29.6400000000,V,B,1.0,0,14-219(c)(1),,False,N,False,False,W,,,,,False,1.0,CTCSP0000,134139948159612227,2025-12-28 11:30:38.170000,11:30:38.170000,2025,,,Speed Related,2025
2026-01-26 14:42:13.677000,8153880.0,CTCSP0500,CSP Troop D,Racial Profile,1000005069,2500453918,Incident ID,2025-12-28 00:00:00,December,W,N,F,52,False,False,HAMPTON,"00000 PROVIDENCE TPKE (HAMPTON, T063)",41 46 43.6296000000,72 1 50.6280000000,V,G,2.0,0,14-218a,,False,N,False,False,W,,,,,False,1.0,CTCSP0000,134139301033367815,2025-12-28 04:19:29.337000,04:19:29.337000,2025,,,Speed Related,2025
2026-01-26 14:42:13.453000,8153819.0,CTCSP0500,CSP Troop D,Racial Profile,1000004675,2500454612,Incident ID,2025-12-28 00:00:00,December,W,N,M,47,True,False,KILLINGLY,"00000 MAIN ST (KILLINGLY, T069)",41 48 18.2304000000,71 53 1.9680000000,V,G,1.0,0,14-12(a)*,,False,N,False,False,I,,,,,False,1.0,CTCSP0000,134139301033367815,2025-12-28 21:18:25.627000,21:18:25.627000,2025,,,Registration,2025
2026-01-26 14:42:13.510000,8153842.0,CTCSP0500,CSP Troop D,Racial Profile,1000004777,2500453874,Incident ID,2025-12-28 00:00:00,December,W,N,M,40,True,False,KILLINGLY,"00000 I 395  (KILLINGLY, T069)",41 51 17.2728000000,71 52 55.5600000000,V,B,1.0,1,14-219(b),,False,N,False,False,I,,,,,False,1.0,CTCSP0000,134139301033367815,2025-12-28 01:39:24.913000,01:39:24.913000,2025,,,Speed Related,2025
2026-01-26 14:42:13.710000,8153892.0,CTCSP0500,CSP Troop D,Racial Profile,1000005165,2500454607,Incident ID,2025-12-28 00:00:00,December,W,N,M,32,False,False,PUTNAM,"00395 Exit 47 I 395 S  (PUTNAM, T116)",41 55 42.5100000000,71 52 57.6048000000,V,B,1.0,0,14-298,,False,N,False,False,I,,,,,False,1.0,CTCSP0000,134139301033367815,2025-12-28 21:08:09.333000,21:08:09.333000,2025,,,STC Violation,2025
2026-01-26 14:42:13.733000,8153899.0,CTCSP0500,CSP Troop D,Racial Profile,1000005171,2500453910,Incident ID,2025-12-28 00:00:00,December,W,N,M,23,True,False,BROOKLYN,00000 PROVIDENCE RD,41 48 2.0448000000,71 53 47.4000000000,V,B,1.0,0,14-219(c)(1),,False,N,False,False,W,,,,,False,1.0,CTCSP0000,134139301033367815,2025-12-28 03:54:18.577000,03:54:18.577000,2025,14-219,,Speed Related,2025
2026-01-26 14:42:13.287000,8153765.0,CTCSP0500,CSP Troop D,Racial Profile,1000004012,2500454111,Incident ID,2025-12-28 00:00:00,December,W,N,F,45,False,False,PLAINFIELD,"00000 I 395  (PLAINFIELD, T109)",41 39 18.9324000000,71 55 29.6400000000,V,B,1.0,0,14-219(c)(1),,False,N,False,False,W,,,,,False,1.0,CTCSP0000,134139301033367815,2025-12-28 10:05:09.267000,10:05:09.267000,2025,,,Speed Related,2025
2026-01-26 14:42:13.313000,8153769.0,CTCSP0500,CSP Troop D,Racial Profile,1000004012,2500454179,Incident ID,2025-12-28 00:00:00,December,W,N,F,33,True,True,PLAINFIELD,"00000 I 395  (PLAINFIELD, T109)",41 39 54.2016000000,71 54 51.6960000000,V,B,1.0,0,14-283b(c),,False,N,False,False,W,,,,,False,1.0,CTCSP0000,134139301033367815,2025-12-28 11:37:29.117000,11:37:29.117000,2025,,,Other,2025
2026-01-26 14:42:13.680000,8153881.0,CTCSP0500,CSP Troop D,Racial Profile,1000005069,2500453936,Incident ID,2025-12-28 00:00:00,December,W,H,M,33,True,True,BROOKLYN,"00000 HARTFORD RD (BROOKLYN, T019)",41 46 59.8116000000,72 0 58.3560000000,V,G,2.0,0,14-218(a),,False,N,False,False,W,,,,,False,1.0,CTCSP0000,134139301033367815,2025-12-28 05:23:37.477000,05:23:37.477000,2025,,,Speed Related,2025
2026-01-26 14:42:13.717000,8153893.0,CTCSP0500,CSP Troop D,Racial Profile,1000005165,2500455595,Incident ID,2025-12-29 00:00:00,December,W,N,M,55,False,False,THOMPSON,"00000 I 395  (THOMPSON, T141)",41 55 55.5096000000,71 52 50.0160000000,V,B,2.0,0,14-298,,False,N,False,False,I,,,,,False,1.0,CTCSP0000,134139301033367815,2025-12-29 19:31:14.043000,19:31:14.043000,2025,,,STC Violation,2025
2026-01-27 08:40:49.807000,8160180.0,CTCSP0500,CSP Troop D,Racial Profile,1000004434,2500456322,Incident ID,2025-12-30 00:00:00,December,W,N,M,33,True,False,CHAPLIN,Rt 6 / Cross Rd,41 46 14.9232000000,72 7 43.0320000000,V,G,3.0,0,14-299,,False,N,False,False,M,,,,,False,1.0,CTCSP0000,134139948159612227,2025-12-30 11:34:40.153000,11:34:40.153000,2025,14-215a,,Traffic Control Signal,2025
2026-01-26 14:42:13.683000,8153882.0,CTCSP0500,CSP Troop D,Racial Profile,1000005069,2500455943,Incident ID,2025-12-30 00:00:00,December,W,N,M,19,True,True,KILLINGLY,"00000 HARTFORD PIKE (KILLINGLY, T069)",41 50 48.4368000000,71 53 42.9000000000,V,G,1.0,0,14-218a,,False,N,False,False,V,,,,,False,1.0,CTCSP0000,134139301033367815,2025-12-30 05:15:39.413000,05:15:39.413000,2025,,,Speed Related,2025
2026-01-27 08:40:50.007000,8160244.0,CTCSP0500,CSP Troop D,Racial Profile,1000004856,2500455991,Incident ID,2025-12-30 00:00:00,December,W,N,M,58,True,True,KILLINGLY,"00000 WESTCOTT RD (KILLINGLY, T069)",41 48 33.6744000000,71 52 25.6080000000,V,G,1.0,0,14-299,,False,N,False,False,W,,,,,False,1.0,CTCSP0000,134139948159612227,2025-12-30 06:50:44.233000,06:50:44.233000,2025,,,Traffic Control Signal,2025
2026-01-26 14:42:13.230000,8153753.0,CTCSP0500,CSP Troop D,Racial Profile,1000003380,2500456515,Incident ID,2025-12-30 00:00:00,December,W,N,M,61,True,False,EASTFORD,"00000 POMFRET RD (EASTFORD, T039)",41 52 26.1516000000,72 4 6.6720000000,V,G,1.0,0,14-218a,,False,N,False,False,I,,,,,False,1.0,CTCSP0000,134139301033367815,2025-12-30 14:42:50.757000,14:42:50.757000,2025,,,Speed Related,2025
2026-01-26 14:42:13.337000,8153778.0,CTCSP0500,CSP Troop D,Racial Profile,1000004345,2500457973,Incident ID,2025-12-31 00:00:00,December,W,N,F,27,True,False,KILLINGLY,00000 I 395 ,41 49 51.5460000000,71 52 28.6320000000,V,G,1.0,0,14-219(c)(1),,False,N,False,False,W,,,,,False,1.0,CTCSP0000,134139301033367815,2025-12-31 18:57:20.183000,18:57:20.183000,2025,,,Speed Related,2025
2026-01-26 14:42:13.607000,8153868.0,CTCSP0500,CSP Troop D,Racial Profile,1000004964,2500457134,Incident ID,2025-12-31 00:00:00,December,W,H,M,50,True,True,PUTNAM,00000 I 395 ,41 54 56.4912000000,71 53 20.6880000000,V,G,1.0,0,14-236,,False,N,False,False,W,,,,,False,1.0,CTCSP0000,134139301033367815,2025-12-31 01:22:30.983000,01:22:30.983000,2025,14-236,,Moving Violation,2025
2026-01-26 14:42:13.723000,8153896.0,CTCSP0500,CSP Troop D,Racial Profile,1000005165,2500458004,Incident ID,2025-12-31 00:00:00,December,W,N,M,19,True,False,KILLINGLY,"00000 PROVIDENCE PIKE (KILLINGLY, T069)",41 47 27.2400000000,71 49 22.9440000000,V,G,1.0,0,14-218a,,False,N,False,False,I,,,,,False,1.0,CTCSP0000,134139301033367815,2025-12-31 19:38:47.807000,19:38:47.807000,2025,,,Speed Related,2025
2026-01-26 14:42:13.543000,8153853.0,CTCSP0500,CSP Troop D,Racial Profile,1000004856,2500457402,Incident ID,2025-12-31 00:00:00,December,W,N,F,41,True,True,BROOKLYN,"00000 PROVIDENCE RD (BROOKLYN, T019)",41 47 46.5684000000,71 55 14.2320000000,V,G,1.0,0,14-219(b),,False,N,False,False,W,,,,,False,1.0,CTCSP0000,134139301033367815,2025-12-31 09:42:53.340000,09:42:53.340000,2025,,,Speed Related,2025
2026-01-27 08:40:50.227000,8160287.0,CTCSP0500,CSP Troop D,Racial Profile,1000005165,2500457971,Incident ID,2025-12-31 00:00:00,December,A,N,M,25,False,False,KILLINGLY,"00000 PROVIDENCE PIKE (KILLINGLY, T069)",41 47 26.8224000000,71 48 43.5600000000,V,G,1.0,0,14-298,,False,N,False,False,I,,,,,False,1.0,CTCSP0000,134139948159612227,2025-12-31 18:54:28.327000,18:54:28.327000,2025,,,STC Violation,2025
2026-01-26 14:42:13.720000,8153894.0,CTCSP0500,CSP Troop D,Racial Profile,1000005165,2500457943,Incident ID,2025-12-31 00:00:00,December,W,N,F,39,True,True,KILLINGLY,"00000 PROVIDENCE PIKE (KILLINGLY, T069)",41 47 26.2428000000,71 49 51.5280000000,V,G,1.0,0,14-298,,False,N,False,False,I,,,,,False,1.0,CTCSP0000,134139301033367815,2025-12-31 18:16:56.180000,18:16:56.180000,2025,,,STC Violation,2025
