CreatedDate,ProfileNo,OrganizationIdentificationID,Department Name,OrganizationActivityText,ReportingOfficerIdentificationID,InterventionIdentificationID,IdentificationCategoryDescriptionText,InterventionDate,Month,SubjectRaceCode,SubjectEthnicityCode,SubjectSexCode,SubjectAge,ResidentIndicator,TownRecidentIndicator,InterventionLocationName,InterventionLocationDescriptionText,InterventionLocationLatitude,InterventionLocationLongitude,InterventionReasonCode,InterventionTechniqueCode,InterventionDurationCode,TowedIndicator,StatuteCodeIdentificationID,StatutatoryCitationPostStop,VehicleSearchedIndicator,SearchAuthorizationCode,ContrabandIndicator,CustodialArrestIndicator,InterventionDispositionCode,InterventionDispositionDate,InterventionDispositionReasonText,IsStatuteCodeValid,IsStatutatoryCitationValid,IsaTest,RecordCount,SourceId,SourceReferenceId,InterventionDateTime,InterventionTime,filenumber,StatutatoryCitation,Road Type,ReasonForStop,Year
2025-02-18 13:32:02.887000,7226837.0,CT0003300,Cromwell,Racial Profile,1000225,2500000040,Incident ID,2025-01-01 00:00:00,January,W,N,M,46,False,False,CROMWELL,Berlin Rd,  ,  ,E,G,1.0,0,14-96a(a),,False,N,False,False,V,,,,,False,1.0,CT0003300,133843771207718144,2025-01-01 21:30:11.527000,21:30:11.527000,2025,,,Defective Lights,2025
2025-02-18 13:32:03.173000,7226919.0,CT0003300,Cromwell,Racial Profile,1000260,2500000037,Incident ID,2025-01-01 00:00:00,January,W,N,M,20,False,False,CROMWELL,shunpike/west st,  ,  ,E,G,1.0,0,14-96a(a),,False,N,False,False,V,,,,,False,1.0,CT0003300,133843771207718144,2025-01-01 20:25:55.110000,20:25:55.110000,2025,14-96a(a),,Defective Lights,2025
2025-02-18 13:32:02.933000,7226858.0,CT0003300,Cromwell,Racial Profile,1000234,2500000038,Incident ID,2025-01-01 00:00:00,January,B,M,M,22,False,False,CROMWELL,West st,  ,  ,E,G,1.0,0,14-96c,,False,N,False,False,V,,,,,False,1.0,CT0003300,133843771207718144,2025-01-01 20:54:33.193000,20:54:33.193000,2025,14-96c,,Defective Lights,2025
2025-02-18 13:32:03.097000,7226896.0,CT0003300,Cromwell,Racial Profile,1000255,2500000030,Incident ID,2025-01-01 00:00:00,January,W,N,F,31,True,True,CROMWELL,Shunpike Road,  ,  ,V,G,1.0,0,14-296aa(b),,False,N,False,False,V,,,,,False,1.0,CT0003300,133843771207718144,2025-01-01 10:59:43.020000,10:59:43.020000,2025,,,Cell Phone,2025
2025-02-18 13:32:03.140000,7226911.0,CT0003300,Cromwell,Racial Profile,1000258,2500000041,Incident ID,2025-01-01 00:00:00,January,W,N,M,42,True,False,CROMWELL,Berlin Rd,  ,  ,E,G,1.0,0,14-96y,,False,N,False,False,V,,,,,False,1.0,CT0003300,133843771207718144,2025-01-01 22:02:35.700000,22:02:35.700000,2025,14-96y,,Defective Lights,2025
2025-02-18 13:32:02.890000,7226838.0,CT0003300,Cromwell,Racial Profile,1000225,2500000086,Incident ID,2025-01-02 00:00:00,January,W,H,M,31,True,False,CROMWELL,Berlin Rd,  ,  ,E,G,1.0,0,14-96c,,False,N,False,False,I,,,,,False,1.0,CT0003300,133843771207718144,2025-01-02 22:13:31.720000,22:13:31.720000,2025,14-12(a)*,,Defective Lights,2025
2025-02-18 13:32:02.890000,7226839.0,CT0003300,Cromwell,Racial Profile,1000225,2500000087,Incident ID,2025-01-02 00:00:00,January,W,M,M,57,True,True,CROMWELL,West St,  ,  ,E,G,1.0,0,14-96a(a),,False,N,False,False,V,,,,,False,1.0,CT0003300,133843771207718144,2025-01-02 22:33:17.250000,22:33:17.250000,2025,,,Defective Lights,2025
2025-02-18 13:32:03.100000,7226897.0,CT0003300,Cromwell,Racial Profile,1000255,2500000068,Incident ID,2025-01-02 00:00:00,January,W,N,F,23,True,False,CROMWELL,Court St,  ,  ,V,G,1.0,0,14-296aa(b),,False,N,False,False,V,,,,,False,1.0,CT0003300,133843771207718144,2025-01-02 08:55:45.653000,08:55:45.653000,2025,,,Cell Phone,2025
2025-02-18 13:32:02.937000,7226859.0,CT0003300,Cromwell,Racial Profile,1000234,2500000084,Incident ID,2025-01-02 00:00:00,January,W,N,M,20,True,False,CROMWELL,Berlin Rd,  ,  ,E,G,1.0,0,14-96a(a),,False,N,False,False,V,,,,,False,1.0,CT0003300,133843771207718144,2025-01-02 21:13:22.260000,21:13:22.260000,2025,14-96a(a),,Defective Lights,2025
2025-02-18 13:32:02.997000,7226874.0,CT0003300,Cromwell,Racial Profile,1000247,2500000069,Incident ID,2025-01-02 00:00:00,January,W,N,F,73,True,True,CROMWELL,West Street,  ,  ,V,G,1.0,0,14-245,,False,N,False,False,V,,,,,False,1.0,CT0003300,133843771207718144,2025-01-02 09:06:48.967000,09:06:48.967000,2025,14-245,,Moving Violation,2025
2025-02-18 13:32:03.177000,7226920.0,CT0003300,Cromwell,Racial Profile,1000260,2500000085,Incident ID,2025-01-02 00:00:00,January,W,N,F,39,True,True,CROMWELL,washington/evergreen,  ,  ,V,G,1.0,0,14-301,,False,N,False,False,V,,,,,False,1.0,CT0003300,133843771207718144,2025-01-02 21:46:51.683000,21:46:51.683000,2025,14-301,,Stop Sign,2025
2025-02-18 13:32:02.797000,7226816.0,CT0003300,Cromwell,Racial Profile,10102,2500000074,Incident ID,2025-01-02 00:00:00,January,I,N,M,23,True,False,CROMWELL,Main ST.,  ,  ,V,B,1.0,0,14-240,,False,N,False,False,I,,,,,False,1.0,CT0003300,133843771207718144,2025-01-02 11:09:56.223000,11:09:56.223000,2025,14-219b,,Moving Violation,2025
2025-02-18 13:32:02.890000,7226840.0,CT0003300,Cromwell,Racial Profile,1000225,2500000134,Incident ID,2025-01-03 00:00:00,January,W,N,M,57,True,False,CROMWELL,123 BERLIN RD,  ,  ,V,S,3.0,1,14-215,,False,N,False,True,M,,,,,False,1.0,CT0003300,133843771207718144,2025-01-03 19:09:49.763000,19:09:49.763000,2025,,,Administrative Offense,2025
2025-02-18 13:32:03.103000,7226898.0,CT0003300,Cromwell,Racial Profile,1000255,2500000130,Incident ID,2025-01-03 00:00:00,January,W,N,M,70,True,False,CROMWELL,Main St,  ,  ,V,G,1.0,0,14-296aa(b),,False,N,False,False,V,,,,,False,1.0,CT0003300,133843771207718144,2025-01-03 15:34:25.927000,15:34:25.927000,2025,,,Cell Phone,2025
2025-02-18 13:32:02.800000,7226817.0,CT0003300,Cromwell,Racial Profile,10102,2500000118,Incident ID,2025-01-03 00:00:00,January,W,N,F,23,True,True,CROMWELL,Court St.,  ,  ,V,B,1.0,0,14-218a,,False,N,False,False,I,,,,,False,1.0,CT0003300,133843771207718144,2025-01-03 09:30:42.177000,09:30:42.177000,2025,,,Speed Related,2025
2025-02-18 13:32:02.807000,7226819.0,CT0003300,Cromwell,Racial Profile,10102,2500000124,Incident ID,2025-01-03 00:00:00,January,W,N,M,29,True,True,CROMWELL,Main St.,  ,  ,V,G,1.0,0,14-218a,,False,N,False,False,N,,,,,False,1.0,CT0003300,133843771207718144,2025-01-03 12:37:13.320000,12:37:13.320000,2025,,,Speed Related,2025
2025-02-18 13:32:02.890000,7226841.0,CT0003300,Cromwell,Racial Profile,1000225,2500000143,Incident ID,2025-01-03 00:00:00,January,B,M,M,29,True,False,CROMWELL,Berlin Rd,  ,  ,E,G,1.0,1,14-96a(a),,False,N,False,False,I,,,,,False,1.0,CT0003300,133843771207718144,2025-01-03 22:43:59.953000,22:43:59.953000,2025,14-36(a),,Defective Lights,2025
2025-02-18 13:32:03,7226875.0,CT0003300,Cromwell,Racial Profile,1000247,2500000119,Incident ID,2025-01-03 00:00:00,January,W,N,F,72,True,True,CROMWELL,Evergreen Road,  ,  ,V,G,1.0,0,14-301,,False,N,False,False,V,,,,,False,1.0,CT0003300,133843771207718144,2025-01-03 09:34:51.727000,09:34:51.727000,2025,14-301,,Stop Sign,2025
2025-02-18 13:32:02.803000,7226818.0,CT0003300,Cromwell,Racial Profile,10102,2500000120,Incident ID,2025-01-03 00:00:00,January,W,N,M,25,True,False,CROMWELL,Court St.,  ,  ,V,B,1.0,0,14-218a,,False,N,False,False,I,,,,,False,1.0,CT0003300,133843771207718144,2025-01-03 09:47:30.720000,09:47:30.720000,2025,,,Speed Related,2025
2025-02-18 13:32:03.103000,7226899.0,CT0003300,Cromwell,Racial Profile,1000255,2500000161,Incident ID,2025-01-04 00:00:00,January,W,N,F,16,True,False,CROMWELL,Washington Rd,  ,  ,V,G,1.0,0,14-245,,False,N,False,False,V,,,,,False,1.0,CT0003300,133843771207718144,2025-01-04 10:43:45.663000,10:43:45.663000,2025,,,Moving Violation,2025
2025-02-18 13:32:03.150000,7226913.0,CT0003300,Cromwell,Racial Profile,1000258,2500000201,Incident ID,2025-01-05 00:00:00,January,B,M,M,32,True,False,CROMWELL,Berlin Rd,  ,  ,E,G,1.0,0,14-96a(a),,False,N,False,False,V,,,,,False,1.0,CT0003300,133843771207718144,2025-01-05 21:16:25.280000,21:16:25.280000,2025,14-96a(a),,Defective Lights,2025
2025-02-18 13:32:02.940000,7226860.0,CT0003300,Cromwell,Racial Profile,1000234,2500000178,Incident ID,2025-01-05 00:00:00,January,W,N,F,44,True,True,Cromwell,Berlin Rd.,  ,  ,V,G,1.0,0,14-236,,False,N,False,False,V,,,,,False,1.0,CT0003300,133843771207718144,2025-01-05 00:17:45.040000,00:17:45.040000,2025,14-236,,Moving Violation,2025
2025-02-18 13:32:02.890000,7226842.0,CT0003300,Cromwell,Racial Profile,1000225,2500000204,Incident ID,2025-01-05 00:00:00,January,W,N,M,55,True,False,CROMWELL,Berlin Rd,  ,  ,V,G,1.0,0,14-18(c),,False,N,False,False,V,,,,,False,1.0,CT0003300,133843771207718144,2025-01-05 22:38:26.717000,22:38:26.717000,2025,,,Display of Plates,2025
2025-02-18 13:32:02.940000,7226861.0,CT0003300,Cromwell,Racial Profile,1000234,2500000202,Incident ID,2025-01-05 00:00:00,January,W,H,M,34,True,False,CROMWELL,Berlin Rd.,  ,  ,E,G,1.0,0,14-96a(a),,False,N,False,False,V,,,,,False,1.0,CT0003300,133843771207718144,2025-01-05 22:03:17.073000,22:03:17.073000,2025,14-96a(a),,Defective Lights,2025
2025-02-18 13:32:03.143000,7226912.0,CT0003300,Cromwell,Racial Profile,1000258,2500000200,Incident ID,2025-01-05 00:00:00,January,W,H,M,39,True,False,CROMWELL,Shunpike Rd,  ,  ,E,G,1.0,0,14-96y,,False,N,False,False,V,,,,,False,1.0,CT0003300,133843771207718144,2025-01-05 20:17:23.583000,20:17:23.583000,2025,14-96y,,Defective Lights,2025
2025-02-18 13:32:02.810000,7226820.0,CT0003300,Cromwell,Racial Profile,10102,2500000199,Incident ID,2025-01-05 00:00:00,January,W,N,F,57,True,True,CROMWELL,New Ln.,  ,  ,V,B,1.0,0,14-218a,,False,N,False,False,V,,,,,False,1.0,CT0003300,133843771207718144,2025-01-05 13:17:21.610000,13:17:21.610000,2025,,,Speed Related,2025
2025-02-18 13:32:03.153000,7226914.0,CT0003300,Cromwell,Racial Profile,1000258,2500000235,Incident ID,2025-01-06 00:00:00,January,W,N,F,24,True,False,CROMWELL,Berlin Rd,  ,  ,E,G,1.0,0,14-96y,,False,N,False,False,V,,,,,False,1.0,CT0003300,133843771207718144,2025-01-06 18:25:33.510000,18:25:33.510000,2025,14-96y,,Defective Lights,2025
2025-02-18 13:32:03.197000,7226925.0,CT0003300,Cromwell,Racial Profile,1000262,2500000236,Incident ID,2025-01-06 00:00:00,January,W,M,F,69,True,False,CROMWELL,Berlin Road @ Cromwell Hills Drive,  ,  ,V,G,1.0,0,14-299,,False,N,False,False,V,,,,,False,1.0,CT0003300,133843771207718144,2025-01-06 19:11:04.353000,19:11:04.353000,2025,14-299,,Traffic Control Signal,2025
2025-02-18 13:32:02.987000,7226872.0,CT0003300,Cromwell,Racial Profile,1000245,2500000265,Incident ID,2025-01-07 00:00:00,January,W,H,M,25,True,False,CROMWELL,Berlin Rd,  ,  ,V,G,1.0,0,14-299,,False,N,False,False,V,,,,,False,1.0,CT0003300,133843771207718144,2025-01-07 11:05:52.860000,11:05:52.860000,2025,14-299,,Traffic Control Signal,2025
2025-02-18 13:32:03.063000,7226886.0,CT0003300,Cromwell,Racial Profile,1000250,2500000264,Incident ID,2025-01-07 00:00:00,January,W,N,F,36,True,False,CROMWELL,West St,  ,  ,V,G,2.0,1,14-215a,,False,N,False,False,M,,,,,False,1.0,CT0003300,133843771207718144,2025-01-07 10:42:41.060000,10:42:41.060000,2025,14-213b,,Administrative Offense,2025
2025-02-18 13:32:03.107000,7226900.0,CT0003300,Cromwell,Racial Profile,1000255,2500000316,Incident ID,2025-01-08 00:00:00,January,W,N,F,39,True,False,CROMWELL,Washington Rd,  ,  ,V,G,1.0,0,14-296aa(b),,False,N,False,False,V,,,,,False,1.0,CT0003300,133843771207718144,2025-01-08 15:51:16.183000,15:51:16.183000,2025,,,Cell Phone,2025
2025-02-18 13:32:03.073000,7226887.0,CT0003300,Cromwell,Racial Profile,1000250,2500000309,Incident ID,2025-01-08 00:00:00,January,W,N,F,71,True,False,CROMWELL,Berlin Rd,  ,  ,V,G,1.0,0,14-230(a),,False,N,False,False,V,,,,,False,1.0,CT0003300,133843771207718144,2025-01-08 11:07:57.850000,11:07:57.850000,2025,,,Moving Violation,2025
2025-02-18 13:32:02.893000,7226843.0,CT0003300,Cromwell,Racial Profile,1000225,2500000371,Incident ID,2025-01-09 00:00:00,January,W,N,F,47,True,True,CROMWELL,Main St,  ,  ,V,G,1.0,0,14-12(a)*,,False,N,False,False,I,,,,,False,1.0,CT0003300,133843771207718144,2025-01-09 22:36:11.603000,22:36:11.603000,2025,,,Registration,2025
2025-02-18 13:32:03.077000,7226888.0,CT0003300,Cromwell,Racial Profile,1000250,2500000361,Incident ID,2025-01-09 00:00:00,January,B,N,M,28,True,False,CROMWELL,West St,  ,  ,V,G,1.0,0,14-18(a),,False,N,False,False,V,,,,,False,1.0,CT0003300,133843771207718144,2025-01-09 11:10:42.013000,11:10:42.013000,2025,,,Display of Plates,2025
2025-02-18 13:32:03.110000,7226901.0,CT0003300,Cromwell,Racial Profile,1000255,2500000362,Incident ID,2025-01-09 00:00:00,January,W,N,M,57,True,True,CROMWELL,Willowbrook Rd,  ,  ,V,G,1.0,0,14-12(a)*,,False,N,False,False,I,,,,,False,1.0,CT0003300,133843771207718144,2025-01-09 11:25:24.260000,11:25:24.260000,2025,,,Registration,2025
2025-02-18 13:32:02.917000,7226852.0,CT0003300,Cromwell,Racial Profile,1000228,2500000395,Incident ID,2025-01-10 00:00:00,January,B,M,M,27,True,False,CROMWELL,Court St.,  ,  ,V,B,2.0,0,14-219(b),,False,N,False,False,I,,,,,False,1.0,CT0003300,133843771207718144,2025-01-10 06:51:43.610000,06:51:43.610000,2025,14-219(b),,Speed Related,2025
2025-02-18 13:32:02.950000,7226862.0,CT0003300,Cromwell,Racial Profile,1000234,2500000421,Incident ID,2025-01-10 00:00:00,January,W,H,M,24,True,False,CROMWELL,West St,  ,  ,V,G,2.0,0,14-215,,False,N,False,False,M,,,,,False,1.0,CT0003300,133843771207718144,2025-01-10 21:58:48.387000,21:58:48.387000,2025,14-215,,Administrative Offense,2025
2025-02-18 13:32:02.950000,7226863.0,CT0003300,Cromwell,Racial Profile,1000234,2500000422,Incident ID,2025-01-10 00:00:00,January,W,N,F,72,True,False,CROMWELL,Berlin Rd,  ,  ,V,G,1.0,0,14-236,,False,N,False,False,V,,,,,False,1.0,CT0003300,133843771207718144,2025-01-10 22:22:58.197000,22:22:58.197000,2025,14-236,,Moving Violation,2025
2025-02-18 13:32:03.220000,7226934.0,CT0003300,Cromwell,Racial Profile,1000265,2500000394,Incident ID,2025-01-10 00:00:00,January,W,N,M,51,True,True,CROMWELL,evergreen rd,  ,  ,V,B,1.0,0,14-301,,False,N,False,False,V,,,,,False,1.0,CT0003300,133843771207718144,2025-01-10 06:47:41.987000,06:47:41.987000,2025,,,Stop Sign,2025
2025-02-18 13:32:02.913000,7226851.0,CT0003300,Cromwell,Racial Profile,1000228,2500000389,Incident ID,2025-01-10 00:00:00,January,B,N,F,30,True,False,CROMWELL,Evergreen Rd,  ,  ,I,G,1.0,0,NC,,False,N,False,False,N,,,,,False,1.0,CT0003300,133843771207718144,2025-01-10 04:08:29.497000,04:08:29.497000,2025,,,Other,2025
2025-02-18 13:32:03.113000,7226902.0,CT0003300,Cromwell,Racial Profile,1000255,2500000407,Incident ID,2025-01-10 00:00:00,January,W,N,M,67,True,False,CROMWELL,Berlin Rd,  ,  ,V,G,1.0,0,14-12(a)*,,False,N,False,False,I,,,,,False,1.0,CT0003300,133843771207718144,2025-01-10 14:07:14.130000,14:07:14.130000,2025,,,Registration,2025
2025-02-18 13:32:02.883000,7226836.0,CT0003300,Cromwell,Racial Profile,1000215,2500000451,Incident ID,2025-01-11 00:00:00,January,W,N,F,72,True,False,CROMWELL,rte 3,  ,  ,V,G,1.0,0,14-234,,False,N,False,False,V,,,,,False,1.0,CT0003300,133843771207718144,2025-01-11 11:20:49.177000,11:20:49.177000,2025,14-234,,Moving Violation,2025
2025-02-18 13:32:03.113000,7226903.0,CT0003300,Cromwell,Racial Profile,1000255,2500000453,Incident ID,2025-01-11 00:00:00,January,W,N,M,33,True,True,CROMWELL,West St,  ,  ,V,G,1.0,0,14-12(a)*,,False,N,False,False,I,,,,,False,1.0,CT0003300,133843771207718144,2025-01-11 14:31:36.060000,14:31:36.060000,2025,,,Registration,2025
2025-02-18 13:32:02.953000,7226864.0,CT0003300,Cromwell,Racial Profile,1000234,2500000502,Incident ID,2025-01-12 00:00:00,January,B,M,M,50,True,False,CROMWELL,Industrial Park Rd,  ,  ,V,G,3.0,1,14-96a(a),,False,N,False,False,I,,,,,False,1.0,CT0003300,133843771207718144,2025-01-12 22:00:52.413000,22:00:52.413000,2025,14-147,,Defective Lights,2025
2025-02-18 13:32:02.897000,7226844.0,CT0003300,Cromwell,Racial Profile,1000225,2500000501,Incident ID,2025-01-12 00:00:00,January,W,N,F,31,True,False,CROMWELL,Berlin Rd,  ,  ,V,G,1.0,1,14-147(c),,False,N,False,False,I,,,,,False,1.0,CT0003300,133843771207718144,2025-01-12 21:09:26.327000,21:09:26.327000,2025,14-213b,,Administrative Offense,2025
2025-02-18 13:32:03.180000,7226921.0,CT0003300,Cromwell,Racial Profile,1000260,2500000498,Incident ID,2025-01-12 00:00:00,January,W,N,F,34,True,False,CROMWELL,BERLIN ROAD/WILLOWBROOK,  ,  ,I,G,2.0,1,14-215a,,False,N,False,False,M,,,,,False,1.0,CT0003300,133843771207718144,2025-01-12 19:17:52.123000,19:17:52.123000,2025,14-215a,,Administrative Offense,2025
2025-02-18 13:32:03.117000,7226904.0,CT0003300,Cromwell,Racial Profile,1000255,2500000493,Incident ID,2025-01-12 00:00:00,January,W,N,F,78,False,False,CROMWELL,Evergreen Road,  ,  ,V,G,1.0,0,14-301,,False,N,False,False,V,,,,,False,1.0,CT0003300,133843771207718144,2025-01-12 15:44:57.857000,15:44:57.857000,2025,,,Stop Sign,2025
2025-02-18 13:32:02.903000,7226846.0,CT0003300,Cromwell,Racial Profile,1000225,2500000551,Incident ID,2025-01-13 00:00:00,January,B,M,F,35,True,False,CROMWELL,Berlin Rd,  ,  ,V,G,3.0,0,14-147(c),,False,N,False,False,M,,,,,False,1.0,CT0003300,133843771207718144,2025-01-13 21:18:55.600000,21:18:55.600000,2025,14-215,,Administrative Offense,2025
2025-02-18 13:32:02.957000,7226865.0,CT0003300,Cromwell,Racial Profile,1000234,2500000550,Incident ID,2025-01-13 00:00:00,January,B,M,F,38,True,False,CROMWELL,Berlin Rd.,  ,  ,V,G,1.0,0,14-12(a)*,,False,N,False,False,I,,,,,False,1.0,CT0003300,133843771207718144,2025-01-13 21:14:40.250000,21:14:40.250000,2025,14-12(a)*,,Registration,2025
2025-02-18 13:32:02.813000,7226821.0,CT0003300,Cromwell,Racial Profile,10102,2500000538,Incident ID,2025-01-13 00:00:00,January,W,N,F,72,True,True,CROMWELL,EVERGREEN/LANCASTER,  ,  ,V,G,1.0,0,14-218A,,False,N,False,False,W,,,,,False,1.0,CT0003300,133843771207718144,2025-01-13 14:27:35.140000,14:27:35.140000,2025,,,Speed Related,2025
2025-02-18 13:32:03.080000,7226889.0,CT0003300,Cromwell,Racial Profile,1000250,2500000541,Incident ID,2025-01-13 00:00:00,January,B,N,F,36,True,False,CROMWELL,Shunpike Rd,  ,  ,V,G,1.0,0,14-12(a)*,,False,N,False,False,V,,,,,False,1.0,CT0003300,133843771207718144,2025-01-13 15:27:58.390000,15:27:58.390000,2025,,,Registration,2025
2025-02-18 13:32:02.967000,7226866.0,CT0003300,Cromwell,Racial Profile,1000234,2500000553,Incident ID,2025-01-13 00:00:00,January,B,M,M,55,True,False,Cromwell,Berlin Rd.,  ,  ,V,G,3.0,1,14-215,,False,N,False,False,M,,,,,False,1.0,CT0003300,133843771207718144,2025-01-13 22:40:42.677000,22:40:42.677000,2025,14-213b,,Administrative Offense,2025
2025-02-18 13:32:02.900000,7226845.0,CT0003300,Cromwell,Racial Profile,1000225,2500000549,Incident ID,2025-01-13 00:00:00,January,W,N,M,71,True,False,CROMWELL,West St,  ,  ,E,G,1.0,0,14-96e,,False,N,False,False,V,,,,,False,1.0,CT0003300,133843771207718144,2025-01-13 21:06:14.757000,21:06:14.757000,2025,,,Defective Lights,2025
2025-02-18 13:32:03.200000,7226926.0,CT0003300,Cromwell,Racial Profile,1000262,2500000533,Incident ID,2025-01-13 00:00:00,January,W,N,M,74,True,True,CROMWELL,Evergreen @ Holly Hill,  ,  ,V,G,1.0,0,14-301,,False,N,False,False,V,,,,,False,1.0,CT0003300,133843771207718144,2025-01-13 11:41:04.527000,11:41:04.527000,2025,14-301,,Stop Sign,2025
2025-02-18 13:32:03.203000,7226927.0,CT0003300,Cromwell,Racial Profile,1000262,2500000590,Incident ID,2025-01-14 00:00:00,January,W,N,M,78,True,True,CROMWELL,Washington @ Evergreen,  ,  ,V,G,1.0,0,14-301,,False,N,False,False,V,,,,,False,1.0,CT0003300,133843771207718144,2025-01-14 11:23:02.143000,11:23:02.143000,2025,14-301,,Stop Sign,2025
2025-02-18 13:32:02.920000,7226853.0,CT0003300,Cromwell,Racial Profile,1000228,2500000581,Incident ID,2025-01-14 00:00:00,January,W,N,F,40,True,False,CROMWELL,Route 9 S/B Exit 27 off ramp and West St,  ,  ,V,G,1.0,0,14-299,,False,N,False,False,V,,,,,False,1.0,CT0003300,133843771207718144,2025-01-14 05:58:40.110000,05:58:40.110000,2025,14-299,,Traffic Control Signal,2025
2025-02-18 13:32:03.083000,7226890.0,CT0003300,Cromwell,Racial Profile,1000250,2500000588,Incident ID,2025-01-14 00:00:00,January,W,N,F,29,True,False,CROMWELL,Shunpike Rd,  ,  ,V,G,1.0,0,14-18(a),,False,N,False,False,V,,,,,False,1.0,CT0003300,133843771207718144,2025-01-14 10:17:07.490000,10:17:07.490000,2025,,,Display of Plates,2025
2025-02-18 13:32:02.920000,7226854.0,CT0003300,Cromwell,Racial Profile,1000228,2500000615,Incident ID,2025-01-15 00:00:00,January,B,N,M,31,True,True,CROMWELL,Route 217 and Route 372,  ,  ,V,G,1.0,0,14-299,,False,N,False,False,V,,,,,False,1.0,CT0003300,133843771207718144,2025-01-15 05:59:31.223000,05:59:31.223000,2025,14-299,,Traffic Control Signal,2025
2025-02-18 13:32:02.870000,7226832.0,CT0003300,Cromwell,Racial Profile,10110,2500000616,Incident ID,2025-01-15 00:00:00,January,W,N,M,41,True,True,CROMWELL,Main Street @ Shadow Lane,  ,  ,V,G,1.0,0,14-301,,False,N,False,False,V,,,,,False,1.0,CT0003300,133843771207718144,2025-01-15 06:36:30.193000,06:36:30.193000,2025,14-301,,Stop Sign,2025
2025-02-18 13:32:02.873000,7226833.0,CT0003300,Cromwell,Racial Profile,10110,2500000617,Incident ID,2025-01-15 00:00:00,January,W,N,F,39,True,False,CROMWELL,Main Street near Mattabassett,  ,  ,E,G,1.0,0,14-96b,,False,N,False,False,V,,,,,False,1.0,CT0003300,133843771207718144,2025-01-15 06:57:30.780000,06:57:30.780000,2025,14-96b,,Defective Lights,2025
2025-02-18 13:32:03.207000,7226928.0,CT0003300,Cromwell,Racial Profile,1000262,2500000668,Incident ID,2025-01-16 00:00:00,January,W,H,F,28,True,False,Cromwell,East Street @ Berlin Road,  ,  ,V,G,2.0,0,14-299,,False,N,False,False,V,,,,,False,1.0,CT0003300,133843771207718144,2025-01-16 09:53:39.430000,09:53:39.430000,2025,14-299,,Traffic Control Signal,2025
2025-02-18 13:32:03.183000,7226922.0,CT0003300,Cromwell,Racial Profile,1000260,2500000684,Incident ID,2025-01-16 00:00:00,January,W,N,M,18,True,True,CROMWELL,evergreen/washington,  ,  ,V,G,1.0,0,14-301,,False,N,False,False,V,,,,,False,1.0,CT0003300,133843771207718144,2025-01-16 18:29:55.310000,18:29:55.310000,2025,14-301,,Stop Sign,2025
2025-02-18 13:32:02.977000,7226868.0,CT0003300,Cromwell,Racial Profile,1000234,2500000738,Incident ID,2025-01-17 00:00:00,January,W,N,F,38,False,False,CROMWELL,Berlin Rd.,  ,  ,V,G,1.0,0,14-236,,False,N,False,False,V,,,,,False,1.0,CT0003300,133843771207718144,2025-01-17 20:41:22.600000,20:41:22.600000,2025,14-236,,Moving Violation,2025
2025-02-18 13:32:02.903000,7226847.0,CT0003300,Cromwell,Racial Profile,1000225,2500000739,Incident ID,2025-01-17 00:00:00,January,W,N,M,40,True,False,CROMWELL,Berlin Rd,  ,  ,E,G,1.0,0,14-96c,,False,N,False,False,V,,,,,False,1.0,CT0003300,133843771207718144,2025-01-17 20:45:07.320000,20:45:07.320000,2025,,,Defective Lights,2025
2025-02-18 13:32:02.923000,7226855.0,CT0003300,Cromwell,Racial Profile,1000228,2500000709,Incident ID,2025-01-17 00:00:00,January,W,N,F,29,True,False,CROMWELL,Berlin Rd and West St,  ,  ,V,G,2.0,0,14-299,,False,N,False,False,W,,,,,False,1.0,CT0003300,133843771207718144,2025-01-17 04:19:17.707000,04:19:17.707000,2025,14-299,,Traffic Control Signal,2025
2025-02-18 13:32:02.973000,7226867.0,CT0003300,Cromwell,Racial Profile,1000234,2500000736,Incident ID,2025-01-17 00:00:00,January,W,N,M,42,True,True,CROMWELL,Evergreen Rd.,  ,  ,V,G,1.0,0,14-301,,False,N,False,False,V,,,,,False,1.0,CT0003300,133843771207718144,2025-01-17 20:18:08.960000,20:18:08.960000,2025,14-301,,Stop Sign,2025
2025-02-18 13:32:03.127000,7226905.0,CT0003300,Cromwell,Racial Profile,1000255,2500000764,Incident ID,2025-01-18 00:00:00,January,W,N,F,63,True,True,CROMWELL,Shunpike Road,  ,  ,V,G,1.0,0,14-296aa(b),,False,N,False,False,V,,,,,False,1.0,CT0003300,133843771207718144,2025-01-18 09:36:42.850000,09:36:42.850000,2025,,,Cell Phone,2025
2025-02-18 13:32:03.007000,7226876.0,CT0003300,Cromwell,Racial Profile,1000247,2500000768,Incident ID,2025-01-18 00:00:00,January,W,N,M,22,True,True,CROMWELL,Evergreen Road,  ,  ,V,G,1.0,0,14-301,,False,N,False,False,V,,,,,False,1.0,CT0003300,133843771207718144,2025-01-18 10:57:39.617000,10:57:39.617000,2025,14-301,,Stop Sign,2025
2025-02-18 13:32:02.907000,7226848.0,CT0003300,Cromwell,Racial Profile,1000225,2500000785,Incident ID,2025-01-19 00:00:00,January,W,N,M,22,True,False,Cromwell,Shunpike Rd,  ,  ,V,G,1.0,0,14-12(a)*,,False,N,False,False,N,,,,,False,1.0,CT0003300,133843771207718144,2025-01-19 00:15:32.233000,00:15:32.233000,2025,,,Registration,2025
2025-02-18 13:32:03.013000,7226878.0,CT0003300,Cromwell,Racial Profile,1000247,2500000805,Incident ID,2025-01-19 00:00:00,January,W,N,M,34,True,True,CROMWELL,Country Squire,  ,  ,V,G,1.0,0,14-299,,False,N,False,False,V,,,,,False,1.0,CT0003300,133843771207718144,2025-01-19 12:35:44.070000,12:35:44.070000,2025,14-299,,Traffic Control Signal,2025
2025-02-18 13:32:02.817000,7226822.0,CT0003300,Cromwell,Racial Profile,10102,2500000808,Incident ID,2025-01-19 00:00:00,January,W,N,F,40,True,True,CROMWELL,Court St.,  ,  ,V,B,1.0,0,14-218a,,False,N,False,False,V,,,,,False,1.0,CT0003300,133843771207718144,2025-01-19 14:58:30.597000,14:58:30.597000,2025,,,Speed Related,2025
2025-02-18 13:32:03.127000,7226906.0,CT0003300,Cromwell,Racial Profile,1000255,2500000803,Incident ID,2025-01-19 00:00:00,January,W,N,M,31,True,True,CROMWELL,Shunpike Road,  ,  ,V,G,1.0,0,14-296aa(b),,False,N,False,False,V,,,,,False,1.0,CT0003300,133843771207718144,2025-01-19 11:43:49.430000,11:43:49.430000,2025,,,Cell Phone,2025
2025-02-18 13:32:03.010000,7226877.0,CT0003300,Cromwell,Racial Profile,1000247,2500000801,Incident ID,2025-01-19 00:00:00,January,W,N,M,33,True,True,CROMWELL,Berlin Road,  ,  ,V,G,1.0,0,14-12(a)*,,False,N,False,False,V,,,,,False,1.0,CT0003300,133843771207718144,2025-01-19 09:39:58.190000,09:39:58.190000,2025,,,Registration,2025
2025-02-18 13:32:02.987000,7226871.0,CT0003300,Cromwell,Racial Profile,1000239,2500000827,Incident ID,2025-01-20 00:00:00,January,W,N,F,24,True,False,CROMWELL,West St & Shunpike Road ,  ,  ,V,B,1.0,0,14-12(a)*,,False,N,False,False,V,,,,,False,1.0,CT0003300,133843771207718144,2025-01-20 08:43:20.873000,08:43:20.873000,2025,14-12(a)*,,Registration,2025
2025-02-18 13:32:03.027000,7226879.0,CT0003300,Cromwell,Racial Profile,1000247,2500000879,Incident ID,2025-01-21 00:00:00,January,W,N,M,77,True,True,CROMWELL,Evergreen Road,  ,  ,V,G,1.0,0,14-301,,False,N,False,False,V,,,,,False,1.0,CT0003300,133843771207718144,2025-01-21 10:59:37.470000,10:59:37.470000,2025,14-301,,Stop Sign,2025
2025-02-18 13:32:02.823000,7226824.0,CT0003300,Cromwell,Racial Profile,10102,2500000886,Incident ID,2025-01-21 00:00:00,January,W,N,M,20,True,False,CROMWELL,Washington Rd.,  ,  ,V,B,1.0,0,14-218a,,False,N,False,False,V,,,,,False,1.0,CT0003300,133843771207718144,2025-01-21 15:04:52.393000,15:04:52.393000,2025,,,Speed Related,2025
2025-02-18 13:32:02.820000,7226823.0,CT0003300,Cromwell,Racial Profile,10102,2500000885,Incident ID,2025-01-21 00:00:00,January,W,H,M,21,True,False,CROMWELL,Washington Rd.,  ,  ,V,B,1.0,0,14-218a,,False,N,False,False,N,,,,,False,1.0,CT0003300,133843771207718144,2025-01-21 15:02:12.183000,15:02:12.183000,2025,53a-167a,,Speed Related,2025
2025-02-18 13:32:03.087000,7226891.0,CT0003300,Cromwell,Racial Profile,1000250,2500000912,Incident ID,2025-01-22 00:00:00,January,W,N,F,69,True,True,CROMWELL,Court St,  ,  ,V,G,1.0,0,14-301,,False,N,False,False,V,,,,,False,1.0,CT0003300,133843771207718144,2025-01-22 10:37:01.447000,10:37:01.447000,2025,,,Stop Sign,2025
2025-02-18 13:32:02.990000,7226873.0,CT0003300,Cromwell,Racial Profile,1000245,2500000960,Incident ID,2025-01-23 00:00:00,January,W,N,M,42,True,False,CROMWELL,Berlin Rd,  ,  ,V,G,1.0,0,14-12(a)*,,False,N,False,False,V,,,,,False,1.0,CT0003300,133843771207718144,2025-01-23 15:17:28.603000,15:17:28.603000,2025,14-12(a)*,,Registration,2025
2025-02-18 13:32:03.210000,7226929.0,CT0003300,Cromwell,Racial Profile,1000262,2500000965,Incident ID,2025-01-23 00:00:00,January,W,N,F,23,True,False,CROMWELL,Berlin Road @ Cromwell Square,  ,  ,V,G,1.0,0,14-296aa(b),,False,N,False,False,V,,,,,False,1.0,CT0003300,133843771207718144,2025-01-23 20:53:36.793000,20:53:36.793000,2025,14-296aa(b),,Cell Phone,2025
2025-02-18 13:32:02.927000,7226856.0,CT0003300,Cromwell,Racial Profile,1000228,2500000940,Incident ID,2025-01-23 00:00:00,January,W,N,M,21,True,True,CROMWELL,Court St. and Washington Rd,  ,  ,E,G,1.0,0,14-96a(a),,False,N,False,False,V,,,,,False,1.0,CT0003300,133843771207718144,2025-01-23 02:45:48.127000,02:45:48.127000,2025,14-96a(a),,Defective Lights,2025
2025-02-18 13:32:03.087000,7226892.0,CT0003300,Cromwell,Racial Profile,1000250,2500000961,Incident ID,2025-01-23 00:00:00,January,B,N,F,45,True,False,CROMWELL,Shunpike Rd,  ,  ,V,G,1.0,0,14-12(a)*,,False,N,False,False,V,,,,,False,1.0,CT0003300,133843771207718144,2025-01-23 15:17:49.357000,15:17:49.357000,2025,,,Registration,2025
2025-02-18 13:32:03.090000,7226893.0,CT0003300,Cromwell,Racial Profile,1000250,2500001018,Incident ID,2025-01-24 00:00:00,January,W,N,M,43,True,False,CROMWELL,Court St,  ,  ,V,G,1.0,0,14-301,,False,N,False,False,V,,,,,False,1.0,CT0003300,133843771207718144,2025-01-24 16:17:53.003000,16:17:53.003000,2025,,,Stop Sign,2025
2025-02-18 13:32:03.210000,7226930.0,CT0003300,Cromwell,Racial Profile,1000262,2500001024,Incident ID,2025-01-24 00:00:00,January,W,N,M,36,True,False,CROMWELL,Berlin Road @ Wangs,  ,  ,E,G,1.0,1,14-96a(a),,False,N,False,False,V,,,,,False,1.0,CT0003300,133843771207718144,2025-01-24 22:43:21.240000,22:43:21.240000,2025,14-96a(a),,Defective Lights,2025
2025-02-18 13:32:03.027000,7226880.0,CT0003300,Cromwell,Racial Profile,1000247,2500001051,Incident ID,2025-01-25 00:00:00,January,W,N,F,40,True,False,CROMWELL,Evergreen Road,  ,  ,V,G,1.0,0,14-301,,False,N,False,False,I,,,,,False,1.0,CT0003300,133843771207718144,2025-01-25 12:44:21.373000,12:44:21.373000,2025,14-12(a)*,,Stop Sign,2025
2025-02-18 13:32:03.130000,7226907.0,CT0003300,Cromwell,Racial Profile,1000255,2500001052,Incident ID,2025-01-25 00:00:00,January,W,N,F,21,True,False,CROMWELL,Shunpike Rd,  ,  ,V,G,1.0,0,14-296aa(b),,False,N,False,False,V,,,,,False,1.0,CT0003300,133843771207718144,2025-01-25 12:53:48.440000,12:53:48.440000,2025,,,Cell Phone,2025
2025-02-18 13:32:03.190000,7226924.0,CT0003300,Cromwell,Racial Profile,1000260,2500001062,Incident ID,2025-01-25 00:00:00,January,W,H,F,22,True,False,Cromwell,80 Shunpike,  ,  ,E,G,2.0,1,14-96c(a),,False,N,False,False,I,,,,,False,1.0,CT0003300,133843771207718144,2025-01-25 21:22:04.383000,21:22:04.383000,2025,14-213b,,Defective Lights,2025
2025-02-18 13:32:03.093000,7226894.0,CT0003300,Cromwell,Racial Profile,1000250,2500001049,Incident ID,2025-01-25 00:00:00,January,W,N,M,62,True,False,CROMWELL,BERLIN/WILLOWBROOK,  ,  ,V,G,1.0,0,14-12A*,,False,N,False,False,V,,,,,False,1.0,CT0003300,133843771207718144,2025-01-25 12:37:53.063000,12:37:53.063000,2025,,,Registration,2025
2025-02-18 13:32:03.187000,7226923.0,CT0003300,Cromwell,Racial Profile,1000260,2500001060,Incident ID,2025-01-25 00:00:00,January,A,N,M,49,True,True,CROMWELL,Coles Rd/Cedar,  ,  ,V,G,1.0,0,01-000,,False,N,False,False,N,,,,,False,1.0,CT0003300,133843771207718144,2025-01-25 18:48:32.820000,18:48:32.820000,2025,01-000,,Other,2025
2025-02-18 13:32:02.827000,7226825.0,CT0003300,Cromwell,Racial Profile,10102,2500001050,Incident ID,2025-01-25 00:00:00,January,W,N,M,45,True,False,CROMWELL,MAIN/SOUTH,  ,  ,V,B,1.0,0,14-219C,,False,N,False,False,M,,,,,False,1.0,CT0003300,133843771207718144,2025-01-25 12:42:41.450000,12:42:41.450000,2025,,,Speed Related,2025
2025-02-18 13:32:02.830000,7226826.0,CT0003300,Cromwell,Racial Profile,10102,2500001054,Incident ID,2025-01-25 00:00:00,January,W,N,M,44,True,True,CROMWELL,MAIN/SOUTH,  ,  ,V,B,1.0,0,14-219c,,False,N,False,False,M,,,,,False,1.0,CT0003300,133843771207718144,2025-01-25 13:04:03.183000,13:04:03.183000,2025,14-219c,,Speed Related,2025
2025-02-18 13:32:03.227000,7226936.0,CT0003300,Cromwell,Racial Profile,1000265,2500001090,Incident ID,2025-01-26 00:00:00,January,W,N,F,52,True,False,CROMWELL,195 WEST ST,  ,  ,I,G,1.0,0,14-213B,,False,N,False,False,I,,,,,False,1.0,CT0003300,133843771207718144,2025-01-26 07:25:47.143000,07:25:47.143000,2025,36a-53a,,Administrative Offense,2025
2025-02-18 13:32:03.040000,7226881.0,CT0003300,Cromwell,Racial Profile,1000247,2500001093,Incident ID,2025-01-26 00:00:00,January,W,N,M,48,True,True,CROMWELL,Evergreen Road,  ,  ,V,G,1.0,0,14-301,,False,N,False,False,V,,,,,False,1.0,CT0003300,133843771207718144,2025-01-26 08:56:29.640000,08:56:29.640000,2025,14-301,,Stop Sign,2025
2025-02-18 13:32:03.133000,7226908.0,CT0003300,Cromwell,Racial Profile,1000255,2500001095,Incident ID,2025-01-26 00:00:00,January,W,N,F,32,True,False,Cromwell,Shunpike Road,  ,  ,V,G,1.0,0,14-296aa(b),,False,N,False,False,V,,,,,False,1.0,CT0003300,133843771207718144,2025-01-26 10:26:15.773000,10:26:15.773000,2025,,,Cell Phone,2025
2025-02-18 13:32:03.223000,7226935.0,CT0003300,Cromwell,Racial Profile,1000265,2500001068,Incident ID,2025-01-26 00:00:00,January,W,N,M,22,True,False,CROMWELL,evergreen/shunpike,  ,  ,V,G,1.0,0,14-241,,False,N,False,False,V,,,,,False,1.0,CT0003300,133843771207718144,2025-01-26 00:02:40.053000,00:02:40.053000,2025,,,Moving Violation,2025
2025-02-18 13:32:03.050000,7226882.0,CT0003300,Cromwell,Racial Profile,1000247,2500001127,Incident ID,2025-01-27 00:00:00,January,B,M,M,49,True,False,CROMWELL,Geer Street,  ,  ,V,G,1.0,0,14-301,,False,N,False,False,I,,,,,False,1.0,CT0003300,133843771207718144,2025-01-27 10:14:24.820000,10:14:24.820000,2025,14-301,,Stop Sign,2025
2025-02-18 13:32:03.057000,7226884.0,CT0003300,Cromwell,Racial Profile,1000247,2500001141,Incident ID,2025-01-27 00:00:00,January,B,M,F,45,True,False,CROMWELL,Main Street,  ,  ,V,G,1.0,0,14-243(b),,False,N,False,False,I,,,,,False,1.0,CT0003300,133843771207718144,2025-01-27 15:15:57.680000,15:15:57.680000,2025,14-243(b),,Moving Violation,2025
2025-02-18 13:32:02.833000,7226827.0,CT0003300,Cromwell,Racial Profile,10102,2500001140,Incident ID,2025-01-27 00:00:00,January,W,H,F,54,True,False,CROMWELL,New Ln.,  ,  ,V,B,1.0,0,14-218a,,False,N,False,False,N,,,,,False,1.0,CT0003300,133843771207718144,2025-01-27 15:06:58.383000,15:06:58.383000,2025,,,Speed Related,2025
2025-02-18 13:32:03.137000,7226909.0,CT0003300,Cromwell,Racial Profile,1000255,2500001129,Incident ID,2025-01-27 00:00:00,January,W,N,M,50,True,True,CROMWELL,Shunpike Rd,  ,  ,V,G,1.0,0,14-296aa(b),,False,N,False,False,V,,,,,False,1.0,CT0003300,133843771207718144,2025-01-27 10:43:48.030000,10:43:48.030000,2025,,,Cell Phone,2025
2025-02-18 13:32:03.230000,7226937.0,CT0003300,Cromwell,Racial Profile,1000265,2500001123,Incident ID,2025-01-27 00:00:00,January,W,N,M,50,True,True,Cromwell,berlin rd,  ,  ,E,G,1.0,0,14-96e,,False,N,False,False,V,,,,,False,1.0,CT0003300,133843771207718144,2025-01-27 00:16:11.977000,00:16:11.977000,2025,,,Defective Lights,2025
2025-02-18 13:32:03.053000,7226883.0,CT0003300,Cromwell,Racial Profile,1000247,2500001138,Incident ID,2025-01-27 00:00:00,January,W,M,M,51,True,False,CROMWELL,Evergreen Road,  ,  ,V,G,1.0,0,14-301,,True,N,False,False,V,,,,,False,1.0,CT0003300,133843771207718144,2025-01-27 14:19:32.337000,14:19:32.337000,2025,14-301,,Stop Sign,2025
2025-02-18 13:32:02.910000,7226850.0,CT0003300,Cromwell,Racial Profile,1000225,2500001205,Incident ID,2025-01-28 00:00:00,January,W,H,M,27,True,False,Cromwell,Berlin Rd,  ,  ,V,G,2.0,0,14-12(a)*,,False,N,False,False,M,,,,,False,1.0,CT0003300,133843771207718144,2025-01-28 22:33:30.687000,22:33:30.687000,2025,14-213b,,Registration,2025
2025-02-18 13:32:02.983000,7226870.0,CT0003300,Cromwell,Racial Profile,1000234,2500001204,Incident ID,2025-01-28 00:00:00,January,W,N,M,55,True,False,CROMWELL,Berlin Rd,  ,  ,V,G,1.0,0,14-236,,False,N,False,False,V,,,,,False,1.0,CT0003300,133843771207718144,2025-01-28 22:16:05.147000,22:16:05.147000,2025,14-236,,Moving Violation,2025
2025-02-18 13:32:02.910000,7226849.0,CT0003300,Cromwell,Racial Profile,1000225,2500001201,Incident ID,2025-01-28 00:00:00,January,W,H,M,36,True,False,CROMWELL,Berlin Rd,  ,  ,E,G,2.0,1,14-96a(a),,False,N,False,False,M,,,,,False,1.0,CT0003300,133843771207718144,2025-01-28 21:45:13.627000,21:45:13.627000,2025,14-215(a),,Defective Lights,2025
2025-02-18 13:32:02.980000,7226869.0,CT0003300,Cromwell,Racial Profile,1000234,2500001202,Incident ID,2025-01-28 00:00:00,January,B,M,M,61,True,False,CROMWELL,BERLIN/SHUNPIKE,  ,  ,V,G,1.0,0,14-230,,False,N,False,False,V,,,,,False,1.0,CT0003300,133843771207718144,2025-01-28 21:49:18.803000,21:49:18.803000,2025,,,Moving Violation,2025
2025-02-18 13:32:02.840000,7226828.0,CT0003300,Cromwell,Racial Profile,10102,2500001182,Incident ID,2025-01-28 00:00:00,January,B,N,F,36,True,False,CROMWELL,Coles Rd.,  ,  ,V,B,1.0,0,14-218a,,False,N,False,False,I,,,,,False,1.0,CT0003300,133843771207718144,2025-01-28 08:27:29.870000,08:27:29.870000,2025,,,Speed Related,2025
2025-02-18 13:32:02.843000,7226829.0,CT0003300,Cromwell,Racial Profile,10102,2500001184,Incident ID,2025-01-28 00:00:00,January,W,N,M,60,True,True,CROMWELL,Court St.,  ,  ,V,B,1.0,0,14-218a,,False,N,False,False,V,,,,,False,1.0,CT0003300,133843771207718144,2025-01-28 09:28:32.163000,09:28:32.163000,2025,,,Speed Related,2025
2025-02-18 13:32:02.853000,7226830.0,CT0003300,Cromwell,Racial Profile,10102,2500001193,Incident ID,2025-01-28 00:00:00,January,W,N,M,19,True,True,CROMWELL,Coles Rd.,  ,  ,V,B,1.0,0,14-218a,,False,N,False,False,I,,,,,False,1.0,CT0003300,133843771207718144,2025-01-28 14:54:13.580000,14:54:13.580000,2025,,,Speed Related,2025
2025-02-18 13:32:03.060000,7226885.0,CT0003300,Cromwell,Racial Profile,1000247,2500001194,Incident ID,2025-01-28 00:00:00,January,W,N,F,78,True,False,CROMWELL,Court Street,  ,  ,V,G,1.0,0,14-301,,False,N,False,False,V,,,,,False,1.0,CT0003300,133843771207718144,2025-01-28 15:00:56.917000,15:00:56.917000,2025,14-301,,Stop Sign,2025
2025-02-18 13:32:03.213000,7226931.0,CT0003300,Cromwell,Racial Profile,1000262,2500001203,Incident ID,2025-01-28 00:00:00,January,B,M,M,21,True,False,Cromwell,Berlin Road @ Hammerhead ,  ,  ,V,G,2.0,0,14-96c,,False,N,False,False,I,,,,,False,1.0,CT0003300,133843771207718144,2025-01-28 22:01:56.053000,22:01:56.053000,2025,14-213b,,Defective Lights,2025
2025-02-18 13:32:02.867000,7226831.0,CT0003300,Cromwell,Racial Profile,10102,2500001195,Incident ID,2025-01-28 00:00:00,January,W,N,M,17,True,True,CROMWELL,COLES/CHRISTIAN,  ,  ,V,S,2.0,0,14-36g(a)(2),,False,N,False,False,I,,,,,False,1.0,CT0003300,133843771207718144,2025-01-28 15:05:14.170000,15:05:14.170000,2025,14-219,,Unlicensed Operation,2025
2025-02-18 13:32:03.140000,7226910.0,CT0003300,Cromwell,Racial Profile,1000255,2500001188,Incident ID,2025-01-28 00:00:00,January,W,N,F,28,True,False,CROMWELL,Shunpike Road,  ,  ,V,G,1.0,0,14-296aa(b),,False,N,False,False,V,,,,,False,1.0,CT0003300,133843771207718144,2025-01-28 12:21:33.993000,12:21:33.993000,2025,14-12(a)*,,Cell Phone,2025
2025-02-18 13:32:02.930000,7226857.0,CT0003300,Cromwell,Racial Profile,1000228,2500001232,Incident ID,2025-01-29 00:00:00,January,W,H,M,41,False,False,CROMWELL,Shunpike Rd and West St.,  ,  ,V,G,1.0,0,14-299,,False,N,False,False,V,,,,,False,1.0,CT0003300,133843771207718144,2025-01-29 05:58:27.750000,05:58:27.750000,2025,14-299,,Traffic Control Signal,2025
2025-02-18 13:32:03.157000,7226915.0,CT0003300,Cromwell,Racial Profile,1000258,2500001251,Incident ID,2025-01-29 00:00:00,January,W,N,M,26,True,True,CROMWELL,Coles Rd,  ,  ,E,G,1.0,0,14-96y,,False,N,False,False,V,,,,,False,1.0,CT0003300,133843771207718144,2025-01-29 21:35:09.943000,21:35:09.943000,2025,,,Defective Lights,2025
2025-02-18 13:32:02.880000,7226834.0,CT0003300,Cromwell,Racial Profile,10110,2500001233,Incident ID,2025-01-29 00:00:00,January,W,N,F,43,True,False,Cromwell,Main St. @ West St.,  ,  ,E,G,1.0,0,14-96y,,False,N,False,False,V,,,,,False,1.0,CT0003300,133843771207718144,2025-01-29 06:31:17.263000,06:31:17.263000,2025,14-96y,,Defective Lights,2025
2025-02-18 13:32:03.093000,7226895.0,CT0003300,Cromwell,Racial Profile,1000250,2500001291,Incident ID,2025-01-30 00:00:00,January,W,N,F,36,True,False,CROMWELL,Berlin Rd,  ,  ,V,G,2.0,1,14-12(a)*,,False,N,False,False,I,,,,,False,1.0,CT0003300,133843771207718144,2025-01-30 13:44:42.787000,13:44:42.787000,2025,,,Registration,2025
2025-02-18 13:32:03.217000,7226932.0,CT0003300,Cromwell,Racial Profile,1000262,2500001304,Incident ID,2025-01-30 00:00:00,January,B,M,M,22,True,True,CROMWELL,Shunpike Road @ Cromwell Hills Drive,  ,  ,V,G,1.0,0,14-299,,False,N,False,False,V,,,,,False,1.0,CT0003300,133843771207718144,2025-01-30 22:47:02.793000,22:47:02.793000,2025,14-299,,Traffic Control Signal,2025
2025-02-18 13:32:02.880000,7226835.0,CT0003300,Cromwell,Racial Profile,10110,2500001277,Incident ID,2025-01-30 00:00:00,January,W,N,M,64,True,False,CROMWELL,Main St. @ Shadow Ln.,  ,  ,E,G,1.0,0,14-96c,,False,N,False,False,V,,,,,False,1.0,CT0003300,133843771207718144,2025-01-30 06:26:43.167000,06:26:43.167000,2025,14-96c,,Defective Lights,2025
2025-02-18 13:32:03.167000,7226917.0,CT0003300,Cromwell,Racial Profile,1000258,2500001346,Incident ID,2025-01-31 00:00:00,January,B,M,F,35,True,False,CROMWELL,Shunpike Rd,  ,  ,V,G,1.0,0,14-299,,False,N,False,False,V,,,,,False,1.0,CT0003300,133843771207718144,2025-01-31 20:36:22.880000,20:36:22.880000,2025,14-299,,Traffic Control Signal,2025
2025-02-18 13:32:03.160000,7226916.0,CT0003300,Cromwell,Racial Profile,1000258,2500001341,Incident ID,2025-01-31 00:00:00,January,W,N,M,68,True,False,CROMWELL,West St,  ,  ,V,G,2.0,0,14-12(a)*,,False,N,False,False,I,,,,,False,1.0,CT0003300,133843771207718144,2025-01-31 17:09:29.770000,17:09:29.770000,2025,14-12(a)*,,Registration,2025
2025-02-18 13:32:03.170000,7226918.0,CT0003300,Cromwell,Racial Profile,1000258,2500001347,Incident ID,2025-01-31 00:00:00,January,W,N,M,21,True,False,CROMWELL,Berlin Rd,  ,  ,E,G,1.0,0,14-96a(a),,False,N,False,False,V,,,,,False,1.0,CT0003300,133843771207718144,2025-01-31 21:01:59.183000,21:01:59.183000,2025,14-96a(a),,Defective Lights,2025
2025-02-18 13:32:03.220000,7226933.0,CT0003300,Cromwell,Racial Profile,1000262,2500001344,Incident ID,2025-01-31 00:00:00,January,B,M,M,49,True,False,CROMWELL,Shunpike Road @ West Street,  ,  ,E,G,1.0,0,14-96a(a),,False,N,False,False,V,,,,,False,1.0,CT0003300,133843771207718144,2025-01-31 20:19:54.230000,20:19:54.230000,2025,14-96a(a),,Defective Lights,2025
2025-03-18 13:33:28.053000,7312568.0,CT0003300,Cromwell,Racial Profile,1000250,2500001382,Incident ID,2025-02-01 00:00:00,February,W,N,M,63,True,False,Cromwell,West St,  ,  ,V,B,1.0,0,14-215a,,False,N,False,False,N,,,,,False,1.0,CT0003300,133867928037921920,2025-02-01 12:20:22.230000,12:20:22.230000,2025,,,Administrative Offense,2025
2025-03-18 13:33:28.110000,7312583.0,CT0003300,Cromwell,Racial Profile,1000255,2500001379,Incident ID,2025-02-01 00:00:00,February,W,N,F,33,True,True,CROMWELL,Shunpike Rd,  ,  ,V,G,1.0,0,14-12(a)*,,False,N,False,False,V,,,,,False,1.0,CT0003300,133867928037921920,2025-02-01 11:37:49.900000,11:37:49.900000,2025,,,Registration,2025
2025-03-18 13:33:28.177000,7312600.0,CT0003300,Cromwell,Racial Profile,1000260,2500001395,Incident ID,2025-02-01 00:00:00,February,W,N,F,55,True,True,CROMWELL,main/evensen,  ,  ,V,G,1.0,0,14-18(a),,False,N,False,False,V,,,,,False,1.0,CT0003300,133867928037921920,2025-02-01 17:31:22.270000,17:31:22.270000,2025,14-18(a),,Display of Plates,2025
2025-03-18 13:33:28.177000,7312601.0,CT0003300,Cromwell,Racial Profile,1000260,2500001401,Incident ID,2025-02-01 00:00:00,February,W,N,M,60,True,True,CROMWELL,evergreen/washington,  ,  ,V,G,1.0,0,14-301,,False,N,False,False,V,,,,,False,1.0,CT0003300,133867928037921920,2025-02-01 21:03:48.207000,21:03:48.207000,2025,14-301,,Stop Sign,2025
2025-03-18 13:33:27.770000,7312500.0,CT0003300,Cromwell,Racial Profile,10102,2500001394,Incident ID,2025-02-01 00:00:00,February,W,N,M,54,True,True,CROMWELL,Coles Rd.,  ,  ,V,B,1.0,0,14-234,,False,N,False,False,I,,,,,False,1.0,CT0003300,133867928037921920,2025-02-01 17:19:04.843000,17:19:04.843000,2025,,,Moving Violation,2025
2025-03-18 13:33:27.873000,7312515.0,CT0003300,Cromwell,Racial Profile,10110,2500001376,Incident ID,2025-02-01 00:00:00,February,W,M,F,69,True,True,CROMWELL,Main Street @ Shadow Lane,  ,  ,E,G,1.0,0,14-96y,,False,N,False,False,V,,,,,False,1.0,CT0003300,133867928037921920,2025-02-01 06:52:24.790000,06:52:24.790000,2025,14-96y,,Defective Lights,2025
2025-03-18 13:33:28.183000,7312602.0,CT0003300,Cromwell,Racial Profile,1000260,2500001402,Incident ID,2025-02-01 00:00:00,February,W,N,M,24,True,False,CROMWELL,main/west,  ,  ,V,G,1.0,0,14-96a(a),,False,N,False,False,V,,,,,False,1.0,CT0003300,133867928037921920,2025-02-01 21:28:54.457000,21:28:54.457000,2025,14-96a(a),,Defective Lights,2025
2025-03-18 13:33:28.230000,7312613.0,CT0003300,Cromwell,Racial Profile,1000262,2500001398,Incident ID,2025-02-01 00:00:00,February,B,M,F,41,True,False,CROMWELL,129 Coles Road,  ,  ,V,G,3.0,1,14-35a,,False,N,False,False,M,,,,,False,1.0,CT0003300,133867928037921920,2025-02-01 18:44:58.977000,18:44:58.977000,2025,14-35a,,Other,2025
2025-03-18 13:33:28.050000,7312567.0,CT0003300,Cromwell,Racial Profile,1000250,2500001380,Incident ID,2025-02-01 00:00:00,February,W,N,M,44,True,False,Cromwell,Berlin Rd,  ,  ,V,G,1.0,0,14-96e,,False,N,False,False,V,,,,,False,1.0,CT0003300,133867928037921920,2025-02-01 11:49:59.060000,11:49:59.060000,2025,,,Defective Lights,2025
2025-03-18 13:33:28.060000,7312569.0,CT0003300,Cromwell,Racial Profile,1000250,2500001383,Incident ID,2025-02-01 00:00:00,February,W,N,F,34,True,False,Cromwell,West St,  ,  ,V,G,2.0,0,14-12(a)*,,False,N,False,False,I,,,,,False,1.0,CT0003300,133867928037921920,2025-02-01 12:44:47.320000,12:44:47.320000,2025,,,Registration,2025
2025-03-18 13:33:28.153000,7312593.0,CT0003300,Cromwell,Racial Profile,1000258,2500001393,Incident ID,2025-02-01 00:00:00,February,B,M,M,61,True,False,CROMWELL,Berlin Rd,  ,  ,V,G,1.0,0,14-12(a)*,,False,N,False,False,I,,,,,False,1.0,CT0003300,133867928037921920,2025-02-01 17:14:22.957000,17:14:22.957000,2025,14-12(a)*,,Registration,2025
2025-03-18 13:33:28.187000,7312603.0,CT0003300,Cromwell,Racial Profile,1000260,2500001447,Incident ID,2025-02-02 00:00:00,February,W,N,M,33,True,True,CROMWELL,SHUNPIKE/HORSE RUN HILL,  ,  ,V,S,2.0,0,14-215(a),,False,N,False,False,M,,,,,False,1.0,CT0003300,133867928037921920,2025-02-02 19:00:58.497000,19:00:58.497000,2025,36a-53a,,Administrative Offense,2025
2025-03-18 13:33:27.930000,7312532.0,CT0003300,Cromwell,Racial Profile,1000228,2500001412,Incident ID,2025-02-02 00:00:00,February,W,H,F,34,True,True,CROMWELL,Evergreen Rd. and Shunpike Rd.,  ,  ,V,G,1.0,0,14-299,,False,N,False,False,I,,,,,False,1.0,CT0003300,133867928037921920,2025-02-02 01:12:42.423000,01:12:42.423000,2025,14-299,,Traffic Control Signal,2025
2025-03-18 13:33:27.980000,7312550.0,CT0003300,Cromwell,Racial Profile,1000247,2500001436,Incident ID,2025-02-02 00:00:00,February,W,N,F,49,True,True,CROMWELL,Evergreen Road,  ,  ,V,G,1.0,0,14-301,,False,N,False,False,V,,,,,False,1.0,CT0003300,133867928037921920,2025-02-02 11:58:20.357000,11:58:20.357000,2025,14-301,,Stop Sign,2025
2025-03-18 13:33:28.063000,7312570.0,CT0003300,Cromwell,Racial Profile,1000250,2500001437,Incident ID,2025-02-02 00:00:00,February,W,N,M,38,True,True,CROMWELL,Court St,  ,  ,V,G,1.0,0,14-301,,False,N,False,False,N,,,,,False,1.0,CT0003300,133867928037921920,2025-02-02 12:46:45.830000,12:46:45.830000,2025,,,Stop Sign,2025
2025-03-18 13:33:28.080000,7312571.0,CT0003300,Cromwell,Racial Profile,1000250,2500001440,Incident ID,2025-02-02 00:00:00,February,W,N,F,42,True,True,CROMWELL,Berlin Rd,  ,  ,V,G,2.0,1,14-215a,,False,N,False,False,M,,,,,False,1.0,CT0003300,133867928037921920,2025-02-02 15:09:49.960000,15:09:49.960000,2025,,,Administrative Offense,2025
2025-03-18 13:33:28.123000,7312584.0,CT0003300,Cromwell,Racial Profile,1000255,2500001441,Incident ID,2025-02-02 00:00:00,February,W,N,M,19,True,True,CROMWELL,Evergreen Rd,  ,  ,V,G,1.0,0,14-296aa(b),,False,N,False,False,I,,,,,False,1.0,CT0003300,133867928037921920,2025-02-02 15:29:05.883000,15:29:05.883000,2025,14-301,,Cell Phone,2025
2025-03-18 13:33:27.917000,7312529.0,CT0003300,Cromwell,Racial Profile,1000225,2500001445,Incident ID,2025-02-02 00:00:00,February,B,N,M,24,True,True,CROMWELL,Berlin Rd,  ,  ,V,G,1.0,0,14-12(a)*,,False,N,False,False,N,,,,,False,1.0,CT0003300,133867928037921920,2025-02-02 18:16:08.200000,18:16:08.200000,2025,,,Registration,2025
2025-03-18 13:33:27.933000,7312533.0,CT0003300,Cromwell,Racial Profile,1000228,2500001416,Incident ID,2025-02-02 00:00:00,February,W,N,M,30,True,False,CROMWELL,I 91 N/B Exit 21 off ramp and Berlin Rd.,  ,  ,V,G,1.0,0,14-299,,False,N,False,False,I,,,,,False,1.0,CT0003300,133867928037921920,2025-02-02 02:05:25.923000,02:05:25.923000,2025,14-299,,Traffic Control Signal,2025
2025-03-18 13:33:27.940000,7312536.0,CT0003300,Cromwell,Racial Profile,1000234,2500001508,Incident ID,2025-02-03 00:00:00,February,W,M,F,16,True,True,CROMWELL,West St,  ,  ,V,G,1.0,0,14-12(a)*,,False,N,False,False,V,,,,,False,1.0,CT0003300,133867928037921920,2025-02-03 20:37:47.273000,20:37:47.273000,2025,14-12(a)*,,Registration,2025
2025-03-18 13:33:27.980000,7312551.0,CT0003300,Cromwell,Racial Profile,1000247,2500001470,Incident ID,2025-02-03 00:00:00,February,W,H,M,23,True,False,Cromwell,Berlin Road,  ,  ,V,G,1.0,0,14-12(a)*,,False,N,False,False,I,,,,,False,1.0,CT0003300,133867928037921920,2025-02-03 10:56:45.767000,10:56:45.767000,2025,14-12(a)*,,Registration,2025
2025-03-18 13:33:27.987000,7312553.0,CT0003300,Cromwell,Racial Profile,1000247,2500001483,Incident ID,2025-02-03 00:00:00,February,W,N,M,24,True,True,CROMWELL,Evergreen Road,  ,  ,V,G,1.0,0,14-301,,False,N,False,False,V,,,,,False,1.0,CT0003300,133867928037921920,2025-02-03 13:50:53.800000,13:50:53.800000,2025,14-301,,Stop Sign,2025
2025-03-18 13:33:27.780000,7312502.0,CT0003300,Cromwell,Racial Profile,10102,2500001466,Incident ID,2025-02-03 00:00:00,February,W,N,F,26,True,False,CROMWELL,Berlin Rd.,  ,  ,V,G,1.0,0,14-252a(a),,False,N,False,False,V,,,,,False,1.0,CT0003300,133867928037921920,2025-02-03 09:47:57.543000,09:47:57.543000,2025,,,Other,2025
2025-03-18 13:33:28.127000,7312585.0,CT0003300,Cromwell,Racial Profile,1000255,2500001485,Incident ID,2025-02-03 00:00:00,February,W,N,M,19,True,True,CROMWELL,Shunpike Road,  ,  ,V,G,1.0,0,14-296aa(b),,False,N,False,False,V,,,,,False,1.0,CT0003300,133867928037921920,2025-02-03 13:54:58.300000,13:54:58.300000,2025,,,Cell Phone,2025
2025-03-18 13:33:28.270000,7312627.0,CT0003300,Cromwell,Racial Profile,1000270,2500001512,Incident ID,2025-02-03 00:00:00,February,W,N,M,30,True,False,CROMWELL,123 BERLIN RD,  ,  ,V,G,1.0,0,14-299,,False,N,False,False,V,,,,,False,1.0,CT0003300,133867928037921920,2025-02-03 21:26:07.507000,21:26:07.507000,2025,,,Traffic Control Signal,2025
2025-03-18 13:33:27.943000,7312537.0,CT0003300,Cromwell,Racial Profile,1000234,2500001510,Incident ID,2025-02-03 00:00:00,February,W,H,M,25,True,False,CROMWELL,Berin Rd,  ,  ,V,G,3.0,1,14-147(c),,False,N,False,False,I,,,,,False,1.0,CT0003300,133867928037921920,2025-02-03 21:01:46.153000,21:01:46.153000,2025,14-213b,,Administrative Offense,2025
2025-03-18 13:33:27.773000,7312501.0,CT0003300,Cromwell,Racial Profile,10102,2500001465,Incident ID,2025-02-03 00:00:00,February,B,N,F,34,True,False,CROMWELL,Geer St.,  ,  ,V,G,1.0,0,14-301,,False,N,False,False,I,,,,,False,1.0,CT0003300,133867928037921920,2025-02-03 09:25:03.403000,09:25:03.403000,2025,,,Stop Sign,2025
2025-03-18 13:33:27.797000,7312503.0,CT0003300,Cromwell,Racial Profile,10102,2500001505,Incident ID,2025-02-03 00:00:00,February,A,N,F,34,True,False,CROMWELL,WEST/EAGER LANE,  ,  ,V,G,1.0,0,14-279,,False,N,False,False,V,,,,,False,1.0,CT0003300,133867928037921920,2025-02-03 16:12:19.780000,16:12:19.780000,2025,,,Other,2025
2025-03-18 13:33:27.983000,7312552.0,CT0003300,Cromwell,Racial Profile,1000247,2500001477,Incident ID,2025-02-03 00:00:00,February,W,N,F,34,True,True,CROMWELL,Evergreen Road,  ,  ,V,G,1.0,0,14-301,,False,N,False,False,V,,,,,False,1.0,CT0003300,133867928037921920,2025-02-03 13:28:39.437000,13:28:39.437000,2025,14-301,,Stop Sign,2025
2025-03-18 13:33:27.993000,7312554.0,CT0003300,Cromwell,Racial Profile,1000247,2500001556,Incident ID,2025-02-04 00:00:00,February,W,N,F,76,True,True,CROMWELL,Evergreen Rd,  ,  ,V,G,1.0,0,14-301,,False,N,False,False,V,,,,,False,1.0,CT0003300,133867928037921920,2025-02-04 11:18:05.947000,11:18:05.947000,2025,14-301,,Stop Sign,2025
2025-03-18 13:33:27.997000,7312555.0,CT0003300,Cromwell,Racial Profile,1000247,2500001571,Incident ID,2025-02-04 00:00:00,February,W,N,F,60,True,True,CROMWELL,Berlin Road,  ,  ,V,G,1.0,0,14-12(a)*,,False,N,False,False,I,,,,,False,1.0,CT0003300,133867928037921920,2025-02-04 15:01:15.470000,15:01:15.470000,2025,14-12(a)*,,Registration,2025
2025-03-18 13:33:28.190000,7312604.0,CT0003300,Cromwell,Racial Profile,1000260,2500001574,Incident ID,2025-02-04 00:00:00,February,W,N,F,57,True,True,CROMWELL,Court and Washington,  ,  ,V,G,1.0,0,14-301,,False,N,False,False,V,,,,,False,1.0,CT0003300,133867928037921920,2025-02-04 17:06:02.270000,17:06:02.270000,2025,14-301,,Stop Sign,2025
2025-03-18 13:33:28.257000,7312623.0,CT0003300,Cromwell,Racial Profile,1000265,2500001514,Incident ID,2025-02-04 00:00:00,February,W,N,F,19,True,False,CROMWELL,berlin rd,  ,  ,V,G,1.0,0,14-96a(a),,False,N,False,False,V,,,,,False,1.0,CT0003300,133867928037921920,2025-02-04 00:05:30.200000,00:05:30.200000,2025,,,Defective Lights,2025
2025-03-18 13:33:28.260000,7312624.0,CT0003300,Cromwell,Racial Profile,1000265,2500001547,Incident ID,2025-02-04 00:00:00,February,W,M,F,46,True,False,CROMWELL,shunpike rd,  ,  ,V,G,1.0,0,14-12(a)*,,False,N,False,False,V,,,,,False,1.0,CT0003300,133867928037921920,2025-02-04 07:36:36.087000,07:36:36.087000,2025,,,Registration,2025
2025-03-18 13:33:28.130000,7312586.0,CT0003300,Cromwell,Racial Profile,1000255,2500001563,Incident ID,2025-02-04 00:00:00,February,W,N,F,30,True,True,CROMWELL,Main St,  ,  ,V,G,1.0,0,14-12(a)*,,False,N,False,False,I,,,,,False,1.0,CT0003300,133867928037921920,2025-02-04 13:31:08.717000,13:31:08.717000,2025,,,Registration,2025
2025-03-18 13:33:28.270000,7312628.0,CT0003300,Cromwell,Racial Profile,1000270,2500001581,Incident ID,2025-02-04 00:00:00,February,W,N,M,55,True,True,Cromwell,coles Rd. Berlin Rd.,  ,  ,V,G,2.0,0,14-215,,False,N,False,False,M,,,,,False,1.0,CT0003300,133867928037921920,2025-02-04 21:42:42.070000,21:42:42.070000,2025,14-215,,Administrative Offense,2025
2025-03-18 13:33:27.810000,7312504.0,CT0003300,Cromwell,Racial Profile,10102,2500001548,Incident ID,2025-02-04 00:00:00,February,W,H,M,27,False,False,CROMWELL,Rt. 3,  ,  ,I,G,1.0,0,29-335,,False,N,False,False,N,,,,,False,1.0,CT0003300,133867928037921920,2025-02-04 08:19:05.030000,08:19:05.030000,2025,,,Other,2025
2025-03-18 13:33:27.877000,7312516.0,CT0003300,Cromwell,Racial Profile,10110,2500001545,Incident ID,2025-02-04 00:00:00,February,W,H,F,37,True,False,Cromwell,Route #372 @ Willowbrook Rd.,  ,  ,E,G,1.0,0,14-96y,,False,N,False,False,V,,,,,False,1.0,CT0003300,133867928037921920,2025-02-04 06:57:58.487000,06:57:58.487000,2025,14-96y,,Defective Lights,2025
2025-03-18 13:33:27.877000,7312517.0,CT0003300,Cromwell,Racial Profile,10110,2500001546,Incident ID,2025-02-04 00:00:00,February,W,N,F,25,True,False,CROMWELL,West Street @ Rte.#9 Exit #18,  ,  ,V,G,1.0,0,14-236,,False,N,False,False,N,,,,,False,1.0,CT0003300,133867928037921920,2025-02-04 07:29:45.047000,07:29:45.047000,2025,14-236,,Moving Violation,2025
2025-03-18 13:33:27.943000,7312538.0,CT0003300,Cromwell,Racial Profile,1000234,2500001636,Incident ID,2025-02-05 00:00:00,February,A,M,M,64,True,False,CROMWELL,Berlin Rd.,  ,  ,E,G,1.0,0,14-96c,,False,N,False,False,V,,,,,False,1.0,CT0003300,133867928037921920,2025-02-05 21:17:39.500000,21:17:39.500000,2025,14-96c,,Defective Lights,2025
2025-03-18 13:33:28,7312556.0,CT0003300,Cromwell,Racial Profile,1000247,2500001623,Incident ID,2025-02-05 00:00:00,February,W,N,F,74,True,True,CROMWELL,Evergreen Rd,  ,  ,V,G,1.0,0,14-301,,False,N,False,False,V,,,,,False,1.0,CT0003300,133867928037921920,2025-02-05 13:12:58.787000,13:12:58.787000,2025,14-301,,Stop Sign,2025
2025-03-18 13:33:27.813000,7312505.0,CT0003300,Cromwell,Racial Profile,10102,2500001614,Incident ID,2025-02-05 00:00:00,February,B,N,F,37,True,False,CROMWELL,Coles R.d,  ,  ,V,G,1.0,0,14-218a,,False,N,False,False,I,,,,,False,1.0,CT0003300,133867928037921920,2025-02-05 08:36:49.390000,08:36:49.390000,2025,,,Speed Related,2025
2025-03-18 13:33:27.817000,7312506.0,CT0003300,Cromwell,Racial Profile,10102,2500001615,Incident ID,2025-02-05 00:00:00,February,W,N,M,74,True,False,CROMWELL,Coles Rd.,  ,  ,V,B,1.0,0,14-218a,,False,N,False,False,I,,,,,False,1.0,CT0003300,133867928037921920,2025-02-05 08:49:12.340000,08:49:12.340000,2025,,,Speed Related,2025
2025-03-18 13:33:27.827000,7312507.0,CT0003300,Cromwell,Racial Profile,10102,2500001617,Incident ID,2025-02-05 00:00:00,February,W,N,M,31,True,False,CROMWELL,Coles Rd.,  ,  ,V,B,1.0,0,14-218a,,False,N,False,False,I,,,,,False,1.0,CT0003300,133867928037921920,2025-02-05 09:29:08.957000,09:29:08.957000,2025,,,Speed Related,2025
2025-03-18 13:33:28.190000,7312605.0,CT0003300,Cromwell,Racial Profile,1000260,2500001629,Incident ID,2025-02-05 00:00:00,February,W,H,F,35,True,False,CROMWELL,Nooks Hill/Prospect Hill Road,  ,  ,V,G,2.0,1,14-301,,False,N,False,False,I,,,,,False,1.0,CT0003300,133867928037921920,2025-02-05 16:48:14.013000,16:48:14.013000,2025,14-12(a)*,,Stop Sign,2025
2025-03-18 13:33:28.140000,7312587.0,CT0003300,Cromwell,Racial Profile,1000255,2500001624,Incident ID,2025-02-05 00:00:00,February,B,N,M,28,True,False,CROMWELL,Evergreen Rd,  ,  ,V,G,1.0,0,14-301,,False,N,False,False,V,,,,,False,1.0,CT0003300,133867928037921920,2025-02-05 13:21:19.800000,13:21:19.800000,2025,,,Stop Sign,2025
2025-03-18 13:33:27.880000,7312518.0,CT0003300,Cromwell,Racial Profile,10110,2500001666,Incident ID,2025-02-06 00:00:00,February,B,M,F,28,True,False,CROMWELL,West St. @ Rte.9 overpass,  ,  ,E,G,1.0,0,14-96a(a),,False,N,False,False,V,,,,,False,1.0,CT0003300,133867928037921920,2025-02-06 02:12:13.373000,02:12:13.373000,2025,14-96a(a),,Defective Lights,2025
2025-03-18 13:33:27.900000,7312526.0,CT0003300,Cromwell,Racial Profile,10114,2500001675,Incident ID,2025-02-06 00:00:00,February,W,N,M,38,True,False,CROMWELL,EVERGREEN/WASHINGTON,  ,  ,V,G,1.0,0,14-301,,False,N,False,False,V,,,,,False,1.0,CT0003300,133867928037921920,2025-02-06 07:59:46.840000,07:59:46.840000,2025,,,Stop Sign,2025
2025-03-18 13:33:28.157000,7312594.0,CT0003300,Cromwell,Racial Profile,1000258,2500001737,Incident ID,2025-02-07 00:00:00,February,W,H,F,37,True,True,CROMWELL,Coles Rd,  ,  ,E,G,1.0,0,14-96y,,False,N,False,False,V,,,,,False,1.0,CT0003300,133867928037921920,2025-02-07 20:17:18.483000,20:17:18.483000,2025,14-96y,,Defective Lights,2025
2025-03-18 13:33:28.080000,7312572.0,CT0003300,Cromwell,Racial Profile,1000250,2500001722,Incident ID,2025-02-07 00:00:00,February,B,N,F,33,True,False,CROMWELL,West St,  ,  ,V,G,2.0,1,14-215a,,False,N,False,False,M,,,,,False,1.0,CT0003300,133867928037921920,2025-02-07 12:00:13.190000,12:00:13.190000,2025,,,Administrative Offense,2025
2025-03-18 13:33:28.233000,7312614.0,CT0003300,Cromwell,Racial Profile,1000262,2500001736,Incident ID,2025-02-07 00:00:00,February,W,N,M,23,True,False,CROMWELL,Berlin Road @ Springhill Suites,  ,  ,V,G,1.0,0,14-299,,False,N,False,False,V,,,,,False,1.0,CT0003300,133867928037921920,2025-02-07 20:08:42.710000,20:08:42.710000,2025,14-299,,Traffic Control Signal,2025
2025-03-18 13:33:28.160000,7312595.0,CT0003300,Cromwell,Racial Profile,1000258,2500001739,Incident ID,2025-02-07 00:00:00,February,W,N,M,29,True,True,CROMWELL,West St,  ,  ,V,G,1.0,0,14-12(a)*,,False,N,False,False,I,,,,,False,1.0,CT0003300,133867928037921920,2025-02-07 20:36:38.043000,20:36:38.043000,2025,,,Registration,2025
2025-03-18 13:33:28.163000,7312596.0,CT0003300,Cromwell,Racial Profile,1000258,2500001785,Incident ID,2025-02-08 00:00:00,February,B,M,M,49,True,True,CROMWELL,Berlin Rd,  ,  ,E,G,1.0,0,14-96y,,False,N,False,False,V,,,,,False,1.0,CT0003300,133867928037921920,2025-02-08 20:39:42.453000,20:39:42.453000,2025,14-96y,,Defective Lights,2025
2025-03-18 13:33:27.973000,7312548.0,CT0003300,Cromwell,Racial Profile,1000245,2500001769,Incident ID,2025-02-08 00:00:00,February,B,N,M,35,True,False,Cromwell,West St,  ,  ,V,G,1.0,0,14-296aa(b),,False,N,False,False,M,,,,,False,1.0,CT0003300,133867928037921920,2025-02-08 10:24:12.540000,10:24:12.540000,2025,14-215a,,Cell Phone,2025
2025-03-18 13:33:28.083000,7312573.0,CT0003300,Cromwell,Racial Profile,1000250,2500001768,Incident ID,2025-02-08 00:00:00,February,W,N,F,27,True,False,Cromwell,West St,  ,  ,V,G,1.0,0,14-96e,,False,N,False,False,I,,,,,False,1.0,CT0003300,133867928037921920,2025-02-08 10:07:23.917000,10:07:23.917000,2025,,,Defective Lights,2025
2025-03-18 13:33:28.237000,7312615.0,CT0003300,Cromwell,Racial Profile,1000262,2500001784,Incident ID,2025-02-08 00:00:00,February,W,H,F,34,False,False,CROMWELL,Berlin Road @ River Grace Plaza,  ,  ,E,G,1.0,0,14-96a(a),,False,N,False,False,V,,,,,False,1.0,CT0003300,133867928037921920,2025-02-08 20:28:01.020000,20:28:01.020000,2025,14-96a(a),,Defective Lights,2025
2025-03-18 13:33:28.087000,7312574.0,CT0003300,Cromwell,Racial Profile,1000250,2500001797,Incident ID,2025-02-09 00:00:00,February,W,N,M,44,True,False,CROMWELL,Berlin Rd,  ,  ,V,G,2.0,1,14-215a,,False,N,False,False,M,,,,,False,1.0,CT0003300,133867928037921920,2025-02-09 14:20:14.043000,14:20:14.043000,2025,,,Administrative Offense,2025
2025-03-18 13:33:28.167000,7312597.0,CT0003300,Cromwell,Racial Profile,1000258,2500001800,Incident ID,2025-02-09 00:00:00,February,W,N,M,44,True,False,Cromwell,Berlin Rd,  ,  ,V,G,1.0,0,14-12(a)*,,False,N,False,False,V,,,,,False,1.0,CT0003300,133867928037921920,2025-02-09 18:02:03.277000,18:02:03.277000,2025,,,Registration,2025
2025-03-18 13:33:28.240000,7312616.0,CT0003300,Cromwell,Racial Profile,1000262,2500001802,Incident ID,2025-02-09 00:00:00,February,W,N,M,37,True,False,CROMWELL,Berlin Road @ Willowbrook,  ,  ,V,G,1.0,0,14-299,,False,N,False,False,V,,,,,False,1.0,CT0003300,133867928037921920,2025-02-09 19:11:43.407000,19:11:43.407000,2025,14-299,,Traffic Control Signal,2025
2025-03-18 13:33:28.193000,7312606.0,CT0003300,Cromwell,Racial Profile,1000260,2500001801,Incident ID,2025-02-09 00:00:00,February,W,N,F,41,True,True,CROMWELL,west st/cromwell square,  ,  ,V,G,1.0,0,14-299,,False,N,False,False,V,,,,,False,1.0,CT0003300,133867928037921920,2025-02-09 19:00:51.590000,19:00:51.590000,2025,14-299,,Traffic Control Signal,2025
2025-03-18 13:33:28.013000,7312557.0,CT0003300,Cromwell,Racial Profile,1000247,2500001836,Incident ID,2025-02-10 00:00:00,February,W,N,F,75,True,True,Cromwell,Geer Street,  ,  ,V,G,1.0,0,14-301,,False,N,False,False,V,,,,,False,1.0,CT0003300,133867928037921920,2025-02-10 13:12:27.843000,13:12:27.843000,2025,14-301,,Stop Sign,2025
2025-03-18 13:33:27.947000,7312539.0,CT0003300,Cromwell,Racial Profile,1000234,2500001847,Incident ID,2025-02-10 00:00:00,February,W,N,M,74,True,False,CROMWELL,Shunpike Rd,  ,  ,V,G,1.0,0,14-230,,False,N,False,False,V,,,,,False,1.0,CT0003300,133867928037921920,2025-02-10 20:32:44.717000,20:32:44.717000,2025,14-230,,Moving Violation,2025
2025-03-18 13:33:28.017000,7312558.0,CT0003300,Cromwell,Racial Profile,1000247,2500001839,Incident ID,2025-02-10 00:00:00,February,W,N,F,72,True,True,CROMWELL,Evergreen Rd,  ,  ,V,G,1.0,0,14-301,,False,N,False,False,V,,,,,False,1.0,CT0003300,133867928037921920,2025-02-10 13:52:24.320000,13:52:24.320000,2025,14-301,,Stop Sign,2025
2025-03-18 13:33:27.950000,7312540.0,CT0003300,Cromwell,Racial Profile,1000234,2500001849,Incident ID,2025-02-10 00:00:00,February,W,H,M,22,True,False,CROMWELL,Willowbrook Rd.,  ,  ,V,G,1.0,0,14-299,,False,N,False,False,V,,,,,False,1.0,CT0003300,133867928037921920,2025-02-10 21:08:24.970000,21:08:24.970000,2025,14-299,,Traffic Control Signal,2025
2025-03-18 13:33:28.087000,7312575.0,CT0003300,Cromwell,Racial Profile,1000250,2500001838,Incident ID,2025-02-10 00:00:00,February,W,N,M,25,True,False,CROMWELL,West St,  ,  ,V,G,1.0,0,14-12(a)*,,False,N,False,False,V,,,,,False,1.0,CT0003300,133867928037921920,2025-02-10 13:33:57.340000,13:33:57.340000,2025,,,Registration,2025
2025-03-18 13:33:27.907000,7312528.0,CT0003300,Cromwell,Racial Profile,10202,2500001852,Incident ID,2025-02-11 00:00:00,February,W,N,F,56,True,False,CROMWELL,Berlin Rd,  ,  ,V,G,3.0,0,14-236,,False,N,False,False,M,,,,,False,1.0,CT0003300,133867928037921920,2025-02-11 00:07:07.663000,00:07:07.663000,2025,14-215,,Moving Violation,2025
2025-03-18 13:33:28.200000,7312607.0,CT0003300,Cromwell,Racial Profile,1000260,2500001923,Incident ID,2025-02-12 00:00:00,February,W,N,M,24,True,False,CROMWELL,berlin/willowbrook,  ,  ,V,G,1.0,0,14-96a(a),,False,N,False,False,V,,,,,False,1.0,CT0003300,133867928037921920,2025-02-12 20:44:44.553000,20:44:44.553000,2025,14-96a(a),,Defective Lights,2025
2025-03-18 13:33:28.263000,7312625.0,CT0003300,Cromwell,Racial Profile,1000265,2500001893,Incident ID,2025-02-12 00:00:00,February,B,M,F,48,True,True,Cromwell,west st,  ,  ,E,G,2.0,0,14-96a(a),,False,N,False,False,I,,,,,False,1.0,CT0003300,133867928037921920,2025-02-12 00:09:22.170000,00:09:22.170000,2025,14-12(a)*,,Defective Lights,2025
2025-03-18 13:33:28.267000,7312626.0,CT0003300,Cromwell,Racial Profile,1000265,2500001907,Incident ID,2025-02-12 00:00:00,February,W,N,F,38,True,True,CROMWELL,shunpike ,  ,  ,E,G,1.0,0,14-96c,,False,N,False,False,V,,,,,False,1.0,CT0003300,133867928037921920,2025-02-12 05:59:52.607000,05:59:52.607000,2025,,,Defective Lights,2025
2025-03-18 13:33:28.203000,7312608.0,CT0003300,Cromwell,Racial Profile,1000260,2500001972,Incident ID,2025-02-13 00:00:00,February,W,N,F,17,True,True,CROMWELL,coles/winchester,  ,  ,V,G,1.0,0,14-96a(a),,False,N,False,False,V,,,,,False,1.0,CT0003300,133867928037921920,2025-02-13 18:25:56.680000,18:25:56.680000,2025,14-96a(a),,Defective Lights,2025
2025-03-18 13:33:28.273000,7312629.0,CT0003300,Cromwell,Racial Profile,1000270,2500001976,Incident ID,2025-02-13 00:00:00,February,W,N,F,42,True,False,CROMWELL,industrial,  ,  ,V,G,1.0,0,14-296aab,,False,N,False,False,V,,,,,False,1.0,CT0003300,133867928037921920,2025-02-13 21:31:18.377000,21:31:18.377000,2025,14-296aab,,Cell Phone,2025
2025-03-18 13:33:28.020000,7312559.0,CT0003300,Cromwell,Racial Profile,1000247,2500001965,Incident ID,2025-02-13 00:00:00,February,W,N,F,43,True,True,CROMWELL,Geer Street,  ,  ,V,G,1.0,0,14-301,,False,N,False,False,V,,,,,False,1.0,CT0003300,133867928037921920,2025-02-13 14:44:38.430000,14:44:38.430000,2025,14-301,,Stop Sign,2025
2025-03-18 13:33:28.093000,7312576.0,CT0003300,Cromwell,Racial Profile,1000250,2500001966,Incident ID,2025-02-13 00:00:00,February,W,N,M,33,True,False,CROMWELL,West St,  ,  ,V,G,1.0,0,14-215a,,False,N,False,False,N,,,,,False,1.0,CT0003300,133867928037921920,2025-02-13 14:53:27.733000,14:53:27.733000,2025,,,Administrative Offense,2025
2025-03-18 13:33:28.277000,7312630.0,CT0003300,Cromwell,Racial Profile,1000270,2500001979,Incident ID,2025-02-13 00:00:00,February,W,H,F,33,True,False,CROMWELL,Berlin Rd,  ,  ,E,G,1.0,0,14-96a(a),,False,N,False,False,V,,,,,False,1.0,CT0003300,133867928037921920,2025-02-13 22:43:38.673000,22:43:38.673000,2025,,,Defective Lights,2025
2025-03-18 13:33:28.280000,7312631.0,CT0003300,Cromwell,Racial Profile,1000270,2500002024,Incident ID,2025-02-14 00:00:00,February,W,H,M,34,True,False,Cromwell,West St,  ,  ,V,G,3.0,1,14-12(a)*,,False,N,False,False,M,,,,,False,1.0,CT0003300,133867928037921920,2025-02-14 18:00:36.867000,18:00:36.867000,2025,14-215(a),,Registration,2025
2025-03-18 13:33:28.167000,7312598.0,CT0003300,Cromwell,Racial Profile,1000258,2500002025,Incident ID,2025-02-14 00:00:00,February,A,M,M,70,True,True,CROMWELL,Berlin Rd,  ,  ,E,G,1.0,0,14-96y,,False,N,False,False,V,,,,,False,1.0,CT0003300,133867928037921920,2025-02-14 18:17:03.517000,18:17:03.517000,2025,,,Defective Lights,2025
2025-03-18 13:33:28.287000,7312633.0,CT0003300,Cromwell,Racial Profile,1000270,2500002032,Incident ID,2025-02-14 00:00:00,February,W,N,M,19,True,False,CROMWELL,Main St,  ,  ,V,G,1.0,0,14-218a,,False,N,False,False,I,,,,,False,1.0,CT0003300,133867928037921920,2025-02-14 21:34:35.650000,21:34:35.650000,2025,21a-279a(a)(1,,Speed Related,2025
2025-03-18 13:33:27.950000,7312541.0,CT0003300,Cromwell,Racial Profile,1000234,2500002030,Incident ID,2025-02-14 00:00:00,February,W,N,F,44,True,False,CROMWELL,2 WILLOWBROOK RD,  ,  ,V,S,1.0,0,14-12a,,False,N,False,False,I,,,,,False,1.0,CT0003300,133867928037921920,2025-02-14 20:43:02.090000,20:43:02.090000,2025,,,Registration,2025
2025-03-18 13:33:28.023000,7312560.0,CT0003300,Cromwell,Racial Profile,1000247,2500002015,Incident ID,2025-02-14 00:00:00,February,B,M,F,39,True,False,CROMWELL,Main Street,  ,  ,V,B,1.0,0,14-218a,,False,N,False,False,V,,,,,False,1.0,CT0003300,133867928037921920,2025-02-14 12:13:05.733000,12:13:05.733000,2025,14-218a,,Speed Related,2025
2025-03-18 13:33:28.097000,7312577.0,CT0003300,Cromwell,Racial Profile,1000250,2500002016,Incident ID,2025-02-14 00:00:00,February,B,N,M,26,True,False,CROMWELL,Shunpike Rd,  ,  ,V,G,2.0,1,14-215a,,False,N,False,False,M,,,,,False,1.0,CT0003300,133867928037921920,2025-02-14 12:52:31.757000,12:52:31.757000,2025,,,Administrative Offense,2025
2025-03-18 13:33:28.287000,7312634.0,CT0003300,Cromwell,Racial Profile,1000270,2500002035,Incident ID,2025-02-14 00:00:00,February,W,N,M,48,True,False,CROMWELL,Berlin Rd,  ,  ,V,G,3.0,1,14-12(a)*,,False,N,False,False,M,,,,,False,1.0,CT0003300,133867928037921920,2025-02-14 22:18:03.460000,22:18:03.460000,2025,14-215(a),,Registration,2025
2025-03-18 13:33:27.830000,7312508.0,CT0003300,Cromwell,Racial Profile,10102,2500002023,Incident ID,2025-02-14 00:00:00,February,W,N,M,34,True,True,CROMWELL,SHUNPIKE/COURT,  ,  ,E,G,1.0,0,14-96E,,False,N,False,False,V,,,,,False,1.0,CT0003300,133867928037921920,2025-02-14 17:47:58.017000,17:47:58.017000,2025,,,Defective Lights,2025
2025-03-18 13:33:28.240000,7312617.0,CT0003300,Cromwell,Racial Profile,1000262,2500002033,Incident ID,2025-02-14 00:00:00,February,B,M,F,44,True,False,CROMWELL,Berlin Road @ Stop and Shop,  ,  ,E,G,1.0,0,14-96a(a),,False,N,False,False,V,,,,,False,1.0,CT0003300,133867928037921920,2025-02-14 21:36:47.997000,21:36:47.997000,2025,14-96a(a),,Defective Lights,2025
2025-03-18 13:33:28.280000,7312632.0,CT0003300,Cromwell,Racial Profile,1000270,2500002031,Incident ID,2025-02-14 00:00:00,February,B,H,M,27,True,False,CROMWELL,Berlin Rd,  ,  ,V,G,2.0,0,14-215(a),,False,N,False,False,I,,,,,False,1.0,CT0003300,133867928037921920,2025-02-14 20:44:24.137000,20:44:24.137000,2025,14-36(a),,Administrative Offense,2025
2025-03-18 13:33:27.833000,7312509.0,CT0003300,Cromwell,Racial Profile,10102,2500002028,Incident ID,2025-02-14 00:00:00,February,A,M,M,17,True,True,CROMWELL,25 COURT ST,  ,  ,V,G,1.0,0,14-301,,False,N,False,False,N,,,,,False,1.0,CT0003300,133867928037921920,2025-02-14 20:22:59.490000,20:22:59.490000,2025,,,Stop Sign,2025
2025-03-18 13:33:28.100000,7312578.0,CT0003300,Cromwell,Racial Profile,1000250,2500002067,Incident ID,2025-02-15 00:00:00,February,W,N,F,29,True,False,CROMWELL,Berlin Rd,  ,  ,V,G,1.0,0,14-296aa(b)1,,False,N,False,False,V,,,,,False,1.0,CT0003300,133867928037921920,2025-02-15 14:40:11.473000,14:40:11.473000,2025,,,Cell Phone,2025
2025-03-18 13:33:27.837000,7312510.0,CT0003300,Cromwell,Racial Profile,10102,2500002092,Incident ID,2025-02-16 00:00:00,February,W,N,M,26,True,False,CROMWELL,Rt. 372,  ,  ,V,G,1.0,0,14-299,,False,N,False,False,V,,,,,False,1.0,CT0003300,133867928037921920,2025-02-16 12:31:09.900000,12:31:09.900000,2025,,,Traffic Control Signal,2025
2025-03-18 13:33:28.100000,7312579.0,CT0003300,Cromwell,Racial Profile,1000250,2500002130,Incident ID,2025-02-17 00:00:00,February,W,N,F,34,True,False,CROMWELL,Shunpike Rd,  ,  ,V,G,1.0,0,14-299,,False,N,False,False,V,,,,,False,1.0,CT0003300,133867928037921920,2025-02-17 09:58:00.180000,09:58:00.180000,2025,,,Traffic Control Signal,2025
2025-03-18 13:33:28.207000,7312609.0,CT0003300,Cromwell,Racial Profile,1000260,2500002145,Incident ID,2025-02-17 00:00:00,February,W,N,M,26,True,True,CROMWELL,Shunpike/Cromwell Hills Drive,  ,  ,V,G,1.0,0,14-299,,False,N,False,False,I,,,,,False,1.0,CT0003300,133867928037921920,2025-02-17 23:43:10.213000,23:43:10.213000,2025,14-299,,Traffic Control Signal,2025
2025-03-18 13:33:27.937000,7312534.0,CT0003300,Cromwell,Racial Profile,1000228,2500002158,Incident ID,2025-02-18 00:00:00,February,W,H,M,28,True,False,CROMWELL,East St. (Route 217) and Berlin Rd. (Route 372),  ,  ,V,G,1.0,0,14-299,,False,N,False,False,I,,,,,False,1.0,CT0003300,133867928037921920,2025-02-18 05:51:01.717000,05:51:01.717000,2025,14-299,,Traffic Control Signal,2025
2025-03-18 13:33:28.140000,7312588.0,CT0003300,Cromwell,Racial Profile,1000255,2500002169,Incident ID,2025-02-18 00:00:00,February,W,N,M,73,True,True,CROMWELL,Evergreen Rd,  ,  ,V,G,1.0,0,14-301,,False,N,False,False,V,,,,,False,1.0,CT0003300,133867928037921920,2025-02-18 14:49:18.187000,14:49:18.187000,2025,,,Stop Sign,2025
2025-03-18 13:33:28.103000,7312580.0,CT0003300,Cromwell,Racial Profile,1000250,2500002168,Incident ID,2025-02-18 00:00:00,February,W,N,M,72,True,True,CROMWELL,Court St,  ,  ,V,G,1.0,0,14-301,,False,N,False,False,V,,,,,False,1.0,CT0003300,133867928037921920,2025-02-18 14:19:51.163000,14:19:51.163000,2025,,,Stop Sign,2025
2025-03-18 13:33:27.920000,7312530.0,CT0003300,Cromwell,Racial Profile,1000225,2500002206,Incident ID,2025-02-19 00:00:00,February,W,N,F,49,True,False,CROMWELL,Berlin Rd,  ,  ,V,G,1.0,0,14-299,,False,N,False,False,V,,,,,False,1.0,CT0003300,133867928037921920,2025-02-19 10:43:41.190000,10:43:41.190000,2025,,,Traffic Control Signal,2025
2025-03-18 13:33:27.953000,7312542.0,CT0003300,Cromwell,Racial Profile,1000234,2500002222,Incident ID,2025-02-19 00:00:00,February,W,N,M,43,True,False,CROMWELL,Main St.,  ,  ,V,G,1.0,0,14-230,,False,N,False,False,V,,,,,False,1.0,CT0003300,133867928037921920,2025-02-19 21:14:20.920000,21:14:20.920000,2025,14-230,,Moving Violation,2025
2025-03-18 13:33:27.960000,7312543.0,CT0003300,Cromwell,Racial Profile,1000234,2500002223,Incident ID,2025-02-19 00:00:00,February,W,N,F,63,True,True,CROMWELL,Shunpike Rd.,  ,  ,V,G,1.0,0,14-247,,False,N,False,False,V,,,,,False,1.0,CT0003300,133867928037921920,2025-02-19 21:46:18.140000,21:46:18.140000,2025,14-247,,Moving Violation,2025
2025-03-18 13:33:28.217000,7312610.0,CT0003300,Cromwell,Racial Profile,1000260,2500002219,Incident ID,2025-02-19 00:00:00,February,W,N,F,24,True,True,CROMWELL,evergreen/washington,  ,  ,V,G,1.0,0,14-96a(a),,False,N,False,False,V,,,,,False,1.0,CT0003300,133867928037921920,2025-02-19 18:36:21.143000,18:36:21.143000,2025,14-96a(a),,Defective Lights,2025
2025-03-18 13:33:27.863000,7312511.0,CT0003300,Cromwell,Racial Profile,10102,2500002250,Incident ID,2025-02-20 00:00:00,February,W,N,M,52,True,True,CROMWELL,West St.,  ,  ,V,G,1.0,0,14-100a(d),,False,N,False,False,I,,,,,False,1.0,CT0003300,133867928037921920,2025-02-20 10:01:57.047000,10:01:57.047000,2025,,,Seatbelt,2025
2025-03-18 13:33:27.937000,7312535.0,CT0003300,Cromwell,Racial Profile,1000230,2500002249,Incident ID,2025-02-20 00:00:00,February,B,M,F,64,True,False,CROMWELL,RT 372 @ Coles Rd,  ,  ,V,B,2.0,0,14-12(a)*,,False,N,False,False,M,,,,,False,1.0,CT0003300,133867928037921920,2025-02-20 09:54:58.700000,09:54:58.700000,2025,14-215(a),,Registration,2025
2025-03-18 13:33:28.290000,7312635.0,CT0003300,Cromwell,Racial Profile,1000270,2500002270,Incident ID,2025-02-20 00:00:00,February,W,N,M,64,True,True,CROMWELL,main street,  ,  ,V,G,1.0,0,14-218(a),,False,N,False,False,V,,,,,False,1.0,CT0003300,133867928037921920,2025-02-20 23:12:25.720000,23:12:25.720000,2025,14-218(a),,Speed Related,2025
2025-03-18 13:33:28.143000,7312589.0,CT0003300,Cromwell,Racial Profile,1000255,2500002253,Incident ID,2025-02-20 00:00:00,February,W,N,M,35,True,True,CROMWELL,Shunpike Road,  ,  ,V,G,1.0,0,14-296aa(b),,False,N,False,False,V,,,,,False,1.0,CT0003300,133867928037921920,2025-02-20 11:47:29.530000,11:47:29.530000,2025,,,Cell Phone,2025
2025-03-18 13:33:28.243000,7312618.0,CT0003300,Cromwell,Racial Profile,1000262,2500002310,Incident ID,2025-02-21 00:00:00,February,W,N,F,50,True,False,CROMWELL,Berlin Road @ Cromwell Hill Drive,  ,  ,E,G,1.0,0,14-96a(a),,False,N,False,False,V,,,,,False,1.0,CT0003300,133867928037921920,2025-02-21 20:24:54.660000,20:24:54.660000,2025,14-96a(a),,Defective Lights,2025
2025-03-18 13:33:28.027000,7312561.0,CT0003300,Cromwell,Racial Profile,1000247,2500002287,Incident ID,2025-02-21 00:00:00,February,W,N,F,64,True,False,CROMWELL,Evergreen Road,  ,  ,V,G,1.0,0,14-301,,False,N,False,False,V,,,,,False,1.0,CT0003300,133867928037921920,2025-02-21 09:49:56.823000,09:49:56.823000,2025,14-301,,Stop Sign,2025
2025-03-18 13:33:28.147000,7312590.0,CT0003300,Cromwell,Racial Profile,1000255,2500002291,Incident ID,2025-02-21 00:00:00,February,W,N,F,60,True,True,CROMWELL,Main St,  ,  ,V,G,1.0,0,14-218a,,False,N,False,False,V,,,,,False,1.0,CT0003300,133867928037921920,2025-02-21 10:37:31.833000,10:37:31.833000,2025,,,Speed Related,2025
2025-03-18 13:33:27.867000,7312512.0,CT0003300,Cromwell,Racial Profile,10102,2500002304,Incident ID,2025-02-21 00:00:00,February,W,N,M,39,True,True,CROMWELL,COLES/SHUNPIKE,  ,  ,V,G,2.0,0,14-100A(D)2,,False,N,False,False,I,,,,,False,1.0,CT0003300,133867928037921920,2025-02-21 15:39:41.870000,15:39:41.870000,2025,,,Other,2025
2025-03-18 13:33:27.963000,7312544.0,CT0003300,Cromwell,Racial Profile,1000234,2500002362,Incident ID,2025-02-22 00:00:00,February,W,N,M,68,True,False,CROMWELL,Berlin Rd,  ,  ,V,G,1.0,0,14-299,,False,N,False,False,V,,,,,False,1.0,CT0003300,133867928037921920,2025-02-22 20:31:44.530000,20:31:44.530000,2025,14-299,,Traffic Control Signal,2025
2025-03-18 13:33:28.030000,7312562.0,CT0003300,Cromwell,Racial Profile,1000247,2500002351,Incident ID,2025-02-22 00:00:00,February,W,N,M,59,True,True,Cromwell,Evergreen Rd,  ,  ,V,G,1.0,0,14-301,,False,N,False,False,V,,,,,False,1.0,CT0003300,133867928037921920,2025-02-22 14:31:38.507000,14:31:38.507000,2025,14-301,,Stop Sign,2025
2025-03-18 13:33:27.867000,7312513.0,CT0003300,Cromwell,Racial Profile,10102,2500002357,Incident ID,2025-02-22 00:00:00,February,W,H,F,49,True,False,CROMWELL,Coles Rd.,  ,  ,V,B,1.0,0,14-219c,,False,N,False,False,M,,,,,False,1.0,CT0003300,133867928037921920,2025-02-22 18:08:09.630000,18:08:09.630000,2025,,,Speed Related,2025
2025-03-18 13:33:27.923000,7312531.0,CT0003300,Cromwell,Racial Profile,1000225,2500002358,Incident ID,2025-02-22 00:00:00,February,B,N,M,37,True,False,CROMWELL,Berlin Rd,  ,  ,V,G,1.0,0,14-299,,False,N,False,False,V,,,,,False,1.0,CT0003300,133867928037921920,2025-02-22 18:18:27.720000,18:18:27.720000,2025,,,Traffic Control Signal,2025
2025-03-18 13:33:28.170000,7312599.0,CT0003300,Cromwell,Racial Profile,1000258,2500002361,Incident ID,2025-02-22 00:00:00,February,W,N,F,38,True,False,CROMWELL,Berlin Rd,  ,  ,E,G,1.0,0,14-96y,,False,N,False,False,V,,,,,False,1.0,CT0003300,133867928037921920,2025-02-22 20:25:38.420000,20:25:38.420000,2025,,,Defective Lights,2025
2025-03-18 13:33:28.247000,7312619.0,CT0003300,Cromwell,Racial Profile,1000262,2500002363,Incident ID,2025-02-22 00:00:00,February,W,N,F,47,True,False,CROMWELL,Shunpike Road @ West St (372),  ,  ,V,G,1.0,0,14-299,,False,N,False,False,V,,,,,False,1.0,CT0003300,133867928037921920,2025-02-22 21:38:35.893000,21:38:35.893000,2025,14-299,,Traffic Control Signal,2025
2025-03-18 13:33:28.250000,7312620.0,CT0003300,Cromwell,Racial Profile,1000262,2500002408,Incident ID,2025-02-23 00:00:00,February,B,M,M,23,True,False,CROMWELL,Shunpike @ Berlin Road,  ,  ,E,G,1.0,0,14-96a(a),,False,N,False,False,V,,,,,False,1.0,CT0003300,133867928037921920,2025-02-23 21:56:37.850000,21:56:37.850000,2025,14-96a(a),,Defective Lights,2025
2025-03-18 13:33:27.977000,7312549.0,CT0003300,Cromwell,Racial Profile,1000245,2500002403,Incident ID,2025-02-23 00:00:00,February,W,N,M,39,True,False,CROMWELL,West St,  ,  ,E,G,1.0,0,14-12(a)*,,False,N,False,False,V,,,,,False,1.0,CT0003300,133867928037921920,2025-02-23 14:20:00.817000,14:20:00.817000,2025,14-12(a)*,,Registration,2025
2025-03-18 13:33:28.107000,7312581.0,CT0003300,Cromwell,Racial Profile,1000250,2500002402,Incident ID,2025-02-23 00:00:00,February,W,N,F,55,True,True,CROMWELL,Evergreen Rd,  ,  ,V,G,1.0,0,14-301,,False,N,False,False,V,,,,,False,1.0,CT0003300,133867928037921920,2025-02-23 14:15:16.160000,14:15:16.160000,2025,36a-53a,,Stop Sign,2025
2025-03-18 13:33:28.110000,7312582.0,CT0003300,Cromwell,Racial Profile,1000250,2500002447,Incident ID,2025-02-24 00:00:00,February,W,N,F,28,True,True,CROMWELL,Evergreen Rd,  ,  ,V,G,1.0,0,14-301,,False,N,False,False,V,,,,,False,1.0,CT0003300,133867928037921920,2025-02-24 15:41:37.540000,15:41:37.540000,2025,,,Stop Sign,2025
2025-03-18 13:33:28.253000,7312621.0,CT0003300,Cromwell,Racial Profile,1000262,2500002451,Incident ID,2025-02-24 00:00:00,February,W,N,M,24,True,False,CROMWELL,Berlin Road @ Willowbrook,  ,  ,V,G,1.0,0,14-299,,False,N,False,False,V,,,,,False,1.0,CT0003300,133867928037921920,2025-02-24 22:11:26.257000,22:11:26.257000,2025,14-299,,Traffic Control Signal,2025
2025-03-18 13:33:27.883000,7312519.0,CT0003300,Cromwell,Racial Profile,10110,2500002427,Incident ID,2025-02-24 00:00:00,February,W,N,F,32,True,True,CROMWELL,Rte.372 @ Willowbrook Rd,  ,  ,V,G,1.0,0,14-18(a),,False,N,False,False,V,,,,,False,1.0,CT0003300,133867928037921920,2025-02-24 06:44:37.873000,06:44:37.873000,2025,14-12a,,Display of Plates,2025
2025-03-18 13:33:28.257000,7312622.0,CT0003300,Cromwell,Racial Profile,1000262,2500002509,Incident ID,2025-02-25 00:00:00,February,W,N,F,30,False,False,CROMWELL,Berlin Road @ Willowbrook,  ,  ,V,G,1.0,0,14-299,,False,N,False,False,V,,,,,False,1.0,CT0003300,133867928037921920,2025-02-25 22:33:22.357000,22:33:22.357000,2025,14-299,,Traffic Control Signal,2025
2025-03-18 13:33:27.883000,7312520.0,CT0003300,Cromwell,Racial Profile,10110,2500002482,Incident ID,2025-02-25 00:00:00,February,W,N,F,52,True,False,Cromwell,Rte.372 @ Hammerhead Pl,  ,  ,E,G,1.0,0,14-96y,,False,N,False,False,V,,,,,False,1.0,CT0003300,133867928037921920,2025-02-25 02:47:06.697000,02:47:06.697000,2025,14-96y,,Defective Lights,2025
2025-03-18 13:33:27.887000,7312521.0,CT0003300,Cromwell,Racial Profile,10110,2500002485,Incident ID,2025-02-25 00:00:00,February,B,M,M,39,True,False,CROMWELL,Rte. #372 @ Willowbrook Rd.,  ,  ,E,G,1.0,0,14-96y,,False,N,False,False,V,,,,,False,1.0,CT0003300,133867928037921920,2025-02-25 02:54:21.687000,02:54:21.687000,2025,14-96y,,Defective Lights,2025
2025-03-18 13:33:27.870000,7312514.0,CT0003300,Cromwell,Racial Profile,10106,2500002500,Incident ID,2025-02-25 00:00:00,February,B,N,M,18,True,False,CROMWELL,Rt 3 near Horse run hill rd,  ,  ,V,G,1.0,0,14-80a(a),,False,N,False,False,I,,,,,False,1.0,CT0003300,133867928037921920,2025-02-25 16:11:41.367000,16:11:41.367000,2025,,,Equipment Violation,2025
2025-03-18 13:33:28.150000,7312591.0,CT0003300,Cromwell,Racial Profile,1000255,2500002554,Incident ID,2025-02-26 00:00:00,February,W,N,M,24,True,False,CROMWELL,Berlin Rd,  ,  ,V,G,1.0,0,14-12(a)*,,False,N,False,False,I,,,,,False,1.0,CT0003300,133867928037921920,2025-02-26 09:56:30.073000,09:56:30.073000,2025,,,Registration,2025
2025-03-18 13:33:28.033000,7312564.0,CT0003300,Cromwell,Racial Profile,1000247,2500002561,Incident ID,2025-02-26 00:00:00,February,W,N,F,45,True,True,CROMWELL,Main Street,  ,  ,V,G,1.0,0,14-218a,,False,N,False,False,V,,,,,False,1.0,CT0003300,133867928037921920,2025-02-26 12:41:02.793000,12:41:02.793000,2025,14-218a,,Speed Related,2025
2025-03-18 13:33:28.037000,7312565.0,CT0003300,Cromwell,Racial Profile,1000247,2500002563,Incident ID,2025-02-26 00:00:00,February,W,N,F,74,True,True,CROMWELL,Geer Street,  ,  ,V,G,1.0,0,14-301,,False,N,False,False,V,,,,,False,1.0,CT0003300,133867928037921920,2025-02-26 13:25:21.673000,13:25:21.673000,2025,14-301,,Stop Sign,2025
2025-03-18 13:33:28.030000,7312563.0,CT0003300,Cromwell,Racial Profile,1000247,2500002559,Incident ID,2025-02-26 00:00:00,February,W,N,M,47,True,False,CROMWELL,Main Street,  ,  ,V,B,1.0,0,14-218a,,False,N,False,False,V,,,,,False,1.0,CT0003300,133867928037921920,2025-02-26 11:50:23.687000,11:50:23.687000,2025,14-218a,,Speed Related,2025
2025-03-18 13:33:28.047000,7312566.0,CT0003300,Cromwell,Racial Profile,1000247,2500002599,Incident ID,2025-02-27 00:00:00,February,W,N,F,64,True,False,CROMWELL,Evergreen Road,  ,  ,V,G,1.0,0,14-301,,False,N,False,False,V,,,,,False,1.0,CT0003300,133867928037921920,2025-02-27 11:33:15.733000,11:33:15.733000,2025,14-301,,Stop Sign,2025
2025-03-18 13:33:27.903000,7312527.0,CT0003300,Cromwell,Racial Profile,10127,2500002612,Incident ID,2025-02-27 00:00:00,February,W,N,M,31,True,False,CROMWELL,BERIN/EXIT 21 1-91  N,  ,  ,V,G,1.0,0,14-236,,False,N,False,False,V,,,,,False,1.0,CT0003300,133867928037921920,2025-02-27 20:49:25.117000,20:49:25.117000,2025,,,Moving Violation,2025
2025-03-18 13:33:27.967000,7312545.0,CT0003300,Cromwell,Racial Profile,1000234,2500002615,Incident ID,2025-02-27 00:00:00,February,W,N,F,70,True,True,CROMWELL,West St,  ,  ,E,G,1.0,0,14-96c,,False,N,False,False,V,,,,,False,1.0,CT0003300,133867928037921920,2025-02-27 21:52:58.413000,21:52:58.413000,2025,14-96c,,Defective Lights,2025
2025-03-18 13:33:28.220000,7312611.0,CT0003300,Cromwell,Racial Profile,1000260,2500002614,Incident ID,2025-02-27 00:00:00,February,W,N,F,30,True,False,CROMWELL,berlin/coles,  ,  ,E,G,1.0,0,14-96a(a),,False,N,False,False,V,,,,,False,1.0,CT0003300,133867928037921920,2025-02-27 21:43:40.070000,21:43:40.070000,2025,14-96a(a),,Defective Lights,2025
2025-03-18 13:33:28.150000,7312592.0,CT0003300,Cromwell,Racial Profile,1000255,2500002635,Incident ID,2025-02-28 00:00:00,February,W,N,F,47,True,True,CROMWELL,Shunpike Rd,  ,  ,V,G,1.0,0,14-296aa(b),,False,N,False,False,V,,,,,False,1.0,CT0003300,133867928037921920,2025-02-28 09:59:01.543000,09:59:01.543000,2025,,,Cell Phone,2025
2025-03-18 13:33:27.970000,7312547.0,CT0003300,Cromwell,Racial Profile,1000234,2500002653,Incident ID,2025-02-28 00:00:00,February,A,M,M,60,True,False,CROMWELL,Berlin Rd.,  ,  ,V,G,3.0,0,14-242,,False,N,False,True,U,,,,,False,1.0,CT0003300,133867928037921920,2025-02-28 22:43:13.940000,22:43:13.940000,2025,51-164r(a)*,,Moving Violation,2025
2025-03-18 13:33:27.893000,7312524.0,CT0003300,Cromwell,Racial Profile,10110,2500002647,Incident ID,2025-02-28 00:00:00,February,W,N,M,19,True,False,CROMWELL,Rte.#372 @ Shop & Shop Exit,  ,  ,E,G,1.0,0,14-96y,,False,N,False,False,V,,,,,False,1.0,CT0003300,133867928037921920,2025-02-28 19:17:43.467000,19:17:43.467000,2025,14-96y,,Defective Lights,2025
2025-03-18 13:33:27.897000,7312525.0,CT0003300,Cromwell,Racial Profile,10110,2500002648,Incident ID,2025-02-28 00:00:00,February,W,N,M,35,True,True,CROMWELL,New Lane @ West Street,  ,  ,V,G,1.0,0,14-301,,False,N,False,False,I,,,,,False,1.0,CT0003300,133867928037921920,2025-02-28 19:45:24.960000,19:45:24.960000,2025,14-301,,Stop Sign,2025
2025-03-18 13:33:28.223000,7312612.0,CT0003300,Cromwell,Racial Profile,1000260,2500002650,Incident ID,2025-02-28 00:00:00,February,W,N,F,41,True,False,CROMWELL,Berlin Road,  ,  ,V,G,2.0,0,14-299,,False,N,False,False,M,,,,,False,1.0,CT0003300,133867928037921920,2025-02-28 22:02:52.423000,22:02:52.423000,2025,14-215(a),,Traffic Control Signal,2025
2025-03-18 13:33:27.890000,7312522.0,CT0003300,Cromwell,Racial Profile,10110,2500002644,Incident ID,2025-02-28 00:00:00,February,W,N,F,50,True,True,CROMWELL,West St. @ Rte.#372,  ,  ,V,G,1.0,0,14-299,,False,N,False,False,V,,,,,False,1.0,CT0003300,133867928037921920,2025-02-28 17:38:42.067000,17:38:42.067000,2025,14-299,,Traffic Control Signal,2025
2025-03-18 13:33:27.890000,7312523.0,CT0003300,Cromwell,Racial Profile,10110,2500002645,Incident ID,2025-02-28 00:00:00,February,W,N,M,45,True,False,CROMWELL,Rte. #372 @ Sebethe Dr.,  ,  ,E,G,1.0,0,14-96y,,False,N,False,False,V,,,,,False,1.0,CT0003300,133867928037921920,2025-02-28 18:05:29.813000,18:05:29.813000,2025,14-96y,,Defective Lights,2025
2025-03-18 13:33:27.970000,7312546.0,CT0003300,Cromwell,Racial Profile,1000234,2500002652,Incident ID,2025-02-28 00:00:00,February,A,M,M,60,True,False,CROMWELL,EXIT 21 1-91N/BERLIN RD,  ,  ,V,G,1.0,0,14-242,,False,N,False,False,V,,,,,False,1.0,CT0003300,133867928037921920,2025-02-28 22:29:24.583000,22:29:24.583000,2025,,,Moving Violation,2025
2025-04-18 13:29:58.090000,7367889.0,CT0003300,Cromwell,Racial Profile,10110,2500002707,Incident ID,2025-03-02 00:00:00,March,W,N,M,71,True,False,CROMWELL,Rte. #372 @ Industrial Park Rd.,  ,  ,V,G,1.0,0,14-100a(c)(1),,False,N,False,False,V,,,,,False,1.0,CT0003300,133894709939662800,2025-03-02 10:02:29.480000,10:02:29.480000,2025,14-100a(c)(1),,Seatbelt,2025
2025-04-18 13:29:58.090000,7367888.0,CT0003300,Cromwell,Racial Profile,10106,2500002720,Incident ID,2025-03-02 00:00:00,March,W,N,M,56,True,True,CROMWELL,Court St at the intersection of Washington Rd,  ,  ,V,G,1.0,0,14-301,,False,N,False,False,I,,,,,False,1.0,CT0003300,133894709939662800,2025-03-02 18:39:23.283000,18:39:23.283000,2025,,,Stop Sign,2025
2025-04-18 13:29:58.213000,7367934.0,CT0003300,Cromwell,Racial Profile,1000250,2500002716,Incident ID,2025-03-02 00:00:00,March,W,N,M,28,True,True,CROMWELL,Shunpike Rd,  ,  ,V,G,1.0,0,14-12(a)*,,False,N,False,False,N,,,,,False,1.0,CT0003300,133894709939662800,2025-03-02 14:24:23.260000,14:24:23.260000,2025,,,Registration,2025
2025-04-18 13:29:58.213000,7367935.0,CT0003300,Cromwell,Racial Profile,1000250,2500002717,Incident ID,2025-03-02 00:00:00,March,W,N,F,26,True,False,CROMWELL,SHUNPIKE/BERLIN,  ,  ,E,G,1.0,0,14-96E,,False,N,False,False,V,,,,,False,1.0,CT0003300,133894709939662800,2025-03-02 14:32:11.043000,14:32:11.043000,2025,,,Defective Lights,2025
2025-04-18 13:29:58.217000,7367936.0,CT0003300,Cromwell,Racial Profile,1000250,2500002717,Incident ID,2025-03-02 00:00:00,March,W,N,M,28,True,False,CROMWELL,Shunpike Rd,  ,  ,V,G,1.0,0,14-96e,,False,N,False,False,V,,,,,False,1.0,CT0003300,133894709939662800,2025-03-02 14:32:11.043000,14:32:11.043000,2025,,,Defective Lights,2025
2025-04-18 13:29:58.073000,7367881.0,CT0003300,Cromwell,Racial Profile,10102,2500002715,Incident ID,2025-03-02 00:00:00,March,W,N,F,18,False,False,CROMWELL,Coles Rd.,  ,  ,V,B,1.0,0,14-218a,,False,N,False,False,I,,,,,False,1.0,CT0003300,133894709939662800,2025-03-02 14:20:03.460000,14:20:03.460000,2025,,,Speed Related,2025
2025-04-18 13:29:58.163000,7367916.0,CT0003300,Cromwell,Racial Profile,1000225,2500002796,Incident ID,2025-03-04 00:00:00,March,W,N,F,21,True,False,CROMWELL,Berlin Rd @ Insdustrial Park Rd,  ,  ,V,G,1.0,0,14-299,,False,N,False,False,V,,,,,False,1.0,CT0003300,133894709939662800,2025-03-04 19:18:21.837000,19:18:21.837000,2025,,,Traffic Control Signal,2025
2025-04-18 13:29:58.220000,7367937.0,CT0003300,Cromwell,Racial Profile,1000250,2500002792,Incident ID,2025-03-04 00:00:00,March,W,N,F,65,True,False,Cromwell,Main St,  ,  ,V,G,1.0,0,14-218a,,False,N,False,False,V,,,,,False,1.0,CT0003300,133894709939662800,2025-03-04 15:32:53.280000,15:32:53.280000,2025,,,Speed Related,2025
2025-04-18 13:29:58.240000,7367939.0,CT0003300,Cromwell,Racial Profile,1000250,2500002834,Incident ID,2025-03-05 00:00:00,March,W,N,M,44,True,True,CROMWELL,Court St,  ,  ,V,G,1.0,0,14-301,,False,N,False,False,V,,,,,False,1.0,CT0003300,133894709939662800,2025-03-05 15:33:50.700000,15:33:50.700000,2025,,,Stop Sign,2025
2025-04-18 13:29:58.237000,7367938.0,CT0003300,Cromwell,Racial Profile,1000250,2500002826,Incident ID,2025-03-05 00:00:00,March,W,N,F,29,True,False,CROMWELL,Washington Rd,  ,  ,V,G,1.0,0,14-12(a)*,,False,N,False,False,V,,,,,False,1.0,CT0003300,133894709939662800,2025-03-05 12:35:33.750000,12:35:33.750000,2025,,,Registration,2025
2025-04-18 13:29:58.310000,7367958.0,CT0003300,Cromwell,Racial Profile,1000260,2500002829,Incident ID,2025-03-05 00:00:00,March,A,N,F,21,True,False,CROMWELL,court/washington,  ,  ,V,G,2.0,0,14-12(a)*,,False,N,False,False,I,,,,,False,1.0,CT0003300,133894709939662800,2025-03-05 13:29:01.867000,13:29:01.867000,2025,14-12(a)*,,Registration,2025
2025-04-18 13:29:58.093000,7367890.0,CT0003300,Cromwell,Racial Profile,10110,2500002822,Incident ID,2025-03-05 00:00:00,March,W,N,F,74,True,True,CROMWELL,Berlin Rd. @ Coles Rd.,  ,  ,V,G,1.0,0,14-299,,False,N,False,False,V,,,,,False,1.0,CT0003300,133894709939662800,2025-03-05 10:36:05.517000,10:36:05.517000,2025,14-299,,Traffic Control Signal,2025
2025-04-18 13:29:58.197000,7367928.0,CT0003300,Cromwell,Racial Profile,1000247,2500002865,Incident ID,2025-03-06 00:00:00,March,B,M,M,39,True,True,CROMWELL,Country Squire,  ,  ,V,G,1.0,0,14-299,,False,N,False,False,V,,,,,False,1.0,CT0003300,133894709939662800,2025-03-06 06:37:10.207000,06:37:10.207000,2025,14-299,,Traffic Control Signal,2025
2025-04-18 13:29:58.310000,7367959.0,CT0003300,Cromwell,Racial Profile,1000260,2500002875,Incident ID,2025-03-06 00:00:00,March,W,N,F,71,True,True,CROMWELL,main/court,  ,  ,V,G,1.0,0,14-299,,False,N,False,False,V,,,,,False,1.0,CT0003300,133894709939662800,2025-03-06 11:47:40.097000,11:47:40.097000,2025,14-299,,Traffic Control Signal,2025
2025-04-18 13:29:58.340000,7367972.0,CT0003300,Cromwell,Racial Profile,1000262,2500002884,Incident ID,2025-03-06 00:00:00,March,B,M,F,23,True,False,Cromwell,Berlin Road @ Willowbrook,  ,  ,V,G,1.0,0,14-299,,False,N,False,False,V,,,,,False,1.0,CT0003300,133894709939662800,2025-03-06 14:16:59.910000,14:16:59.910000,2025,14-299,,Traffic Control Signal,2025
2025-04-18 13:29:58.200000,7367929.0,CT0003300,Cromwell,Racial Profile,1000247,2500002866,Incident ID,2025-03-06 00:00:00,March,W,N,F,38,True,True,CROMWELL,Evergreen Road,  ,  ,V,G,1.0,0,14-301,,False,N,False,False,V,,,,,False,1.0,CT0003300,133894709939662800,2025-03-06 07:17:18.157000,07:17:18.157000,2025,14-301,,Stop Sign,2025
2025-04-18 13:29:58.313000,7367960.0,CT0003300,Cromwell,Racial Profile,1000260,2500002957,Incident ID,2025-03-08 00:00:00,March,W,N,M,63,True,True,CROMWELL,evergreen/high ridge,  ,  ,V,G,1.0,0,14-301,,False,N,False,False,V,,,,,False,1.0,CT0003300,133894709939662800,2025-03-08 09:18:11.637000,09:18:11.637000,2025,14-301,,Stop Sign,2025
2025-04-18 13:29:58.317000,7367961.0,CT0003300,Cromwell,Racial Profile,1000260,2500002965,Incident ID,2025-03-08 00:00:00,March,W,N,M,21,True,True,CROMWELL,evergreen/washington,  ,  ,V,G,1.0,0,14-301,,False,N,False,False,V,,,,,False,1.0,CT0003300,133894709939662800,2025-03-08 15:01:25.060000,15:01:25.060000,2025,14-301,,Stop Sign,2025
2025-04-18 13:29:58.317000,7367962.0,CT0003300,Cromwell,Racial Profile,1000260,2500003002,Incident ID,2025-03-09 00:00:00,March,W,N,F,34,True,True,CROMWELL,evergreen/holly hill,  ,  ,V,G,1.0,0,14-301,,False,N,False,False,V,,,,,False,1.0,CT0003300,133894709939662800,2025-03-09 12:36:01.763000,12:36:01.763000,2025,14-301,,Stop Sign,2025
2025-04-18 13:29:58.287000,7367949.0,CT0003300,Cromwell,Racial Profile,1000255,2500003008,Incident ID,2025-03-09 00:00:00,March,B,N,M,25,False,False,CROMWELL,Shunpike Rd,  ,  ,V,G,1.0,0,14-296aa(b),,False,N,False,False,V,,,,,False,1.0,CT0003300,133894709939662800,2025-03-09 18:04:42.710000,18:04:42.710000,2025,,,Cell Phone,2025
2025-04-18 13:29:58.363000,7367982.0,CT0003300,Cromwell,Racial Profile,1000265,2500002994,Incident ID,2025-03-09 00:00:00,March,W,N,M,41,True,False,Cromwell,SEBETHE/BERLIN,  ,  ,E,G,1.0,0,14-96e,,False,N,False,False,V,,,,,False,1.0,CT0003300,133894709939662800,2025-03-09 08:14:39.853000,08:14:39.853000,2025,,,Defective Lights,2025
2025-04-18 13:29:58.200000,7367930.0,CT0003300,Cromwell,Racial Profile,1000247,2500003028,Incident ID,2025-03-10 00:00:00,March,W,N,F,40,True,True,CROMWELL,Evergreen Road,  ,  ,V,G,1.0,0,14-301,,False,N,False,False,V,,,,,False,1.0,CT0003300,133894709939662800,2025-03-10 06:59:30.297000,06:59:30.297000,2025,14-301,,Stop Sign,2025
2025-04-18 13:29:58.097000,7367891.0,CT0003300,Cromwell,Racial Profile,10110,2500003033,Incident ID,2025-03-10 00:00:00,March,W,N,M,65,True,True,CROMWELL,Main Street @ Fairview Heights,  ,  ,V,G,1.0,0,14-236,,False,N,False,False,V,,,,,False,1.0,CT0003300,133894709939662800,2025-03-10 09:32:30.360000,09:32:30.360000,2025,14-236,,Moving Violation,2025
2025-04-18 13:29:58.100000,7367892.0,CT0003300,Cromwell,Racial Profile,10110,2500003048,Incident ID,2025-03-10 00:00:00,March,W,H,M,39,True,True,CROMWELL,Rte. 372 @ Rte.3,  ,  ,V,G,1.0,0,14-299,,False,N,False,False,V,,,,,False,1.0,CT0003300,133894709939662800,2025-03-10 15:05:53.950000,15:05:53.950000,2025,14-299,,Traffic Control Signal,2025
2025-04-18 13:29:58.343000,7367973.0,CT0003300,Cromwell,Racial Profile,1000262,2500003040,Incident ID,2025-03-10 00:00:00,March,W,N,M,64,True,False,Cromwell,Country Squire @ Berlin Road,  ,  ,V,G,2.0,1,14-299,,False,N,False,False,I,,,,,False,1.0,CT0003300,133894709939662800,2025-03-10 11:30:41.257000,11:30:41.257000,2025,14-12(a)*,,Traffic Control Signal,2025
2025-04-18 13:29:58.193000,7367927.0,CT0003300,Cromwell,Racial Profile,1000245,2500003101,Incident ID,2025-03-11 00:00:00,March,W,H,F,45,False,False,CROMWELL,Berlin Rd,  ,  ,V,G,1.0,0,14-236,,False,N,False,False,V,,,,,False,1.0,CT0003300,133894709939662800,2025-03-11 23:19:10.413000,23:19:10.413000,2025,14-236,,Moving Violation,2025
2025-04-18 13:29:58.103000,7367893.0,CT0003300,Cromwell,Racial Profile,10110,2500003079,Incident ID,2025-03-11 00:00:00,March,W,N,M,27,True,False,CROMWELL,Rte. #372 @ Willowbrook Rd.,  ,  ,V,G,1.0,0,14-236,,False,N,False,False,V,,,,,False,1.0,CT0003300,133894709939662800,2025-03-11 11:22:43.877000,11:22:43.877000,2025,14-236,,Moving Violation,2025
2025-04-18 13:29:58.253000,7367940.0,CT0003300,Cromwell,Racial Profile,1000250,2500003160,Incident ID,2025-03-13 00:00:00,March,W,N,M,56,True,False,Cromwell,Berlin Rd,  ,  ,V,G,1.0,0,14-12(a)*,,False,N,False,False,V,,,,,False,1.0,CT0003300,133894709939662800,2025-03-13 09:32:38.233000,09:32:38.233000,2025,,,Registration,2025
2025-04-18 13:29:58.370000,7367985.0,CT0003300,Cromwell,Racial Profile,1000271,2500003188,Incident ID,2025-03-13 00:00:00,March,B,N,M,59,False,False,Cromwell,Berlin Rd,  ,  ,E,G,1.0,0,14-96c,,False,N,False,False,V,,,,,False,1.0,CT0003300,133894709939662800,2025-03-13 22:58:52.697000,22:58:52.697000,2025,14-96c,,Defective Lights,2025
2025-04-18 13:29:58.270000,7367942.0,CT0003300,Cromwell,Racial Profile,1000250,2500003179,Incident ID,2025-03-13 00:00:00,March,A,N,F,35,True,True,CROMWELL,Court St,  ,  ,V,G,1.0,0,14-301,,False,N,False,False,V,,,,,False,1.0,CT0003300,133894709939662800,2025-03-13 15:19:01.363000,15:19:01.363000,2025,,,Stop Sign,2025
2025-04-18 13:29:58.267000,7367941.0,CT0003300,Cromwell,Racial Profile,1000250,2500003178,Incident ID,2025-03-13 00:00:00,March,W,N,M,78,True,True,CROMWELL,Court St,  ,  ,V,G,1.0,0,14-301,,False,N,False,False,V,,,,,False,1.0,CT0003300,133894709939662800,2025-03-13 15:10:04.783000,15:10:04.783000,2025,,,Stop Sign,2025
2025-04-18 13:29:58.320000,7367963.0,CT0003300,Cromwell,Racial Profile,1000260,2500003173,Incident ID,2025-03-13 00:00:00,March,W,N,M,48,True,True,CROMWELL,Shunpike/Cromwell Hills Drive,  ,  ,V,G,1.0,0,14-299,,False,N,False,False,V,,,,,False,1.0,CT0003300,133894709939662800,2025-03-13 12:34:22.100000,12:34:22.100000,2025,14-12(a)*,,Traffic Control Signal,2025
2025-04-18 13:29:58.367000,7367984.0,CT0003300,Cromwell,Racial Profile,1000271,2500003187,Incident ID,2025-03-13 00:00:00,March,W,N,M,67,True,True,CROMWELL,Berlin Rd,  ,  ,V,G,1.0,0,14-96c,,False,N,False,False,V,,,,,False,1.0,CT0003300,133894709939662800,2025-03-13 22:41:09.030000,22:41:09.030000,2025,14-96c,,Defective Lights,2025
2025-04-18 13:29:58.107000,7367894.0,CT0003300,Cromwell,Racial Profile,10110,2500003174,Incident ID,2025-03-13 00:00:00,March,W,N,F,76,True,True,CROMWELL,Evergreen Rd. @ Shunpike Rd.,  ,  ,V,G,1.0,0,14-245,,False,N,False,False,V,,,,,False,1.0,CT0003300,133894709939662800,2025-03-13 12:39:09.867000,12:39:09.867000,2025,14-245,,Moving Violation,2025
2025-04-18 13:29:58.323000,7367964.0,CT0003300,Cromwell,Racial Profile,1000260,2500003214,Incident ID,2025-03-14 00:00:00,March,W,N,M,30,True,True,CROMWELL,berlin rd/country squire,  ,  ,V,G,1.0,0,14-299,,False,N,False,False,V,,,,,False,1.0,CT0003300,133894709939662800,2025-03-14 13:04:53.763000,13:04:53.763000,2025,14-299,,Traffic Control Signal,2025
2025-04-18 13:29:58.373000,7367986.0,CT0003300,Cromwell,Racial Profile,1000271,2500003224,Incident ID,2025-03-14 00:00:00,March,W,N,M,16,True,True,CROMWELL,Main St @ Nooks Hill Rd,  ,  ,V,G,1.0,0,14-301,,False,N,False,False,V,,,,,False,1.0,CT0003300,133894709939662800,2025-03-14 20:42:20.093000,20:42:20.093000,2025,,,Stop Sign,2025
2025-04-18 13:29:58.290000,7367950.0,CT0003300,Cromwell,Racial Profile,1000255,2500003223,Incident ID,2025-03-14 00:00:00,March,W,N,F,53,True,False,CROMWELL,Berlin Rd,  ,  ,V,G,1.0,0,14-96a(a),,False,N,False,False,V,,,,,False,1.0,CT0003300,133894709939662800,2025-03-14 20:37:21.997000,20:37:21.997000,2025,,,Defective Lights,2025
2025-04-18 13:29:58.203000,7367931.0,CT0003300,Cromwell,Racial Profile,1000247,2500003257,Incident ID,2025-03-15 00:00:00,March,B,M,F,31,True,False,CROMWELL,Evergreen Road,  ,  ,V,G,1.0,0,14-301,,False,N,False,False,V,,,,,False,1.0,CT0003300,133894709939662800,2025-03-15 07:13:04.067000,07:13:04.067000,2025,14-301,,Stop Sign,2025
2025-04-18 13:29:58.293000,7367951.0,CT0003300,Cromwell,Racial Profile,1000255,2500003278,Incident ID,2025-03-15 00:00:00,March,W,N,M,47,True,False,CROMWELL,Berlin Rd,  ,  ,E,G,1.0,0,14-96a(a),,False,N,False,False,I,,,,,False,1.0,CT0003300,133894709939662800,2025-03-15 22:36:06.933000,22:36:06.933000,2025,14-12(a)*,,Defective Lights,2025
2025-04-18 13:29:58.110000,7367896.0,CT0003300,Cromwell,Racial Profile,10110,2500003275,Incident ID,2025-03-15 00:00:00,March,W,H,M,33,True,False,CROMWELL,Berlin Rd. @ Sebethe Dr.,  ,  ,V,G,1.0,0,14-245,,False,N,False,False,V,,,,,False,1.0,CT0003300,133894709939662800,2025-03-15 20:03:15.097000,20:03:15.097000,2025,14-245,,Moving Violation,2025
2025-04-18 13:29:58.347000,7367974.0,CT0003300,Cromwell,Racial Profile,1000262,2500003260,Incident ID,2025-03-15 00:00:00,March,W,N,F,45,True,True,CROMWELL,Evergreen @ Holly Hill,  ,  ,V,G,1.0,0,14-301,,False,N,False,False,V,,,,,False,1.0,CT0003300,133894709939662800,2025-03-15 09:17:05.757000,09:17:05.757000,2025,14-301,,Stop Sign,2025
2025-04-18 13:29:58.107000,7367895.0,CT0003300,Cromwell,Racial Profile,10110,2500003273,Incident ID,2025-03-15 00:00:00,March,W,N,M,26,True,False,CROMWELL,Berlin Rd. @ Cobblestone Plaza,  ,  ,V,G,2.0,0,14-299,,False,N,False,False,I,,,,,False,1.0,CT0003300,133894709939662800,2025-03-15 19:33:31.810000,19:33:31.810000,2025,14-299,,Traffic Control Signal,2025
2025-04-18 13:29:58.327000,7367965.0,CT0003300,Cromwell,Racial Profile,1000260,2500003265,Incident ID,2025-03-15 00:00:00,March,W,N,M,60,True,False,CROMWELL,shunpike/cromwell hills drive,  ,  ,V,G,1.0,0,14-299,,False,N,False,False,V,,,,,False,1.0,CT0003300,133894709939662800,2025-03-15 12:21:02.263000,12:21:02.263000,2025,14-299,,Traffic Control Signal,2025
2025-04-18 13:29:58.113000,7367897.0,CT0003300,Cromwell,Racial Profile,10110,2500003277,Incident ID,2025-03-15 00:00:00,March,W,M,F,38,True,False,CROMWELL,Berlin Rd. @ Country Squire Dr.,  ,  ,V,G,2.0,0,14-299,,False,N,False,False,V,,,,,False,1.0,CT0003300,133894709939662800,2025-03-15 20:35:22.210000,20:35:22.210000,2025,14-299,,Traffic Control Signal,2025
2025-04-18 13:29:58.327000,7367966.0,CT0003300,Cromwell,Racial Profile,1000260,2500003304,Incident ID,2025-03-16 00:00:00,March,A,N,F,54,True,True,CROMWELL,coles/shunpike,  ,  ,V,G,1.0,0,14-299,,False,N,False,False,V,,,,,False,1.0,CT0003300,133894709939662800,2025-03-16 14:53:44.293000,14:53:44.293000,2025,14-299,,Traffic Control Signal,2025
2025-04-18 13:29:58.300000,7367955.0,CT0003300,Cromwell,Racial Profile,1000258,2500003310,Incident ID,2025-03-16 00:00:00,March,W,N,F,30,True,False,Cromwell            ,Berlin Rd,  ,  ,V,G,1.0,0,14-12(a)*,,False,N,False,False,I,,,,,False,1.0,CT0003300,133894709939662800,2025-03-16 22:21:09.960000,22:21:09.960000,2025,,,Registration,2025
2025-04-18 13:29:58.350000,7367975.0,CT0003300,Cromwell,Racial Profile,1000262,2500003302,Incident ID,2025-03-16 00:00:00,March,B,M,F,34,True,False,CROMWELL,Court St @ Geer St,  ,  ,V,G,1.0,0,14-301,,False,N,False,False,V,,,,,False,1.0,CT0003300,133894709939662800,2025-03-16 12:31:35.020000,12:31:35.020000,2025,14-301,,Stop Sign,2025
2025-04-18 13:29:58.113000,7367898.0,CT0003300,Cromwell,Racial Profile,10110,2500003279,Incident ID,2025-03-16 00:00:00,March,B,M,M,38,True,False,CROMWELL,Berlin Rd. @ East Street,  ,  ,V,G,1.0,0,14-299,,False,N,False,False,V,,,,,False,1.0,CT0003300,133894709939662800,2025-03-16 00:08:09.413000,00:08:09.413000,2025,14-299,,Traffic Control Signal,2025
2025-04-18 13:29:58.330000,7367967.0,CT0003300,Cromwell,Racial Profile,1000260,2500003341,Incident ID,2025-03-17 00:00:00,March,W,N,F,70,True,True,CROMWELL,cromwell hills dr/shunpike,  ,  ,V,G,1.0,0,14-299,,False,N,False,False,V,,,,,False,1.0,CT0003300,133894709939662800,2025-03-17 11:51:32.553000,11:51:32.553000,2025,14-299,,Traffic Control Signal,2025
2025-04-18 13:29:58.390000,7367988.0,CT0003300,Cromwell,Racial Profile,1000271,2500003406,Incident ID,2025-03-18 00:00:00,March,W,N,F,19,True,False,CROMWELL,Berlin Rd,  ,  ,E,G,1.0,0,14-96c,,False,N,False,False,V,,,,,False,1.0,CT0003300,133894709939662800,2025-03-18 21:57:13.230000,21:57:13.230000,2025,,,Defective Lights,2025
2025-04-18 13:29:58.273000,7367943.0,CT0003300,Cromwell,Racial Profile,1000250,2500003392,Incident ID,2025-03-18 00:00:00,March,W,N,F,64,True,False,CROMWELL,Main St,  ,  ,V,G,1.0,0,14-218a,,False,N,False,False,V,,,,,False,1.0,CT0003300,133894709939662800,2025-03-18 12:02:25.537000,12:02:25.537000,2025,,,Speed Related,2025
2025-04-18 13:29:58.377000,7367987.0,CT0003300,Cromwell,Racial Profile,1000271,2500003404,Incident ID,2025-03-18 00:00:00,March,W,H,F,45,True,False,CROMWELL,Sebethe Drive,  ,  ,V,G,1.0,0,14-147(c),,False,N,False,False,I,,,,,False,1.0,CT0003300,133894709939662800,2025-03-18 21:16:42.327000,21:16:42.327000,2025,14-147(c),,Administrative Offense,2025
2025-04-18 13:29:58.117000,7367899.0,CT0003300,Cromwell,Racial Profile,10110,2500003394,Incident ID,2025-03-18 00:00:00,March,W,N,M,76,True,True,CROMWELL,Washington Rd. @ Franklin Rd.,  ,  ,V,G,1.0,0,14-301,,False,N,False,False,V,,,,,False,1.0,CT0003300,133894709939662800,2025-03-18 13:04:39.997000,13:04:39.997000,2025,14-301,,Stop Sign,2025
2025-04-18 13:29:58.273000,7367944.0,CT0003300,Cromwell,Racial Profile,1000250,2500003442,Incident ID,2025-03-19 00:00:00,March,B,N,F,51,True,True,CROMWELL,court St,  ,  ,V,G,1.0,0,14-301,,False,N,False,False,V,,,,,False,1.0,CT0003300,133894709939662800,2025-03-19 15:16:45.510000,15:16:45.510000,2025,,,Stop Sign,2025
2025-04-18 13:29:58.180000,7367922.0,CT0003300,Cromwell,Racial Profile,1000234,2500003453,Incident ID,2025-03-19 00:00:00,March,W,H,M,26,True,False,CROMWELL,Berlin Rd.,  ,  ,V,G,3.0,1,14-215(a),,False,N,False,False,M,,,,,False,1.0,CT0003300,133894709939662800,2025-03-19 22:27:43.200000,22:27:43.200000,2025,14-215,,Administrative Offense,2025
2025-04-18 13:29:58.277000,7367945.0,CT0003300,Cromwell,Racial Profile,1000250,2500003444,Incident ID,2025-03-19 00:00:00,March,W,N,F,32,True,True,CROMWELL,cOURT sT,  ,  ,V,G,1.0,0,14-12(a)*,,False,N,False,False,V,,,,,False,1.0,CT0003300,133894709939662800,2025-03-19 15:47:54.693000,15:47:54.693000,2025,,,Registration,2025
2025-04-18 13:29:58.393000,7367989.0,CT0003300,Cromwell,Racial Profile,1000271,2500003448,Incident ID,2025-03-19 00:00:00,March,W,N,M,55,True,False,Cromwell,Berlin Rd,  ,  ,V,G,2.0,1,14-236,,False,N,False,False,I,,,,,False,1.0,CT0003300,133894709939662800,2025-03-19 20:43:54.123000,20:43:54.123000,2025,14-213b,,Moving Violation,2025
2025-04-18 13:29:58.167000,7367917.0,CT0003300,Cromwell,Racial Profile,1000228,2500003472,Incident ID,2025-03-20 00:00:00,March,B,N,M,55,True,False,CROMWELL,"Coles Rd,",  ,  ,V,B,1.0,1,14-218(a),,False,N,False,False,V,,,,,False,1.0,CT0003300,133894709939662800,2025-03-20 07:23:41.990000,07:23:41.990000,2025,14-218a,,Speed Related,2025
2025-04-18 13:29:58.280000,7367946.0,CT0003300,Cromwell,Racial Profile,1000250,2500003486,Incident ID,2025-03-20 00:00:00,March,W,N,M,29,True,False,CROMWELL,Berlin Rd,  ,  ,V,G,1.0,0,14-240,,False,N,False,False,V,,,,,False,1.0,CT0003300,133894709939662800,2025-03-20 14:52:36.690000,14:52:36.690000,2025,,,Moving Violation,2025
2025-04-18 13:29:58.143000,7367910.0,CT0003300,Cromwell,Racial Profile,1000215,2500003505,Incident ID,2025-03-20 00:00:00,March,W,N,M,22,True,False,CROMWELL,rte 372,  ,  ,E,G,1.0,0,14-96y,,False,N,False,False,V,,,,,False,1.0,CT0003300,133894709939662800,2025-03-20 21:23:29.823000,21:23:29.823000,2025,14-96y,,Defective Lights,2025
2025-04-18 13:29:58.137000,7367907.0,CT0003300,Cromwell,Racial Profile,1000215,2500003498,Incident ID,2025-03-20 00:00:00,March,W,H,F,35,True,False,CROMWELL,rte 372,  ,  ,E,G,1.0,0,14-99g(b),,False,N,False,False,V,,,,,False,1.0,CT0003300,133894709939662800,2025-03-20 18:02:08.730000,18:02:08.730000,2025,14-99g(b),,Window Tint,2025
2025-04-18 13:29:58.140000,7367909.0,CT0003300,Cromwell,Racial Profile,1000215,2500003502,Incident ID,2025-03-20 00:00:00,March,W,H,M,40,True,False,CROMWELL,rte 372,  ,  ,V,G,1.0,0,14-12(a)*,,False,N,False,False,I,,,,,False,1.0,CT0003300,133894709939662800,2025-03-20 19:00:03.223000,19:00:03.223000,2025,14-12(a)*,,Registration,2025
2025-04-18 13:29:58.140000,7367908.0,CT0003300,Cromwell,Racial Profile,1000215,2500003499,Incident ID,2025-03-20 00:00:00,March,W,N,F,18,True,False,CROMWELL,rte 372,  ,  ,E,G,1.0,0,14-99g(b),,False,N,False,False,V,,,,,False,1.0,CT0003300,133894709939662800,2025-03-20 18:21:53.257000,18:21:53.257000,2025,14-99g(b),,Window Tint,2025
2025-04-18 13:29:58.120000,7367900.0,CT0003300,Cromwell,Racial Profile,10110,2500003482,Incident ID,2025-03-20 00:00:00,March,W,N,F,31,True,False,CROMWELL,Berlin Rd. @ Hammerhead Pl.,  ,  ,V,G,1.0,0,14-296aab,,False,N,False,False,V,,,,,False,1.0,CT0003300,133894709939662800,2025-03-20 12:39:04.247000,12:39:04.247000,2025,14-296aab,,Cell Phone,2025
2025-04-18 13:29:58.183000,7367923.0,CT0003300,Cromwell,Racial Profile,1000234,2500003562,Incident ID,2025-03-21 00:00:00,March,A,M,M,68,True,False,CROMWELL,Berlin Rd.,  ,  ,V,G,2.0,0,14-299,,False,N,False,False,I,,,,,False,1.0,CT0003300,133894709939662800,2025-03-21 19:03:23.373000,19:03:23.373000,2025,14-299,,Traffic Control Signal,2025
2025-04-18 13:29:58.133000,7367906.0,CT0003300,Cromwell,Racial Profile,10123,2500003540,Incident ID,2025-03-21 00:00:00,March,W,N,M,24,True,False,CROMWELL,77 BERLIN RD,  ,  ,V,G,1.0,0,14-299,,False,N,False,False,V,,,,,False,1.0,CT0003300,133894709939662800,2025-03-21 11:43:02.300000,11:43:02.300000,2025,,,Traffic Control Signal,2025
2025-04-18 13:29:58.397000,7367990.0,CT0003300,Cromwell,Racial Profile,1000271,2500003564,Incident ID,2025-03-21 00:00:00,March,B,N,M,26,False,False,CROMWELL,Berlin Rd @ Oak rd,  ,  ,V,G,1.0,0,14-299,,False,N,False,False,V,,,,,False,1.0,CT0003300,133894709939662800,2025-03-21 20:39:36.797000,20:39:36.797000,2025,,,Traffic Control Signal,2025
2025-04-18 13:29:58.123000,7367901.0,CT0003300,Cromwell,Racial Profile,10110,2500003544,Incident ID,2025-03-21 00:00:00,March,W,N,F,55,True,True,CROMWELL,West Street @ Washington Road,  ,  ,V,G,1.0,0,14-18c,,False,N,False,False,N,,,,,False,1.0,CT0003300,133894709939662800,2025-03-21 12:37:46.580000,12:37:46.580000,2025,14-18c,,Display of Plates,2025
2025-04-18 13:29:58.160000,7367914.0,CT0003300,Cromwell,Racial Profile,1000215,2500003615,Incident ID,2025-03-22 00:00:00,March,W,N,M,24,False,False,Cromwell,RTE 99,  ,  ,V,B,1.0,0,14-218a,,False,N,False,False,V,,,,,False,1.0,CT0003300,133894709939662800,2025-03-22 19:21:44.673000,19:21:44.673000,2025,,,Speed Related,2025
2025-04-18 13:29:58.170000,7367919.0,CT0003300,Cromwell,Racial Profile,1000228,2500003592,Incident ID,2025-03-22 00:00:00,March,W,H,F,27,True,False,CROMWELL,Main St. (Route 99),  ,  ,V,B,2.0,0,14-219(b),,False,N,False,False,M,,,,,False,1.0,CT0003300,133894709939662800,2025-03-22 06:45:55.147000,06:45:55.147000,2025,14-219(b),,Speed Related,2025
2025-04-18 13:29:58.153000,7367912.0,CT0003300,Cromwell,Racial Profile,1000215,2500003611,Incident ID,2025-03-22 00:00:00,March,W,N,F,42,True,True,Cromwell,rte 99,  ,  ,V,B,1.0,0,14-218a,,False,N,False,False,V,,,,,False,1.0,CT0003300,133894709939662800,2025-03-22 18:06:03.020000,18:06:03.020000,2025,,,Speed Related,2025
2025-04-18 13:29:58.157000,7367913.0,CT0003300,Cromwell,Racial Profile,1000215,2500003613,Incident ID,2025-03-22 00:00:00,March,W,N,M,28,True,False,Cromwell,rte 99,  ,  ,V,B,1.0,0,14-218a,,False,N,False,False,I,,,,,False,1.0,CT0003300,133894709939662800,2025-03-22 18:21:32.320000,18:21:32.320000,2025,14-12(a)*,,Speed Related,2025
2025-04-18 13:29:58.163000,7367915.0,CT0003300,Cromwell,Racial Profile,1000215,2500003617,Incident ID,2025-03-22 00:00:00,March,B,N,M,28,True,False,CROMWELL,rte 372,  ,  ,E,G,1.0,0,14-96y,,False,N,False,False,I,,,,,False,1.0,CT0003300,133894709939662800,2025-03-22 20:44:29.083000,20:44:29.083000,2025,14-12(a),,Defective Lights,2025
2025-04-18 13:29:58.127000,7367902.0,CT0003300,Cromwell,Racial Profile,10110,2500003601,Incident ID,2025-03-22 00:00:00,March,W,N,M,37,True,True,CROMWELL,Berlin Rd. @ Willowbrook Rd.,  ,  ,V,G,1.0,0,14-296aab,,False,N,False,False,V,,,,,False,1.0,CT0003300,133894709939662800,2025-03-22 13:33:13.743000,13:33:13.743000,2025,14-12a,,Cell Phone,2025
2025-04-18 13:29:58.150000,7367911.0,CT0003300,Cromwell,Racial Profile,1000215,2500003609,Incident ID,2025-03-22 00:00:00,March,W,N,F,38,True,True,Cromwell,RTE 99,  ,  ,V,B,1.0,0,14-218a,,False,N,False,False,V,,,,,False,1.0,CT0003300,133894709939662800,2025-03-22 17:45:27.757000,17:45:27.757000,2025,,,Speed Related,2025
2025-04-18 13:29:58.170000,7367918.0,CT0003300,Cromwell,Racial Profile,1000228,2500003591,Incident ID,2025-03-22 00:00:00,March,W,N,M,33,True,False,CROMWELL,Main St.,  ,  ,V,B,1.0,0,14-218a,,False,N,False,False,V,,,,,False,1.0,CT0003300,133894709939662800,2025-03-22 06:27:45.827000,06:27:45.827000,2025,14-218a,,Speed Related,2025
2025-04-18 13:29:58.207000,7367932.0,CT0003300,Cromwell,Racial Profile,1000247,2500003594,Incident ID,2025-03-22 00:00:00,March,B,M,M,54,True,False,CROMWELL,122 Shunpikr Road,  ,  ,V,G,1.0,0,14-12(a)*,,False,N,False,False,V,,,,,False,1.0,CT0003300,133894709939662800,2025-03-22 07:27:24.310000,07:27:24.310000,2025,14-12(a)*,,Registration,2025
2025-04-18 13:29:58.297000,7367952.0,CT0003300,Cromwell,Racial Profile,1000255,2500003646,Incident ID,2025-03-23 00:00:00,March,W,N,M,36,False,False,CROMWELL,Evergreen Rd,  ,  ,V,G,1.0,0,14-301,,False,N,False,False,I,,,,,False,1.0,CT0003300,133894709939662800,2025-03-23 17:40:32.513000,17:40:32.513000,2025,14-36(a),,Stop Sign,2025
2025-04-18 13:29:58.333000,7367968.0,CT0003300,Cromwell,Racial Profile,1000260,2500003641,Incident ID,2025-03-23 00:00:00,March,W,N,M,81,True,True,CROMWELL,court/washington,  ,  ,V,G,1.0,0,14-301,,False,N,False,False,V,,,,,False,1.0,CT0003300,133894709939662800,2025-03-23 10:18:41.210000,10:18:41.210000,2025,14-301,,Stop Sign,2025
2025-04-18 13:29:58.353000,7367977.0,CT0003300,Cromwell,Racial Profile,1000262,2500003643,Incident ID,2025-03-23 00:00:00,March,W,M,M,35,True,False,Cromwell,Berlin Road,  ,  ,V,G,2.0,0,14-36(c)(2),,False,N,False,False,I,,,,,False,1.0,CT0003300,133894709939662800,2025-03-23 12:01:05.237000,12:01:05.237000,2025,14-296aa(b),,Unlicensed Operation,2025
2025-04-18 13:29:58.350000,7367976.0,CT0003300,Cromwell,Racial Profile,1000262,2500003642,Incident ID,2025-03-23 00:00:00,March,W,N,F,20,True,True,CROMWELL,High Ridge @ Evergreen,  ,  ,V,G,1.0,0,14-301,,False,N,False,False,V,,,,,False,1.0,CT0003300,133894709939662800,2025-03-23 11:05:43.910000,11:05:43.910000,2025,14-301,,Stop Sign,2025
2025-04-18 13:29:58.303000,7367956.0,CT0003300,Cromwell,Racial Profile,1000258,2500003699,Incident ID,2025-03-24 00:00:00,March,W,N,M,52,True,False,CROMWELL,Berlin Rd,  ,  ,V,G,1.0,0,14-12(a)*,,False,N,False,False,I,,,,,False,1.0,CT0003300,133894709939662800,2025-03-24 19:18:48.323000,19:18:48.323000,2025,14-12(a)*,,Registration,2025
2025-04-18 13:29:58.210000,7367933.0,CT0003300,Cromwell,Racial Profile,1000247,2500003678,Incident ID,2025-03-24 00:00:00,March,W,N,M,61,True,True,CROMWELL,Evergreen Road,  ,  ,V,G,1.0,0,14-301,,False,N,False,False,N,,,,,False,1.0,CT0003300,133894709939662800,2025-03-24 07:23:22.150000,07:23:22.150000,2025,14-301,,Stop Sign,2025
2025-04-18 13:29:58.297000,7367953.0,CT0003300,Cromwell,Racial Profile,1000255,2500003695,Incident ID,2025-03-24 00:00:00,March,W,N,M,42,True,True,CROMWELL,Shunpike Rd,  ,  ,V,G,1.0,0,14-12(a)*,,False,N,False,False,I,,,,,False,1.0,CT0003300,133894709939662800,2025-03-24 18:23:01.453000,18:23:01.453000,2025,,,Registration,2025
2025-04-18 13:29:58.357000,7367979.0,CT0003300,Cromwell,Racial Profile,1000262,2500003719,Incident ID,2025-03-25 00:00:00,March,W,N,M,39,True,False,CROMWELL,29 Berlin Road,  ,  ,V,G,2.0,1,14-12(a)*,,False,N,False,False,I,,,,,False,1.0,CT0003300,133894709939662800,2025-03-25 09:46:15.220000,09:46:15.220000,2025,14-12(a)*,,Registration,2025
2025-04-18 13:29:58.300000,7367954.0,CT0003300,Cromwell,Racial Profile,1000255,2500003730,Incident ID,2025-03-25 00:00:00,March,W,N,M,21,True,True,CROMWELL,45 River Rd,  ,  ,V,G,1.0,0,14-147,,False,N,False,False,I,,,,,False,1.0,CT0003300,133894709939662800,2025-03-25 16:27:36.400000,16:27:36.400000,2025,,,Administrative Offense,2025
2025-04-18 13:29:58.337000,7367969.0,CT0003300,Cromwell,Racial Profile,1000260,2500003723,Incident ID,2025-03-25 00:00:00,March,W,N,M,58,False,False,CROMWELL,geer/court,  ,  ,V,G,1.0,0,14-296aab,,False,N,False,False,V,,,,,False,1.0,CT0003300,133894709939662800,2025-03-25 11:52:12.710000,11:52:12.710000,2025,14-296aab,,Cell Phone,2025
2025-04-18 13:29:58.353000,7367978.0,CT0003300,Cromwell,Racial Profile,1000262,2500003717,Incident ID,2025-03-25 00:00:00,March,W,N,F,60,True,False,Cromwell,Berlin Road @ 91 NB on ramp,  ,  ,V,G,1.0,0,14-299,,False,N,False,False,V,,,,,False,1.0,CT0003300,133894709939662800,2025-03-25 08:29:33.517000,08:29:33.517000,2025,14-299,,Traffic Control Signal,2025
2025-04-18 13:29:58.360000,7367981.0,CT0003300,Cromwell,Racial Profile,1000262,2500003770,Incident ID,2025-03-26 00:00:00,March,W,N,F,35,True,True,CROMWELL,Berlin Road @ Cromwell Square,  ,  ,V,G,2.0,0,14-296aab,,False,N,False,False,I,,,,,False,1.0,CT0003300,133894709939662800,2025-03-26 15:03:52.360000,15:03:52.360000,2025,14-12(a)*,,Cell Phone,2025
2025-04-18 13:29:58.077000,7367883.0,CT0003300,Cromwell,Racial Profile,10102,2500003769,Incident ID,2025-03-26 00:00:00,March,W,H,M,53,True,True,CROMWELL,COLES/CEDAR,  ,  ,V,B,1.0,0,14-218a,,False,N,False,False,N,,,,,False,1.0,CT0003300,133894709939662800,2025-03-26 14:10:13.400000,14:10:13.400000,2025,,,Speed Related,2025
2025-04-18 13:29:58.280000,7367947.0,CT0003300,Cromwell,Racial Profile,1000250,2500003766,Incident ID,2025-03-26 00:00:00,March,W,N,M,32,True,True,CROMWELL,Evergreen Rd,  ,  ,V,G,2.0,0,14-12(a)*,,False,N,False,False,M,,,,,False,1.0,CT0003300,133894709939662800,2025-03-26 13:17:29.077000,13:17:29.077000,2025,14-215a,,Registration,2025
2025-04-18 13:29:58.130000,7367903.0,CT0003300,Cromwell,Racial Profile,10110,2500003767,Incident ID,2025-03-26 00:00:00,March,W,H,M,41,True,False,CROMWELL,West Street @ New Lane Rd.,  ,  ,V,G,1.0,0,14-301,,False,N,False,False,V,,,,,False,1.0,CT0003300,133894709939662800,2025-03-26 13:43:43.420000,13:43:43.420000,2025,14-301,,Stop Sign,2025
2025-04-18 13:29:58.173000,7367920.0,CT0003300,Cromwell,Racial Profile,1000228,2500003758,Incident ID,2025-03-26 00:00:00,March,W,N,F,36,True,False,CROMWELL,Washington Rd. and Evergreen Rd.,  ,  ,V,G,1.0,0,14-301,,False,N,False,False,V,,,,,False,1.0,CT0003300,133894709939662800,2025-03-26 05:15:50.050000,05:15:50.050000,2025,14-301,,Stop Sign,2025
2025-04-18 13:29:58.307000,7367957.0,CT0003300,Cromwell,Racial Profile,1000258,2500003775,Incident ID,2025-03-26 00:00:00,March,W,N,F,57,True,False,CROMWELL,Berlin Rd,  ,  ,V,G,1.0,0,14-12(a)*,,False,N,False,False,I,,,,,False,1.0,CT0003300,133894709939662800,2025-03-26 20:09:26.750000,20:09:26.750000,2025,14-12(a)*,,Registration,2025
2025-04-18 13:29:58.360000,7367980.0,CT0003300,Cromwell,Racial Profile,1000262,2500003764,Incident ID,2025-03-26 00:00:00,March,B,M,F,40,True,False,CROMWELL,Berlin Road,  ,  ,V,G,2.0,1,14-299,,False,N,False,False,I,,,,,False,1.0,CT0003300,133894709939662800,2025-03-26 10:37:11.387000,10:37:11.387000,2025,14-12(a)*,,Traffic Control Signal,2025
2025-04-18 13:29:58.073000,7367882.0,CT0003300,Cromwell,Racial Profile,10102,2500003768,Incident ID,2025-03-26 00:00:00,March,W,N,F,62,True,True,CROMWELL,COLES/WINCESTER,  ,  ,V,B,1.0,0,14-218A,,False,N,False,False,W,,,,,False,1.0,CT0003300,133894709939662800,2025-03-26 13:58:04.480000,13:58:04.480000,2025,,,Speed Related,2025
2025-04-18 13:29:58.190000,7367925.0,CT0003300,Cromwell,Racial Profile,1000242,2500003815,Incident ID,2025-03-27 00:00:00,March,W,N,F,53,True,True,CROMWELL,Evergreen Road at High Ridge Road,  ,  ,V,B,1.0,0,14-301,,False,N,False,False,W,,,,,False,1.0,CT0003300,133894709939662800,2025-03-27 17:48:18.400000,17:48:18.400000,2025,14-301,,Stop Sign,2025
2025-04-18 13:29:58.130000,7367904.0,CT0003300,Cromwell,Racial Profile,10111,2500003798,Incident ID,2025-03-27 00:00:00,March,W,N,F,54,True,True,CROMWELL,Court St.,  ,  ,V,B,1.0,0,14-218a,,False,N,False,False,V,,,,,False,1.0,CT0003300,133894709939662800,2025-03-27 07:15:30.230000,07:15:30.230000,2025,14-218a,,Speed Related,2025
2025-04-18 13:29:58.177000,7367921.0,CT0003300,Cromwell,Racial Profile,1000228,2500003798,Incident ID,2025-03-27 00:00:00,March,W,N,F,54,True,True,CROMWELL,Court St.,  ,  ,V,B,1.0,0,14-218a,,False,N,False,False,V,,,,,False,1.0,CT0003300,133894709939662800,2025-03-27 07:15:30.230000,07:15:30.230000,2025,14-218(a),,Speed Related,2025
2025-04-18 13:29:58.187000,7367924.0,CT0003300,Cromwell,Racial Profile,1000242,2500003810,Incident ID,2025-03-27 00:00:00,March,B,H,M,40,True,False,CROMWELL,West Street at Washington Road,  ,  ,V,G,3.0,0,14-12(a)*,,False,N,False,False,M,,,,,False,1.0,CT0003300,133894709939662800,2025-03-27 16:45:36.440000,16:45:36.440000,2025,14-215(a),,Registration,2025
2025-04-18 13:29:58.367000,7367983.0,CT0003300,Cromwell,Racial Profile,1000265,2500003796,Incident ID,2025-03-27 00:00:00,March,W,N,F,62,True,True,CROMWELL,evergreen/high ridge,  ,  ,V,B,1.0,0,14-301,,False,N,False,False,V,,,,,False,1.0,CT0003300,133894709939662800,2025-03-27 06:15:23.080000,06:15:23.080000,2025,14-12(a),,Stop Sign,2025
2025-04-18 13:29:58.190000,7367926.0,CT0003300,Cromwell,Racial Profile,1000242,2500003816,Incident ID,2025-03-27 00:00:00,March,W,N,M,23,True,False,CROMWELL,Evergreen Road at High Ridge Road,  ,  ,V,B,1.0,0,14-296aa(b),,False,N,False,False,V,,,,,False,1.0,CT0003300,133894709939662800,2025-03-27 18:01:50.527000,18:01:50.527000,2025,14-296aa(b),,Cell Phone,2025
2025-04-18 13:29:58.407000,7367991.0,CT0003300,Cromwell,Racial Profile,1000271,2500003818,Incident ID,2025-03-27 00:00:00,March,B,N,M,51,True,False,CROMWELL,Berlin Rd,  ,  ,V,G,2.0,1,14-12(a)*,,False,N,False,False,I,,,,,False,1.0,CT0003300,133894709939662800,2025-03-27 19:02:18.757000,19:02:18.757000,2025,14-213b,,Registration,2025
2025-04-18 13:29:58.080000,7367884.0,CT0003300,Cromwell,Racial Profile,10102,2500003814,Incident ID,2025-03-27 00:00:00,March,W,N,M,57,True,False,CROMWELL,Coles Rd.,  ,  ,V,B,1.0,0,14-218a,,False,N,False,False,W,,,,,False,1.0,CT0003300,133894709939662800,2025-03-27 17:29:42.230000,17:29:42.230000,2025,,,Speed Related,2025
2025-04-18 13:29:58.080000,7367885.0,CT0003300,Cromwell,Racial Profile,10102,2500003865,Incident ID,2025-03-28 00:00:00,March,W,N,M,70,True,False,CROMWELL,117 BERLIN RD,  ,  ,V,G,1.0,0,14-230,,False,N,False,False,V,,,,,False,1.0,CT0003300,133894709939662800,2025-03-28 19:34:54.550000,19:34:54.550000,2025,,,Moving Violation,2025
2025-04-18 13:29:58.083000,7367886.0,CT0003300,Cromwell,Racial Profile,10102,2500003866,Incident ID,2025-03-28 00:00:00,March,W,N,M,40,True,False,CROMWELL,Rt. 9 South,  ,  ,V,G,3.0,1,14-147c,,False,N,False,True,M,,,,,False,1.0,CT0003300,133894709939662800,2025-03-28 19:47:06.800000,19:47:06.800000,2025,14-227a,,Administrative Offense,2025
2025-04-18 13:29:58.287000,7367948.0,CT0003300,Cromwell,Racial Profile,1000250,2500003861,Incident ID,2025-03-28 00:00:00,March,W,N,F,33,True,False,CROMWELL,Berlin Rd,  ,  ,V,G,2.0,1,14-215a,,False,N,False,False,M,,,,,False,1.0,CT0003300,133894709939662800,2025-03-28 15:36:07.913000,15:36:07.913000,2025,,,Administrative Offense,2025
2025-04-18 13:29:58.133000,7367905.0,CT0003300,Cromwell,Racial Profile,10111,2500003879,Incident ID,2025-03-28 00:00:00,March,B,N,F,38,True,False,CROMWELL,Route 9 S/B Exit 27 off ramp and West St.,  ,  ,V,G,1.0,0,14-299,,False,N,False,False,V,,,,,False,1.0,CT0003300,133894709939662800,2025-03-28 23:57:04.550000,23:57:04.550000,2025,14-299,,Traffic Control Signal,2025
2025-04-18 13:29:58.337000,7367970.0,CT0003300,Cromwell,Racial Profile,1000260,2500003942,Incident ID,2025-03-30 00:00:00,March,W,N,M,28,True,True,CROMWELL,west/shunpike,  ,  ,V,G,2.0,1,14-215a,,False,N,False,False,M,,,,,False,1.0,CT0003300,133894709939662800,2025-03-30 11:39:21.243000,11:39:21.243000,2025,14-215a,,Administrative Offense,2025
2025-04-18 13:29:58.087000,7367887.0,CT0003300,Cromwell,Racial Profile,10102,2500003970,Incident ID,2025-03-31 00:00:00,March,W,N,F,30,True,True,CROMWELL,Court St.,  ,  ,V,B,1.0,0,14-218a,,False,N,False,False,I,,,,,False,1.0,CT0003300,133894709939662800,2025-03-31 15:36:40.260000,15:36:40.260000,2025,,,Speed Related,2025
2025-04-18 13:29:58.340000,7367971.0,CT0003300,Cromwell,Racial Profile,1000260,2500003961,Incident ID,2025-03-31 00:00:00,March,B,N,M,51,True,False,CROMWELL,67 coles rd,  ,  ,V,G,1.0,0,14-12(a)*,,False,N,False,False,I,,,,,False,1.0,CT0003300,133894709939662800,2025-03-31 08:16:53.130000,08:16:53.130000,2025,14-12(a)*,,Registration,2025
2025-05-18 13:31:41.247000,7441669.0,CT0003300,Cromwell,Racial Profile,10102,2500004007,Incident ID,2025-04-01 00:00:00,April,W,N,F,59,True,False,CROMWELL,Rt. 372,  ,  ,V,G,3.0,1,14-230a,,True,I,False,True,M,,,,,False,1.0,CT0003300,133920630961921254,2025-04-01 14:13:07.070000,14:13:07.070000,2025,14-227a,,Moving Violation,2025
2025-05-18 13:31:42.867000,7441752.0,CT0003300,Cromwell,Racial Profile,1000255,2500004010,Incident ID,2025-04-01 00:00:00,April,W,N,F,37,True,False,CROMWELL,Berlin Rd,  ,  ,V,G,1.0,0,14-296aa(b),,False,N,False,False,V,,,,,False,1.0,CT0003300,133920630961921254,2025-04-01 21:45:02.047000,21:45:02.047000,2025,,,Cell Phone,2025
2025-05-18 13:31:41.163000,7441668.0,CT0003300,Cromwell,Racial Profile,10102,2500004001,Incident ID,2025-04-01 00:00:00,April,W,M,F,32,True,True,CROMWELL,COURT/SACHEM,  ,  ,V,B,1.0,0,14-218A,,False,N,False,False,V,,,,,False,1.0,CT0003300,133920630961921254,2025-04-01 09:02:33.267000,09:02:33.267000,2025,,,Speed Related,2025
2025-05-18 13:31:42.907000,7441760.0,CT0003300,Cromwell,Racial Profile,1000258,2500004049,Incident ID,2025-04-02 00:00:00,April,W,N,M,45,True,False,CROMWELL,Sjunpike Rd,  ,  ,V,G,1.0,0,14-12(a)*,,False,N,False,False,I,,,,,False,1.0,CT0003300,133920630961921254,2025-04-02 18:19:30.990000,18:19:30.990000,2025,14-12(a)*,,Registration,2025
2025-05-18 13:31:42.787000,7441735.0,CT0003300,Cromwell,Racial Profile,1000250,2500004039,Incident ID,2025-04-02 00:00:00,April,A,N,F,37,True,True,CROMWELL,Court St,  ,  ,V,G,1.0,0,14-218a,,False,N,False,False,V,,,,,False,1.0,CT0003300,133920630961921254,2025-04-02 08:39:59.060000,08:39:59.060000,2025,,,Speed Related,2025
2025-05-18 13:31:42.877000,7441753.0,CT0003300,Cromwell,Racial Profile,1000255,2500004052,Incident ID,2025-04-02 00:00:00,April,B,N,M,35,True,False,CROMWELL,Berlin Rd,  ,  ,V,G,1.0,0,14-296aa(b),,False,N,False,False,V,,,,,False,1.0,CT0003300,133920630961921254,2025-04-02 19:34:20.670000,19:34:20.670000,2025,,,Cell Phone,2025
2025-05-18 13:31:42.937000,7441773.0,CT0003300,Cromwell,Racial Profile,1000262,2500004041,Incident ID,2025-04-02 00:00:00,April,W,N,F,26,True,False,CROMWELL,90 BERLIN RD,  ,  ,V,G,1.0,0,14-215,,False,N,False,False,V,,,,,False,1.0,CT0003300,133920630961921254,2025-04-02 11:35:55.963000,11:35:55.963000,2025,,,Administrative Offense,2025
2025-05-18 13:31:42.783000,7441734.0,CT0003300,Cromwell,Racial Profile,1000250,2500004038,Incident ID,2025-04-02 00:00:00,April,W,N,F,47,True,True,CROMWELL,Court St,  ,  ,V,G,1.0,0,14-218a,,False,N,False,False,V,,,,,False,1.0,CT0003300,133920630961921254,2025-04-02 08:33:42.810000,08:33:42.810000,2025,,,Speed Related,2025
2025-05-18 13:31:42.907000,7441761.0,CT0003300,Cromwell,Racial Profile,1000258,2500004055,Incident ID,2025-04-02 00:00:00,April,A,M,M,22,True,False,CROMWELL,90 Berlin Rd,  ,  ,E,G,2.0,0,14-96e,,False,N,False,False,I,,,,,False,1.0,CT0003300,133920630961921254,2025-04-02 21:52:03.330000,21:52:03.330000,2025,14-36(a),,Defective Lights,2025
2025-05-18 13:31:42.790000,7441736.0,CT0003300,Cromwell,Racial Profile,1000250,2500004046,Incident ID,2025-04-02 00:00:00,April,W,N,F,33,True,True,CROMWELL,Court St,  ,  ,V,G,1.0,0,14-218a,,False,N,False,False,V,,,,,False,1.0,CT0003300,133920630961921254,2025-04-02 15:15:47.070000,15:15:47.070000,2025,,,Speed Related,2025
2025-05-18 13:31:42.793000,7441737.0,CT0003300,Cromwell,Racial Profile,1000250,2500004047,Incident ID,2025-04-02 00:00:00,April,W,N,F,69,True,True,CROMWELL,Court St,  ,  ,V,G,1.0,0,14-218a,,False,N,False,False,V,,,,,False,1.0,CT0003300,133920630961921254,2025-04-02 15:32:51.780000,15:32:51.780000,2025,,,Speed Related,2025
2025-05-18 13:31:41.580000,7441672.0,CT0003300,Cromwell,Racial Profile,10110,2500004087,Incident ID,2025-04-03 00:00:00,April,W,N,M,51,True,False,CROMWELL,Berlin Rd @ Hammerhead Pl.,  ,  ,V,G,1.0,0,14-296aab,,False,N,False,False,V,,,,,False,1.0,CT0003300,133920630961921254,2025-04-03 14:56:45.520000,14:56:45.520000,2025,14-296aab,,Cell Phone,2025
2025-05-18 13:31:42.993000,7441788.0,CT0003300,Cromwell,Racial Profile,1000271,2500004084,Incident ID,2025-04-03 00:00:00,April,W,N,F,17,True,True,CROMWELL,Court Street// Geer ,  ,  ,V,G,1.0,0,14-301,,False,N,False,False,V,,,,,False,1.0,CT0003300,133920630961921254,2025-04-03 13:08:29.420000,13:08:29.420000,2025,14-301,,Stop Sign,2025
2025-05-18 13:31:43,7441789.0,CT0003300,Cromwell,Racial Profile,1000271,2500004086,Incident ID,2025-04-03 00:00:00,April,W,N,M,40,True,True,CROMWELL,Washington,  ,  ,V,G,1.0,0,14-234,,False,N,False,False,V,,,,,False,1.0,CT0003300,133920630961921254,2025-04-03 14:06:06.677000,14:06:06.677000,2025,14-234,,Moving Violation,2025
2025-05-18 13:31:42.797000,7441738.0,CT0003300,Cromwell,Racial Profile,1000250,2500004090,Incident ID,2025-04-03 00:00:00,April,W,N,M,47,True,True,CROMWELL,Shunpike Rd,  ,  ,V,G,1.0,0,14-299,,False,N,False,False,V,,,,,False,1.0,CT0003300,133920630961921254,2025-04-03 15:52:02.403000,15:52:02.403000,2025,,,Traffic Control Signal,2025
2025-05-18 13:31:42.520000,7441691.0,CT0003300,Cromwell,Racial Profile,1000225,2500004163,Incident ID,2025-04-04 00:00:00,April,W,N,M,20,True,False,CROMWELL,Sebethe Dr @ Berlin Rd,  ,  ,V,G,1.0,0,14-299,,False,N,False,False,V,,,,,False,1.0,CT0003300,133920630961921254,2025-04-04 21:23:19.910000,21:23:19.910000,2025,,,Traffic Control Signal,2025
2025-05-18 13:31:42.767000,7441727.0,CT0003300,Cromwell,Racial Profile,1000245,2500004162,Incident ID,2025-04-04 00:00:00,April,W,H,M,24,True,False,CROMWELL,Berlin Rd/Willowbrook Rd,  ,  ,V,G,1.0,0,14-299,,False,N,False,False,V,,,,,False,1.0,CT0003300,133920630961921254,2025-04-04 20:54:39.663000,20:54:39.663000,2025,14-299,,Traffic Control Signal,2025
2025-05-18 13:31:42.800000,7441739.0,CT0003300,Cromwell,Racial Profile,1000250,2500004143,Incident ID,2025-04-04 00:00:00,April,W,N,F,61,True,True,CROMWELL,Evergreen Rd,  ,  ,V,G,1.0,0,14-301,,False,N,False,False,V,,,,,False,1.0,CT0003300,133920630961921254,2025-04-04 13:47:39.500000,13:47:39.500000,2025,,,Stop Sign,2025
2025-05-18 13:31:42.967000,7441783.0,CT0003300,Cromwell,Racial Profile,1000265,2500004128,Incident ID,2025-04-04 00:00:00,April,A,M,F,48,True,False,CROMWELL,shunpike rd,  ,  ,E,G,1.0,0,14-96e,,False,N,False,False,V,,,,,False,1.0,CT0003300,133920630961921254,2025-04-04 07:17:12.710000,07:17:12.710000,2025,,,Defective Lights,2025
2025-05-18 13:31:42.710000,7441715.0,CT0003300,Cromwell,Racial Profile,1000234,2500004161,Incident ID,2025-04-04 00:00:00,April,W,N,M,55,True,True,CROMWELL,Berlin Rd,  ,  ,E,G,1.0,0,14-96c,,False,N,False,False,V,,,,,False,1.0,CT0003300,133920630961921254,2025-04-04 20:52:10.450000,20:52:10.450000,2025,14-96c,,Defective Lights,2025
2025-05-18 13:31:41.650000,7441673.0,CT0003300,Cromwell,Racial Profile,10110,2500004136,Incident ID,2025-04-04 00:00:00,April,W,N,F,78,True,False,Cromwell,Berlin Rd. @ Willowbrook Rd.,  ,  ,V,G,1.0,0,14-296aab,,False,N,False,False,V,,,,,False,1.0,CT0003300,133920630961921254,2025-04-04 10:20:09.263000,10:20:09.263000,2025,14-296aab,,Cell Phone,2025
2025-05-18 13:31:41.753000,7441676.0,CT0003300,Cromwell,Racial Profile,10110,2500004148,Incident ID,2025-04-04 00:00:00,April,W,N,M,84,True,True,CROMWELL,West St. @ Shunpike Rd.,  ,  ,V,G,1.0,0,14-245,,False,N,False,False,V,,,,,False,1.0,CT0003300,133920630961921254,2025-04-04 14:47:43.003000,14:47:43.003000,2025,14-245,,Moving Violation,2025
2025-05-18 13:31:42.503000,7441690.0,CT0003300,Cromwell,Racial Profile,1000225,2500004154,Incident ID,2025-04-04 00:00:00,April,B,M,M,28,True,False,CROMWELL,West St,  ,  ,V,G,1.0,0,14-220,,False,N,False,False,V,,,,,False,1.0,CT0003300,133920630961921254,2025-04-04 20:00:42.687000,20:00:42.687000,2025,,,Other,2025
2025-05-18 13:31:42.763000,7441726.0,CT0003300,Cromwell,Racial Profile,1000245,2500004159,Incident ID,2025-04-04 00:00:00,April,W,N,M,24,True,False,Cromwell,Berlin Rd,  ,  ,E,G,1.0,0,14-96a(a),,False,N,False,False,V,,,,,False,1.0,CT0003300,133920630961921254,2025-04-04 20:37:00.847000,20:37:00.847000,2025,14-96a(a),,Defective Lights,2025
2025-05-18 13:31:41.693000,7441674.0,CT0003300,Cromwell,Racial Profile,10110,2500004139,Incident ID,2025-04-04 00:00:00,April,W,N,F,29,True,False,CROMWELL,West St. @ West St. Hghts,  ,  ,V,G,1.0,0,14-12a,,False,N,False,False,N,,,,,False,1.0,CT0003300,133920630961921254,2025-04-04 11:48:58.273000,11:48:58.273000,2025,14-12a,,Registration,2025
2025-05-18 13:31:41.723000,7441675.0,CT0003300,Cromwell,Racial Profile,10110,2500004142,Incident ID,2025-04-04 00:00:00,April,W,N,M,47,True,False,CROMWELL,Berlin Rd. @ Lowes' Home Improvement Store,  ,  ,V,G,1.0,0,14-247,,False,N,False,False,V,,,,,False,1.0,CT0003300,133920630961921254,2025-04-04 13:13:36.980000,13:13:36.980000,2025,14-247,,Moving Violation,2025
2025-05-18 13:31:42.540000,7441693.0,CT0003300,Cromwell,Racial Profile,1000225,2500004207,Incident ID,2025-04-05 00:00:00,April,W,N,M,40,True,False,CROMWELL,Berlin Rd,  ,  ,E,G,1.0,0,14-96c,,False,N,False,False,V,,,,,False,1.0,CT0003300,133920630961921254,2025-04-05 21:57:00.083000,21:57:00.083000,2025,,,Defective Lights,2025
2025-05-18 13:31:42.720000,7441717.0,CT0003300,Cromwell,Racial Profile,1000234,2500004208,Incident ID,2025-04-05 00:00:00,April,W,H,M,40,False,False,CROMWELL,Industrial Park Rd.,  ,  ,V,G,2.0,1,14-147,,False,N,False,False,I,,,,,False,1.0,CT0003300,133920630961921254,2025-04-05 22:18:52.037000,22:18:52.037000,2025,14-213b,,Administrative Offense,2025
2025-05-18 13:31:42.940000,7441775.0,CT0003300,Cromwell,Racial Profile,1000262,2500004203,Incident ID,2025-04-05 00:00:00,April,W,N,F,56,True,False,CROMWELL,Shunpike Road @ West St,  ,  ,E,G,3.0,0,14-96a(a),,False,N,False,False,M,,,,,False,1.0,CT0003300,133920630961921254,2025-04-05 21:17:23.347000,21:17:23.347000,2025,14-215a,,Defective Lights,2025
2025-05-18 13:31:42.947000,7441777.0,CT0003300,Cromwell,Racial Profile,1000262,2500004210,Incident ID,2025-04-05 00:00:00,April,B,M,M,37,True,False,CROMWELL,Shunpike Road @ West Street,  ,  ,E,G,3.0,0,14-96b,,False,N,False,False,M,,,,,False,1.0,CT0003300,133920630961921254,2025-04-05 22:58:18.510000,22:58:18.510000,2025,14-215(a),,Defective Lights,2025
2025-05-18 13:31:42.530000,7441692.0,CT0003300,Cromwell,Racial Profile,1000225,2500004204,Incident ID,2025-04-05 00:00:00,April,W,N,M,24,True,False,CROMWELL,East St,  ,  ,V,G,1.0,0,14-12(a)*,,False,N,False,False,V,,,,,False,1.0,CT0003300,133920630961921254,2025-04-05 21:20:37.330000,21:20:37.330000,2025,,,Registration,2025
2025-05-18 13:31:42.940000,7441774.0,CT0003300,Cromwell,Racial Profile,1000262,2500004200,Incident ID,2025-04-05 00:00:00,April,B,M,M,55,True,False,CROMWELL,Berlin Road @ Willowbrook,  ,  ,E,G,1.0,0,14-96a(a),,False,N,False,False,V,,,,,False,1.0,CT0003300,133920630961921254,2025-04-05 20:41:51.513000,20:41:51.513000,2025,14-96a(a),,Defective Lights,2025
2025-05-18 13:31:42.943000,7441776.0,CT0003300,Cromwell,Racial Profile,1000262,2500004209,Incident ID,2025-04-05 00:00:00,April,W,N,M,28,True,True,CROMWELL,Shunpike Road @ Evergreen,  ,  ,V,G,1.0,0,14-299,,False,N,False,False,V,,,,,False,1.0,CT0003300,133920630961921254,2025-04-05 22:21:38.430000,22:21:38.430000,2025,14-299,,Traffic Control Signal,2025
2025-05-18 13:31:42.713000,7441716.0,CT0003300,Cromwell,Racial Profile,1000234,2500004201,Incident ID,2025-04-05 00:00:00,April,W,N,M,27,True,True,CROMWELL,West St,  ,  ,V,G,1.0,0,14-299,,False,N,False,False,V,,,,,False,1.0,CT0003300,133920630961921254,2025-04-05 20:59:04.463000,20:59:04.463000,2025,14-299,,Traffic Control Signal,2025
2025-05-18 13:31:43.010000,7441790.0,CT0003300,Cromwell,Racial Profile,1000271,2500004226,Incident ID,2025-04-06 00:00:00,April,W,H,M,23,True,False,CROMWELL,Court St// Washington,  ,  ,V,G,2.0,0,14-301,,False,N,False,False,M,,,,,False,1.0,CT0003300,133920630961921254,2025-04-06 14:33:16.490000,14:33:16.490000,2025,14-215,,Stop Sign,2025
2025-05-18 13:31:42.800000,7441740.0,CT0003300,Cromwell,Racial Profile,1000250,2500004225,Incident ID,2025-04-06 00:00:00,April,A,N,F,45,True,True,CROMWELL,West St,  ,  ,V,G,1.0,0,14-12(a)*,,False,N,False,False,V,,,,,False,1.0,CT0003300,133920630961921254,2025-04-06 14:24:26.593000,14:24:26.593000,2025,,,Registration,2025
2025-05-18 13:31:41.773000,7441677.0,CT0003300,Cromwell,Racial Profile,10110,2500004222,Incident ID,2025-04-06 00:00:00,April,W,N,M,28,True,False,CROMWELL,Berlin Rd. @ Hammerhead Pl.,  ,  ,V,G,1.0,0,14-296aab,,False,N,False,False,V,,,,,False,1.0,CT0003300,133920630961921254,2025-04-06 09:28:50.410000,09:28:50.410000,2025,14-296aab,,Cell Phone,2025
2025-05-18 13:31:42.913000,7441763.0,CT0003300,Cromwell,Racial Profile,1000260,2500004268,Incident ID,2025-04-07 00:00:00,April,W,N,F,36,True,False,CROMWELL,shunpike/evergreen,  ,  ,V,G,1.0,0,14-12(a),,False,N,False,False,V,,,,,False,1.0,CT0003300,133920630961921254,2025-04-07 12:33:55.030000,12:33:55.030000,2025,14-12(a),,Registration,2025
2025-05-18 13:31:42.723000,7441718.0,CT0003300,Cromwell,Racial Profile,1000234,2500004281,Incident ID,2025-04-07 00:00:00,April,W,M,F,41,True,False,CROMWELL,Berlin Rd,  ,  ,V,G,2.0,1,14-96a(a),,False,N,False,False,M,,,,,False,1.0,CT0003300,133920630961921254,2025-04-07 23:22:43.780000,23:22:43.780000,2025,14-147(c),,Defective Lights,2025
2025-05-18 13:31:42.770000,7441728.0,CT0003300,Cromwell,Racial Profile,1000247,2500004258,Incident ID,2025-04-07 00:00:00,April,W,N,F,47,True,True,CROMWELL,Coles Road,  ,  ,V,B,1.0,0,14-218a,,False,N,False,False,V,,,,,False,1.0,CT0003300,133920630961921254,2025-04-07 06:59:39.923000,06:59:39.923000,2025,14-218a,,Speed Related,2025
2025-05-18 13:31:42.773000,7441729.0,CT0003300,Cromwell,Racial Profile,1000247,2500004260,Incident ID,2025-04-07 00:00:00,April,W,N,F,53,True,True,CROMWELL,Evergreen Road,  ,  ,V,G,1.0,0,14-301,,False,N,False,False,V,,,,,False,1.0,CT0003300,133920630961921254,2025-04-07 07:15:50.097000,07:15:50.097000,2025,14-301,,Stop Sign,2025
2025-05-18 13:31:42.950000,7441778.0,CT0003300,Cromwell,Racial Profile,1000262,2500004265,Incident ID,2025-04-07 00:00:00,April,B,M,M,46,True,False,Cromwell,Berlin Road @ Industrial Park,  ,  ,V,G,3.0,1,14-299,,False,N,False,False,M,,,,,False,1.0,CT0003300,133920630961921254,2025-04-07 11:40:01.633000,11:40:01.633000,2025,14-215a,,Traffic Control Signal,2025
2025-05-18 13:31:43.017000,7441791.0,CT0003300,Cromwell,Racial Profile,1000271,2500004263,Incident ID,2025-04-07 00:00:00,April,W,N,M,64,True,False,CROMWELL,Shunpike Road,  ,  ,V,G,1.0,0,14-299,,False,N,False,False,V,,,,,False,1.0,CT0003300,133920630961921254,2025-04-07 10:39:52.167000,10:39:52.167000,2025,14-299,,Traffic Control Signal,2025
2025-05-18 13:31:42.953000,7441779.0,CT0003300,Cromwell,Racial Profile,1000262,2500004314,Incident ID,2025-04-08 00:00:00,April,W,N,M,46,True,False,CROMWELL,Country Squire @ Berlin Road,  ,  ,V,G,1.0,0,14-299,,False,N,False,False,V,,,,,False,1.0,CT0003300,133920630961921254,2025-04-08 11:22:26.607000,11:22:26.607000,2025,14-299,,Traffic Control Signal,2025
2025-05-18 13:31:42.777000,7441730.0,CT0003300,Cromwell,Racial Profile,1000247,2500004308,Incident ID,2025-04-08 00:00:00,April,W,N,F,46,True,True,CROMWELL,Evergreen Road,  ,  ,V,G,1.0,0,14-301,,False,N,False,False,V,,,,,False,1.0,CT0003300,133920630961921254,2025-04-08 07:23:28.680000,07:23:28.680000,2025,14-301,,Stop Sign,2025
2025-05-18 13:31:42.877000,7441754.0,CT0003300,Cromwell,Racial Profile,1000255,2500004320,Incident ID,2025-04-08 00:00:00,April,W,N,M,74,True,True,CROMWELL,Evergreen Rd,  ,  ,V,G,1.0,0,14-301,,False,N,False,False,V,,,,,False,1.0,CT0003300,133920630961921254,2025-04-08 17:17:25.663000,17:17:25.663000,2025,,,Stop Sign,2025
2025-05-18 13:31:42.917000,7441764.0,CT0003300,Cromwell,Racial Profile,1000260,2500004310,Incident ID,2025-04-08 00:00:00,April,W,M,M,30,True,True,CROMWELL,court/woodside,  ,  ,V,G,1.0,0,14-218(a),,False,N,False,False,I,,,,,False,1.0,CT0003300,133920630961921254,2025-04-08 08:43:39.403000,08:43:39.403000,2025,14-218(a),,Speed Related,2025
2025-05-18 13:31:42.880000,7441755.0,CT0003300,Cromwell,Racial Profile,1000255,2500004364,Incident ID,2025-04-09 00:00:00,April,W,N,F,37,True,True,CROMWELL,Shunpike Rd,  ,  ,V,G,1.0,0,14-12(a)*,,False,N,False,False,V,,,,,False,1.0,CT0003300,133920630961921254,2025-04-09 17:39:29.383000,17:39:29.383000,2025,,,Registration,2025
2025-05-18 13:31:42.910000,7441762.0,CT0003300,Cromwell,Racial Profile,1000258,2500004365,Incident ID,2025-04-09 00:00:00,April,W,N,M,45,True,False,CROMWELL,Berlin Rd,  ,  ,E,G,1.0,0,14-96y,,False,N,False,False,V,,,,,False,1.0,CT0003300,133920630961921254,2025-04-09 20:04:38.023000,20:04:38.023000,2025,36a-53a,,Defective Lights,2025
2025-05-18 13:31:42.920000,7441765.0,CT0003300,Cromwell,Racial Profile,1000260,2500004351,Incident ID,2025-04-09 00:00:00,April,W,N,F,81,True,False,CROMWELL,evergreen/shunpike,  ,  ,V,G,1.0,0,14-299,,False,N,False,False,V,,,,,False,1.0,CT0003300,133920630961921254,2025-04-09 09:22:15.290000,09:22:15.290000,2025,14-299,,Traffic Control Signal,2025
2025-05-18 13:31:42.957000,7441780.0,CT0003300,Cromwell,Racial Profile,1000262,2500004354,Incident ID,2025-04-09 00:00:00,April,W,N,F,38,True,False,CROMWELL,West Street @ Shunpike Road,  ,  ,V,G,2.0,0,14-12(a)*,,False,N,False,False,I,,,,,False,1.0,CT0003300,133920630961921254,2025-04-09 11:46:35.110000,11:46:35.110000,2025,14-213b,,Registration,2025
2025-05-18 13:31:42.177000,7441683.0,CT0003300,Cromwell,Racial Profile,10114,2500004397,Incident ID,2025-04-10 00:00:00,April,W,N,F,39,True,True,CROMWELL,Evergreen Road,  ,  ,V,G,1.0,0,14-301,,False,N,False,False,V,,,,,False,1.0,CT0003300,133920630961921254,2025-04-10 07:35:13.100000,07:35:13.100000,2025,14-301,,Stop Sign,2025
2025-05-18 13:31:42.883000,7441756.0,CT0003300,Cromwell,Racial Profile,1000255,2500004413,Incident ID,2025-04-10 00:00:00,April,W,N,M,36,True,False,CROMWELL,Berlin Rd,  ,  ,V,G,2.0,1,14-12(a)*,,False,N,False,False,I,,,,,False,1.0,CT0003300,133920630961921254,2025-04-10 18:06:49.750000,18:06:49.750000,2025,14-213b,,Registration,2025
2025-05-18 13:31:42.803000,7441741.0,CT0003300,Cromwell,Racial Profile,1000250,2500004444,Incident ID,2025-04-11 00:00:00,April,W,N,M,16,True,False,Cromwell,Berlin Rd,  ,  ,V,G,1.0,0,14-96e,,False,N,False,False,V,,,,,False,1.0,CT0003300,133920630961921254,2025-04-11 14:30:42.100000,14:30:42.100000,2025,,,Defective Lights,2025
2025-05-18 13:31:42.757000,7441725.0,CT0003300,Cromwell,Racial Profile,1000235,2500004442,Incident ID,2025-04-11 00:00:00,April,B,N,F,47,True,False,Cromwell,Berlin Road @ Willowbrook,  ,  ,V,G,2.0,0,14-215,,False,N,False,False,N,,,,,False,1.0,CT0003300,133920630961921254,2025-04-11 12:56:37.733000,12:56:37.733000,2025,14-215,,Administrative Offense,2025
2025-05-18 13:31:42.373000,7441685.0,CT0003300,Cromwell,Racial Profile,1000215,2500004484,Incident ID,2025-04-12 00:00:00,April,W,N,M,32,True,False,CROMWELL,rte 372,  ,  ,E,G,1.0,0,14-96y,,False,N,False,False,V,,,,,False,1.0,CT0003300,133920630961921254,2025-04-12 21:10:58.943000,21:10:58.943000,2025,14-96y,,Defective Lights,2025
2025-05-18 13:31:42.290000,7441684.0,CT0003300,Cromwell,Racial Profile,1000215,2500004483,Incident ID,2025-04-12 00:00:00,April,W,N,F,48,True,True,CROMWELL,rte99,  ,  ,V,B,1.0,0,14-218a,,False,N,False,False,V,,,,,False,1.0,CT0003300,133920630961921254,2025-04-12 19:12:06.387000,19:12:06.387000,2025,14-218a,,Speed Related,2025
2025-05-18 13:31:42.420000,7441686.0,CT0003300,Cromwell,Racial Profile,1000215,2500004485,Incident ID,2025-04-12 00:00:00,April,B,N,M,32,True,False,Cromwell,rte 372,  ,  ,E,G,1.0,0,14-96a(a),,False,N,False,False,V,,,,,False,1.0,CT0003300,133920630961921254,2025-04-12 21:21:38.610000,21:21:38.610000,2025,14-96a(a),,Defective Lights,2025
2025-05-18 13:31:42.777000,7441731.0,CT0003300,Cromwell,Racial Profile,1000247,2500004510,Incident ID,2025-04-13 00:00:00,April,W,N,F,47,True,True,CROMWELL,Evergreen Road,  ,  ,V,G,1.0,0,14-301,,False,N,False,False,V,,,,,False,1.0,CT0003300,133920630961921254,2025-04-13 15:09:02.410000,15:09:02.410000,2025,14-301,,Stop Sign,2025
2025-05-18 13:31:42.780000,7441732.0,CT0003300,Cromwell,Racial Profile,1000247,2500004511,Incident ID,2025-04-13 00:00:00,April,W,N,F,42,True,True,CROMWELL,evergreen Road,  ,  ,V,G,1.0,0,14-301,,False,N,False,False,V,,,,,False,1.0,CT0003300,133920630961921254,2025-04-13 15:33:05.737000,15:33:05.737000,2025,14-301,,Stop Sign,2025
2025-05-18 13:31:42.817000,7441742.0,CT0003300,Cromwell,Racial Profile,1000250,2500004508,Incident ID,2025-04-13 00:00:00,April,W,N,F,37,True,False,CROMWELL,Court St,  ,  ,V,G,1.0,0,14-301,,False,N,False,False,V,,,,,False,1.0,CT0003300,133920630961921254,2025-04-13 14:21:16.870000,14:21:16.870000,2025,,,Stop Sign,2025
2025-05-18 13:31:42.973000,7441784.0,CT0003300,Cromwell,Racial Profile,1000265,2500004553,Incident ID,2025-04-14 00:00:00,April,W,N,F,26,True,False,CROMWELL,Coles/Evergreen,  ,  ,V,B,1.0,0,14-301,,False,N,False,False,V,,,,,False,1.0,CT0003300,133920630961921254,2025-04-14 06:50:06.500000,06:50:06.500000,2025,,,Stop Sign,2025
2025-05-18 13:31:42.687000,7441711.0,CT0003300,Cromwell,Racial Profile,1000228,2500004552,Incident ID,2025-04-14 00:00:00,April,W,N,M,55,True,False,CROMWELL,Main St,  ,  ,V,B,1.0,0,14-218a,,False,N,False,False,V,,,,,False,1.0,CT0003300,133920630961921254,2025-04-14 06:42:00.313000,06:42:00.313000,2025,14-218a,,Speed Related,2025
2025-05-18 13:31:42.977000,7441786.0,CT0003300,Cromwell,Racial Profile,1000270,2500004549,Incident ID,2025-04-14 00:00:00,April,W,N,M,32,True,False,CROMWELL,west/eager,  ,  ,V,G,1.0,0,14-218a,,False,N,False,False,V,,,,,False,1.0,CT0003300,133920630961921254,2025-04-14 06:11:35.453000,06:11:35.453000,2025,14-218a,,Speed Related,2025
2025-05-18 13:31:42.560000,7441694.0,CT0003300,Cromwell,Racial Profile,1000225,2500004614,Incident ID,2025-04-15 00:00:00,April,W,N,M,29,True,False,CROMWELL,Berlin Rd,  ,  ,V,G,1.0,0,14-299,,False,N,False,False,V,,,,,False,1.0,CT0003300,133920630961921254,2025-04-15 20:41:22.790000,20:41:22.790000,2025,,,Traffic Control Signal,2025
2025-05-18 13:31:42.897000,7441757.0,CT0003300,Cromwell,Racial Profile,1000255,2500004617,Incident ID,2025-04-15 00:00:00,April,B,N,F,44,True,False,Cromwell,Berlin Rd,  ,  ,E,G,1.0,0,14-96a(a),,False,N,False,False,V,,,,,False,1.0,CT0003300,133920630961921254,2025-04-15 22:42:31.460000,22:42:31.460000,2025,,,Defective Lights,2025
2025-05-18 13:31:42.900000,7441758.0,CT0003300,Cromwell,Racial Profile,1000255,2500004665,Incident ID,2025-04-16 00:00:00,April,A,N,M,25,True,False,CROMWELL,Shunpike Rd,  ,  ,V,G,1.0,0,14-241,,False,N,False,False,V,,,,,False,1.0,CT0003300,133920630961921254,2025-04-16 21:00:12.737000,21:00:12.737000,2025,,,Moving Violation,2025
2025-05-18 13:31:42.960000,7441781.0,CT0003300,Cromwell,Racial Profile,1000262,2500004650,Incident ID,2025-04-16 00:00:00,April,W,N,F,67,True,True,CROMWELL,Main Street @ Court Street,  ,  ,V,G,1.0,0,14-296aa(b),,False,N,False,False,V,,,,,False,1.0,CT0003300,133920630961921254,2025-04-16 13:30:53.240000,13:30:53.240000,2025,14-296aa(b),,Cell Phone,2025
2025-05-18 13:31:42.920000,7441766.0,CT0003300,Cromwell,Racial Profile,1000260,2500004649,Incident ID,2025-04-16 00:00:00,April,W,N,F,23,True,False,Cromwell,Shunpike/Berlin Road,  ,  ,V,G,1.0,0,14-12(a)*,,False,N,False,False,I,,,,,False,1.0,CT0003300,133920630961921254,2025-04-16 12:46:29.430000,12:46:29.430000,2025,14-12(a)*,,Registration,2025
2025-05-18 13:31:42.583000,7441696.0,CT0003300,Cromwell,Racial Profile,1000225,2500004748,Incident ID,2025-04-18 00:00:00,April,W,N,F,54,True,False,CROMWELL,West St @ Stop and Shop Entrance,  ,  ,V,G,1.0,0,14-299,,False,N,False,False,V,,,,,False,1.0,CT0003300,133920630961921254,2025-04-18 19:43:15.237000,19:43:15.237000,2025,,,Traffic Control Signal,2025
2025-05-18 13:31:42.610000,7441699.0,CT0003300,Cromwell,Racial Profile,1000225,2500004754,Incident ID,2025-04-18 00:00:00,April,W,N,M,17,True,False,CROMWELL,East St,  ,  ,E,G,1.0,0,14-96a(a),,False,N,False,False,V,,,,,False,1.0,CT0003300,133920630961921254,2025-04-18 21:34:09.540000,21:34:09.540000,2025,,,Defective Lights,2025
2025-05-18 13:31:42.617000,7441701.0,CT0003300,Cromwell,Racial Profile,1000225,2500004756,Incident ID,2025-04-18 00:00:00,April,B,M,M,52,True,True,CROMWELL,Shunpike Rd @ West St,  ,  ,V,G,1.0,0,14-296aa(b)1,,False,N,False,False,I,,,,,False,1.0,CT0003300,133920630961921254,2025-04-18 22:44:01.750000,22:44:01.750000,2025,,,Cell Phone,2025
2025-05-18 13:31:42.600000,7441698.0,CT0003300,Cromwell,Racial Profile,1000225,2500004753,Incident ID,2025-04-18 00:00:00,April,W,N,M,19,True,False,CROMWELL,Berlin Rd,  ,  ,V,G,1.0,0,14-296aa(b)1,,False,N,False,False,I,,,,,False,1.0,CT0003300,133920630961921254,2025-04-18 20:57:48.837000,20:57:48.837000,2025,,,Cell Phone,2025
2025-05-18 13:31:42.613000,7441700.0,CT0003300,Cromwell,Racial Profile,1000225,2500004755,Incident ID,2025-04-18 00:00:00,April,B,N,M,58,True,False,CROMWELL,Shunpike Rd,  ,  ,V,G,1.0,0,14-220,,False,N,False,False,V,,,,,False,1.0,CT0003300,133920630961921254,2025-04-18 21:47:20.983000,21:47:20.983000,2025,,,Other,2025
2025-05-18 13:31:42.973000,7441785.0,CT0003300,Cromwell,Racial Profile,1000265,2500004757,Incident ID,2025-04-18 00:00:00,April,W,N,M,54,True,True,CROMWELL,West Street,  ,  ,E,G,3.0,1,14-96a(a),,False,N,False,True,M,,,,,False,1.0,CT0003300,133920630961921254,2025-04-18 23:26:04.347000,23:26:04.347000,2025,14-227a,,Defective Lights,2025
2025-05-18 13:31:42.570000,7441695.0,CT0003300,Cromwell,Racial Profile,1000225,2500004747,Incident ID,2025-04-18 00:00:00,April,W,N,M,59,True,False,CROMWELL,Berlin Rd,  ,  ,V,G,1.0,0,14-296aa(b)1,,False,N,False,False,I,,,,,False,1.0,CT0003300,133920630961921254,2025-04-18 18:56:56.640000,18:56:56.640000,2025,,,Cell Phone,2025
2025-05-18 13:31:42.593000,7441697.0,CT0003300,Cromwell,Racial Profile,1000225,2500004749,Incident ID,2025-04-18 00:00:00,April,W,N,M,27,True,True,Cromwell,Shunpike Rd @ West St,  ,  ,V,G,1.0,0,14-296aa(b)1,,False,N,False,False,I,,,,,False,1.0,CT0003300,133920630961921254,2025-04-18 20:01:48.747000,20:01:48.747000,2025,,,Cell Phone,2025
2025-05-18 13:31:42.903000,7441759.0,CT0003300,Cromwell,Racial Profile,1000255,2500004752,Incident ID,2025-04-18 00:00:00,April,W,N,M,57,True,False,CROMWELL,Shunpike Rd,  ,  ,V,G,1.0,0,14-12(a)*,,False,N,False,False,I,,,,,False,1.0,CT0003300,133920630961921254,2025-04-18 20:44:13.370000,20:44:13.370000,2025,,,Registration,2025
2025-05-18 13:31:41.300000,7441670.0,CT0003300,Cromwell,Racial Profile,10106,2500004793,Incident ID,2025-04-19 00:00:00,April,W,N,F,52,False,False,CROMWELL,Rt 372 at Willowbrook Rd,  ,  ,V,G,1.0,0,14-299,,False,N,False,False,W,,,,,False,1.0,CT0003300,133920630961921254,2025-04-19 17:07:34.893000,17:07:34.893000,2025,,,Traffic Control Signal,2025
2025-05-18 13:31:41.420000,7441671.0,CT0003300,Cromwell,Racial Profile,10106,2500004798,Incident ID,2025-04-19 00:00:00,April,W,N,M,17,True,True,CROMWELL,Access Rd off Main St (Travelers Champ bean lot),  ,  ,I,G,2.0,0,53a-110a,,True,N,True,False,I,,,,,False,1.0,CT0003300,133920630961921254,2025-04-19 22:13:16.513000,22:13:16.513000,2025,22a-250(a)(3),,Other,2025
2025-05-18 13:31:42.733000,7441720.0,CT0003300,Cromwell,Racial Profile,1000234,2500004890,Incident ID,2025-04-21 00:00:00,April,W,M,M,35,True,False,CROMWELL,Berlin Rd.,  ,  ,E,G,1.0,0,14-96c,,True,N,False,False,V,,,,,False,1.0,CT0003300,133920630961921254,2025-04-21 23:27:26.003000,23:27:26.003000,2025,14-96c,,Defective Lights,2025
2025-05-18 13:31:42.697000,7441712.0,CT0003300,Cromwell,Racial Profile,1000228,2500004858,Incident ID,2025-04-21 00:00:00,April,B,N,M,35,True,False,Cromwell,Berlin Rd,  ,  ,V,G,1.0,0,14-218a,,False,N,False,False,V,,,,,False,1.0,CT0003300,133920630961921254,2025-04-21 06:14:19.133000,06:14:19.133000,2025,14-218a,,Speed Related,2025
2025-05-18 13:31:42.620000,7441702.0,CT0003300,Cromwell,Racial Profile,1000225,2500004887,Incident ID,2025-04-21 00:00:00,April,B,N,M,41,True,False,CROMWELL,Berlin Rd,  ,  ,V,G,1.0,0,14-242,,False,N,False,False,V,,,,,False,1.0,CT0003300,133920630961921254,2025-04-21 22:53:40.300000,22:53:40.300000,2025,,,Moving Violation,2025
2025-05-18 13:31:42.730000,7441719.0,CT0003300,Cromwell,Racial Profile,1000234,2500004885,Incident ID,2025-04-21 00:00:00,April,W,M,M,35,True,False,CROMWELL,Berlin Rd.,  ,  ,V,G,1.0,0,14-236,,True,N,False,False,V,,,,,False,1.0,CT0003300,133920630961921254,2025-04-21 21:57:34.073000,21:57:34.073000,2025,14-236,,Moving Violation,2025
2025-05-18 13:31:42.820000,7441743.0,CT0003300,Cromwell,Racial Profile,1000250,2500004922,Incident ID,2025-04-22 00:00:00,April,W,N,M,41,True,False,CROMWELL,Berlin Rd,  ,  ,V,G,1.0,0,14-296aa(b)1,,False,N,False,False,V,,,,,False,1.0,CT0003300,133920630961921254,2025-04-22 14:24:40.713000,14:24:40.713000,2025,,,Cell Phone,2025
2025-05-18 13:31:42.707000,7441714.0,CT0003300,Cromwell,Racial Profile,1000228,2500004915,Incident ID,2025-04-22 00:00:00,April,W,H,F,30,True,False,CROMWELL,East St and Berlin Rd,  ,  ,V,G,1.0,0,14-299,,False,N,False,False,I,,,,,False,1.0,CT0003300,133920630961921254,2025-04-22 05:50:16.450000,05:50:16.450000,2025,14-299,,Traffic Control Signal,2025
2025-05-18 13:31:42.737000,7441721.0,CT0003300,Cromwell,Racial Profile,1000234,2500004892,Incident ID,2025-04-22 00:00:00,April,W,N,M,26,False,False,CROMWELL,Berlin Rd.,  ,  ,V,G,1.0,0,14-236,,False,N,False,False,V,,,,,False,1.0,CT0003300,133920630961921254,2025-04-22 00:04:57.127000,00:04:57.127000,2025,14-236,,Moving Violation,2025
2025-05-18 13:31:42.823000,7441744.0,CT0003300,Cromwell,Racial Profile,1000250,2500004923,Incident ID,2025-04-22 00:00:00,April,W,N,M,90,True,True,CROMWELL,West St,  ,  ,V,G,1.0,0,14-299,,False,N,False,False,V,,,,,False,1.0,CT0003300,133920630961921254,2025-04-22 14:46:32.933000,14:46:32.933000,2025,,,Traffic Control Signal,2025
2025-05-18 13:31:42.700000,7441713.0,CT0003300,Cromwell,Racial Profile,1000228,2500004914,Incident ID,2025-04-22 00:00:00,April,W,N,M,67,True,False,CROMWELL,East St and Berlin Rd,  ,  ,V,G,1.0,0,14-299,,False,N,False,False,I,,,,,False,1.0,CT0003300,133920630961921254,2025-04-22 05:25:48.940000,05:25:48.940000,2025,14-299,,Traffic Control Signal,2025
2025-05-18 13:31:43.020000,7441792.0,CT0003300,Cromwell,Racial Profile,1000271,2500004953,Incident ID,2025-04-23 00:00:00,April,B,N,F,32,True,False,CROMWELL,262 Main Street,  ,  ,V,G,3.0,1,14-147(c),,False,N,False,False,M,,,,,False,1.0,CT0003300,133920630961921254,2025-04-23 12:30:55.993000,12:30:55.993000,2025,14-215,,Administrative Offense,2025
2025-05-18 13:31:42.960000,7441782.0,CT0003300,Cromwell,Racial Profile,1000262,2500004990,Incident ID,2025-04-24 00:00:00,April,W,N,F,35,True,False,CROMWELL,Sebethe @ Berlin Road,  ,  ,V,G,1.0,0,14-296aa(b),,False,N,False,False,V,,,,,False,1.0,CT0003300,133920630961921254,2025-04-24 10:14:05.330000,10:14:05.330000,2025,14-296aa(b),,Cell Phone,2025
2025-05-18 13:31:42.923000,7441767.0,CT0003300,Cromwell,Racial Profile,1000260,2500004988,Incident ID,2025-04-24 00:00:00,April,W,N,F,22,True,True,CROMWELL,evergreen/holly hill,  ,  ,V,G,1.0,0,14-301,,False,N,False,False,V,,,,,False,1.0,CT0003300,133920630961921254,2025-04-24 09:20:26.307000,09:20:26.307000,2025,14-301,,Stop Sign,2025
2025-05-18 13:31:42.780000,7441733.0,CT0003300,Cromwell,Racial Profile,1000247,2500004983,Incident ID,2025-04-24 00:00:00,April,W,N,F,27,True,False,CROMWELL,Coles Road,  ,  ,V,B,1.0,0,14-218a,,False,N,False,False,V,,,,,False,1.0,CT0003300,133920630961921254,2025-04-24 06:26:01.487000,06:26:01.487000,2025,14-218a,,Speed Related,2025
2025-05-18 13:31:42.927000,7441768.0,CT0003300,Cromwell,Racial Profile,1000260,2500004992,Incident ID,2025-04-24 00:00:00,April,W,N,F,65,True,False,CROMWELL,main/doerring,  ,  ,V,G,1.0,0,14-12(a)*,,False,N,False,False,V,,,,,False,1.0,CT0003300,133920630961921254,2025-04-24 12:04:26.047000,12:04:26.047000,2025,14-12(a)*,,Registration,2025
2025-05-18 13:31:42.987000,7441787.0,CT0003300,Cromwell,Racial Profile,1000270,2500004984,Incident ID,2025-04-24 00:00:00,April,W,N,M,45,True,False,CROMWELL,catherine at west,  ,  ,V,G,1.0,0,14-301,,False,N,False,False,V,,,,,False,1.0,CT0003300,133920630961921254,2025-04-24 06:30:01.813000,06:30:01.813000,2025,14-301,,Stop Sign,2025
2025-05-18 13:31:42.480000,7441688.0,CT0003300,Cromwell,Racial Profile,1000215,2500005041,Incident ID,2025-04-25 00:00:00,April,W,N,M,25,True,False,CROMWELL,rte 99,  ,  ,V,B,1.0,0,14-218a,,False,N,False,False,I,,,,,False,1.0,CT0003300,133920630961921254,2025-04-25 18:27:14.090000,18:27:14.090000,2025,14-218a,,Speed Related,2025
2025-05-18 13:31:42.463000,7441687.0,CT0003300,Cromwell,Racial Profile,1000215,2500005039,Incident ID,2025-04-25 00:00:00,April,W,N,F,62,True,True,CROMWELL,rte 99,  ,  ,V,B,1.0,0,14-218a,,False,N,False,False,V,,,,,False,1.0,CT0003300,133920630961921254,2025-04-25 18:19:17.653000,18:19:17.653000,2025,14-218a,,Speed Related,2025
2025-05-18 13:31:42.490000,7441689.0,CT0003300,Cromwell,Racial Profile,1000215,2500005042,Incident ID,2025-04-25 00:00:00,April,W,N,M,65,True,False,CROMWELL,rte 99,  ,  ,V,B,1.0,0,14-218a,,False,N,False,False,I,,,,,False,1.0,CT0003300,133920630961921254,2025-04-25 18:51:53.227000,18:51:53.227000,2025,14-218a,,Speed Related,2025
2025-05-18 13:31:42.930000,7441769.0,CT0003300,Cromwell,Racial Profile,1000260,2500005028,Incident ID,2025-04-25 00:00:00,April,W,N,F,57,True,False,CROMWELL,evergreen/holly hill,  ,  ,V,G,1.0,0,14-301,,False,N,False,False,V,,,,,False,1.0,CT0003300,133920630961921254,2025-04-25 10:14:21.107000,10:14:21.107000,2025,14-301,,Stop Sign,2025
2025-05-18 13:31:42.930000,7441770.0,CT0003300,Cromwell,Racial Profile,1000260,2500005030,Incident ID,2025-04-25 00:00:00,April,W,N,F,76,True,False,CROMWELL,Coles Road,  ,  ,V,G,1.0,0,14-12(a),,False,N,False,False,V,,,,,False,1.0,CT0003300,133920630961921254,2025-04-25 11:18:08.720000,11:18:08.720000,2025,14-12(a),,Registration,2025
2025-05-18 13:31:42.823000,7441745.0,CT0003300,Cromwell,Racial Profile,1000250,2500005067,Incident ID,2025-04-26 00:00:00,April,W,N,F,25,True,False,CROMWELL,Berlin Rd,  ,  ,V,G,1.0,0,14-299,,False,N,False,False,V,,,,,False,1.0,CT0003300,133920630961921254,2025-04-26 14:44:36.080000,14:44:36.080000,2025,,,Traffic Control Signal,2025
2025-05-18 13:31:42.630000,7441703.0,CT0003300,Cromwell,Racial Profile,1000225,2500005098,Incident ID,2025-04-27 00:00:00,April,B,N,F,30,True,False,CROMWELL,Berlin Rd,  ,  ,V,G,1.0,0,14-296aa(b)1,,False,N,False,False,V,,,,,False,1.0,CT0003300,133920630961921254,2025-04-27 18:00:37.787000,18:00:37.787000,2025,,,Cell Phone,2025
2025-05-18 13:31:41.870000,7441679.0,CT0003300,Cromwell,Racial Profile,10110,2500005132,Incident ID,2025-04-28 00:00:00,April,W,N,F,61,True,False,CROMWELL,Berlin Rd. @ Country Squire Rd.,  ,  ,V,G,1.0,0,14-299,,False,N,False,False,V,,,,,False,1.0,CT0003300,133920630961921254,2025-04-28 10:47:12.727000,10:47:12.727000,2025,14-299,,Traffic Control Signal,2025
2025-05-18 13:31:41.803000,7441678.0,CT0003300,Cromwell,Racial Profile,10110,2500005131,Incident ID,2025-04-28 00:00:00,April,W,N,M,34,True,False,CROMWELL,Berline Rd. @ Hammerhead Pl.,  ,  ,V,G,1.0,0,14-296aab,,False,N,False,False,V,,,,,False,1.0,CT0003300,133920630961921254,2025-04-28 09:32:42.713000,09:32:42.713000,2025,1-296aab,,Cell Phone,2025
2025-05-18 13:31:42.750000,7441723.0,CT0003300,Cromwell,Racial Profile,1000234,2500005198,Incident ID,2025-04-29 00:00:00,April,W,H,F,29,True,False,Cromwell,West St,  ,  ,E,G,1.0,0,14-96a(a),,False,N,False,False,V,,,,,False,1.0,CT0003300,133920630961921254,2025-04-29 22:53:39.853000,22:53:39.853000,2025,14-96a(a),,Defective Lights,2025
2025-05-18 13:31:42.643000,7441705.0,CT0003300,Cromwell,Racial Profile,1000225,2500005175,Incident ID,2025-04-29 00:00:00,April,W,N,M,71,True,False,CROMWELL,New Ln,  ,  ,V,G,1.0,0,14-218a,,False,N,False,False,V,,,,,False,1.0,CT0003300,133920630961921254,2025-04-29 10:16:54.617000,10:16:54.617000,2025,,,Speed Related,2025
2025-05-18 13:31:42.660000,7441707.0,CT0003300,Cromwell,Racial Profile,1000225,2500005178,Incident ID,2025-04-29 00:00:00,April,W,N,M,54,True,True,CROMWELL,Court St,  ,  ,V,G,1.0,0,14-218(a),,False,N,False,False,V,,,,,False,1.0,CT0003300,133920630961921254,2025-04-29 10:51:06.503000,10:51:06.503000,2025,,,Speed Related,2025
2025-05-18 13:31:42.670000,7441708.0,CT0003300,Cromwell,Racial Profile,1000225,2500005182,Incident ID,2025-04-29 00:00:00,April,W,N,M,35,True,False,CROMWELL,Coles Rd,  ,  ,V,G,2.0,0,14-218a,,False,N,False,False,I,,,,,False,1.0,CT0003300,133920630961921254,2025-04-29 11:10:23.547000,11:10:23.547000,2025,14-12(a)*,,Speed Related,2025
2025-05-18 13:31:42.753000,7441724.0,CT0003300,Cromwell,Racial Profile,1000234,2500005199,Incident ID,2025-04-29 00:00:00,April,B,M,F,25,True,False,CROMWELL,Sebethe Dr.,  ,  ,V,G,2.0,0,14-12(a)*,,False,N,False,False,I,,,,,False,1.0,CT0003300,133920630961921254,2025-04-29 23:07:18.750000,23:07:18.750000,2025,14-36(a),,Registration,2025
2025-05-18 13:31:43.023000,7441793.0,CT0003300,Cromwell,Racial Profile,1000271,2500005196,Incident ID,2025-04-29 00:00:00,April,W,N,M,23,True,True,CROMWELL,Rt 372,  ,  ,V,G,1.0,0,14-243(a),,False,N,False,False,I,,,,,False,1.0,CT0003300,133920630961921254,2025-04-29 22:23:10.327000,22:23:10.327000,2025,14-299,,Moving Violation,2025
2025-05-18 13:31:42.633000,7441704.0,CT0003300,Cromwell,Racial Profile,1000225,2500005174,Incident ID,2025-04-29 00:00:00,April,W,N,F,25,True,True,CROMWELL,New Lane,  ,  ,V,G,1.0,0,14-218a,,False,N,False,False,V,,,,,False,1.0,CT0003300,133920630961921254,2025-04-29 10:05:32.210000,10:05:32.210000,2025,,,Speed Related,2025
2025-05-18 13:31:42.647000,7441706.0,CT0003300,Cromwell,Racial Profile,1000225,2500005177,Incident ID,2025-04-29 00:00:00,April,W,N,F,41,True,True,CROMWELL,Court St,  ,  ,V,G,1.0,0,14-218a,,False,N,False,False,V,,,,,False,1.0,CT0003300,133920630961921254,2025-04-29 10:35:05.223000,10:35:05.223000,2025,,,Speed Related,2025
2025-05-18 13:31:42.673000,7441709.0,CT0003300,Cromwell,Racial Profile,1000225,2500005183,Incident ID,2025-04-29 00:00:00,April,W,N,F,51,True,True,CROMWELL,Coles Rd,  ,  ,V,G,1.0,0,14-218a,,False,N,False,False,V,,,,,False,1.0,CT0003300,133920630961921254,2025-04-29 11:36:21.103000,11:36:21.103000,2025,,,Speed Related,2025
2025-05-18 13:31:41.900000,7441680.0,CT0003300,Cromwell,Racial Profile,10110,2500005172,Incident ID,2025-04-29 00:00:00,April,W,N,F,51,True,False,CROMWELL,BERLIN RD.,  ,  ,V,G,1.0,0,14-236,,False,N,False,False,V,,,,,False,1.0,CT0003300,133920630961921254,2025-04-29 09:57:20.520000,09:57:20.520000,2025,14-236,,Moving Violation,2025
2025-05-18 13:31:41.947000,7441681.0,CT0003300,Cromwell,Racial Profile,10110,2500005179,Incident ID,2025-04-29 00:00:00,April,W,N,M,87,True,False,CROMWELL,EVERGREEN @ HIGHRIDGE RD.,  ,  ,V,G,1.0,0,14-301,,False,N,False,False,V,,,,,False,1.0,CT0003300,133920630961921254,2025-04-29 10:55:53.470000,10:55:53.470000,2025,14-301,,Stop Sign,2025
2025-05-18 13:31:42.043000,7441682.0,CT0003300,Cromwell,Racial Profile,10110,2500005181,Incident ID,2025-04-29 00:00:00,April,W,N,M,52,True,True,CROMWELL,Evergreen Rd. @ Highridge Rd.,  ,  ,V,G,1.0,0,14-301,,False,N,False,False,V,,,,,False,1.0,CT0003300,133920630961921254,2025-04-29 11:07:38.950000,11:07:38.950000,2025,14-301,,Stop Sign,2025
2025-05-18 13:31:42.740000,7441722.0,CT0003300,Cromwell,Racial Profile,1000234,2500005194,Incident ID,2025-04-29 00:00:00,April,W,N,F,36,True,False,CROMWELL,Industrial Park Rd.,  ,  ,E,G,1.0,0,14-96y,,False,N,False,False,V,,,,,False,1.0,CT0003300,133920630961921254,2025-04-29 21:37:10.773000,21:37:10.773000,2025,14-96y,,Defective Lights,2025
2025-05-18 13:31:42.827000,7441746.0,CT0003300,Cromwell,Racial Profile,1000250,2500005228,Incident ID,2025-04-30 00:00:00,April,W,N,M,39,True,False,CROMWELL,Berlin CT,  ,  ,V,G,1.0,0,14-296aa(b)1,,False,N,False,False,V,,,,,False,1.0,CT0003300,133920630961921254,2025-04-30 11:36:04.587000,11:36:04.587000,2025,,,Cell Phone,2025
2025-05-18 13:31:42.937000,7441772.0,CT0003300,Cromwell,Racial Profile,1000260,2500005243,Incident ID,2025-04-30 00:00:00,April,W,N,F,34,True,False,CROMWELL,berlin/willowbrook,  ,  ,V,G,1.0,0,14-299,,False,N,False,False,V,,,,,False,1.0,CT0003300,133920630961921254,2025-04-30 14:42:47.247000,14:42:47.247000,2025,,,Traffic Control Signal,2025
2025-05-18 13:31:42.833000,7441747.0,CT0003300,Cromwell,Racial Profile,1000250,2500005231,Incident ID,2025-04-30 00:00:00,April,B,N,F,46,True,False,CROMWELL,Berlin Rd,  ,  ,V,G,1.0,0,14-12(a)*,,False,N,False,False,V,,,,,False,1.0,CT0003300,133920630961921254,2025-04-30 11:55:46.810000,11:55:46.810000,2025,,,Registration,2025
2025-05-18 13:31:42.850000,7441750.0,CT0003300,Cromwell,Racial Profile,1000250,2500005239,Incident ID,2025-04-30 00:00:00,April,W,N,M,33,True,False,CROMWELL,Shunpike Rd,  ,  ,V,G,1.0,0,14-12(a)*,,False,N,False,False,V,,,,,False,1.0,CT0003300,133920630961921254,2025-04-30 13:25:37.730000,13:25:37.730000,2025,,,Registration,2025
2025-05-18 13:31:42.680000,7441710.0,CT0003300,Cromwell,Racial Profile,1000225,2500005249,Incident ID,2025-04-30 00:00:00,April,W,N,M,19,True,False,CROMWELL,Country Squire Dr @ Berlin Rd,  ,  ,V,G,1.0,0,14-299,,False,N,False,False,V,,,,,False,1.0,CT0003300,133920630961921254,2025-04-30 20:36:00.960000,20:36:00.960000,2025,,,Traffic Control Signal,2025
2025-05-18 13:31:42.837000,7441748.0,CT0003300,Cromwell,Racial Profile,1000250,2500005232,Incident ID,2025-04-30 00:00:00,April,W,N,M,52,True,True,CROMWELL,West St,  ,  ,V,G,1.0,0,14-242,,False,N,False,False,V,,,,,False,1.0,CT0003300,133920630961921254,2025-04-30 12:09:34.007000,12:09:34.007000,2025,,,Moving Violation,2025
2025-05-18 13:31:42.933000,7441771.0,CT0003300,Cromwell,Racial Profile,1000260,2500005238,Incident ID,2025-04-30 00:00:00,April,W,N,M,76,True,True,CROMWELL,west st/ west st hgts,  ,  ,V,G,2.0,0,14-12(a)*,,False,N,False,False,I,,,,,False,1.0,CT0003300,133920630961921254,2025-04-30 13:03:35.420000,13:03:35.420000,2025,14-12(a)*,,Registration,2025
2025-05-18 13:31:43.027000,7441794.0,CT0003300,Cromwell,Racial Profile,1000273,2500005250,Incident ID,2025-04-30 00:00:00,April,W,N,F,29,True,False,CROMWELL,BERLIN RD @ EAST,  ,  ,V,B,1.0,0,14-299(c)(1),,False,N,False,False,I,,,,,False,1.0,CT0003300,133920630961921254,2025-04-30 20:51:39.210000,20:51:39.210000,2025,14-12(a),,Traffic Control Signal,2025
2025-05-18 13:31:42.850000,7441749.0,CT0003300,Cromwell,Racial Profile,1000250,2500005234,Incident ID,2025-04-30 00:00:00,April,B,N,M,24,True,True,Cromwell,Coles Rd,  ,  ,V,G,1.0,0,14-218a,,False,N,False,False,V,,,,,False,1.0,CT0003300,133920630961921254,2025-04-30 12:40:01.170000,12:40:01.170000,2025,,,Speed Related,2025
2025-05-18 13:31:42.863000,7441751.0,CT0003300,Cromwell,Racial Profile,1000250,2500005240,Incident ID,2025-04-30 00:00:00,April,W,H,M,38,True,True,CROMWELL,Berlin Rd,  ,  ,V,G,1.0,0,14-147c,,False,N,False,False,I,,,,,False,1.0,CT0003300,133920630961921254,2025-04-30 13:36:57.690000,13:36:57.690000,2025,14-12(a)*,,Administrative Offense,2025
2025-06-18 13:33:33.077000,7501580.0,CT0003300,Cromwell,Racial Profile,1000255,2500005306,Incident ID,2025-05-01 00:00:00,May,W,H,M,18,True,False,CROMWELL,West St,  ,  ,E,G,1.0,0,14-96a(a),,False,N,False,False,V,,,,,False,1.0,CT0003300,133947416088209504,2025-05-01 21:33:32.377000,21:33:32.377000,2025,14-36(a),,Defective Lights,2025
2025-06-18 13:33:33.180000,7501616.0,CT0003300,Cromwell,Racial Profile,1000271,2500005296,Incident ID,2025-05-01 00:00:00,May,B,N,M,32,True,False,CROMWELL,Berlin Rd,  ,  ,V,B,2.0,0,14-147(c),,False,N,False,False,I,,,,,False,1.0,CT0003300,133947416088209504,2025-05-01 13:57:58.380000,13:57:58.380000,2025,14-147(c),,Administrative Offense,2025
2025-06-18 13:33:33.123000,7501594.0,CT0003300,Cromwell,Racial Profile,1000260,2500005282,Incident ID,2025-05-01 00:00:00,May,W,N,M,70,True,True,CROMWELL,evergreen/holly hill,  ,  ,V,G,1.0,0,14-301,,False,N,False,False,V,,,,,False,1.0,CT0003300,133947416088209504,2025-05-01 09:46:03.693000,09:46:03.693000,2025,14-301,,Stop Sign,2025
2025-06-18 13:33:33.127000,7501595.0,CT0003300,Cromwell,Racial Profile,1000260,2500005283,Incident ID,2025-05-01 00:00:00,May,B,N,F,30,True,False,CROMWELL,berlin/coles,  ,  ,V,G,2.0,0,14-215a,,False,N,False,False,M,,,,,False,1.0,CT0003300,133947416088209504,2025-05-01 10:05:25.787000,10:05:25.787000,2025,14-215a,,Administrative Offense,2025
2025-06-18 13:33:33.130000,7501596.0,CT0003300,Cromwell,Racial Profile,1000260,2500005288,Incident ID,2025-05-01 00:00:00,May,W,N,F,61,True,True,CROMWELL,highridge/evergreen,  ,  ,V,G,1.0,0,14-301,,False,N,False,False,V,,,,,False,1.0,CT0003300,133947416088209504,2025-05-01 11:47:52.737000,11:47:52.737000,2025,14-301,,Stop Sign,2025
2025-06-18 13:33:33.133000,7501598.0,CT0003300,Cromwell,Racial Profile,1000260,2500005297,Incident ID,2025-05-01 00:00:00,May,W,H,F,29,True,False,CROMWELL,berlin/industrial,  ,  ,V,G,1.0,0,14-12(a)*,,False,N,False,False,V,,,,,False,1.0,CT0003300,133947416088209504,2025-05-01 14:07:39.827000,14:07:39.827000,2025,14-12(a)*,,Registration,2025
2025-06-18 13:33:33.153000,7501607.0,CT0003300,Cromwell,Racial Profile,1000262,2500005299,Incident ID,2025-05-01 00:00:00,May,W,H,F,48,True,False,CROMWELL,Berlin Road,  ,  ,V,G,2.0,0,14-12(a)*,,False,N,False,False,I,,,,,False,1.0,CT0003300,133947416088209504,2025-05-01 14:25:21.720000,14:25:21.720000,2025,14-12(a)*,,Registration,2025
2025-06-18 13:33:32.977000,7501551.0,CT0003300,Cromwell,Racial Profile,1000247,2500005274,Incident ID,2025-05-01 00:00:00,May,W,N,F,51,True,True,CROMWELL,Evergreen Road,  ,  ,V,G,1.0,0,14-301,,False,N,False,False,V,,,,,False,1.0,CT0003300,133947416088209504,2025-05-01 06:33:24.967000,06:33:24.967000,2025,14-301,,Stop Sign,2025
2025-06-18 13:33:33.130000,7501597.0,CT0003300,Cromwell,Racial Profile,1000260,2500005289,Incident ID,2025-05-01 00:00:00,May,W,N,M,44,True,True,CROMWELL,highridge/evergreen,  ,  ,V,G,1.0,0,14-301,,False,N,False,False,V,,,,,False,1.0,CT0003300,133947416088209504,2025-05-01 12:06:49.977000,12:06:49.977000,2025,14-301,,Stop Sign,2025
2025-06-18 13:33:32.827000,7501504.0,CT0003300,Cromwell,Racial Profile,10102,2500005356,Incident ID,2025-05-02 00:00:00,May,W,N,M,17,True,True,CROMWELL,Main St.,  ,  ,V,B,1.0,0,14-218a,,False,N,False,False,V,,,,,False,1.0,CT0003300,133947416088209504,2025-05-02 21:55:29.990000,21:55:29.990000,2025,,,Speed Related,2025
2025-06-18 13:33:32.827000,7501505.0,CT0003300,Cromwell,Racial Profile,10102,2500005358,Incident ID,2025-05-02 00:00:00,May,W,H,F,23,True,False,Cromwell,Rt. 372,  ,  ,V,G,1.0,0,14-96a(a),,False,N,False,False,V,,,,,False,1.0,CT0003300,133947416088209504,2025-05-02 22:13:12.460000,22:13:12.460000,2025,,,Defective Lights,2025
2025-06-18 13:33:32.890000,7501526.0,CT0003300,Cromwell,Racial Profile,10123,2500005350,Incident ID,2025-05-02 00:00:00,May,W,N,M,64,True,False,CROMWELL,Rt-372,  ,  ,V,G,1.0,0,14-218a,,False,N,False,False,V,,,,,False,1.0,CT0003300,133947416088209504,2025-05-02 19:49:05.660000,19:49:05.660000,2025,,,Speed Related,2025
2025-06-18 13:33:33.137000,7501599.0,CT0003300,Cromwell,Racial Profile,1000260,2500005335,Incident ID,2025-05-02 00:00:00,May,B,N,F,27,True,False,CROMWELL,West/Shunpike,  ,  ,V,G,1.0,0,14-12(a)*,,False,N,False,False,I,,,,,False,1.0,CT0003300,133947416088209504,2025-05-02 11:15:27.780000,11:15:27.780000,2025,14-12(a)*,,Registration,2025
2025-06-18 13:33:32.813000,7501500.0,CT0003300,Cromwell,Racial Profile,10102,2500005342,Incident ID,2025-05-02 00:00:00,May,W,N,M,25,True,False,CROMWELL,Rt. 372,  ,  ,V,G,1.0,0,14-100a(c)(1),,False,N,False,False,I,,,,,False,1.0,CT0003300,133947416088209504,2025-05-02 17:41:09.670000,17:41:09.670000,2025,,,Seatbelt,2025
2025-06-18 13:33:32.820000,7501502.0,CT0003300,Cromwell,Racial Profile,10102,2500005348,Incident ID,2025-05-02 00:00:00,May,W,N,M,44,True,False,CROMWELL,West St.,  ,  ,V,G,1.0,0,14-100a(c)(1),,False,N,False,False,I,,,,,False,1.0,CT0003300,133947416088209504,2025-05-02 18:37:42.770000,18:37:42.770000,2025,,,Seatbelt,2025
2025-06-18 13:33:32.823000,7501503.0,CT0003300,Cromwell,Racial Profile,10102,2500005351,Incident ID,2025-05-02 00:00:00,May,W,H,M,18,True,False,CROMWELL,Rt. 372,  ,  ,V,G,3.0,0,14-18(a),,False,N,False,False,I,,,,,False,1.0,CT0003300,133947416088209504,2025-05-02 19:58:27.607000,19:58:27.607000,2025,14-12(a)*,,Display of Plates,2025
2025-06-18 13:33:32.817000,7501501.0,CT0003300,Cromwell,Racial Profile,10102,2500005345,Incident ID,2025-05-02 00:00:00,May,W,N,M,37,True,False,CROMWELL,Rt. 372,  ,  ,V,G,1.0,0,14-100a(c)(1),,False,N,False,False,I,,,,,False,1.0,CT0003300,133947416088209504,2025-05-02 17:58:20.030000,17:58:20.030000,2025,,,Seatbelt,2025
2025-06-18 13:33:32.830000,7501506.0,CT0003300,Cromwell,Racial Profile,10102,2500005362,Incident ID,2025-05-02 00:00:00,May,W,N,M,35,True,True,CROMWELL,West St.,  ,  ,V,G,3.0,1,14-233,,True,I,False,True,M,,,,,False,1.0,CT0003300,133947416088209504,2025-05-02 22:26:27.073000,22:26:27.073000,2025,14-227a,,Moving Violation,2025
2025-06-18 13:33:32.897000,7501527.0,CT0003300,Cromwell,Racial Profile,10123,2500005354,Incident ID,2025-05-02 00:00:00,May,B,N,F,40,True,False,CROMWELL,Rt-372,  ,  ,V,G,1.0,0,14-96a(a),,False,N,False,False,V,,,,,False,1.0,CT0003300,133947416088209504,2025-05-02 20:20:55.013000,20:20:55.013000,2025,,,Defective Lights,2025
2025-06-18 13:33:33.173000,7501614.0,CT0003300,Cromwell,Racial Profile,1000270,2500005381,Incident ID,2025-05-03 00:00:00,May,W,N,F,23,True,False,Cromwell,91 south ramp,  ,  ,E,G,1.0,0,14-96a(a),,False,N,False,False,V,,,,,False,1.0,CT0003300,133947416088209504,2025-05-03 03:33:41.947000,03:33:41.947000,2025,14-96a(a),,Defective Lights,2025
2025-06-18 13:33:32.897000,7501528.0,CT0003300,Cromwell,Racial Profile,10123,2500005366,Incident ID,2025-05-03 00:00:00,May,W,N,F,44,True,False,CROMWELL,Shunpike Rd. at Newfield St.,  ,  ,V,G,3.0,1,14-299,,False,N,False,True,U,,,,,False,1.0,CT0003300,133947416088209504,2025-05-03 00:02:10.763000,00:02:10.763000,2025,14-227a,,Traffic Control Signal,2025
2025-06-18 13:33:32.977000,7501552.0,CT0003300,Cromwell,Racial Profile,1000247,2500005464,Incident ID,2025-05-05 00:00:00,May,W,N,F,42,True,False,CROMWELL,Evergreen Road,  ,  ,V,G,1.0,0,14-301,,False,N,False,False,V,,,,,False,1.0,CT0003300,133947416088209504,2025-05-05 06:41:03.193000,06:41:03.193000,2025,14-301,,Stop Sign,2025
2025-06-18 13:33:32.937000,7501538.0,CT0003300,Cromwell,Racial Profile,1000234,2500005529,Incident ID,2025-05-06 00:00:00,May,B,M,M,42,True,False,CROMWELL,West St.,  ,  ,V,G,1.0,0,14-18(a),,True,N,False,False,V,,,,,False,1.0,CT0003300,133947416088209504,2025-05-06 22:56:16.900000,22:56:16.900000,2025,14-18(a),,Display of Plates,2025
2025-06-18 13:33:32.847000,7501511.0,CT0003300,Cromwell,Racial Profile,10110,2500005509,Incident ID,2025-05-06 00:00:00,May,W,N,F,35,True,False,CROMWELL,Berlin Rd. @ Hammer head Place,  ,  ,V,G,1.0,0,14-296aab,,False,N,False,False,V,,,,,False,1.0,CT0003300,133947416088209504,2025-05-06 12:14:13.680000,12:14:13.680000,2025,14-296aab,,Cell Phone,2025
2025-06-18 13:33:32.850000,7501512.0,CT0003300,Cromwell,Racial Profile,10110,2500005511,Incident ID,2025-05-06 00:00:00,May,W,N,M,18,True,False,CROMWELL,Berlin Rd. @ Hammerhead Place,  ,  ,V,G,1.0,0,14-296aab,,False,N,False,False,V,,,,,False,1.0,CT0003300,133947416088209504,2025-05-06 12:54:38.197000,12:54:38.197000,2025,14-296aab,,Cell Phone,2025
2025-06-18 13:33:32.847000,7501510.0,CT0003300,Cromwell,Racial Profile,10110,2500005508,Incident ID,2025-05-06 00:00:00,May,W,H,F,32,True,False,CROMWELL,Shunpike Rd.,  ,  ,V,G,1.0,0,14-301,,False,N,False,False,V,,,,,False,1.0,CT0003300,133947416088209504,2025-05-06 10:19:32.693000,10:19:32.693000,2025,14-301,,Stop Sign,2025
2025-06-18 13:33:32.987000,7501556.0,CT0003300,Cromwell,Racial Profile,1000250,2500005564,Incident ID,2025-05-07 00:00:00,May,W,N,M,70,True,False,CROMWELL,Berlin Rd,  ,  ,V,G,1.0,0,14-12(a)*,,False,N,False,False,V,,,,,False,1.0,CT0003300,133947416088209504,2025-05-07 13:59:52.083000,13:59:52.083000,2025,,,Registration,2025
2025-06-18 13:33:32.990000,7501557.0,CT0003300,Cromwell,Racial Profile,1000250,2500005566,Incident ID,2025-05-07 00:00:00,May,W,N,F,40,True,True,CROMWELL,Washington Rd,  ,  ,V,G,1.0,0,14-12(a)*,,False,N,False,False,V,,,,,False,1.0,CT0003300,133947416088209504,2025-05-07 14:50:45.140000,14:50:45.140000,2025,,,Registration,2025
2025-06-18 13:33:32.863000,7501515.0,CT0003300,Cromwell,Racial Profile,10110,2500005565,Incident ID,2025-05-07 00:00:00,May,W,N,M,31,True,False,CROMWELL,Berlin Rd. @ Hammerhead Pl.,  ,  ,V,G,1.0,0,14-296aab,,False,N,False,False,V,,,,,False,1.0,CT0003300,133947416088209504,2025-05-07 14:05:50.657000,14:05:50.657000,2025,14-296aab,,Cell Phone,2025
2025-06-18 13:33:32.853000,7501513.0,CT0003300,Cromwell,Racial Profile,10110,2500005555,Incident ID,2025-05-07 00:00:00,May,W,N,F,66,True,True,CROMWELL,Evergreen Rd. @ Highridge Rd.,  ,  ,V,G,1.0,0,14-301,,False,N,False,False,V,,,,,False,1.0,CT0003300,133947416088209504,2025-05-07 10:59:27.497000,10:59:27.497000,2025,14-301,,Stop Sign,2025
2025-06-18 13:33:32.983000,7501554.0,CT0003300,Cromwell,Racial Profile,1000250,2500005558,Incident ID,2025-05-07 00:00:00,May,W,N,M,67,True,False,CROMWELL,Berlin Rd,  ,  ,V,G,1.0,0,14-296aa(b)1,,False,N,False,False,V,,,,,False,1.0,CT0003300,133947416088209504,2025-05-07 11:27:01.440000,11:27:01.440000,2025,,,Cell Phone,2025
2025-06-18 13:33:32.983000,7501555.0,CT0003300,Cromwell,Racial Profile,1000250,2500005560,Incident ID,2025-05-07 00:00:00,May,B,N,M,40,True,False,Cromwell,Berlin Rd,  ,  ,V,G,1.0,0,14-296aa(b)1,,False,N,False,False,V,,,,,False,1.0,CT0003300,133947416088209504,2025-05-07 11:59:29.070000,11:59:29.070000,2025,,,Cell Phone,2025
2025-06-18 13:33:32.993000,7501558.0,CT0003300,Cromwell,Racial Profile,1000250,2500005568,Incident ID,2025-05-07 00:00:00,May,W,N,M,39,True,True,CROMWELL,West St,  ,  ,V,G,1.0,0,14-12(a)*,,False,N,False,False,V,,,,,False,1.0,CT0003300,133947416088209504,2025-05-07 15:20:39.253000,15:20:39.253000,2025,,,Registration,2025
2025-06-18 13:33:32.863000,7501514.0,CT0003300,Cromwell,Racial Profile,10110,2500005557,Incident ID,2025-05-07 00:00:00,May,B,M,M,31,True,False,CROMWELL,Evergreen Rd. @ Highridge Rd.,  ,  ,V,G,1.0,0,14-301,,False,N,False,False,V,,,,,False,1.0,CT0003300,133947416088209504,2025-05-07 11:09:12.823000,11:09:12.823000,2025,14-301,,Stop Sign,2025
2025-06-18 13:33:32.940000,7501540.0,CT0003300,Cromwell,Racial Profile,1000234,2500005638,Incident ID,2025-05-08 00:00:00,May,W,H,M,26,True,False,CROMWELL,Shunpike Rd.,  ,  ,E,G,1.0,0,14-96c,,False,N,False,False,V,,,,,False,1.0,CT0003300,133947416088209504,2025-05-08 21:57:06.417000,21:57:06.417000,2025,14-96c,,Defective Lights,2025
2025-06-18 13:33:33.140000,7501601.0,CT0003300,Cromwell,Racial Profile,1000260,2500005611,Incident ID,2025-05-08 00:00:00,May,W,N,M,43,True,False,CROMWELL,evergreen/shunpike,  ,  ,V,G,1.0,0,14-12(a),,False,N,False,False,V,,,,,False,1.0,CT0003300,133947416088209504,2025-05-08 10:39:37.290000,10:39:37.290000,2025,14-12(a),,Registration,2025
2025-06-18 13:33:32.940000,7501539.0,CT0003300,Cromwell,Racial Profile,1000234,2500005637,Incident ID,2025-05-08 00:00:00,May,W,N,M,27,True,True,CROMWELL,Shunpike Rd.,  ,  ,E,G,1.0,0,14-96a(a),,False,N,False,False,V,,,,,False,1.0,CT0003300,133947416088209504,2025-05-08 21:45:39.697000,21:45:39.697000,2025,14-96a(a),,Defective Lights,2025
2025-06-18 13:33:33.183000,7501617.0,CT0003300,Cromwell,Racial Profile,1000271,2500005624,Incident ID,2025-05-08 00:00:00,May,W,N,M,55,True,False,CROMWELL,Shunpike//Evergreen,  ,  ,V,G,1.0,0,14-299,,False,N,False,False,V,,,,,False,1.0,CT0003300,133947416088209504,2025-05-08 14:53:37.540000,14:53:37.540000,2025,14-299,,Traffic Control Signal,2025
2025-06-18 13:33:32.870000,7501517.0,CT0003300,Cromwell,Racial Profile,10110,2500005621,Incident ID,2025-05-08 00:00:00,May,W,N,F,35,True,True,CROMWELL,Washington Rd. @ Evergreen Rd.,  ,  ,V,G,1.0,0,14-301,,False,N,False,False,V,,,,,False,1.0,CT0003300,133947416088209504,2025-05-08 14:15:51.140000,14:15:51.140000,2025,14-301,,Stop Sign,2025
2025-06-18 13:33:32.997000,7501559.0,CT0003300,Cromwell,Racial Profile,1000250,2500005615,Incident ID,2025-05-08 00:00:00,May,B,N,F,54,True,False,CROMWELL,Shunpike Rd,  ,  ,V,G,1.0,0,14-12(a)*,,False,N,False,False,I,,,,,False,1.0,CT0003300,133947416088209504,2025-05-08 12:06:00.970000,12:06:00.970000,2025,,,Registration,2025
2025-06-18 13:33:33,7501560.0,CT0003300,Cromwell,Racial Profile,1000250,2500005617,Incident ID,2025-05-08 00:00:00,May,B,N,F,57,True,False,CROMWELL,West St,  ,  ,V,G,1.0,0,14-12(a)*,,False,N,False,False,V,,,,,False,1.0,CT0003300,133947416088209504,2025-05-08 12:53:48.603000,12:53:48.603000,2025,,,Registration,2025
2025-06-18 13:33:33.003000,7501561.0,CT0003300,Cromwell,Racial Profile,1000250,2500005627,Incident ID,2025-05-08 00:00:00,May,W,N,M,69,True,False,CROMWELL,Berlin Rd,  ,  ,V,G,1.0,0,14-12(a)*,,False,N,False,False,V,,,,,False,1.0,CT0003300,133947416088209504,2025-05-08 15:24:19.020000,15:24:19.020000,2025,,,Registration,2025
2025-06-18 13:33:32.867000,7501516.0,CT0003300,Cromwell,Racial Profile,10110,2500005614,Incident ID,2025-05-08 00:00:00,May,W,N,M,30,False,False,CROMWELL,BERLIN RD. @ HAMMERHEAD PL.,  ,  ,V,G,1.0,0,14-296AAB,,False,N,False,False,V,,,,,False,1.0,CT0003300,133947416088209504,2025-05-08 12:00:04.810000,12:00:04.810000,2025,14-296AAB,,Cell Phone,2025
2025-06-18 13:33:32.873000,7501518.0,CT0003300,Cromwell,Racial Profile,10110,2500005622,Incident ID,2025-05-08 00:00:00,May,W,N,M,21,True,False,CROMWELL,Washington Rd. @ Evergreen Rd.,  ,  ,V,G,1.0,0,14-301,,False,N,False,False,V,,,,,False,1.0,CT0003300,133947416088209504,2025-05-08 14:29:28.673000,14:29:28.673000,2025,14-301,,Stop Sign,2025
2025-06-18 13:33:33.140000,7501600.0,CT0003300,Cromwell,Racial Profile,1000260,2500005610,Incident ID,2025-05-08 00:00:00,May,W,H,F,50,True,False,CROMWELL,Berlin Road,  ,  ,V,G,1.0,0,14-12(a)*,,False,N,False,False,I,,,,,False,1.0,CT0003300,133947416088209504,2025-05-08 10:18:59.847000,10:18:59.847000,2025,14-12(a)*,,Registration,2025
2025-06-18 13:33:33.143000,7501602.0,CT0003300,Cromwell,Racial Profile,1000260,2500005612,Incident ID,2025-05-08 00:00:00,May,W,N,F,37,True,False,CROMWELL,Evergreen,  ,  ,V,G,1.0,0,14-12(a),,False,N,False,False,V,,,,,False,1.0,CT0003300,133947416088209504,2025-05-08 11:04:46.327000,11:04:46.327000,2025,14-12(a),,Registration,2025
2025-06-18 13:33:33.147000,7501603.0,CT0003300,Cromwell,Racial Profile,1000260,2500005619,Incident ID,2025-05-08 00:00:00,May,A,N,M,67,True,True,CROMWELL,berlin/91n,  ,  ,V,G,1.0,0,14-299,,False,N,False,False,V,,,,,False,1.0,CT0003300,133947416088209504,2025-05-08 14:09:31.713000,14:09:31.713000,2025,14-299,,Traffic Control Signal,2025
2025-06-18 13:33:33.147000,7501604.0,CT0003300,Cromwell,Racial Profile,1000260,2500005625,Incident ID,2025-05-08 00:00:00,May,W,N,F,56,True,True,CROMWELL,evergreen/washington,  ,  ,V,G,1.0,0,14-96e,,False,N,False,False,V,,,,,False,1.0,CT0003300,133947416088209504,2025-05-08 14:57:41.087000,14:57:41.087000,2025,14-96e,,Defective Lights,2025
2025-06-18 13:33:33.160000,7501610.0,CT0003300,Cromwell,Racial Profile,1000265,2500005603,Incident ID,2025-05-08 00:00:00,May,W,H,F,40,True,False,CROMWELL,Evergreen rd,  ,  ,E,G,2.0,0,14-96e,,False,N,False,False,I,,,,,False,1.0,CT0003300,133947416088209504,2025-05-08 06:40:05.197000,06:40:05.197000,2025,14-36(c)(2)+,,Defective Lights,2025
2025-06-18 13:33:33.157000,7501608.0,CT0003300,Cromwell,Racial Profile,1000262,2500005668,Incident ID,2025-05-09 00:00:00,May,W,N,M,35,True,True,CROMWELL,West St @ Shunpike Road,  ,  ,V,G,1.0,0,14-245,,False,N,False,False,V,,,,,False,1.0,CT0003300,133947416088209504,2025-05-09 10:28:57.993000,10:28:57.993000,2025,14-245,,Moving Violation,2025
2025-06-18 13:33:32.840000,7501508.0,CT0003300,Cromwell,Racial Profile,10106,2500005711,Incident ID,2025-05-10 00:00:00,May,W,N,M,39,True,False,CROMWELL,30 SHUNPIKE,  ,  ,V,G,2.0,0,14-243A,,False,N,False,False,I,,,,,False,1.0,CT0003300,133947416088209504,2025-05-10 15:29:20.173000,15:29:20.173000,2025,,,Moving Violation,2025
2025-06-18 13:33:32.900000,7501529.0,CT0003300,Cromwell,Racial Profile,10123,2500005714,Incident ID,2025-05-10 00:00:00,May,B,N,F,23,True,True,CROMWELL,Rt-372,  ,  ,E,G,1.0,0,14-96a(a),,False,N,False,False,V,,,,,False,1.0,CT0003300,133947416088209504,2025-05-10 21:37:09.380000,21:37:09.380000,2025,,,Defective Lights,2025
2025-06-18 13:33:33.077000,7501581.0,CT0003300,Cromwell,Racial Profile,1000255,2500005747,Incident ID,2025-05-11 00:00:00,May,W,N,F,42,True,True,CROMWELL,West st,  ,  ,V,G,1.0,0,14-12(a)*,,False,N,False,False,V,,,,,False,1.0,CT0003300,133947416088209504,2025-05-11 20:30:45.963000,20:30:45.963000,2025,,,Registration,2025
2025-06-18 13:33:32.903000,7501530.0,CT0003300,Cromwell,Racial Profile,10123,2500005723,Incident ID,2025-05-11 00:00:00,May,W,N,M,25,True,False,CROMWELL,117 Berlin Rd. ,  ,  ,V,G,1.0,0,14-299,,False,N,False,False,V,,,,,False,1.0,CT0003300,133947416088209504,2025-05-11 01:23:04.823000,01:23:04.823000,2025,,,Traffic Control Signal,2025
2025-06-18 13:33:33.097000,7501588.0,CT0003300,Cromwell,Racial Profile,1000258,2500005789,Incident ID,2025-05-12 00:00:00,May,B,M,M,27,True,False,CROMWELL,Berlin Rd,  ,  ,V,G,1.0,0,14-12(a)*,,False,N,False,False,I,,,,,False,1.0,CT0003300,133947416088209504,2025-05-12 22:43:49.837000,22:43:49.837000,2025,,,Registration,2025
2025-06-18 13:33:33.177000,7501615.0,CT0003300,Cromwell,Racial Profile,1000270,2500005771,Incident ID,2025-05-12 00:00:00,May,W,N,M,23,True,False,CROMWELL,geer middle school,  ,  ,V,G,1.0,0,14-301,,False,N,False,False,V,,,,,False,1.0,CT0003300,133947416088209504,2025-05-12 05:52:47.190000,05:52:47.190000,2025,14-301,,Stop Sign,2025
2025-06-18 13:33:33.183000,7501618.0,CT0003300,Cromwell,Racial Profile,1000271,2500005819,Incident ID,2025-05-13 00:00:00,May,W,N,F,67,True,False,CROMWELL,Main Street,  ,  ,V,G,1.0,0,14-218a,,False,N,False,False,V,,,,,False,1.0,CT0003300,133947416088209504,2025-05-13 12:24:28.953000,12:24:28.953000,2025,14-218a,,Speed Related,2025
2025-06-18 13:33:32.943000,7501541.0,CT0003300,Cromwell,Racial Profile,1000234,2500005871,Incident ID,2025-05-14 00:00:00,May,W,N,F,28,True,False,Cromwell,"Berlin Rd,",  ,  ,E,G,1.0,0,14-96aa,,False,N,False,False,V,,,,,False,1.0,CT0003300,133947416088209504,2025-05-14 23:18:39.327000,23:18:39.327000,2025,14-96a(a),,Defective Lights,2025
2025-06-18 13:33:33.010000,7501563.0,CT0003300,Cromwell,Racial Profile,1000250,2500005898,Incident ID,2025-05-15 00:00:00,May,W,N,F,29,True,False,CROMWELL,Berlin Rd,  ,  ,V,G,1.0,0,14-12(a)*,,False,N,False,False,V,,,,,False,1.0,CT0003300,133947416088209504,2025-05-15 14:01:10.253000,14:01:10.253000,2025,,,Registration,2025
2025-06-18 13:33:33.007000,7501562.0,CT0003300,Cromwell,Racial Profile,1000250,2500005896,Incident ID,2025-05-15 00:00:00,May,W,N,M,51,True,False,CROMWELL,West St,  ,  ,V,G,1.0,0,14-12(a)*,,False,N,False,False,V,,,,,False,1.0,CT0003300,133947416088209504,2025-05-15 13:36:19.873000,13:36:19.873000,2025,,,Registration,2025
2025-06-18 13:33:32.950000,7501542.0,CT0003300,Cromwell,Racial Profile,1000234,2500005923,Incident ID,2025-05-16 00:00:00,May,W,M,F,52,False,False,Cromwell,West t,  ,  ,E,G,1.0,0,14-96c,,True,N,False,False,V,,,,,False,1.0,CT0003300,133947416088209504,2025-05-16 01:53:48.120000,01:53:48.120000,2025,14-96c,,Defective Lights,2025
2025-06-18 13:33:33.013000,7501565.0,CT0003300,Cromwell,Racial Profile,1000250,2500005949,Incident ID,2025-05-16 00:00:00,May,A,N,M,39,True,False,CROMWELL,Berlin Rd,  ,  ,V,G,1.0,0,14-296aa(b)1,,False,N,False,False,V,,,,,False,1.0,CT0003300,133947416088209504,2025-05-16 13:30:56.470000,13:30:56.470000,2025,,,Cell Phone,2025
2025-06-18 13:33:33.080000,7501582.0,CT0003300,Cromwell,Racial Profile,1000255,2500005941,Incident ID,2025-05-16 00:00:00,May,B,M,F,41,True,False,CROMWELL,Shunpike Rd,  ,  ,V,G,1.0,0,14-296aa(b),,False,N,False,False,I,,,,,False,1.0,CT0003300,133947416088209504,2025-05-16 11:11:12.143000,11:11:12.143000,2025,,,Cell Phone,2025
2025-06-18 13:33:33.083000,7501583.0,CT0003300,Cromwell,Racial Profile,1000255,2500005944,Incident ID,2025-05-16 00:00:00,May,W,N,M,71,True,False,CROMWELL,Shunpike Rd,  ,  ,V,G,1.0,0,14-296aa(b),,False,N,False,False,I,,,,,False,1.0,CT0003300,133947416088209504,2025-05-16 11:59:00.573000,11:59:00.573000,2025,,,Cell Phone,2025
2025-06-18 13:33:32.953000,7501543.0,CT0003300,Cromwell,Racial Profile,1000234,2500005969,Incident ID,2025-05-16 00:00:00,May,A,M,M,26,True,False,CROMWELL,West St,  ,  ,V,G,1.0,0,14-236,,False,N,False,False,V,,,,,False,1.0,CT0003300,133947416088209504,2025-05-16 23:06:08.613000,23:06:08.613000,2025,14-236,,Moving Violation,2025
2025-06-18 13:33:33.010000,7501564.0,CT0003300,Cromwell,Racial Profile,1000250,2500005939,Incident ID,2025-05-16 00:00:00,May,W,N,F,28,True,False,CROMWELL,Berlin Rd,  ,  ,V,G,2.0,1,14-236,,False,N,False,False,I,,,,,False,1.0,CT0003300,133947416088209504,2025-05-16 10:18:00.953000,10:18:00.953000,2025,14-213b,,Moving Violation,2025
2025-06-18 13:33:33.017000,7501566.0,CT0003300,Cromwell,Racial Profile,1000250,2500005951,Incident ID,2025-05-16 00:00:00,May,B,N,M,23,True,False,CROMWELL,Berlin Rd,  ,  ,V,G,1.0,0,14-12(a)*,,False,N,False,False,V,,,,,False,1.0,CT0003300,133947416088209504,2025-05-16 14:03:50.670000,14:03:50.670000,2025,,,Registration,2025
2025-06-18 13:33:33.087000,7501584.0,CT0003300,Cromwell,Racial Profile,1000255,2500005947,Incident ID,2025-05-16 00:00:00,May,B,N,F,48,True,False,Cromwell,Berlin Rd,  ,  ,V,G,1.0,0,14-12(a)*,,False,N,False,False,I,,,,,False,1.0,CT0003300,133947416088209504,2025-05-16 12:42:33.990000,12:42:33.990000,2025,,,Registration,2025
2025-06-18 13:33:33.090000,7501585.0,CT0003300,Cromwell,Racial Profile,1000255,2500005948,Incident ID,2025-05-16 00:00:00,May,W,N,M,41,True,True,CROMWELL,Evergreen Rd,  ,  ,V,G,1.0,0,14-301,,False,N,False,False,V,,,,,False,1.0,CT0003300,133947416088209504,2025-05-16 13:16:22.583000,13:16:22.583000,2025,,,Stop Sign,2025
2025-06-18 13:33:33.163000,7501611.0,CT0003300,Cromwell,Racial Profile,1000265,2500005980,Incident ID,2025-05-17 00:00:00,May,W,N,M,62,True,False,CROMWELL,372,  ,  ,E,G,1.0,0,14-96e,,False,N,False,False,V,,,,,False,1.0,CT0003300,133947416088209504,2025-05-17 03:43:35.517000,03:43:35.517000,2025,,,Defective Lights,2025
2025-06-18 13:33:32.960000,7501545.0,CT0003300,Cromwell,Racial Profile,1000234,2500006070,Incident ID,2025-05-19 00:00:00,May,W,N,F,43,True,False,CROMWELL,Berlin Rd.,  ,  ,V,G,1.0,0,14-299,,False,N,False,False,V,,,,,False,1.0,CT0003300,133947416088209504,2025-05-19 10:59:39.873000,10:59:39.873000,2025,14-299,,Traffic Control Signal,2025
2025-06-18 13:33:33.110000,7501589.0,CT0003300,Cromwell,Racial Profile,1000258,2500006080,Incident ID,2025-05-19 00:00:00,May,W,N,M,31,True,True,CROMWELL,Berlin Rd,  ,  ,E,G,1.0,0,14-96y,,False,N,False,False,V,,,,,False,1.0,CT0003300,133947416088209504,2025-05-19 23:00:17.773000,23:00:17.773000,2025,,,Defective Lights,2025
2025-06-18 13:33:33.160000,7501609.0,CT0003300,Cromwell,Racial Profile,1000262,2500006072,Incident ID,2025-05-19 00:00:00,May,W,N,F,76,True,True,CROMWELL,Shunpike @ Evergreen,  ,  ,V,G,2.0,0,14-12(a)*,,False,N,False,False,I,,,,,False,1.0,CT0003300,133947416088209504,2025-05-19 11:57:56.603000,11:57:56.603000,2025,14-12(a)*,,Registration,2025
2025-06-18 13:33:32.957000,7501544.0,CT0003300,Cromwell,Racial Profile,1000234,2500006067,Incident ID,2025-05-19 00:00:00,May,B,M,M,45,True,False,CROMWELL,West St,  ,  ,V,G,3.0,0,14-242(e),,False,N,False,False,I,,,,,False,1.0,CT0003300,133947416088209504,2025-05-19 08:59:40.630000,08:59:40.630000,2025,14-213b,,Moving Violation,2025
2025-06-18 13:33:32.980000,7501553.0,CT0003300,Cromwell,Racial Profile,1000247,2500006062,Incident ID,2025-05-19 00:00:00,May,W,N,M,23,True,True,CROMWELL,Evergreen Road,  ,  ,V,G,1.0,0,14-301,,False,N,False,False,V,,,,,False,1.0,CT0003300,133947416088209504,2025-05-19 06:38:49.807000,06:38:49.807000,2025,14-301,,Stop Sign,2025
2025-06-18 13:33:33.190000,7501620.0,CT0003300,Cromwell,Racial Profile,1000271,2500006118,Incident ID,2025-05-20 00:00:00,May,W,N,M,74,True,False,CROMWELL,Berlin//Coles,  ,  ,V,G,1.0,0,14-299,,False,N,False,False,V,,,,,False,1.0,CT0003300,133947416088209504,2025-05-20 14:09:23.873000,14:09:23.873000,2025,14-299,,Traffic Control Signal,2025
2025-06-18 13:33:33.187000,7501619.0,CT0003300,Cromwell,Racial Profile,1000271,2500006115,Incident ID,2025-05-20 00:00:00,May,W,N,F,55,True,False,CROMWELL,72 Berlin Rd,  ,  ,V,G,1.0,0,14-299,,False,N,False,False,V,,,,,False,1.0,CT0003300,133947416088209504,2025-05-20 12:56:46.440000,12:56:46.440000,2025,14-299,,Traffic Control Signal,2025
2025-06-18 13:33:33.020000,7501567.0,CT0003300,Cromwell,Racial Profile,1000250,2500006120,Incident ID,2025-05-20 00:00:00,May,W,N,F,24,True,False,CROMWELL,West St,  ,  ,V,G,1.0,0,14-12(a)*,,False,N,False,False,V,,,,,False,1.0,CT0003300,133947416088209504,2025-05-20 15:24:44.843000,15:24:44.843000,2025,,,Registration,2025
2025-06-18 13:33:32.837000,7501507.0,CT0003300,Cromwell,Racial Profile,10102,2500006116,Incident ID,2025-05-20 00:00:00,May,W,N,M,62,True,False,CROMWELL,Washington Rd.,  ,  ,V,G,1.0,0,14-301,,False,N,False,False,I,,,,,False,1.0,CT0003300,133947416088209504,2025-05-20 13:55:34.073000,13:55:34.073000,2025,,,Stop Sign,2025
2025-06-18 13:33:33.200000,7501624.0,CT0003300,Cromwell,Racial Profile,1000273,2500006167,Incident ID,2025-05-21 00:00:00,May,W,N,M,70,True,False,CROMWELL,East St at Berlin RD,  ,  ,V,G,1.0,0,14-12(a)*,,False,N,False,False,I,,,,,False,1.0,CT0003300,133947416088209504,2025-05-21 22:03:08.490000,22:03:08.490000,2025,,,Registration,2025
2025-06-18 13:33:33.200000,7501625.0,CT0003300,Cromwell,Racial Profile,1000273,2500006263,Incident ID,2025-05-23 00:00:00,May,W,N,M,62,False,False,CROMWELL,372 @ East ,  ,  ,V,G,1.0,0,14-96a(a),,False,N,False,False,V,,,,,False,1.0,CT0003300,133947416088209504,2025-05-23 21:23:50.023000,21:23:50.023000,2025,,,Defective Lights,2025
2025-06-18 13:33:33.203000,7501626.0,CT0003300,Cromwell,Racial Profile,1000273,2500006265,Incident ID,2025-05-23 00:00:00,May,A,M,M,31,True,False,CROMWELL,Berlin RD,  ,  ,E,G,1.0,0,14-96a(a),,False,N,False,False,V,,,,,False,1.0,CT0003300,133947416088209504,2025-05-23 22:23:32.547000,22:23:32.547000,2025,,,Defective Lights,2025
2025-06-18 13:33:32.873000,7501519.0,CT0003300,Cromwell,Racial Profile,10110,2500006233,Incident ID,2025-05-23 00:00:00,May,W,N,M,58,True,True,CROMWELL,Court St. & Woodside Rd.,  ,  ,V,G,1.0,0,14-236,,False,N,False,False,V,,,,,False,1.0,CT0003300,133947416088209504,2025-05-23 11:36:02.020000,11:36:02.020000,2025,14-236,,Moving Violation,2025
2025-06-18 13:33:33.020000,7501568.0,CT0003300,Cromwell,Racial Profile,1000250,2500006232,Incident ID,2025-05-23 00:00:00,May,W,N,F,41,True,False,CROMWELL,Berlin Rd,  ,  ,V,G,1.0,0,14-12(a)*,,False,N,False,False,I,,,,,False,1.0,CT0003300,133947416088209504,2025-05-23 11:11:02.310000,11:11:02.310000,2025,,,Registration,2025
2025-06-18 13:33:32.843000,7501509.0,CT0003300,Cromwell,Racial Profile,10106,2500006267,Incident ID,2025-05-23 00:00:00,May,W,N,M,16,True,True,CROMWELL,Court St,  ,  ,V,B,1.0,0,14-243(a),,False,N,False,False,I,,,,,False,1.0,CT0003300,133947416088209504,2025-05-23 23:08:27.330000,23:08:27.330000,2025,14-218a*,,Moving Violation,2025
2025-06-18 13:33:33.030000,7501571.0,CT0003300,Cromwell,Racial Profile,1000250,2500006296,Incident ID,2025-05-24 00:00:00,May,W,N,F,54,True,True,Cromwell,Berlin Rd,  ,  ,V,G,1.0,0,14-296aa(b)1,,False,N,False,False,I,,,,,False,1.0,CT0003300,133947416088209504,2025-05-24 12:06:09.410000,12:06:09.410000,2025,,,Cell Phone,2025
2025-06-18 13:33:32.910000,7501533.0,CT0003300,Cromwell,Racial Profile,1000225,2500006311,Incident ID,2025-05-24 00:00:00,May,W,N,M,61,True,True,CROMWELL,Coles Rd,  ,  ,E,G,1.0,0,14-96c,,False,N,False,False,V,,,,,False,1.0,CT0003300,133947416088209504,2025-05-24 21:15:10.433000,21:15:10.433000,2025,,,Defective Lights,2025
2025-06-18 13:33:33.023000,7501569.0,CT0003300,Cromwell,Racial Profile,1000250,2500006292,Incident ID,2025-05-24 00:00:00,May,B,N,F,48,False,False,CROMWELL,Shunpike Rd,  ,  ,V,G,1.0,0,14-242,,False,N,False,False,V,,,,,False,1.0,CT0003300,133947416088209504,2025-05-24 10:39:59.003000,10:39:59.003000,2025,,,Moving Violation,2025
2025-06-18 13:33:33.193000,7501621.0,CT0003300,Cromwell,Racial Profile,1000271,2500006293,Incident ID,2025-05-24 00:00:00,May,W,N,M,26,True,False,CROMWELL,Main Street//Court St,  ,  ,V,G,1.0,0,14-100a(c)(1),,False,N,False,False,I,,,,,False,1.0,CT0003300,133947416088209504,2025-05-24 10:48:39.153000,10:48:39.153000,2025,14-100a(c)(1),,Seatbelt,2025
2025-06-18 13:33:33.197000,7501622.0,CT0003300,Cromwell,Racial Profile,1000271,2500006304,Incident ID,2025-05-24 00:00:00,May,W,N,M,22,True,True,CROMWELL,Main Street//Court Street,  ,  ,V,G,1.0,0,14-100a(c)(1),,False,N,False,False,I,,,,,False,1.0,CT0003300,133947416088209504,2025-05-24 15:16:58.967000,15:16:58.967000,2025,14-100a(c)(1),,Seatbelt,2025
2025-06-18 13:33:33.027000,7501570.0,CT0003300,Cromwell,Racial Profile,1000250,2500006295,Incident ID,2025-05-24 00:00:00,May,W,M,M,18,True,False,Cromwell,Berlin Rd,  ,  ,V,G,1.0,0,14-296aa(b)1,,False,N,False,False,I,,,,,False,1.0,CT0003300,133947416088209504,2025-05-24 11:34:07.370000,11:34:07.370000,2025,,,Cell Phone,2025
2025-06-18 13:33:33.030000,7501572.0,CT0003300,Cromwell,Racial Profile,1000250,2500006299,Incident ID,2025-05-24 00:00:00,May,W,N,M,46,True,True,Cromwell,Berlin Rd,  ,  ,V,G,1.0,0,14-296aa(b)1,,False,N,False,False,I,,,,,False,1.0,CT0003300,133947416088209504,2025-05-24 12:35:39.513000,12:35:39.513000,2025,,,Cell Phone,2025
2025-06-18 13:33:33.090000,7501586.0,CT0003300,Cromwell,Racial Profile,1000255,2500006344,Incident ID,2025-05-25 00:00:00,May,W,N,M,35,True,False,CROMWELL,Berlin Rd,  ,  ,V,G,1.0,0,14-12(a)*,,False,N,False,False,V,,,,,False,1.0,CT0003300,133947416088209504,2025-05-25 21:59:28.893000,21:59:28.893000,2025,,,Registration,2025
2025-06-18 13:33:33.113000,7501590.0,CT0003300,Cromwell,Racial Profile,1000258,2500006342,Incident ID,2025-05-25 00:00:00,May,W,H,F,29,True,False,CROMWELL,Main St,  ,  ,V,G,2.0,0,14-236,,False,N,False,False,I,,,,,False,1.0,CT0003300,133947416088209504,2025-05-25 21:25:25.300000,21:25:25.300000,2025,14-12(a)*,,Moving Violation,2025
2025-06-18 13:33:33.170000,7501612.0,CT0003300,Cromwell,Racial Profile,1000265,2500006372,Incident ID,2025-05-26 00:00:00,May,A,M,M,51,True,False,CROMWELL,shunpike,  ,  ,E,G,1.0,0,14-96e,,False,N,False,False,V,,,,,False,1.0,CT0003300,133947416088209504,2025-05-26 13:18:23.380000,13:18:23.380000,2025,,,Defective Lights,2025
2025-06-18 13:33:33.150000,7501605.0,CT0003300,Cromwell,Racial Profile,1000260,2500006398,Incident ID,2025-05-27 00:00:00,May,W,N,M,58,True,False,CROMWELL,berlin/industrial,  ,  ,V,G,1.0,0,14-12(a)*,,False,N,False,False,I,,,,,False,1.0,CT0003300,133947416088209504,2025-05-27 09:41:00.617000,09:41:00.617000,2025,14-12(a)*,,Registration,2025
2025-06-18 13:33:33.093000,7501587.0,CT0003300,Cromwell,Racial Profile,1000255,2500006415,Incident ID,2025-05-27 00:00:00,May,W,N,M,26,True,True,CROMWELL,East St,  ,  ,E,G,1.0,0,14-96a(a),,False,N,False,False,V,,,,,False,1.0,CT0003300,133947416088209504,2025-05-27 23:04:27.503000,23:04:27.503000,2025,,,Defective Lights,2025
2025-06-18 13:33:33.117000,7501591.0,CT0003300,Cromwell,Racial Profile,1000258,2500006416,Incident ID,2025-05-27 00:00:00,May,W,H,M,48,True,False,Cromwell,Berlin Rd,  ,  ,E,G,1.0,0,14-96y,,False,N,False,False,I,,,,,False,1.0,CT0003300,133947416088209504,2025-05-27 23:24:43.420000,23:24:43.420000,2025,14-12(a)*,,Defective Lights,2025
2025-06-18 13:33:32.970000,7501550.0,CT0003300,Cromwell,Racial Profile,1000245,2500006462,Incident ID,2025-05-28 00:00:00,May,W,N,M,18,True,True,CROMWELL,Evergreen Rd/High Ridge,  ,  ,V,S,1.0,0,14-301,,False,N,False,False,V,,,,,False,1.0,CT0003300,133947416088209504,2025-05-28 20:07:40.687000,20:07:40.687000,2025,14-301,,Stop Sign,2025
2025-06-18 13:33:33.033000,7501573.0,CT0003300,Cromwell,Racial Profile,1000250,2500006448,Incident ID,2025-05-28 00:00:00,May,W,N,M,43,True,True,CROMWELL,Berlin Rd,  ,  ,V,G,1.0,0,14-12(a)*,,False,N,False,False,I,,,,,False,1.0,CT0003300,133947416088209504,2025-05-28 11:52:41.140000,11:52:41.140000,2025,,,Registration,2025
2025-06-18 13:33:33.153000,7501606.0,CT0003300,Cromwell,Racial Profile,1000260,2500006449,Incident ID,2025-05-28 00:00:00,May,W,N,F,39,True,True,CROMWELL,evergreen/holly hill,  ,  ,V,G,2.0,0,14-301,,False,N,False,False,I,,,,,False,1.0,CT0003300,133947416088209504,2025-05-28 12:31:40.670000,12:31:40.670000,2025,14-147(c),,Stop Sign,2025
2025-06-18 13:33:33.047000,7501574.0,CT0003300,Cromwell,Racial Profile,1000250,2500006451,Incident ID,2025-05-28 00:00:00,May,W,N,F,36,True,True,CROMWELL,Evergreen Rd,  ,  ,V,G,1.0,0,14-301,,False,N,False,False,V,,,,,False,1.0,CT0003300,133947416088209504,2025-05-28 13:19:27.293000,13:19:27.293000,2025,,,Stop Sign,2025
2025-06-18 13:33:33.050000,7501575.0,CT0003300,Cromwell,Racial Profile,1000250,2500006454,Incident ID,2025-05-28 00:00:00,May,W,N,F,71,True,True,CROMWELL,Evergreen Rd,  ,  ,V,G,1.0,0,14-218a,,False,N,False,False,I,,,,,False,1.0,CT0003300,133947416088209504,2025-05-28 13:39:03.443000,13:39:03.443000,2025,,,Speed Related,2025
2025-06-18 13:33:33.060000,7501576.0,CT0003300,Cromwell,Racial Profile,1000250,2500006490,Incident ID,2025-05-29 00:00:00,May,W,H,M,40,True,False,CROMWELL,Shunpike Rd,  ,  ,V,G,1.0,0,14-18(c),,False,N,False,False,V,,,,,False,1.0,CT0003300,133947416088209504,2025-05-29 10:21:34.830000,10:21:34.830000,2025,,,Display of Plates,2025
2025-06-18 13:33:32.963000,7501546.0,CT0003300,Cromwell,Racial Profile,1000234,2500006513,Incident ID,2025-05-29 00:00:00,May,W,H,M,40,True,False,CROMWELL,West ,  ,  ,V,G,1.0,0,14-236,,False,N,False,False,V,,,,,False,1.0,CT0003300,133947416088209504,2025-05-29 21:11:34.063000,21:11:34.063000,2025,14-236,,Moving Violation,2025
2025-06-18 13:33:33.170000,7501613.0,CT0003300,Cromwell,Racial Profile,1000265,2500006470,Incident ID,2025-05-29 00:00:00,May,B,M,M,29,True,False,Cromwell,372,  ,  ,E,G,2.0,1,14-96a(a),,False,N,False,False,M,,,,,False,1.0,CT0003300,133947416088209504,2025-05-29 00:25:36.527000,00:25:36.527000,2025,14-215,,Defective Lights,2025
2025-06-18 13:33:33.197000,7501623.0,CT0003300,Cromwell,Racial Profile,1000271,2500006488,Incident ID,2025-05-29 00:00:00,May,W,N,M,21,True,False,CROMWELL,West St//Stop & Shop,  ,  ,V,G,1.0,0,14-299,,False,N,False,False,I,,,,,False,1.0,CT0003300,133947416088209504,2025-05-29 08:50:46.697000,08:50:46.697000,2025,14-299,,Traffic Control Signal,2025
2025-06-18 13:33:33.063000,7501578.0,CT0003300,Cromwell,Racial Profile,1000250,2500006494,Incident ID,2025-05-29 00:00:00,May,W,N,M,16,True,True,CROMWELL,Evergreen Rd,  ,  ,V,G,1.0,0,14-218a,,False,N,False,False,V,,,,,False,1.0,CT0003300,133947416088209504,2025-05-29 11:06:23.617000,11:06:23.617000,2025,,,Speed Related,2025
2025-06-18 13:33:33.120000,7501593.0,CT0003300,Cromwell,Racial Profile,1000258,2500006511,Incident ID,2025-05-29 00:00:00,May,W,N,F,76,True,True,CROMWELL,Evergreen Rd,  ,  ,V,G,1.0,0,14-301,,False,N,False,False,V,,,,,False,1.0,CT0003300,133947416088209504,2025-05-29 20:28:51.903000,20:28:51.903000,2025,,,Stop Sign,2025
2025-06-18 13:33:32.910000,7501534.0,CT0003300,Cromwell,Racial Profile,1000225,2500006515,Incident ID,2025-05-29 00:00:00,May,W,H,F,19,True,False,Cromwell,Berlin Rd,  ,  ,E,G,1.0,0,14-96a(a),,False,N,False,False,V,,,,,False,1.0,CT0003300,133947416088209504,2025-05-29 21:34:15.360000,21:34:15.360000,2025,,,Defective Lights,2025
2025-06-18 13:33:33.063000,7501577.0,CT0003300,Cromwell,Racial Profile,1000250,2500006493,Incident ID,2025-05-29 00:00:00,May,A,N,M,38,True,False,CROMWELL,Evergreen Rd,  ,  ,V,G,1.0,0,14-301,,False,N,False,False,V,,,,,False,1.0,CT0003300,133947416088209504,2025-05-29 10:53:40.550000,10:53:40.550000,2025,,,Stop Sign,2025
2025-06-18 13:33:33.073000,7501579.0,CT0003300,Cromwell,Racial Profile,1000250,2500006497,Incident ID,2025-05-29 00:00:00,May,W,H,F,57,True,True,CROMWELL,Berlin Rd,  ,  ,V,G,1.0,0,14-12(a)*,,False,N,False,False,I,,,,,False,1.0,CT0003300,133947416088209504,2025-05-29 12:49:57.730000,12:49:57.730000,2025,,,Registration,2025
2025-06-18 13:33:33.120000,7501592.0,CT0003300,Cromwell,Racial Profile,1000258,2500006510,Incident ID,2025-05-29 00:00:00,May,W,N,M,48,True,True,CROMWELL,Evergreen Rd,  ,  ,V,G,1.0,0,14-301,,False,N,False,False,V,,,,,False,1.0,CT0003300,133947416088209504,2025-05-29 20:21:18.117000,20:21:18.117000,2025,,,Stop Sign,2025
2025-06-18 13:33:32.927000,7501536.0,CT0003300,Cromwell,Racial Profile,1000225,2500006572,Incident ID,2025-05-30 00:00:00,May,W,N,M,32,True,False,CROMWELL,Berlin Rd,  ,  ,V,G,1.0,0,14-299,,False,N,False,False,V,,,,,False,1.0,CT0003300,133947416088209504,2025-05-30 22:06:15.103000,22:06:15.103000,2025,,,Traffic Control Signal,2025
2025-06-18 13:33:32.920000,7501535.0,CT0003300,Cromwell,Racial Profile,1000225,2500006571,Incident ID,2025-05-30 00:00:00,May,B,H,F,38,True,False,CROMWELL,West St,  ,  ,V,G,3.0,1,14-12(a)*,,False,N,False,False,I,,,,,False,1.0,CT0003300,133947416088209504,2025-05-30 21:13:12.107000,21:13:12.107000,2025,14-36(a),,Registration,2025
2025-06-18 13:33:32.880000,7501521.0,CT0003300,Cromwell,Racial Profile,10110,2500006553,Incident ID,2025-05-30 00:00:00,May,W,N,M,62,True,True,CROMWELL,Evergreen Rd. @ HighRidge Rd.,  ,  ,V,G,1.0,0,14-301,,False,N,False,False,V,,,,,False,1.0,CT0003300,133947416088209504,2025-05-30 13:52:55.867000,13:52:55.867000,2025,14-301,,Stop Sign,2025
2025-06-18 13:33:32.887000,7501524.0,CT0003300,Cromwell,Racial Profile,10110,2500006561,Incident ID,2025-05-30 00:00:00,May,B,N,M,45,True,False,CROMWELL,Evergreen Rd. @ HighRidge Rd.,  ,  ,V,G,1.0,0,14-301,,False,N,False,False,V,,,,,False,1.0,CT0003300,133947416088209504,2025-05-30 15:41:00.187000,15:41:00.187000,2025,14-301,,Stop Sign,2025
2025-06-18 13:33:32.883000,7501523.0,CT0003300,Cromwell,Racial Profile,10110,2500006557,Incident ID,2025-05-30 00:00:00,May,B,M,M,49,True,False,CROMWELL,Evergreen @ Highridge,  ,  ,V,G,1.0,0,14-301,,False,N,False,False,V,,,,,False,1.0,CT0003300,133947416088209504,2025-05-30 14:43:40.273000,14:43:40.273000,2025,14-301,,Stop Sign,2025
2025-06-18 13:33:32.890000,7501525.0,CT0003300,Cromwell,Racial Profile,10110,2500006562,Incident ID,2025-05-30 00:00:00,May,W,N,M,25,True,False,CROMWELL,West Street @ Stop & Shop Exit,  ,  ,V,G,1.0,0,14-299,,False,N,False,False,V,,,,,False,1.0,CT0003300,133947416088209504,2025-05-30 15:58:09.187000,15:58:09.187000,2025,14-299,,Traffic Control Signal,2025
2025-06-18 13:33:32.877000,7501520.0,CT0003300,Cromwell,Racial Profile,10110,2500006549,Incident ID,2025-05-30 00:00:00,May,W,N,F,68,True,True,CROMWELL,West Street @ Shunpike Rd.,  ,  ,V,G,1.0,0,14-299,,False,N,False,False,V,,,,,False,1.0,CT0003300,133947416088209504,2025-05-30 12:39:31.550000,12:39:31.550000,2025,14-299,,Traffic Control Signal,2025
2025-06-18 13:33:32.880000,7501522.0,CT0003300,Cromwell,Racial Profile,10110,2500006554,Incident ID,2025-05-30 00:00:00,May,W,N,M,24,True,True,CROMWELL,Evergreen Rd. @ HighRidge Rd.,  ,  ,V,G,1.0,0,14-301,,False,N,False,False,V,,,,,False,1.0,CT0003300,133947416088209504,2025-05-30 14:29:17.600000,14:29:17.600000,2025,14-301,,Stop Sign,2025
2025-06-18 13:33:32.930000,7501537.0,CT0003300,Cromwell,Racial Profile,1000225,2500006605,Incident ID,2025-05-31 00:00:00,May,B,N,M,64,False,False,CROMWELL,Berlin Rd,  ,  ,V,G,1.0,0,14-242(d),,False,N,False,False,V,,,,,False,1.0,CT0003300,133947416088209504,2025-05-31 21:48:28.400000,21:48:28.400000,2025,,,Moving Violation,2025
2025-06-18 13:33:32.967000,7501548.0,CT0003300,Cromwell,Racial Profile,1000234,2500006609,Incident ID,2025-05-31 00:00:00,May,W,H,M,19,True,False,CROMWELL,Berlin Rd.,  ,  ,V,G,1.0,0,14-299,,False,N,False,False,V,,,,,False,1.0,CT0003300,133947416088209504,2025-05-31 23:38:58.077000,23:38:58.077000,2025,14-299,,Traffic Control Signal,2025
2025-06-18 13:33:32.963000,7501547.0,CT0003300,Cromwell,Racial Profile,1000234,2500006608,Incident ID,2025-05-31 00:00:00,May,W,N,M,50,True,False,CROMWELL,Berlin Rd.,  ,  ,V,G,1.0,0,14-242,,False,N,False,False,V,,,,,False,1.0,CT0003300,133947416088209504,2025-05-31 23:18:06.527000,23:18:06.527000,2025,14-242,,Moving Violation,2025
2025-06-18 13:33:32.903000,7501531.0,CT0003300,Cromwell,Racial Profile,10123,2500006604,Incident ID,2025-05-31 00:00:00,May,W,N,M,32,True,False,CROMWELL,Rt-217,  ,  ,E,G,1.0,0,14-96a(a),,False,N,False,False,V,,,,,False,1.0,CT0003300,133947416088209504,2025-05-31 20:55:45.320000,20:55:45.320000,2025,,,Defective Lights,2025
2025-06-18 13:33:32.907000,7501532.0,CT0003300,Cromwell,Racial Profile,10123,2500006606,Incident ID,2025-05-31 00:00:00,May,W,N,M,63,True,True,CROMWELL,Rt-372 at Rt-217,  ,  ,V,G,1.0,0,14-236,,False,N,False,False,V,,,,,False,1.0,CT0003300,133947416088209504,2025-05-31 21:57:51.270000,21:57:51.270000,2025,,,Moving Violation,2025
2025-06-18 13:33:32.970000,7501549.0,CT0003300,Cromwell,Racial Profile,1000234,2500006610,Incident ID,2025-05-31 00:00:00,May,W,N,M,29,True,False,CROMWELL,West St.,  ,  ,V,G,2.0,0,14-244,,False,N,False,False,I,,,,,False,1.0,CT0003300,133947416088209504,2025-05-31 23:59:03.040000,23:59:03.040000,2025,14-244,,Moving Violation,2025
2025-07-18 13:30:10.470000,7572828.0,CT0003300,Cromwell,Racial Profile,1000255,2500006647,Incident ID,2025-06-01 00:00:00,June,W,N,F,20,True,False,CROMWELL,Evergreen Rd,  ,  ,V,G,1.0,0,14-301,,False,N,False,False,V,,,,,False,1.0,CT0003300,133973334063079160,2025-06-01 19:41:35.767000,19:41:35.767000,2025,,,Stop Sign,2025
2025-07-18 13:30:10.550000,7572857.0,CT0003300,Cromwell,Racial Profile,1000273,2500006648,Incident ID,2025-06-01 00:00:00,June,W,N,M,35,True,False,CROMWELL,berlin rd,  ,  ,I,G,1.0,0,14-12(a),,False,N,False,False,W,,,,,False,1.0,CT0003300,133973334063079160,2025-06-01 20:08:27.240000,20:08:27.240000,2025,,,Registration,2025
2025-07-18 13:30:10.350000,7572792.0,CT0003300,Cromwell,Racial Profile,10106,2500006651,Incident ID,2025-06-01 00:00:00,June,B,N,M,41,False,False,CROMWELL,Rt 372,  ,  ,V,G,1.0,0,14-307,,False,N,False,False,I,,,,,False,1.0,CT0003300,133973334063079160,2025-06-01 20:58:01.980000,20:58:01.980000,2025,,,Other,2025
2025-07-18 13:30:10.410000,7572807.0,CT0003300,Cromwell,Racial Profile,1000225,2500006650,Incident ID,2025-06-01 00:00:00,June,B,H,F,22,True,False,CROMWELL,Berlin Rd,  ,  ,V,G,3.0,0,14-147(c),,False,N,False,False,I,,,,,False,1.0,CT0003300,133973334063079160,2025-06-01 20:41:55.687000,20:41:55.687000,2025,14-12(a)*,,Administrative Offense,2025
2025-07-18 13:30:10.407000,7572806.0,CT0003300,Cromwell,Racial Profile,10123,2500006621,Incident ID,2025-06-01 00:00:00,June,W,N,M,31,True,False,CROMWELL,West St. at Rt-09,  ,  ,E,G,1.0,0,14-96y,,False,N,False,False,V,,,,,False,1.0,CT0003300,133973334063079160,2025-06-01 01:34:56.687000,01:34:56.687000,2025,,,Defective Lights,2025
2025-07-18 13:30:10.353000,7572793.0,CT0003300,Cromwell,Racial Profile,10106,2500006697,Incident ID,2025-06-02 00:00:00,June,W,M,M,41,True,False,CROMWELL,Rt 372,  ,  ,V,G,2.0,0,14-100a(d(1(C,,False,N,False,False,I,,,,,False,1.0,CT0003300,133973334063079160,2025-06-02 19:20:14.783000,19:20:14.783000,2025,,,Seatbelt,2025
2025-07-18 13:30:10.490000,7572837.0,CT0003300,Cromwell,Racial Profile,1000260,2500006721,Incident ID,2025-06-03 00:00:00,June,W,N,F,30,True,False,CROMWELL,evergreen/highridge,  ,  ,V,G,1.0,0,14-301,,False,N,False,False,V,,,,,False,1.0,CT0003300,133973334063079160,2025-06-03 13:09:08.770000,13:09:08.770000,2025,14-301,,Stop Sign,2025
2025-07-18 13:30:10.480000,7572833.0,CT0003300,Cromwell,Racial Profile,1000258,2500006804,Incident ID,2025-06-05 00:00:00,June,W,N,M,23,True,True,Cromwell,Berlin Rd,  ,  ,V,G,1.0,0,14-299,,False,N,False,False,V,,,,,False,1.0,CT0003300,133973334063079160,2025-06-05 23:08:21.780000,23:08:21.780000,2025,,,Traffic Control Signal,2025
2025-07-18 13:30:10.373000,7572795.0,CT0003300,Cromwell,Racial Profile,10110,2500006782,Incident ID,2025-06-05 00:00:00,June,W,H,F,56,True,False,CROMWELL,West Street @ Shunpike Road,  ,  ,V,G,1.0,0,14-299,,False,N,False,False,V,,,,,False,1.0,CT0003300,133973334063079160,2025-06-05 07:58:19.470000,07:58:19.470000,2025,14-299,,Traffic Control Signal,2025
2025-07-18 13:30:10.493000,7572838.0,CT0003300,Cromwell,Racial Profile,1000260,2500006791,Incident ID,2025-06-05 00:00:00,June,B,N,M,24,True,True,CROMWELL,evergreen/highridge,  ,  ,V,G,1.0,0,14-301,,False,N,False,False,V,,,,,False,1.0,CT0003300,133973334063079160,2025-06-05 11:17:48.230000,11:17:48.230000,2025,14-301,,Stop Sign,2025
2025-07-18 13:30:10.450000,7572821.0,CT0003300,Cromwell,Racial Profile,1000250,2500006824,Incident ID,2025-06-06 00:00:00,June,W,N,M,55,True,True,CROMWELL,Evergreen Rd,  ,  ,V,G,1.0,0,14-301,,False,N,False,False,V,,,,,False,1.0,CT0003300,133973334063079160,2025-06-06 10:45:00.020000,10:45:00.020000,2025,,,Stop Sign,2025
2025-07-18 13:30:10.453000,7572822.0,CT0003300,Cromwell,Racial Profile,1000250,2500006837,Incident ID,2025-06-06 00:00:00,June,W,N,F,24,True,False,CROMWELL,West St ,  ,  ,V,G,2.0,1,14-215a,,False,N,False,False,M,,,,,False,1.0,CT0003300,133973334063079160,2025-06-06 15:40:22.270000,15:40:22.270000,2025,14-213b,,Administrative Offense,2025
2025-07-18 13:30:10.383000,7572796.0,CT0003300,Cromwell,Racial Profile,10110,2500006830,Incident ID,2025-06-06 00:00:00,June,W,N,F,66,True,False,CROMWELL,Berlin Rd. @ Coles Rd.,  ,  ,E,G,1.0,0,14-96k,,False,N,False,False,N,,,,,False,1.0,CT0003300,133973334063079160,2025-06-06 12:15:24.820000,12:15:24.820000,2025,14-96k,,Defective Lights,2025
2025-07-18 13:30:10.433000,7572816.0,CT0003300,Cromwell,Racial Profile,1000247,2500006869,Incident ID,2025-06-07 00:00:00,June,W,N,M,16,True,False,CROMWELL,Evergreen Road,  ,  ,V,G,1.0,0,14-296aa(b),,False,N,False,False,W,,,,,False,1.0,CT0003300,133973334063079160,2025-06-07 10:48:08.887000,10:48:08.887000,2025,14-296aa(b),,Cell Phone,2025
2025-07-18 13:30:10.433000,7572817.0,CT0003300,Cromwell,Racial Profile,1000247,2500006872,Incident ID,2025-06-07 00:00:00,June,W,N,M,24,True,True,CROMWELL,Evergreen Road,  ,  ,V,G,1.0,0,14-301,,False,N,False,False,V,,,,,False,1.0,CT0003300,133973334063079160,2025-06-07 11:51:36.670000,11:51:36.670000,2025,14-301,,Stop Sign,2025
2025-07-18 13:30:10.553000,7572858.0,CT0003300,Cromwell,Racial Profile,1000273,2500006884,Incident ID,2025-06-07 00:00:00,June,B,N,M,40,True,False,Cromwell,136 Berlin RD parking lot,  ,  ,I,B,3.0,0,14-147(c),,False,N,False,False,M,,,,,False,1.0,CT0003300,133973334063079160,2025-06-07 21:18:50.283000,21:18:50.283000,2025,,,Administrative Offense,2025
2025-07-18 13:30:10.383000,7572797.0,CT0003300,Cromwell,Racial Profile,10110,2500006865,Incident ID,2025-06-07 00:00:00,June,W,H,M,65,True,False,CROMWELL,Berlin Rd. @ Hammerhead Pl.,  ,  ,V,G,1.0,0,14-296aab,,False,N,False,False,V,,,,,False,1.0,CT0003300,133973334063079160,2025-06-07 09:52:30.500000,09:52:30.500000,2025,14-296aab,,Cell Phone,2025
2025-07-18 13:30:10.430000,7572815.0,CT0003300,Cromwell,Racial Profile,1000247,2500006868,Incident ID,2025-06-07 00:00:00,June,W,N,M,17,True,True,CROMWELL,Evergreen Road,  ,  ,V,G,1.0,0,14-296aa(b),,False,N,False,False,V,,,,,False,1.0,CT0003300,133973334063079160,2025-06-07 10:34:38.327000,10:34:38.327000,2025,14-296aa(b),,Cell Phone,2025
2025-07-18 13:30:10.437000,7572818.0,CT0003300,Cromwell,Racial Profile,1000247,2500006910,Incident ID,2025-06-08 00:00:00,June,W,N,F,79,True,True,CROMWELL,Evergreen Road,  ,  ,V,G,1.0,0,14-301,,False,N,False,False,V,,,,,False,1.0,CT0003300,133973334063079160,2025-06-08 12:34:15.660000,12:34:15.660000,2025,14-301,,Stop Sign,2025
2025-07-18 13:30:10.387000,7572798.0,CT0003300,Cromwell,Racial Profile,10110,2500006908,Incident ID,2025-06-08 00:00:00,June,W,N,M,56,True,True,CROMWELL,Coles Rd. @ North Road Ext.,  ,  ,V,G,1.0,0,14-218a,,False,N,False,False,V,,,,,False,1.0,CT0003300,133973334063079160,2025-06-08 11:09:39.203000,11:09:39.203000,2025,14-218a,,Speed Related,2025
2025-07-18 13:30:10.390000,7572799.0,CT0003300,Cromwell,Racial Profile,10110,2500006912,Incident ID,2025-06-08 00:00:00,June,B,M,M,39,True,True,CROMWELL,Shunpike Rd. at West Street,  ,  ,V,G,1.0,0,14-299,,False,N,False,False,V,,,,,False,1.0,CT0003300,133973334063079160,2025-06-08 13:37:27.933000,13:37:27.933000,2025,14-299,,Traffic Control Signal,2025
2025-07-18 13:30:10.497000,7572839.0,CT0003300,Cromwell,Racial Profile,1000260,2500006951,Incident ID,2025-06-09 00:00:00,June,B,N,M,21,True,False,CROMWELL,164 West St,  ,  ,V,G,2.0,0,14-215a,,False,N,False,False,M,,,,,False,1.0,CT0003300,133973334063079160,2025-06-09 08:25:30.770000,08:25:30.770000,2025,14-215a,,Administrative Offense,2025
2025-07-18 13:30:10.500000,7572840.0,CT0003300,Cromwell,Racial Profile,1000260,2500006960,Incident ID,2025-06-09 00:00:00,June,W,N,F,43,True,True,CROMWELL,evergreen/highridge,  ,  ,V,G,1.0,0,14-296aab,,False,N,False,False,V,,,,,False,1.0,CT0003300,133973334063079160,2025-06-09 11:32:23.283000,11:32:23.283000,2025,14-296aab,,Cell Phone,2025
2025-07-18 13:30:10.507000,7572842.0,CT0003300,Cromwell,Racial Profile,1000260,2500006967,Incident ID,2025-06-09 00:00:00,June,W,N,F,39,True,True,CROMWELL,hillside/west st hghts,  ,  ,V,G,1.0,0,14-296aab,,False,N,False,False,V,,,,,False,1.0,CT0003300,133973334063079160,2025-06-09 15:27:03.683000,15:27:03.683000,2025,14-296aab,,Cell Phone,2025
2025-07-18 13:30:10.520000,7572848.0,CT0003300,Cromwell,Racial Profile,1000271,2500006953,Incident ID,2025-06-09 00:00:00,June,A,N,F,32,True,True,CROMWELL,Washington//Court,  ,  ,V,G,1.0,0,14-301,,False,N,False,False,V,,,,,False,1.0,CT0003300,133973334063079160,2025-06-09 09:07:51.410000,09:07:51.410000,2025,14-301,,Stop Sign,2025
2025-07-18 13:30:10.390000,7572800.0,CT0003300,Cromwell,Racial Profile,10110,2500006963,Incident ID,2025-06-09 00:00:00,June,W,M,F,40,True,True,CROMWELL,Evergreen @ Shunpike,  ,  ,V,G,1.0,0,14-299,,False,N,False,False,V,,,,,False,1.0,CT0003300,133973334063079160,2025-06-09 12:22:50.883000,12:22:50.883000,2025,14-299,,Traffic Control Signal,2025
2025-07-18 13:30:10.470000,7572829.0,CT0003300,Cromwell,Racial Profile,1000255,2500006974,Incident ID,2025-06-09 00:00:00,June,W,N,F,35,True,True,CROMWELL,Main St,  ,  ,E,G,1.0,1,14-96y,,False,N,False,False,I,,,,,False,1.0,CT0003300,133973334063079160,2025-06-09 22:23:29.260000,22:23:29.260000,2025,14-213b,,Defective Lights,2025
2025-07-18 13:30:10.500000,7572841.0,CT0003300,Cromwell,Racial Profile,1000260,2500006962,Incident ID,2025-06-09 00:00:00,June,W,M,F,43,False,False,CROMWELL,90 Berlin Road,  ,  ,V,G,1.0,0,14-242(a),,False,N,False,False,V,,,,,False,1.0,CT0003300,133973334063079160,2025-06-09 12:21:27.767000,12:21:27.767000,2025,14-242(a),,Moving Violation,2025
2025-07-18 13:30:10.523000,7572849.0,CT0003300,Cromwell,Racial Profile,1000271,2500006964,Incident ID,2025-06-09 00:00:00,June,W,N,M,68,True,True,CROMWELL,Coles Road,  ,  ,V,G,1.0,0,14-234,,False,N,False,False,V,,,,,False,1.0,CT0003300,133973334063079160,2025-06-09 12:27:23.053000,12:27:23.053000,2025,14-234,,Moving Violation,2025
2025-07-18 13:30:10.557000,7572859.0,CT0003300,Cromwell,Racial Profile,1000273,2500006972,Incident ID,2025-06-09 00:00:00,June,W,H,M,28,False,False,CROMWELL,industrial park rd,  ,  ,I,B,2.0,1,14-147c,,False,N,False,False,I,,,,,False,1.0,CT0003300,133973334063079160,2025-06-09 21:03:56.990000,21:03:56.990000,2025,14-213b,,Administrative Offense,2025
2025-07-18 13:30:10.510000,7572844.0,CT0003300,Cromwell,Racial Profile,1000262,2500007002,Incident ID,2025-06-10 00:00:00,June,B,M,F,24,True,True,CROMWELL,High Ridge @ Evergreen,  ,  ,V,G,1.0,0,14-301,,False,N,False,False,V,,,,,False,1.0,CT0003300,133973334063079160,2025-06-10 11:53:05.933000,11:53:05.933000,2025,14-301,,Stop Sign,2025
2025-07-18 13:30:10.350000,7572791.0,CT0003300,Cromwell,Racial Profile,10102,2500006996,Incident ID,2025-06-10 00:00:00,June,W,N,M,34,True,True,CROMWELL,COURT/ORCHARD,  ,  ,V,G,1.0,0,14-301,,False,N,False,False,V,,,,,False,1.0,CT0003300,133973334063079160,2025-06-10 09:04:24.437000,09:04:24.437000,2025,,,Stop Sign,2025
2025-07-18 13:30:10.527000,7572850.0,CT0003300,Cromwell,Racial Profile,1000271,2500007000,Incident ID,2025-06-10 00:00:00,June,W,N,F,83,True,True,CROMWELL,Shunpike Rd,  ,  ,V,G,1.0,0,14-12(a)*,,False,N,False,False,N,,,,,False,1.0,CT0003300,133973334063079160,2025-06-10 10:46:08.900000,10:46:08.900000,2025,14-12(a)*,,Registration,2025
2025-07-18 13:30:10.510000,7572843.0,CT0003300,Cromwell,Racial Profile,1000260,2500007047,Incident ID,2025-06-11 00:00:00,June,W,N,M,71,True,False,CROMWELL,WEST/WASHINGTON ,  ,  ,V,G,1.0,0,14-299,,False,N,False,False,V,,,,,False,1.0,CT0003300,133973334063079160,2025-06-11 11:29:55.013000,11:29:55.013000,2025,,,Traffic Control Signal,2025
2025-07-18 13:30:10.483000,7572834.0,CT0003300,Cromwell,Racial Profile,1000258,2500007105,Incident ID,2025-06-12 00:00:00,June,W,H,M,32,True,False,CROMWELL,Berlin Rd,  ,  ,E,G,1.0,0,14-96y,,False,N,False,False,V,,,,,False,1.0,CT0003300,133973334063079160,2025-06-12 23:00:54.467000,23:00:54.467000,2025,,,Defective Lights,2025
2025-07-18 13:30:10.473000,7572830.0,CT0003300,Cromwell,Racial Profile,1000255,2500007104,Incident ID,2025-06-12 00:00:00,June,W,N,M,18,True,False,CROMWELL,Berlin Rd,  ,  ,E,G,1.0,0,14-96a(a),,False,N,False,False,V,,,,,False,1.0,CT0003300,133973334063079160,2025-06-12 22:41:40.803000,22:41:40.803000,2025,,,Defective Lights,2025
2025-07-18 13:30:10.477000,7572831.0,CT0003300,Cromwell,Racial Profile,1000255,2500007142,Incident ID,2025-06-13 00:00:00,June,W,N,F,19,True,False,CROMWELL,Shunpike Rd,  ,  ,V,G,1.0,0,14-12(a)*,,False,N,False,False,I,,,,,False,1.0,CT0003300,133973334063079160,2025-06-13 23:04:33.973000,23:04:33.973000,2025,,,Registration,2025
2025-07-18 13:30:10.487000,7572835.0,CT0003300,Cromwell,Racial Profile,1000258,2500007143,Incident ID,2025-06-13 00:00:00,June,B,M,M,34,True,False,Cromwell,Berlin Rd,  ,  ,V,G,1.0,0,14-12(a)*,,False,N,False,False,I,,,,,False,1.0,CT0003300,133973334063079160,2025-06-13 23:30:22.370000,23:30:22.370000,2025,,,Registration,2025
2025-07-18 13:30:10.490000,7572836.0,CT0003300,Cromwell,Racial Profile,1000258,2500007144,Incident ID,2025-06-13 00:00:00,June,W,N,M,24,True,False,Cromwell,Berlin Rd,  ,  ,E,G,1.0,0,14-96y,,False,N,False,False,V,,,,,False,1.0,CT0003300,133973334063079160,2025-06-13 23:41:01.727000,23:41:01.727000,2025,,,Defective Lights,2025
2025-07-18 13:30:10.513000,7572845.0,CT0003300,Cromwell,Racial Profile,1000262,2500007162,Incident ID,2025-06-14 00:00:00,June,W,N,M,39,True,False,Cromwell,Holly Hill @ Evergreen,  ,  ,V,G,1.0,0,14-301,,False,N,False,False,V,,,,,False,1.0,CT0003300,133973334063079160,2025-06-14 09:12:49.860000,09:12:49.860000,2025,14-301,,Stop Sign,2025
2025-07-18 13:30:10.367000,7572794.0,CT0003300,Cromwell,Racial Profile,10106,2500007167,Incident ID,2025-06-14 00:00:00,June,W,N,M,66,True,True,Cromwell,BERLIN/LOWES west entrance/exit,  ,  ,V,G,1.0,0,14-299,,False,N,False,False,I,,,,,False,1.0,CT0003300,133973334063079160,2025-06-14 16:38:58.973000,16:38:58.973000,2025,,,Traffic Control Signal,2025
2025-07-18 13:30:10.517000,7572846.0,CT0003300,Cromwell,Racial Profile,1000262,2500007163,Incident ID,2025-06-14 00:00:00,June,W,N,F,49,True,True,CROMWELL,Shunpike @ Evergreen,  ,  ,V,G,1.0,0,14-12(a)*,,False,N,False,False,V,,,,,False,1.0,CT0003300,133973334063079160,2025-06-14 10:40:13.240000,10:40:13.240000,2025,14-12(a)*,,Registration,2025
2025-07-18 13:30:10.417000,7572810.0,CT0003300,Cromwell,Racial Profile,1000234,2500007207,Incident ID,2025-06-15 00:00:00,June,B,M,F,35,True,False,CROMWELL,West st,  ,  ,V,G,1.0,0,14-299,,False,N,False,False,V,,,,,False,1.0,CT0003300,133973334063079160,2025-06-15 22:57:04.947000,22:57:04.947000,2025,14-299,,Traffic Control Signal,2025
2025-07-18 13:30:10.420000,7572811.0,CT0003300,Cromwell,Racial Profile,1000234,2500007209,Incident ID,2025-06-15 00:00:00,June,B,N,M,52,True,False,Cromwell,Berlin Rd,  ,  ,V,G,2.0,1,14-147,,False,N,False,False,M,,,,,False,1.0,CT0003300,133973334063079160,2025-06-15 23:32:30.107000,23:32:30.107000,2025,14-215a,,Administrative Offense,2025
2025-07-18 13:30:10.453000,7572823.0,CT0003300,Cromwell,Racial Profile,1000250,2500007198,Incident ID,2025-06-15 00:00:00,June,W,N,F,29,True,False,CROMWELL,Berlin Rd,  ,  ,V,G,1.0,0,14-12(a)*,,False,N,False,False,V,,,,,False,1.0,CT0003300,133973334063079160,2025-06-15 15:54:24.833000,15:54:24.833000,2025,,,Registration,2025
2025-07-18 13:30:10.413000,7572809.0,CT0003300,Cromwell,Racial Profile,1000234,2500007206,Incident ID,2025-06-15 00:00:00,June,B,H,M,21,True,False,CROMWELL,Berlin Rd.,  ,  ,E,G,1.0,0,14-96c,,False,N,False,False,V,,,,,False,1.0,CT0003300,133973334063079160,2025-06-15 22:48:06,22:48:06,2025,14-96c,,Defective Lights,2025
2025-07-18 13:30:10.423000,7572812.0,CT0003300,Cromwell,Racial Profile,1000234,2500007246,Incident ID,2025-06-16 00:00:00,June,B,M,M,38,True,True,CROMWELL,Shunpike RD,  ,  ,V,G,1.0,0,14-230,,False,N,False,False,V,,,,,False,1.0,CT0003300,133973334063079160,2025-06-16 21:12:15.157000,21:12:15.157000,2025,14-230,,Moving Violation,2025
2025-07-18 13:30:10.460000,7572825.0,CT0003300,Cromwell,Racial Profile,1000250,2500007230,Incident ID,2025-06-16 00:00:00,June,W,N,M,77,True,False,CROMWELL,Shunpike Rd,  ,  ,V,G,1.0,0,14-12(a)*,,False,N,False,False,I,,,,,False,1.0,CT0003300,133973334063079160,2025-06-16 10:15:29.520000,10:15:29.520000,2025,,,Registration,2025
2025-07-18 13:30:10.463000,7572826.0,CT0003300,Cromwell,Racial Profile,1000250,2500007234,Incident ID,2025-06-16 00:00:00,June,W,N,M,52,True,False,CROMWELL,Berlin Rd,  ,  ,V,G,1.0,0,14-18(c),,False,N,False,False,V,,,,,False,1.0,CT0003300,133973334063079160,2025-06-16 14:42:36.453000,14:42:36.453000,2025,,,Display of Plates,2025
2025-07-18 13:30:10.463000,7572827.0,CT0003300,Cromwell,Racial Profile,1000250,2500007236,Incident ID,2025-06-16 00:00:00,June,W,N,M,31,True,False,CROMWELL,Shunpike Rd,  ,  ,V,G,1.0,0,14-12(a)*,,False,N,False,False,V,,,,,False,1.0,CT0003300,133973334063079160,2025-06-16 15:12:02.750000,15:12:02.750000,2025,,,Registration,2025
2025-07-18 13:30:10.457000,7572824.0,CT0003300,Cromwell,Racial Profile,1000250,2500007225,Incident ID,2025-06-16 00:00:00,June,B,N,M,55,True,False,MIDDLETOWN,Shunpike Rd,  ,  ,V,G,1.0,0,14-147(c),,False,N,False,False,I,,,,,False,1.0,CT0003300,133973334063079160,2025-06-16 07:47:26.610000,07:47:26.610000,2025,,,Administrative Offense,2025
2025-07-18 13:30:10.393000,7572801.0,CT0003300,Cromwell,Racial Profile,10110,2500007232,Incident ID,2025-06-16 00:00:00,June,W,N,F,67,True,True,CROMWELL,Evergreen Rd. @ HighRidge Rd.,  ,  ,V,G,1.0,0,14-301,,False,N,False,False,V,,,,,False,1.0,CT0003300,133973334063079160,2025-06-16 13:19:12.073000,13:19:12.073000,2025,14-301,,Stop Sign,2025
2025-07-18 13:30:10.397000,7572802.0,CT0003300,Cromwell,Racial Profile,10110,2500007479,Incident ID,2025-06-24 00:00:00,June,W,N,F,37,True,True,CROMWELL,Berlin Rd. @ Hammerhead Pl.,  ,  ,V,G,1.0,0,14-296aab,,False,N,False,False,V,,,,,False,1.0,CT0003300,133973334063079160,2025-06-24 12:22:37.810000,12:22:37.810000,2025,14-296aab,,Cell Phone,2025
2025-07-18 13:30:10.410000,7572808.0,CT0003300,Cromwell,Racial Profile,1000228,2500007516,Incident ID,2025-06-25 00:00:00,June,W,N,M,22,True,True,CROMWELL,Coles Rd.,  ,  ,V,B,2.0,0,14-218a,,False,N,False,False,W,,,,,False,1.0,CT0003300,133973334063079160,2025-06-25 07:27:41.447000,07:27:41.447000,2025,14-218a,,Speed Related,2025
2025-07-18 13:30:10.403000,7572805.0,CT0003300,Cromwell,Racial Profile,10114,2500007517,Incident ID,2025-06-25 00:00:00,June,W,N,M,42,True,False,CROMWELL,RTE 9 South on ramp by West Street,  ,  ,V,G,1.0,0,14-242(e),,False,N,False,False,V,,,,,False,1.0,CT0003300,133973334063079160,2025-06-25 07:47:47.593000,07:47:47.593000,2025,14-242(e),,Moving Violation,2025
2025-07-18 13:30:10.423000,7572813.0,CT0003300,Cromwell,Racial Profile,1000234,2500007541,Incident ID,2025-06-25 00:00:00,June,W,M,F,52,False,False,CROMWELL,Berlin Rd.,  ,  ,V,G,1.0,0,14-244,,False,N,False,False,V,,,,,False,1.0,CT0003300,133973334063079160,2025-06-25 23:55:30.987000,23:55:30.987000,2025,14-244,,Moving Violation,2025
2025-07-18 13:30:10.427000,7572814.0,CT0003300,Cromwell,Racial Profile,1000239,2500007532,Incident ID,2025-06-25 00:00:00,June,W,N,F,45,True,True,CROMWELL,Geer st & Middle School ,  ,  ,V,G,1.0,0,14-301,,False,N,False,False,V,,,,,False,1.0,CT0003300,133973334063079160,2025-06-25 14:38:16.677000,14:38:16.677000,2025,14-301,,Stop Sign,2025
2025-07-18 13:30:10.530000,7572851.0,CT0003300,Cromwell,Racial Profile,1000271,2500007523,Incident ID,2025-06-25 00:00:00,June,B,N,F,47,True,True,CROMWELL,Evergreen//Highridge Rd,  ,  ,V,G,1.0,0,14-301,,False,N,False,False,V,,,,,False,1.0,CT0003300,133973334063079160,2025-06-25 10:42:43.743000,10:42:43.743000,2025,14-301,,Stop Sign,2025
2025-07-18 13:30:10.533000,7572852.0,CT0003300,Cromwell,Racial Profile,1000271,2500007525,Incident ID,2025-06-25 00:00:00,June,W,N,M,39,True,True,CROMWELL,Evergreen//Highridge,  ,  ,V,G,1.0,0,14-301,,False,N,False,False,V,,,,,False,1.0,CT0003300,133973334063079160,2025-06-25 10:55:40.597000,10:55:40.597000,2025,14-301,,Stop Sign,2025
2025-07-18 13:30:10.540000,7572853.0,CT0003300,Cromwell,Racial Profile,1000271,2500007527,Incident ID,2025-06-25 00:00:00,June,B,H,F,58,True,False,CROMWELL,Berlin Road,  ,  ,V,G,1.0,0,14-147(c),,False,N,False,False,N,,,,,False,1.0,CT0003300,133973334063079160,2025-06-25 11:09:22.517000,11:09:22.517000,2025,14-147(c),,Administrative Offense,2025
2025-07-18 13:30:10.543000,7572854.0,CT0003300,Cromwell,Racial Profile,1000271,2500007528,Incident ID,2025-06-25 00:00:00,June,B,H,F,27,True,False,CROMWELL,Berlin Rd,  ,  ,V,G,2.0,1,14-147(c),,False,N,False,False,M,,,,,False,1.0,CT0003300,133973334063079160,2025-06-25 11:36:05.337000,11:36:05.337000,2025,14-215(c),,Administrative Offense,2025
2025-07-18 13:30:10.547000,7572855.0,CT0003300,Cromwell,Racial Profile,1000271,2500007533,Incident ID,2025-06-25 00:00:00,June,B,H,M,50,True,True,CROMWELL,372//rt 9,  ,  ,V,G,1.0,0,14-299,,False,N,False,False,V,,,,,False,1.0,CT0003300,133973334063079160,2025-06-25 15:11:03.303000,15:11:03.303000,2025,14-299,,Traffic Control Signal,2025
2025-07-18 13:30:10.400000,7572804.0,CT0003300,Cromwell,Racial Profile,10110,2500007556,Incident ID,2025-06-26 00:00:00,June,W,N,M,32,True,False,CROMWELL,Berlin Rd. @ Willowbrook Rd.,  ,  ,V,G,1.0,0,14-12a,,False,N,False,False,I,,,,,False,1.0,CT0003300,133973334063079160,2025-06-26 14:56:49.113000,14:56:49.113000,2025,14-21a,,Registration,2025
2025-07-18 13:30:10.480000,7572832.0,CT0003300,Cromwell,Racial Profile,1000255,2500007567,Incident ID,2025-06-26 00:00:00,June,W,N,F,31,True,False,CROMWELL,"161 Berlin Rd, Cromwell",  ,  ,I,G,2.0,0,14-147(c),,False,N,False,False,I,,,,,False,1.0,CT0003300,133973334063079160,2025-06-26 20:49:42.293000,20:49:42.293000,2025,,,Administrative Offense,2025
2025-07-18 13:30:10.400000,7572803.0,CT0003300,Cromwell,Racial Profile,10110,2500007551,Incident ID,2025-06-26 00:00:00,June,W,N,F,71,True,True,CROMWELL,Evergreen Rd. @ HighRidge Rd.,  ,  ,V,G,1.0,0,14-301,,False,N,False,False,I,,,,,False,1.0,CT0003300,133973334063079160,2025-06-26 10:54:59.250000,10:54:59.250000,2025,14-301,,Stop Sign,2025
2025-07-18 13:30:10.443000,7572819.0,CT0003300,Cromwell,Racial Profile,1000247,2500007577,Incident ID,2025-06-27 00:00:00,June,W,N,M,18,True,False,CROMWELL,Sebethe Drive,  ,  ,V,G,1.0,0,14-218a,,False,N,False,False,V,,,,,False,1.0,CT0003300,133973334063079160,2025-06-27 06:22:20.330000,06:22:20.330000,2025,14-218a,,Speed Related,2025
2025-07-18 13:30:10.560000,7572860.0,CT0003300,Cromwell,Racial Profile,1000273,2500007624,Incident ID,2025-06-29 00:00:00,June,W,N,F,33,True,False,CROMWELL,372 @ Kroussers,  ,  ,V,B,1.0,0,14-101,,False,N,False,False,U,,,,,False,1.0,CT0003300,133973334063079160,2025-06-29 09:59:49.240000,09:59:49.240000,2025,,,Moving Violation,2025
2025-07-18 13:30:10.567000,7572862.0,CT0003300,Cromwell,Racial Profile,1000273,2500007629,Incident ID,2025-06-29 00:00:00,June,W,N,F,41,True,False,Cromwell,Berlin RD at Kirby,  ,  ,E,B,1.0,0,14-18(c),,False,N,False,False,V,,,,,False,1.0,CT0003300,133973334063079160,2025-06-29 11:16:50.063000,11:16:50.063000,2025,,,Display of Plates,2025
2025-07-18 13:30:10.570000,7572864.0,CT0003300,Cromwell,Racial Profile,1000273,2500007631,Incident ID,2025-06-29 00:00:00,June,W,N,F,36,True,True,CROMWELL,Willowbrook at Berlin RD,  ,  ,E,B,1.0,0,14-99g(g),,False,N,False,False,V,,,,,False,1.0,CT0003300,133973334063079160,2025-06-29 12:02:17.523000,12:02:17.523000,2025,,,Window Tint,2025
2025-07-18 13:30:10.573000,7572865.0,CT0003300,Cromwell,Racial Profile,1000273,2500007635,Incident ID,2025-06-29 00:00:00,June,B,M,F,29,True,False,CROMWELL,RT 372 @ Cromwell HIlls Drive,  ,  ,V,B,1.0,0,14-296aa(b),,False,N,False,False,I,,,,,False,1.0,CT0003300,133973334063079160,2025-06-29 14:28:58.817000,14:28:58.817000,2025,,,Cell Phone,2025
2025-07-18 13:30:10.570000,7572863.0,CT0003300,Cromwell,Racial Profile,1000273,2500007630,Incident ID,2025-06-29 00:00:00,June,W,N,M,43,True,True,CROMWELL,Coles RD,  ,  ,E,B,1.0,0,14-18(c),,False,N,False,False,V,,,,,False,1.0,CT0003300,133973334063079160,2025-06-29 11:30:15.963000,11:30:15.963000,2025,14-218(a),,Display of Plates,2025
2025-07-18 13:30:10.520000,7572847.0,CT0003300,Cromwell,Racial Profile,1000262,2500007632,Incident ID,2025-06-29 00:00:00,June,W,N,M,38,True,True,CROMWELL, Berlin Road @ Willowbrook,  ,  ,V,G,1.0,0,14-299,,False,N,False,False,V,,,,,False,1.0,CT0003300,133973334063079160,2025-06-29 12:53:15.013000,12:53:15.013000,2025,14-299,,Traffic Control Signal,2025
2025-07-18 13:30:10.550000,7572856.0,CT0003300,Cromwell,Racial Profile,1000271,2500007616,Incident ID,2025-06-29 00:00:00,June,W,N,M,31,True,False,Cromwell,Berlin Road,  ,  ,E,G,1.0,0,14-96y,,False,N,False,False,V,,,,,False,1.0,CT0003300,133973334063079160,2025-06-29 01:18:39.820000,01:18:39.820000,2025,14-96y,,Defective Lights,2025
2025-07-18 13:30:10.563000,7572861.0,CT0003300,Cromwell,Racial Profile,1000273,2500007627,Incident ID,2025-06-29 00:00:00,June,W,N,M,43,True,False,CROMWELL,Berlin RD@ Country Squire,  ,  ,E,B,2.0,1,14-99g(g),,False,N,False,False,I,,,,,False,1.0,CT0003300,133973334063079160,2025-06-29 10:20:12.403000,10:20:12.403000,2025,14-12(a)*,,Window Tint,2025
2025-07-18 13:30:10.447000,7572820.0,CT0003300,Cromwell,Racial Profile,1000247,2500007661,Incident ID,2025-06-30 00:00:00,June,W,N,F,24,True,True,Cromwell,Evergreen Road,  ,  ,V,G,1.0,0,14-301,,False,N,False,False,V,,,,,False,1.0,CT0003300,133973334063079160,2025-06-30 06:39:07.287000,06:39:07.287000,2025,14-301,,Stop Sign,2025
2025-08-18 13:32:24.350000,7656382.0,CT0003300,Cromwell,Racial Profile,1000247,2500007694,Incident ID,2025-07-01 00:00:00,July,W,N,F,26,False,False,CROMWELL,Coles Road,  ,  ,V,B,1.0,0,14-218a,,False,N,False,False,V,,,,,False,1.0,CT0003300,134000119400569655,2025-07-01 06:15:15,06:15:15,2025,14-218a,,Speed Related,2025
2025-08-18 13:32:24.397000,7656403.0,CT0003300,Cromwell,Racial Profile,1000255,2500007755,Incident ID,2025-07-02 00:00:00,July,B,N,M,26,True,False,CROMWELL,Berlin Rd,  ,  ,V,G,1.0,0,14-12(a)*,,False,N,False,False,I,,,,,False,1.0,CT0003300,134000119400569655,2025-07-02 19:04:03.633000,19:04:03.633000,2025,,,Registration,2025
2025-08-18 13:32:24.310000,7656365.0,CT0003300,Cromwell,Racial Profile,1000234,2500007764,Incident ID,2025-07-02 00:00:00,July,B,M,M,21,True,False,CROMWELL,Berlin Rd.,  ,  ,E,G,1.0,0,14-96c,,False,N,False,False,V,,,,,False,1.0,CT0003300,134000119400569655,2025-07-02 22:52:10.753000,22:52:10.753000,2025,14-96c,,Defective Lights,2025
2025-08-18 13:32:24.297000,7656360.0,CT0003300,Cromwell,Racial Profile,1000228,2500007738,Incident ID,2025-07-02 00:00:00,July,B,M,M,58,True,True,CROMWELL,West St. and Route 9 N/B Exit 27 on ramp,  ,  ,V,G,1.0,0,14-236,,False,N,False,False,V,,,,,False,1.0,CT0003300,134000119400569655,2025-07-02 06:08:55.900000,06:08:55.900000,2025,14-236,,Moving Violation,2025
2025-08-18 13:32:24.417000,7656412.0,CT0003300,Cromwell,Racial Profile,1000258,2500007754,Incident ID,2025-07-02 00:00:00,July,W,N,F,45,True,True,CROMWELL,Main Street,  ,  ,V,G,1.0,0,14-299,,False,N,False,False,V,,,,,False,1.0,CT0003300,134000119400569655,2025-07-02 18:52:17.700000,18:52:17.700000,2025,,,Traffic Control Signal,2025
2025-08-18 13:32:24.477000,7656439.0,CT0003300,Cromwell,Racial Profile,1000265,2500007753,Incident ID,2025-07-02 00:00:00,July,B,M,M,40,True,False,CROMWELL,Shunpike,  ,  ,E,G,1.0,0,14-96e,,False,N,False,False,V,,,,,False,1.0,CT0003300,134000119400569655,2025-07-02 18:44:16.020000,18:44:16.020000,2025,,,Defective Lights,2025
2025-08-18 13:32:24.443000,7656423.0,CT0003300,Cromwell,Racial Profile,1000260,2500007794,Incident ID,2025-07-03 00:00:00,July,B,N,M,23,True,True,CROMWELL,75 Berlin Road,  ,  ,V,G,1.0,0,14-12(a)*,,False,N,False,False,V,,,,,False,1.0,CT0003300,134000119400569655,2025-07-03 20:38:11.377000,20:38:11.377000,2025,14-12(a)*,,Registration,2025
2025-08-18 13:32:24.513000,7656449.0,CT0003300,Cromwell,Racial Profile,1000271,2500007798,Incident ID,2025-07-03 00:00:00,July,W,H,F,20,True,False,CROMWELL,Berlin Road,  ,  ,V,G,1.0,0,14-236,,False,N,False,False,V,,,,,False,1.0,CT0003300,134000119400569655,2025-07-03 23:58:42.827000,23:58:42.827000,2025,14-236,,Moving Violation,2025
2025-08-18 13:32:24.460000,7656431.0,CT0003300,Cromwell,Racial Profile,1000262,2500007784,Incident ID,2025-07-03 00:00:00,July,W,H,M,39,True,False,Cromwell,Berlin Road @ Lowe's Entrance,  ,  ,V,G,1.0,0,14-299,,False,N,False,False,V,,,,,False,1.0,CT0003300,134000119400569655,2025-07-03 10:53:26.533000,10:53:26.533000,2025,14-299,,Traffic Control Signal,2025
2025-08-18 13:32:24.300000,7656361.0,CT0003300,Cromwell,Racial Profile,1000228,2500007799,Incident ID,2025-07-04 00:00:00,July,B,N,M,23,True,False,CROMWELL,West St. and Washington Rd.,  ,  ,V,G,1.0,0,14-299,,False,N,False,False,V,,,,,False,1.0,CT0003300,134000119400569655,2025-07-04 00:03:02.353000,00:03:02.353000,2025,14-299,,Traffic Control Signal,2025
2025-08-18 13:32:24.353000,7656383.0,CT0003300,Cromwell,Racial Profile,1000247,2500007813,Incident ID,2025-07-04 00:00:00,July,W,N,F,16,True,True,CROMWELL,Evergreen Road,  ,  ,V,G,1.0,0,14-301,,False,N,False,False,V,,,,,False,1.0,CT0003300,134000119400569655,2025-07-04 07:08:35.060000,07:08:35.060000,2025,14-301,,Stop Sign,2025
2025-08-18 13:32:24.463000,7656432.0,CT0003300,Cromwell,Racial Profile,1000262,2500007848,Incident ID,2025-07-05 00:00:00,July,B,M,M,30,True,False,CROMWELL,Berlin Road @ Willowbrook,  ,  ,V,G,2.0,1,14-12(a)*,,False,N,False,False,I,,,,,False,1.0,CT0003300,134000119400569655,2025-07-05 11:08:19,11:08:19,2025,14-12(a)*,,Registration,2025
2025-08-18 13:32:24.513000,7656450.0,CT0003300,Cromwell,Racial Profile,1000271,2500007852,Incident ID,2025-07-05 00:00:00,July,W,H,M,34,True,False,CROMWELL,Washington//Evergreen,  ,  ,V,G,1.0,0,14-301,,False,N,False,False,I,,,,,False,1.0,CT0003300,134000119400569655,2025-07-05 17:27:03.280000,17:27:03.280000,2025,14-36(a),,Stop Sign,2025
2025-08-18 13:32:24.463000,7656433.0,CT0003300,Cromwell,Racial Profile,1000262,2500007871,Incident ID,2025-07-06 00:00:00,July,W,N,F,69,True,True,CROMWELL,Berlin Road @ Willowbrook,  ,  ,V,G,1.0,0,14-299,,False,N,False,False,V,,,,,False,1.0,CT0003300,134000119400569655,2025-07-06 09:44:39.237000,09:44:39.237000,2025,14-299,,Traffic Control Signal,2025
2025-08-18 13:32:24.467000,7656434.0,CT0003300,Cromwell,Racial Profile,1000262,2500007875,Incident ID,2025-07-06 00:00:00,July,A,M,M,53,True,False,Cromwell,Berlin Road @ Walmart Entrance,  ,  ,V,G,2.0,1,14-12(a)*,,False,N,False,False,I,,,,,False,1.0,CT0003300,134000119400569655,2025-07-06 14:09:42.863000,14:09:42.863000,2025,14-12(a)*,,Registration,2025
2025-08-18 13:32:24.523000,7656451.0,CT0003300,Cromwell,Racial Profile,1000271,2500007863,Incident ID,2025-07-06 00:00:00,July,B,N,M,45,True,False,CROMWELL,76 Berlin Rd,  ,  ,V,G,2.0,1,14-236,,True,I,False,False,I,,,,,False,1.0,CT0003300,134000119400569655,2025-07-06 01:50:01.437000,01:50:01.437000,2025,14-213b,,Moving Violation,2025
2025-08-18 13:32:24.357000,7656385.0,CT0003300,Cromwell,Racial Profile,1000247,2500007900,Incident ID,2025-07-07 00:00:00,July,W,N,M,49,True,True,CROMWELL,Evergreen Road,  ,  ,V,G,1.0,0,14-12(a)*,,False,N,False,False,I,,,,,False,1.0,CT0003300,134000119400569655,2025-07-07 06:50:17.403000,06:50:17.403000,2025,14-12(a)*,,Registration,2025
2025-08-18 13:32:24.527000,7656452.0,CT0003300,Cromwell,Racial Profile,1000271,2500007884,Incident ID,2025-07-07 00:00:00,July,B,N,M,64,False,False,Cromwell,Berlin Road,  ,  ,V,G,1.0,0,14-236,,False,N,False,False,V,,,,,False,1.0,CT0003300,134000119400569655,2025-07-07 00:27:12.150000,00:27:12.150000,2025,14-236,,Moving Violation,2025
2025-08-18 13:32:24.470000,7656435.0,CT0003300,Cromwell,Racial Profile,1000262,2500007908,Incident ID,2025-07-07 00:00:00,July,W,N,M,73,False,False,CROMWELL,Berlin Road @ willowbrook,  ,  ,V,G,1.0,0,14-299,,False,N,False,False,V,,,,,False,1.0,CT0003300,134000119400569655,2025-07-07 13:25:49.393000,13:25:49.393000,2025,14-299,,Traffic Control Signal,2025
2025-08-18 13:32:24.357000,7656384.0,CT0003300,Cromwell,Racial Profile,1000247,2500007897,Incident ID,2025-07-07 00:00:00,July,W,N,M,38,True,True,CROMWELL,Geer Street,  ,  ,V,G,1.0,0,14-301,,False,N,False,False,V,,,,,False,1.0,CT0003300,134000119400569655,2025-07-07 05:25:48.300000,05:25:48.300000,2025,14-301,,Stop Sign,2025
2025-08-18 13:32:24.310000,7656366.0,CT0003300,Cromwell,Racial Profile,1000234,2500007966,Incident ID,2025-07-08 00:00:00,July,W,N,M,26,True,False,Cromwell,Berlin Rd.,  ,  ,E,G,2.0,0,14-18(a),,False,N,False,False,W,,,,,False,1.0,CT0003300,134000119400569655,2025-07-08 21:00:19.687000,21:00:19.687000,2025,14-18(a),,Display of Plates,2025
2025-08-18 13:32:24.400000,7656404.0,CT0003300,Cromwell,Racial Profile,1000255,2500007959,Incident ID,2025-07-08 00:00:00,July,W,N,M,26,False,False,Cromwell,Berlin Rd,  ,  ,V,G,1.0,0,14-245,,False,N,False,False,V,,,,,False,1.0,CT0003300,134000119400569655,2025-07-08 19:10:13.997000,19:10:13.997000,2025,,,Moving Violation,2025
2025-08-18 13:32:24.207000,7656334.0,CT0003300,Cromwell,Racial Profile,10106,2500007955,Incident ID,2025-07-08 00:00:00,July,B,N,M,21,True,False,CROMWELL,Rt 372,  ,  ,V,G,1.0,0,14-99g(b),,False,N,False,False,I,,,,,False,1.0,CT0003300,134000119400569655,2025-07-08 18:22:36.957000,18:22:36.957000,2025,,,Window Tint,2025
2025-08-18 13:32:24.420000,7656413.0,CT0003300,Cromwell,Racial Profile,1000258,2500007958,Incident ID,2025-07-08 00:00:00,July,B,M,F,22,True,False,CROMWELL,Berlin Road,  ,  ,E,G,1.0,0,14-99g(b),,False,N,False,False,I,,,,,False,1.0,CT0003300,134000119400569655,2025-07-08 19:03:27.963000,19:03:27.963000,2025,,,Window Tint,2025
2025-08-18 13:32:24.210000,7656335.0,CT0003300,Cromwell,Racial Profile,10106,2500007956,Incident ID,2025-07-08 00:00:00,July,W,H,M,39,True,False,CROMWELL,rt 372,  ,  ,I,G,1.0,0,14-99g(b),,False,N,False,False,I,,,,,False,1.0,CT0003300,134000119400569655,2025-07-08 18:41:12.740000,18:41:12.740000,2025,,,Window Tint,2025
2025-08-18 13:32:24.303000,7656363.0,CT0003300,Cromwell,Racial Profile,1000228,2500007990,Incident ID,2025-07-09 00:00:00,July,B,N,M,25,True,False,CROMWELL,Coles Rd.,  ,  ,V,B,1.0,0,14-218a,,False,N,False,False,W,,,,,False,1.0,CT0003300,134000119400569655,2025-07-09 07:23:45.833000,07:23:45.833000,2025,14-218a,,Speed Related,2025
2025-08-18 13:32:24.317000,7656367.0,CT0003300,Cromwell,Racial Profile,1000234,2500007972,Incident ID,2025-07-09 00:00:00,July,B,M,M,46,True,False,CROMWELL,Berlin Rd.,  ,  ,E,G,1.0,0,14-96c,,False,N,False,False,V,,,,,False,1.0,CT0003300,134000119400569655,2025-07-09 00:09:07.263000,00:09:07.263000,2025,14-96c,,Defective Lights,2025
2025-08-18 13:32:24.303000,7656362.0,CT0003300,Cromwell,Racial Profile,1000228,2500007988,Incident ID,2025-07-09 00:00:00,July,W,N,F,25,True,False,CROMWELL,Coles Rd.,  ,  ,V,B,1.0,0,14-218a,,False,N,False,False,W,,,,,False,1.0,CT0003300,134000119400569655,2025-07-09 07:01:37.530000,07:01:37.530000,2025,14-218a,,Speed Related,2025
2025-08-18 13:32:24.420000,7656414.0,CT0003300,Cromwell,Racial Profile,1000258,2500008058,Incident ID,2025-07-10 00:00:00,July,B,M,F,57,True,False,CROMWELL,Berlin Rd,  ,  ,E,G,1.0,0,14-96y,,False,N,False,False,V,,,,,False,1.0,CT0003300,134000119400569655,2025-07-10 22:17:16.953000,22:17:16.953000,2025,,,Defective Lights,2025
2025-08-18 13:32:24.267000,7656349.0,CT0003300,Cromwell,Racial Profile,1000215,2500008100,Incident ID,2025-07-11 00:00:00,July,W,N,M,29,True,False,Cromwell,rte 3,  ,  ,E,G,1.0,0,14-100a(c)(1),,False,N,False,False,V,,,,,False,1.0,CT0003300,134000119400569655,2025-07-11 18:39:52.800000,18:39:52.800000,2025,14-100a(c)(1),,Seatbelt,2025
2025-08-18 13:32:24.270000,7656350.0,CT0003300,Cromwell,Racial Profile,1000215,2500008102,Incident ID,2025-07-11 00:00:00,July,W,N,F,54,True,False,CROMWELL,rte 99,  ,  ,V,B,1.0,0,14-218a,,False,N,False,False,V,,,,,False,1.0,CT0003300,134000119400569655,2025-07-11 18:56:36.100000,18:56:36.100000,2025,14-218a,,Speed Related,2025
2025-08-18 13:32:24.280000,7656352.0,CT0003300,Cromwell,Racial Profile,1000215,2500008105,Incident ID,2025-07-11 00:00:00,July,W,N,M,60,True,True,CROMWELL,RTE 99,  ,  ,E,G,1.0,0,14-96y,,False,N,False,True,V,,,,,False,1.0,CT0003300,134000119400569655,2025-07-11 20:48:54.350000,20:48:54.350000,2025,14-96y,,Defective Lights,2025
2025-08-18 13:32:24.280000,7656353.0,CT0003300,Cromwell,Racial Profile,1000215,2500008106,Incident ID,2025-07-11 00:00:00,July,W,N,M,25,True,False,CROMWELL,rte 99,  ,  ,E,G,1.0,0,14-96y,,False,N,False,False,I,,,,,False,1.0,CT0003300,134000119400569655,2025-07-11 20:53:30.453000,20:53:30.453000,2025,14-12(a)*,,Defective Lights,2025
2025-08-18 13:32:24.443000,7656424.0,CT0003300,Cromwell,Racial Profile,1000260,2500008107,Incident ID,2025-07-11 00:00:00,July,W,N,F,47,True,False,CROMWELL,berlin/oak,  ,  ,V,G,1.0,0,14-299,,False,N,False,False,V,,,,,False,1.0,CT0003300,134000119400569655,2025-07-11 21:53:53.680000,21:53:53.680000,2025,14-299,,Traffic Control Signal,2025
2025-08-18 13:32:24.277000,7656351.0,CT0003300,Cromwell,Racial Profile,1000215,2500008103,Incident ID,2025-07-11 00:00:00,July,W,N,F,34,True,False,CROMWELL,rte 99,  ,  ,V,B,1.0,0,14-218a,,False,N,False,False,V,,,,,False,1.0,CT0003300,134000119400569655,2025-07-11 19:22:52.693000,19:22:52.693000,2025,14-218a,,Speed Related,2025
2025-08-18 13:32:24.530000,7656453.0,CT0003300,Cromwell,Racial Profile,1000271,2500008065,Incident ID,2025-07-11 00:00:00,July,W,N,M,31,True,False,CROMWELL,72 BERLIN RD,  ,  ,V,G,1.0,0,14-299,,False,N,False,False,V,,,,,False,1.0,CT0003300,134000119400569655,2025-07-11 00:45:54.877000,00:45:54.877000,2025,14-299,,Traffic Control Signal,2025
2025-08-18 13:32:24.257000,7656348.0,CT0003300,Cromwell,Racial Profile,1000215,2500008099,Incident ID,2025-07-11 00:00:00,July,W,N,F,31,True,False,CROMWELL,rte 99,  ,  ,V,G,1.0,0,14-218a,,False,N,False,False,V,,,,,False,1.0,CT0003300,134000119400569655,2025-07-11 18:08:42.220000,18:08:42.220000,2025,14-218a,,Speed Related,2025
2025-08-18 13:32:24.290000,7656356.0,CT0003300,Cromwell,Racial Profile,1000225,2500008137,Incident ID,2025-07-12 00:00:00,July,B,N,M,37,True,False,CROMWELL,Industrial park Rd,  ,  ,V,G,3.0,1,14-147(c),,False,N,False,False,I,,,,,False,1.0,CT0003300,134000119400569655,2025-07-12 20:16:20.927000,20:16:20.927000,2025,14-213b,,Administrative Offense,2025
2025-08-18 13:32:24.360000,7656386.0,CT0003300,Cromwell,Racial Profile,1000247,2500008126,Incident ID,2025-07-12 00:00:00,July,B,M,M,29,True,False,CROMWELL,Shunpike Road,  ,  ,V,G,1.0,0,14-12(a)*,,False,N,False,False,I,,,,,False,1.0,CT0003300,134000119400569655,2025-07-12 07:06:17.690000,07:06:17.690000,2025,14-12(a)*,,Registration,2025
2025-08-18 13:32:24.290000,7656357.0,CT0003300,Cromwell,Racial Profile,1000225,2500008141,Incident ID,2025-07-12 00:00:00,July,B,M,M,26,True,False,CROMWELL,Shunpike Rd,  ,  ,E,G,1.0,0,14-96c,,False,N,False,False,V,,,,,False,1.0,CT0003300,134000119400569655,2025-07-12 22:35:15.657000,22:35:15.657000,2025,,,Defective Lights,2025
2025-08-18 13:32:24.400000,7656405.0,CT0003300,Cromwell,Racial Profile,1000255,2500008139,Incident ID,2025-07-12 00:00:00,July,W,N,M,64,True,True,CROMWELL,Willowbrook Rd,  ,  ,E,G,1.0,0,14-96a(a),,False,N,False,False,V,,,,,False,1.0,CT0003300,134000119400569655,2025-07-12 21:18:39.060000,21:18:39.060000,2025,,,Defective Lights,2025
2025-08-18 13:32:24.447000,7656425.0,CT0003300,Cromwell,Racial Profile,1000260,2500008138,Incident ID,2025-07-12 00:00:00,July,B,N,M,28,True,True,CROMWELL,berlin/hammerhead,  ,  ,V,G,2.0,1,14-215a,,False,N,False,False,M,,,,,False,1.0,CT0003300,134000119400569655,2025-07-12 20:56:37.390000,20:56:37.390000,2025,14-215a,,Administrative Offense,2025
2025-08-18 13:32:24.283000,7656354.0,CT0003300,Cromwell,Racial Profile,1000215,2500008153,Incident ID,2025-07-13 00:00:00,July,W,N,M,54,True,False,CROMWELL,RTE 372 @ COUNTRY SQUIRE,  ,  ,V,G,1.0,0,14-299,,False,N,False,False,V,,,,,False,1.0,CT0003300,134000119400569655,2025-07-13 09:16:44.053000,09:16:44.053000,2025,14-299,,Traffic Control Signal,2025
2025-08-18 13:32:24.187000,7656326.0,CT0003300,Cromwell,Racial Profile,10102,2500008157,Incident ID,2025-07-13 00:00:00,July,W,N,F,63,True,True,CROMWELL,WEST/W WEST ST HGTS,  ,  ,V,G,1.0,0,14-12a*,,False,N,False,False,V,,,,,False,1.0,CT0003300,134000119400569655,2025-07-13 13:21:37.113000,13:21:37.113000,2025,,,Registration,2025
2025-08-18 13:32:24.287000,7656355.0,CT0003300,Cromwell,Racial Profile,1000215,2500008158,Incident ID,2025-07-13 00:00:00,July,B,N,M,42,True,False,CROMWELL,rte 372,  ,  ,E,G,1.0,0,14-99g(b),,False,N,False,False,N,,,,,False,1.0,CT0003300,134000119400569655,2025-07-13 13:29:01.577000,13:29:01.577000,2025,,,Window Tint,2025
2025-08-18 13:32:24.470000,7656436.0,CT0003300,Cromwell,Racial Profile,1000262,2500008154,Incident ID,2025-07-13 00:00:00,July,W,N,F,44,True,False,CROMWELL,Willowbrook @ Berlin Road,  ,  ,V,G,2.0,1,14-12(a)*,,False,N,False,False,I,,,,,False,1.0,CT0003300,134000119400569655,2025-07-13 09:38:11.363000,09:38:11.363000,2025,14-12(a)*,,Registration,2025
2025-08-18 13:32:24.367000,7656389.0,CT0003300,Cromwell,Racial Profile,1000250,2500008183,Incident ID,2025-07-14 00:00:00,July,W,N,F,30,True,False,CROMWELL,Berlin Rd,  ,  ,V,G,1.0,0,14-299,,False,N,False,False,V,,,,,False,1.0,CT0003300,134000119400569655,2025-07-14 14:45:13.900000,14:45:13.900000,2025,,,Traffic Control Signal,2025
2025-08-18 13:32:24.530000,7656454.0,CT0003300,Cromwell,Racial Profile,1000271,2500008163,Incident ID,2025-07-14 00:00:00,July,W,N,M,17,True,True,CROMWELL,Washington//Evergreen,  ,  ,V,G,1.0,0,14-301,,False,N,False,False,V,,,,,False,1.0,CT0003300,134000119400569655,2025-07-14 00:05:58.647000,00:05:58.647000,2025,14-301,,Stop Sign,2025
2025-08-18 13:32:24.370000,7656391.0,CT0003300,Cromwell,Racial Profile,1000250,2500008222,Incident ID,2025-07-15 00:00:00,July,W,N,F,38,True,False,CROMWELL,Shunpike Rd,  ,  ,V,G,2.0,1,14-215a,,False,N,False,False,M,,,,,False,1.0,CT0003300,134000119400569655,2025-07-15 13:56:56.130000,13:56:56.130000,2025,14-215a,,Administrative Offense,2025
2025-08-18 13:32:24.450000,7656426.0,CT0003300,Cromwell,Racial Profile,1000260,2500008231,Incident ID,2025-07-15 00:00:00,July,W,M,M,53,True,False,CROMWELL,berlin/industrial,  ,  ,E,G,1.0,0,14-96c,,False,N,False,False,V,,,,,False,1.0,CT0003300,134000119400569655,2025-07-15 21:01:17.057000,21:01:17.057000,2025,14-96c,,Defective Lights,2025
2025-08-18 13:32:24.370000,7656390.0,CT0003300,Cromwell,Racial Profile,1000250,2500008213,Incident ID,2025-07-15 00:00:00,July,B,N,M,35,True,True,Cromwell,Berlin Rd,  ,  ,V,G,2.0,1,14-12(a)*,,False,N,False,False,M,,,,,False,1.0,CT0003300,134000119400569655,2025-07-15 08:41:34.670000,08:41:34.670000,2025,14-215a,,Registration,2025
2025-08-18 13:32:24.423000,7656415.0,CT0003300,Cromwell,Racial Profile,1000258,2500008230,Incident ID,2025-07-15 00:00:00,July,B,M,F,57,True,False,CROMWELL,Berlin Rd,  ,  ,V,G,1.0,0,14-299,,False,N,False,False,V,,,,,False,1.0,CT0003300,134000119400569655,2025-07-15 20:51:26.123000,20:51:26.123000,2025,36a-53a,,Traffic Control Signal,2025
2025-08-18 13:32:24.473000,7656437.0,CT0003300,Cromwell,Racial Profile,1000262,2500008223,Incident ID,2025-07-15 00:00:00,July,W,N,F,52,True,False,CROMWELL,West over Rte 9,  ,  ,V,G,1.0,0,14-299,,False,N,False,False,V,,,,,False,1.0,CT0003300,134000119400569655,2025-07-15 14:54:12.710000,14:54:12.710000,2025,14-299,,Traffic Control Signal,2025
2025-08-18 13:32:24.320000,7656368.0,CT0003300,Cromwell,Racial Profile,1000234,2500008291,Incident ID,2025-07-16 00:00:00,July,W,N,F,28,True,False,Cromwell,Berlin Rd.,  ,  ,V,G,2.0,1,14-12(a)*,,False,N,False,False,I,,,,,False,1.0,CT0003300,134000119400569655,2025-07-16 21:23:44.717000,21:23:44.717000,2025,14-213b,,Registration,2025
2025-08-18 13:32:24.323000,7656369.0,CT0003300,Cromwell,Racial Profile,1000234,2500008294,Incident ID,2025-07-16 00:00:00,July,B,M,M,63,True,False,CROMWELL,Berlin Rd,  ,  ,V,G,1.0,0,14-236,,False,N,False,False,V,,,,,False,1.0,CT0003300,134000119400569655,2025-07-16 22:45:35.653000,22:45:35.653000,2025,14-236,,Moving Violation,2025
2025-08-18 13:32:24.373000,7656392.0,CT0003300,Cromwell,Racial Profile,1000250,2500008263,Incident ID,2025-07-16 00:00:00,July,W,H,F,25,True,False,CROMWELL,West St,  ,  ,V,G,1.0,0,14-147(c),,False,N,False,False,I,,,,,False,1.0,CT0003300,134000119400569655,2025-07-16 13:58:58.260000,13:58:58.260000,2025,14-12(a)*,,Administrative Offense,2025
2025-08-18 13:32:24.220000,7656340.0,CT0003300,Cromwell,Racial Profile,10110,2500008262,Incident ID,2025-07-16 00:00:00,July,B,M,M,50,True,False,CROMWELL,West Street @ West Street Heights,  ,  ,V,G,1.0,0,14-301,,False,N,False,False,V,,,,,False,1.0,CT0003300,134000119400569655,2025-07-16 13:35:39.603000,13:35:39.603000,2025,14-301,,Stop Sign,2025
2025-08-18 13:32:24.427000,7656416.0,CT0003300,Cromwell,Racial Profile,1000258,2500008295,Incident ID,2025-07-16 00:00:00,July,A,M,M,24,True,False,CROMWELL,Berlin Road,  ,  ,E,G,2.0,0,14-96b,,False,N,False,False,I,,,,,False,1.0,CT0003300,134000119400569655,2025-07-16 22:52:05.900000,22:52:05.900000,2025,14-36(a),,Defective Lights,2025
2025-08-18 13:32:24.537000,7656456.0,CT0003300,Cromwell,Racial Profile,1000273,2500008249,Incident ID,2025-07-16 00:00:00,July,B,N,F,50,True,False,CROMWELL,Shunpike RD,  ,  ,V,B,1.0,0,14-218a,,False,N,False,False,V,,,,,False,1.0,CT0003300,134000119400569655,2025-07-16 07:03:22.080000,07:03:22.080000,2025,,,Speed Related,2025
2025-08-18 13:32:24.190000,7656327.0,CT0003300,Cromwell,Racial Profile,10102,2500008261,Incident ID,2025-07-16 00:00:00,July,W,M,M,23,False,False,CROMWELL,4 HAMMERHEAD PLACE,  ,  ,V,S,1.0,0,14-100a(c)1,,True,N,False,False,V,,,,,False,1.0,CT0003300,134000119400569655,2025-07-16 12:17:44.373000,12:17:44.373000,2025,,,Seatbelt,2025
2025-08-18 13:32:24.213000,7656337.0,CT0003300,Cromwell,Racial Profile,10106,2500008288,Incident ID,2025-07-16 00:00:00,July,B,N,M,27,True,False,Cromwell,West St,  ,  ,V,G,1.0,0,14-247,,False,N,False,False,W,,,,,False,1.0,CT0003300,134000119400569655,2025-07-16 19:49:57.920000,19:49:57.920000,2025,,,Moving Violation,2025
2025-08-18 13:32:24.213000,7656336.0,CT0003300,Cromwell,Racial Profile,10106,2500008287,Incident ID,2025-07-16 00:00:00,July,W,H,M,35,True,False,CROMWELL,Rt 372,  ,  ,V,G,1.0,0,14-99g(b),,False,N,False,False,I,,,,,False,1.0,CT0003300,134000119400569655,2025-07-16 19:23:44.823000,19:23:44.823000,2025,14-36(a),,Window Tint,2025
2025-08-18 13:32:24.323000,7656370.0,CT0003300,Cromwell,Racial Profile,1000234,2500008317,Incident ID,2025-07-17 00:00:00,July,B,M,M,66,True,False,CROMWELL,Berlin Rd.,  ,  ,V,G,1.0,0,14-236,,False,N,False,False,V,,,,,False,1.0,CT0003300,134000119400569655,2025-07-17 22:34:33.380000,22:34:33.380000,2025,14-215(a),,Moving Violation,2025
2025-08-18 13:32:24.430000,7656418.0,CT0003300,Cromwell,Racial Profile,1000258,2500008321,Incident ID,2025-07-17 00:00:00,July,W,H,M,31,True,False,CROMWELL,Berlin Rd,  ,  ,E,G,1.0,0,14-96y,,False,N,False,False,V,,,,,False,1.0,CT0003300,134000119400569655,2025-07-17 23:32:09.883000,23:32:09.883000,2025,,,Defective Lights,2025
2025-08-18 13:32:24.480000,7656440.0,CT0003300,Cromwell,Racial Profile,1000265,2500008316,Incident ID,2025-07-17 00:00:00,July,W,N,M,58,True,False,CROMWELL,Berlin Rd,  ,  ,V,G,2.0,0,14-147(c),,False,N,False,False,I,,,,,False,1.0,CT0003300,134000119400569655,2025-07-17 19:59:17.897000,19:59:17.897000,2025,14-213b,,Administrative Offense,2025
2025-08-18 13:32:24.427000,7656417.0,CT0003300,Cromwell,Racial Profile,1000258,2500008319,Incident ID,2025-07-17 00:00:00,July,W,H,M,27,True,False,CROMWELL,West St,  ,  ,V,B,1.0,0,14-12(a)*,,False,N,False,False,I,,,,,False,1.0,CT0003300,134000119400569655,2025-07-17 22:51:03.190000,22:51:03.190000,2025,,,Registration,2025
2025-08-18 13:32:24.293000,7656358.0,CT0003300,Cromwell,Racial Profile,1000225,2500008325,Incident ID,2025-07-18 00:00:00,July,W,N,M,34,True,False,CROMWELL,Berlin Rd,  ,  ,E,G,1.0,0,14-96c,,False,N,False,False,V,,,,,False,1.0,CT0003300,134000119400569655,2025-07-18 00:52:08.443000,00:52:08.443000,2025,,,Defective Lights,2025
2025-08-18 13:32:24.327000,7656371.0,CT0003300,Cromwell,Racial Profile,1000234,2500008414,Incident ID,2025-07-19 00:00:00,July,W,H,F,35,True,False,CROMWELL,Berlin Rd.,  ,  ,E,G,1.0,0,14-96c,,False,N,False,False,V,,,,,False,1.0,CT0003300,134000119400569655,2025-07-19 21:53:03.333000,21:53:03.333000,2025,14-96c,,Defective Lights,2025
2025-08-18 13:32:24.433000,7656420.0,CT0003300,Cromwell,Racial Profile,1000258,2500008415,Incident ID,2025-07-19 00:00:00,July,W,H,M,21,True,False,CROMWELL,Berlin Road,  ,  ,V,G,2.0,0,14-299,,False,N,False,False,I,,,,,False,1.0,CT0003300,134000119400569655,2025-07-19 21:55:00.707000,21:55:00.707000,2025,14-36(a),,Traffic Control Signal,2025
2025-08-18 13:32:24.450000,7656427.0,CT0003300,Cromwell,Racial Profile,1000260,2500008410,Incident ID,2025-07-19 00:00:00,July,W,N,M,56,True,False,CROMWELL,berlin/industrial,  ,  ,V,G,1.0,0,14-12(a)*,,False,N,False,False,I,,,,,False,1.0,CT0003300,134000119400569655,2025-07-19 21:00:19.553000,21:00:19.553000,2025,14-12(a)*,,Registration,2025
2025-08-18 13:32:24.330000,7656373.0,CT0003300,Cromwell,Racial Profile,1000234,2500008420,Incident ID,2025-07-19 00:00:00,July,W,N,M,19,True,False,Cromwell,Berlin Rd.,  ,  ,E,G,1.0,0,14-96c,,False,N,False,False,V,,,,,False,1.0,CT0003300,134000119400569655,2025-07-19 22:58:46.300000,22:58:46.300000,2025,14-96c,,Defective Lights,2025
2025-08-18 13:32:24.333000,7656374.0,CT0003300,Cromwell,Racial Profile,1000234,2500008421,Incident ID,2025-07-19 00:00:00,July,W,N,F,35,True,False,CROMWELL,Berlin Rd.,  ,  ,E,G,1.0,0,14-96c,,False,N,False,False,V,,,,,False,1.0,CT0003300,134000119400569655,2025-07-19 23:14:22.130000,23:14:22.130000,2025,14-96c,,Defective Lights,2025
2025-08-18 13:32:24.480000,7656441.0,CT0003300,Cromwell,Racial Profile,1000265,2500008406,Incident ID,2025-07-19 00:00:00,July,W,N,M,77,True,False,Cromwell,Berlin Rd,  ,  ,V,G,3.0,0,14-236,,False,N,False,True,V,,,,,False,1.0,CT0003300,134000119400569655,2025-07-19 19:01:26.317000,19:01:26.317000,2025,,,Moving Violation,2025
2025-08-18 13:32:24.483000,7656442.0,CT0003300,Cromwell,Racial Profile,1000265,2500008412,Incident ID,2025-07-19 00:00:00,July,B,M,F,43,True,True,CROMWELL,west st/hicksville,  ,  ,V,G,1.0,0,14-299,,False,N,False,False,V,,,,,False,1.0,CT0003300,134000119400569655,2025-07-19 21:43:36.477000,21:43:36.477000,2025,,,Traffic Control Signal,2025
2025-08-18 13:32:24.330000,7656372.0,CT0003300,Cromwell,Racial Profile,1000234,2500008418,Incident ID,2025-07-19 00:00:00,July,B,M,M,27,True,False,Cromwell,Berlin Rd.,  ,  ,E,G,1.0,0,14-96y,,False,N,False,False,V,,,,,False,1.0,CT0003300,134000119400569655,2025-07-19 22:41:56.800000,22:41:56.800000,2025,14-96y,,Defective Lights,2025
2025-08-18 13:32:24.223000,7656341.0,CT0003300,Cromwell,Racial Profile,10110,2500008395,Incident ID,2025-07-19 00:00:00,July,W,N,M,50,True,True,CROMWELL,Evergreen Rd. @ HighRidge Rd.,  ,  ,V,G,1.0,0,14-301,,False,N,False,False,V,,,,,False,1.0,CT0003300,134000119400569655,2025-07-19 10:58:10.520000,10:58:10.520000,2025,14-301,,Stop Sign,2025
2025-08-18 13:32:24.433000,7656419.0,CT0003300,Cromwell,Racial Profile,1000258,2500008411,Incident ID,2025-07-19 00:00:00,July,W,H,M,46,True,False,CROMWELL,Berlin Road,  ,  ,E,G,1.0,0,14-96c,,False,N,False,False,V,,,,,False,1.0,CT0003300,134000119400569655,2025-07-19 21:19:06.673000,21:19:06.673000,2025,,,Defective Lights,2025
2025-08-18 13:32:24.457000,7656429.0,CT0003300,Cromwell,Racial Profile,1000260,2500008416,Incident ID,2025-07-19 00:00:00,July,W,N,M,52,False,False,Cromwell,berlin/coles,  ,  ,V,G,1.0,0,14-96c,,False,N,False,False,V,,,,,False,1.0,CT0003300,134000119400569655,2025-07-19 21:57:15.187000,21:57:15.187000,2025,14-96c,,Defective Lights,2025
2025-08-18 13:32:24.533000,7656455.0,CT0003300,Cromwell,Racial Profile,1000271,2500008377,Incident ID,2025-07-19 00:00:00,July,W,H,F,23,True,False,Cromwell,Berlin Road,  ,  ,V,G,3.0,1,14-236,,True,C,False,True,M,,,,,False,1.0,CT0003300,134000119400569655,2025-07-19 01:53:16.130000,01:53:16.130000,2025,14-227a,,Moving Violation,2025
2025-08-18 13:32:24.333000,7656375.0,CT0003300,Cromwell,Racial Profile,1000234,2500008422,Incident ID,2025-07-19 00:00:00,July,W,N,M,40,True,False,CROMWELL,Berlin Rd.,  ,  ,E,G,1.0,0,14-96c,,False,N,False,False,V,,,,,False,1.0,CT0003300,134000119400569655,2025-07-19 23:39:42.760000,23:39:42.760000,2025,14-96c,,Defective Lights,2025
2025-08-18 13:32:24.337000,7656376.0,CT0003300,Cromwell,Racial Profile,1000234,2500008423,Incident ID,2025-07-19 00:00:00,July,W,H,F,24,True,False,CROMWELL,Berlin Rd.,  ,  ,E,G,1.0,0,14-96a(a),,False,N,False,False,V,,,,,False,1.0,CT0003300,134000119400569655,2025-07-19 23:46:41.137000,23:46:41.137000,2025,14-96a(a),,Defective Lights,2025
2025-08-18 13:32:24.453000,7656428.0,CT0003300,Cromwell,Racial Profile,1000260,2500008413,Incident ID,2025-07-19 00:00:00,July,W,N,M,27,True,True,Cromwell,berlin/91s,  ,  ,V,G,1.0,0,14-96c,,False,N,False,False,V,,,,,False,1.0,CT0003300,134000119400569655,2025-07-19 21:47:02.690000,21:47:02.690000,2025,14-96c,,Defective Lights,2025
2025-08-18 13:32:24.490000,7656443.0,CT0003300,Cromwell,Racial Profile,1000265,2500008419,Incident ID,2025-07-19 00:00:00,July,A,M,M,21,True,False,Cromwell,Berlin Rd,  ,  ,V,G,1.0,0,14-244,,False,N,False,False,V,,,,,False,1.0,CT0003300,134000119400569655,2025-07-19 22:47:34.517000,22:47:34.517000,2025,,,Moving Violation,2025
2025-08-18 13:32:24.253000,7656347.0,CT0003300,Cromwell,Racial Profile,10306,2500008451,Incident ID,2025-07-20 00:00:00,July,W,H,F,58,True,False,CROMWELL,Berlin Rd,  ,  ,V,G,1.0,1,14-12(a)*,,False,N,False,False,M,,,,,False,1.0,CT0003300,134000119400569655,2025-07-20 20:22:59.107000,20:22:59.107000,2025,14-213b,,Registration,2025
2025-08-18 13:32:24.373000,7656393.0,CT0003300,Cromwell,Racial Profile,1000250,2500008443,Incident ID,2025-07-20 00:00:00,July,W,N,F,43,True,True,CROMWELL,Evergreen Rd,  ,  ,V,G,1.0,0,14-301,,False,N,False,False,V,,,,,False,1.0,CT0003300,134000119400569655,2025-07-20 13:09:39.840000,13:09:39.840000,2025,,,Stop Sign,2025
2025-08-18 13:32:24.377000,7656394.0,CT0003300,Cromwell,Racial Profile,1000250,2500008444,Incident ID,2025-07-20 00:00:00,July,W,N,M,25,True,True,CROMWELL,Evergreen Rd,  ,  ,V,G,1.0,0,14-301,,False,N,False,False,V,,,,,False,1.0,CT0003300,134000119400569655,2025-07-20 13:39:44.567000,13:39:44.567000,2025,,,Stop Sign,2025
2025-08-18 13:32:24.380000,7656395.0,CT0003300,Cromwell,Racial Profile,1000250,2500008467,Incident ID,2025-07-21 00:00:00,July,A,N,M,35,False,False,CROMWELL,Berlin Rd,  ,  ,V,G,1.0,0,14-12(a)*,,False,N,False,False,V,,,,,False,1.0,CT0003300,134000119400569655,2025-07-21 11:22:18.090000,11:22:18.090000,2025,,,Registration,2025
2025-08-18 13:32:24.193000,7656328.0,CT0003300,Cromwell,Racial Profile,10102,2500008535,Incident ID,2025-07-23 00:00:00,July,W,H,M,40,True,False,CROMWELL,WASHINGTON/WEST ST,  ,  ,V,G,1.0,0,14-236,,False,N,False,False,V,,,,,False,1.0,CT0003300,134000119400569655,2025-07-23 08:57:14.100000,08:57:14.100000,2025,,,Moving Violation,2025
2025-08-18 13:32:24.493000,7656444.0,CT0003300,Cromwell,Racial Profile,1000265,2500008553,Incident ID,2025-07-23 00:00:00,July,B,M,M,43,True,False,CROMWELL,Berlin Rd,  ,  ,E,G,1.0,0,14-96a(a),,False,N,False,False,V,,,,,False,1.0,CT0003300,134000119400569655,2025-07-23 22:32:49.440000,22:32:49.440000,2025,,,Defective Lights,2025
2025-08-18 13:32:24.380000,7656396.0,CT0003300,Cromwell,Racial Profile,1000250,2500008546,Incident ID,2025-07-23 00:00:00,July,W,N,F,57,True,False,CROMWELL,Berlin Rd,  ,  ,V,G,1.0,0,14-147(c),,False,N,False,False,I,,,,,False,1.0,CT0003300,134000119400569655,2025-07-23 14:37:22.447000,14:37:22.447000,2025,,,Administrative Offense,2025
2025-08-18 13:32:24.437000,7656421.0,CT0003300,Cromwell,Racial Profile,1000258,2500008609,Incident ID,2025-07-24 00:00:00,July,W,N,M,52,True,False,CROMWELL,Berlin Rd,  ,  ,V,G,1.0,0,14-299,,False,N,False,False,V,,,,,False,1.0,CT0003300,134000119400569655,2025-07-24 22:52:45.560000,22:52:45.560000,2025,,,Traffic Control Signal,2025
2025-08-18 13:32:24.340000,7656377.0,CT0003300,Cromwell,Racial Profile,1000234,2500008602,Incident ID,2025-07-24 00:00:00,July,W,N,M,17,True,False,CROMWELL,Berlin Rd.,  ,  ,E,G,1.0,0,14-96a(a),,False,N,False,False,V,,,,,False,1.0,CT0003300,134000119400569655,2025-07-24 20:55:36.367000,20:55:36.367000,2025,14-96a(a),,Defective Lights,2025
2025-08-18 13:32:24.197000,7656329.0,CT0003300,Cromwell,Racial Profile,10102,2500008596,Incident ID,2025-07-24 00:00:00,July,W,N,M,64,True,False,CROMWELL,136 Berlin Rd.,  ,  ,V,G,2.0,0,22a-250,,False,N,False,False,I,,,,,False,1.0,CT0003300,134000119400569655,2025-07-24 17:43:56.867000,17:43:56.867000,2025,,,Other,2025
2025-08-18 13:32:24.383000,7656397.0,CT0003300,Cromwell,Racial Profile,1000250,2500008592,Incident ID,2025-07-24 00:00:00,July,B,N,F,33,True,False,CROMWELL,Shunpike Rd,  ,  ,V,G,2.0,1,14-147(c),,False,N,False,False,I,,,,,False,1.0,CT0003300,134000119400569655,2025-07-24 15:18:54.073000,15:18:54.073000,2025,,,Administrative Offense,2025
2025-08-18 13:32:24.217000,7656338.0,CT0003300,Cromwell,Racial Profile,10106,2500008604,Incident ID,2025-07-24 00:00:00,July,W,N,M,43,True,False,CROMWELL,Rt 372,  ,  ,V,G,2.0,1,14-18(a),,False,N,False,True,M,,,,,False,1.0,CT0003300,134000119400569655,2025-07-24 21:15:15.840000,21:15:15.840000,2025,14-215(a),,Display of Plates,2025
2025-08-18 13:32:24.230000,7656342.0,CT0003300,Cromwell,Racial Profile,10110,2500008591,Incident ID,2025-07-24 00:00:00,July,W,N,M,34,True,True,CROMWELL,Berlin Rd. @ Hammerhead Pl.,  ,  ,V,G,1.0,0,14-296aab,,False,N,False,False,V,,,,,False,1.0,CT0003300,134000119400569655,2025-07-24 15:12:53.677000,15:12:53.677000,2025,14-296aab,,Cell Phone,2025
2025-08-18 13:32:24.197000,7656330.0,CT0003300,Cromwell,Racial Profile,10102,2500008657,Incident ID,2025-07-25 00:00:00,July,W,N,M,22,True,False,CROMWELL,Rt.372,  ,  ,V,G,1.0,0,14-296aa(b),,False,N,False,False,I,,,,,False,1.0,CT0003300,134000119400569655,2025-07-25 19:48:05.370000,19:48:05.370000,2025,,,Cell Phone,2025
2025-08-18 13:32:24.203000,7656332.0,CT0003300,Cromwell,Racial Profile,10102,2500008662,Incident ID,2025-07-25 00:00:00,July,W,N,M,34,True,False,CROMWELL,Rt. 372,  ,  ,V,G,2.0,0,14-233,,False,N,False,False,I,,,,,False,1.0,CT0003300,134000119400569655,2025-07-25 22:19:59.600000,22:19:59.600000,2025,14-80a(a),,Moving Violation,2025
2025-08-18 13:32:24.403000,7656406.0,CT0003300,Cromwell,Racial Profile,1000255,2500008651,Incident ID,2025-07-25 00:00:00,July,W,N,F,42,True,False,CROMWELL,Shunpike Rd,  ,  ,V,G,1.0,0,14-296aa(b),,False,N,False,False,V,,,,,False,1.0,CT0003300,134000119400569655,2025-07-25 18:11:02.593000,18:11:02.593000,2025,,,Cell Phone,2025
2025-08-18 13:32:24.343000,7656378.0,CT0003300,Cromwell,Racial Profile,1000234,2500008663,Incident ID,2025-07-25 00:00:00,July,W,N,M,18,True,False,CROMWELL,Berlin Rd.,  ,  ,E,G,1.0,0,14-96e,,False,N,False,False,V,,,,,False,1.0,CT0003300,134000119400569655,2025-07-25 22:44:50.997000,22:44:50.997000,2025,14-96e,,Defective Lights,2025
2025-08-18 13:32:24.540000,7656457.0,CT0003300,Cromwell,Racial Profile,1000273,2500008611,Incident ID,2025-07-25 00:00:00,July,B,N,F,52,True,False,CROMWELL,OBV Geer St.,  ,  ,V,B,1.0,0,14-218(a),,False,N,False,False,I,,,,,False,1.0,CT0003300,134000119400569655,2025-07-25 00:42:43.073000,00:42:43.073000,2025,14-232(b),,Speed Related,2025
2025-08-18 13:32:24.200000,7656331.0,CT0003300,Cromwell,Racial Profile,10102,2500008659,Incident ID,2025-07-25 00:00:00,July,B,N,M,46,False,False,CROMWELL,Rt. 372,  ,  ,V,G,1.0,0,14-100a(d)(2),,False,N,False,False,I,,,,,False,1.0,CT0003300,134000119400569655,2025-07-25 20:03:00.940000,20:03:00.940000,2025,,,Seatbelt,2025
2025-08-18 13:32:24.203000,7656333.0,CT0003300,Cromwell,Racial Profile,10102,2500008666,Incident ID,2025-07-25 00:00:00,July,W,N,M,57,True,False,CROMWELL,Shunpike Rd.,  ,  ,V,G,1.0,0,14-230(a),,False,N,False,False,V,,,,,False,1.0,CT0003300,134000119400569655,2025-07-25 23:15:29.923000,23:15:29.923000,2025,,,Moving Violation,2025
2025-08-18 13:32:24.383000,7656398.0,CT0003300,Cromwell,Racial Profile,1000250,2500008652,Incident ID,2025-07-25 00:00:00,July,W,H,M,31,False,False,CROMWELL,Court St,  ,  ,V,G,1.0,0,14-301,,False,N,False,False,V,,,,,False,1.0,CT0003300,134000119400569655,2025-07-25 18:27:56.117000,18:27:56.117000,2025,,,Stop Sign,2025
2025-08-18 13:32:24.440000,7656422.0,CT0003300,Cromwell,Racial Profile,1000258,2500008650,Incident ID,2025-07-25 00:00:00,July,W,N,M,20,True,True,CROMWELL,Berlin Road,  ,  ,E,G,1.0,0,14-99g(b),,False,N,False,False,I,,,,,False,1.0,CT0003300,134000119400569655,2025-07-25 17:52:54.267000,17:52:54.267000,2025,,,Window Tint,2025
2025-08-18 13:32:24.497000,7656445.0,CT0003300,Cromwell,Racial Profile,1000265,2500008665,Incident ID,2025-07-25 00:00:00,July,W,N,F,56,True,False,CROMWELL,berlin Rd,  ,  ,E,B,1.0,0,14-96e,,False,N,False,False,V,,,,,False,1.0,CT0003300,134000119400569655,2025-07-25 23:09:40.113000,23:09:40.113000,2025,,,Defective Lights,2025
2025-08-18 13:32:24.407000,7656408.0,CT0003300,Cromwell,Racial Profile,1000255,2500008700,Incident ID,2025-07-26 00:00:00,July,W,H,M,30,True,False,CROMWELL,Berlin Rd,  ,  ,E,G,1.0,0,14-96c,,False,N,False,False,V,,,,,False,1.0,CT0003300,134000119400569655,2025-07-26 17:49:42.100000,17:49:42.100000,2025,,,Defective Lights,2025
2025-08-18 13:32:24.220000,7656339.0,CT0003300,Cromwell,Racial Profile,10106,2500008703,Incident ID,2025-07-26 00:00:00,July,W,N,M,28,True,True,CROMWELL,Rt 372,  ,  ,V,G,1.0,0,14-80(c),,False,N,False,False,I,,,,,False,1.0,CT0003300,134000119400569655,2025-07-26 21:44:53.700000,21:44:53.700000,2025,,,Equipment Violation,2025
2025-08-18 13:32:24.403000,7656407.0,CT0003300,Cromwell,Racial Profile,1000255,2500008699,Incident ID,2025-07-26 00:00:00,July,A,N,F,47,True,False,CROMWELL,Berlin Rd,  ,  ,V,G,1.0,0,14-242(e),,False,N,False,False,V,,,,,False,1.0,CT0003300,134000119400569655,2025-07-26 17:24:10.573000,17:24:10.573000,2025,,,Moving Violation,2025
2025-08-18 13:32:24.413000,7656411.0,CT0003300,Cromwell,Racial Profile,1000255,2500008732,Incident ID,2025-07-27 00:00:00,July,B,N,M,26,True,False,CROMWELL,Berlin Rd,  ,  ,V,G,1.0,0,14-12(a)*,,False,N,False,False,I,,,,,False,1.0,CT0003300,134000119400569655,2025-07-27 22:55:00.343000,22:55:00.343000,2025,,,Registration,2025
2025-08-18 13:32:24.410000,7656409.0,CT0003300,Cromwell,Racial Profile,1000255,2500008728,Incident ID,2025-07-27 00:00:00,July,W,N,M,31,True,False,CROMWELL,Berlin Rd,  ,  ,V,G,1.0,0,14-296aa(b),,False,N,False,False,V,,,,,False,1.0,CT0003300,134000119400569655,2025-07-27 18:07:55.583000,18:07:55.583000,2025,,,Cell Phone,2025
2025-08-18 13:32:24.410000,7656410.0,CT0003300,Cromwell,Racial Profile,1000255,2500008731,Incident ID,2025-07-27 00:00:00,July,W,N,F,34,False,False,CROMWELL,Berlin Rd,  ,  ,E,G,1.0,0,14-96a(a),,False,N,False,False,V,,,,,False,1.0,CT0003300,134000119400569655,2025-07-27 22:44:28.260000,22:44:28.260000,2025,14-12(a)*,,Defective Lights,2025
2025-08-18 13:32:24.363000,7656387.0,CT0003300,Cromwell,Racial Profile,1000247,2500008742,Incident ID,2025-07-28 00:00:00,July,W,N,M,72,True,True,CROMWELL,Coles Road,  ,  ,V,B,1.0,0,14-218a,,False,N,False,False,V,,,,,False,1.0,CT0003300,134000119400569655,2025-07-28 06:30:55.903000,06:30:55.903000,2025,14-218a,,Speed Related,2025
2025-08-18 13:32:24.297000,7656359.0,CT0003300,Cromwell,Racial Profile,1000225,2500008740,Incident ID,2025-07-28 00:00:00,July,W,H,M,24,True,False,CROMWELL,West St @ Washington Rd,  ,  ,V,G,2.0,1,14-299,,False,N,False,False,I,,,,,False,1.0,CT0003300,134000119400569655,2025-07-28 05:45:26.050000,05:45:26.050000,2025,14-213b,,Traffic Control Signal,2025
2025-08-18 13:32:24.233000,7656343.0,CT0003300,Cromwell,Racial Profile,10110,2500008747,Incident ID,2025-07-28 00:00:00,July,W,H,F,68,True,False,CROMWELL,Shunpike Rd. ,  ,  ,V,G,1.0,0,14-301,,False,N,False,False,V,,,,,False,1.0,CT0003300,134000119400569655,2025-07-28 08:25:33.030000,08:25:33.030000,2025,14-301,,Stop Sign,2025
2025-08-18 13:32:24.390000,7656400.0,CT0003300,Cromwell,Racial Profile,1000250,2500008799,Incident ID,2025-07-29 00:00:00,July,W,H,M,39,True,False,CROMWELL,Berlin Rd,  ,  ,V,G,1.0,0,14-12(a)*,,False,N,False,False,I,,,,,False,1.0,CT0003300,134000119400569655,2025-07-29 15:10:41.990000,15:10:41.990000,2025,14-36(a),,Registration,2025
2025-08-18 13:32:24.503000,7656446.0,CT0003300,Cromwell,Racial Profile,1000270,2500008806,Incident ID,2025-07-29 00:00:00,July,W,N,F,41,True,True,CROMWELL,evergreen/ high school,  ,  ,V,G,1.0,0,14-218a,,False,N,False,False,V,,,,,False,1.0,CT0003300,134000119400569655,2025-07-29 16:45:30.643000,16:45:30.643000,2025,14-218a,,Speed Related,2025
2025-08-18 13:32:24.343000,7656379.0,CT0003300,Cromwell,Racial Profile,1000239,2500008789,Incident ID,2025-07-29 00:00:00,July,B,N,M,34,True,False,CROMWELL,Main Street & Court Street,  ,  ,V,G,1.0,0,14-299,,False,N,False,False,V,,,,,False,1.0,CT0003300,134000119400569655,2025-07-29 10:48:56.920000,10:48:56.920000,2025,14-299,,Traffic Control Signal,2025
2025-08-18 13:32:24.387000,7656399.0,CT0003300,Cromwell,Racial Profile,1000250,2500008795,Incident ID,2025-07-29 00:00:00,July,B,N,M,32,True,False,CROMWELL,West st,  ,  ,V,G,2.0,0,14-12(a)*,,False,N,False,False,I,,,,,False,1.0,CT0003300,134000119400569655,2025-07-29 13:56:42.997000,13:56:42.997000,2025,,,Registration,2025
2025-08-18 13:32:24.243000,7656345.0,CT0003300,Cromwell,Racial Profile,10114,2500008798,Incident ID,2025-07-29 00:00:00,July,W,N,F,26,True,False,CROMWELL,West Street at RTE 9 North on ramp,  ,  ,V,G,1.0,0,14-242(e),,False,N,False,False,I,,,,,False,1.0,CT0003300,134000119400569655,2025-07-29 14:40:58.127000,14:40:58.127000,2025,14-242(e),,Moving Violation,2025
2025-08-18 13:32:24.243000,7656344.0,CT0003300,Cromwell,Racial Profile,10114,2500008793,Incident ID,2025-07-29 00:00:00,July,W,N,M,62,True,True,CROMWELL,geer/captain james mann memorial dr,  ,  ,V,G,1.0,0,14-301,,False,N,False,False,V,,,,,False,1.0,CT0003300,134000119400569655,2025-07-29 13:30:54.727000,13:30:54.727000,2025,14-301,,Stop Sign,2025
2025-08-18 13:32:24.347000,7656380.0,CT0003300,Cromwell,Racial Profile,1000239,2500008843,Incident ID,2025-07-30 00:00:00,July,W,N,F,55,True,True,CROMWELL,Court Street & Woodside dr,  ,  ,V,B,1.0,0,14-218a,,False,N,False,False,V,,,,,False,1.0,CT0003300,134000119400569655,2025-07-30 13:24:47.590000,13:24:47.590000,2025,14-218a,,Speed Related,2025
2025-08-18 13:32:24.393000,7656401.0,CT0003300,Cromwell,Racial Profile,1000250,2500008840,Incident ID,2025-07-30 00:00:00,July,A,N,F,38,False,False,CROMWELL,Berlin Rd,  ,  ,V,G,1.0,0,14-232(a)(1),,False,N,False,False,V,,,,,False,1.0,CT0003300,134000119400569655,2025-07-30 12:20:48.640000,12:20:48.640000,2025,,,Moving Violation,2025
2025-08-18 13:32:24.247000,7656346.0,CT0003300,Cromwell,Racial Profile,10114,2500008847,Incident ID,2025-07-30 00:00:00,July,W,N,M,62,True,False,CROMWELL,Highridge Road at Evergreen Road,  ,  ,V,G,1.0,0,14-301,,False,N,False,False,V,,,,,False,1.0,CT0003300,134000119400569655,2025-07-30 14:53:42.087000,14:53:42.087000,2025,14-301,,Stop Sign,2025
2025-08-18 13:32:24.460000,7656430.0,CT0003300,Cromwell,Racial Profile,1000260,2500008859,Incident ID,2025-07-30 00:00:00,July,W,N,M,28,True,True,CROMWELL,geer/woodside,  ,  ,V,G,1.0,0,14-96c,,False,N,False,False,V,,,,,False,1.0,CT0003300,134000119400569655,2025-07-30 18:34:49.860000,18:34:49.860000,2025,14-12(a),,Defective Lights,2025
2025-08-18 13:32:24.477000,7656438.0,CT0003300,Cromwell,Racial Profile,1000262,2500008841,Incident ID,2025-07-30 00:00:00,July,W,N,M,31,True,True,CROMWELL,Country Squire @ Berlin Road,  ,  ,V,G,1.0,0,14-299,,False,N,False,False,V,,,,,False,1.0,CT0003300,134000119400569655,2025-07-30 12:24:57.523000,12:24:57.523000,2025,14-299,,Traffic Control Signal,2025
2025-08-18 13:32:24.510000,7656448.0,CT0003300,Cromwell,Racial Profile,1000270,2500008871,Incident ID,2025-07-30 00:00:00,July,W,N,M,65,True,True,CROMWELL,field golf,  ,  ,V,G,1.0,0,14-301,,False,N,False,False,V,,,,,False,1.0,CT0003300,134000119400569655,2025-07-30 21:09:37.520000,21:09:37.520000,2025,14-301,,Stop Sign,2025
2025-08-18 13:32:24.393000,7656402.0,CT0003300,Cromwell,Racial Profile,1000250,2500008842,Incident ID,2025-07-30 00:00:00,July,B,N,M,46,True,True,Cromwell,Berlin Rd,  ,  ,V,G,2.0,1,14-12(a)*,,False,N,False,False,I,,,,,False,1.0,CT0003300,134000119400569655,2025-07-30 12:52:58.327000,12:52:58.327000,2025,14-213b,,Registration,2025
2025-08-18 13:32:24.507000,7656447.0,CT0003300,Cromwell,Racial Profile,1000270,2500008850,Incident ID,2025-07-30 00:00:00,July,W,N,M,72,True,True,CROMWELL,geer street,  ,  ,V,G,1.0,0,14-301,,False,N,False,False,V,,,,,False,1.0,CT0003300,134000119400569655,2025-07-30 17:03:34.577000,17:03:34.577000,2025,14-301,,Stop Sign,2025
2025-08-18 13:32:24.307000,7656364.0,CT0003300,Cromwell,Racial Profile,1000228,2500008833,Incident ID,2025-07-30 00:00:00,July,W,N,F,57,True,False,CROMWELL,Evergreen Rd. and Holly Hill Rd,  ,  ,V,G,1.0,0,14-301,,False,N,False,False,I,,,,,False,1.0,CT0003300,134000119400569655,2025-07-30 06:27:47.510000,06:27:47.510000,2025,14-301,,Stop Sign,2025
2025-08-18 13:32:24.363000,7656388.0,CT0003300,Cromwell,Racial Profile,1000247,2500008834,Incident ID,2025-07-30 00:00:00,July,W,N,F,27,True,True,CROMWELL,Evergreen Road,  ,  ,V,G,1.0,0,14-301,,False,N,False,False,V,,,,,False,1.0,CT0003300,134000119400569655,2025-07-30 06:30:17.070000,06:30:17.070000,2025,14-301,,Stop Sign,2025
2025-08-18 13:32:24.350000,7656381.0,CT0003300,Cromwell,Racial Profile,1000239,2500008903,Incident ID,2025-07-31 00:00:00,July,W,N,M,34,False,False,CROMWELL,Golf Club Road & Field Road ,  ,  ,V,G,1.0,0,14-301,,False,N,False,False,V,,,,,False,1.0,CT0003300,134000119400569655,2025-07-31 11:20:56.327000,11:20:56.327000,2025,14-301,,Stop Sign,2025
2025-09-18 13:29:19.563000,7731208.0,CT0003300,Cromwell,Racial Profile,1000215,2500008946,Incident ID,2025-08-01 00:00:00,August,W,N,M,28,True,False,CROMWELL,rte 99,  ,  ,V,B,1.0,0,14-218a,,False,N,False,False,V,,,,,False,1.0,CT0003300,134026901548035057,2025-08-01 18:59:19.297000,18:59:19.297000,2025,14-218a,,Speed Related,2025
2025-09-18 13:29:19.567000,7731209.0,CT0003300,Cromwell,Racial Profile,1000215,2500008948,Incident ID,2025-08-01 00:00:00,August,W,N,M,53,True,True,CROMWELL,RTE 99,  ,  ,V,B,1.0,0,14-218a,,False,N,False,False,V,,,,,False,1.0,CT0003300,134026901548035057,2025-08-01 19:10:53.707000,19:10:53.707000,2025,14-218a,,Speed Related,2025
2025-09-18 13:29:19.600000,7731221.0,CT0003300,Cromwell,Racial Profile,1000225,2500008926,Incident ID,2025-08-01 00:00:00,August,W,N,M,31,True,False,CROMWELL,Berlin Rd,  ,  ,E,G,1.0,0,14-96a(a),,False,N,False,False,V,,,,,False,1.0,CT0003300,134026901548035057,2025-08-01 05:03:52.880000,05:03:52.880000,2025,,,Defective Lights,2025
2025-09-18 13:29:19.700000,7731267.0,CT0003300,Cromwell,Racial Profile,1000250,2500008951,Incident ID,2025-08-01 00:00:00,August,W,N,M,63,True,False,CROMWELL,Court St,  ,  ,V,G,1.0,0,14-301,,False,N,False,False,V,,,,,False,1.0,CT0003300,134026901548035057,2025-08-01 19:44:51.833000,19:44:51.833000,2025,,,Stop Sign,2025
2025-09-18 13:29:19.567000,7731210.0,CT0003300,Cromwell,Racial Profile,1000215,2500008952,Incident ID,2025-08-01 00:00:00,August,W,N,F,30,True,False,CROMWELL,RTE 372,  ,  ,E,G,1.0,0,14-96y,,False,N,False,False,V,,,,,False,1.0,CT0003300,134026901548035057,2025-08-01 20:31:44.950000,20:31:44.950000,2025,14-96y,,Defective Lights,2025
2025-09-18 13:29:19.570000,7731211.0,CT0003300,Cromwell,Racial Profile,1000215,2500008954,Incident ID,2025-08-01 00:00:00,August,W,N,M,39,True,False,CROMWELL,rte 372 at i91 exit 21,  ,  ,V,G,1.0,0,14-299,,False,N,False,False,V,,,,,False,1.0,CT0003300,134026901548035057,2025-08-01 21:46:14.783000,21:46:14.783000,2025,14-299,,Traffic Control Signal,2025
2025-09-18 13:29:19.570000,7731212.0,CT0003300,Cromwell,Racial Profile,1000215,2500008955,Incident ID,2025-08-01 00:00:00,August,W,N,F,31,True,False,Cromwell,rte 372,  ,  ,E,G,1.0,0,14-96y,,False,N,False,False,I,,,,,False,1.0,CT0003300,134026901548035057,2025-08-01 22:07:59.457000,22:07:59.457000,2025,14-12(a)*,,Defective Lights,2025
2025-09-18 13:29:19.697000,7731266.0,CT0003300,Cromwell,Racial Profile,1000250,2500008950,Incident ID,2025-08-01 00:00:00,August,W,H,M,17,True,False,CROMWELL,Court St,  ,  ,V,G,1.0,0,14-301,,False,N,False,False,V,,,,,False,1.0,CT0003300,134026901548035057,2025-08-01 19:31:59.453000,19:31:59.453000,2025,,,Stop Sign,2025
2025-09-18 13:29:19.603000,7731223.0,CT0003300,Cromwell,Racial Profile,1000225,2500008989,Incident ID,2025-08-02 00:00:00,August,B,N,M,29,True,False,CROMWELL,Berlin Rd,  ,  ,V,G,1.0,0,14-296aa(b)1,,False,N,False,False,I,,,,,False,1.0,CT0003300,134026901548035057,2025-08-02 19:01:00.920000,19:01:00.920000,2025,,,Cell Phone,2025
2025-09-18 13:29:19.610000,7731226.0,CT0003300,Cromwell,Racial Profile,1000225,2500008997,Incident ID,2025-08-02 00:00:00,August,W,H,M,18,True,False,CROMWELL,Shunpike Rd,  ,  ,V,G,1.0,0,14-219b,,False,N,False,False,I,,,,,False,1.0,CT0003300,134026901548035057,2025-08-02 22:13:54.087000,22:13:54.087000,2025,,,Speed Related,2025
2025-09-18 13:29:19.607000,7731224.0,CT0003300,Cromwell,Racial Profile,1000225,2500008991,Incident ID,2025-08-02 00:00:00,August,W,N,F,54,True,False,CROMWELL,West St @ Stop and Shop,  ,  ,V,G,1.0,0,14-299,,False,N,False,False,I,,,,,False,1.0,CT0003300,134026901548035057,2025-08-02 19:31:47.203000,19:31:47.203000,2025,,,Traffic Control Signal,2025
2025-09-18 13:29:19.557000,7731204.0,CT0003300,Cromwell,Racial Profile,10110,2500008983,Incident ID,2025-08-02 00:00:00,August,W,N,F,44,True,False,CROMWELL,New Lane @ West Street,  ,  ,V,G,1.0,0,14-301,,False,N,False,False,V,,,,,False,1.0,CT0003300,134026901548035057,2025-08-02 10:33:43.693000,10:33:43.693000,2025,14-301,,Stop Sign,2025
2025-09-18 13:29:19.603000,7731222.0,CT0003300,Cromwell,Racial Profile,1000225,2500008980,Incident ID,2025-08-02 00:00:00,August,W,N,M,51,True,True,Cromwell,West St,  ,  ,E,G,1.0,0,14-96a(a),,False,N,False,False,V,,,,,False,1.0,CT0003300,134026901548035057,2025-08-02 04:26:28.487000,04:26:28.487000,2025,,,Defective Lights,2025
2025-09-18 13:29:19.610000,7731225.0,CT0003300,Cromwell,Racial Profile,1000225,2500008995,Incident ID,2025-08-02 00:00:00,August,B,N,F,56,True,False,CROMWELL,West St,  ,  ,V,G,1.0,0,14-218(a),,False,N,False,False,V,,,,,False,1.0,CT0003300,134026901548035057,2025-08-02 21:58:40.550000,21:58:40.550000,2025,,,Speed Related,2025
2025-09-18 13:29:19.640000,7731239.0,CT0003300,Cromwell,Racial Profile,1000230,2500009019,Incident ID,2025-08-03 00:00:00,August,W,N,M,33,True,False,CROMWELL,Berlin Rd @ Willowbrook Rd,  ,  ,V,B,1.0,0,14-12(a)*,,False,N,False,False,I,,,,,False,1.0,CT0003300,134026901548035057,2025-08-03 09:09:55.280000,09:09:55.280000,2025,14-12(a)*,,Registration,2025
2025-09-18 13:29:19.727000,7731279.0,CT0003300,Cromwell,Racial Profile,1000255,2500009035,Incident ID,2025-08-03 00:00:00,August,W,N,F,32,True,False,CROMWELL,Berlin Rd,  ,  ,V,G,1.0,0,14-12(a)*,,False,N,False,False,I,,,,,False,1.0,CT0003300,134026901548035057,2025-08-03 16:58:23.297000,16:58:23.297000,2025,,,Registration,2025
2025-09-18 13:29:19.613000,7731227.0,CT0003300,Cromwell,Racial Profile,1000225,2500009051,Incident ID,2025-08-04 00:00:00,August,W,N,M,65,True,False,CROMWELL,Shunpike Rd @ West St,  ,  ,V,G,1.0,0,14-299,,False,N,False,False,V,,,,,False,1.0,CT0003300,134026901548035057,2025-08-04 03:45:02.257000,03:45:02.257000,2025,,,Traffic Control Signal,2025
2025-09-18 13:29:19.643000,7731241.0,CT0003300,Cromwell,Racial Profile,1000234,2500009086,Incident ID,2025-08-04 00:00:00,August,W,N,F,25,True,False,Cromwell,Berlin Rd,  ,  ,E,G,1.0,0,14-96c,,False,N,False,False,V,,,,,False,1.0,CT0003300,134026901548035057,2025-08-04 21:31:20.927000,21:31:20.927000,2025,14-96c,,Defective Lights,2025
2025-09-18 13:29:19.747000,7731289.0,CT0003300,Cromwell,Racial Profile,1000258,2500009087,Incident ID,2025-08-04 00:00:00,August,W,N,M,61,True,True,CROMWELL,Shunpike Rd,  ,  ,E,G,1.0,0,14-96y,,False,N,False,False,I,,,,,False,1.0,CT0003300,134026901548035057,2025-08-04 21:46:54.507000,21:46:54.507000,2025,14-12(a)*,,Defective Lights,2025
2025-09-18 13:29:19.700000,7731268.0,CT0003300,Cromwell,Racial Profile,1000250,2500009079,Incident ID,2025-08-04 00:00:00,August,W,N,F,67,True,False,CROMWELL,Court St,  ,  ,V,G,1.0,0,14-301,,False,N,False,False,V,,,,,False,1.0,CT0003300,134026901548035057,2025-08-04 16:56:37.430000,16:56:37.430000,2025,,,Stop Sign,2025
2025-09-18 13:29:19.703000,7731269.0,CT0003300,Cromwell,Racial Profile,1000250,2500009109,Incident ID,2025-08-05 00:00:00,August,W,N,M,42,True,False,CROMWELL,Evergreen Rd,  ,  ,V,G,1.0,0,14-96e,,False,N,False,False,V,,,,,False,1.0,CT0003300,134026901548035057,2025-08-05 09:07:07.603000,09:07:07.603000,2025,,,Defective Lights,2025
2025-09-18 13:29:19.707000,7731270.0,CT0003300,Cromwell,Racial Profile,1000250,2500009159,Incident ID,2025-08-06 00:00:00,August,W,H,M,44,True,False,CROMWELL,West St ,  ,  ,V,G,1.0,0,14-96e,,False,N,False,False,V,,,,,False,1.0,CT0003300,134026901548035057,2025-08-06 12:39:19.920000,12:39:19.920000,2025,,,Defective Lights,2025
2025-09-18 13:29:19.803000,7731314.0,CT0003300,Cromwell,Racial Profile,1000271,2500009171,Incident ID,2025-08-07 00:00:00,August,W,N,F,53,False,False,CROMWELL,Berlin Road,  ,  ,V,G,1.0,0,14-236,,False,N,False,False,V,,,,,False,1.0,CT0003300,134026901548035057,2025-08-07 01:46:22.443000,01:46:22.443000,2025,14-236,,Moving Violation,2025
2025-09-18 13:29:19.670000,7731253.0,CT0003300,Cromwell,Racial Profile,1000239,2500009218,Incident ID,2025-08-08 00:00:00,August,W,N,M,78,True,False,CROMWELL,Berlin Road Ext & West Street ,  ,  ,V,G,1.0,0,14-299,,False,N,False,False,V,,,,,False,1.0,CT0003300,134026901548035057,2025-08-08 12:19:53.417000,12:19:53.417000,2025,14-299,,Traffic Control Signal,2025
2025-09-18 13:29:19.807000,7731315.0,CT0003300,Cromwell,Racial Profile,1000271,2500009194,Incident ID,2025-08-08 00:00:00,August,W,N,M,18,True,False,CROMWELL,Berlin Road,  ,  ,V,G,1.0,0,14-96a(a),,False,N,False,False,V,,,,,False,1.0,CT0003300,134026901548035057,2025-08-08 00:22:17.083000,00:22:17.083000,2025,14-96a(a),,Defective Lights,2025
2025-09-18 13:29:19.670000,7731254.0,CT0003300,Cromwell,Racial Profile,1000239,2500009226,Incident ID,2025-08-08 00:00:00,August,W,H,M,42,True,False,CROMWELL,West St & Berlin Road Ext ,  ,  ,V,B,1.0,0,14-12(a)*,,False,N,False,False,V,,,,,False,1.0,CT0003300,134026901548035057,2025-08-08 20:00:34.880000,20:00:34.880000,2025,14-12(a)*,,Registration,2025
2025-09-18 13:29:19.750000,7731290.0,CT0003300,Cromwell,Racial Profile,1000258,2500009228,Incident ID,2025-08-08 00:00:00,August,W,N,F,60,True,True,CROMWELL,Berlin Road,  ,  ,E,G,1.0,0,14-96y,,False,N,False,False,I,,,,,False,1.0,CT0003300,134026901548035057,2025-08-08 22:07:19.513000,22:07:19.513000,2025,14-12(a)*,,Defective Lights,2025
2025-09-18 13:29:19.760000,7731293.0,CT0003300,Cromwell,Racial Profile,1000260,2500009227,Incident ID,2025-08-08 00:00:00,August,W,H,F,30,False,False,CROMWELL,west/9,  ,  ,V,G,1.0,0,14-299,,False,N,False,False,V,,,,,False,1.0,CT0003300,134026901548035057,2025-08-08 21:28:07.760000,21:28:07.760000,2025,14-299,,Traffic Control Signal,2025
2025-09-18 13:29:19.710000,7731271.0,CT0003300,Cromwell,Racial Profile,1000250,2500009221,Incident ID,2025-08-08 00:00:00,August,W,M,M,35,True,True,CROMWELL,Berlin Rd,  ,  ,V,G,2.0,0,14-147(c),,False,N,False,False,I,,,,,False,1.0,CT0003300,134026901548035057,2025-08-08 15:28:42.673000,15:28:42.673000,2025,14-213b,,Administrative Offense,2025
2025-09-18 13:29:19.573000,7731213.0,CT0003300,Cromwell,Racial Profile,1000215,2500009253,Incident ID,2025-08-09 00:00:00,August,W,N,F,31,True,False,CROMWELL,coles rd,  ,  ,V,B,1.0,0,14-218a,,False,N,False,False,V,,,,,False,1.0,CT0003300,134026901548035057,2025-08-09 10:05:44.967000,10:05:44.967000,2025,14-218a,,Speed Related,2025
2025-09-18 13:29:19.730000,7731280.0,CT0003300,Cromwell,Racial Profile,1000255,2500009289,Incident ID,2025-08-10 00:00:00,August,W,H,F,48,True,True,CROMWELL,Berlin Rd,  ,  ,V,G,1.0,0,14-12(a)*,,False,N,False,False,I,,,,,False,1.0,CT0003300,134026901548035057,2025-08-10 17:41:36.450000,17:41:36.450000,2025,,,Registration,2025
2025-09-18 13:29:19.673000,7731255.0,CT0003300,Cromwell,Racial Profile,1000245,2500009278,Incident ID,2025-08-10 00:00:00,August,W,N,M,78,True,True,CROMWELL,EVERGREEN/HIGH RIDGE,  ,  ,V,B,1.0,0,14-301,,False,N,False,False,V,,,,,False,1.0,CT0003300,134026901548035057,2025-08-10 11:04:47.217000,11:04:47.217000,2025,,,Stop Sign,2025
2025-09-18 13:29:19.673000,7731256.0,CT0003300,Cromwell,Racial Profile,1000245,2500009279,Incident ID,2025-08-10 00:00:00,August,W,N,F,49,True,True,CROMWELL,EVERGREEN/HIGH RIDGE,  ,  ,V,B,1.0,0,14-301,,False,N,False,False,V,,,,,False,1.0,CT0003300,134026901548035057,2025-08-10 11:08:27.547000,11:08:27.547000,2025,,,Stop Sign,2025
2025-09-18 13:29:19.680000,7731257.0,CT0003300,Cromwell,Racial Profile,1000245,2500009280,Incident ID,2025-08-10 00:00:00,August,W,N,M,39,True,True,CROMWELL,EVERGREEN/HIGH RIDGE,  ,  ,V,B,1.0,0,14-301,,False,N,False,False,V,,,,,False,1.0,CT0003300,134026901548035057,2025-08-10 11:33:11.403000,11:33:11.403000,2025,,,Stop Sign,2025
2025-09-18 13:29:19.827000,7731326.0,CT0003300,Cromwell,Racial Profile,1000273,2500009336,Incident ID,2025-08-11 00:00:00,August,W,N,M,24,False,False,CROMWELL,Alltown Parking lot,  ,  ,E,B,1.0,0,14-96a(a),,False,N,False,False,V,,,,,False,1.0,CT0003300,134026901548035057,2025-08-11 23:28:24.723000,23:28:24.723000,2025,,,Defective Lights,2025
2025-09-18 13:29:19.553000,7731203.0,CT0003300,Cromwell,Racial Profile,10106,2500009334,Incident ID,2025-08-11 00:00:00,August,W,N,M,26,True,False,CROMWELL,Rt 372,  ,  ,V,G,1.0,0,14-242(d),,False,N,False,False,I,,,,,False,1.0,CT0003300,134026901548035057,2025-08-11 21:46:11.150000,21:46:11.150000,2025,14-100a(c)(1),,Moving Violation,2025
2025-09-18 13:29:19.773000,7731299.0,CT0003300,Cromwell,Racial Profile,1000262,2500009315,Incident ID,2025-08-11 00:00:00,August,W,N,M,28,True,False,CROMWELL,Evergreen @ High Ridge,  ,  ,V,G,2.0,0,14-301,,False,N,False,False,I,,,,,False,1.0,CT0003300,134026901548035057,2025-08-11 11:26:58.150000,11:26:58.150000,2025,14-301,,Stop Sign,2025
2025-09-18 13:29:19.680000,7731258.0,CT0003300,Cromwell,Racial Profile,1000245,2500009314,Incident ID,2025-08-11 00:00:00,August,W,N,M,52,True,False,CROMWELL,Court St,  ,  ,V,G,1.0,0,14-301,,False,N,False,False,V,,,,,False,1.0,CT0003300,134026901548035057,2025-08-11 10:15:39.377000,10:15:39.377000,2025,14-301,,Stop Sign,2025
2025-09-18 13:29:19.823000,7731325.0,CT0003300,Cromwell,Racial Profile,1000273,2500009313,Incident ID,2025-08-11 00:00:00,August,W,N,F,51,True,True,CROMWELL,Geer @ Court,  ,  ,V,B,1.0,0,14-301,,False,N,False,False,V,,,,,False,1.0,CT0003300,134026901548035057,2025-08-11 06:15:20.367000,06:15:20.367000,2025,14-218a,,Stop Sign,2025
2025-09-18 13:29:19.647000,7731242.0,CT0003300,Cromwell,Racial Profile,1000234,2500009373,Incident ID,2025-08-12 00:00:00,August,W,N,M,0,True,True,Cromwell,Berlin Rd,  ,  ,I,G,1.0,0,01-000,,False,N,False,False,N,,,,,False,1.0,CT0003300,134026901548035057,2025-08-12 22:19:06.850000,22:19:06.850000,2025,01-000,,Other,2025
2025-09-18 13:29:19.753000,7731291.0,CT0003300,Cromwell,Racial Profile,1000258,2500009370,Incident ID,2025-08-12 00:00:00,August,A,M,M,30,False,False,CROMWELL,Berlin Rd,  ,  ,V,G,1.0,0,14-236,,False,N,False,False,V,,,,,False,1.0,CT0003300,134026901548035057,2025-08-12 21:20:24.440000,21:20:24.440000,2025,,,Moving Violation,2025
2025-09-18 13:29:19.760000,7731294.0,CT0003300,Cromwell,Racial Profile,1000260,2500009371,Incident ID,2025-08-12 00:00:00,August,W,N,F,55,True,False,CROMWELL,Berlin Rd,  ,  ,V,G,1.0,0,14-215(a),,False,N,False,False,M,,,,,False,1.0,CT0003300,134026901548035057,2025-08-12 21:35:54.480000,21:35:54.480000,2025,,,Administrative Offense,2025
2025-09-18 13:29:19.560000,7731207.0,CT0003300,Cromwell,Racial Profile,10306,2500009369,Incident ID,2025-08-12 00:00:00,August,W,N,F,34,True,False,CROMWELL,West St/Shunpike Rd,  ,  ,V,G,1.0,0,14-12(a)*,,False,N,False,False,I,,,,,False,1.0,CT0003300,134026901548035057,2025-08-12 21:02:06.077000,21:02:06.077000,2025,,,Registration,2025
2025-09-18 13:29:19.647000,7731243.0,CT0003300,Cromwell,Racial Profile,1000234,2500009403,Incident ID,2025-08-13 00:00:00,August,W,N,M,17,True,True,CROMWELL,Shunpike Rd,  ,  ,E,G,1.0,0,14-96a(a),,False,N,False,False,V,,,,,False,1.0,CT0003300,134026901548035057,2025-08-13 21:16:38.120000,21:16:38.120000,2025,14-12(a)*,,Defective Lights,2025
2025-09-18 13:29:19.617000,7731228.0,CT0003300,Cromwell,Racial Profile,1000225,2500009379,Incident ID,2025-08-13 00:00:00,August,W,N,M,60,True,True,CROMWELL,Shunpike Rd @ Court St,  ,  ,V,G,1.0,0,14-299,,False,N,False,False,V,,,,,False,1.0,CT0003300,134026901548035057,2025-08-13 05:22:49.560000,05:22:49.560000,2025,,,Traffic Control Signal,2025
2025-09-18 13:29:19.773000,7731300.0,CT0003300,Cromwell,Racial Profile,1000262,2500009388,Incident ID,2025-08-13 00:00:00,August,W,N,M,24,True,True,CROMWELL,Holly Hill @ Evergreen,  ,  ,V,G,1.0,0,14-301,,False,N,False,False,V,,,,,False,1.0,CT0003300,134026901548035057,2025-08-13 12:32:05.777000,12:32:05.777000,2025,14-301,,Stop Sign,2025
2025-09-18 13:29:19.777000,7731301.0,CT0003300,Cromwell,Racial Profile,1000262,2500009389,Incident ID,2025-08-13 00:00:00,August,B,M,M,29,True,False,CROMWELL,High Ridge @ Evergreen,  ,  ,V,G,1.0,0,14-301,,False,N,False,False,V,,,,,False,1.0,CT0003300,134026901548035057,2025-08-13 12:40:26.160000,12:40:26.160000,2025,14-301,,Stop Sign,2025
2025-09-18 13:29:19.807000,7731316.0,CT0003300,Cromwell,Racial Profile,1000271,2500009374,Incident ID,2025-08-13 00:00:00,August,B,N,M,19,True,False,Cromwell,West Street,  ,  ,V,G,1.0,0,14-96a(a),,False,N,False,False,V,,,,,False,1.0,CT0003300,134026901548035057,2025-08-13 00:18:58.463000,00:18:58.463000,2025,14-96a(a),,Defective Lights,2025
2025-09-18 13:29:19.577000,7731214.0,CT0003300,Cromwell,Racial Profile,1000215,2500009412,Incident ID,2025-08-14 00:00:00,August,A,M,F,42,False,False,CROMWELL,rte 3,  ,  ,E,G,1.0,0,14-96y,,False,N,False,False,V,,,,,False,1.0,CT0003300,134026901548035057,2025-08-14 04:25:50.007000,04:25:50.007000,2025,14-96y,,Defective Lights,2025
2025-09-18 13:29:19.710000,7731272.0,CT0003300,Cromwell,Racial Profile,1000250,2500009415,Incident ID,2025-08-14 00:00:00,August,W,N,M,61,True,False,CROMWELL,Berlin Rd,  ,  ,V,G,1.0,0,14-236,,False,N,False,False,V,,,,,False,1.0,CT0003300,134026901548035057,2025-08-14 07:49:45.100000,07:49:45.100000,2025,,,Moving Violation,2025
2025-09-18 13:29:19.780000,7731302.0,CT0003300,Cromwell,Racial Profile,1000262,2500009450,Incident ID,2025-08-15 00:00:00,August,W,N,M,26,True,True,CROMWELL,Country Squire @ Berlin Road,  ,  ,V,G,1.0,0,14-299,,False,N,False,False,V,,,,,False,1.0,CT0003300,134026901548035057,2025-08-15 06:18:20.670000,06:18:20.670000,2025,14-299,,Traffic Control Signal,2025
2025-09-18 13:29:19.713000,7731273.0,CT0003300,Cromwell,Racial Profile,1000250,2500009463,Incident ID,2025-08-15 00:00:00,August,W,N,M,53,True,True,CROMWELL,Berlin Rd,  ,  ,V,G,1.0,0,14-96e,,False,N,False,False,I,,,,,False,1.0,CT0003300,134026901548035057,2025-08-15 12:11:24.813000,12:11:24.813000,2025,14-18(a),,Defective Lights,2025
2025-09-18 13:29:19.830000,7731327.0,CT0003300,Cromwell,Racial Profile,1000273,2500009483,Incident ID,2025-08-15 00:00:00,August,W,N,M,72,True,True,CROMWELL,Woodside at Court,  ,  ,E,B,1.0,0,14-96c,,False,N,False,False,V,,,,,False,1.0,CT0003300,134026901548035057,2025-08-15 21:14:53.080000,21:14:53.080000,2025,,,Defective Lights,2025
2025-09-18 13:29:19.810000,7731317.0,CT0003300,Cromwell,Racial Profile,1000271,2500009494,Incident ID,2025-08-16 00:00:00,August,B,N,M,25,True,False,Cromwell,wEST @ STOP & SHOP,  ,  ,V,G,1.0,0,14-299,,False,N,False,False,V,,,,,False,1.0,CT0003300,134026901548035057,2025-08-16 03:30:02.937000,03:30:02.937000,2025,,,Traffic Control Signal,2025
2025-09-18 13:29:19.730000,7731281.0,CT0003300,Cromwell,Racial Profile,1000255,2500009542,Incident ID,2025-08-17 00:00:00,August,W,N,F,28,True,False,CROMWELL,West St,  ,  ,E,G,1.0,0,14-96e,,False,N,False,False,V,,,,,False,1.0,CT0003300,134026901548035057,2025-08-17 15:48:57.670000,15:48:57.670000,2025,,,Defective Lights,2025
2025-09-18 13:29:19.763000,7731295.0,CT0003300,Cromwell,Racial Profile,1000260,2500009564,Incident ID,2025-08-18 00:00:00,August,W,N,F,62,True,True,CROMWELL,berlin/industrial park,  ,  ,V,G,1.0,0,14-12(a),,False,N,False,False,V,,,,,False,1.0,CT0003300,134026901548035057,2025-08-18 12:59:16.263000,12:59:16.263000,2025,14-12(a),,Registration,2025
2025-09-18 13:29:19.650000,7731244.0,CT0003300,Cromwell,Racial Profile,1000234,2500009586,Incident ID,2025-08-18 00:00:00,August,W,H,F,43,False,False,CROMWELL,Shunpike Rd,  ,  ,E,G,1.0,0,14-96c,,False,N,False,False,V,,,,,False,1.0,CT0003300,134026901548035057,2025-08-18 20:45:52.247000,20:45:52.247000,2025,14-96c,,Defective Lights,2025
2025-09-18 13:29:19.653000,7731245.0,CT0003300,Cromwell,Racial Profile,1000234,2500009588,Incident ID,2025-08-18 00:00:00,August,W,N,F,19,False,False,CROMWELL,Berlin Rd.,  ,  ,V,G,1.0,0,14-299,,False,N,False,False,V,,,,,False,1.0,CT0003300,134026901548035057,2025-08-18 21:33:24.490000,21:33:24.490000,2025,14-299,,Traffic Control Signal,2025
2025-09-18 13:29:19.733000,7731282.0,CT0003300,Cromwell,Racial Profile,1000255,2500009641,Incident ID,2025-08-19 00:00:00,August,W,N,F,63,True,True,CROMWELL,Washington Rd,  ,  ,V,G,1.0,0,14-301,,False,N,False,False,V,,,,,False,1.0,CT0003300,134026901548035057,2025-08-19 18:18:58.403000,18:18:58.403000,2025,,,Stop Sign,2025
2025-09-18 13:29:19.757000,7731292.0,CT0003300,Cromwell,Racial Profile,1000258,2500009644,Incident ID,2025-08-19 00:00:00,August,B,M,M,47,True,False,CROMWELL,Berlin Rd,  ,  ,V,G,1.0,0,14-236,,False,N,False,False,V,,,,,False,1.0,CT0003300,134026901548035057,2025-08-19 20:52:41.623000,20:52:41.623000,2025,,,Moving Violation,2025
2025-09-18 13:29:19.763000,7731296.0,CT0003300,Cromwell,Racial Profile,1000260,2500009686,Incident ID,2025-08-20 00:00:00,August,W,N,M,51,True,False,CROMWELL,berlin/hammerhead,  ,  ,V,G,1.0,0,14-242(d),,False,N,False,False,V,,,,,False,1.0,CT0003300,134026901548035057,2025-08-20 20:11:18.383000,20:11:18.383000,2025,14-242(d),,Moving Violation,2025
2025-09-18 13:29:19.653000,7731246.0,CT0003300,Cromwell,Racial Profile,1000234,2500009712,Incident ID,2025-08-21 00:00:00,August,W,N,M,41,True,False,CROMWELL,Berlin Rd,  ,  ,V,G,1.0,0,14-12(a)*,,False,N,False,False,I,,,,,False,1.0,CT0003300,134026901548035057,2025-08-21 23:01:18.227000,23:01:18.227000,2025,14-12(a)*,,Registration,2025
2025-09-18 13:29:19.717000,7731274.0,CT0003300,Cromwell,Racial Profile,1000250,2500009706,Incident ID,2025-08-21 00:00:00,August,W,H,F,29,True,False,CROMWELL,West St ,  ,  ,V,G,2.0,0,14-242(d),,False,N,False,False,V,,,,,False,1.0,CT0003300,134026901548035057,2025-08-21 11:53:34.277000,11:53:34.277000,2025,,,Moving Violation,2025
2025-09-18 13:29:19.810000,7731318.0,CT0003300,Cromwell,Racial Profile,1000271,2500009713,Incident ID,2025-08-22 00:00:00,August,W,H,F,28,True,False,CROMWELL,Berlin Road//East Street,  ,  ,V,G,1.0,0,14-299,,False,N,False,False,V,,,,,False,1.0,CT0003300,134026901548035057,2025-08-22 00:46:06.420000,00:46:06.420000,2025,14-299,,Traffic Control Signal,2025
2025-09-18 13:29:19.830000,7731328.0,CT0003300,Cromwell,Racial Profile,1000273,2500009786,Incident ID,2025-08-23 00:00:00,August,W,N,M,26,False,False,CROMWELL,Shunpike RD,  ,  ,V,B,1.0,0,14-301,,False,N,False,False,I,,,,,False,1.0,CT0003300,134026901548035057,2025-08-23 21:55:10.883000,21:55:10.883000,2025,14-36(a),,Stop Sign,2025
2025-09-18 13:29:19.793000,7731309.0,CT0003300,Cromwell,Racial Profile,1000265,2500009781,Incident ID,2025-08-23 00:00:00,August,W,N,M,46,True,False,CROMWELL,West st,  ,  ,V,G,1.0,0,14-12(a)*,,False,N,False,False,I,,,,,False,1.0,CT0003300,134026901548035057,2025-08-23 18:50:03.567000,18:50:03.567000,2025,,,Registration,2025
2025-09-18 13:29:19.813000,7731319.0,CT0003300,Cromwell,Racial Profile,1000271,2500009763,Incident ID,2025-08-23 00:00:00,August,B,N,M,32,True,False,Cromwell,Berlin Road,  ,  ,E,G,3.0,1,14-96y,,True,O,False,True,M,,,,,False,1.0,CT0003300,134026901548035057,2025-08-23 01:45:57.353000,01:45:57.353000,2025,14-227a,,Defective Lights,2025
2025-09-18 13:29:19.797000,7731310.0,CT0003300,Cromwell,Racial Profile,1000265,2500009816,Incident ID,2025-08-24 00:00:00,August,B,M,F,23,True,False,CROMWELL,Berlin Rd,  ,  ,V,G,2.0,1,14-215,,False,N,False,False,M,,,,,False,1.0,CT0003300,134026901548035057,2025-08-24 18:11:35.040000,18:11:35.040000,2025,14-36(a),,Administrative Offense,2025
2025-09-18 13:29:19.813000,7731320.0,CT0003300,Cromwell,Racial Profile,1000271,2500009792,Incident ID,2025-08-24 00:00:00,August,B,N,M,50,True,False,CROMWELL,Berlin Road,  ,  ,V,G,2.0,0,14-230,,False,N,False,False,V,,,,,False,1.0,CT0003300,134026901548035057,2025-08-24 01:46:28.433000,01:46:28.433000,2025,14-230,,Moving Violation,2025
2025-09-18 13:29:19.717000,7731275.0,CT0003300,Cromwell,Racial Profile,1000250,2500009811,Incident ID,2025-08-24 00:00:00,August,W,N,F,49,True,True,CROMWELL,West St ,  ,  ,V,G,1.0,0,14-147(c),,False,N,False,False,I,,,,,False,1.0,CT0003300,134026901548035057,2025-08-24 11:37:34.757000,11:37:34.757000,2025,,,Administrative Offense,2025
2025-09-18 13:29:19.780000,7731303.0,CT0003300,Cromwell,Racial Profile,1000262,2500009807,Incident ID,2025-08-24 00:00:00,August,W,N,M,50,True,True,Cromwell,Willowbrook @ RTE 372,  ,  ,V,G,1.0,0,14-299,,False,N,False,False,N,,,,,False,1.0,CT0003300,134026901548035057,2025-08-24 10:39:46.797000,10:39:46.797000,2025,14-299,,Traffic Control Signal,2025
2025-09-18 13:29:19.660000,7731248.0,CT0003300,Cromwell,Racial Profile,1000234,2500009871,Incident ID,2025-08-25 00:00:00,August,W,H,M,22,True,False,CROMWELL,Berlin rd,  ,  ,E,G,1.0,0,14-96y,,False,N,False,False,V,,,,,False,1.0,CT0003300,134026901548035057,2025-08-25 22:27:29.287000,22:27:29.287000,2025,14-96y,,Defective Lights,2025
2025-09-18 13:29:19.683000,7731259.0,CT0003300,Cromwell,Racial Profile,1000245,2500009850,Incident ID,2025-08-25 00:00:00,August,W,N,F,43,True,True,CROMWELL,Evergreen Rd,  ,  ,V,G,1.0,0,14-301,,False,N,False,False,V,,,,,False,1.0,CT0003300,134026901548035057,2025-08-25 11:35:43.100000,11:35:43.100000,2025,14-301,,Stop Sign,2025
2025-09-18 13:29:19.687000,7731260.0,CT0003300,Cromwell,Racial Profile,1000245,2500009856,Incident ID,2025-08-25 00:00:00,August,W,M,F,33,True,False,CROMWELL,Coles Rd,  ,  ,V,G,1.0,0,14-218a,,False,N,False,False,I,,,,,False,1.0,CT0003300,134026901548035057,2025-08-25 15:05:01.580000,15:05:01.580000,2025,14-218a,,Speed Related,2025
2025-09-18 13:29:19.630000,7731235.0,CT0003300,Cromwell,Racial Profile,1000228,2500009846,Incident ID,2025-08-25 00:00:00,August,W,N,F,39,True,True,CROMWELL,Coles Rd,  ,  ,V,B,1.0,0,14-218a,,False,N,False,False,V,,,,,False,1.0,CT0003300,134026901548035057,2025-08-25 07:16:42.870000,07:16:42.870000,2025,14-218a,,Speed Related,2025
2025-09-18 13:29:19.630000,7731236.0,CT0003300,Cromwell,Racial Profile,1000228,2500009873,Incident ID,2025-08-25 00:00:00,August,B,N,M,22,True,False,CROMWELL,West St and Berlin Rd,  ,  ,E,G,1.0,0,14-96a(a),,False,N,False,False,V,,,,,False,1.0,CT0003300,134026901548035057,2025-08-25 23:28:33.907000,23:28:33.907000,2025,14-96a(a),,Defective Lights,2025
2025-09-18 13:29:19.657000,7731247.0,CT0003300,Cromwell,Racial Profile,1000234,2500009870,Incident ID,2025-08-25 00:00:00,August,W,H,F,57,True,False,CROMWELL,Berlin Rd,  ,  ,V,G,2.0,0,14-242(d),,False,N,False,False,I,,,,,False,1.0,CT0003300,134026901548035057,2025-08-25 21:55:31.380000,21:55:31.380000,2025,14-36(a),,Moving Violation,2025
2025-09-18 13:29:19.660000,7731249.0,CT0003300,Cromwell,Racial Profile,1000234,2500009872,Incident ID,2025-08-25 00:00:00,August,W,H,M,25,True,False,CROMWELL,Berlin Rd,  ,  ,V,G,3.0,1,14-12(a)*,,False,N,False,False,I,,,,,False,1.0,CT0003300,134026901548035057,2025-08-25 22:45:56.400000,22:45:56.400000,2025,14-213b,,Registration,2025
2025-09-18 13:29:19.737000,7731283.0,CT0003300,Cromwell,Racial Profile,1000255,2500009869,Incident ID,2025-08-25 00:00:00,August,W,N,F,18,True,False,CROMWELL,West St,  ,  ,E,G,1.0,0,14-96a(a),,False,N,False,False,V,,,,,False,1.0,CT0003300,134026901548035057,2025-08-25 21:27:48.373000,21:27:48.373000,2025,,,Defective Lights,2025
2025-09-18 13:29:19.720000,7731276.0,CT0003300,Cromwell,Racial Profile,1000250,2500009854,Incident ID,2025-08-25 00:00:00,August,A,N,M,41,True,False,CROMWELL,West St,  ,  ,V,G,1.0,0,14-96e,,False,N,False,False,V,,,,,False,1.0,CT0003300,134026901548035057,2025-08-25 13:58:45.277000,13:58:45.277000,2025,,,Defective Lights,2025
2025-09-18 13:29:19.637000,7731237.0,CT0003300,Cromwell,Racial Profile,1000228,2500009888,Incident ID,2025-08-26 00:00:00,August,W,N,F,73,True,False,CROMWELL,East St. and Berlin Rd,  ,  ,V,G,1.0,0,14-299,,False,N,False,False,W,,,,,False,1.0,CT0003300,134026901548035057,2025-08-26 05:30:53.697000,05:30:53.697000,2025,14-299,,Traffic Control Signal,2025
2025-09-18 13:29:19.663000,7731250.0,CT0003300,Cromwell,Racial Profile,1000234,2500009932,Incident ID,2025-08-26 00:00:00,August,W,N,M,49,True,True,CROMWELL,West St.,  ,  ,E,G,1.0,0,14-96c,,False,N,False,False,N,,,,,False,1.0,CT0003300,134026901548035057,2025-08-26 22:54:37.867000,22:54:37.867000,2025,14-96c,,Defective Lights,2025
2025-09-18 13:29:19.557000,7731205.0,CT0003300,Cromwell,Racial Profile,10110,2500009897,Incident ID,2025-08-26 00:00:00,August,B,M,F,24,True,False,CROMWELL,Shunpike Rd. @ entrance / exit of Cromwell Square,  ,  ,V,G,1.0,0,14-301,,False,N,False,False,V,,,,,False,1.0,CT0003300,134026901548035057,2025-08-26 11:26:48.267000,11:26:48.267000,2025,14-301,,Stop Sign,2025
2025-09-18 13:29:19.623000,7731232.0,CT0003300,Cromwell,Racial Profile,1000225,2500009990,Incident ID,2025-08-27 00:00:00,August,W,H,M,32,True,False,CROMWELL,Main St,  ,  ,V,G,1.0,0,14-218(a),,False,N,False,False,I,,,,,False,1.0,CT0003300,134026901548035057,2025-08-27 21:46:42.153000,21:46:42.153000,2025,,,Speed Related,2025
2025-09-18 13:29:19.640000,7731240.0,CT0003300,Cromwell,Racial Profile,1000230,2500009969,Incident ID,2025-08-27 00:00:00,August,W,N,F,51,True,True,Cromwell,Main Street at Fitsch,  ,  ,V,B,1.0,0,14-279,,False,N,False,False,V,,,,,False,1.0,CT0003300,134026901548035057,2025-08-27 15:57:35.480000,15:57:35.480000,2025,14-279,,Other,2025
2025-09-18 13:29:19.627000,7731233.0,CT0003300,Cromwell,Racial Profile,1000225,2500009991,Incident ID,2025-08-27 00:00:00,August,W,N,F,45,True,False,CROMWELL,Berlin Rd,  ,  ,E,G,1.0,0,14-96a(a),,False,N,False,False,V,,,,,False,1.0,CT0003300,134026901548035057,2025-08-27 22:22:45.110000,22:22:45.110000,2025,,,Defective Lights,2025
2025-09-18 13:29:19.663000,7731251.0,CT0003300,Cromwell,Racial Profile,1000234,2500009987,Incident ID,2025-08-27 00:00:00,August,B,H,M,38,True,False,CROMWELL,Berlin Rd,  ,  ,V,G,3.0,0,14-215(a),,False,N,False,False,M,,,,,False,1.0,CT0003300,134026901548035057,2025-08-27 20:29:08.150000,20:29:08.150000,2025,14-213b,,Administrative Offense,2025
2025-09-18 13:29:19.687000,7731261.0,CT0003300,Cromwell,Racial Profile,1000245,2500009956,Incident ID,2025-08-27 00:00:00,August,W,N,F,42,True,True,CROMWELL,Washington Rd,  ,  ,V,G,1.0,0,14-296aa(b),,False,N,False,False,V,,,,,False,1.0,CT0003300,134026901548035057,2025-08-27 11:45:55.163000,11:45:55.163000,2025,14-296aa(b),,Cell Phone,2025
2025-09-18 13:29:19.620000,7731230.0,CT0003300,Cromwell,Racial Profile,1000225,2500009985,Incident ID,2025-08-27 00:00:00,August,W,N,M,35,True,False,CROMWELL,Berlin Rd @ Sebethe Dr,  ,  ,V,G,1.0,0,14-296aa(b)1,,False,N,False,False,I,,,,,False,1.0,CT0003300,134026901548035057,2025-08-27 18:59:22.360000,18:59:22.360000,2025,,,Cell Phone,2025
2025-09-18 13:29:19.620000,7731231.0,CT0003300,Cromwell,Racial Profile,1000225,2500009989,Incident ID,2025-08-27 00:00:00,August,W,N,M,28,True,True,CROMWELL,Main St,  ,  ,V,G,1.0,0,14-218a,,False,N,False,False,I,,,,,False,1.0,CT0003300,134026901548035057,2025-08-27 21:33:38.847000,21:33:38.847000,2025,,,Speed Related,2025
2025-09-18 13:29:19.617000,7731229.0,CT0003300,Cromwell,Racial Profile,1000225,2500009981,Incident ID,2025-08-27 00:00:00,August,W,N,F,49,True,False,Cromwell,West St,  ,  ,V,G,1.0,0,14-296aa(b)1,,False,N,False,False,I,,,,,False,1.0,CT0003300,134026901548035057,2025-08-27 18:04:43.960000,18:04:43.960000,2025,,,Cell Phone,2025
2025-09-18 13:29:19.627000,7731234.0,CT0003300,Cromwell,Racial Profile,1000225,2500009992,Incident ID,2025-08-27 00:00:00,August,W,N,M,32,True,False,CROMWELL,Berlin Rd @ Industrial Park Rd,  ,  ,V,G,1.0,0,14-299,,False,N,False,False,V,,,,,False,1.0,CT0003300,134026901548035057,2025-08-27 22:30:28.330000,22:30:28.330000,2025,,,Traffic Control Signal,2025
2025-09-18 13:29:19.580000,7731216.0,CT0003300,Cromwell,Racial Profile,1000215,2500010035,Incident ID,2025-08-28 00:00:00,August,W,N,F,43,True,True,CROMWELL,rte 372,  ,  ,V,G,1.0,0,14-12(a)*,,False,N,False,False,V,,,,,False,1.0,CT0003300,134026901548035057,2025-08-28 19:33:36.430000,19:33:36.430000,2025,14-12(a)*,,Registration,2025
2025-09-18 13:29:19.583000,7731218.0,CT0003300,Cromwell,Racial Profile,1000215,2500010042,Incident ID,2025-08-28 00:00:00,August,B,N,M,38,True,False,CROMWELL,RTE 372,  ,  ,E,G,1.0,0,14-96y,,False,N,False,False,V,,,,,False,1.0,CT0003300,134026901548035057,2025-08-28 21:49:31.090000,21:49:31.090000,2025,14-96y,,Defective Lights,2025
2025-09-18 13:29:19.690000,7731262.0,CT0003300,Cromwell,Racial Profile,1000245,2500010009,Incident ID,2025-08-28 00:00:00,August,W,N,M,30,False,False,CROMWELL,Berlin Rd,  ,  ,V,G,1.0,0,14-247,,False,N,False,False,V,,,,,False,1.0,CT0003300,134026901548035057,2025-08-28 09:49:31.343000,09:49:31.343000,2025,14-247,,Moving Violation,2025
2025-09-18 13:29:19.580000,7731217.0,CT0003300,Cromwell,Racial Profile,1000215,2500010039,Incident ID,2025-08-28 00:00:00,August,W,N,M,57,True,False,CROMWELL,rte 372 @ i 91,  ,  ,V,G,1.0,0,14-299,,False,N,False,False,V,,,,,False,1.0,CT0003300,134026901548035057,2025-08-28 21:04:12.120000,21:04:12.120000,2025,14-299,,Traffic Control Signal,2025
2025-09-18 13:29:19.637000,7731238.0,CT0003300,Cromwell,Racial Profile,1000228,2500009996,Incident ID,2025-08-28 00:00:00,August,W,N,M,22,True,False,CROMWELL,Berlin Rd. and East St.,  ,  ,V,G,1.0,0,14-299,,False,N,False,False,V,,,,,False,1.0,CT0003300,134026901548035057,2025-08-28 01:22:49.903000,01:22:49.903000,2025,14-299,,Traffic Control Signal,2025
2025-09-18 13:29:19.667000,7731252.0,CT0003300,Cromwell,Racial Profile,1000234,2500010040,Incident ID,2025-08-28 00:00:00,August,W,N,M,18,True,False,Cromwell,Berlin Rd.,  ,  ,V,G,1.0,0,14-232(b),,False,N,False,False,I,,,,,False,1.0,CT0003300,134026901548035057,2025-08-28 21:16:56.043000,21:16:56.043000,2025,14-12(a)*,,Moving Violation,2025
2025-09-18 13:29:19.817000,7731321.0,CT0003300,Cromwell,Racial Profile,1000271,2500009994,Incident ID,2025-08-28 00:00:00,August,W,N,F,30,True,False,CROMWELL,Main Street,  ,  ,V,G,3.0,1,14-230,,True,O,False,True,M,,,,,False,1.0,CT0003300,134026901548035057,2025-08-28 00:01:11.850000,00:01:11.850000,2025,14-227a,,Moving Violation,2025
2025-09-18 13:29:19.560000,7731206.0,CT0003300,Cromwell,Racial Profile,10110,2500010018,Incident ID,2025-08-28 00:00:00,August,W,N,F,36,True,False,CROMWELL,Berlin Rd. @ Hammerhead Pl,  ,  ,V,G,2.0,0,14-296aab,,False,N,False,False,I,,,,,False,1.0,CT0003300,134026901548035057,2025-08-28 11:50:35,11:50:35,2025,14-147c,,Cell Phone,2025
2025-09-18 13:29:19.577000,7731215.0,CT0003300,Cromwell,Racial Profile,1000215,2500010034,Incident ID,2025-08-28 00:00:00,August,W,N,F,38,True,True,CROMWELL,EVERGREEN AT HIGH RIDGE,  ,  ,V,G,1.0,0,14-301,,False,N,False,False,V,,,,,False,1.0,CT0003300,134026901548035057,2025-08-28 19:05:51.297000,19:05:51.297000,2025,14-301,,Stop Sign,2025
2025-09-18 13:29:19.783000,7731304.0,CT0003300,Cromwell,Racial Profile,1000262,2500010014,Incident ID,2025-08-28 00:00:00,August,W,N,F,62,True,True,CROMWELL,Holly Hill @ Evergreen,  ,  ,V,G,1.0,0,14-301,,False,N,False,False,V,,,,,False,1.0,CT0003300,134026901548035057,2025-08-28 11:17:25.997000,11:17:25.997000,2025,14-301,,Stop Sign,2025
2025-09-18 13:29:19.743000,7731287.0,CT0003300,Cromwell,Racial Profile,1000255,2500010066,Incident ID,2025-08-29 00:00:00,August,W,N,M,29,True,False,CROMWELL,Evergreen Rd,  ,  ,V,G,1.0,0,14-301,,False,N,False,False,V,,,,,False,1.0,CT0003300,134026901548035057,2025-08-29 14:02:26.157000,14:02:26.157000,2025,,,Stop Sign,2025
2025-09-18 13:29:19.787000,7731305.0,CT0003300,Cromwell,Racial Profile,1000262,2500010085,Incident ID,2025-08-29 00:00:00,August,W,H,F,20,True,False,CROMWELL,Berlin Road @ Willowbrook,  ,  ,E,G,1.0,0,14-96a(a),,False,N,False,False,V,,,,,False,1.0,CT0003300,134026901548035057,2025-08-29 20:32:45.923000,20:32:45.923000,2025,14-96a(a),,Defective Lights,2025
2025-09-18 13:29:19.690000,7731263.0,CT0003300,Cromwell,Racial Profile,1000247,2500010052,Incident ID,2025-08-29 00:00:00,August,W,N,F,28,True,True,CROMWELL,Evergreen Road,  ,  ,V,G,1.0,0,14-301,,False,N,False,False,V,,,,,False,1.0,CT0003300,134026901548035057,2025-08-29 06:28:23.560000,06:28:23.560000,2025,14-301,,Stop Sign,2025
2025-09-18 13:29:19.693000,7731264.0,CT0003300,Cromwell,Racial Profile,1000247,2500010053,Incident ID,2025-08-29 00:00:00,August,W,N,M,35,True,True,CROMWELL,Coles Rd,  ,  ,V,B,1.0,0,14-218a,,False,N,False,False,V,,,,,False,1.0,CT0003300,134026901548035057,2025-08-29 06:49:55.473000,06:49:55.473000,2025,14-218a,,Speed Related,2025
2025-09-18 13:29:19.740000,7731286.0,CT0003300,Cromwell,Racial Profile,1000255,2500010064,Incident ID,2025-08-29 00:00:00,August,W,N,M,42,True,True,CROMWELL,Shunpike Rd,  ,  ,V,G,1.0,0,14-296aa(b),,False,N,False,False,I,,,,,False,1.0,CT0003300,134026901548035057,2025-08-29 11:42:43.790000,11:42:43.790000,2025,,,Cell Phone,2025
2025-09-18 13:29:19.767000,7731297.0,CT0003300,Cromwell,Racial Profile,1000260,2500010087,Incident ID,2025-08-29 00:00:00,August,W,N,F,23,True,True,CROMWELL,berlin/willowbrook,  ,  ,V,G,1.0,0,14-96c,,False,N,False,False,V,,,,,False,1.0,CT0003300,134026901548035057,2025-08-29 21:04:38.417000,21:04:38.417000,2025,14-96c,,Defective Lights,2025
2025-09-18 13:29:19.787000,7731306.0,CT0003300,Cromwell,Racial Profile,1000262,2500010086,Incident ID,2025-08-29 00:00:00,August,W,N,M,29,True,True,CROMWELL,Berlin Road @ Berlin Road Ext,  ,  ,E,G,1.0,0,14-96a(a),,False,N,False,False,V,,,,,False,1.0,CT0003300,134026901548035057,2025-08-29 20:47:40.647000,20:47:40.647000,2025,14-96a(a),,Defective Lights,2025
2025-09-18 13:29:19.737000,7731284.0,CT0003300,Cromwell,Racial Profile,1000255,2500010060,Incident ID,2025-08-29 00:00:00,August,W,N,M,41,False,False,CROMWELL,Court St,  ,  ,V,G,1.0,0,14-218a,,False,N,False,False,I,,,,,False,1.0,CT0003300,134026901548035057,2025-08-29 10:05:31.060000,10:05:31.060000,2025,,,Speed Related,2025
2025-09-18 13:29:19.740000,7731285.0,CT0003300,Cromwell,Racial Profile,1000255,2500010062,Incident ID,2025-08-29 00:00:00,August,W,N,M,37,True,True,CROMWELL,Evergreen rd,  ,  ,V,G,1.0,0,14-301,,False,N,False,False,I,,,,,False,1.0,CT0003300,134026901548035057,2025-08-29 10:44:52.170000,10:44:52.170000,2025,,,Stop Sign,2025
2025-09-18 13:29:19.747000,7731288.0,CT0003300,Cromwell,Racial Profile,1000255,2500010067,Incident ID,2025-08-29 00:00:00,August,B,N,M,41,True,False,CROMWELL,Coles Rd,  ,  ,V,G,1.0,0,14-218a,,False,N,False,False,V,,,,,False,1.0,CT0003300,134026901548035057,2025-08-29 14:12:37.817000,14:12:37.817000,2025,,,Speed Related,2025
2025-09-18 13:29:19.790000,7731307.0,CT0003300,Cromwell,Racial Profile,1000262,2500010089,Incident ID,2025-08-29 00:00:00,August,W,H,M,20,True,True,CROMWELL,West Street @ Gulf Gas Station,  ,  ,E,G,3.0,0,14-96a(a),,False,N,False,False,I,,,,,False,1.0,CT0003300,134026901548035057,2025-08-29 22:23:46.770000,22:23:46.770000,2025,14-147(c),,Defective Lights,2025
2025-09-18 13:29:19.797000,7731311.0,CT0003300,Cromwell,Racial Profile,1000265,2500010088,Incident ID,2025-08-29 00:00:00,August,W,N,M,44,True,False,CROMWELL,Shunpike Rd,  ,  ,V,G,1.0,0,14-12(a)*,,False,N,False,False,V,,,,,False,1.0,CT0003300,134026901548035057,2025-08-29 21:56:18.777000,21:56:18.777000,2025,,,Registration,2025
2025-09-18 13:29:19.587000,7731219.0,CT0003300,Cromwell,Racial Profile,1000215,2500010114,Incident ID,2025-08-30 00:00:00,August,W,H,M,52,True,False,CROMWELL,rte 372,  ,  ,E,G,1.0,0,14-12(a)*,,False,N,False,False,I,,,,,False,1.0,CT0003300,134026901548035057,2025-08-30 18:38:12.270000,18:38:12.270000,2025,14-12(a)*,,Registration,2025
2025-09-18 13:29:19.820000,7731322.0,CT0003300,Cromwell,Racial Profile,1000271,2500010091,Incident ID,2025-08-30 00:00:00,August,W,N,F,24,True,True,CROMWELL,Main Street,  ,  ,V,G,1.0,0,14-230,,False,N,False,False,V,,,,,False,1.0,CT0003300,134026901548035057,2025-08-30 00:30:53.510000,00:30:53.510000,2025,14-230,,Moving Violation,2025
2025-09-18 13:29:19.820000,7731323.0,CT0003300,Cromwell,Racial Profile,1000271,2500010092,Incident ID,2025-08-30 00:00:00,August,I,N,M,27,True,False,CROMWELL,Main Street,  ,  ,V,G,1.0,0,14-218a,,False,N,False,False,I,,,,,False,1.0,CT0003300,134026901548035057,2025-08-30 00:39:56.017000,00:39:56.017000,2025,14-218a,,Speed Related,2025
2025-09-18 13:29:19.723000,7731277.0,CT0003300,Cromwell,Racial Profile,1000250,2500010101,Incident ID,2025-08-30 00:00:00,August,W,N,F,40,True,False,CROMWELL,Berlin Rd,  ,  ,V,G,2.0,1,14-215,,False,N,False,False,M,,,,,False,1.0,CT0003300,134026901548035057,2025-08-30 10:04:24.403000,10:04:24.403000,2025,,,Administrative Offense,2025
2025-09-18 13:29:19.727000,7731278.0,CT0003300,Cromwell,Racial Profile,1000250,2500010104,Incident ID,2025-08-30 00:00:00,August,B,N,M,35,True,False,CROMWELL,Berlin rd,  ,  ,V,G,2.0,0,14-12(a)*,,False,N,False,False,I,,,,,False,1.0,CT0003300,134026901548035057,2025-08-30 11:36:53.210000,11:36:53.210000,2025,14-36(a),,Registration,2025
2025-09-18 13:29:19.587000,7731220.0,CT0003300,Cromwell,Racial Profile,1000215,2500010116,Incident ID,2025-08-30 00:00:00,August,B,N,M,62,True,False,Cromwell,RTE 372,  ,  ,E,G,1.0,0,14-236,,False,N,False,False,V,,,,,False,1.0,CT0003300,134026901548035057,2025-08-30 18:53:30.400000,18:53:30.400000,2025,14-236,,Moving Violation,2025
2025-09-18 13:29:19.823000,7731324.0,CT0003300,Cromwell,Racial Profile,1000271,2500010096,Incident ID,2025-08-30 00:00:00,August,W,H,M,26,True,False,CROMWELL,Main Street/South Street,  ,  ,V,G,3.0,1,14-230,,True,O,False,True,U,,,,,False,1.0,CT0003300,134026901548035057,2025-08-30 02:27:04.493000,02:27:04.493000,2025,53a-167c,,Moving Violation,2025
2025-09-18 13:29:19.697000,7731265.0,CT0003300,Cromwell,Racial Profile,1000247,2500010130,Incident ID,2025-08-31 00:00:00,August,W,N,M,32,True,True,CROMWELL,Country Squire,  ,  ,V,G,1.0,0,No Action,,False,N,False,False,N,,,,,False,1.0,CT0003300,134026901548035057,2025-08-31 06:57:28.007000,06:57:28.007000,2025,,,Other,2025
2025-09-18 13:29:19.800000,7731312.0,CT0003300,Cromwell,Racial Profile,1000265,2500010144,Incident ID,2025-08-31 00:00:00,August,W,H,F,30,True,True,Cromwell,Shunpike Rd,  ,  ,E,G,1.0,0,14-96c,,False,N,False,False,V,,,,,False,1.0,CT0003300,134026901548035057,2025-08-31 20:23:02.783000,20:23:02.783000,2025,,,Defective Lights,2025
2025-09-18 13:29:19.550000,7731202.0,CT0003300,Cromwell,Racial Profile,10102,2500010135,Incident ID,2025-08-31 00:00:00,August,W,H,M,39,False,False,CROMWELL,Main St. at Court St.,  ,  ,V,G,1.0,0,14-232(1),,False,N,False,False,I,,,,,False,1.0,CT0003300,134026901548035057,2025-08-31 14:26:01.100000,14:26:01.100000,2025,,,Moving Violation,2025
2025-09-18 13:29:19.770000,7731298.0,CT0003300,Cromwell,Racial Profile,1000260,2500010146,Incident ID,2025-08-31 00:00:00,August,W,N,F,17,True,True,CROMWELL,west/shunpike,  ,  ,V,G,1.0,0,14-96a(a),,False,N,False,False,V,,,,,False,1.0,CT0003300,134026901548035057,2025-08-31 21:12:52.417000,21:12:52.417000,2025,14-96a(a),,Defective Lights,2025
2025-09-18 13:29:19.800000,7731313.0,CT0003300,Cromwell,Racial Profile,1000265,2500010148,Incident ID,2025-08-31 00:00:00,August,W,H,M,34,True,True,CROMWELL,Berlin Rd,  ,  ,V,G,3.0,1,14-215,,False,N,False,False,M,,,,,False,1.0,CT0003300,134026901548035057,2025-08-31 23:14:11.613000,23:14:11.613000,2025,,,Administrative Offense,2025
2025-09-18 13:29:19.790000,7731308.0,CT0003300,Cromwell,Racial Profile,1000262,2500010133,Incident ID,2025-08-31 00:00:00,August,W,N,F,35,True,False,CROMWELL,Berlin Road @ Coles Road,  ,  ,V,G,2.0,0,14-296aa(b),,False,N,False,False,I,,,,,False,1.0,CT0003300,134026901548035057,2025-08-31 13:08:09.690000,13:08:09.690000,2025,14-296aa(b),,Cell Phone,2025
2025-10-18 13:30:47.160000,7802023.0,CT0003300,Cromwell,Racial Profile,1000245,2500010162,Incident ID,2025-09-01 00:00:00,September,W,N,M,38,True,False,CROMWELL,MAIN/RT 9,  ,  ,V,G,1.0,0,14-218A,,False,N,False,False,V,,,,,False,1.0,CT0003300,134052822408970850,2025-09-01 08:31:30.303000,08:31:30.303000,2025,14-218a,,Speed Related,2025
2025-10-18 13:30:47.167000,7802025.0,CT0003300,Cromwell,Racial Profile,1000245,2500010169,Incident ID,2025-09-01 00:00:00,September,W,N,F,44,True,False,CROMWELL,COLES/SYNDEY,  ,  ,V,G,1.0,0,14-218a,,False,N,False,False,V,,,,,False,1.0,CT0003300,134052822408970850,2025-09-01 14:55:34.980000,14:55:34.980000,2025,14-218a,,Speed Related,2025
2025-10-18 13:30:47.163000,7802024.0,CT0003300,Cromwell,Racial Profile,1000245,2500010164,Incident ID,2025-09-01 00:00:00,September,A,M,F,31,True,True,CROMWELL,EVERGREEN/BLACLHAW,  ,  ,V,G,1.0,0,14-242E,,False,N,False,False,I,,,,,False,1.0,CT0003300,134052822408970850,2025-09-01 11:31:04.887000,11:31:04.887000,2025,,,Moving Violation,2025
2025-10-18 13:30:47.003000,7801955.0,CT0003300,Cromwell,Racial Profile,10102,2500010205,Incident ID,2025-09-02 00:00:00,September,B,N,F,24,True,False,CROMWELL,Coles Rd.,  ,  ,V,B,1.0,0,14-218a,,False,N,False,False,I,,,,,False,1.0,CT0003300,134052822408970850,2025-09-02 19:40:54.987000,19:40:54.987000,2025,,,Speed Related,2025
2025-10-18 13:30:47.120000,7802006.0,CT0003300,Cromwell,Racial Profile,1000234,2500010207,Incident ID,2025-09-02 00:00:00,September,B,M,M,24,True,True,CROMWELL,Willowbrook Rd.,  ,  ,V,G,1.0,0,14-230,,False,N,False,False,V,,,,,False,1.0,CT0003300,134052822408970850,2025-09-02 21:22:36.980000,21:22:36.980000,2025,14-230,,Moving Violation,2025
2025-10-18 13:30:47.170000,7802027.0,CT0003300,Cromwell,Racial Profile,1000245,2500010191,Incident ID,2025-09-02 00:00:00,September,W,N,F,40,True,False,CROMWELL,Shunpike Rd,  ,  ,I,G,1.0,0,14-100a(c)(1),,False,N,False,False,I,,,,,False,1.0,CT0003300,134052822408970850,2025-09-02 14:11:50.923000,14:11:50.923000,2025,14-100a(c)(1),,Seatbelt,2025
2025-10-18 13:30:47.490000,7802127.0,CT0003300,Cromwell,Racial Profile,1000273,2500010179,Incident ID,2025-09-02 00:00:00,September,W,H,M,23,True,False,Cromwell,Rt 372,  ,  ,V,B,1.0,0,14-247,,False,N,False,False,W,,,,,False,1.0,CT0003300,134052822408970850,2025-09-02 05:49:52.510000,05:49:52.510000,2025,,,Moving Violation,2025
2025-10-18 13:30:46.997000,7801952.0,CT0003300,Cromwell,Racial Profile,10102,2500010199,Incident ID,2025-09-02 00:00:00,September,A,M,M,23,True,False,Cromwell,Coles Rd.,  ,  ,V,B,1.0,0,14-218a,,False,N,False,False,I,,,,,False,1.0,CT0003300,134052822408970850,2025-09-02 18:48:51.233000,18:48:51.233000,2025,,,Speed Related,2025
2025-10-18 13:30:47,7801953.0,CT0003300,Cromwell,Racial Profile,10102,2500010203,Incident ID,2025-09-02 00:00:00,September,W,N,F,74,True,False,Cromwell,Rt. 372,  ,  ,V,B,1.0,0,14-218a,,False,N,False,False,I,,,,,False,1.0,CT0003300,134052822408970850,2025-09-02 19:11:09.957000,19:11:09.957000,2025,,,Speed Related,2025
2025-10-18 13:30:47.167000,7802026.0,CT0003300,Cromwell,Racial Profile,1000245,2500010189,Incident ID,2025-09-02 00:00:00,September,W,H,M,41,True,True,CROMWELL,Berlin Rd,  ,  ,V,G,1.0,0,14-299,,False,N,False,False,I,,,,,False,1.0,CT0003300,134052822408970850,2025-09-02 13:50:36.550000,13:50:36.550000,2025,14-299,,Traffic Control Signal,2025
2025-10-18 13:30:47.003000,7801954.0,CT0003300,Cromwell,Racial Profile,10102,2500010204,Incident ID,2025-09-02 00:00:00,September,W,N,M,28,True,False,Cromwell,Coles Rd.,  ,  ,V,B,1.0,0,14-218a,,False,N,False,False,I,,,,,False,1.0,CT0003300,134052822408970850,2025-09-02 19:26:33.140000,19:26:33.140000,2025,,,Speed Related,2025
2025-10-18 13:30:47.027000,7801965.0,CT0003300,Cromwell,Racial Profile,10110,2500010223,Incident ID,2025-09-03 00:00:00,September,W,N,F,65,True,False,Cromwell,Main St. South of SouthStreet,  ,  ,V,G,1.0,0,14-236,,False,N,False,False,V,,,,,False,1.0,CT0003300,134052822408970850,2025-09-03 12:00:41.977000,12:00:41.977000,2025,14-236,,Moving Violation,2025
2025-10-18 13:30:47.030000,7801966.0,CT0003300,Cromwell,Racial Profile,10110,2500010224,Incident ID,2025-09-03 00:00:00,September,W,N,F,72,True,True,CROMWELL,Main Street @ Shadow Lane,  ,  ,V,G,1.0,0,14-301,,False,N,False,False,V,,,,,False,1.0,CT0003300,134052822408970850,2025-09-03 12:34:13.827000,12:34:13.827000,2025,14-301,,Stop Sign,2025
2025-10-18 13:30:47.120000,7802007.0,CT0003300,Cromwell,Racial Profile,1000234,2500010275,Incident ID,2025-09-04 00:00:00,September,W,N,M,43,True,False,CROMWELL,Berlin Rd.,  ,  ,E,G,1.0,0,14-96c,,False,N,False,False,V,,,,,False,1.0,CT0003300,134052822408970850,2025-09-04 20:57:10.463000,20:57:10.463000,2025,14-96c,,Defective Lights,2025
2025-10-18 13:30:47.127000,7802009.0,CT0003300,Cromwell,Racial Profile,1000234,2500010277,Incident ID,2025-09-04 00:00:00,September,B,M,F,38,True,False,CROMWELL,Berlin Rd.,  ,  ,E,G,1.0,0,14-96c,,False,N,False,False,V,,,,,False,1.0,CT0003300,134052822408970850,2025-09-04 23:04:11.790000,23:04:11.790000,2025,14-96c,,Defective Lights,2025
2025-10-18 13:30:47.090000,7801993.0,CT0003300,Cromwell,Racial Profile,1000225,2500010237,Incident ID,2025-09-04 00:00:00,September,B,N,M,44,True,False,CROMWELL,Berlin Rd,  ,  ,E,G,1.0,0,14-96y,,False,N,False,False,V,,,,,False,1.0,CT0003300,134052822408970850,2025-09-04 00:37:17.280000,00:37:17.280000,2025,,,Defective Lights,2025
2025-10-18 13:30:47.093000,7801994.0,CT0003300,Cromwell,Racial Profile,1000225,2500010238,Incident ID,2025-09-04 00:00:00,September,B,N,M,33,True,False,CROMWELL,Berlin Rd,  ,  ,V,G,3.0,1,14-12(a)*,,False,N,False,False,M,,,,,False,1.0,CT0003300,134052822408970850,2025-09-04 01:15:56.400000,01:15:56.400000,2025,14-215(a),,Registration,2025
2025-10-18 13:30:47.030000,7801967.0,CT0003300,Cromwell,Racial Profile,10110,2500010266,Incident ID,2025-09-04 00:00:00,September,W,N,F,40,True,False,CROMWELL,Berlin Rd. ,  ,  ,V,G,2.0,0,14-12(a)*,,False,N,False,False,M,,,,,False,1.0,CT0003300,134052822408970850,2025-09-04 17:18:14.797000,17:18:14.797000,2025,14-12(a)*,,Registration,2025
2025-10-18 13:30:47.040000,7801971.0,CT0003300,Cromwell,Racial Profile,10110,2500010274,Incident ID,2025-09-04 00:00:00,September,B,M,M,20,True,False,CROMWELL,Berlin Rd. & Country Squire Dr.,  ,  ,E,G,1.0,0,14-96y,,False,N,False,False,V,,,,,False,1.0,CT0003300,134052822408970850,2025-09-04 20:39:18.873000,20:39:18.873000,2025,14-96y,,Defective Lights,2025
2025-10-18 13:30:47.127000,7802010.0,CT0003300,Cromwell,Racial Profile,1000234,2500010278,Incident ID,2025-09-04 00:00:00,September,W,N,F,36,True,False,CROMWELL,Berlin Rd. East St.,  ,  ,V,G,3.0,1,14-236,,True,O,True,False,M,,,,,False,1.0,CT0003300,134052822408970850,2025-09-04 23:21:06.400000,23:21:06.400000,2025,21a-267a,,Moving Violation,2025
2025-10-18 13:30:47.040000,7801970.0,CT0003300,Cromwell,Racial Profile,10110,2500010273,Incident ID,2025-09-04 00:00:00,September,B,M,M,40,True,False,CROMWELL,Court St. & Shunpike Rd.,  ,  ,V,G,1.0,0,14-301,,False,N,False,False,V,,,,,False,1.0,CT0003300,134052822408970850,2025-09-04 20:28:58.407000,20:28:58.407000,2025,14-301,,Stop Sign,2025
2025-10-18 13:30:47.123000,7802008.0,CT0003300,Cromwell,Racial Profile,1000234,2500010276,Incident ID,2025-09-04 00:00:00,September,B,M,M,43,True,False,CROMWELL,Berlin Rd.,  ,  ,E,G,1.0,0,14-96a(a),,False,N,False,False,V,,,,,False,1.0,CT0003300,134052822408970850,2025-09-04 21:13:44.663000,21:13:44.663000,2025,14-36(a),,Defective Lights,2025
2025-10-18 13:30:47.033000,7801968.0,CT0003300,Cromwell,Racial Profile,10110,2500010269,Incident ID,2025-09-04 00:00:00,September,W,H,F,35,True,True,Cromwell,Berlin Rd.  @ Coles Rd. ,  ,  ,V,G,1.0,0,14-215,,False,N,False,False,M,,,,,False,1.0,CT0003300,134052822408970850,2025-09-04 18:40:56.883000,18:40:56.883000,2025,14-215,,Administrative Offense,2025
2025-10-18 13:30:47.037000,7801969.0,CT0003300,Cromwell,Racial Profile,10110,2500010270,Incident ID,2025-09-04 00:00:00,September,W,N,F,23,True,False,CROMWELL,Berlin Rd. near I-91 N/B ramp,  ,  ,V,G,1.0,0,14-236,,False,N,False,False,V,,,,,False,1.0,CT0003300,134052822408970850,2025-09-04 19:41:38.593000,19:41:38.593000,2025,14-236,,Moving Violation,2025
2025-10-18 13:30:47.070000,7801983.0,CT0003300,Cromwell,Racial Profile,1000215,2500010326,Incident ID,2025-09-05 00:00:00,September,W,N,F,34,True,False,Cromwell,rte 372,  ,  ,E,G,1.0,0,14-99g(g),,False,N,False,False,V,,,,,False,1.0,CT0003300,134052822408970850,2025-09-05 19:18:00.023000,19:18:00.023000,2025,14-99g(g),,Window Tint,2025
2025-10-18 13:30:47.170000,7802028.0,CT0003300,Cromwell,Racial Profile,1000245,2500010295,Incident ID,2025-09-05 00:00:00,September,W,N,F,69,True,False,Cromwell,Main St,  ,  ,V,G,1.0,0,14-218a,,False,N,False,False,I,,,,,False,1.0,CT0003300,134052822408970850,2025-09-05 09:46:36.770000,09:46:36.770000,2025,14-12(a),,Speed Related,2025
2025-10-18 13:30:47.173000,7802029.0,CT0003300,Cromwell,Racial Profile,1000245,2500010297,Incident ID,2025-09-05 00:00:00,September,W,N,F,68,True,True,CROMWELL,Evergreen Rd,  ,  ,V,G,1.0,0,14-301,,False,N,False,False,V,,,,,False,1.0,CT0003300,134052822408970850,2025-09-05 10:40:00.967000,10:40:00.967000,2025,14-301,,Stop Sign,2025
2025-10-18 13:30:47.067000,7801982.0,CT0003300,Cromwell,Racial Profile,1000215,2500010325,Incident ID,2025-09-05 00:00:00,September,W,N,M,19,True,False,CROMWELL,rte 372,  ,  ,V,G,1.0,0,14-100a(c)(1),,False,N,False,False,V,,,,,False,1.0,CT0003300,134052822408970850,2025-09-05 19:02:18.693000,19:02:18.693000,2025,14-100a(c)(1),,Seatbelt,2025
2025-10-18 13:30:47.070000,7801984.0,CT0003300,Cromwell,Racial Profile,1000215,2500010327,Incident ID,2025-09-05 00:00:00,September,W,N,F,30,True,False,CROMWELL,rte 372,  ,  ,V,G,1.0,0,14-236,,False,N,False,False,V,,,,,False,1.0,CT0003300,134052822408970850,2025-09-05 19:23:41.223000,19:23:41.223000,2025,,,Moving Violation,2025
2025-10-18 13:30:47.077000,7801986.0,CT0003300,Cromwell,Racial Profile,1000215,2500010333,Incident ID,2025-09-05 00:00:00,September,B,N,F,30,False,False,CROMWELL,rte 372,  ,  ,V,G,1.0,0,14-299,,False,N,False,False,V,,,,,False,1.0,CT0003300,134052822408970850,2025-09-05 21:11:55.117000,21:11:55.117000,2025,14-299,,Traffic Control Signal,2025
2025-10-18 13:30:47.180000,7802031.0,CT0003300,Cromwell,Racial Profile,1000245,2500010301,Incident ID,2025-09-05 00:00:00,September,W,N,M,86,True,False,CROMWELL,Coles Rd,  ,  ,V,G,1.0,0,14-218a,,False,N,False,False,V,,,,,False,1.0,CT0003300,134052822408970850,2025-09-05 11:33:51.970000,11:33:51.970000,2025,14-218a,,Speed Related,2025
2025-10-18 13:30:47.043000,7801972.0,CT0003300,Cromwell,Racial Profile,10110,2500010294,Incident ID,2025-09-05 00:00:00,September,W,N,F,26,True,False,CROMWELL,Berlin Rd. & Rte.9 exit ramp,  ,  ,V,G,1.0,0,14-299,,False,N,False,False,V,,,,,False,1.0,CT0003300,134052822408970850,2025-09-05 08:36:40.920000,08:36:40.920000,2025,14-299,,Traffic Control Signal,2025
2025-10-18 13:30:47.080000,7801987.0,CT0003300,Cromwell,Racial Profile,1000215,2500010337,Incident ID,2025-09-05 00:00:00,September,A,M,M,30,True,True,CROMWELL,rte 372,  ,  ,E,G,1.0,0,14-96y,,False,N,False,False,V,,,,,False,1.0,CT0003300,134052822408970850,2025-09-05 21:46:57.950000,21:46:57.950000,2025,14-96y,,Defective Lights,2025
2025-10-18 13:30:47.133000,7802012.0,CT0003300,Cromwell,Racial Profile,1000234,2500010335,Incident ID,2025-09-05 00:00:00,September,W,N,M,25,True,True,CROMWELL,West St.,  ,  ,V,G,1.0,0,14-299,,False,N,False,False,V,,,,,False,1.0,CT0003300,134052822408970850,2025-09-05 21:25:41.063000,21:25:41.063000,2025,14-299,,Traffic Control Signal,2025
2025-10-18 13:30:47.177000,7802030.0,CT0003300,Cromwell,Racial Profile,1000245,2500010300,Incident ID,2025-09-05 00:00:00,September,W,N,M,79,False,False,CROMWELL,Coles Rd,  ,  ,V,G,1.0,0,14-218a,,False,N,False,False,V,,,,,False,1.0,CT0003300,134052822408970850,2025-09-05 11:21:45.513000,11:21:45.513000,2025,14-218a,,Speed Related,2025
2025-10-18 13:30:47.067000,7801981.0,CT0003300,Cromwell,Racial Profile,1000215,2500010324,Incident ID,2025-09-05 00:00:00,September,B,N,F,44,True,False,CROMWELL,rte v372,  ,  ,V,G,1.0,0,14-299,,False,N,False,False,W,,,,,False,1.0,CT0003300,134052822408970850,2025-09-05 18:53:01.193000,18:53:01.193000,2025,14-299,,Traffic Control Signal,2025
2025-10-18 13:30:47.073000,7801985.0,CT0003300,Cromwell,Racial Profile,1000215,2500010328,Incident ID,2025-09-05 00:00:00,September,A,M,M,58,True,True,Cromwell,rte 372,  ,  ,E,G,1.0,0,14-96a(a),,False,N,False,False,V,,,,,False,1.0,CT0003300,134052822408970850,2025-09-05 19:36:17.083000,19:36:17.083000,2025,14-96a(a),,Defective Lights,2025
2025-10-18 13:30:47.080000,7801988.0,CT0003300,Cromwell,Racial Profile,1000215,2500010338,Incident ID,2025-09-05 00:00:00,September,W,H,M,30,True,False,Cromwell,rte 372,  ,  ,E,G,2.0,1,14-96y,,False,N,False,False,I,,,,,False,1.0,CT0003300,134052822408970850,2025-09-05 23:09:24.220000,23:09:24.220000,2025,14-36(a),,Defective Lights,2025
2025-10-18 13:30:47.097000,7801995.0,CT0003300,Cromwell,Racial Profile,1000225,2500010280,Incident ID,2025-09-05 00:00:00,September,W,N,F,38,True,False,CROMWELL,Berlin Rd,  ,  ,V,G,1.0,0,14-96a(a),,False,N,False,False,I,,,,,False,1.0,CT0003300,134052822408970850,2025-09-05 00:26:03.860000,00:26:03.860000,2025,14-12(a)*,,Defective Lights,2025
2025-10-18 13:30:47.130000,7802011.0,CT0003300,Cromwell,Racial Profile,1000234,2500010329,Incident ID,2025-09-05 00:00:00,September,W,H,M,66,True,False,CROMWELL,Berlin Rd.,  ,  ,E,G,1.0,0,14-96c,,False,N,False,False,V,,,,,False,1.0,CT0003300,134052822408970850,2025-09-05 20:13:57.727000,20:13:57.727000,2025,14-96c,,Defective Lights,2025
2025-10-18 13:30:47.083000,7801990.0,CT0003300,Cromwell,Racial Profile,1000215,2500010374,Incident ID,2025-09-06 00:00:00,September,B,N,M,58,True,False,CROMWELL,rte 3,  ,  ,E,G,1.0,0,14-18(c),,False,N,False,False,V,,,,,False,1.0,CT0003300,134052822408970850,2025-09-06 18:26:55.777000,18:26:55.777000,2025,14-18(c),,Display of Plates,2025
2025-10-18 13:30:47.087000,7801991.0,CT0003300,Cromwell,Racial Profile,1000215,2500010375,Incident ID,2025-09-06 00:00:00,September,W,N,M,24,True,True,CROMWELL,rte 372,  ,  ,E,G,1.0,0,14-96y,,False,N,False,False,V,,,,,False,1.0,CT0003300,134052822408970850,2025-09-06 20:36:18.387000,20:36:18.387000,2025,14-96y,,Defective Lights,2025
2025-10-18 13:30:47.090000,7801992.0,CT0003300,Cromwell,Racial Profile,1000215,2500010376,Incident ID,2025-09-06 00:00:00,September,B,N,M,45,True,False,CROMWELL,rte 372 @ 91 n/b,  ,  ,V,G,1.0,0,14-299,,False,N,False,False,V,,,,,False,1.0,CT0003300,134052822408970850,2025-09-06 21:34:41.863000,21:34:41.863000,2025,14-299,,Traffic Control Signal,2025
2025-10-18 13:30:47.410000,7802096.0,CT0003300,Cromwell,Racial Profile,1000262,2500010366,Incident ID,2025-09-06 00:00:00,September,B,M,F,61,True,False,CROMWELL,Berlin Road @ Hammerhead,  ,  ,V,G,2.0,0,14-12(a),,False,N,False,False,V,,,,,False,1.0,CT0003300,134052822408970850,2025-09-06 13:25:53.143000,13:25:53.143000,2025,14-12(a),,Registration,2025
2025-10-18 13:30:47.410000,7802097.0,CT0003300,Cromwell,Racial Profile,1000262,2500010367,Incident ID,2025-09-06 00:00:00,September,W,N,F,69,True,False,CROMWELL,Berlin Road @ Cromwell Square Driveway,  ,  ,V,G,1.0,0,14-299,,False,N,False,False,V,,,,,False,1.0,CT0003300,134052822408970850,2025-09-06 13:47:37.153000,13:47:37.153000,2025,14-299,,Traffic Control Signal,2025
2025-10-18 13:30:47.007000,7801956.0,CT0003300,Cromwell,Racial Profile,10102,2500010363,Incident ID,2025-09-06 00:00:00,September,W,N,M,46,True,True,CROMWELL,Court St.,  ,  ,V,B,1.0,0,14-218a,,False,N,False,False,W,,,,,False,1.0,CT0003300,134052822408970850,2025-09-06 12:30:21.110000,12:30:21.110000,2025,,,Speed Related,2025
2025-10-18 13:30:47.083000,7801989.0,CT0003300,Cromwell,Racial Profile,1000215,2500010373,Incident ID,2025-09-06 00:00:00,September,W,N,M,56,True,False,Cromwell,RTE 372,  ,  ,E,G,1.0,1,14-99g(g),,False,N,False,False,V,,,,,False,1.0,CT0003300,134052822408970850,2025-09-06 17:57:15.677000,17:57:15.677000,2025,14-99g(g),,Window Tint,2025
2025-10-18 13:30:47.460000,7802117.0,CT0003300,Cromwell,Racial Profile,1000271,2500010343,Incident ID,2025-09-06 00:00:00,September,W,N,M,43,True,False,CROMWELL,West St//Berlin Rd,  ,  ,V,G,1.0,0,14-96a(a),,False,N,False,False,V,,,,,False,1.0,CT0003300,134052822408970850,2025-09-06 00:38:51.377000,00:38:51.377000,2025,14-96a(a),,Defective Lights,2025
2025-10-18 13:30:47.463000,7802118.0,CT0003300,Cromwell,Racial Profile,1000271,2500010347,Incident ID,2025-09-06 00:00:00,September,B,N,M,25,True,False,CROMWELL,Shunpike Road// Cromwell Hills,  ,  ,V,G,1.0,0,14-234,,False,N,False,False,I,,,,,False,1.0,CT0003300,134052822408970850,2025-09-06 02:01:50.810000,02:01:50.810000,2025,14-234,,Moving Violation,2025
2025-10-18 13:30:47.010000,7801957.0,CT0003300,Cromwell,Racial Profile,10102,2500010392,Incident ID,2025-09-07 00:00:00,September,W,H,M,28,True,False,CROMWELL,Rt. 372,  ,  ,E,G,1.0,0,14-99g,,False,N,False,False,I,,,,,False,1.0,CT0003300,134052822408970850,2025-09-07 12:18:54.920000,12:18:54.920000,2025,,,Window Tint,2025
2025-10-18 13:30:47.010000,7801958.0,CT0003300,Cromwell,Racial Profile,10102,2500010394,Incident ID,2025-09-07 00:00:00,September,W,H,M,56,True,False,CROMWELL,Main St.,  ,  ,V,G,1.0,0,14-300(c),,False,N,False,False,I,,,,,False,1.0,CT0003300,134052822408970850,2025-09-07 15:35:07.050000,15:35:07.050000,2025,,,Other,2025
2025-10-18 13:30:47.047000,7801973.0,CT0003300,Cromwell,Racial Profile,10110,2500010390,Incident ID,2025-09-07 00:00:00,September,W,N,M,49,False,False,CROMWELL,Berlin Rd. & Willowbrook Rd.,  ,  ,V,G,1.0,0,14-299,,False,N,False,False,V,,,,,False,1.0,CT0003300,134052822408970850,2025-09-07 10:02:14.247000,10:02:14.247000,2025,14-299,,Traffic Control Signal,2025
2025-10-18 13:30:47.227000,7802048.0,CT0003300,Cromwell,Racial Profile,1000247,2500010410,Incident ID,2025-09-08 00:00:00,September,W,N,M,53,True,True,CROMWELL,Evergreen Road,  ,  ,V,G,1.0,0,14-301,,False,N,False,False,V,,,,,False,1.0,CT0003300,134052822408970850,2025-09-08 06:51:53.380000,06:51:53.380000,2025,14-301,,Stop Sign,2025
2025-10-18 13:30:47.290000,7802060.0,CT0003300,Cromwell,Racial Profile,1000250,2500010422,Incident ID,2025-09-08 00:00:00,September,W,N,M,67,True,False,CROMWELL,Shunpike Rd,  ,  ,V,G,1.0,0,14-301,,False,N,False,False,N,,,,,False,1.0,CT0003300,134052822408970850,2025-09-08 13:57:30.670000,13:57:30.670000,2025,,,Stop Sign,2025
2025-10-18 13:30:47.467000,7802119.0,CT0003300,Cromwell,Racial Profile,1000271,2500010402,Incident ID,2025-09-08 00:00:00,September,B,N,M,29,True,False,CROMWELL,Berlin Road,  ,  ,V,G,1.0,0,14-236,,False,N,False,False,V,,,,,False,1.0,CT0003300,134052822408970850,2025-09-08 01:10:51.877000,01:10:51.877000,2025,14-236,,Moving Violation,2025
2025-10-18 13:30:47.277000,7802057.0,CT0003300,Cromwell,Racial Profile,1000250,2500010417,Incident ID,2025-09-08 00:00:00,September,W,N,F,67,True,True,CROMWELL,West St ,  ,  ,V,G,1.0,0,14-299,,False,N,False,False,V,,,,,False,1.0,CT0003300,134052822408970850,2025-09-08 12:14:19.450000,12:14:19.450000,2025,14-12(a)*,,Traffic Control Signal,2025
2025-10-18 13:30:47.283000,7802058.0,CT0003300,Cromwell,Racial Profile,1000250,2500010419,Incident ID,2025-09-08 00:00:00,September,W,H,M,28,True,False,CROMWELL,Berlin Rd,  ,  ,V,G,1.0,0,14-12(a)*,,False,N,False,False,V,,,,,False,1.0,CT0003300,134052822408970850,2025-09-08 12:38:50.767000,12:38:50.767000,2025,,,Registration,2025
2025-10-18 13:30:47.283000,7802059.0,CT0003300,Cromwell,Racial Profile,1000250,2500010421,Incident ID,2025-09-08 00:00:00,September,B,N,M,25,True,False,CROMWELL,Berlin Rd,  ,  ,V,G,1.0,0,14-18(a),,False,N,False,False,V,,,,,False,1.0,CT0003300,134052822408970850,2025-09-08 13:44:55.677000,13:44:55.677000,2025,,,Display of Plates,2025
2025-10-18 13:30:47.183000,7802033.0,CT0003300,Cromwell,Racial Profile,1000245,2500010458,Incident ID,2025-09-09 00:00:00,September,W,N,F,58,True,False,CROMWELL,Main St,  ,  ,V,G,1.0,0,14-218a,,False,N,False,False,I,,,,,False,1.0,CT0003300,134052822408970850,2025-09-09 10:42:26.257000,10:42:26.257000,2025,14-218a,,Speed Related,2025
2025-10-18 13:30:47.193000,7802036.0,CT0003300,Cromwell,Racial Profile,1000245,2500010463,Incident ID,2025-09-09 00:00:00,September,W,N,F,41,True,True,CROMWELL,Washington Rd,  ,  ,V,G,1.0,0,14-301,,False,N,False,False,V,,,,,False,1.0,CT0003300,134052822408970850,2025-09-09 11:28:53.557000,11:28:53.557000,2025,14-301,,Stop Sign,2025
2025-10-18 13:30:47.290000,7802061.0,CT0003300,Cromwell,Racial Profile,1000250,2500010460,Incident ID,2025-09-09 00:00:00,September,B,N,M,35,True,False,CROMWELL,West St,  ,  ,V,G,2.0,0,14-215a,,False,N,False,False,M,,,,,False,1.0,CT0003300,134052822408970850,2025-09-09 10:53:18.440000,10:53:18.440000,2025,,,Administrative Offense,2025
2025-10-18 13:30:47.297000,7802063.0,CT0003300,Cromwell,Racial Profile,1000250,2500010469,Incident ID,2025-09-09 00:00:00,September,W,N,F,32,True,True,CROMWELL,West St,  ,  ,V,G,1.0,0,14-296aa(b)1,,False,N,False,False,V,,,,,False,1.0,CT0003300,134052822408970850,2025-09-09 15:13:31.103000,15:13:31.103000,2025,,,Cell Phone,2025
2025-10-18 13:30:47.360000,7802079.0,CT0003300,Cromwell,Racial Profile,1000258,2500010480,Incident ID,2025-09-09 00:00:00,September,B,M,F,52,True,False,CROMWELL,Berlin Rd,  ,  ,V,G,1.0,0,14-12(a)*,,False,N,False,False,I,,,,,False,1.0,CT0003300,134052822408970850,2025-09-09 21:31:15.547000,21:31:15.547000,2025,,,Registration,2025
2025-10-18 13:30:47.437000,7802106.0,CT0003300,Cromwell,Racial Profile,1000265,2500010479,Incident ID,2025-09-09 00:00:00,September,A,M,M,49,True,True,Cromwell,Berlin Rd,  ,  ,E,G,1.0,0,14-96e,,False,N,False,False,I,,,,,False,1.0,CT0003300,134052822408970850,2025-09-09 18:45:00.870000,18:45:00.870000,2025,14-12(a)*,,Defective Lights,2025
2025-10-18 13:30:47.180000,7802032.0,CT0003300,Cromwell,Racial Profile,1000245,2500010455,Incident ID,2025-09-09 00:00:00,September,W,N,M,42,True,False,CROMWELL,Evergreen Rd/Donald Harris Dr,  ,  ,V,G,1.0,0,14-301,,False,N,False,False,I,,,,,False,1.0,CT0003300,134052822408970850,2025-09-09 09:01:30.253000,09:01:30.253000,2025,14-301,,Stop Sign,2025
2025-10-18 13:30:47.187000,7802035.0,CT0003300,Cromwell,Racial Profile,1000245,2500010461,Incident ID,2025-09-09 00:00:00,September,W,N,M,63,True,False,CROMWELL,Coles Rd,  ,  ,V,G,1.0,0,14-218a,,False,N,False,False,V,,,,,False,1.0,CT0003300,134052822408970850,2025-09-09 11:11:55.783000,11:11:55.783000,2025,14-218a,,Speed Related,2025
2025-10-18 13:30:47.293000,7802062.0,CT0003300,Cromwell,Racial Profile,1000250,2500010465,Incident ID,2025-09-09 00:00:00,September,W,H,F,32,True,False,CROMWELL,Berlin Rd,  ,  ,V,G,2.0,1,14-147(c),,False,N,False,False,I,,,,,False,1.0,CT0003300,134052822408970850,2025-09-09 12:57:06.250000,12:57:06.250000,2025,,,Administrative Offense,2025
2025-10-18 13:30:47.470000,7802120.0,CT0003300,Cromwell,Racial Profile,1000271,2500010434,Incident ID,2025-09-09 00:00:00,September,W,N,M,20,True,False,CROMWELL,90 Berlin Road,  ,  ,V,G,3.0,1,14-219(c)(2),,True,O,False,True,U,,,,,False,1.0,CT0003300,134052822408970850,2025-09-09 00:31:44.567000,00:31:44.567000,2025,53a-139,,Speed Related,2025
2025-10-18 13:30:47.240000,7802049.0,CT0003300,Cromwell,Racial Profile,1000247,2500010451,Incident ID,2025-09-09 00:00:00,September,W,N,M,62,True,False,CROMWELL,Main Street,  ,  ,V,G,1.0,0,14-279,,False,N,False,False,I,,,,,False,1.0,CT0003300,134052822408970850,2025-09-09 07:53:30.050000,07:53:30.050000,2025,14-279,,Other,2025
2025-10-18 13:30:47.413000,7802098.0,CT0003300,Cromwell,Racial Profile,1000262,2500010464,Incident ID,2025-09-09 00:00:00,September,W,H,F,44,True,False,CROMWELL,Berlin Road @ Country Squire,  ,  ,V,G,2.0,0,14-12(a)*,,False,N,False,False,I,,,,,False,1.0,CT0003300,134052822408970850,2025-09-09 11:46:35.643000,11:46:35.643000,2025,14-12(a)*,,Registration,2025
2025-10-18 13:30:47.187000,7802034.0,CT0003300,Cromwell,Racial Profile,1000245,2500010459,Incident ID,2025-09-09 00:00:00,September,W,H,M,36,True,False,CROMWELL,Main St,  ,  ,V,G,1.0,0,14-296aa(b),,False,N,False,False,I,,,,,False,1.0,CT0003300,134052822408970850,2025-09-09 10:51:12.170000,10:51:12.170000,2025,14-296aa(b),,Cell Phone,2025
2025-10-18 13:30:47.193000,7802037.0,CT0003300,Cromwell,Racial Profile,1000245,2500010470,Incident ID,2025-09-09 00:00:00,September,W,N,M,44,True,False,CROMWELL,Main St,  ,  ,V,G,1.0,0,14-296aa(b),,False,N,False,False,I,,,,,False,1.0,CT0003300,134052822408970850,2025-09-09 15:28:43.843000,15:28:43.843000,2025,14-296aa(b),,Cell Phone,2025
2025-10-18 13:30:47.380000,7802086.0,CT0003300,Cromwell,Racial Profile,1000260,2500010482,Incident ID,2025-09-09 00:00:00,September,W,N,F,63,True,False,Cromwell,berlin/91north,  ,  ,V,G,1.0,0,14-96a(a),,False,N,False,False,V,,,,,False,1.0,CT0003300,134052822408970850,2025-09-09 21:47:18.503000,21:47:18.503000,2025,14-96a(a),,Defective Lights,2025
2025-10-18 13:30:47.060000,7801979.0,CT0003300,Cromwell,Racial Profile,10127,2500010476,Incident ID,2025-09-09 00:00:00,September,W,N,F,24,True,False,CROMWELL,Berlin Rd at Country Squire Dr,  ,  ,V,G,1.0,0,14-299,,False,N,False,False,V,,,,,False,1.0,CT0003300,134052822408970850,2025-09-09 18:20:16.170000,18:20:16.170000,2025,14-299,,Traffic Control Signal,2025
2025-10-18 13:30:47.137000,7802013.0,CT0003300,Cromwell,Racial Profile,1000234,2500010520,Incident ID,2025-09-10 00:00:00,September,W,H,F,42,True,False,CROMWELL,Berlin Rd.,  ,  ,V,G,3.0,1,14-12(a)*,,False,N,False,False,I,,,,,False,1.0,CT0003300,134052822408970850,2025-09-10 23:26:31.077000,23:26:31.077000,2025,14-213b,,Registration,2025
2025-10-18 13:30:47.197000,7802038.0,CT0003300,Cromwell,Racial Profile,1000245,2500010498,Incident ID,2025-09-10 00:00:00,September,W,N,F,39,True,True,Cromwell,Berlin Rd,  ,  ,V,G,1.0,0,14-299,,False,N,False,False,V,,,,,False,1.0,CT0003300,134052822408970850,2025-09-10 09:30:46.293000,09:30:46.293000,2025,14-299,,Traffic Control Signal,2025
2025-10-18 13:30:47.200000,7802039.0,CT0003300,Cromwell,Racial Profile,1000245,2500010510,Incident ID,2025-09-10 00:00:00,September,W,N,F,28,False,False,CROMWELL,Berlin Rd,  ,  ,V,G,1.0,0,14-296aa(b),,False,N,False,False,V,,,,,False,1.0,CT0003300,134052822408970850,2025-09-10 14:48:22.787000,14:48:22.787000,2025,14-296aa(b),,Cell Phone,2025
2025-10-18 13:30:47.047000,7801974.0,CT0003300,Cromwell,Racial Profile,10110,2500010500,Incident ID,2025-09-10 00:00:00,September,W,M,F,36,True,True,CROMWELL,Court St. & Washington Rd.,  ,  ,V,G,2.0,0,14-301,,False,N,False,False,M,,,,,False,1.0,CT0003300,134052822408970850,2025-09-10 09:49:33.100000,09:49:33.100000,2025,14-215a,,Stop Sign,2025
2025-10-18 13:30:47.200000,7802040.0,CT0003300,Cromwell,Racial Profile,1000245,2500010515,Incident ID,2025-09-10 00:00:00,September,W,N,M,45,True,True,CROMWELL,Main St,  ,  ,V,G,1.0,0,14-279,,False,N,False,False,I,,,,,False,1.0,CT0003300,134052822408970850,2025-09-10 15:44:15.957000,15:44:15.957000,2025,14-279,,Other,2025
2025-10-18 13:30:47.103000,7801999.0,CT0003300,Cromwell,Racial Profile,1000228,2500010537,Incident ID,2025-09-11 00:00:00,September,W,N,M,56,True,True,CROMWELL,Berlin Rd and Cromwell Hills Dr,  ,  ,V,G,1.0,0,14-299,,False,N,False,False,V,,,,,False,1.0,CT0003300,134052822408970850,2025-09-11 06:37:31.253000,06:37:31.253000,2025,14-299,,Traffic Control Signal,2025
2025-10-18 13:30:47.330000,7802070.0,CT0003300,Cromwell,Racial Profile,1000255,2500010564,Incident ID,2025-09-11 00:00:00,September,B,N,F,42,True,True,Cromwell,Berlin Rd,  ,  ,V,G,1.0,0,14-12(a)*,,False,N,False,False,I,,,,,False,1.0,CT0003300,134052822408970850,2025-09-11 20:20:25.877000,20:20:25.877000,2025,,,Registration,2025
2025-10-18 13:30:47.490000,7802128.0,CT0003300,Cromwell,Racial Profile,1000273,2500010540,Incident ID,2025-09-11 00:00:00,September,W,N,F,61,True,False,CROMWELL,Main St,  ,  ,V,B,2.0,0,14-279,,False,N,False,False,W,,,,,False,1.0,CT0003300,134052822408970850,2025-09-11 08:01:40.463000,08:01:40.463000,2025,,,Other,2025
2025-10-18 13:30:47.493000,7802129.0,CT0003300,Cromwell,Racial Profile,1000273,2500010541,Incident ID,2025-09-11 00:00:00,September,W,N,F,53,True,False,CROMWELL,Main St,  ,  ,V,B,2.0,0,14-279,,False,N,False,False,W,,,,,False,1.0,CT0003300,134052822408970850,2025-09-11 08:05:18.703000,08:05:18.703000,2025,,,Other,2025
2025-10-18 13:30:47.140000,7802014.0,CT0003300,Cromwell,Racial Profile,1000234,2500010567,Incident ID,2025-09-11 00:00:00,September,W,N,F,31,True,True,CROMWELL,West St.,  ,  ,V,G,2.0,0,14-12(a)*,,False,N,False,False,I,,,,,False,1.0,CT0003300,134052822408970850,2025-09-11 21:24:50.190000,21:24:50.190000,2025,14-12(a)*,,Registration,2025
2025-10-18 13:30:47.203000,7802041.0,CT0003300,Cromwell,Racial Profile,1000245,2500010555,Incident ID,2025-09-11 00:00:00,September,W,N,F,40,True,True,CROMWELL,Berlin Rd,  ,  ,V,G,1.0,0,14-296aa(b),,False,N,False,False,V,,,,,False,1.0,CT0003300,134052822408970850,2025-09-11 15:13:05.607000,15:13:05.607000,2025,14-296aa(b),,Cell Phone,2025
2025-10-18 13:30:47.360000,7802080.0,CT0003300,Cromwell,Racial Profile,1000258,2500010568,Incident ID,2025-09-11 00:00:00,September,W,N,M,27,True,False,CROMWELL,Berlin Rd,  ,  ,E,G,1.0,0,14-96y,,False,N,False,False,V,,,,,False,1.0,CT0003300,134052822408970850,2025-09-11 23:21:06.747000,23:21:06.747000,2025,,,Defective Lights,2025
2025-10-18 13:30:47.110000,7802001.0,CT0003300,Cromwell,Racial Profile,1000228,2500010586,Incident ID,2025-09-12 00:00:00,September,B,N,F,63,True,True,CROMWELL,Berlin Rd,  ,  ,V,G,1.0,0,14-218a,,False,N,False,False,W,,,,,False,1.0,CT0003300,134052822408970850,2025-09-12 06:43:11.767000,06:43:11.767000,2025,14-218a,,Speed Related,2025
2025-10-18 13:30:47.333000,7802071.0,CT0003300,Cromwell,Racial Profile,1000255,2500010608,Incident ID,2025-09-12 00:00:00,September,W,N,F,20,True,False,Cromwell,West St,  ,  ,V,G,1.0,0,14-299,,False,N,False,False,V,,,,,False,1.0,CT0003300,134052822408970850,2025-09-12 21:08:48.827000,21:08:48.827000,2025,,,Traffic Control Signal,2025
2025-10-18 13:30:47.107000,7802000.0,CT0003300,Cromwell,Racial Profile,1000228,2500010585,Incident ID,2025-09-12 00:00:00,September,W,N,M,41,True,False,CROMWELL,RTE 9 S/B Exit 27 and West St,  ,  ,V,G,1.0,0,14-299,,False,N,False,False,V,,,,,False,1.0,CT0003300,134052822408970850,2025-09-12 06:05:43.133000,06:05:43.133000,2025,14-299,,Traffic Control Signal,2025
2025-10-18 13:30:47.363000,7802081.0,CT0003300,Cromwell,Racial Profile,1000258,2500010607,Incident ID,2025-09-12 00:00:00,September,W,N,F,38,True,False,CROMWELL,West St,  ,  ,V,G,1.0,0,14-12(a)*,,False,N,False,False,I,,,,,False,1.0,CT0003300,134052822408970850,2025-09-12 21:03:42.707000,21:03:42.707000,2025,,,Registration,2025
2025-10-18 13:30:47.367000,7802082.0,CT0003300,Cromwell,Racial Profile,1000258,2500010610,Incident ID,2025-09-12 00:00:00,September,W,N,F,35,True,False,Cromwell,Berlin Rd,  ,  ,V,G,1.0,0,14-12(a)*,,False,N,False,False,I,,,,,False,1.0,CT0003300,134052822408970850,2025-09-12 21:37:29.910000,21:37:29.910000,2025,,,Registration,2025
2025-10-18 13:30:47.140000,7802015.0,CT0003300,Cromwell,Racial Profile,1000234,2500010642,Incident ID,2025-09-13 00:00:00,September,W,M,F,42,True,True,CROMWELL,Berlin Rd.,  ,  ,E,G,1.0,0,14-96c,,False,N,False,False,V,,,,,False,1.0,CT0003300,134052822408970850,2025-09-13 20:37:54.003000,20:37:54.003000,2025,14-96c,,Defective Lights,2025
2025-10-18 13:30:47.470000,7802121.0,CT0003300,Cromwell,Racial Profile,1000271,2500010615,Incident ID,2025-09-13 00:00:00,September,W,N,F,53,True,True,CROMWELL,Main Street,  ,  ,V,G,3.0,1,14-230(a),,True,O,False,True,M,,,,,False,1.0,CT0003300,134052822408970850,2025-09-13 01:51:30.083000,01:51:30.083000,2025,14-227a,,Moving Violation,2025
2025-10-18 13:30:47.370000,7802083.0,CT0003300,Cromwell,Racial Profile,1000258,2500010640,Incident ID,2025-09-13 00:00:00,September,W,N,F,75,True,False,CROMWELL,Berlin Rd,  ,  ,E,G,1.0,0,14-96a(a),,False,N,False,False,V,,,,,False,1.0,CT0003300,134052822408970850,2025-09-13 19:39:00.317000,19:39:00.317000,2025,,,Defective Lights,2025
2025-10-18 13:30:47.143000,7802016.0,CT0003300,Cromwell,Racial Profile,1000234,2500010643,Incident ID,2025-09-13 00:00:00,September,W,H,M,24,True,False,CROMWELL,West St.,  ,  ,V,G,1.0,0,14-218a,,False,N,False,False,V,,,,,False,1.0,CT0003300,134052822408970850,2025-09-13 20:41:30.377000,20:41:30.377000,2025,14-218a,,Speed Related,2025
2025-10-18 13:30:47.383000,7802087.0,CT0003300,Cromwell,Racial Profile,1000260,2500010644,Incident ID,2025-09-13 00:00:00,September,W,N,M,43,True,True,Cromwell,Shunpike/West,  ,  ,V,G,1.0,0,14-12(a)*,,False,N,False,False,I,,,,,False,1.0,CT0003300,134052822408970850,2025-09-13 21:06:17.650000,21:06:17.650000,2025,14-12(a)*,,Registration,2025
2025-10-18 13:30:47.143000,7802017.0,CT0003300,Cromwell,Racial Profile,1000234,2500010690,Incident ID,2025-09-14 00:00:00,September,W,N,M,24,True,False,CROMWELL,Berlin Rd.,  ,  ,V,G,3.0,1,14-147(c),,False,N,False,False,I,,,,,False,1.0,CT0003300,134052822408970850,2025-09-14 23:24:45.790000,23:24:45.790000,2025,14-12(a)*,,Administrative Offense,2025
2025-10-18 13:30:47.337000,7802072.0,CT0003300,Cromwell,Racial Profile,1000255,2500010684,Incident ID,2025-09-14 00:00:00,September,W,N,M,34,True,False,CROMWELL,Evergreen Rd,  ,  ,V,G,1.0,0,14-301,,False,N,False,False,V,,,,,False,1.0,CT0003300,134052822408970850,2025-09-14 20:16:16.990000,20:16:16.990000,2025,,,Stop Sign,2025
2025-10-18 13:30:47.390000,7802089.0,CT0003300,Cromwell,Racial Profile,1000260,2500010683,Incident ID,2025-09-14 00:00:00,September,W,N,M,75,True,False,CROMWELL,berlin/willowbrook,  ,  ,V,G,1.0,0,14-96a(a),,False,N,False,False,V,,,,,False,1.0,CT0003300,134052822408970850,2025-09-14 20:15:24.380000,20:15:24.380000,2025,14-96a(a),,Defective Lights,2025
2025-10-18 13:30:47.387000,7802088.0,CT0003300,Cromwell,Racial Profile,1000260,2500010681,Incident ID,2025-09-14 00:00:00,September,W,N,M,23,True,True,CROMWELL,Berlin/Country Squire,  ,  ,V,G,1.0,0,14-18(a),,False,N,False,False,V,,,,,False,1.0,CT0003300,134052822408970850,2025-09-14 19:03:04.683000,19:03:04.683000,2025,14-18(a),,Display of Plates,2025
2025-10-18 13:30:47.390000,7802090.0,CT0003300,Cromwell,Racial Profile,1000260,2500010686,Incident ID,2025-09-14 00:00:00,September,W,H,M,37,True,False,CROMWELL,berlin/industrial park,  ,  ,V,G,2.0,0,14-215(a),,False,N,False,False,M,,,,,False,1.0,CT0003300,134052822408970850,2025-09-14 21:01:17.240000,21:01:17.240000,2025,14-215a,,Administrative Offense,2025
2025-10-18 13:30:47.440000,7802107.0,CT0003300,Cromwell,Racial Profile,1000265,2500010685,Incident ID,2025-09-14 00:00:00,September,B,M,M,25,True,False,CROMWELL,Berlin Rd,  ,  ,E,B,1.0,0,14-96a(a),,False,N,False,False,V,,,,,False,1.0,CT0003300,134052822408970850,2025-09-14 20:52:06.560000,20:52:06.560000,2025,,,Defective Lights,2025
2025-10-18 13:30:47.253000,7802050.0,CT0003300,Cromwell,Racial Profile,1000247,2500010706,Incident ID,2025-09-15 00:00:00,September,W,N,M,28,True,True,CROMWELL,Country Squire ,  ,  ,V,G,1.0,0,14-299,,False,N,False,False,V,,,,,False,1.0,CT0003300,134052822408970850,2025-09-15 06:24:36.567000,06:24:36.567000,2025,14-299,,Traffic Control Signal,2025
2025-10-18 13:30:47.260000,7802051.0,CT0003300,Cromwell,Racial Profile,1000247,2500010708,Incident ID,2025-09-15 00:00:00,September,W,N,M,54,True,True,CROMWELL,Coles Road,  ,  ,V,B,1.0,0,14-218a,,False,N,False,False,V,,,,,False,1.0,CT0003300,134052822408970850,2025-09-15 06:40:41.827000,06:40:41.827000,2025,14-218a,,Speed Related,2025
2025-10-18 13:30:47.260000,7802052.0,CT0003300,Cromwell,Racial Profile,1000247,2500010710,Incident ID,2025-09-15 00:00:00,September,B,M,F,37,True,False,CROMWELL,West Street,  ,  ,V,G,1.0,0,14-12(a)*,,False,N,False,False,I,,,,,False,1.0,CT0003300,134052822408970850,2025-09-15 07:08:51.437000,07:08:51.437000,2025,14-12(a)*,,Registration,2025
2025-10-18 13:30:47.110000,7802002.0,CT0003300,Cromwell,Racial Profile,1000228,2500010704,Incident ID,2025-09-15 00:00:00,September,W,N,M,32,True,False,CROMWELL,Main St.,  ,  ,V,G,1.0,0,14-218a,,False,N,False,False,W,,,,,False,1.0,CT0003300,134052822408970850,2025-09-15 05:22:54.923000,05:22:54.923000,2025,14-218a,,Speed Related,2025
2025-10-18 13:30:47.417000,7802099.0,CT0003300,Cromwell,Racial Profile,1000262,2500010716,Incident ID,2025-09-15 00:00:00,September,W,N,M,31,True,False,CROMWELL,Evergreen @ High Ridge,  ,  ,V,G,1.0,0,14-301,,False,N,False,False,V,,,,,False,1.0,CT0003300,134052822408970850,2025-09-15 13:11:48.077000,13:11:48.077000,2025,14-301,,Stop Sign,2025
2025-10-18 13:30:47.420000,7802100.0,CT0003300,Cromwell,Racial Profile,1000262,2500010719,Incident ID,2025-09-15 00:00:00,September,W,N,M,73,True,True,Cromwell,Main Street @ Cromwell Growers,  ,  ,V,G,1.0,0,14-218a,,False,N,False,False,V,,,,,False,1.0,CT0003300,134052822408970850,2025-09-15 13:42:36.463000,13:42:36.463000,2025,14-218a,,Speed Related,2025
2025-10-18 13:30:47.427000,7802101.0,CT0003300,Cromwell,Racial Profile,1000262,2500010720,Incident ID,2025-09-15 00:00:00,September,W,N,F,21,True,True,CROMWELL,Main Street @ Cromwell Growers,  ,  ,V,G,2.0,0,14-218a,,False,N,False,False,I,,,,,False,1.0,CT0003300,134052822408970850,2025-09-15 14:05:46.410000,14:05:46.410000,2025,14-218a,,Speed Related,2025
2025-10-18 13:30:47.393000,7802091.0,CT0003300,Cromwell,Racial Profile,1000260,2500010748,Incident ID,2025-09-15 00:00:00,September,B,N,M,35,True,False,Cromwell,90 berlin rd,  ,  ,V,G,1.0,0,14-299,,False,N,False,False,V,,,,,False,1.0,CT0003300,134052822408970850,2025-09-15 17:26:12.543000,17:26:12.543000,2025,14-299,,Traffic Control Signal,2025
2025-10-18 13:30:47.117000,7802005.0,CT0003300,Cromwell,Racial Profile,1000230,2500010825,Incident ID,2025-09-17 00:00:00,September,W,N,M,41,True,False,CROMWELL,Main Street @ New Lane,  ,  ,V,B,1.0,0,14-246a,,False,N,False,False,W,,,,,False,1.0,CT0003300,134052822408970850,2025-09-17 13:17:48.860000,13:17:48.860000,2025,14-246a,,Moving Violation,2025
2025-10-18 13:30:47.210000,7802043.0,CT0003300,Cromwell,Racial Profile,1000245,2500010815,Incident ID,2025-09-17 00:00:00,September,W,N,F,67,True,True,CROMWELL,Hicksville Rd,  ,  ,V,G,1.0,0,14-218a,,False,N,False,False,V,,,,,False,1.0,CT0003300,134052822408970850,2025-09-17 09:32:08.300000,09:32:08.300000,2025,14-218a,,Speed Related,2025
2025-10-18 13:30:47.213000,7802045.0,CT0003300,Cromwell,Racial Profile,1000245,2500010819,Incident ID,2025-09-17 00:00:00,September,W,N,F,67,True,True,Cromwell,Hicksville Rd,  ,  ,V,G,1.0,0,14-218a,,False,N,False,False,V,,,,,False,1.0,CT0003300,134052822408970850,2025-09-17 10:56:12.353000,10:56:12.353000,2025,14-218a,,Speed Related,2025
2025-10-18 13:30:47.430000,7802103.0,CT0003300,Cromwell,Racial Profile,1000262,2500010823,Incident ID,2025-09-17 00:00:00,September,W,H,M,42,True,False,CROMWELL,Berlin Road Industrial Park Road,  ,  ,V,G,3.0,0,14-147,,False,N,False,False,M,,,,,False,1.0,CT0003300,134052822408970850,2025-09-17 12:00:14.767000,12:00:14.767000,2025,14-215(a),,Administrative Offense,2025
2025-10-18 13:30:47.203000,7802042.0,CT0003300,Cromwell,Racial Profile,1000245,2500010813,Incident ID,2025-09-17 00:00:00,September,W,N,M,78,True,False,CROMWELL,Main St,  ,  ,V,G,1.0,0,14-218a,,False,N,False,False,V,,,,,False,1.0,CT0003300,134052822408970850,2025-09-17 09:16:24.740000,09:16:24.740000,2025,14-218a,,Speed Related,2025
2025-10-18 13:30:47.210000,7802044.0,CT0003300,Cromwell,Racial Profile,1000245,2500010816,Incident ID,2025-09-17 00:00:00,September,W,N,F,61,True,True,CROMWELL,Hicksville Rd,  ,  ,V,G,1.0,0,14-232(1),,False,N,False,False,I,,,,,False,1.0,CT0003300,134052822408970850,2025-09-17 09:41:27.970000,09:41:27.970000,2025,14-232(1),,Moving Violation,2025
2025-10-18 13:30:47.400000,7802092.0,CT0003300,Cromwell,Racial Profile,1000260,2500010844,Incident ID,2025-09-17 00:00:00,September,W,N,F,74,True,False,CROMWELL,shunpike/woodland,  ,  ,V,G,1.0,0,14-12(a)*,,False,N,False,False,I,,,,,False,1.0,CT0003300,134052822408970850,2025-09-17 22:18:06.003000,22:18:06.003000,2025,14-12(a)*,,Registration,2025
2025-10-18 13:30:47.427000,7802102.0,CT0003300,Cromwell,Racial Profile,1000262,2500010820,Incident ID,2025-09-17 00:00:00,September,W,N,F,43,True,False,CROMWELL,Evergreen @ Holly Hill,  ,  ,V,G,1.0,0,14-301,,False,N,False,False,V,,,,,False,1.0,CT0003300,134052822408970850,2025-09-17 11:28:05.327000,11:28:05.327000,2025,14-301,,Stop Sign,2025
2025-10-18 13:30:47.440000,7802108.0,CT0003300,Cromwell,Racial Profile,1000265,2500010836,Incident ID,2025-09-17 00:00:00,September,W,N,M,39,True,True,CROMWELL,Hicksville Road,  ,  ,V,B,1.0,0,14-218a,,False,N,False,False,V,,,,,False,1.0,CT0003300,134052822408970850,2025-09-17 18:53:32.530000,18:53:32.530000,2025,,,Speed Related,2025
2025-10-18 13:30:47.443000,7802109.0,CT0003300,Cromwell,Racial Profile,1000265,2500010840,Incident ID,2025-09-17 00:00:00,September,W,H,F,35,True,False,CROMWELL,Hicksville Road,  ,  ,V,B,1.0,0,14-218a,,False,N,False,False,V,,,,,False,1.0,CT0003300,134052822408970850,2025-09-17 19:08:54.393000,19:08:54.393000,2025,,,Speed Related,2025
2025-10-18 13:30:47.497000,7802130.0,CT0003300,Cromwell,Racial Profile,1000273,2500010807,Incident ID,2025-09-17 00:00:00,September,W,H,F,36,True,False,CROMWELL,RT 372,  ,  ,E,B,1.0,0,14-96y,,False,N,False,False,I,,,,,False,1.0,CT0003300,134052822408970850,2025-09-17 04:56:11.230000,04:56:11.230000,2025,14036(a),,Defective Lights,2025
2025-10-18 13:30:47.113000,7802003.0,CT0003300,Cromwell,Racial Profile,1000228,2500010875,Incident ID,2025-09-18 00:00:00,September,W,N,F,30,True,True,CROMWELL,Hicksville Rd,  ,  ,V,B,1.0,0,14-218a,,False,N,False,False,V,,,,,False,1.0,CT0003300,134052822408970850,2025-09-18 07:27:51.027000,07:27:51.027000,2025,14-218a,,Speed Related,2025
2025-10-18 13:30:47.013000,7801959.0,CT0003300,Cromwell,Racial Profile,10102,2500010887,Incident ID,2025-09-18 00:00:00,September,B,M,M,20,True,True,CROMWELL,MAIN/WEST,  ,  ,V,G,1.0,0,14-219C71,,False,N,False,False,M,,,,,False,1.0,CT0003300,134052822408970850,2025-09-18 13:51:17.757000,13:51:17.757000,2025,14-219C71,,Speed Related,2025
2025-10-18 13:30:47.340000,7802073.0,CT0003300,Cromwell,Racial Profile,1000255,2500010895,Incident ID,2025-09-18 00:00:00,September,W,N,M,63,True,False,CROMWELL,Berlin Rd,  ,  ,V,G,1.0,0,14-299,,False,N,False,False,V,,,,,False,1.0,CT0003300,134052822408970850,2025-09-18 21:22:19.040000,21:22:19.040000,2025,,,Traffic Control Signal,2025
2025-10-18 13:30:47.500000,7802131.0,CT0003300,Cromwell,Racial Profile,1000273,2500010870,Incident ID,2025-09-18 00:00:00,September,W,N,M,20,True,False,CROMWELL,East ST,  ,  ,V,B,1.0,0,14-299,,False,N,False,False,V,,,,,False,1.0,CT0003300,134052822408970850,2025-09-18 05:22:25.590000,05:22:25.590000,2025,,,Traffic Control Signal,2025
2025-10-18 13:30:47.263000,7802053.0,CT0003300,Cromwell,Racial Profile,1000247,2500010872,Incident ID,2025-09-18 00:00:00,September,W,N,F,24,True,False,CROMWELL,Evergreen Road,  ,  ,V,G,1.0,0,14-301,,False,N,False,False,V,,,,,False,1.0,CT0003300,134052822408970850,2025-09-18 06:40:02.010000,06:40:02.010000,2025,14-301,,Stop Sign,2025
2025-10-18 13:30:47.500000,7802132.0,CT0003300,Cromwell,Racial Profile,1000273,2500010871,Incident ID,2025-09-18 00:00:00,September,W,N,M,37,True,False,CROMWELL,RT 372 @ Coles RD,  ,  ,V,B,1.0,0,14-299,,False,N,False,False,I,,,,,False,1.0,CT0003300,134052822408970850,2025-09-18 06:03:01.413000,06:03:01.413000,2025,14-13,,Traffic Control Signal,2025
2025-10-18 13:30:47.050000,7801975.0,CT0003300,Cromwell,Racial Profile,10110,2500010911,Incident ID,2025-09-19 00:00:00,September,W,H,F,23,True,False,CROMWELL,Hicksville Rd. @ West St.,  ,  ,V,G,1.0,0,14-100ac1,,False,N,False,False,V,,,,,False,1.0,CT0003300,134052822408970850,2025-09-19 08:07:59.180000,08:07:59.180000,2025,14-100ac1,,Seatbelt,2025
2025-10-18 13:30:47.507000,7802134.0,CT0003300,Cromwell,Racial Profile,1000273,2500010947,Incident ID,2025-09-20 00:00:00,September,B,N,F,37,True,False,CROMWELL,RT 372,  ,  ,V,B,1.0,0,14-96a(a),,False,N,False,False,V,,,,,False,1.0,CT0003300,134052822408970850,2025-09-20 05:16:30.900000,05:16:30.900000,2025,,,Defective Lights,2025
2025-10-18 13:30:47.343000,7802074.0,CT0003300,Cromwell,Racial Profile,1000255,2500010961,Incident ID,2025-09-20 00:00:00,September,B,N,M,43,True,False,Cromwell,Sebethe Dr,  ,  ,E,G,1.0,0,14-96a(a),,False,N,False,False,V,,,,,False,1.0,CT0003300,134052822408970850,2025-09-20 21:27:33.310000,21:27:33.310000,2025,,,Defective Lights,2025
2025-10-18 13:30:47.473000,7802122.0,CT0003300,Cromwell,Racial Profile,1000271,2500010963,Incident ID,2025-09-20 00:00:00,September,B,N,M,19,True,True,CROMWELL,Court St//Geer St,  ,  ,V,G,1.0,0,14-301,,False,N,False,False,I,,,,,False,1.0,CT0003300,134052822408970850,2025-09-20 23:34:43.673000,23:34:43.673000,2025,14-301,,Stop Sign,2025
2025-10-18 13:30:47.097000,7801996.0,CT0003300,Cromwell,Racial Profile,1000225,2500010946,Incident ID,2025-09-20 00:00:00,September,W,N,M,26,False,False,CROMWELL,Berlin Rd,  ,  ,E,G,1.0,0,14-96a(a),,False,N,False,False,V,,,,,False,1.0,CT0003300,134052822408970850,2025-09-20 05:11:49.343000,05:11:49.343000,2025,,,Defective Lights,2025
2025-10-18 13:30:47.347000,7802075.0,CT0003300,Cromwell,Racial Profile,1000255,2500010962,Incident ID,2025-09-20 00:00:00,September,W,N,F,51,True,False,Cromwell,Shunpike Rd,  ,  ,V,G,1.0,0,14-12(a)*,,False,N,False,False,I,,,,,False,1.0,CT0003300,134052822408970850,2025-09-20 21:55:33.663000,21:55:33.663000,2025,,,Registration,2025
2025-10-18 13:30:47.503000,7802133.0,CT0003300,Cromwell,Racial Profile,1000273,2500010939,Incident ID,2025-09-20 00:00:00,September,W,M,F,38,True,False,CROMWELL,Shunpike RD,  ,  ,I,B,1.0,0,36a-53a,,False,N,False,False,V,,,,,False,1.0,CT0003300,134052822408970850,2025-09-20 01:22:35.527000,01:22:35.527000,2025,14-251(c),,Other,2025
2025-10-18 13:30:47.023000,7801964.0,CT0003300,Cromwell,Racial Profile,10106,2500010964,Incident ID,2025-09-20 00:00:00,September,W,H,M,46,False,False,CROMWELL,Rt 372/Industrial Park Rd,  ,  ,V,G,1.0,0,14-299,,False,N,False,False,I,,,,,False,1.0,CT0003300,134052822408970850,2025-09-20 23:57:14.803000,23:57:14.803000,2025,,,Traffic Control Signal,2025
2025-10-18 13:30:47.350000,7802076.0,CT0003300,Cromwell,Racial Profile,1000255,2500010986,Incident ID,2025-09-21 00:00:00,September,W,H,F,41,True,False,Cromwell,Evergreen Rd,  ,  ,V,G,1.0,0,14-245,,False,N,False,False,V,,,,,False,1.0,CT0003300,134052822408970850,2025-09-21 17:04:59.367000,17:04:59.367000,2025,,,Moving Violation,2025
2025-10-18 13:30:47.483000,7802124.0,CT0003300,Cromwell,Racial Profile,1000271,2500010971,Incident ID,2025-09-21 00:00:00,September,W,N,M,52,True,False,CROMWELL,176 West Street,  ,  ,V,G,3.0,0,14-230,,True,O,False,True,M,,,,,False,1.0,CT0003300,134052822408970850,2025-09-21 03:22:23.450000,03:22:23.450000,2025,14-227a,,Moving Violation,2025
2025-10-18 13:30:47.510000,7802135.0,CT0003300,Cromwell,Racial Profile,1000273,2500010966,Incident ID,2025-09-21 00:00:00,September,B,N,F,65,True,False,CROMWELL,West St Gulf Station,  ,  ,I,B,1.0,0,01-000,,False,N,False,False,N,,,,,False,1.0,CT0003300,134052822408970850,2025-09-21 00:47:49.920000,00:47:49.920000,2025,,,Other,2025
2025-10-18 13:30:47.513000,7802136.0,CT0003300,Cromwell,Racial Profile,1000273,2500010977,Incident ID,2025-09-21 00:00:00,September,B,N,M,67,True,False,CROMWELL,Main St,  ,  ,V,B,1.0,0,14-218a,,False,N,False,False,I,,,,,False,1.0,CT0003300,134052822408970850,2025-09-21 06:49:53.173000,06:49:53.173000,2025,,,Speed Related,2025
2025-10-18 13:30:47.480000,7802123.0,CT0003300,Cromwell,Racial Profile,1000271,2500010965,Incident ID,2025-09-21 00:00:00,September,W,N,M,40,True,False,CROMWELL,Industrial Park Road,  ,  ,V,G,2.0,0,14-230,,False,N,False,False,V,,,,,False,1.0,CT0003300,134052822408970850,2025-09-21 00:39:22.070000,00:39:22.070000,2025,14-230,,Moving Violation,2025
2025-10-18 13:30:47.400000,7802093.0,CT0003300,Cromwell,Racial Profile,1000260,2500011023,Incident ID,2025-09-22 00:00:00,September,W,N,M,17,True,False,CROMWELL,berlin/country squire,  ,  ,V,G,1.0,0,14-299,,False,N,False,False,V,,,,,False,1.0,CT0003300,134052822408970850,2025-09-22 20:16:59.643000,20:16:59.643000,2025,14-299,,Traffic Control Signal,2025
2025-10-18 13:30:47.270000,7802054.0,CT0003300,Cromwell,Racial Profile,1000247,2500011004,Incident ID,2025-09-22 00:00:00,September,W,N,M,58,True,False,CROMWELL,Evergreen Road,  ,  ,V,G,1.0,0,14-301,,False,N,False,False,V,,,,,False,1.0,CT0003300,134052822408970850,2025-09-22 06:53:28.563000,06:53:28.563000,2025,14-301,,Stop Sign,2025
2025-10-18 13:30:47.100000,7801997.0,CT0003300,Cromwell,Racial Profile,1000225,2500011000,Incident ID,2025-09-22 00:00:00,September,W,N,M,44,True,True,CROMWELL,Berlin Rd,  ,  ,I,G,1.0,0,01-000,,False,N,False,False,N,,,,,False,1.0,CT0003300,134052822408970850,2025-09-22 03:02:32.063000,03:02:32.063000,2025,,,Other,2025
2025-10-18 13:30:47.147000,7802018.0,CT0003300,Cromwell,Racial Profile,1000234,2500010997,Incident ID,2025-09-22 00:00:00,September,W,N,M,52,True,False,CROMWELL,Berlin Rd.,  ,  ,E,G,3.0,1,14-96a(a),,True,O,True,False,M,,,,,False,1.0,CT0003300,134052822408970850,2025-09-22 01:16:14.313000,01:16:14.313000,2025,21a-267a,,Defective Lights,2025
2025-10-18 13:30:47.403000,7802094.0,CT0003300,Cromwell,Racial Profile,1000260,2500011024,Incident ID,2025-09-22 00:00:00,September,B,N,M,23,True,False,CROMWELL,berlin/east,  ,  ,V,G,1.0,0,14-215(a),,False,N,False,False,M,,,,,False,1.0,CT0003300,134052822408970850,2025-09-22 20:27:51.900000,20:27:51.900000,2025,14-215(a),,Administrative Offense,2025
2025-10-18 13:30:47.063000,7801980.0,CT0003300,Cromwell,Racial Profile,10127,2500011016,Incident ID,2025-09-22 00:00:00,September,W,N,M,46,True,False,CROMWELL,Berlin Rd at Sebethe Dr,  ,  ,V,G,2.0,1,14-242(e),,False,N,False,False,M,,,,,False,1.0,CT0003300,134052822408970850,2025-09-22 15:31:53.347000,15:31:53.347000,2025,14-215(a),,Moving Violation,2025
2025-10-18 13:30:47.353000,7802077.0,CT0003300,Cromwell,Racial Profile,1000255,2500011021,Incident ID,2025-09-22 00:00:00,September,W,N,M,31,True,False,Cromwell,Berlin Rd,  ,  ,V,G,1.0,0,14-12(a)*,,False,N,False,False,V,,,,,False,1.0,CT0003300,134052822408970850,2025-09-22 18:18:29.423000,18:18:29.423000,2025,,,Registration,2025
2025-10-18 13:30:47.303000,7802065.0,CT0003300,Cromwell,Racial Profile,1000250,2500011041,Incident ID,2025-09-23 00:00:00,September,W,N,M,36,True,False,CROMWELL,"00072 BERLIN RD (CROMWELL, T033)",  ,  ,V,G,1.0,0,14-12(a)*,,False,N,False,False,I,,,,,False,1.0,CT0003300,134052822408970850,2025-09-23 11:11:34.163000,11:11:34.163000,2025,,,Registration,2025
2025-10-18 13:30:47.307000,7802066.0,CT0003300,Cromwell,Racial Profile,1000250,2500011043,Incident ID,2025-09-23 00:00:00,September,B,N,F,45,True,False,CROMWELL,Berlin Rd,  ,  ,V,G,1.0,0,14-96e,,False,N,False,False,V,,,,,False,1.0,CT0003300,134052822408970850,2025-09-23 12:08:43.260000,12:08:43.260000,2025,,,Defective Lights,2025
2025-10-18 13:30:47.300000,7802064.0,CT0003300,Cromwell,Racial Profile,1000250,2500011040,Incident ID,2025-09-23 00:00:00,September,W,H,F,41,True,False,CROMWELL,West St ,  ,  ,V,G,1.0,0,14-215a,,False,N,False,False,N,,,,,False,1.0,CT0003300,134052822408970850,2025-09-23 11:01:25.913000,11:01:25.913000,2025,,,Administrative Offense,2025
2025-10-18 13:30:47.447000,7802111.0,CT0003300,Cromwell,Racial Profile,1000265,2500011053,Incident ID,2025-09-23 00:00:00,September,B,M,M,29,True,False,CROMWELL,"00161 BERLIN Rd (CROMWELL, T033)",  ,  ,E,G,3.0,1,14-96e,,False,N,False,False,I,,,,,False,1.0,CT0003300,134052822408970850,2025-09-23 21:47:08.433000,21:47:08.433000,2025,14-12(a)*,,Defective Lights,2025
2025-10-18 13:30:47.483000,7802125.0,CT0003300,Cromwell,Racial Profile,1000271,2500011028,Incident ID,2025-09-23 00:00:00,September,W,N,F,20,True,False,CROMWELL,Berlin Road,  ,  ,V,G,1.0,0,14-236,,False,N,False,False,V,,,,,False,1.0,CT0003300,134052822408970850,2025-09-23 01:03:56.083000,01:03:56.083000,2025,14-236,,Moving Violation,2025
2025-10-18 13:30:47.273000,7802055.0,CT0003300,Cromwell,Racial Profile,1000247,2500011058,Incident ID,2025-09-23 00:00:00,September,W,N,M,16,True,False,Cromwell,Berlin Road,  ,  ,V,G,2.0,0,14-96a(a),,False,N,False,False,M,,,,,False,1.0,CT0003300,134052822408970850,2025-09-23 23:43:32.583000,23:43:32.583000,2025,14-36(c)(2)++,,Defective Lights,2025
2025-10-18 13:30:47.443000,7802110.0,CT0003300,Cromwell,Racial Profile,1000265,2500011048,Incident ID,2025-09-23 00:00:00,September,W,H,M,55,True,False,CROMWELL,west st,  ,  ,E,G,1.0,0,14-96e,,False,N,False,False,V,,,,,False,1.0,CT0003300,134052822408970850,2025-09-23 17:08:53.640000,17:08:53.640000,2025,,,Defective Lights,2025
2025-10-18 13:30:47.310000,7802067.0,CT0003300,Cromwell,Racial Profile,1000250,2500011071,Incident ID,2025-09-24 00:00:00,September,W,N,F,64,True,False,CROMWELL," INDUSTRIAL PARK Rd/BERLIN Rd (CROMWELL, T033)",  ,  ,V,G,1.0,0,14-12(a)*,,False,N,False,False,I,,,,,False,1.0,CT0003300,134052822408970850,2025-09-24 11:27:39.280000,11:27:39.280000,2025,,,Registration,2025
2025-10-18 13:30:47.450000,7802113.0,CT0003300,Cromwell,Racial Profile,1000265,2500011081,Incident ID,2025-09-24 00:00:00,September,W,H,F,30,True,False,CROMWELL," WEST St/RT 9  (CROMWELL, T033)",  ,  ,V,G,2.0,1,14-12(a)*,,False,N,False,False,I,,,,,False,1.0,CT0003300,134052822408970850,2025-09-24 18:50:15.857000,18:50:15.857000,2025,14-147(c),,Registration,2025
2025-10-18 13:30:47.407000,7802095.0,CT0003300,Cromwell,Racial Profile,1000260,2500011082,Incident ID,2025-09-24 00:00:00,September,A,N,M,43,True,True,Cromwell,west/shunpike,  ,  ,V,G,1.0,0,14-96a(a),,False,N,False,False,V,,,,,False,1.0,CT0003300,134052822408970850,2025-09-24 19:17:23.837000,19:17:23.837000,2025,14-96a(a),,Defective Lights,2025
2025-10-18 13:30:47.433000,7802104.0,CT0003300,Cromwell,Racial Profile,1000262,2500011073,Incident ID,2025-09-24 00:00:00,September,W,N,F,45,True,False,CROMWELL,Berlin Road @ Country Squire,  ,  ,V,G,3.0,1,14-215a,,False,N,False,False,M,,,,,False,1.0,CT0003300,134052822408970850,2025-09-24 14:01:55.487000,14:01:55.487000,2025,14-213b,,Administrative Offense,2025
2025-10-18 13:30:47.313000,7802068.0,CT0003300,Cromwell,Racial Profile,1000250,2500011072,Incident ID,2025-09-24 00:00:00,September,B,N,F,25,True,False,CROMWELL,Berlin Rd,  ,  ,V,G,1.0,0,14-215a,,False,N,False,False,N,,,,,False,1.0,CT0003300,134052822408970850,2025-09-24 12:17:01.133000,12:17:01.133000,2025,,,Administrative Offense,2025
2025-10-18 13:30:47.450000,7802112.0,CT0003300,Cromwell,Racial Profile,1000265,2500011080,Incident ID,2025-09-24 00:00:00,September,B,M,F,73,True,True,CROMWELL," BERLIN Rd/EAST St (CROMWELL, T033)",  ,  ,V,G,1.0,0,14-12(a)*,,False,N,False,False,I,,,,,False,1.0,CT0003300,134052822408970850,2025-09-24 18:26:58.920000,18:26:58.920000,2025,,,Registration,2025
2025-10-18 13:30:47.487000,7802126.0,CT0003300,Cromwell,Racial Profile,1000271,2500011087,Incident ID,2025-09-25 00:00:00,September,B,N,M,19,True,True,CROMWELL,Berlin Rd,  ,  ,V,G,3.0,0,14-96a(a),,True,O,True,False,M,,,,,False,1.0,CT0003300,134052822408970850,2025-09-25 00:08:28.333000,00:08:28.333000,2025,14-215,,Defective Lights,2025
2025-10-18 13:30:47.373000,7802084.0,CT0003300,Cromwell,Racial Profile,1000258,2500011123,Incident ID,2025-09-25 00:00:00,September,B,M,F,30,True,True,CROMWELL,Berlin Rd,  ,  ,E,G,1.0,0,14-96e,,False,N,False,False,V,,,,,False,1.0,CT0003300,134052822408970850,2025-09-25 20:19:17.810000,20:19:17.810000,2025,,,Defective Lights,2025
2025-10-18 13:30:47.453000,7802114.0,CT0003300,Cromwell,Racial Profile,1000265,2500011125,Incident ID,2025-09-25 00:00:00,September,B,M,M,18,True,False,CROMWELL,berlin rd,  ,  ,V,G,1.0,0,14-299,,False,N,False,False,V,,,,,False,1.0,CT0003300,134052822408970850,2025-09-25 21:13:55.420000,21:13:55.420000,2025,,,Traffic Control Signal,2025
2025-10-18 13:30:47.100000,7801998.0,CT0003300,Cromwell,Racial Profile,1000225,2500011144,Incident ID,2025-09-26 00:00:00,September,W,N,M,64,True,True,CROMWELL,Evergreen Rd,  ,  ,V,G,1.0,0,14-218a,,False,N,False,False,V,,,,,False,1.0,CT0003300,134052822408970850,2025-09-26 05:08:29.100000,05:08:29.100000,2025,,,Speed Related,2025
2025-10-18 13:30:47.457000,7802115.0,CT0003300,Cromwell,Racial Profile,1000265,2500011181,Incident ID,2025-09-26 00:00:00,September,B,M,M,40,False,False,CROMWELL,berlin rd/sebethe,  ,  ,V,G,1.0,0,14-236,,False,N,False,False,V,,,,,False,1.0,CT0003300,134052822408970850,2025-09-26 21:56:32.617000,21:56:32.617000,2025,,,Moving Violation,2025
2025-10-18 13:30:47.153000,7802020.0,CT0003300,Cromwell,Racial Profile,1000234,2500011176,Incident ID,2025-09-26 00:00:00,September,W,N,M,74,True,False,Cromwell,Berlin Rd.,  ,  ,V,G,1.0,0,14-96c,,False,N,False,False,V,,,,,False,1.0,CT0003300,134052822408970850,2025-09-26 19:36:38.177000,19:36:38.177000,2025,14-96c,,Defective Lights,2025
2025-10-18 13:30:47.217000,7802046.0,CT0003300,Cromwell,Racial Profile,1000245,2500011152,Incident ID,2025-09-26 00:00:00,September,W,N,F,28,True,True,CROMWELL,EVERGREEN/DONALD HARRIS DR,  ,  ,V,G,1.0,0,14-301,,False,N,False,False,V,,,,,False,1.0,CT0003300,134052822408970850,2025-09-26 10:32:51.683000,10:32:51.683000,2025,,,Stop Sign,2025
2025-10-18 13:30:47.227000,7802047.0,CT0003300,Cromwell,Racial Profile,1000245,2500011153,Incident ID,2025-09-26 00:00:00,September,W,N,F,60,True,False,CROMWELL,Main St,  ,  ,V,G,1.0,0,14-218a,,False,N,False,False,I,,,,,False,1.0,CT0003300,134052822408970850,2025-09-26 11:16:39.393000,11:16:39.393000,2025,14-218a,,Speed Related,2025
2025-10-18 13:30:47.150000,7802019.0,CT0003300,Cromwell,Racial Profile,1000234,2500011174,Incident ID,2025-09-26 00:00:00,September,W,N,F,69,True,False,CROMWELL,Berlin Rd.,  ,  ,V,G,1.0,0,14-299,,False,N,False,False,V,,,,,False,1.0,CT0003300,134052822408970850,2025-09-26 19:12:20.957000,19:12:20.957000,2025,14-299,,Traffic Control Signal,2025
2025-10-18 13:30:47.053000,7801976.0,CT0003300,Cromwell,Racial Profile,10110,2500011154,Incident ID,2025-09-26 00:00:00,September,W,N,F,67,True,False,Cromwell,Berlin Rd. & Hammerhead Pl.,  ,  ,V,G,1.0,0,14-299,,False,N,False,False,V,,,,,False,1.0,CT0003300,134052822408970850,2025-09-26 11:51:46.093000,11:51:46.093000,2025,14-299,,Traffic Control Signal,2025
2025-10-18 13:30:47.317000,7802069.0,CT0003300,Cromwell,Racial Profile,1000250,2500011161,Incident ID,2025-09-26 00:00:00,September,B,N,F,49,True,False,CROMWELL,"00034 SHUNPIKE RD (CROMWELL, T033)",  ,  ,V,G,2.0,1,14-12(a)*,,False,N,False,False,I,,,,,False,1.0,CT0003300,134052822408970850,2025-09-26 14:04:03.207000,14:04:03.207000,2025,14-213b,,Registration,2025
2025-10-18 13:30:47.357000,7802078.0,CT0003300,Cromwell,Racial Profile,1000255,2500011182,Incident ID,2025-09-26 00:00:00,September,W,N,M,17,True,True,CROMWELL,Shunpike Rd,  ,  ,E,G,1.0,0,14-96a(a),,False,N,False,False,V,,,,,False,1.0,CT0003300,134052822408970850,2025-09-26 22:56:51.533000,22:56:51.533000,2025,,,Defective Lights,2025
2025-10-18 13:30:47.373000,7802085.0,CT0003300,Cromwell,Racial Profile,1000258,2500011180,Incident ID,2025-09-26 00:00:00,September,B,M,F,20,True,False,Cromwell,Berlin Rd,  ,  ,V,G,1.0,0,14-12(a)*,,False,N,False,False,I,,,,,False,1.0,CT0003300,134052822408970850,2025-09-26 21:39:18.130000,21:39:18.130000,2025,,,Registration,2025
2025-10-18 13:30:47.017000,7801960.0,CT0003300,Cromwell,Racial Profile,10102,2500011168,Incident ID,2025-09-26 00:00:00,September,W,N,F,32,True,False,CROMWELL,Coles Rd.,  ,  ,V,B,1.0,0,14-218a,,False,N,False,False,W,,,,,False,1.0,CT0003300,134052822408970850,2025-09-26 18:10:54.790000,18:10:54.790000,2025,,,Speed Related,2025
2025-10-18 13:30:47.020000,7801961.0,CT0003300,Cromwell,Racial Profile,10102,2500011171,Incident ID,2025-09-26 00:00:00,September,A,N,M,53,True,True,CROMWELL,Coles Rd.,  ,  ,V,B,1.0,0,14-218a,,False,N,False,False,W,,,,,False,1.0,CT0003300,134052822408970850,2025-09-26 18:44:54.060000,18:44:54.060000,2025,,,Speed Related,2025
2025-10-18 13:30:47.113000,7802004.0,CT0003300,Cromwell,Racial Profile,1000228,2500011203,Incident ID,2025-09-27 00:00:00,September,W,N,M,50,True,False,CROMWELL,Route 9 North Exit 27 off ramp and West St,  ,  ,V,G,1.0,0,14-299,,False,N,False,False,V,,,,,False,1.0,CT0003300,134052822408970850,2025-09-27 04:58:24.567000,04:58:24.567000,2025,14-299,,Traffic Control Signal,2025
2025-10-18 13:30:47.157000,7802021.0,CT0003300,Cromwell,Racial Profile,1000234,2500011221,Incident ID,2025-09-28 00:00:00,September,W,H,M,48,True,False,CROMWELL,Berlin RD,  ,  ,V,G,2.0,1,14-244,,True,O,True,False,M,,,,,False,1.0,CT0003300,134052822408970850,2025-09-28 00:24:02.843000,00:24:02.843000,2025,14-215(a)*,,Moving Violation,2025
2025-10-18 13:30:47.160000,7802022.0,CT0003300,Cromwell,Racial Profile,1000234,2500011256,Incident ID,2025-09-28 00:00:00,September,A,M,M,21,True,False,CROMWELL,Berlin Rd.,  ,  ,E,G,1.0,0,14-96a(a),,False,N,False,False,V,,,,,False,1.0,CT0003300,134052822408970850,2025-09-28 20:05:26.513000,20:05:26.513000,2025,14-96a(a),,Defective Lights,2025
2025-10-18 13:30:47.023000,7801963.0,CT0003300,Cromwell,Racial Profile,10102,2500011281,Incident ID,2025-09-29 00:00:00,September,W,N,M,41,True,True,CROMWELL,Berlin Rd.,  ,  ,V,G,2.0,1,14-12(a)*,,False,N,False,False,I,,,,,False,1.0,CT0003300,134052822408970850,2025-09-29 13:49:00.027000,13:49:00.027000,2025,14-40(a),,Registration,2025
2025-10-18 13:30:47.460000,7802116.0,CT0003300,Cromwell,Racial Profile,1000265,2500011275,Incident ID,2025-09-29 00:00:00,September,W,H,F,32,True,False,Cromwell,main st,  ,  ,E,G,1.0,0,14-96e,,False,N,False,False,V,,,,,False,1.0,CT0003300,134052822408970850,2025-09-29 10:21:44.147000,10:21:44.147000,2025,,,Defective Lights,2025
2025-10-18 13:30:47.517000,7802137.0,CT0003300,Cromwell,Racial Profile,1000273,2500011270,Incident ID,2025-09-29 00:00:00,September,B,N,M,30,True,False,CROMWELL,348 Main St,  ,  ,I,B,2.0,1,14-12(a)*,,False,N,False,False,I,,,,,False,1.0,CT0003300,134052822408970850,2025-09-29 07:24:34.490000,07:24:34.490000,2025,14-147,,Registration,2025
2025-10-18 13:30:47.020000,7801962.0,CT0003300,Cromwell,Racial Profile,10102,2500011281,Incident ID,2025-09-29 00:00:00,September,W,N,M,41,True,False,CROMWELL,West ST.,  ,  ,V,G,3.0,1,14-18(c),,False,N,False,False,I,,,,,False,1.0,CT0003300,134052822408970850,2025-09-29 13:49:00.027000,13:49:00.027000,2025,14-40a(a),,Display of Plates,2025
2025-10-18 13:30:47.057000,7801977.0,CT0003300,Cromwell,Racial Profile,10110,2500011271,Incident ID,2025-09-29 00:00:00,September,W,N,F,60,True,False,CROMWELL,Exit 23 Rte.9 off-ramp & West Street,  ,  ,V,G,1.0,0,14-299,,False,N,False,False,V,,,,,False,1.0,CT0003300,134052822408970850,2025-09-29 08:00:27.757000,08:00:27.757000,2025,14-299,,Traffic Control Signal,2025
2025-10-18 13:30:47.277000,7802056.0,CT0003300,Cromwell,Racial Profile,1000247,2500011316,Incident ID,2025-09-30 00:00:00,September,W,N,F,30,True,True,CROMWELL,Evergreen Road,  ,  ,V,G,1.0,0,14-301,,False,N,False,False,V,,,,,False,1.0,CT0003300,134052822408970850,2025-09-30 07:22:21.717000,07:22:21.717000,2025,14-301,,Stop Sign,2025
2025-10-18 13:30:47.433000,7802105.0,CT0003300,Cromwell,Racial Profile,1000262,2500011323,Incident ID,2025-09-30 00:00:00,September,B,M,M,22,True,False,CROMWELL,Evergreen @ Washington,  ,  ,V,G,1.0,0,14-301,,False,N,False,False,V,,,,,False,1.0,CT0003300,134052822408970850,2025-09-30 14:03:02.580000,14:03:02.580000,2025,14-301,,Stop Sign,2025
2025-10-18 13:30:47.060000,7801978.0,CT0003300,Cromwell,Racial Profile,10110,2500011322,Incident ID,2025-09-30 00:00:00,September,W,H,M,61,True,False,Cromwell,Berlin Rd. and Hammerhead Pl.,  ,  ,V,G,1.0,0,14-296aab,,False,N,False,False,V,,,,,False,1.0,CT0003300,134052822408970850,2025-09-30 13:50:16.527000,13:50:16.527000,2025,14-296aab,,Cell Phone,2025
2025-11-18 13:32:31.987000,7898845.0,CT0003300,Cromwell,Racial Profile,10110,2500011355,Incident ID,2025-10-01 00:00:00,October,W,N,F,50,True,True,CROMWELL,Geer St and Cromwell Middle School entrance,  ,  ,V,G,1.0,0,14-301,,False,N,False,False,V,,,,,False,1.0,CT0003300,134079643475381575,2025-10-01 06:30:13.973000,06:30:13.973000,2025,14-301,,Stop Sign,2025
2025-11-18 13:32:32.063000,7898872.0,CT0003300,Cromwell,Racial Profile,1000247,2500011397,Incident ID,2025-10-02 00:00:00,October,W,N,M,32,True,False,CROMWELL,Country Squire Drive,  ,  ,V,G,1.0,0,14-299,,False,N,False,False,V,,,,,False,1.0,CT0003300,134079643475381575,2025-10-02 06:30:32.607000,06:30:32.607000,2025,14-299,,Traffic Control Signal,2025
2025-11-18 13:32:32.257000,7898919.0,CT0003300,Cromwell,Racial Profile,1000271,2500011427,Incident ID,2025-10-02 00:00:00,October,W,N,F,24,True,True,CROMWELL,Shunpike Road,  ,  ,V,G,1.0,0,14-230,,False,N,False,False,V,,,,,False,1.0,CT0003300,134079643475381575,2025-10-02 23:39:17.950000,23:39:17.950000,2025,14-230,,Moving Violation,2025
2025-11-18 13:32:32.070000,7898874.0,CT0003300,Cromwell,Racial Profile,1000250,2500011441,Incident ID,2025-10-03 00:00:00,October,A,N,M,25,True,False,CROMWELL,"00029 BERLIN Rd (CROMWELL, T033)",  ,  ,V,G,2.0,1,14-147(c),,False,N,False,False,I,,,,,False,1.0,CT0003300,134079643475381575,2025-10-03 10:02:28.653000,10:02:28.653000,2025,,,Administrative Offense,2025
2025-11-18 13:32:32.107000,7898888.0,CT0003300,Cromwell,Racial Profile,1000258,2500011460,Incident ID,2025-10-03 00:00:00,October,W,N,F,51,True,False,Cromwell,Berlin Rd,  ,  ,V,G,1.0,0,14-218a,,False,N,False,False,V,,,,,False,1.0,CT0003300,134079643475381575,2025-10-03 23:01:39.447000,23:01:39.447000,2025,,,Speed Related,2025
2025-11-18 13:32:32.140000,7898897.0,CT0003300,Cromwell,Racial Profile,1000260,2500011454,Incident ID,2025-10-03 00:00:00,October,B,N,M,27,True,False,CROMWELL,shunpike/west,  ,  ,V,G,1.0,0,14-96a(a),,False,N,False,False,V,,,,,False,1.0,CT0003300,134079643475381575,2025-10-03 19:34:56.517000,19:34:56.517000,2025,14-96a(a),,Defective Lights,2025
2025-11-18 13:32:32.260000,7898920.0,CT0003300,Cromwell,Racial Profile,1000271,2500011434,Incident ID,2025-10-03 00:00:00,October,B,N,M,46,True,False,CROMWELL,"123 West Street, Cromwell",  ,  ,V,G,3.0,0,14-218a,,True,O,True,True,U,,,,,False,1.0,CT0003300,134079643475381575,2025-10-03 01:35:30.167000,01:35:30.167000,2025,53-206,,Speed Related,2025
2025-11-18 13:32:32.103000,7898887.0,CT0003300,Cromwell,Racial Profile,1000258,2500011459,Incident ID,2025-10-03 00:00:00,October,W,N,F,22,True,False,CROMWELL,West St,  ,  ,V,G,1.0,1,14-299,,False,N,False,False,V,,,,,False,1.0,CT0003300,134079643475381575,2025-10-03 22:13:46.350000,22:13:46.350000,2025,,,Traffic Control Signal,2025
2025-11-18 13:32:32.143000,7898898.0,CT0003300,Cromwell,Racial Profile,1000260,2500011456,Incident ID,2025-10-03 00:00:00,October,W,N,F,29,False,False,CROMWELL,14-299,  ,  ,V,G,1.0,0,14-299,,False,N,False,False,V,,,,,False,1.0,CT0003300,134079643475381575,2025-10-03 20:35:15.113000,20:35:15.113000,2025,14-299,,Traffic Control Signal,2025
2025-11-18 13:32:32.077000,7898877.0,CT0003300,Cromwell,Racial Profile,1000255,2500011496,Incident ID,2025-10-04 00:00:00,October,W,H,M,31,True,False,CROMWELL,Berlin Rd,  ,  ,E,G,1.0,0,14-96a(a),,False,N,False,False,V,,,,,False,1.0,CT0003300,134079643475381575,2025-10-04 18:49:14.827000,18:49:14.827000,2025,,,Defective Lights,2025
2025-11-18 13:32:31.973000,7898841.0,CT0003300,Cromwell,Racial Profile,10102,2500011498,Incident ID,2025-10-04 00:00:00,October,B,N,F,38,True,False,CROMWELL,West St.,  ,  ,V,G,3.0,1,14-230(a),,False,N,False,False,I,,,,,False,1.0,CT0003300,134079643475381575,2025-10-04 19:20:52.530000,19:20:52.530000,2025,14-213b,,Moving Violation,2025
2025-11-18 13:32:32.260000,7898921.0,CT0003300,Cromwell,Racial Profile,1000273,2500011468,Incident ID,2025-10-04 00:00:00,October,W,N,F,20,True,False,CROMWELL,RT 372,  ,  ,E,G,1.0,0,14-96a(a),,False,N,False,False,V,,,,,False,1.0,CT0003300,134079643475381575,2025-10-04 01:22:20.557000,01:22:20.557000,2025,,,Defective Lights,2025
2025-11-18 13:32:32.047000,7898866.0,CT0003300,Cromwell,Racial Profile,1000245,2500011485,Incident ID,2025-10-04 00:00:00,October,W,N,M,69,True,False,CROMWELL,Coles Rd,  ,  ,V,G,1.0,0,14-218a,,False,N,False,False,V,,,,,False,1.0,CT0003300,134079643475381575,2025-10-04 10:21:06.813000,10:21:06.813000,2025,14-218a,,Speed Related,2025
2025-11-18 13:32:32.023000,7898857.0,CT0003300,Cromwell,Racial Profile,1000234,2500011500,Incident ID,2025-10-04 00:00:00,October,W,N,M,32,True,True,CROMWELL,Berlin Rd.,  ,  ,E,G,1.0,0,14-96c,,False,N,False,False,V,,,,,False,1.0,CT0003300,134079643475381575,2025-10-04 21:50:21.333000,21:50:21.333000,2025,14-96c,,Defective Lights,2025
2025-11-18 13:32:32.043000,7898865.0,CT0003300,Cromwell,Racial Profile,1000245,2500011484,Incident ID,2025-10-04 00:00:00,October,W,N,F,46,True,True,CROMWELL,Coles Rd,  ,  ,V,G,1.0,0,14-218a,,False,N,False,False,V,,,,,False,1.0,CT0003300,134079643475381575,2025-10-04 10:14:48.677000,10:14:48.677000,2025,14-218a,,Speed Related,2025
2025-11-18 13:32:32.050000,7898867.0,CT0003300,Cromwell,Racial Profile,1000245,2500011489,Incident ID,2025-10-04 00:00:00,October,W,N,F,31,True,False,CROMWELL,Main St,  ,  ,V,G,1.0,0,14-218a,,False,N,False,False,I,,,,,False,1.0,CT0003300,134079643475381575,2025-10-04 14:09:07.333000,14:09:07.333000,2025,14-218a,,Speed Related,2025
2025-11-18 13:32:32.110000,7898889.0,CT0003300,Cromwell,Racial Profile,1000258,2500011532,Incident ID,2025-10-05 00:00:00,October,W,N,F,67,False,False,CROMWELL,West St,  ,  ,V,G,1.0,0,14-299,,False,N,False,False,V,,,,,False,1.0,CT0003300,134079643475381575,2025-10-05 20:14:22.183000,20:14:22.183000,2025,,,Traffic Control Signal,2025
2025-11-18 13:32:32.263000,7898922.0,CT0003300,Cromwell,Racial Profile,1000273,2500011510,Incident ID,2025-10-05 00:00:00,October,W,N,M,45,True,False,Cromwell,Route 372 ,  ,  ,V,B,1.0,0,14-233,,False,N,False,False,V,,,,,False,1.0,CT0003300,134079643475381575,2025-10-05 02:47:48.723000,02:47:48.723000,2025,,,Moving Violation,2025
2025-11-18 13:32:31.980000,7898842.0,CT0003300,Cromwell,Racial Profile,10102,2500011521,Incident ID,2025-10-05 00:00:00,October,W,N,F,55,True,False,CROMWELL,Hicksville Rd.q,  ,  ,V,B,1.0,0,14-218a,,False,N,False,False,V,,,,,False,1.0,CT0003300,134079643475381575,2025-10-05 12:09:24.280000,12:09:24.280000,2025,,,Speed Related,2025
2025-11-18 13:32:32.023000,7898858.0,CT0003300,Cromwell,Racial Profile,1000234,2500011504,Incident ID,2025-10-05 00:00:00,October,W,H,M,28,False,False,CROMWELL,Berlin Rd.,  ,  ,V,G,1.0,0,14-242,,False,N,False,False,V,,,,,False,1.0,CT0003300,134079643475381575,2025-10-05 01:25:27.770000,01:25:27.770000,2025,14-230,,Moving Violation,2025
2025-11-18 13:32:31.980000,7898843.0,CT0003300,Cromwell,Racial Profile,10102,2500011523,Incident ID,2025-10-05 00:00:00,October,W,H,F,18,True,False,CROMWELL,Hicksville Rd.,  ,  ,V,B,1.0,0,14-218a,,False,N,False,False,V,,,,,False,1.0,CT0003300,134079643475381575,2025-10-05 12:37:46.317000,12:37:46.317000,2025,,,Speed Related,2025
2025-11-18 13:32:31.987000,7898846.0,CT0003300,Cromwell,Racial Profile,10110,2500011519,Incident ID,2025-10-05 00:00:00,October,W,N,M,25,False,False,CROMWELL,Main Street and South Street,  ,  ,V,G,1.0,0,14-218a,,False,N,False,False,V,,,,,False,1.0,CT0003300,134079643475381575,2025-10-05 10:44:19.627000,10:44:19.627000,2025,14-218a,,Speed Related,2025
2025-11-18 13:32:32.080000,7898878.0,CT0003300,Cromwell,Racial Profile,1000255,2500011562,Incident ID,2025-10-06 00:00:00,October,W,N,F,61,False,False,CROMWELL,Berlin Rd,  ,  ,V,G,1.0,0,14-299,,False,N,False,False,V,,,,,False,1.0,CT0003300,134079643475381575,2025-10-06 18:27:39.780000,18:27:39.780000,2025,,,Traffic Control Signal,2025
2025-11-18 13:32:32.080000,7898879.0,CT0003300,Cromwell,Racial Profile,1000255,2500011563,Incident ID,2025-10-06 00:00:00,October,B,N,M,23,True,False,CROMWELL,West St,  ,  ,E,G,1.0,0,14-96a(a),,False,N,False,False,V,,,,,False,1.0,CT0003300,134079643475381575,2025-10-06 18:50:23.470000,18:50:23.470000,2025,,,Defective Lights,2025
2025-11-18 13:32:32.087000,7898880.0,CT0003300,Cromwell,Racial Profile,1000255,2500011601,Incident ID,2025-10-07 00:00:00,October,W,N,M,29,True,False,CROMWELL,West St,  ,  ,V,G,1.0,0,14-241,,False,N,False,False,V,,,,,False,1.0,CT0003300,134079643475381575,2025-10-07 19:15:53.967000,19:15:53.967000,2025,,,Moving Violation,2025
2025-11-18 13:32:32.090000,7898881.0,CT0003300,Cromwell,Racial Profile,1000255,2500011604,Incident ID,2025-10-07 00:00:00,October,W,N,F,58,True,False,CROMWELL,Berlin Rd,  ,  ,E,G,1.0,0,14-96a(a),,False,N,False,False,V,,,,,False,1.0,CT0003300,134079643475381575,2025-10-07 22:45:27.753000,22:45:27.753000,2025,,,Defective Lights,2025
2025-11-18 13:32:32.113000,7898890.0,CT0003300,Cromwell,Racial Profile,1000258,2500011600,Incident ID,2025-10-07 00:00:00,October,W,N,M,59,False,False,CROMWELL,Main St,  ,  ,E,G,1.0,0,14-96a(a),,False,N,False,False,V,,,,,False,1.0,CT0003300,134079643475381575,2025-10-07 19:06:09,19:06:09,2025,,,Defective Lights,2025
2025-11-18 13:32:32.147000,7898899.0,CT0003300,Cromwell,Racial Profile,1000260,2500011602,Incident ID,2025-10-07 00:00:00,October,W,N,F,52,True,False,CROMWELL," COMMERCE Dr/SHUNPIKE Rd (CROMWELL, T033)",  ,  ,V,G,2.0,0,14-12(a)*,,False,N,False,False,I,,,,,False,1.0,CT0003300,134079643475381575,2025-10-07 19:58:49.813000,19:58:49.813000,2025,14-12(a)*,,Registration,2025
2025-11-18 13:32:32.090000,7898882.0,CT0003300,Cromwell,Racial Profile,1000255,2500011636,Incident ID,2025-10-08 00:00:00,October,B,N,F,44,True,False,CROMWELL,Berlin Rd,  ,  ,E,G,1.0,0,14-96a(a),,False,N,False,False,V,,,,,False,1.0,CT0003300,134079643475381575,2025-10-08 18:47:00.170000,18:47:00.170000,2025,,,Defective Lights,2025
2025-11-18 13:32:31.990000,7898847.0,CT0003300,Cromwell,Racial Profile,10110,2500011635,Incident ID,2025-10-08 00:00:00,October,W,N,F,33,True,False,CROMWELL,Main St. and Evergereen Rd.,  ,  ,V,G,1.0,0,14-301,,False,N,False,False,V,,,,,False,1.0,CT0003300,134079643475381575,2025-10-08 17:01:58.977000,17:01:58.977000,2025,14-301,,Stop Sign,2025
2025-11-18 13:32:31.983000,7898844.0,CT0003300,Cromwell,Racial Profile,10106,2500011688,Incident ID,2025-10-09 00:00:00,October,B,N,M,29,True,False,CROMWELL,Rt 372/Rt 217,  ,  ,V,G,1.0,0,14-299,,False,N,False,False,W,,,,,False,1.0,CT0003300,134079643475381575,2025-10-09 21:58:51.790000,21:58:51.790000,2025,,,Traffic Control Signal,2025
2025-11-18 13:32:32.200000,7898908.0,CT0003300,Cromwell,Racial Profile,1000262,2500011679,Incident ID,2025-10-09 00:00:00,October,W,H,F,52,True,False,CROMWELL,Berlin Road @ Coles Road,  ,  ,V,G,2.0,0,14-12(a)*,,False,N,False,False,I,,,,,False,1.0,CT0003300,134079643475381575,2025-10-09 12:46:29.003000,12:46:29.003000,2025,14-12(a)*,,Registration,2025
2025-11-18 13:32:32.147000,7898900.0,CT0003300,Cromwell,Racial Profile,1000260,2500011723,Incident ID,2025-10-10 00:00:00,October,W,N,M,51,True,True,CROMWELL,west/washington,  ,  ,V,G,2.0,0,14-12(a)*,,False,N,False,False,I,,,,,False,1.0,CT0003300,134079643475381575,2025-10-10 18:23:36.747000,18:23:36.747000,2025,14-12(a)*,,Registration,2025
2025-11-18 13:32:32.113000,7898891.0,CT0003300,Cromwell,Racial Profile,1000258,2500011771,Incident ID,2025-10-11 00:00:00,October,W,H,M,21,True,True,CROMWELL,Berlin Rd,  ,  ,V,G,2.0,0,14-299,,False,N,False,False,I,,,,,False,1.0,CT0003300,134079643475381575,2025-10-11 20:45:41.177000,20:45:41.177000,2025,,,Traffic Control Signal,2025
2025-11-18 13:32:32.153000,7898901.0,CT0003300,Cromwell,Racial Profile,1000260,2500011769,Incident ID,2025-10-11 00:00:00,October,W,N,F,52,True,False,CROMWELL," KIRBY Rd/BERLIN Rd (CROMWELL, T033)",  ,  ,V,G,1.0,0,14-12(a)*,,False,N,False,False,I,,,,,False,1.0,CT0003300,134079643475381575,2025-10-11 19:42:32.523000,19:42:32.523000,2025,14-12(a)*,,Registration,2025
2025-11-18 13:32:32.003000,7898852.0,CT0003300,Cromwell,Racial Profile,1000225,2500011775,Incident ID,2025-10-12 00:00:00,October,W,N,M,25,True,False,CROMWELL,East St,  ,  ,V,G,1.0,0,14-12(a)*,,False,N,False,False,V,,,,,False,1.0,CT0003300,134079643475381575,2025-10-12 00:16:54.320000,00:16:54.320000,2025,,,Registration,2025
2025-11-18 13:32:32.167000,7898902.0,CT0003300,Cromwell,Racial Profile,1000260,2500011791,Incident ID,2025-10-12 00:00:00,October,W,N,F,30,True,True,CROMWELL,berlin/kirby,  ,  ,V,G,1.0,1,14-96a(a),,False,N,False,False,I,,,,,False,1.0,CT0003300,134079643475381575,2025-10-12 21:28:43.630000,21:28:43.630000,2025,14-213b,,Defective Lights,2025
2025-11-18 13:32:32.040000,7898864.0,CT0003300,Cromwell,Racial Profile,1000239,2500011815,Incident ID,2025-10-13 00:00:00,October,W,N,M,74,True,False,CROMWELL,Evergreen Road & Shunpike Road ,  ,  ,V,G,1.0,0,14-299,,False,N,False,False,V,,,,,False,1.0,CT0003300,134079643475381575,2025-10-13 10:24:30.967000,10:24:30.967000,2025,14-299,,Traffic Control Signal,2025
2025-11-18 13:32:32.130000,7898892.0,CT0003300,Cromwell,Racial Profile,1000258,2500011885,Incident ID,2025-10-15 00:00:00,October,W,N,M,28,True,False,CROMWELL,"00072 BERLIN RD (Cromwell, T033)",  ,  ,V,G,1.0,0,14-12(a)*,,False,N,False,False,I,,,,,False,1.0,CT0003300,134079643475381575,2025-10-15 17:29:06.667000,17:29:06.667000,2025,,,Registration,2025
2025-11-18 13:32:32.017000,7898855.0,CT0003300,Cromwell,Racial Profile,1000228,2500011869,Incident ID,2025-10-15 00:00:00,October,W,N,F,24,True,False,CROMWELL,East St. and Berlin Rd.,  ,  ,E,G,1.0,0,14-96a(a),,False,N,False,False,V,,,,,False,1.0,CT0003300,134079643475381575,2025-10-15 05:55:34.937000,05:55:34.937000,2025,14-96a(a),,Defective Lights,2025
2025-11-18 13:32:32.093000,7898883.0,CT0003300,Cromwell,Racial Profile,1000255,2500011914,Incident ID,2025-10-16 00:00:00,October,W,N,F,65,True,False,Cromwell,Shunpike Rd,  ,  ,V,G,1.0,0,14-247,,False,N,False,False,V,,,,,False,1.0,CT0003300,134079643475381575,2025-10-16 12:28:31.730000,12:28:31.730000,2025,,,Moving Violation,2025
2025-11-18 13:32:32.267000,7898923.0,CT0003300,Cromwell,Racial Profile,1000273,2500011922,Incident ID,2025-10-16 00:00:00,October,B,N,M,20,True,False,CROMWELL,RT 372,  ,  ,V,B,1.0,0,14-299,,False,N,False,False,W,,,,,False,1.0,CT0003300,134079643475381575,2025-10-16 16:26:04.083000,16:26:04.083000,2025,14-12a(2),,Traffic Control Signal,2025
2025-11-18 13:32:32.020000,7898856.0,CT0003300,Cromwell,Racial Profile,1000228,2500011903,Incident ID,2025-10-16 00:00:00,October,W,H,M,27,True,False,CROMWELL,Main St.,  ,  ,I,G,2.0,1,14-147(c),,False,N,False,False,I,,,,,False,1.0,CT0003300,134079643475381575,2025-10-16 06:19:34.650000,06:19:34.650000,2025,14-147(c),,Administrative Offense,2025
2025-11-18 13:32:32.170000,7898903.0,CT0003300,Cromwell,Racial Profile,1000260,2500011924,Incident ID,2025-10-16 00:00:00,October,W,N,M,17,True,True,CROMWELL,main/court,  ,  ,V,G,1.0,0,14-12(a)*,,False,N,False,False,V,,,,,False,1.0,CT0003300,134079643475381575,2025-10-16 17:05:11.377000,17:05:11.377000,2025,14-12(a)*,,Registration,2025
2025-11-18 13:32:32.097000,7898884.0,CT0003300,Cromwell,Racial Profile,1000255,2500011951,Incident ID,2025-10-17 00:00:00,October,W,N,M,59,True,True,CROMWELL,Court St,  ,  ,V,G,1.0,0,14-301,,False,N,False,False,V,,,,,False,1.0,CT0003300,134079643475381575,2025-10-17 09:51:23.533000,09:51:23.533000,2025,,,Stop Sign,2025
2025-11-18 13:32:32.270000,7898924.0,CT0003300,Cromwell,Racial Profile,1000273,2500011995,Incident ID,2025-10-18 00:00:00,October,W,N,M,60,True,False,CROMWELL,RT 372 @ 91N on ramp,  ,  ,V,B,1.0,0,14-247,,False,N,False,False,V,,,,,False,1.0,CT0003300,134079643475381575,2025-10-18 10:03:31.830000,10:03:31.830000,2025,,,Moving Violation,2025
2025-11-18 13:32:32.270000,7898925.0,CT0003300,Cromwell,Racial Profile,1000273,2500011998,Incident ID,2025-10-18 00:00:00,October,W,N,M,35,True,False,CROMWELL,1 Industrial Park RD,  ,  ,I,G,3.0,0,14-227a,,True,C,False,True,M,,,,,False,1.0,CT0003300,134079643475381575,2025-10-18 11:12:23.523000,11:12:23.523000,2025,,,Other,2025
2025-11-18 13:32:32.227000,7898913.0,CT0003300,Cromwell,Racial Profile,1000265,2500012014,Incident ID,2025-10-18 00:00:00,October,W,N,F,17,True,True,CROMWELL,main st,  ,  ,V,B,1.0,0,14-218a,,False,N,False,False,V,,,,,False,1.0,CT0003300,134079643475381575,2025-10-18 23:08:03.657000,23:08:03.657000,2025,,,Speed Related,2025
2025-11-18 13:32:32.070000,7898875.0,CT0003300,Cromwell,Racial Profile,1000250,2500012057,Incident ID,2025-10-20 00:00:00,October,W,H,F,45,True,False,CROMWELL,West St,  ,  ,V,G,1.0,0,14-230,,False,N,False,False,V,,,,,False,1.0,CT0003300,134079643475381575,2025-10-20 13:13:09.750000,13:13:09.750000,2025,,,Moving Violation,2025
2025-11-18 13:32:32.027000,7898859.0,CT0003300,Cromwell,Racial Profile,1000234,2500012108,Incident ID,2025-10-21 00:00:00,October,W,H,F,43,True,False,CROMWELL,Berlin Rd,  ,  ,V,G,1.0,0,14-244,,False,N,False,False,V,,,,,False,1.0,CT0003300,134079643475381575,2025-10-21 22:26:19.610000,22:26:19.610000,2025,14-244,,Moving Violation,2025
2025-11-18 13:32:32.130000,7898893.0,CT0003300,Cromwell,Racial Profile,1000258,2500012102,Incident ID,2025-10-21 00:00:00,October,W,N,M,41,True,False,CROMWELL,West St,  ,  ,V,G,1.0,0,14-299,,False,N,False,False,V,,,,,False,1.0,CT0003300,134079643475381575,2025-10-21 19:13:27.353000,19:13:27.353000,2025,,,Traffic Control Signal,2025
2025-11-18 13:32:32.030000,7898860.0,CT0003300,Cromwell,Racial Profile,1000234,2500012109,Incident ID,2025-10-21 00:00:00,October,W,H,F,29,True,False,CROMWELL,Berlin Rd.,  ,  ,V,G,2.0,0,14-236,,False,N,False,False,I,,,,,False,1.0,CT0003300,134079643475381575,2025-10-21 22:36:45.757000,22:36:45.757000,2025,14-12(a)*,,Moving Violation,2025
2025-11-18 13:32:31.993000,7898848.0,CT0003300,Cromwell,Racial Profile,10110,2500012087,Incident ID,2025-10-21 00:00:00,October,W,N,M,26,True,True,CROMWELL,Berlin Rd. and Country Squire Dr.,  ,  ,V,G,1.0,0,14-299,,False,N,False,False,V,,,,,False,1.0,CT0003300,134079643475381575,2025-10-21 07:15:16.680000,07:15:16.680000,2025,14-299,,Traffic Control Signal,2025
2025-11-18 13:32:32.133000,7898894.0,CT0003300,Cromwell,Racial Profile,1000258,2500012107,Incident ID,2025-10-21 00:00:00,October,W,N,F,51,False,False,CROMWELL,West St,  ,  ,V,G,1.0,0,14-236,,False,N,False,False,V,,,,,False,1.0,CT0003300,134079643475381575,2025-10-21 22:15:59.353000,22:15:59.353000,2025,,,Moving Violation,2025
2025-11-18 13:32:32.173000,7898904.0,CT0003300,Cromwell,Racial Profile,1000260,2500012104,Incident ID,2025-10-21 00:00:00,October,W,N,M,42,True,False,Cromwell,berlin/coles,  ,  ,V,G,2.0,1,14-215(a),,False,N,False,False,M,,,,,False,1.0,CT0003300,134079643475381575,2025-10-21 20:55:59.183000,20:55:59.183000,2025,14-215(a),,Administrative Offense,2025
2025-11-18 13:32:32.183000,7898905.0,CT0003300,Cromwell,Racial Profile,1000260,2500012137,Incident ID,2025-10-22 00:00:00,October,W,N,F,65,True,False,CROMWELL,berlin/willowbrook,  ,  ,V,G,1.0,0,14-12(a)*,,False,N,False,False,I,,,,,False,1.0,CT0003300,134079643475381575,2025-10-22 17:28:34.403000,17:28:34.403000,2025,14-12(a)*,,Registration,2025
2025-11-18 13:32:32.137000,7898895.0,CT0003300,Cromwell,Racial Profile,1000258,2500012138,Incident ID,2025-10-22 00:00:00,October,W,N,M,63,True,True,CROMWELL,"00134 BERLIN Rd (CROMWELL, T033)",  ,  ,V,G,2.0,0,14-12(a)*,,False,N,False,False,I,,,,,False,1.0,CT0003300,134079643475381575,2025-10-22 17:42:16.633000,17:42:16.633000,2025,,,Registration,2025
2025-11-18 13:32:32.003000,7898853.0,CT0003300,Cromwell,Racial Profile,1000225,2500012149,Incident ID,2025-10-23 00:00:00,October,W,N,M,35,True,True,Cromwell,Industrial Park Rd,  ,  ,E,S,1.0,0,14-96a(a),,False,N,False,False,W,,,,,False,1.0,CT0003300,134079643475381575,2025-10-23 00:06:30.840000,00:06:30.840000,2025,,,Defective Lights,2025
2025-11-18 13:32:32.230000,7898914.0,CT0003300,Cromwell,Racial Profile,1000265,2500012180,Incident ID,2025-10-23 00:00:00,October,W,N,F,75,True,False,CROMWELL,"00117 BERLIN RD (CROMWELL, T033)",  ,  ,V,G,2.0,0,14-12(a)*,,False,N,False,False,I,,,,,False,1.0,CT0003300,134079643475381575,2025-10-23 18:10:50.407000,18:10:50.407000,2025,,,Registration,2025
2025-11-18 13:32:32.010000,7898854.0,CT0003300,Cromwell,Racial Profile,1000225,2500012185,Incident ID,2025-10-24 00:00:00,October,B,N,M,19,True,False,CROMWELL,Sebethe Dr,  ,  ,V,G,1.0,0,14-301,,False,N,False,False,V,,,,,False,1.0,CT0003300,134079643475381575,2025-10-24 00:19:59.317000,00:19:59.317000,2025,,,Stop Sign,2025
2025-11-18 13:32:32.207000,7898909.0,CT0003300,Cromwell,Racial Profile,1000262,2500012234,Incident ID,2025-10-24 00:00:00,October,B,N,M,59,True,True,Cromwell,Willowbrook @ 372,  ,  ,V,G,1.0,0,14-299,,False,N,False,False,V,,,,,False,1.0,CT0003300,134079643475381575,2025-10-24 20:50:51.083000,20:50:51.083000,2025,14-299,,Traffic Control Signal,2025
2025-11-18 13:32:32.233000,7898915.0,CT0003300,Cromwell,Racial Profile,1000265,2500012232,Incident ID,2025-10-24 00:00:00,October,W,N,F,35,True,True,CROMWELL,evergreen,  ,  ,E,G,1.0,0,14-96a(a),,False,N,False,False,V,,,,,False,1.0,CT0003300,134079643475381575,2025-10-24 20:08:56.413000,20:08:56.413000,2025,,,Defective Lights,2025
2025-11-18 13:32:32.240000,7898916.0,CT0003300,Cromwell,Racial Profile,1000265,2500012236,Incident ID,2025-10-24 00:00:00,October,W,N,M,48,True,True,CROMWELL," BERLIN Rd/HAMMERHEAD Pl (CROMWELL, T033)",  ,  ,V,G,1.0,0,14-12(a)*,,False,N,False,False,I,,,,,False,1.0,CT0003300,134079643475381575,2025-10-24 22:16:36.190000,22:16:36.190000,2025,,,Registration,2025
2025-11-18 13:32:32.210000,7898910.0,CT0003300,Cromwell,Racial Profile,1000262,2500012267,Incident ID,2025-10-25 00:00:00,October,A,M,M,22,True,False,Cromwell,Willowbrook @ Berlin Road,  ,  ,V,G,1.0,0,14-299,,False,N,False,False,V,,,,,False,1.0,CT0003300,134079643475381575,2025-10-25 22:26:25.973000,22:26:25.973000,2025,14-299,,Traffic Control Signal,2025
2025-11-18 13:32:31.997000,7898849.0,CT0003300,Cromwell,Racial Profile,10110,2500012266,Incident ID,2025-10-25 00:00:00,October,B,N,F,27,True,False,CROMWELL,Berlin Rd. @ Exit of Cromwell Square Plaza,  ,  ,E,G,1.0,0,14-96c,,False,N,False,False,V,,,,,False,1.0,CT0003300,134079643475381575,2025-10-25 21:36:06.810000,21:36:06.810000,2025,14-96c,,Defective Lights,2025
2025-11-18 13:32:32.100000,7898885.0,CT0003300,Cromwell,Racial Profile,1000255,2500012291,Incident ID,2025-10-26 00:00:00,October,W,N,F,46,True,True,CROMWELL,Evergreen Rd,  ,  ,V,G,1.0,0,14-301,,False,N,False,False,V,,,,,False,1.0,CT0003300,134079643475381575,2025-10-26 12:31:50.850000,12:31:50.850000,2025,,,Stop Sign,2025
2025-11-18 13:32:32.253000,7898918.0,CT0003300,Cromwell,Racial Profile,1000265,2500012298,Incident ID,2025-10-26 00:00:00,October,W,N,M,22,True,True,CROMWELL,EVERGREEN/COLES,  ,  ,V,B,1.0,0,14-301,,False,N,False,False,V,,,,,False,1.0,CT0003300,134079643475381575,2025-10-26 21:44:01.337000,21:44:01.337000,2025,,,Stop Sign,2025
2025-11-18 13:32:32.227000,7898912.0,CT0003300,Cromwell,Racial Profile,1000262,2500012299,Incident ID,2025-10-26 00:00:00,October,W,N,F,27,True,False,CROMWELL,West Street @ Shunike Road,  ,  ,E,G,1.0,0,14-96a(a),,False,N,False,False,V,,,,,False,1.0,CT0003300,134079643475381575,2025-10-26 21:52:44.420000,21:52:44.420000,2025,14-96a(a),,Defective Lights,2025
2025-11-18 13:32:32.223000,7898911.0,CT0003300,Cromwell,Racial Profile,1000262,2500012296,Incident ID,2025-10-26 00:00:00,October,W,N,F,31,True,True,CROMWELL,Berlin Road @ Willowbrook,  ,  ,V,G,2.0,0,14-12(a)*,,False,N,False,False,I,,,,,False,1.0,CT0003300,134079643475381575,2025-10-26 21:17:03.573000,21:17:03.573000,2025,14-12(a)*,,Registration,2025
2025-11-18 13:32:32.240000,7898917.0,CT0003300,Cromwell,Racial Profile,1000265,2500012297,Incident ID,2025-10-26 00:00:00,October,A,M,M,26,True,False,CROMWELL,evergreen/coles,  ,  ,V,B,1.0,0,14-301,,False,N,False,False,V,,,,,False,1.0,CT0003300,134079643475381575,2025-10-26 21:37:38.343000,21:37:38.343000,2025,,,Stop Sign,2025
2025-11-18 13:32:32.057000,7898869.0,CT0003300,Cromwell,Racial Profile,1000245,2500012330,Incident ID,2025-10-27 00:00:00,October,W,N,M,76,True,False,CROMWELL,HICKSVILLE/OVERLOOK ,  ,  ,V,G,1.0,0,14-218A,,False,N,False,False,I,,,,,False,1.0,CT0003300,134079643475381575,2025-10-27 11:26:12.080000,11:26:12.080000,2025,36a-53a,,Speed Related,2025
2025-11-18 13:32:32.140000,7898896.0,CT0003300,Cromwell,Racial Profile,1000258,2500012351,Incident ID,2025-10-27 00:00:00,October,W,N,F,61,True,False,Cromwell,Berlin Rd,  ,  ,V,G,3.0,1,14-215(a),,False,N,False,False,M,,,,,False,1.0,CT0003300,134079643475381575,2025-10-27 22:29:40.710000,22:29:40.710000,2025,,,Administrative Offense,2025
2025-11-18 13:32:32.050000,7898868.0,CT0003300,Cromwell,Racial Profile,1000245,2500012328,Incident ID,2025-10-27 00:00:00,October,W,N,F,75,True,True,CROMWELL,OLD WEST/MYSTIQUE,  ,  ,V,G,1.0,0,14-218A,,False,N,False,False,V,,,,,False,1.0,CT0003300,134079643475381575,2025-10-27 11:15:35.187000,11:15:35.187000,2025,,,Speed Related,2025
2025-11-18 13:32:32.060000,7898870.0,CT0003300,Cromwell,Racial Profile,1000245,2500012338,Incident ID,2025-10-27 00:00:00,October,W,N,M,77,True,True,CROMWELL,HICKSVILLE/BISHOP,  ,  ,V,G,1.0,0,14-218A,,False,N,False,False,V,,,,,False,1.0,CT0003300,134079643475381575,2025-10-27 14:32:35.673000,14:32:35.673000,2025,,,Speed Related,2025
2025-11-18 13:32:32.060000,7898871.0,CT0003300,Cromwell,Racial Profile,1000245,2500012341,Incident ID,2025-10-27 00:00:00,October,W,N,M,58,True,True,CROMWELL,HICKSVILLE/SOUTH,  ,  ,V,G,1.0,0,14-218A,,False,N,False,False,V,,,,,False,1.0,CT0003300,134079643475381575,2025-10-27 14:56:04.897000,14:56:04.897000,2025,,,Speed Related,2025
2025-11-18 13:32:32.190000,7898906.0,CT0003300,Cromwell,Racial Profile,1000260,2500012398,Incident ID,2025-10-28 00:00:00,October,W,N,F,49,True,False,CROMWELL,berlin/willowbrook,  ,  ,V,G,1.0,0,14-96a(a),,False,N,False,False,V,,,,,False,1.0,CT0003300,134079643475381575,2025-10-28 22:07:07,22:07:07,2025,14-96a(a),,Defective Lights,2025
2025-11-18 13:32:32.103000,7898886.0,CT0003300,Cromwell,Racial Profile,1000255,2500012385,Incident ID,2025-10-28 00:00:00,October,W,N,M,52,True,False,CROMWELL,Berlin Rd,  ,  ,V,G,1.0,0,14-12(a)*,,False,N,False,False,I,,,,,False,1.0,CT0003300,134079643475381575,2025-10-28 14:16:25.863000,14:16:25.863000,2025,,,Registration,2025
2025-11-18 13:32:32.033000,7898861.0,CT0003300,Cromwell,Racial Profile,1000234,2500012396,Incident ID,2025-10-28 00:00:00,October,W,H,F,31,True,False,CROMWELL,Berlin Rd,  ,  ,V,G,1.0,0,14-230,,False,N,False,False,V,,,,,False,1.0,CT0003300,134079643475381575,2025-10-28 21:53:08.973000,21:53:08.973000,2025,14-230,,Moving Violation,2025
2025-11-18 13:32:31.997000,7898850.0,CT0003300,Cromwell,Racial Profile,10110,2500012371,Incident ID,2025-10-28 00:00:00,October,W,N,M,58,True,False,CROMWELL,Main St. and South St.,  ,  ,V,G,1.0,0,14-218a,,False,N,False,False,V,,,,,False,1.0,CT0003300,134079643475381575,2025-10-28 06:14:32.640000,06:14:32.640000,2025,14-218a,,Speed Related,2025
2025-11-18 13:32:32.067000,7898873.0,CT0003300,Cromwell,Racial Profile,1000247,2500012370,Incident ID,2025-10-28 00:00:00,October,W,N,F,37,True,True,CROMWELL,Country Squire Drive,  ,  ,V,G,1.0,0,14-299,,False,N,False,False,V,,,,,False,1.0,CT0003300,134079643475381575,2025-10-28 06:13:21.823000,06:13:21.823000,2025,14-299,,Traffic Control Signal,2025
2025-11-18 13:32:32,7898851.0,CT0003300,Cromwell,Racial Profile,10127,2500012427,Incident ID,2025-10-29 00:00:00,October,W,H,M,65,True,False,CROMWELL,West Over Rte 9,  ,  ,V,G,1.0,0,14-299,,False,N,False,False,V,,,,,False,1.0,CT0003300,134079643475381575,2025-10-29 18:15:28.747000,18:15:28.747000,2025,14-299,,Traffic Control Signal,2025
2025-11-18 13:32:32.037000,7898862.0,CT0003300,Cromwell,Racial Profile,1000234,2500012466,Incident ID,2025-10-30 00:00:00,October,W,N,F,59,True,False,Cromwell,bERLIN RD.,  ,  ,V,G,1.0,0,14-236,,False,N,False,False,V,,,,,False,1.0,CT0003300,134079643475381575,2025-10-30 21:50:29.963000,21:50:29.963000,2025,14-236,,Moving Violation,2025
2025-11-18 13:32:32.197000,7898907.0,CT0003300,Cromwell,Racial Profile,1000260,2500012465,Incident ID,2025-10-30 00:00:00,October,A,N,M,77,True,False,Cromwell,90 berlin road,  ,  ,V,S,1.0,0,14-236,,False,N,False,False,V,,,,,False,1.0,CT0003300,134079643475381575,2025-10-30 21:15:17.313000,21:15:17.313000,2025,14-236,,Moving Violation,2025
2025-11-18 13:32:32.040000,7898863.0,CT0003300,Cromwell,Racial Profile,1000234,2500012511,Incident ID,2025-10-31 00:00:00,October,B,M,M,28,True,False,CROMWELL,Berlin rd.,  ,  ,E,G,1.0,0,14-96c,,False,N,False,False,V,,,,,False,1.0,CT0003300,134079643475381575,2025-10-31 22:39:30.813000,22:39:30.813000,2025,14-96c,,Defective Lights,2025
2025-11-18 13:32:32.073000,7898876.0,CT0003300,Cromwell,Racial Profile,1000250,2500012497,Incident ID,2025-10-31 00:00:00,October,W,N,M,47,True,False,CROMWELL,Berlin Rd,  ,  ,V,G,2.0,1,14-215a,,False,N,False,False,M,,,,,False,1.0,CT0003300,134079643475381575,2025-10-31 12:47:24.040000,12:47:24.040000,2025,14-213b,,Administrative Offense,2025
2025-11-18 13:32:32.273000,7898926.0,CT0003300,Cromwell,Racial Profile,1000273,2500012490,Incident ID,2025-10-31 00:00:00,October,W,N,M,17,True,True,CROMWELL,Evergreen at Willowbrook,  ,  ,V,B,1.0,0,14-301,,False,N,False,False,V,,,,,False,1.0,CT0003300,134079643475381575,2025-10-31 08:38:25.657000,08:38:25.657000,2025,,,Stop Sign,2025
2025-12-18 13:29:07.200000,7979933.0,CT0003300,Cromwell,Racial Profile,1000234,2500012550,Incident ID,2025-11-01 00:00:00,November,W,H,M,44,True,False,CROMWELL,Berlin Rd.,  ,  ,E,G,1.0,0,14-96a(a),,False,N,False,False,V,,,,,False,1.0,CT0003300,134105561425350016,2025-11-01 22:50:25.190000,22:50:25.190000,2025,14-96a(a),,Defective Lights,2025
2025-12-18 13:29:07.280000,7979957.0,CT0003300,Cromwell,Racial Profile,1000260,2500012544,Incident ID,2025-11-01 00:00:00,November,B,N,M,28,True,False,CROMWELL,berlin/country squire,  ,  ,V,G,1.0,0,14-299,,False,N,False,False,V,,,,,False,1.0,CT0003300,134105561425350016,2025-11-01 21:26:42.587000,21:26:42.587000,2025,14-299,,Traffic Control Signal,2025
2025-12-18 13:29:07.333000,7979967.0,CT0003300,Cromwell,Racial Profile,1000262,2500012549,Incident ID,2025-11-01 00:00:00,November,W,H,F,21,False,False,CROMWELL,Berlin Road @ Super 8,  ,  ,E,G,1.0,0,14-96a(a),,False,N,False,False,V,,,,,False,1.0,CT0003300,134105561425350016,2025-11-01 22:45:18.037000,22:45:18.037000,2025,14-96a(a),,Defective Lights,2025
2025-12-18 13:29:07.330000,7979966.0,CT0003300,Cromwell,Racial Profile,1000262,2500012547,Incident ID,2025-11-01 00:00:00,November,B,M,F,20,True,False,CROMWELL,372 @ Industrial Park Road,  ,  ,E,G,1.0,0,14-96a(a),,False,N,False,False,V,,,,,False,1.0,CT0003300,134105561425350016,2025-11-01 22:15:09.373000,22:15:09.373000,2025,14-96a(a),,Defective Lights,2025
2025-12-18 13:29:07.193000,7979931.0,CT0003300,Cromwell,Racial Profile,1000234,2500012546,Incident ID,2025-11-01 00:00:00,November,B,M,M,41,True,False,CROMWELL,Berlin Rd,  ,  ,E,G,1.0,0,14-96c,,False,N,False,False,V,,,,,False,1.0,CT0003300,134105561425350016,2025-11-01 21:58:37.110000,21:58:37.110000,2025,14-96c,,Defective Lights,2025
2025-12-18 13:29:07.197000,7979932.0,CT0003300,Cromwell,Racial Profile,1000234,2500012548,Incident ID,2025-11-01 00:00:00,November,W,N,F,59,True,False,CROMWELL,Berlin Rd.,  ,  ,V,G,1.0,0,14-244,,False,N,False,False,V,,,,,False,1.0,CT0003300,134105561425350016,2025-11-01 22:41:27.940000,22:41:27.940000,2025,14-244,,Moving Violation,2025
2025-12-18 13:29:07.153000,7979923.0,CT0003300,Cromwell,Racial Profile,1000225,2500012515,Incident ID,2025-11-01 00:00:00,November,B,N,M,30,True,False,CROMWELL,Shunpike Rd,  ,  ,E,G,2.0,0,14-96e,,False,N,False,False,I,,,,,False,1.0,CT0003300,134105561425350016,2025-11-01 00:47:56.230000,00:47:56.230000,2025,14-36(a),,Defective Lights,2025
2025-12-18 13:29:07.190000,7979930.0,CT0003300,Cromwell,Racial Profile,1000234,2500012513,Incident ID,2025-11-01 00:00:00,November,B,H,M,28,True,False,CROMWELL,Industrial Park Rd.,  ,  ,E,G,1.0,0,14-96y,,False,N,False,False,V,,,,,False,1.0,CT0003300,134105561425350016,2025-11-01 00:25:47.047000,00:25:47.047000,2025,14-96y,,Defective Lights,2025
2025-12-18 13:29:07.260000,7979950.0,CT0003300,Cromwell,Racial Profile,1000258,2500012514,Incident ID,2025-11-01 00:00:00,November,B,N,F,38,True,False,Cromwell,Berlin Road,  ,  ,E,G,1.0,0,14-96y,,False,N,False,False,V,,,,,False,1.0,CT0003300,134105561425350016,2025-11-01 00:43:59.537000,00:43:59.537000,2025,,,Defective Lights,2025
2025-12-18 13:29:07.263000,7979951.0,CT0003300,Cromwell,Racial Profile,1000258,2500012516,Incident ID,2025-11-01 00:00:00,November,W,N,F,22,True,True,CROMWELL,West st,  ,  ,V,G,2.0,0,14-299,,False,N,False,False,V,,,,,False,1.0,CT0003300,134105561425350016,2025-11-01 00:52:07.403000,00:52:07.403000,2025,,,Traffic Control Signal,2025
2025-12-18 13:29:07.400000,7979981.0,CT0003300,Cromwell,Racial Profile,1000273,2500012575,Incident ID,2025-11-02 00:00:00,November,W,N,M,17,True,True,CROMWELL,Shunpike RD,  ,  ,V,B,1.0,0,14-218a,,False,N,False,False,V,,,,,False,1.0,CT0003300,134105561425350016,2025-11-02 10:09:54.187000,10:09:54.187000,2025,,,Speed Related,2025
2025-12-18 13:29:07.243000,7979944.0,CT0003300,Cromwell,Racial Profile,1000255,2500012572,Incident ID,2025-11-02 00:00:00,November,W,N,F,85,True,True,CROMWELL,Washington Rd,  ,  ,V,G,1.0,0,14-301,,False,N,False,False,V,,,,,False,1.0,CT0003300,134105561425350016,2025-11-02 09:28:43.787000,09:28:43.787000,2025,,,Stop Sign,2025
2025-12-18 13:29:07.337000,7979968.0,CT0003300,Cromwell,Racial Profile,1000262,2500012584,Incident ID,2025-11-02 00:00:00,November,W,N,M,35,True,True,CROMWELL,Berlin Road @ Willowbrook Road,  ,  ,V,G,2.0,0,14-299,,False,N,False,True,I,,,,,False,1.0,CT0003300,134105561425350016,2025-11-02 22:17:34.003000,22:17:34.003000,2025,14-299,,Traffic Control Signal,2025
2025-12-18 13:29:07.233000,7979940.0,CT0003300,Cromwell,Racial Profile,1000247,2500012597,Incident ID,2025-11-03 00:00:00,November,W,N,F,43,True,True,CROMWELL,Evergreen Rd,  ,  ,V,G,1.0,0,14-301,,False,N,False,False,V,,,,,False,1.0,CT0003300,134105561425350016,2025-11-03 07:16:15.940000,07:16:15.940000,2025,14-301,,Stop Sign,2025
2025-12-18 13:29:07.247000,7979945.0,CT0003300,Cromwell,Racial Profile,1000255,2500012607,Incident ID,2025-11-03 00:00:00,November,W,N,F,59,True,True,CROMWELL,Shunpike Rd,  ,  ,V,G,1.0,0,14-296aa(b),,False,N,False,False,I,,,,,False,1.0,CT0003300,134105561425350016,2025-11-03 12:03:07.780000,12:03:07.780000,2025,14-12(a)*,,Cell Phone,2025
2025-12-18 13:29:07.340000,7979969.0,CT0003300,Cromwell,Racial Profile,1000262,2500012626,Incident ID,2025-11-03 00:00:00,November,W,H,F,22,True,False,CROMWELL,Berlin Road @ Krausers,  ,  ,E,G,1.0,0,14-96a(a),,False,N,False,False,V,,,,,False,1.0,CT0003300,134105561425350016,2025-11-03 22:09:21.160000,22:09:21.160000,2025,14-96a(a),,Defective Lights,2025
2025-12-18 13:29:07.403000,7979982.0,CT0003300,Cromwell,Racial Profile,1000273,2500012618,Incident ID,2025-11-03 00:00:00,November,W,N,F,52,True,True,CROMWELL,Evegreen Road at Copper Knoll,  ,  ,V,G,1.0,0,14-301,,False,N,False,False,N,,,,,False,1.0,CT0003300,134105561425350016,2025-11-03 16:07:47.560000,16:07:47.560000,2025,,,Stop Sign,2025
2025-12-18 13:29:07.353000,7979970.0,CT0003300,Cromwell,Racial Profile,1000262,2500012678,Incident ID,2025-11-04 00:00:00,November,W,N,M,29,True,False,Cromwell,Berlin Road @ CVS,  ,  ,V,G,3.0,0,14-299,,False,N,False,False,M,,,,,False,1.0,CT0003300,134105561425350016,2025-11-04 23:18:18.143000,23:18:18.143000,2025,14-215(a),,Traffic Control Signal,2025
2025-12-18 13:29:07.120000,7979917.0,CT0003300,Cromwell,Racial Profile,10110,2500012655,Incident ID,2025-11-04 00:00:00,November,W,N,M,61,True,True,CROMWELL,Hammerhead Place,  ,  ,V,G,1.0,0,14-299,,False,N,False,False,V,,,,,False,1.0,CT0003300,134105561425350016,2025-11-04 06:16:00.560000,06:16:00.560000,2025,,,Traffic Control Signal,2025
2025-12-18 13:29:07.240000,7979943.0,CT0003300,Cromwell,Racial Profile,1000250,2500012701,Incident ID,2025-11-05 00:00:00,November,W,N,M,34,True,False,CROMWELL,"00176 WEST ST (CROMWELL, T033)",  ,  ,V,G,1.0,0,14-147(c),,False,N,False,False,I,,,,,False,1.0,CT0003300,134105561425350016,2025-11-05 11:52:47.997000,11:52:47.997000,2025,,,Administrative Offense,2025
2025-12-18 13:29:07.267000,7979952.0,CT0003300,Cromwell,Racial Profile,1000258,2500012713,Incident ID,2025-11-05 00:00:00,November,W,N,M,21,True,False,Cromwell,Berlin Rd,  ,  ,V,G,1.0,0,14-299,,False,N,False,False,V,,,,,False,1.0,CT0003300,134105561425350016,2025-11-05 21:42:53.877000,21:42:53.877000,2025,,,Traffic Control Signal,2025
2025-12-18 13:29:07.357000,7979971.0,CT0003300,Cromwell,Racial Profile,1000262,2500012707,Incident ID,2025-11-05 00:00:00,November,W,N,F,38,True,True,CROMWELL,Willowbrook @ Eastview,  ,  ,V,G,2.0,0,14-12(a)*,,False,N,False,False,I,,,,,False,1.0,CT0003300,134105561425350016,2025-11-05 18:44:00.117000,18:44:00.117000,2025,14-12(a)*,,Registration,2025
2025-12-18 13:29:07.363000,7979972.0,CT0003300,Cromwell,Racial Profile,1000262,2500012712,Incident ID,2025-11-05 00:00:00,November,W,N,M,33,True,False,Cromwell,Willowbrook @ Berlin Road,  ,  ,V,G,1.0,0,14-299,,False,N,False,False,V,,,,,False,1.0,CT0003300,134105561425350016,2025-11-05 21:38:23.190000,21:38:23.190000,2025,14-299,,Traffic Control Signal,2025
2025-12-18 13:29:07.270000,7979953.0,CT0003300,Cromwell,Racial Profile,1000258,2500012798,Incident ID,2025-11-07 00:00:00,November,B,M,F,22,True,False,CROMWELL,Berlin Rd,  ,  ,E,G,1.0,0,14-96y,,False,N,False,False,V,,,,,False,1.0,CT0003300,134105561425350016,2025-11-07 21:59:37.763000,21:59:37.763000,2025,,,Defective Lights,2025
2025-12-18 13:29:07.200000,7979934.0,CT0003300,Cromwell,Racial Profile,1000234,2500012796,Incident ID,2025-11-07 00:00:00,November,B,M,F,28,True,False,CROMWELL,Berlin Rd.,  ,  ,E,G,3.0,0,14-96c,,False,N,False,True,U,,,,,False,1.0,CT0003300,134105561425350016,2025-11-07 21:39:18.203000,21:39:18.203000,2025,14-96c,,Defective Lights,2025
2025-12-18 13:29:07.283000,7979958.0,CT0003300,Cromwell,Racial Profile,1000260,2500012788,Incident ID,2025-11-07 00:00:00,November,W,N,F,33,True,False,CROMWELL,BERLIN/COLES,  ,  ,V,G,1.0,0,14-12(a),,False,N,False,False,V,,,,,False,1.0,CT0003300,134105561425350016,2025-11-07 17:47:51.260000,17:47:51.260000,2025,14-12(a),,Registration,2025
2025-12-18 13:29:07.290000,7979959.0,CT0003300,Cromwell,Racial Profile,1000260,2500012789,Incident ID,2025-11-07 00:00:00,November,W,N,F,38,True,True,CROMWELL,WILLOWBROOK/BERLIN,  ,  ,V,G,1.0,0,14-299,,False,N,False,False,V,,,,,False,1.0,CT0003300,134105561425350016,2025-11-07 18:41:39.297000,18:41:39.297000,2025,14-299,,Traffic Control Signal,2025
2025-12-18 13:29:07.207000,7979935.0,CT0003300,Cromwell,Racial Profile,1000234,2500012802,Incident ID,2025-11-08 00:00:00,November,W,N,M,42,True,False,CROMWELL,West St,  ,  ,V,G,1.0,0,14-299,,False,N,False,False,V,,,,,False,1.0,CT0003300,134105561425350016,2025-11-08 00:56:39.983000,00:56:39.983000,2025,14-299,,Traffic Control Signal,2025
2025-12-18 13:29:07.273000,7979955.0,CT0003300,Cromwell,Racial Profile,1000258,2500012830,Incident ID,2025-11-08 00:00:00,November,A,M,M,46,True,False,Cromwell,Berlin Rd,  ,  ,V,G,1.0,0,14-299,,False,N,False,False,V,,,,,False,1.0,CT0003300,134105561425350016,2025-11-08 20:37:48.290000,20:37:48.290000,2025,,,Traffic Control Signal,2025
2025-12-18 13:29:07.270000,7979954.0,CT0003300,Cromwell,Racial Profile,1000258,2500012829,Incident ID,2025-11-08 00:00:00,November,W,H,M,48,True,False,CROMWELL,"00035 BERLIN Rd (CROMWELL, T033)",  ,  ,V,G,2.0,0,14-12(a)*,,False,N,False,False,I,,,,,False,1.0,CT0003300,134105561425350016,2025-11-08 18:42:04.597000,18:42:04.597000,2025,,,Registration,2025
2025-12-18 13:29:07.157000,7979924.0,CT0003300,Cromwell,Racial Profile,1000225,2500012803,Incident ID,2025-11-08 00:00:00,November,B,N,M,31,True,False,CROMWELL,Berlin Rd,  ,  ,E,G,1.0,0,14-96c,,False,N,False,False,V,,,,,False,1.0,CT0003300,134105561425350016,2025-11-08 01:46:34.510000,01:46:34.510000,2025,,,Defective Lights,2025
2025-12-18 13:29:07.297000,7979961.0,CT0003300,Cromwell,Racial Profile,1000260,2500012832,Incident ID,2025-11-08 00:00:00,November,W,N,M,62,True,False,Cromwell,berlin/cromwell hills drive,  ,  ,V,G,2.0,0,14-12(a)*,,False,N,False,False,I,,,,,False,1.0,CT0003300,134105561425350016,2025-11-08 20:56:54.407000,20:56:54.407000,2025,14-12(a)*,,Registration,2025
2025-12-18 13:29:07.293000,7979960.0,CT0003300,Cromwell,Racial Profile,1000260,2500012828,Incident ID,2025-11-08 00:00:00,November,W,H,M,33,True,False,CROMWELL,berlin/sebethe,  ,  ,V,G,1.0,0,14-299,,False,N,False,False,I,,,,,False,1.0,CT0003300,134105561425350016,2025-11-08 18:12:58.180000,18:12:58.180000,2025,14-36(a),,Traffic Control Signal,2025
2025-12-18 13:29:07.120000,7979916.0,CT0003300,Cromwell,Racial Profile,10106,2500012819,Incident ID,2025-11-08 00:00:00,November,W,N,F,29,True,True,CROMWELL,Sebethe,  ,  ,V,G,2.0,1,14-215,,False,N,False,True,U,,,,,False,1.0,CT0003300,134105561425350016,2025-11-08 11:48:40.063000,11:48:40.063000,2025,,,Administrative Offense,2025
2025-12-18 13:29:07.303000,7979962.0,CT0003300,Cromwell,Racial Profile,1000260,2500012884,Incident ID,2025-11-10 00:00:00,November,W,N,M,24,True,False,CROMWELL,evergreen/washington,  ,  ,V,G,2.0,1,14-301,,False,N,False,False,M,,,,,False,1.0,CT0003300,134105561425350016,2025-11-10 13:05:01.397000,13:05:01.397000,2025,14-215(a),,Stop Sign,2025
2025-12-18 13:29:07.163000,7979926.0,CT0003300,Cromwell,Racial Profile,1000228,2500012916,Incident ID,2025-11-11 00:00:00,November,W,N,M,66,True,False,CROMWELL,Berlin Rd. and Cobblestone Plaza entrance/exit,  ,  ,V,G,1.0,0,14-299,,False,N,False,False,V,,,,,False,1.0,CT0003300,134105561425350016,2025-11-11 06:06:41.807000,06:06:41.807000,2025,14-299,,Traffic Control Signal,2025
2025-12-18 13:29:07.237000,7979941.0,CT0003300,Cromwell,Racial Profile,1000247,2500012918,Incident ID,2025-11-11 00:00:00,November,W,N,M,17,True,True,CROMWELL,Evergreen Rd,  ,  ,V,B,1.0,0,14-218a,,False,N,False,False,V,,,,,False,1.0,CT0003300,134105561425350016,2025-11-11 07:32:32.430000,07:32:32.430000,2025,14-218a,,Speed Related,2025
2025-12-18 13:29:07.367000,7979973.0,CT0003300,Cromwell,Racial Profile,1000262,2500012947,Incident ID,2025-11-11 00:00:00,November,W,N,M,42,True,False,Cromwell,Berlin Road @ Willowbrook,  ,  ,V,G,1.0,0,14-299,,False,N,False,False,V,,,,,False,1.0,CT0003300,134105561425350016,2025-11-11 21:31:17.840000,21:31:17.840000,2025,14-299,,Traffic Control Signal,2025
2025-12-18 13:29:07.407000,7979983.0,CT0003300,Cromwell,Racial Profile,1000273,2500012924,Incident ID,2025-11-11 00:00:00,November,W,N,F,40,True,True,CROMWELL,Obs. Geer @ Court,  ,  ,V,B,1.0,0,14-218a,,False,N,False,False,V,,,,,False,1.0,CT0003300,134105561425350016,2025-11-11 10:08:47.920000,10:08:47.920000,2025,,,Speed Related,2025
2025-12-18 13:29:07.410000,7979984.0,CT0003300,Cromwell,Racial Profile,1000273,2500012926,Incident ID,2025-11-11 00:00:00,November,W,N,F,69,True,True,CROMWELL,Court at Geer,  ,  ,V,G,1.0,0,14-218a,,False,N,False,False,V,,,,,False,1.0,CT0003300,134105561425350016,2025-11-11 10:22:02.240000,10:22:02.240000,2025,,,Speed Related,2025
2025-12-18 13:29:07.250000,7979946.0,CT0003300,Cromwell,Racial Profile,1000255,2500012935,Incident ID,2025-11-11 00:00:00,November,W,N,F,59,True,False,CROMWELL,Berlin Rd,  ,  ,E,G,1.0,0,14-96e,,False,N,False,False,V,,,,,False,1.0,CT0003300,134105561425350016,2025-11-11 14:02:57.650000,14:02:57.650000,2025,,,Defective Lights,2025
2025-12-18 13:29:07.100000,7979909.0,CT0003300,Cromwell,Racial Profile,10102,2500012934,Incident ID,2025-11-11 00:00:00,November,A,N,F,24,True,False,CROMWELL,West ST.,  ,  ,V,G,1.0,0,14-230(a),,False,N,False,False,V,,,,,False,1.0,CT0003300,134105561425350016,2025-11-11 13:55:57.377000,13:55:57.377000,2025,14-230(a),,Moving Violation,2025
2025-12-18 13:29:07.277000,7979956.0,CT0003300,Cromwell,Racial Profile,1000258,2500013017,Incident ID,2025-11-13 00:00:00,November,W,N,F,40,True,False,Cromwell,Berlin Road,  ,  ,V,G,1.0,0,14-12(a)*,,False,N,False,False,I,,,,,False,1.0,CT0003300,134105561425350016,2025-11-13 18:45:53.393000,18:45:53.393000,2025,,,Registration,2025
2025-12-18 13:29:07.107000,7979912.0,CT0003300,Cromwell,Racial Profile,10102,2500013016,Incident ID,2025-11-13 00:00:00,November,W,N,M,65,True,False,CROMWELL,Coles Rd.,  ,  ,V,B,1.0,0,14-218a,,False,N,False,False,I,,,,,False,1.0,CT0003300,134105561425350016,2025-11-13 18:16:36.143000,18:16:36.143000,2025,,,Speed Related,2025
2025-12-18 13:29:07.313000,7979964.0,CT0003300,Cromwell,Racial Profile,1000260,2500013012,Incident ID,2025-11-13 00:00:00,November,W,N,M,30,True,False,CROMWELL,west/old west,  ,  ,V,G,2.0,0,14-12(a)*,,False,N,False,False,I,,,,,False,1.0,CT0003300,134105561425350016,2025-11-13 17:22:02.053000,17:22:02.053000,2025,14-12(a)*,,Registration,2025
2025-12-18 13:29:07.103000,7979910.0,CT0003300,Cromwell,Racial Profile,10102,2500013009,Incident ID,2025-11-13 00:00:00,November,W,N,M,24,True,False,CROMWELL,Rt 372,  ,  ,E,G,1.0,0,14-18(a),,False,N,False,False,V,,,,,False,1.0,CT0003300,134105561425350016,2025-11-13 16:50:57.220000,16:50:57.220000,2025,,,Display of Plates,2025
2025-12-18 13:29:07.103000,7979911.0,CT0003300,Cromwell,Racial Profile,10102,2500013013,Incident ID,2025-11-13 00:00:00,November,W,N,F,22,True,False,CROMWELL,Coles Rd.,  ,  ,V,B,1.0,0,14-218a,,False,N,False,False,I,,,,,False,1.0,CT0003300,134105561425350016,2025-11-13 17:32:07.420000,17:32:07.420000,2025,,,Speed Related,2025
2025-12-18 13:29:07.310000,7979963.0,CT0003300,Cromwell,Racial Profile,1000260,2500013010,Incident ID,2025-11-13 00:00:00,November,W,N,F,85,True,False,CROMWELL,72 Berlin RD,  ,  ,V,G,1.0,0,14-299,,False,N,False,False,V,,,,,False,1.0,CT0003300,134105561425350016,2025-11-13 16:52:22.190000,16:52:22.190000,2025,14-299,,Traffic Control Signal,2025
2025-12-18 13:29:07.373000,7979974.0,CT0003300,Cromwell,Racial Profile,1000262,2500013018,Incident ID,2025-11-13 00:00:00,November,B,N,M,49,True,False,Cromwell,Berlin Road at Country Squire Drive,  ,  ,V,G,1.0,0,14-299,,False,N,False,False,M,,,,,False,1.0,CT0003300,134105561425350016,2025-11-13 19:07:40.550000,19:07:40.550000,2025,14-215(a),,Traffic Control Signal,2025
2025-12-18 13:29:07.210000,7979936.0,CT0003300,Cromwell,Racial Profile,1000234,2500013066,Incident ID,2025-11-14 00:00:00,November,W,N,M,80,True,False,CROMWELL,Berlin Rd,  ,  ,V,G,1.0,0,14-236,,False,N,False,False,V,,,,,False,1.0,CT0003300,134105561425350016,2025-11-14 22:18:25.177000,22:18:25.177000,2025,14-236,,Moving Violation,2025
2025-12-18 13:29:07.170000,7979927.0,CT0003300,Cromwell,Racial Profile,1000228,2500013041,Incident ID,2025-11-14 00:00:00,November,W,N,M,25,True,False,CROMWELL,Berlin Rd. and Sebethe Dr.,  ,  ,V,G,2.0,1,14-299,,False,N,False,False,V,,,,,False,1.0,CT0003300,134105561425350016,2025-11-14 03:07:28.063000,03:07:28.063000,2025,14-299,,Traffic Control Signal,2025
2025-12-18 13:29:07.173000,7979928.0,CT0003300,Cromwell,Racial Profile,1000228,2500013045,Incident ID,2025-11-14 00:00:00,November,W,H,M,55,True,False,Cromwell,Route 9 South Exit 27 off ramp and West St.,  ,  ,V,G,1.0,0,14-299,,False,N,False,False,V,,,,,False,1.0,CT0003300,134105561425350016,2025-11-14 06:35:57.867000,06:35:57.867000,2025,14-299,,Traffic Control Signal,2025
2025-12-18 13:29:07.123000,7979918.0,CT0003300,Cromwell,Racial Profile,10110,2500013044,Incident ID,2025-11-14 00:00:00,November,W,H,F,25,True,True,CROMWELL,New Lane @ West Street,  ,  ,V,G,1.0,0,14-301,,False,N,False,False,V,,,,,False,1.0,CT0003300,134105561425350016,2025-11-14 06:28:44.280000,06:28:44.280000,2025,14-301,,Stop Sign,2025
2025-12-18 13:29:07.160000,7979925.0,CT0003300,Cromwell,Racial Profile,1000225,2500013076,Incident ID,2025-11-15 00:00:00,November,W,N,M,23,True,True,CROMWELL,West St,  ,  ,E,G,1.0,0,14-96c,,False,N,False,False,V,,,,,False,1.0,CT0003300,134105561425350016,2025-11-15 01:34:53.367000,01:34:53.367000,2025,,,Defective Lights,2025
2025-12-18 13:29:07.217000,7979937.0,CT0003300,Cromwell,Racial Profile,1000234,2500013070,Incident ID,2025-11-15 00:00:00,November,B,M,M,45,True,False,CROMWELL,Berlin Rd.,  ,  ,V,G,1.0,0,14-242,,False,N,False,False,V,,,,,False,1.0,CT0003300,134105561425350016,2025-11-15 00:55:02.767000,00:55:02.767000,2025,14-215a,,Moving Violation,2025
2025-12-18 13:29:07.187000,7979929.0,CT0003300,Cromwell,Racial Profile,1000228,2500013079,Incident ID,2025-11-15 00:00:00,November,W,N,M,43,True,True,MIDDLETOWN,Industrial Park Rd.,  ,  ,V,G,3.0,0,14-18(a),,True,O,True,True,U,,,,,False,1.0,CT0003300,134105561425350016,2025-11-15 02:21:02.050000,02:21:02.050000,2025,53a-115,,Display of Plates,2025
2025-12-18 13:29:07.140000,7979919.0,CT0003300,Cromwell,Racial Profile,10110,2500013078,Incident ID,2025-11-15 00:00:00,November,W,N,M,42,True,False,CROMWELL,West Street @ Rte.9 exit 27 off-ramp,  ,  ,V,G,2.0,0,14-230(a),,False,N,False,False,I,,,,,False,1.0,CT0003300,134105561425350016,2025-11-15 01:54:30.733000,01:54:30.733000,2025,14-230(a),,Moving Violation,2025
2025-12-18 13:29:07.327000,7979965.0,CT0003300,Cromwell,Racial Profile,1000260,2500013112,Incident ID,2025-11-16 00:00:00,November,B,N,F,43,True,True,CROMWELL,west/hicksville,  ,  ,V,G,1.0,0,14-299,,False,N,False,False,V,,,,,False,1.0,CT0003300,134105561425350016,2025-11-16 23:17:45.043000,23:17:45.043000,2025,14-299,,Traffic Control Signal,2025
2025-12-18 13:29:07.253000,7979947.0,CT0003300,Cromwell,Racial Profile,1000255,2500013124,Incident ID,2025-11-17 00:00:00,November,W,N,F,62,True,True,CROMWELL,Evergreen Rd,  ,  ,V,G,1.0,0,14-301,,False,N,False,False,V,,,,,False,1.0,CT0003300,134105561425350016,2025-11-17 11:18:50.320000,11:18:50.320000,2025,,,Stop Sign,2025
2025-12-18 13:29:07.237000,7979942.0,CT0003300,Cromwell,Racial Profile,1000247,2500013159,Incident ID,2025-11-18 00:00:00,November,W,N,F,38,True,True,CROMWELL,Berlin Rd,  ,  ,V,G,1.0,0,14-299,,False,N,False,False,V,,,,,False,1.0,CT0003300,134105561425350016,2025-11-18 07:32:18.087000,07:32:18.087000,2025,14-299,,Traffic Control Signal,2025
2025-12-18 13:29:07.377000,7979975.0,CT0003300,Cromwell,Racial Profile,1000262,2500013156,Incident ID,2025-11-18 00:00:00,November,W,N,F,56,True,True,CROMWELL,Willowbrook @ Berlin Road,  ,  ,V,G,1.0,0,14-299,,False,N,False,False,V,,,,,False,1.0,CT0003300,134105561425350016,2025-11-18 06:35:59.003000,06:35:59.003000,2025,14-299,,Traffic Control Signal,2025
2025-12-18 13:29:07.380000,7979976.0,CT0003300,Cromwell,Racial Profile,1000262,2500013157,Incident ID,2025-11-18 00:00:00,November,W,N,M,61,True,False,CROMWELL,berlin/coles,  ,  ,V,G,2.0,0,14-12a*,,False,N,False,False,I,,,,,False,1.0,CT0003300,134105561425350016,2025-11-18 06:52:23.343000,06:52:23.343000,2025,14-12(a)*,,Registration,2025
2025-12-18 13:29:07.257000,7979948.0,CT0003300,Cromwell,Racial Profile,1000255,2500013213,Incident ID,2025-11-19 00:00:00,November,W,N,F,26,True,False,CROMWELL,Shunpike Rd,  ,  ,V,G,1.0,0,14-296aa(b),,False,N,False,False,V,,,,,False,1.0,CT0003300,134105561425350016,2025-11-19 13:27:40.843000,13:27:40.843000,2025,,,Cell Phone,2025
2025-12-18 13:29:07.387000,7979977.0,CT0003300,Cromwell,Racial Profile,1000265,2500013222,Incident ID,2025-11-19 00:00:00,November,W,N,M,20,True,True,CROMWELL,evergreen,  ,  ,E,G,1.0,0,14-96e,,False,N,False,False,I,,,,,False,1.0,CT0003300,134105561425350016,2025-11-19 18:54:43.223000,18:54:43.223000,2025,14-12(a)*,,Defective Lights,2025
2025-12-18 13:29:07.140000,7979920.0,CT0003300,Cromwell,Racial Profile,10110,2500013218,Incident ID,2025-11-19 00:00:00,November,W,N,M,17,True,False,CROMWELL,Shunpike Rd. and Cromwell Hills Drive,  ,  ,V,G,1.0,0,14-299,,False,N,False,False,V,,,,,False,1.0,CT0003300,134105561425350016,2025-11-19 15:35:08.700000,15:35:08.700000,2025,14-299,,Traffic Control Signal,2025
2025-12-18 13:29:07.147000,7979921.0,CT0003300,Cromwell,Racial Profile,10110,2500013239,Incident ID,2025-11-20 00:00:00,November,B,M,M,41,True,False,CROMWELL,New Lane and West Street,  ,  ,V,G,1.0,0,14-301,,False,N,False,False,V,,,,,False,1.0,CT0003300,134105561425350016,2025-11-20 07:12:09.297000,07:12:09.297000,2025,14-301,,Stop Sign,2025
2025-12-18 13:29:07.220000,7979938.0,CT0003300,Cromwell,Racial Profile,1000245,2500013241,Incident ID,2025-11-20 00:00:00,November,W,N,M,80,True,True,CROMWELL,Evergreen Rd,  ,  ,V,G,1.0,0,14-301,,False,N,False,False,V,,,,,False,1.0,CT0003300,134105561425350016,2025-11-20 08:31:25.240000,08:31:25.240000,2025,14-301,,Stop Sign,2025
2025-12-18 13:29:07.110000,7979913.0,CT0003300,Cromwell,Racial Profile,10102,2500013243,Incident ID,2025-11-20 00:00:00,November,W,N,M,57,True,False,CROMWELL,90 BERLIN,  ,  ,V,G,1.0,0,14-296AA(B,,False,N,False,False,I,,,,,False,1.0,CT0003300,134105561425350016,2025-11-20 09:40:45.363000,09:40:45.363000,2025,,,Cell Phone,2025
2025-12-18 13:29:07.113000,7979914.0,CT0003300,Cromwell,Racial Profile,10102,2500013285,Incident ID,2025-11-21 00:00:00,November,W,N,M,16,True,True,CROMWELL,Evergreen Rd.,  ,  ,V,G,1.0,0,14-100ac1,,False,N,False,False,I,,,,,False,1.0,CT0003300,134105561425350016,2025-11-21 14:41:18.860000,14:41:18.860000,2025,14-100ac1<18,,Seatbelt,2025
2025-12-18 13:29:07.150000,7979922.0,CT0003300,Cromwell,Racial Profile,10127,2500013291,Incident ID,2025-11-21 00:00:00,November,W,N,M,19,True,True,CROMWELL,Evergreen Rd aat Washington Rd,  ,  ,V,G,1.0,0,14-301,,False,N,False,False,I,,,,,False,1.0,CT0003300,134105561425350016,2025-11-21 16:40:12.093000,16:40:12.093000,2025,14-301,,Stop Sign,2025
2025-12-18 13:29:07.257000,7979949.0,CT0003300,Cromwell,Racial Profile,1000255,2500013422,Incident ID,2025-11-25 00:00:00,November,W,N,M,27,True,True,CROMWELL,Shunpike Rd,  ,  ,V,G,1.0,0,14-296aa(b),,False,N,False,False,V,,,,,False,1.0,CT0003300,134105561425350016,2025-11-25 09:24:24.187000,09:24:24.187000,2025,,,Cell Phone,2025
2025-12-18 13:29:07.390000,7979978.0,CT0003300,Cromwell,Racial Profile,1000265,2500013479,Incident ID,2025-11-26 00:00:00,November,W,N,F,49,True,False,Cromwell,berlin rd,  ,  ,E,G,1.0,0,14-96a(a),,False,N,False,False,V,,,,,False,1.0,CT0003300,134105561425350016,2025-11-26 18:53:28.077000,18:53:28.077000,2025,,,Defective Lights,2025
2025-12-18 13:29:07.397000,7979980.0,CT0003300,Cromwell,Racial Profile,1000265,2500013549,Incident ID,2025-11-28 00:00:00,November,W,H,F,23,True,False,CROMWELL,berlin rd,  ,  ,E,G,1.0,0,14-96e,,False,N,False,False,V,,,,,False,1.0,CT0003300,134105561425350016,2025-11-28 18:13:28.057000,18:13:28.057000,2025,,,Defective Lights,2025
2025-12-18 13:29:07.390000,7979979.0,CT0003300,Cromwell,Racial Profile,1000265,2500013548,Incident ID,2025-11-28 00:00:00,November,W,N,F,55,True,False,CROMWELL,shunpike/evergreen,  ,  ,V,G,1.0,0,14-299,,False,N,False,False,V,,,,,False,1.0,CT0003300,134105561425350016,2025-11-28 17:30:36.467000,17:30:36.467000,2025,,,Traffic Control Signal,2025
2025-12-18 13:29:07.230000,7979939.0,CT0003300,Cromwell,Racial Profile,1000245,2500013567,Incident ID,2025-11-29 00:00:00,November,W,N,M,64,True,False,CROMWELL,WEST/EXIT 19 RT 9 N,  ,  ,V,G,1.0,0,14-245,,False,N,False,False,V,,,,,False,1.0,CT0003300,134105561425350016,2025-11-29 08:55:21.930000,08:55:21.930000,2025,,,Moving Violation,2025
2025-12-18 13:29:07.117000,7979915.0,CT0003300,Cromwell,Racial Profile,10102,2500013580,Incident ID,2025-11-29 00:00:00,November,W,N,M,78,True,True,CROMWELL,Geer St.,  ,  ,V,G,1.0,0,14-230(a),,False,N,False,False,V,,,,,False,1.0,CT0003300,134105561425350016,2025-11-29 15:10:31.437000,15:10:31.437000,2025,,,Moving Violation,2025
2026-01-16 14:15:25.900000,8090218.0,CT0003300,Cromwell,Racial Profile,1000245,2500013638,Incident ID,2025-12-01 00:00:00,December,W,N,M,21,True,True,CROMWELL,Evergreen Rd,  ,  ,V,S,1.0,0,14-301,,False,N,False,False,I,,,,,False,1.0,CT0003300,134130645212821707,2025-12-01 11:30:41.757000,11:30:41.757000,2025,14-12(a),,Stop Sign,2025
2026-01-16 14:15:25.913000,8090223.0,CT0003300,Cromwell,Racial Profile,1000250,2500013639,Incident ID,2025-12-01 00:00:00,December,W,H,F,32,True,False,CROMWELL,"00032 SHUNPIKE Rd (CROMWELL, T033)",  ,  ,V,G,2.0,1,14-12(a)*,,False,N,False,False,I,,,,,False,1.0,CT0003300,134130645212821707,2025-12-01 12:05:53.313000,12:05:53.313000,2025,,,Registration,2025
2026-01-16 14:15:25.843000,8090204.0,CT0003300,Cromwell,Racial Profile,1000234,2500013624,Incident ID,2025-12-01 00:00:00,December,W,H,F,42,True,False,CROMWELL,Shunpike Rd.,  ,  ,E,G,1.0,0,14-18(a),,False,N,False,False,V,,,,,False,1.0,CT0003300,134130645212821707,2025-12-01 02:17:49.257000,02:17:49.257000,2025,14-18(a),,Display of Plates,2025
2026-01-16 14:15:25.850000,8090205.0,CT0003300,Cromwell,Racial Profile,1000234,2500013678,Incident ID,2025-12-02 00:00:00,December,B,M,M,36,True,False,CROMWELL,Berlin Rd.,  ,  ,E,G,3.0,1,14-96c,,False,N,False,False,I,,,,,False,1.0,CT0003300,134130645212821707,2025-12-02 22:14:18.960000,22:14:18.960000,2025,14-213b,,Defective Lights,2025
2026-01-16 14:15:26.007000,8090258.0,CT0003300,Cromwell,Racial Profile,1000262,2500013735,Incident ID,2025-12-04 00:00:00,December,W,N,M,36,True,False,CROMWELL,West Street,  ,  ,V,G,1.0,0,14-213b,,False,N,False,False,N,,,,,False,1.0,CT0003300,134130645212821707,2025-12-04 11:23:50.580000,11:23:50.580000,2025,,,Administrative Offense,2025
2026-01-16 14:15:26.067000,8090269.0,CT0003300,Cromwell,Racial Profile,1000265,2500013712,Incident ID,2025-12-04 00:00:00,December,W,N,F,19,True,False,Cromwell,berlin rd,  ,  ,E,G,1.0,0,14-96a(a),,False,N,False,False,V,,,,,False,1.0,CT0003300,134130645212821707,2025-12-04 00:19:25.413000,00:19:25.413000,2025,,,Defective Lights,2025
2026-01-16 14:15:25.917000,8090224.0,CT0003300,Cromwell,Racial Profile,1000250,2500013739,Incident ID,2025-12-04 00:00:00,December,B,N,M,59,True,False,CROMWELL,West St,  ,  ,V,G,1.0,0,14-215a,,False,N,False,False,M,,,,,False,1.0,CT0003300,134130645212821707,2025-12-04 14:44:28.247000,14:44:28.247000,2025,,,Administrative Offense,2025
2026-01-16 14:15:26.010000,8090259.0,CT0003300,Cromwell,Racial Profile,1000262,2500013736,Incident ID,2025-12-04 00:00:00,December,W,H,M,40,True,False,CROMWELL,Berlin Road @ Coles Road,  ,  ,V,G,3.0,1,14-147(c),,False,N,False,False,I,,,,,False,1.0,CT0003300,134130645212821707,2025-12-04 11:40:23.880000,11:40:23.880000,2025,14-213b,,Administrative Offense,2025
2026-01-16 14:15:26.017000,8090260.0,CT0003300,Cromwell,Racial Profile,1000262,2500013749,Incident ID,2025-12-04 00:00:00,December,W,N,F,29,True,True,Cromwell,Berlin Road @ Willowbrook,  ,  ,V,G,1.0,0,14-299,,False,N,False,False,N,,,,,False,1.0,CT0003300,134130645212821707,2025-12-04 23:10:02.340000,23:10:02.340000,2025,14-299,,Traffic Control Signal,2025
2026-01-16 14:15:26.030000,8090261.0,CT0003300,Cromwell,Racial Profile,1000262,2500013785,Incident ID,2025-12-05 00:00:00,December,B,N,M,31,False,False,CROMWELL,BERLIN ROAD,  ,  ,E,G,1.0,0,14-96a(a),,False,N,False,False,V,,,,,False,1.0,CT0003300,134130645212821707,2025-12-05 17:59:10.980000,17:59:10.980000,2025,14-96a(a),,Defective Lights,2025
2026-01-16 14:15:26.030000,8090262.0,CT0003300,Cromwell,Racial Profile,1000262,2500013789,Incident ID,2025-12-05 00:00:00,December,W,N,M,35,True,True,CROMWELL,Berlin Road @ Lowes,  ,  ,E,G,2.0,0,14-96a(a),,False,N,False,False,V,,,,,False,1.0,CT0003300,134130645212821707,2025-12-05 21:16:07.037000,21:16:07.037000,2025,14-96a(a),,Defective Lights,2025
2026-01-16 14:15:26.070000,8090270.0,CT0003300,Cromwell,Racial Profile,1000265,2500013790,Incident ID,2025-12-05 00:00:00,December,B,M,F,35,True,False,CROMWELL,west st,  ,  ,V,G,2.0,1,14-147(c),,False,N,False,False,I,,,,,False,1.0,CT0003300,134130645212821707,2025-12-05 21:23:34.670000,21:23:34.670000,2025,14-213b,,Administrative Offense,2025
2026-01-16 14:15:26.097000,8090276.0,CT0003300,Cromwell,Racial Profile,1000273,2500013814,Incident ID,2025-12-06 00:00:00,December,W,N,M,45,True,True,CROMWELL,Evergreen @ Washington,  ,  ,V,B,1.0,0,14-301,,False,N,False,False,V,,,,,False,1.0,CT0003300,134130645212821707,2025-12-06 08:33:09.900000,08:33:09.900000,2025,,,Stop Sign,2025
2026-01-16 14:15:26.047000,8090263.0,CT0003300,Cromwell,Racial Profile,1000262,2500013832,Incident ID,2025-12-06 00:00:00,December,B,N,M,33,True,False,CROMWELL,Berlin Road @ Country Squire,  ,  ,V,G,3.0,0,14-236,,False,N,False,False,I,,,,,False,1.0,CT0003300,134130645212821707,2025-12-06 19:58:04.690000,19:58:04.690000,2025,14-236,,Moving Violation,2025
2026-01-16 14:15:25.920000,8090226.0,CT0003300,Cromwell,Racial Profile,1000250,2500013893,Incident ID,2025-12-08 00:00:00,December,B,N,M,27,True,False,CROMWELL,Berlin Rd,  ,  ,V,G,1.0,0,14-215a,,False,N,False,False,M,,,,,False,1.0,CT0003300,134130645212821707,2025-12-08 14:57:04.367000,14:57:04.367000,2025,,,Administrative Offense,2025
2026-01-16 14:15:25.907000,8090220.0,CT0003300,Cromwell,Racial Profile,1000245,2500013892,Incident ID,2025-12-08 00:00:00,December,W,N,F,26,True,True,CROMWELL,Shunpike Rd,  ,  ,V,G,1.0,0,14-18(a),,False,N,False,False,V,,,,,False,1.0,CT0003300,134130645212821707,2025-12-08 14:39:14.917000,14:39:14.917000,2025,14-18(a),,Display of Plates,2025
2026-01-16 14:15:25.777000,8090196.0,CT0003300,Cromwell,Racial Profile,10102,2500013903,Incident ID,2025-12-08 00:00:00,December,B,N,M,31,True,False,CROMWELL,Rt. 372,  ,  ,V,G,2.0,1,14-12(a)*,,False,N,False,False,I,,,,,False,1.0,CT0003300,134130645212821707,2025-12-08 20:46:51.277000,20:46:51.277000,2025,14-213b,,Registration,2025
2026-01-16 14:15:25.853000,8090207.0,CT0003300,Cromwell,Racial Profile,1000234,2500013908,Incident ID,2025-12-08 00:00:00,December,B,M,M,50,True,False,CROMWELL,West St.,  ,  ,V,G,3.0,1,14-299,,False,N,False,False,I,,,,,False,1.0,CT0003300,134130645212821707,2025-12-08 22:35:26.713000,22:35:26.713000,2025,14-12(a)*,,Traffic Control Signal,2025
2026-01-16 14:15:25.920000,8090225.0,CT0003300,Cromwell,Racial Profile,1000250,2500013891,Incident ID,2025-12-08 00:00:00,December,W,M,M,23,False,False,MIDDLETOWN,Shunpike Rd,  ,  ,V,G,1.0,0,14-242(e),,False,N,False,False,V,,,,,False,1.0,CT0003300,134130645212821707,2025-12-08 14:38:04.143000,14:38:04.143000,2025,,,Moving Violation,2025
2026-01-16 14:15:25.850000,8090206.0,CT0003300,Cromwell,Racial Profile,1000234,2500013907,Incident ID,2025-12-08 00:00:00,December,W,H,F,32,True,False,CROMWELL,West St.,  ,  ,E,G,1.0,0,14-96a(a),,False,N,False,False,V,,,,,False,1.0,CT0003300,134130645212821707,2025-12-08 22:29:01.083000,22:29:01.083000,2025,14-96a(a),,Defective Lights,2025
2026-01-16 14:15:25.903000,8090219.0,CT0003300,Cromwell,Racial Profile,1000245,2500013889,Incident ID,2025-12-08 00:00:00,December,W,N,M,58,True,True,Cromwell,Berlin Rd,  ,  ,V,G,1.0,0,14-299,,False,N,False,False,V,,,,,False,1.0,CT0003300,134130645212821707,2025-12-08 14:21:32.063000,14:21:32.063000,2025,14-299,,Traffic Control Signal,2025
2026-01-16 14:15:25.977000,8090248.0,CT0003300,Cromwell,Racial Profile,1000260,2500013904,Incident ID,2025-12-08 00:00:00,December,W,N,F,27,True,True,Cromwell,207 West St,  ,  ,V,G,1.0,0,14-12(a)*,,False,N,False,False,I,,,,,False,1.0,CT0003300,134130645212821707,2025-12-08 20:57:24.893000,20:57:24.893000,2025,14-12(a)*,,Registration,2025
2026-01-16 14:15:26.100000,8090277.0,CT0003300,Cromwell,Racial Profile,1000273,2500013971,Incident ID,2025-12-10 00:00:00,December,W,N,M,55,True,False,CROMWELL,Evergreen @ Willowbrook,  ,  ,V,B,1.0,0,14-301,,False,N,False,False,V,,,,,False,1.0,CT0003300,134130645212821707,2025-12-10 12:59:07.013000,12:59:07.013000,2025,14-218b,,Stop Sign,2025
2026-01-16 14:15:25.947000,8090236.0,CT0003300,Cromwell,Racial Profile,1000255,2500014020,Incident ID,2025-12-11 00:00:00,December,W,N,F,77,True,False,CROMWELL,Shunpike Rd,  ,  ,V,G,1.0,0,14-232(1),,False,N,False,False,I,,,,,False,1.0,CT0003300,134130645212821707,2025-12-11 10:20:05.283000,10:20:05.283000,2025,14-12(a)*,,Moving Violation,2025
2026-01-16 14:15:25.803000,8090201.0,CT0003300,Cromwell,Racial Profile,1000227,2500014022,Incident ID,2025-12-11 00:00:00,December,B,M,M,56,True,False,CROMWELL,EVERGREEN/DONALD HARRIS RD,  ,  ,V,G,2.0,0,14-12A*,,False,N,False,False,I,,,,,False,1.0,CT0003300,134130645212821707,2025-12-11 11:07:39.523000,11:07:39.523000,2025,14-96Y,,Registration,2025
2026-01-16 14:15:26.073000,8090271.0,CT0003300,Cromwell,Racial Profile,1000265,2500014040,Incident ID,2025-12-11 00:00:00,December,W,M,F,40,False,False,CROMWELL,berlin rd,  ,  ,E,G,1.0,0,14-96c,,False,N,False,False,V,,,,,False,1.0,CT0003300,134130645212821707,2025-12-11 22:00:42.183000,22:00:42.183000,2025,,,Defective Lights,2025
2026-01-16 14:15:26.103000,8090279.0,CT0003300,Cromwell,Racial Profile,1000273,2500014028,Incident ID,2025-12-11 00:00:00,December,W,H,M,45,True,False,CROMWELL,Sebeth @ Alcap,  ,  ,V,B,1.0,0,14-301,,False,N,False,False,V,,,,,False,1.0,CT0003300,134130645212821707,2025-12-11 13:16:55.740000,13:16:55.740000,2025,,,Stop Sign,2025
2026-01-16 14:15:25.923000,8090227.0,CT0003300,Cromwell,Racial Profile,1000250,2500014024,Incident ID,2025-12-11 00:00:00,December,B,N,M,34,True,False,CROMWELL," EXIT 21 I-91 S /RAMP 21 I-91 S  (CROMWELL, T033)",  ,  ,V,G,2.0,1,14-147(c),,False,N,False,False,I,,,,,False,1.0,CT0003300,134130645212821707,2025-12-11 11:58:29.700000,11:58:29.700000,2025,,,Administrative Offense,2025
2026-01-16 14:15:26.100000,8090278.0,CT0003300,Cromwell,Racial Profile,1000273,2500014025,Incident ID,2025-12-11 00:00:00,December,W,N,F,70,True,False,CROMWELL,372,  ,  ,I,B,2.0,0,01-000,,False,N,False,False,N,,,,,False,1.0,CT0003300,134130645212821707,2025-12-11 12:21:02.630000,12:21:02.630000,2025,,,Other,2025
2026-01-16 14:15:25.950000,8090237.0,CT0003300,Cromwell,Racial Profile,1000255,2500014078,Incident ID,2025-12-12 00:00:00,December,W,N,M,47,True,False,CROMWELL,Berlin Rd,  ,  ,V,G,1.0,0,14-12(a)*,,False,N,False,False,V,,,,,False,1.0,CT0003300,134130645212821707,2025-12-12 10:40:43.800000,10:40:43.800000,2025,14-12(a)*,,Registration,2025
2026-01-16 14:15:26.107000,8090280.0,CT0003300,Cromwell,Racial Profile,1000273,2500014074,Incident ID,2025-12-12 00:00:00,December,W,N,M,35,True,True,CROMWELL,West St @ St. Johns,  ,  ,V,G,1.0,0,14-301,,False,N,False,False,V,,,,,False,1.0,CT0003300,134130645212821707,2025-12-12 08:17:04.157000,08:17:04.157000,2025,14-218(a),,Stop Sign,2025
2026-01-16 14:15:25.950000,8090238.0,CT0003300,Cromwell,Racial Profile,1000255,2500014117,Incident ID,2025-12-13 00:00:00,December,W,H,M,52,False,False,CROMWELL,Berlin Rd,  ,  ,V,G,1.0,0,14-12(a)*,,False,N,False,False,I,,,,,False,1.0,CT0003300,134130645212821707,2025-12-13 10:20:26.067000,10:20:26.067000,2025,14-36(a),,Registration,2025
2026-01-16 14:15:26.110000,8090281.0,CT0003300,Cromwell,Racial Profile,1000273,2500014125,Incident ID,2025-12-13 00:00:00,December,W,N,M,84,True,True,CROMWELL,Geer St,  ,  ,V,G,1.0,0,14-230(a),,False,N,False,False,V,,,,,False,1.0,CT0003300,134130645212821707,2025-12-13 15:52:49.770000,15:52:49.770000,2025,,,Moving Violation,2025
2026-01-16 14:15:26.047000,8090264.0,CT0003300,Cromwell,Racial Profile,1000262,2500014136,Incident ID,2025-12-13 00:00:00,December,B,N,M,27,True,False,CROMWELL,West over RTE 9,  ,  ,E,G,1.0,0,14-96a(a),,False,N,False,False,V,,,,,False,1.0,CT0003300,134130645212821707,2025-12-13 19:01:31.980000,19:01:31.980000,2025,14-96a(a),,Defective Lights,2025
2026-01-16 14:15:26.110000,8090282.0,CT0003300,Cromwell,Racial Profile,1000273,2500014132,Incident ID,2025-12-13 00:00:00,December,W,H,M,35,True,False,CROMWELL,Shunpike @ West,  ,  ,V,G,1.0,0,14-96a(a),,False,N,False,False,V,,,,,False,1.0,CT0003300,134130645212821707,2025-12-13 18:13:06.007000,18:13:06.007000,2025,,,Defective Lights,2025
2026-01-16 14:15:25.783000,8090197.0,CT0003300,Cromwell,Racial Profile,10102,2500014135,Incident ID,2025-12-13 00:00:00,December,W,N,M,68,True,True,CROMWELL,Willowbrook Rd.,  ,  ,V,G,1.0,0,14-242,,False,N,False,False,V,,,,,False,1.0,CT0003300,134130645212821707,2025-12-13 18:43:50.317000,18:43:50.317000,2025,,,Moving Violation,2025
2026-01-16 14:15:25.953000,8090239.0,CT0003300,Cromwell,Racial Profile,1000255,2500014162,Incident ID,2025-12-14 00:00:00,December,W,N,F,46,True,False,Cromwell,Shunpike Rd,  ,  ,V,G,1.0,0,14-241,,False,N,False,False,V,,,,,False,1.0,CT0003300,134130645212821707,2025-12-14 13:14:52.763000,13:14:52.763000,2025,14-41(d),,Moving Violation,2025
2026-01-16 14:15:25.900000,8090217.0,CT0003300,Cromwell,Racial Profile,1000242,2500014166,Incident ID,2025-12-14 00:00:00,December,W,N,F,65,True,True,CROMWELL,Main Street at Wall Street,  ,  ,V,G,1.0,0,14-218a,,False,N,False,False,W,,,,,False,1.0,CT0003300,134130645212821707,2025-12-14 14:48:14.033000,14:48:14.033000,2025,14-218a,,Speed Related,2025
2026-01-16 14:15:25.863000,8090208.0,CT0003300,Cromwell,Racial Profile,1000234,2500014220,Incident ID,2025-12-15 00:00:00,December,W,N,M,57,True,False,CROMWELL,Berlin Rd.,  ,  ,V,G,1.0,0,14-236,,False,N,False,False,V,,,,,False,1.0,CT0003300,134130645212821707,2025-12-15 22:05:15.980000,22:05:15.980000,2025,14-236,,Moving Violation,2025
2026-01-16 14:15:25.927000,8090228.0,CT0003300,Cromwell,Racial Profile,1000250,2500014211,Incident ID,2025-12-15 00:00:00,December,W,H,F,29,True,False,Cromwell,Berlin Rd,  ,  ,V,G,1.0,0,14-96e,,False,N,False,False,V,,,,,False,1.0,CT0003300,134130645212821707,2025-12-15 14:05:45.150000,14:05:45.150000,2025,,,Defective Lights,2025
2026-01-16 14:15:25.957000,8090240.0,CT0003300,Cromwell,Racial Profile,1000255,2500014204,Incident ID,2025-12-15 00:00:00,December,W,N,M,27,True,False,CROMWELL,Shunpike Rd,  ,  ,V,G,1.0,0,14-296aa(b),,False,N,False,False,V,,,,,False,1.0,CT0003300,134130645212821707,2025-12-15 11:19:07.590000,11:19:07.590000,2025,14-296aa(b),,Cell Phone,2025
2026-01-16 14:15:25.910000,8090221.0,CT0003300,Cromwell,Racial Profile,1000245,2500014205,Incident ID,2025-12-15 00:00:00,December,B,M,M,29,True,False,CROMWELL,Evergreen Rd,  ,  ,V,G,1.0,0,14-301,,False,N,False,False,V,,,,,False,1.0,CT0003300,134130645212821707,2025-12-15 11:22:52.580000,11:22:52.580000,2025,14-301,,Stop Sign,2025
2026-01-16 14:15:25.930000,8090229.0,CT0003300,Cromwell,Racial Profile,1000250,2500014237,Incident ID,2025-12-16 00:00:00,December,W,N,F,38,True,False,CROMWELL,Berlin Rd,  ,  ,V,G,2.0,1,14-215a,,False,N,False,False,M,,,,,False,1.0,CT0003300,134130645212821707,2025-12-16 13:56:29.713000,13:56:29.713000,2025,,,Administrative Offense,2025
2026-01-16 14:15:25.930000,8090230.0,CT0003300,Cromwell,Racial Profile,1000250,2500014268,Incident ID,2025-12-17 00:00:00,December,W,N,M,42,True,False,Cromwell,80 SHUNPIKE RD,  ,  ,V,G,1.0,0,14-12A*,,False,N,False,False,V,,,,,False,1.0,CT0003300,134130645212821707,2025-12-17 11:35:37.463000,11:35:37.463000,2025,,,Registration,2025
2026-01-16 14:15:25.980000,8090249.0,CT0003300,Cromwell,Racial Profile,1000260,2500014298,Incident ID,2025-12-17 00:00:00,December,B,N,F,71,True,True,CROMWELL,shunpike/woodland,  ,  ,V,S,1.0,0,14-12(a)*,,False,N,False,False,V,,,,,False,1.0,CT0003300,134130645212821707,2025-12-17 17:42:36.553000,17:42:36.553000,2025,14-12(a)*,,Registration,2025
2026-01-16 14:15:25.867000,8090209.0,CT0003300,Cromwell,Racial Profile,1000234,2500014249,Incident ID,2025-12-17 00:00:00,December,W,M,M,26,True,False,CROMWELL,West St.,  ,  ,V,G,1.0,0,14-236,,False,N,False,False,V,,,,,False,1.0,CT0003300,134130645212821707,2025-12-17 02:22:15.963000,02:22:15.963000,2025,14-236,,Moving Violation,2025
2026-01-16 14:15:26.077000,8090272.0,CT0003300,Cromwell,Racial Profile,1000265,2500014350,Incident ID,2025-12-18 00:00:00,December,W,M,F,33,True,True,CROMWELL,Coles,  ,  ,V,G,1.0,0,14-12(a)*,,False,N,False,False,I,,,,,False,1.0,CT0003300,134130645212821707,2025-12-18 17:51:23.327000,17:51:23.327000,2025,,,Registration,2025
2026-01-16 14:15:25.933000,8090231.0,CT0003300,Cromwell,Racial Profile,1000250,2500014345,Incident ID,2025-12-18 00:00:00,December,W,H,M,29,True,False,Cromwell,"00050 BERLIN RD (Cromwell, T033)",  ,  ,I,G,2.0,1,14-147(c),,False,N,False,False,I,,,,,False,1.0,CT0003300,134130645212821707,2025-12-18 16:36:39.287000,16:36:39.287000,2025,,,Administrative Offense,2025
2026-01-16 14:15:25.873000,8090210.0,CT0003300,Cromwell,Racial Profile,1000234,2500014357,Incident ID,2025-12-18 00:00:00,December,W,H,M,44,True,False,CROMWELL,West St.,  ,  ,V,G,3.0,1,14-147(c),,False,N,False,False,I,,,,,False,1.0,CT0003300,134130645212821707,2025-12-18 22:10:51.060000,22:10:51.060000,2025,14-213b,,Administrative Offense,2025
2026-01-16 14:15:26.083000,8090273.0,CT0003300,Cromwell,Racial Profile,1000265,2500014351,Incident ID,2025-12-18 00:00:00,December,W,M,F,55,True,True,Cromwell,Berlin,  ,  ,V,G,1.0,0,14-12(a)*,,False,N,False,False,I,,,,,False,1.0,CT0003300,134130645212821707,2025-12-18 18:27:22.663000,18:27:22.663000,2025,,,Registration,2025
2026-01-16 14:15:26.113000,8090283.0,CT0003300,Cromwell,Racial Profile,1000273,2500014344,Incident ID,2025-12-18 00:00:00,December,W,N,M,67,True,False,Cromwell,RT 372 @ Willowbrook,  ,  ,V,G,1.0,0,14-247,,False,N,False,False,V,,,,,False,1.0,CT0003300,134130645212821707,2025-12-18 15:23:39.860000,15:23:39.860000,2025,,,Moving Violation,2025
2026-01-16 14:15:25.937000,8090232.0,CT0003300,Cromwell,Racial Profile,1000250,2500014398,Incident ID,2025-12-19 00:00:00,December,W,N,F,39,True,False,CROMWELL,"00045 SHUNPIKE RD (CROMWELL, T033)",  ,  ,V,G,2.0,0,14-12(a)*,,False,N,False,False,I,,,,,False,1.0,CT0003300,134130645212821707,2025-12-19 13:51:25.590000,13:51:25.590000,2025,,,Registration,2025
2026-01-16 14:15:25.880000,8090211.0,CT0003300,Cromwell,Racial Profile,1000234,2500014406,Incident ID,2025-12-19 00:00:00,December,W,N,M,20,True,False,CROMWELL,Berlin Rd.,  ,  ,E,G,1.0,0,14-96a(a),,False,N,False,False,V,,,,,False,1.0,CT0003300,134130645212821707,2025-12-19 21:34:20.643000,21:34:20.643000,2025,14-96a(a),,Defective Lights,2025
2026-01-16 14:15:25.800000,8090200.0,CT0003300,Cromwell,Racial Profile,10110,2500014383,Incident ID,2025-12-19 00:00:00,December,W,N,M,38,True,False,CROMWELL,Rte. 3 & Rte. 372,  ,  ,V,G,1.0,0,14-299,,False,N,False,False,V,,,,,False,1.0,CT0003300,134130645212821707,2025-12-19 07:46:53.583000,07:46:53.583000,2025,14-299,,Traffic Control Signal,2025
2026-01-16 14:15:25.960000,8090241.0,CT0003300,Cromwell,Racial Profile,1000255,2500014435,Incident ID,2025-12-20 00:00:00,December,W,N,M,79,False,False,CROMWELL,Main St,  ,  ,V,T,1.0,0,14-218a,,False,N,False,False,V,,,,,False,1.0,CT0003300,134130645212821707,2025-12-20 11:17:21.107000,11:17:21.107000,2025,,,Speed Related,2025
2026-01-16 14:15:26.130000,8090284.0,CT0003300,Cromwell,Racial Profile,1000273,2500014433,Incident ID,2025-12-20 00:00:00,December,B,N,F,33,False,False,CROMWELL,Berlin RD at Industrial Park RD,  ,  ,E,G,1.0,0,14-18(c),,False,N,False,False,V,,,,,False,1.0,CT0003300,134130645212821707,2025-12-20 10:14:18.830000,10:14:18.830000,2025,14-18(a),,Display of Plates,2025
2026-01-16 14:15:25.790000,8090198.0,CT0003300,Cromwell,Racial Profile,10102,2500014478,Incident ID,2025-12-21 00:00:00,December,W,N,F,83,True,False,CROMWELL,west street,  ,  ,V,G,1.0,0,14-299,,False,N,False,False,V,,,,,False,1.0,CT0003300,134130645212821707,2025-12-21 12:53:36.863000,12:53:36.863000,2025,,,Traffic Control Signal,2025
2026-01-16 14:15:25.963000,8090242.0,CT0003300,Cromwell,Racial Profile,1000255,2500014482,Incident ID,2025-12-21 00:00:00,December,W,N,F,67,True,True,CROMWELL,Main St,  ,  ,V,T,1.0,0,14-218a,,False,N,False,False,V,,,,,False,1.0,CT0003300,134130645212821707,2025-12-21 13:52:11.823000,13:52:11.823000,2025,,,Speed Related,2025
2026-01-16 14:15:26.133000,8090285.0,CT0003300,Cromwell,Racial Profile,1000273,2500014490,Incident ID,2025-12-21 00:00:00,December,W,N,M,17,True,True,CROMWELL,Evergreen @ Willowbrook,  ,  ,V,G,1.0,0,14-245,,False,N,False,False,V,,,,,False,1.0,CT0003300,134130645212821707,2025-12-21 15:25:55.580000,15:25:55.580000,2025,,,Moving Violation,2025
2026-01-16 14:15:26.137000,8090286.0,CT0003300,Cromwell,Racial Profile,1000273,2500014539,Incident ID,2025-12-22 00:00:00,December,W,N,F,70,True,False,Cromwell,Berlin RD @ Coles RD,  ,  ,V,G,1.0,0,14-247,,False,N,False,False,V,,,,,False,1.0,CT0003300,134130645212821707,2025-12-22 14:01:11.463000,14:01:11.463000,2025,,,Moving Violation,2025
2026-01-16 14:15:25.963000,8090243.0,CT0003300,Cromwell,Racial Profile,1000255,2500014537,Incident ID,2025-12-22 00:00:00,December,W,N,F,34,True,False,CROMWELL,Shunpike Rd,  ,  ,V,G,1.0,0,14-296aa(b),,False,N,False,False,V,,,,,False,1.0,CT0003300,134130645212821707,2025-12-22 13:15:48.090000,13:15:48.090000,2025,,,Cell Phone,2025
2026-01-16 14:15:25.940000,8090233.0,CT0003300,Cromwell,Racial Profile,1000250,2500014585,Incident ID,2025-12-23 00:00:00,December,W,N,F,41,True,False,CROMWELL,Shunpike Rd,  ,  ,V,G,1.0,0,14-12(a)*,,False,N,False,False,V,,,,,False,1.0,CT0003300,134130645212821707,2025-12-23 14:36:04.310000,14:36:04.310000,2025,,,Registration,2025
2026-01-16 14:15:25.973000,8090247.0,CT0003300,Cromwell,Racial Profile,1000258,2500014596,Incident ID,2025-12-23 00:00:00,December,W,N,F,48,True,False,CROMWELL,Industrial park road,  ,  ,V,G,1.0,0,14-236,,False,N,False,False,V,,,,,False,1.0,CT0003300,134130645212821707,2025-12-23 22:44:08.687000,22:44:08.687000,2025,,,Moving Violation,2025
2026-01-16 14:15:25.833000,8090203.0,CT0003300,Cromwell,Racial Profile,1000230,2500014579,Incident ID,2025-12-23 00:00:00,December,W,N,M,49,True,False,CROMWELL,MAIN & COURT,  ,  ,V,G,1.0,0,14--301,,False,N,False,False,V,,,,,False,1.0,CT0003300,134130645212821707,2025-12-23 11:48:39.983000,11:48:39.983000,2025,,,Stop Sign,2025
2026-01-16 14:15:25.990000,8090252.0,CT0003300,Cromwell,Racial Profile,1000260,2500014594,Incident ID,2025-12-23 00:00:00,December,W,N,F,25,True,True,Cromwell,berlin/berlin,  ,  ,V,G,1.0,0,14-299,,False,N,False,False,V,,,,,False,1.0,CT0003300,134130645212821707,2025-12-23 22:08:14.253000,22:08:14.253000,2025,14-299,,Traffic Control Signal,2025
2026-01-16 14:15:25.997000,8090254.0,CT0003300,Cromwell,Racial Profile,1000260,2500014597,Incident ID,2025-12-23 00:00:00,December,W,H,F,20,True,False,CROMWELL,berlin/berlin,  ,  ,V,G,1.0,0,14-299,,False,N,False,False,V,,,,,False,1.0,CT0003300,134130645212821707,2025-12-23 22:45:27.933000,22:45:27.933000,2025,14-299,,Traffic Control Signal,2025
2026-01-16 14:15:25.970000,8090246.0,CT0003300,Cromwell,Racial Profile,1000258,2500014593,Incident ID,2025-12-23 00:00:00,December,W,N,M,41,True,False,Cromwell,Shunpike Road,  ,  ,V,G,3.0,0,14-12(a)*,,False,N,False,False,M,,,,,False,1.0,CT0003300,134130645212821707,2025-12-23 22:07:00.227000,22:07:00.227000,2025,14-215,,Registration,2025
2026-01-16 14:15:25.987000,8090251.0,CT0003300,Cromwell,Racial Profile,1000260,2500014592,Incident ID,2025-12-23 00:00:00,December,W,N,F,67,True,False,CROMWELL,berlin/kirby,  ,  ,V,G,1.0,0,14-96a(a),,False,N,False,False,V,,,,,False,1.0,CT0003300,134130645212821707,2025-12-23 21:58:25.183000,21:58:25.183000,2025,14-96a(a),,Defective Lights,2025
2026-01-16 14:15:25.983000,8090250.0,CT0003300,Cromwell,Racial Profile,1000260,2500014588,Incident ID,2025-12-23 00:00:00,December,B,N,F,22,True,False,CROMWELL," WEST St/SHUNPIKE Rd (CROMWELL, T033)",  ,  ,V,G,1.0,0,14-96a(a),,False,N,False,False,I,,,,,False,1.0,CT0003300,134130645212821707,2025-12-23 20:15:26.780000,20:15:26.780000,2025,14-12(a)*,,Defective Lights,2025
2026-01-16 14:15:26,8090255.0,CT0003300,Cromwell,Racial Profile,1000260,2500014598,Incident ID,2025-12-23 00:00:00,December,W,H,M,42,True,False,CROMWELL,coles/berlin,  ,  ,V,G,2.0,1,14-147c,,False,N,False,False,I,,,,,False,1.0,CT0003300,134130645212821707,2025-12-23 23:16:31.097000,23:16:31.097000,2025,14-213b,,Administrative Offense,2025
2026-01-16 14:15:25.993000,8090253.0,CT0003300,Cromwell,Racial Profile,1000260,2500014595,Incident ID,2025-12-23 00:00:00,December,W,N,F,25,True,True,CROMWELL,west/shunpike,  ,  ,V,G,1.0,0,14-96a(a),,False,N,False,False,V,,,,,False,1.0,CT0003300,134130645212821707,2025-12-23 22:37:52.193000,22:37:52.193000,2025,14-96a(a),,Defective Lights,2025
2026-01-16 14:15:25.910000,8090222.0,CT0003300,Cromwell,Racial Profile,1000245,2500014625,Incident ID,2025-12-24 00:00:00,December,B,N,M,55,True,False,CROMWELL,BERLIN/BERLIN RD,  ,  ,V,G,1.0,0,53-242,,False,N,False,False,V,,,,,False,1.0,CT0003300,134130645212821707,2025-12-24 11:54:41.143000,11:54:41.143000,2025,,,Other,2025
2026-01-16 14:15:25.940000,8090234.0,CT0003300,Cromwell,Racial Profile,1000250,2500014622,Incident ID,2025-12-24 00:00:00,December,W,N,F,27,True,False,CROMWELL,Berlin Rd,  ,  ,V,G,1.0,0,14-12(a)*,,False,N,False,False,V,,,,,False,1.0,CT0003300,134130645212821707,2025-12-24 08:43:26.410000,08:43:26.410000,2025,,,Registration,2025
2026-01-16 14:15:25.817000,8090202.0,CT0003300,Cromwell,Racial Profile,1000228,2500014672,Incident ID,2025-12-26 00:00:00,December,W,H,M,57,True,True,CROMWELL,Main St.,  ,  ,V,T,1.0,0,14-218a,,False,N,False,False,V,,,,,False,1.0,CT0003300,134130645212821707,2025-12-26 07:22:48.367000,07:22:48.367000,2025,14-218a,,Speed Related,2025
2026-01-16 14:15:26.090000,8090274.0,CT0003300,Cromwell,Racial Profile,1000265,2500014685,Incident ID,2025-12-26 00:00:00,December,W,N,M,42,True,True,CROMWELL,South Street at River Road,  ,  ,V,G,1.0,0,14-301,,False,N,False,False,V,,,,,False,1.0,CT0003300,134130645212821707,2025-12-26 14:55:29.313000,14:55:29.313000,2025,,,Stop Sign,2025
2026-01-16 14:15:25.943000,8090235.0,CT0003300,Cromwell,Racial Profile,1000250,2500014683,Incident ID,2025-12-26 00:00:00,December,W,H,M,17,True,False,CROMWELL,"00140 BERLIN RD (CROMWELL, T033)",  ,  ,V,G,2.0,0,14-12(a)*,,False,N,False,False,I,,,,,False,1.0,CT0003300,134130645212821707,2025-12-26 14:05:04.853000,14:05:04.853000,2025,,,Registration,2025
2026-01-16 14:15:25.890000,8090214.0,CT0003300,Cromwell,Racial Profile,1000234,2500014730,Incident ID,2025-12-27 00:00:00,December,B,N,M,50,True,False,Cromwell,Berlin Rd.,  ,  ,V,G,1.0,0,14-244,,False,N,False,False,V,,,,,False,1.0,CT0003300,134130645212821707,2025-12-27 21:35:21.817000,21:35:21.817000,2025,14-215a,,Moving Violation,2025
2026-01-16 14:15:26.053000,8090265.0,CT0003300,Cromwell,Racial Profile,1000262,2500014731,Incident ID,2025-12-27 00:00:00,December,A,M,M,29,True,False,Cromwell,BERLIN RD @ LOWES,  ,  ,V,G,2.0,0,14-215(a)*,,False,N,False,False,V,,,,,False,1.0,CT0003300,134130645212821707,2025-12-27 21:44:36.300000,21:44:36.300000,2025,14-215(a),,Administrative Offense,2025
2026-01-16 14:15:25.890000,8090213.0,CT0003300,Cromwell,Racial Profile,1000234,2500014728,Incident ID,2025-12-27 00:00:00,December,W,N,M,21,True,False,CROMWELL,Berlin Rd.,  ,  ,E,G,1.0,0,14-96c,,False,N,False,False,V,,,,,False,1.0,CT0003300,134130645212821707,2025-12-27 20:54:25.460000,20:54:25.460000,2025,14-12(a),,Defective Lights,2025
2026-01-16 14:15:25.887000,8090212.0,CT0003300,Cromwell,Racial Profile,1000234,2500014727,Incident ID,2025-12-27 00:00:00,December,W,N,M,26,True,False,CROMWELL,Berlin Rd.,  ,  ,V,G,1.0,0,14-96c,,False,N,False,False,V,,,,,False,1.0,CT0003300,134130645212821707,2025-12-27 20:48:28.553000,20:48:28.553000,2025,14-96c,,Defective Lights,2025
2026-01-16 14:15:25.967000,8090244.0,CT0003300,Cromwell,Racial Profile,1000255,2500014720,Incident ID,2025-12-27 00:00:00,December,W,N,M,26,True,False,CROMWELL,Berlin Rd,  ,  ,V,G,1.0,0,14-252a(a),,False,N,False,False,V,,,,,False,1.0,CT0003300,134130645212821707,2025-12-27 10:51:49.487000,10:51:49.487000,2025,,,Other,2025
2026-01-16 14:15:25.793000,8090199.0,CT0003300,Cromwell,Racial Profile,10102,2500014763,Incident ID,2025-12-28 00:00:00,December,W,H,M,40,True,False,CROMWELL,Shunpike Rd.,  ,  ,V,G,2.0,0,14-12(a)*,,False,N,False,False,I,,,,,False,1.0,CT0003300,134130645212821707,2025-12-28 14:22:51.047000,14:22:51.047000,2025,,,Registration,2025
2026-01-16 14:15:26.090000,8090275.0,CT0003300,Cromwell,Racial Profile,1000265,2500014768,Incident ID,2025-12-28 00:00:00,December,B,M,F,53,True,False,CROMWELL,west,  ,  ,V,G,1.0,0,14-12(a)*,,False,N,False,False,I,,,,,False,1.0,CT0003300,134130645212821707,2025-12-28 18:11:10.713000,18:11:10.713000,2025,,,Registration,2025
2026-01-16 14:15:26.053000,8090266.0,CT0003300,Cromwell,Racial Profile,1000262,2500014764,Incident ID,2025-12-28 00:00:00,December,W,N,M,28,True,False,Cromwell,Willowbrook @ Berlin Road,  ,  ,V,G,1.0,0,14-299,,False,N,False,False,V,,,,,False,1.0,CT0003300,134130645212821707,2025-12-28 14:55:38.677000,14:55:38.677000,2025,14-299,,Traffic Control Signal,2025
2026-01-16 14:15:25.970000,8090245.0,CT0003300,Cromwell,Racial Profile,1000255,2500014789,Incident ID,2025-12-29 00:00:00,December,W,N,F,22,True,False,CROMWELL,Evergreen Rd,  ,  ,E,G,1.0,0,14-96c,,False,N,False,False,V,,,,,False,1.0,CT0003300,134130645212821707,2025-12-29 15:17:51.577000,15:17:51.577000,2025,,,Defective Lights,2025
2026-01-16 14:15:26.147000,8090287.0,CT0003300,Cromwell,Racial Profile,1000273,2500014780,Incident ID,2025-12-29 00:00:00,December,W,H,F,50,True,False,CROMWELL,Geer St,  ,  ,V,G,1.0,0,14-301,,False,N,False,False,W,,,,,False,1.0,CT0003300,134130645212821707,2025-12-29 08:33:50.413000,08:33:50.413000,2025,,,Stop Sign,2025
2026-01-16 14:15:26.057000,8090267.0,CT0003300,Cromwell,Racial Profile,1000262,2500014804,Incident ID,2025-12-30 00:00:00,December,W,N,M,29,True,False,CROMWELL,Berlin Road @ Willowbrook,  ,  ,V,G,1.0,0,14-299,,False,N,False,False,V,,,,,False,1.0,CT0003300,134130645212821707,2025-12-30 02:27:31.113000,02:27:31.113000,2025,14-299,,Traffic Control Signal,2025
2026-01-16 14:15:25.897000,8090216.0,CT0003300,Cromwell,Racial Profile,1000234,2500014869,Incident ID,2025-12-31 00:00:00,December,W,H,F,46,True,False,CROMWELL,Berlin Rd.,  ,  ,E,G,1.0,0,14-96e,,False,N,False,False,V,,,,,False,1.0,CT0003300,134130645212821707,2025-12-31 21:13:04.947000,21:13:04.947000,2025,14-96c,,Defective Lights,2025
2026-01-16 14:15:26.003000,8090257.0,CT0003300,Cromwell,Racial Profile,1000260,2500014871,Incident ID,2025-12-31 00:00:00,December,W,H,M,39,True,False,CROMWELL,BERLIN/INDUSTRIAL PARK,  ,  ,V,G,1.0,0,14-96C,,False,N,False,False,V,,,,,False,1.0,CT0003300,134130645212821707,2025-12-31 21:27:54.940000,21:27:54.940000,2025,14-96C,,Defective Lights,2025
2026-01-16 14:15:25.893000,8090215.0,CT0003300,Cromwell,Racial Profile,1000234,2500014867,Incident ID,2025-12-31 00:00:00,December,B,N,M,62,False,False,CROMWELL,West St,  ,  ,E,G,1.0,0,14-96a(a),,False,N,False,False,V,,,,,False,1.0,CT0003300,134130645212821707,2025-12-31 20:00:44.510000,20:00:44.510000,2025,14-96a(a),,Defective Lights,2025
2026-01-16 14:15:26.060000,8090268.0,CT0003300,Cromwell,Racial Profile,1000262,2500014872,Incident ID,2025-12-31 00:00:00,December,B,N,X,36,True,False,CROMWELL,Berlin Road,  ,  ,E,S,1.0,0,14-96a(a),,False,N,False,False,V,,,,,False,1.0,CT0003300,134130645212821707,2025-12-31 22:04:23.970000,22:04:23.970000,2025,14-96a(a),,Defective Lights,2025
2026-01-16 14:15:26,8090256.0,CT0003300,Cromwell,Racial Profile,1000260,2500014870,Incident ID,2025-12-31 00:00:00,December,W,M,M,35,True,False,CROMWELL,EAST/372,  ,  ,V,G,1.0,0,14-96a(a),,False,N,False,False,V,,,,,False,1.0,CT0003300,134130645212821707,2025-12-31 21:15:19.983000,21:15:19.983000,2025,14-96A,,Defective Lights,2025
