CreatedDate,ProfileNo,OrganizationIdentificationID,Department Name,OrganizationActivityText,ReportingOfficerIdentificationID,InterventionIdentificationID,IdentificationCategoryDescriptionText,InterventionDate,Month,SubjectRaceCode,SubjectEthnicityCode,SubjectSexCode,SubjectAge,ResidentIndicator,TownRecidentIndicator,InterventionLocationName,InterventionLocationDescriptionText,InterventionLocationLatitude,InterventionLocationLongitude,InterventionReasonCode,InterventionTechniqueCode,InterventionDurationCode,TowedIndicator,StatuteCodeIdentificationID,StatutatoryCitationPostStop,VehicleSearchedIndicator,SearchAuthorizationCode,ContrabandIndicator,CustodialArrestIndicator,InterventionDispositionCode,InterventionDispositionDate,InterventionDispositionReasonText,IsStatuteCodeValid,IsStatutatoryCitationValid,IsaTest,RecordCount,SourceId,SourceReferenceId,InterventionDateTime,InterventionTime,filenumber,StatutatoryCitation,Road Type,ReasonForStop,Year
2025-03-14 15:16:07.157000,7286165.0,CT0015600,West Haven,Racial Profile,1000465,2500000040,Incident ID,2025-01-01 00:00:00,January,B,N,M,40,True,False,West Haven,Platt / Woodhill,  ,  ,V,G,1.0,0,14-12(a)*,,False,N,False,False,V,,,,,False,1.0,CT0015600,133864533651632658,2025-01-01 04:42:10.763000,04:42:10.763000,2025,,,Registration,2025
2025-01-15 18:45:02.510000,7180692.0,CT0015600,West Haven,Racial Profile,1000602,2500000129,Incident ID,2025-01-01 00:00:00,January,W,H,M,34,True,False,West Haven,kenneth street,  ,  ,V,G,1.0,0,14-147(c),,False,N,False,False,M,,,,,False,1.0,CT0015600,133814582971040969,2025-01-01 23:33:36.017000,23:33:36.017000,2025,38a-371,,Administrative Offense,2025
2025-03-14 15:16:07.153000,7286164.0,CT0015600,West Haven,Racial Profile,1000465,2500000025,Incident ID,2025-01-01 00:00:00,January,W,H,M,28,True,True,West Haven,271 William Street,  ,  ,V,G,2.0,0,14-218a,,False,N,False,False,I,,,,,False,1.0,CT0015600,133864533651632658,2025-01-01 02:25:53.020000,02:25:53.020000,2025,14-36(a),,Speed Related,2025
2025-01-15 18:45:02.587000,7180715.0,CT0015600,West Haven,Racial Profile,1000637,2500000108,Incident ID,2025-01-01 00:00:00,January,B,N,M,33,True,False,West Haven,Boston Post Rd/ Taft St,  ,  ,V,G,1.0,0,14-12(a)*,,False,N,False,False,V,,,,,False,1.0,CT0015600,133814582971040969,2025-01-01 17:51:49.503000,17:51:49.503000,2025,,,Registration,2025
2025-01-15 18:45:02.590000,7180716.0,CT0015600,West Haven,Racial Profile,1000637,2500000113,Incident ID,2025-01-01 00:00:00,January,W,H,M,57,True,True,West Haven,Campbell Ave/ Brown St.,  ,  ,V,G,1.0,0,14-299,,False,N,False,False,V,,,,,False,1.0,CT0015600,133814582971040969,2025-01-01 18:41:28.143000,18:41:28.143000,2025,,,Traffic Control Signal,2025
2025-01-15 18:45:02.503000,7180689.0,CT0015600,West Haven,Racial Profile,1000602,2500000115,Incident ID,2025-01-01 00:00:00,January,B,N,M,50,True,True,West Haven,spring street,  ,  ,V,G,1.0,0,14-147(c),,False,N,False,False,V,,,,,False,1.0,CT0015600,133814582971040969,2025-01-01 19:25:30.340000,19:25:30.340000,2025,,,Administrative Offense,2025
2025-01-15 18:45:02.507000,7180690.0,CT0015600,West Haven,Racial Profile,1000602,2500000120,Incident ID,2025-01-01 00:00:00,January,B,N,M,20,True,False,WEST HAVEN,campbell avneue,  ,  ,V,G,1.0,1,14-147(c),,True,I,False,False,I,,,,,False,1.0,CT0015600,133814582971040969,2025-01-01 21:11:30.600000,21:11:30.600000,2025,,,Administrative Offense,2025
2025-01-15 18:45:02.510000,7180691.0,CT0015600,West Haven,Racial Profile,1000602,2500000121,Incident ID,2025-01-01 00:00:00,January,W,H,M,23,True,True,West Haven,campbell avenue,  ,  ,V,G,3.0,1,14-147(c),,True,I,False,True,U,,,,,False,1.0,CT0015600,133814582971040969,2025-01-01 21:42:23.680000,21:42:23.680000,2025,38a-371,,Administrative Offense,2025
2025-01-15 18:45:02.653000,7180729.0,CT0015600,West Haven,Racial Profile,1000678,2500000117,Incident ID,2025-01-01 00:00:00,January,W,N,F,30,True,False,WEST HAVEN,Elm street and stop and shop,  ,  ,V,G,2.0,1,14-12(a),,False,N,False,False,I,,,,,False,1.0,CT0015600,133814582971040969,2025-01-01 20:04:55.803000,20:04:55.803000,2025,14-12(a),,Registration,2025
2025-03-14 15:16:07.267000,7286204.0,CT0015600,West Haven,Racial Profile,1000582,2500000133,Incident ID,2025-01-02 00:00:00,January,W,N,M,22,True,True,West Haven,elm/ savin,  ,  ,V,G,2.0,0,14-99,,True,C,True,False,V,,,,,False,1.0,CT0015600,133864533651632658,2025-01-02 00:10:11.840000,00:10:11.840000,2025,14-99,,Window Tint,2025
2025-01-15 18:45:02.523000,7180696.0,CT0015600,West Haven,Racial Profile,1000614,2500000257,Incident ID,2025-01-02 00:00:00,January,W,N,M,37,True,False,West Haven,Campbell Ave,  ,  ,V,G,1.0,0,14-246a,,False,N,False,False,V,,,,,False,1.0,CT0015600,133814582971040969,2025-01-02 18:26:14.240000,18:26:14.240000,2025,,,Moving Violation,2025
2025-01-15 18:45:02.523000,7180697.0,CT0015600,West Haven,Racial Profile,1000614,2500000262,Incident ID,2025-01-02 00:00:00,January,B,N,M,56,True,True,West Haven,Allingscrossing,  ,  ,E,G,1.0,0,14-96b,,False,N,False,False,V,,,,,False,1.0,CT0015600,133814582971040969,2025-01-02 19:16:12.837000,19:16:12.837000,2025,,,Defective Lights,2025
2025-03-14 15:16:07.570000,7286300.0,CT0015600,West Haven,Racial Profile,1000675,2500000146,Incident ID,2025-01-02 00:00:00,January,B,N,M,25,True,True,West Haven,Washington Avenue/Washington Ave Manor,  ,  ,V,G,1.0,0,14-301,,False,N,False,False,V,,,,,False,1.0,CT0015600,133864533651632658,2025-01-02 01:26:44.163000,01:26:44.163000,2025,,,Stop Sign,2025
2025-03-14 15:16:07.113000,7286150.0,CT0015600,West Haven,Racial Profile,1190,2500000216,Incident ID,2025-01-02 00:00:00,January,W,N,M,49,True,False,West Haven,SAWMILL RD/PHILLIPS TER,  ,  ,V,G,1.0,0,14-279,,False,N,False,False,I,,,,,False,1.0,CT0015600,133864533651632658,2025-01-02 14:38:19.310000,14:38:19.310000,2025,14-279,,Other,2025
2025-03-14 15:16:07.073000,7286139.0,CT0015600,West Haven,Racial Profile,1155,2500000276,Incident ID,2025-01-02 00:00:00,January,B,N,F,36,True,False,West Haven,cmpbell/elm,  ,  ,V,G,1.0,0,14-299,,False,N,False,False,V,,,,,False,1.0,CT0015600,133864533651632658,2025-01-02 21:50:35.277000,21:50:35.277000,2025,,,Traffic Control Signal,2025
2025-01-15 18:45:02.513000,7180693.0,CT0015600,West Haven,Racial Profile,1000602,2500000432,Incident ID,2025-01-03 00:00:00,January,B,N,M,57,True,False,WEST HAVEN,campbell avenue,  ,  ,V,G,2.0,1,14-147(a),,True,I,False,False,M,,,,,False,1.0,CT0015600,133814582971040969,2025-01-03 22:47:14.400000,22:47:14.400000,2025,,,Administrative Offense,2025
2025-01-15 18:45:02.543000,7180703.0,CT0015600,West Haven,Racial Profile,1000615,2500000334,Incident ID,2025-01-03 00:00:00,January,W,N,F,70,True,False,West Haven,Campbell/ Main ,  ,  ,V,G,1.0,0,14-12(a),,False,N,False,False,V,,,,,False,1.0,CT0015600,133814582971040969,2025-01-03 08:57:10.120000,08:57:10.120000,2025,14-215,,Registration,2025
2025-01-15 18:45:02.547000,7180704.0,CT0015600,West Haven,Racial Profile,1000615,2500000363,Incident ID,2025-01-03 00:00:00,January,W,H,F,26,True,True,West Haven,First/ Wallace ,  ,  ,V,G,1.0,0,14-147(c),,False,N,False,False,I,,,,,False,1.0,CT0015600,133814582971040969,2025-01-03 13:25:29.520000,13:25:29.520000,2025,14-12(a),,Administrative Offense,2025
2025-03-14 15:16:07.587000,7286306.0,CT0015600,West Haven,Racial Profile,1000678,2500000389,Incident ID,2025-01-03 00:00:00,January,W,H,F,35,True,True,West Haven,elm and washington,  ,  ,V,G,1.0,0,14-279,,False,N,False,False,V,,,,,False,1.0,CT0015600,133864533651632658,2025-01-03 15:56:44.130000,15:56:44.130000,2025,14-279,,Other,2025
2025-01-15 18:45:02.393000,7180663.0,CT0015600,West Haven,Racial Profile,1232,2500000356,Incident ID,2025-01-03 00:00:00,January,W,N,M,80,True,False,West Haven,KELSEY AVE/ CAPT THOMAS,  ,  ,V,G,1.0,0,14-299,,False,N,False,False,V,,,,,False,1.0,CT0015600,133814582971040969,2025-01-03 11:57:35.750000,11:57:35.750000,2025,,,Traffic Control Signal,2025
2025-01-15 18:45:02.407000,7180664.0,CT0015600,West Haven,Racial Profile,1232,2500000361,Incident ID,2025-01-03 00:00:00,January,W,N,M,61,True,True,West Haven,95 NORTH SAWMILL,  ,  ,V,G,1.0,0,14-236,,False,N,False,False,V,,,,,False,1.0,CT0015600,133814582971040969,2025-01-03 13:14:13.067000,13:14:13.067000,2025,,,Moving Violation,2025
2025-03-14 15:16:07.160000,7286166.0,CT0015600,West Haven,Racial Profile,1000465,2500000505,Incident ID,2025-01-04 00:00:00,January,B,N,F,35,True,False,West Haven,Post Road / Brower,  ,  ,V,G,1.0,0,14-147(c),,False,N,False,False,V,,,,,False,1.0,CT0015600,133864533651632658,2025-01-04 12:07:27.243000,12:07:27.243000,2025,14-99g(g),,Administrative Offense,2025
2025-03-14 15:16:07.163000,7286167.0,CT0015600,West Haven,Racial Profile,1000465,2500000509,Incident ID,2025-01-04 00:00:00,January,W,H,M,25,True,True,West Haven,Washington / Wharton,  ,  ,V,G,2.0,0,14-147(c),,False,N,False,False,I,,,,,False,1.0,CT0015600,133864533651632658,2025-01-04 12:42:13.997000,12:42:13.997000,2025,14-215a,,Administrative Offense,2025
2025-01-15 18:45:02.410000,7180665.0,CT0015600,West Haven,Racial Profile,1000331,2500000525,Incident ID,2025-01-04 00:00:00,January,W,N,M,30,True,False,West Haven,Derby Avenue X Forest Road,  ,  ,V,G,1.0,0,14-296a,,False,N,False,False,V,,,,,False,1.0,CT0015600,133814582971040969,2025-01-04 14:35:55.480000,14:35:55.480000,2025,,,Cell Phone,2025
2025-01-15 18:45:02.527000,7180698.0,CT0015600,West Haven,Racial Profile,1000614,2500000552,Incident ID,2025-01-04 00:00:00,January,B,N,F,45,True,True,West Haven,Sawmill Road.,  ,  ,E,G,1.0,0,14-96c,,False,N,False,False,V,,,,,False,1.0,CT0015600,133814582971040969,2025-01-04 17:34:33.303000,17:34:33.303000,2025,,,Defective Lights,2025
2025-03-14 15:16:07.350000,7286231.0,CT0015600,West Haven,Racial Profile,1000614,2500000555,Incident ID,2025-01-04 00:00:00,January,A,N,F,47,True,False,West Haven,Captain Thomas blvd,  ,  ,V,G,1.0,0,14-299,,False,N,False,False,V,,,,,False,1.0,CT0015600,133864533651632658,2025-01-04 18:03:22.680000,18:03:22.680000,2025,,,Traffic Control Signal,2025
2025-01-15 18:45:02.533000,7180700.0,CT0015600,West Haven,Racial Profile,1000614,2500000559,Incident ID,2025-01-04 00:00:00,January,W,H,M,18,True,True,West Haven,Washington Avenue,  ,  ,V,G,1.0,0,14-299,,False,N,False,False,V,,,,,False,1.0,CT0015600,133814582971040969,2025-01-04 18:31:33.527000,18:31:33.527000,2025,,,Traffic Control Signal,2025
2025-03-14 15:16:07.357000,7286233.0,CT0015600,West Haven,Racial Profile,1000614,2500000563,Incident ID,2025-01-04 00:00:00,January,B,N,M,27,True,True,West Haven,Campbell Ave/I-95 South,  ,  ,V,G,1.0,0,14-12a,,False,N,False,False,I,,,,,False,1.0,CT0015600,133864533651632658,2025-01-04 18:56:54.190000,18:56:54.190000,2025,,,Registration,2025
2025-01-15 18:45:02.577000,7180711.0,CT0015600,West Haven,Racial Profile,1000626,2500000498,Incident ID,2025-01-04 00:00:00,January,W,N,M,79,True,False,WEST HAVEN,XPRESS FUEL ON ELM STREET,  ,  ,V,G,1.0,0,14-147,,False,N,False,False,N,,,,,False,1.0,CT0015600,133814582971040969,2025-01-04 10:32:00.530000,10:32:00.530000,2025,14-147(c),,Administrative Offense,2025
2025-01-15 18:45:02.580000,7180712.0,CT0015600,West Haven,Racial Profile,1000626,2500000512,Incident ID,2025-01-04 00:00:00,January,W,N,F,57,True,False,West Haven,320 Campbell Avenue,  ,  ,V,G,1.0,0,14-12(a)*,,False,N,False,False,V,,,,,False,1.0,CT0015600,133814582971040969,2025-01-04 12:47:18.463000,12:47:18.463000,2025,14-12(a)*,,Registration,2025
2025-01-15 18:45:02.517000,7180694.0,CT0015600,West Haven,Racial Profile,1000602,2500000580,Incident ID,2025-01-04 00:00:00,January,B,N,M,61,True,True,West Haven,elm st,  ,  ,V,G,2.0,1,53a-32,,True,I,True,True,U,,,,,False,1.0,CT0015600,133814582971040969,2025-01-04 22:51:00.180000,22:51:00.180000,2025,,,Other,2025
2025-03-14 15:16:07.387000,7286242.0,CT0015600,West Haven,Racial Profile,1000615,2500000493,Incident ID,2025-01-04 00:00:00,January,W,N,F,40,True,False,West Haven,First/ Wallace ,  ,  ,V,G,1.0,0,14-36(a),,False,N,False,False,I,,,,,False,1.0,CT0015600,133864533651632658,2025-01-04 09:34:16.247000,09:34:16.247000,2025,14-12(a),,Unlicensed Operation,2025
2025-03-14 15:16:07.077000,7286140.0,CT0015600,West Haven,Racial Profile,1155,2500000577,Incident ID,2025-01-04 00:00:00,January,B,N,M,25,True,False,West Haven,elm st/wagner pl,  ,  ,V,G,1.0,0,14-299,,False,N,False,False,V,,,,,False,1.0,CT0015600,133864533651632658,2025-01-04 22:03:47.947000,22:03:47.947000,2025,,,Traffic Control Signal,2025
2025-01-15 18:45:02.630000,7180723.0,CT0015600,West Haven,Racial Profile,1000661,2500000484,Incident ID,2025-01-04 00:00:00,January,W,H,F,58,True,True,West Haven,Washington Ave/ Wharton St ,  ,  ,V,G,1.0,0,14-301,,False,N,False,False,V,,,,,False,1.0,CT0015600,133814582971040969,2025-01-04 08:30:48.853000,08:30:48.853000,2025,14-301,,Stop Sign,2025
2025-01-15 18:45:02.633000,7180724.0,CT0015600,West Haven,Racial Profile,1000662,2500000554,Incident ID,2025-01-04 00:00:00,January,W,M,M,47,True,False,West Haven,Captain Thomas / Campbell Ave.,  ,  ,V,G,1.0,0,14-18(c),,False,N,False,False,V,,,,,False,1.0,CT0015600,133814582971040969,2025-01-04 17:52:11.270000,17:52:11.270000,2025,14-18(c),,Display of Plates,2025
2025-01-15 18:45:02.560000,7180706.0,CT0015600,West Haven,Racial Profile,1000615,2500000553,Incident ID,2025-01-04 00:00:00,January,W,H,F,24,True,False,WEST HAVEN,560 Forest Rd ,  ,  ,V,G,1.0,0,14-12(a),,False,N,False,False,V,,,,,False,1.0,CT0015600,133814582971040969,2025-01-04 17:47:49.897000,17:47:49.897000,2025,38a-371,,Registration,2025
2025-01-15 18:45:02.493000,7180685.0,CT0015600,West Haven,Racial Profile,1000582,2500000604,Incident ID,2025-01-05 00:00:00,January,W,H,M,32,True,False,WEST HAVEN,Spring St/ New Haven line,  ,  ,I,G,2.0,0,14-147a,,False,N,False,False,V,,,,,False,1.0,CT0015600,133814582971040969,2025-01-05 03:10:57.960000,03:10:57.960000,2025,file 5 093,,Administrative Offense,2025
2025-03-14 15:16:07.393000,7286244.0,CT0015600,West Haven,Racial Profile,1000615,2500000650,Incident ID,2025-01-05 00:00:00,January,W,H,M,30,True,True,West Haven,Forest Rd/ Oak ,  ,  ,E,G,1.0,1,14-12(a),,False,N,False,True,U,,,,,False,1.0,CT0015600,133864533651632658,2025-01-05 11:14:31.360000,11:14:31.360000,2025,38a-371,,Registration,2025
2025-03-14 15:16:07.447000,7286262.0,CT0015600,West Haven,Racial Profile,1000626,2500000643,Incident ID,2025-01-05 00:00:00,January,B,N,F,31,True,False,WEST HAVEN,597 Campbell Avenue,  ,  ,V,G,1.0,0,38a-371,,False,N,False,False,I,,,,,False,1.0,CT0015600,133864533651632658,2025-01-05 10:04:46.007000,10:04:46.007000,2025,14-215b(2),,Other,2025
2025-03-14 15:16:07.560000,7286296.0,CT0015600,West Haven,Racial Profile,1000662,2500000596,Incident ID,2025-01-05 00:00:00,January,B,N,M,81,True,False,West Haven,Boston Post Road / Front Ave.,  ,  ,V,G,1.0,0,14-241,,False,N,False,False,V,,,,,False,1.0,CT0015600,133864533651632658,2025-01-05 00:55:24.800000,00:55:24.800000,2025,14-241,,Moving Violation,2025
2025-01-15 18:45:02.377000,7180660.0,CT0015600,West Haven,Racial Profile,1191,2500000687,Incident ID,2025-01-05 00:00:00,January,W,N,M,52,True,False,West Haven,sawmill& i-95s,  ,  ,V,G,1.0,0,14-299,,False,N,False,False,V,,,,,False,1.0,CT0015600,133814582971040969,2025-01-05 18:10:30.447000,18:10:30.447000,2025,14-299,,Traffic Control Signal,2025
2025-03-14 15:16:07.093000,7286142.0,CT0015600,West Haven,Racial Profile,1162,2500000784,Incident ID,2025-01-06 00:00:00,January,W,N,M,79,True,True,West Haven,saw mill/york,  ,  ,V,G,1.0,0,14-12(a)*,,False,N,False,False,V,,,,,False,1.0,CT0015600,133864533651632658,2025-01-06 11:02:52.417000,11:02:52.417000,2025,,,Registration,2025
2025-01-15 18:45:02.573000,7180710.0,CT0015600,West Haven,Racial Profile,1000620,2500000850,Incident ID,2025-01-06 00:00:00,January,B,N,M,29,True,False,West Haven,Sawmill/Greta,  ,  ,V,G,1.0,0,14-299,,False,N,False,False,V,,,,,False,1.0,CT0015600,133814582971040969,2025-01-06 19:52:38.723000,19:52:38.723000,2025,14-299,,Traffic Control Signal,2025
2025-03-14 15:16:07.167000,7286168.0,CT0015600,West Haven,Racial Profile,1000465,2500000874,Incident ID,2025-01-07 00:00:00,January,W,H,M,25,True,True,West Haven,Elm / Savin,  ,  ,V,G,1.0,0,14-147(c),,False,N,False,False,V,,,,,False,1.0,CT0015600,133864533651632658,2025-01-07 01:51:51.213000,01:51:51.213000,2025,14-215a,,Administrative Offense,2025
2025-01-15 18:45:02.353000,7180657.0,CT0015600,West Haven,Racial Profile,1185,2500000945,Incident ID,2025-01-07 00:00:00,January,W,N,M,50,True,False,WEST HAVEN,island/morgan,  ,  ,V,G,1.0,0,stop sign,,False,N,False,False,V,,,,,False,1.0,CT0015600,133814582971040969,2025-01-07 13:28:43.053000,13:28:43.053000,2025,same,,Stop Sign,2025
2025-01-15 18:45:02.363000,7180658.0,CT0015600,West Haven,Racial Profile,1185,2500000947,Incident ID,2025-01-07 00:00:00,January,W,N,F,45,True,False,WEST HAVEN,ocean ave,  ,  ,I,G,1.0,0,14-12a,,False,N,False,False,V,,,,,False,1.0,CT0015600,133814582971040969,2025-01-07 13:37:21.790000,13:37:21.790000,2025,same,,Registration,2025
2025-03-14 15:16:07.463000,7286268.0,CT0015600,West Haven,Racial Profile,1000637,2500001133,Incident ID,2025-01-08 00:00:00,January,B,N,M,27,True,True,West Haven,Boston Post Road,  ,  ,V,G,1.0,0,14-299,,False,N,False,False,V,,,,,False,1.0,CT0015600,133864533651632658,2025-01-08 18:12:14.800000,18:12:14.800000,2025,,,Traffic Control Signal,2025
2025-03-14 15:16:07.467000,7286269.0,CT0015600,West Haven,Racial Profile,1000637,2500001162,Incident ID,2025-01-09 00:00:00,January,B,N,F,49,True,False,West Haven,First Ave/Prospect place,  ,  ,V,G,1.0,0,14-96b,,False,N,False,False,V,,,,,False,1.0,CT0015600,133864533651632658,2025-01-09 00:31:08.273000,00:31:08.273000,2025,,,Defective Lights,2025
2025-01-15 18:45:02.477000,7180682.0,CT0015600,West Haven,Racial Profile,1000558,2500001446,Incident ID,2025-01-10 00:00:00,January,W,H,M,40,True,False,West Haven,I-95 North / Saw Mill Road ,  ,  ,I,G,2.0,0,14-18(a),,False,N,False,True,N,,,,,False,1.0,CT0015600,133814582971040969,2025-01-10 23:22:32.953000,23:22:32.953000,2025,,,Display of Plates,2025
2025-03-14 15:16:07.473000,7286270.0,CT0015600,West Haven,Racial Profile,1000637,2500001444,Incident ID,2025-01-10 00:00:00,January,B,N,M,41,True,True,West Haven,Brown street/Washinton,  ,  ,V,G,1.0,0,14-18(a),,False,N,False,False,V,,,,,False,1.0,CT0015600,133864533651632658,2025-01-10 22:25:12.100000,22:25:12.100000,2025,,,Display of Plates,2025
2025-03-14 15:16:07.510000,7286279.0,CT0015600,West Haven,Racial Profile,1000652,2500001414,Incident ID,2025-01-10 00:00:00,January,W,N,M,36,True,False,West Haven,Elm Street/ Washingtion Avenue ,  ,  ,V,G,2.0,1,14-12(a)*,,True,I,False,True,M,,,,,False,1.0,CT0015600,133864533651632658,2025-01-10 16:24:07.223000,16:24:07.223000,2025,38a-371,,Registration,2025
2025-03-14 15:16:07.560000,7286297.0,CT0015600,West Haven,Racial Profile,1000662,2500001457,Incident ID,2025-01-10 00:00:00,January,W,N,M,22,True,True,West Haven,West Main/Hill Top,  ,  ,V,G,3.0,1,14-299,,True,I,True,True,U,,,,,False,1.0,CT0015600,133864533651632658,2025-01-10 23:43:07.320000,23:43:07.320000,2025,29-38,,Traffic Control Signal,2025
2025-01-15 18:45:02.450000,7180672.0,CT0015600,West Haven,Racial Profile,1000465,2500001475,Incident ID,2025-01-11 00:00:00,January,B,N,M,40,True,False,West Haven,Campbell / Main,  ,  ,V,G,3.0,1,14-218a,,True,I,False,True,U,,,,,False,1.0,CT0015600,133814582971040969,2025-01-11 01:57:34.170000,01:57:34.170000,2025,53a-136,,Speed Related,2025
2025-01-15 18:45:02.630000,7180722.0,CT0015600,West Haven,Racial Profile,1000658,2500001546,Incident ID,2025-01-11 00:00:00,January,B,N,M,39,True,False,West Haven,main and campbell ,  ,  ,V,G,2.0,1,14-215,,True,I,False,False,M,,,,,False,1.0,CT0015600,133814582971040969,2025-01-11 14:36:40.593000,14:36:40.593000,2025,,,Administrative Offense,2025
2025-01-15 18:45:02.643000,7180728.0,CT0015600,West Haven,Racial Profile,1000675,2500001479,Incident ID,2025-01-11 00:00:00,January,W,N,F,37,True,True,West Haven,Campbell Avenue/Boston Post Road,  ,  ,E,G,1.0,0,14-96y,,False,N,False,False,V,,,,,False,1.0,CT0015600,133814582971040969,2025-01-11 02:53:09.217000,02:53:09.217000,2025,,,Defective Lights,2025
2025-01-15 18:45:02.383000,7180661.0,CT0015600,West Haven,Racial Profile,1191,2500001533,Incident ID,2025-01-11 00:00:00,January,W,N,M,63,True,False,West Haven,boston post rd& Jaffery,  ,  ,V,G,1.0,0,14-299,,False,N,False,False,V,,,,,False,1.0,CT0015600,133814582971040969,2025-01-11 12:43:21.827000,12:43:21.827000,2025,14-299,,Traffic Control Signal,2025
2025-01-15 18:45:02.583000,7180714.0,CT0015600,West Haven,Racial Profile,1000636,2500001485,Incident ID,2025-01-11 00:00:00,January,B,N,M,36,True,False,West Haven,sawmill/ hillcrest,  ,  ,V,G,1.0,0,14-236,,False,N,False,False,V,,,,,False,1.0,CT0015600,133814582971040969,2025-01-11 04:16:14.803000,04:16:14.803000,2025,,,Moving Violation,2025
2025-01-15 18:45:02.457000,7180674.0,CT0015600,West Haven,Racial Profile,1000465,2500001726,Incident ID,2025-01-12 00:00:00,January,B,N,F,30,True,False,WEST HAVEN,750 First Avenue,  ,  ,V,G,1.0,0,14-147(c),,False,N,False,False,V,,,,,False,1.0,CT0015600,133814582971040969,2025-01-12 20:39:46.950000,20:39:46.950000,2025,14-99g(g),,Administrative Offense,2025
2025-03-14 15:16:07.133000,7286158.0,CT0015600,West Haven,Racial Profile,1000331,2500001700,Incident ID,2025-01-12 00:00:00,January,W,H,M,45,True,True,West Haven,York X Collis,  ,  ,V,G,2.0,0,14-301,,False,N,False,False,I,,,,,False,1.0,CT0015600,133864533651632658,2025-01-12 15:30:29,15:30:29,2025,14-36(a),,Stop Sign,2025
2025-03-14 15:16:07.310000,7286218.0,CT0015600,West Haven,Racial Profile,1000602,2500001677,Incident ID,2025-01-12 00:00:00,January,W,N,M,18,True,True,West Haven,campbell avenue,  ,  ,V,G,3.0,1,14-223(b)**,,True,I,False,True,U,,,,,False,1.0,CT0015600,133864533651632658,2025-01-12 12:15:32.977000,12:15:32.977000,2025,,,Other,2025
2025-01-15 18:45:02.453000,7180673.0,CT0015600,West Haven,Racial Profile,1000465,2500001724,Incident ID,2025-01-12 00:00:00,January,W,H,M,20,True,False,WEST HAVEN,Elm / Savin,  ,  ,V,G,1.0,0,14-18(a),,False,N,False,False,V,,,,,False,1.0,CT0015600,133814582971040969,2025-01-12 20:13:35.307000,20:13:35.307000,2025,14-12(a)*,,Display of Plates,2025
2025-01-15 18:45:02.460000,7180676.0,CT0015600,West Haven,Racial Profile,1000465,2500001731,Incident ID,2025-01-12 00:00:00,January,B,N,M,30,True,False,West Haven,First Fuel,  ,  ,V,G,1.0,0,14-147(a),,False,N,False,False,N,,,,,False,1.0,CT0015600,133814582971040969,2025-01-12 21:10:33.740000,21:10:33.740000,2025,14-223(b)**,,Administrative Offense,2025
2025-03-14 15:16:07.180000,7286174.0,CT0015600,West Haven,Racial Profile,1000465,2500001733,Incident ID,2025-01-12 00:00:00,January,B,N,M,35,True,False,West Haven,Richards / North Union,  ,  ,V,G,1.0,0,14-12(a),,True,C,False,False,V,,,,,False,1.0,CT0015600,133864533651632658,2025-01-12 21:21:04.963000,21:21:04.963000,2025,14-215a,,Registration,2025
2025-03-14 15:16:07.187000,7286175.0,CT0015600,West Haven,Racial Profile,1000465,2500001734,Incident ID,2025-01-12 00:00:00,January,W,H,M,30,True,True,WEST HAVEN,Xtra Fuels Gas Station 750 First Avenue ,  ,  ,V,G,1.0,0,14-147(c),,True,O,False,False,V,,,,,False,1.0,CT0015600,133864533651632658,2025-01-12 21:36:10.420000,21:36:10.420000,2025,14-215a,,Administrative Offense,2025
2025-03-14 15:16:07.190000,7286176.0,CT0015600,West Haven,Racial Profile,1000465,2500001739,Incident ID,2025-01-12 00:00:00,January,B,N,M,28,True,False,WEST HAVEN,Saw Mill Road / Allings Crossing Road,  ,  ,V,G,2.0,1,14-147(c),,True,I,False,False,M,,,,,False,1.0,CT0015600,133864533651632658,2025-01-12 22:14:25.573000,22:14:25.573000,2025,38a-371,,Administrative Offense,2025
2025-01-15 18:45:02.570000,7180708.0,CT0015600,West Haven,Racial Profile,1000615,2500001609,Incident ID,2025-01-12 00:00:00,January,B,N,M,33,True,True,West Haven,Campbell/ Homestead ,  ,  ,E,G,2.0,1,14-147a,,False,N,False,True,M,,,,,False,1.0,CT0015600,133814582971040969,2025-01-12 00:10:53.240000,00:10:53.240000,2025,14-215c,,Administrative Offense,2025
2025-03-14 15:16:07.433000,7286258.0,CT0015600,West Haven,Racial Profile,1000619,2500001728,Incident ID,2025-01-12 00:00:00,January,W,H,M,37,True,False,WEST HAVEN,Boston Post Rd/Palatka Street,  ,  ,V,G,1.0,0,14-12a,,False,N,False,False,V,,,,,False,1.0,CT0015600,133864533651632658,2025-01-12 20:55:23.203000,20:55:23.203000,2025,,,Registration,2025
2025-01-15 18:45:02.457000,7180675.0,CT0015600,West Haven,Racial Profile,1000465,2500001727,Incident ID,2025-01-12 00:00:00,January,B,N,M,50,True,False,West Haven,Elm /. Kimberly,  ,  ,V,G,1.0,0,14-301,,False,N,False,False,V,,,,,False,1.0,CT0015600,133814582971040969,2025-01-12 20:51:52.133000,20:51:52.133000,2025,,,Stop Sign,2025
2025-03-14 15:16:07.277000,7286207.0,CT0015600,West Haven,Racial Profile,1000582,2500001729,Incident ID,2025-01-12 00:00:00,January,W,N,M,29,True,False,West Haven,95nb/ sawmill rd,  ,  ,V,G,1.0,0,14-299,,False,N,False,False,V,,,,,False,1.0,CT0015600,133864533651632658,2025-01-12 20:57:13.337000,20:57:13.337000,2025,14-299,,Traffic Control Signal,2025
2025-01-15 18:45:02.497000,7180686.0,CT0015600,West Haven,Racial Profile,1000582,2500001608,Incident ID,2025-01-12 00:00:00,January,W,N,M,26,True,False,West Haven,Elm/ kimberly,  ,  ,V,G,1.0,0,14-219,,False,N,False,False,V,,,,,False,1.0,CT0015600,133814582971040969,2025-01-12 00:09:58.793000,00:09:58.793000,2025,14-219,,Speed Related,2025
2025-01-15 18:45:02.470000,7180680.0,CT0015600,West Haven,Racial Profile,1000539,2500001796,Incident ID,2025-01-13 00:00:00,January,W,H,M,40,False,False,West Haven,boston post/prudden,  ,  ,V,G,1.0,0,14-296aa(b),,False,N,False,False,V,,,,,False,1.0,CT0015600,133814582971040969,2025-01-13 09:39:46.353000,09:39:46.353000,2025,,,Cell Phone,2025
2025-03-14 15:16:07.277000,7286208.0,CT0015600,West Haven,Racial Profile,1000582,2500001748,Incident ID,2025-01-13 00:00:00,January,W,H,M,26,True,True,West Haven,Washington / wood,  ,  ,V,G,1.0,0,14-18,,False,N,False,False,V,,,,,False,1.0,CT0015600,133864533651632658,2025-01-13 00:09:08.997000,00:09:08.997000,2025,14-18,,Display of Plates,2025
2025-01-15 18:45:02.663000,7180731.0,CT0015600,West Haven,Racial Profile,1000688,2500001805,Incident ID,2025-01-13 00:00:00,January,W,N,F,34,False,False,WEST HAVEN,boston post rd / meloy rd ,  ,  ,V,G,1.0,0,14-215(a),,False,N,False,False,V,,,,,False,1.0,CT0015600,133814582971040969,2025-01-13 10:26:44.880000,10:26:44.880000,2025,14-215(a),,Administrative Offense,2025
2025-01-15 18:45:02.627000,7180721.0,CT0015600,West Haven,Racial Profile,1000652,2500001884,Incident ID,2025-01-13 00:00:00,January,W,N,M,63,True,False,West Haven,center street/ First Ave,  ,  ,V,G,1.0,0,14-12(a)*,,False,N,False,False,V,,,,,False,1.0,CT0015600,133814582971040969,2025-01-13 18:26:23.060000,18:26:23.060000,2025,14-12(a)*,,Registration,2025
2025-03-14 15:16:07.360000,7286234.0,CT0015600,West Haven,Racial Profile,1000614,2500002043,Incident ID,2025-01-14 00:00:00,January,A,N,M,22,True,True,WEST HAVEN,Boston Post Road/Dogburn Road,  ,  ,V,G,1.0,0,14-147,,False,N,False,False,I,,,,,False,1.0,CT0015600,133864533651632658,2025-01-14 21:20:31.310000,21:20:31.310000,2025,14-36(a),,Administrative Offense,2025
2025-01-15 18:45:02.473000,7180681.0,CT0015600,West Haven,Racial Profile,1000539,2500002134,Incident ID,2025-01-15 00:00:00,January,W,H,M,33,True,False,West Haven,campbell/first,  ,  ,V,G,1.0,0,14-236,,False,N,False,False,V,,,,,False,1.0,CT0015600,133814582971040969,2025-01-15 11:29:34.463000,11:29:34.463000,2025,,,Moving Violation,2025
2025-01-15 18:45:02.480000,7180683.0,CT0015600,West Haven,Racial Profile,1000559,2500002122,Incident ID,2025-01-15 00:00:00,January,B,N,M,35,False,False,West Haven,Derby Avenue / Central Avenue,  ,  ,V,G,1.0,0,14-99g,,False,N,False,False,V,,,,,False,1.0,CT0015600,133814582971040969,2025-01-15 10:36:41.530000,10:36:41.530000,2025,,,Window Tint,2025
2025-03-14 15:16:07.120000,7286153.0,CT0015600,West Haven,Racial Profile,1197,2500002136,Incident ID,2025-01-15 00:00:00,January,B,N,F,37,True,True,West Haven,sring st ,  ,  ,V,G,1.0,0,14-219(b(5*SZ,,False,N,False,False,V,,,,,False,1.0,CT0015600,133864533651632658,2025-01-15 11:36:55.960000,11:36:55.960000,2025,14-236,,Speed Related,2025
2025-01-15 18:45:02.350000,7180656.0,CT0015600,West Haven,Racial Profile,1162,2500002126,Incident ID,2025-01-15 00:00:00,January,W,H,M,64,True,False,West Haven,saw mill/I-95 north entrance,  ,  ,V,G,1.0,0,14-36(a),,False,N,False,False,I,,,,,False,1.0,CT0015600,133814582971040969,2025-01-15 10:49:44.967000,10:49:44.967000,2025,,,Unlicensed Operation,2025
2025-03-14 15:16:07.283000,7286210.0,CT0015600,West Haven,Racial Profile,1000582,2500002224,Incident ID,2025-01-16 00:00:00,January,B,N,M,38,True,False,WEST HAVEN,elm st/ water st,  ,  ,V,G,1.0,0,14-236,,False,N,False,False,V,,,,,False,1.0,CT0015600,133864533651632658,2025-01-16 00:52:06.413000,00:52:06.413000,2025,14-236,,Moving Violation,2025
2025-03-14 15:16:07.147000,7286162.0,CT0015600,West Haven,Racial Profile,1000333,2500002278,Incident ID,2025-01-16 00:00:00,January,W,N,F,60,True,False,WEST HAVEN,233 main st.,  ,  ,V,G,1.0,0,14-253a,,False,N,False,False,W,,,,,False,1.0,CT0015600,133864533651632658,2025-01-16 10:08:47.293000,10:08:47.293000,2025,,,Other,2025
2025-03-14 15:16:07.210000,7286184.0,CT0015600,West Haven,Racial Profile,1000468,2500002223,Incident ID,2025-01-16 00:00:00,January,B,N,F,35,True,True,West Haven,Island Lane/Allings Crossing,  ,  ,E,B,1.0,0,14-96a(a),,False,N,False,False,V,,,,,False,1.0,CT0015600,133864533651632658,2025-01-16 00:47:53.503000,00:47:53.503000,2025,14-96a(a),,Defective Lights,2025
2025-03-14 15:16:07.280000,7286209.0,CT0015600,West Haven,Racial Profile,1000582,2500002209,Incident ID,2025-01-16 00:00:00,January,B,N,M,31,True,True,West Haven,First / main,  ,  ,V,G,1.0,0,14-99g,,False,N,False,False,V,,,,,False,1.0,CT0015600,133864533651632658,2025-01-16 00:04:05.497000,00:04:05.497000,2025,14-99g,,Window Tint,2025
2025-03-14 15:16:07.190000,7286177.0,CT0015600,West Haven,Racial Profile,1000465,2500002311,Incident ID,2025-01-16 00:00:00,January,B,N,M,50,True,False,West Haven,Campbell / Smith,  ,  ,V,G,1.0,0,14-147(c),,False,N,False,False,V,,,,,False,1.0,CT0015600,133864533651632658,2025-01-16 14:51:37.863000,14:51:37.863000,2025,,,Administrative Offense,2025
2025-03-14 15:16:07.450000,7286263.0,CT0015600,West Haven,Racial Profile,1000626,2500002293,Incident ID,2025-01-16 00:00:00,January,W,H,M,47,True,False,WEST HAVEN,394 Campbell Avenue,  ,  ,V,G,1.0,0,14-12(a),,False,N,False,False,V,,,,,False,1.0,CT0015600,133864533651632658,2025-01-16 11:23:15.827000,11:23:15.827000,2025,14-12(a),,Registration,2025
2025-03-14 15:16:07.607000,7286311.0,CT0015600,West Haven,Racial Profile,1000697,2500002309,Incident ID,2025-01-16 00:00:00,January,B,N,M,29,True,False,West Haven,Campbell Ave / Main St,  ,  ,V,G,2.0,1,14-147(c),,True,I,False,False,M,,,,,False,1.0,CT0015600,133864533651632658,2025-01-16 14:36:00.373000,14:36:00.373000,2025,38a-371,,Administrative Offense,2025
2025-03-14 15:16:07.100000,7286144.0,CT0015600,West Haven,Racial Profile,1162,2500002286,Incident ID,2025-01-16 00:00:00,January,W,H,M,18,True,False,West Haven,morgan/heffernan,  ,  ,V,G,1.0,0,14-301,,False,N,False,False,V,,,,,False,1.0,CT0015600,133864533651632658,2025-01-16 10:36:51.757000,10:36:51.757000,2025,,,Stop Sign,2025
2025-03-14 15:16:07.573000,7286302.0,CT0015600,West Haven,Racial Profile,1000675,2500002229,Incident ID,2025-01-16 00:00:00,January,B,N,F,50,True,False,West Haven,First Avenue/Elm Street,  ,  ,V,G,1.0,0,14-18(a),,False,N,False,False,V,,,,,False,1.0,CT0015600,133864533651632658,2025-01-16 01:44:01.287000,01:44:01.287000,2025,,,Display of Plates,2025
2025-03-14 15:16:07.593000,7286308.0,CT0015600,West Haven,Racial Profile,1000688,2500002291,Incident ID,2025-01-16 00:00:00,January,W,H,M,42,True,False,West Haven,meloy rd/ milhaven dr,  ,  ,I,G,1.0,0,14-12(a),,False,N,False,False,V,,,,,False,1.0,CT0015600,133864533651632658,2025-01-16 11:16:07.167000,11:16:07.167000,2025,14-12a,,Registration,2025
2025-03-14 15:16:07.310000,7286219.0,CT0015600,West Haven,Racial Profile,1000602,2500002537,Incident ID,2025-01-17 00:00:00,January,W,H,F,19,True,True,WEST HAVEN,elm street,  ,  ,V,G,2.0,1,14-18(c),,True,I,False,False,M,,,,,False,1.0,CT0015600,133864533651632658,2025-01-17 20:56:17.853000,20:56:17.853000,2025,38a-371,,Display of Plates,2025
2025-03-14 15:16:07.477000,7286271.0,CT0015600,West Haven,Racial Profile,1000637,2500002520,Incident ID,2025-01-17 00:00:00,January,W,H,M,33,True,False,WEST HAVEN,kimberly ave,  ,  ,V,G,1.0,0,14-147,,False,N,False,False,V,,,,,False,1.0,CT0015600,133864533651632658,2025-01-17 18:12:50.390000,18:12:50.390000,2025,,,Administrative Offense,2025
2025-03-14 15:16:07.193000,7286178.0,CT0015600,West Haven,Racial Profile,1000465,2500002529,Incident ID,2025-01-17 00:00:00,January,B,N,M,35,True,False,West Haven,I-95N / Saw Mill Rd,  ,  ,V,G,1.0,0,14-241,,False,N,False,False,V,,,,,False,1.0,CT0015600,133864533651632658,2025-01-17 19:46:28.977000,19:46:28.977000,2025,,,Moving Violation,2025
2025-03-14 15:16:07.197000,7286179.0,CT0015600,West Haven,Racial Profile,1000465,2500002535,Incident ID,2025-01-17 00:00:00,January,B,N,M,40,True,True,West Haven,Boston Post Road / Marginal Drive,  ,  ,V,G,1.0,0,14-218a,,False,N,False,False,V,,,,,False,1.0,CT0015600,133864533651632658,2025-01-17 20:16:37.730000,20:16:37.730000,2025,14-12(a)*,,Speed Related,2025
2025-03-14 15:16:07.483000,7286272.0,CT0015600,West Haven,Racial Profile,1000637,2500002523,Incident ID,2025-01-17 00:00:00,January,B,N,M,27,True,False,West Haven,second ave/ center st,  ,  ,V,G,1.0,0,14-12(a)*,,False,N,False,False,V,,,,,False,1.0,CT0015600,133864533651632658,2025-01-17 18:30:54.150000,18:30:54.150000,2025,,,Registration,2025
2025-03-14 15:16:07.593000,7286309.0,CT0015600,West Haven,Racial Profile,1000688,2500002449,Incident ID,2025-01-17 00:00:00,January,B,N,M,70,True,True,West Haven,"Boston Post Rd, Tuthill St",  ,  ,V,G,1.0,0,14-213b,,False,N,False,False,M,,,,,False,1.0,CT0015600,133864533651632658,2025-01-17 11:23:36.757000,11:23:36.757000,2025,14-213b,,Administrative Offense,2025
2025-03-14 15:16:07.250000,7286197.0,CT0015600,West Haven,Racial Profile,1000549,2500002581,Incident ID,2025-01-18 00:00:00,January,W,H,F,49,True,False,West Haven,forest / celini place,  ,  ,E,G,1.0,0,14-96,,False,N,False,False,V,,,,,False,1.0,CT0015600,133864533651632658,2025-01-18 02:09:12.137000,02:09:12.137000,2025,,,Defective Lights,2025
2025-03-14 15:16:07.200000,7286180.0,CT0015600,West Haven,Racial Profile,1000465,2500002585,Incident ID,2025-01-18 00:00:00,January,B,N,F,50,True,True,West Haven,Center / Campbell,  ,  ,V,G,1.0,0,14-218a,,False,N,False,False,V,,,,,False,1.0,CT0015600,133864533651632658,2025-01-18 02:48:12.357000,02:48:12.357000,2025,,,Speed Related,2025
2025-03-14 15:16:07.537000,7286288.0,CT0015600,West Haven,Racial Profile,1000661,2500002652,Incident ID,2025-01-18 00:00:00,January,W,N,F,39,True,False,West Haven,Campbell Ave/ George Street,  ,  ,V,G,1.0,0,14-12(a),,False,N,False,False,V,,,,,False,1.0,CT0015600,133864533651632658,2025-01-18 13:23:04.927000,13:23:04.927000,2025,14-12(a),,Registration,2025
2025-03-14 15:16:07.400000,7286246.0,CT0015600,West Haven,Racial Profile,1000615,2500002632,Incident ID,2025-01-18 00:00:00,January,W,H,M,22,True,True,WEST HAVEN,110 Kelsey Avenue,  ,  ,V,G,2.0,1,14-12(a)*,,False,N,False,False,I,,,,,False,1.0,CT0015600,133864533651632658,2025-01-18 11:05:17.433000,11:05:17.433000,2025,14-36(a),,Registration,2025
2025-03-14 15:16:07.200000,7286181.0,CT0015600,West Haven,Racial Profile,1000465,2500002750,Incident ID,2025-01-19 00:00:00,January,W,N,M,50,True,False,West Haven,Saw Miil / Meloy,  ,  ,V,G,1.0,0,14-218a,,False,N,False,False,V,,,,,False,1.0,CT0015600,133864533651632658,2025-01-19 04:05:22.847000,04:05:22.847000,2025,,,Speed Related,2025
2025-03-14 15:16:07.577000,7286303.0,CT0015600,West Haven,Racial Profile,1000677,2500002829,Incident ID,2025-01-19 00:00:00,January,W,N,M,24,True,True,West Haven,1059 Campbell Ave,  ,  ,V,G,2.0,1,14-236,,False,N,False,False,I,,,,,False,1.0,CT0015600,133864533651632658,2025-01-19 18:00:46.767000,18:00:46.767000,2025,,,Moving Violation,2025
2025-03-14 15:16:07.540000,7286289.0,CT0015600,West Haven,Racial Profile,1000661,2500002780,Incident ID,2025-01-19 00:00:00,January,B,N,M,29,True,True,WEST HAVEN,Richards Street/ Basset CT,  ,  ,V,G,2.0,0,14-296aa(b),,False,N,False,False,M,,,,,False,1.0,CT0015600,133864533651632658,2025-01-19 10:20:37.980000,10:20:37.980000,2025,14-215a,,Cell Phone,2025
2025-03-14 15:16:07.250000,7286198.0,CT0015600,West Haven,Racial Profile,1000549,2500002729,Incident ID,2025-01-19 00:00:00,January,W,H,M,18,True,False,West Haven,washington / center,  ,  ,E,G,1.0,0,14-147,,False,N,False,False,V,,,,,False,1.0,CT0015600,133864533651632658,2025-01-19 00:42:58.823000,00:42:58.823000,2025,14-12(a)*,,Administrative Offense,2025
2025-03-14 15:16:07.137000,7286159.0,CT0015600,West Haven,Racial Profile,1000331,2500002947,Incident ID,2025-01-20 00:00:00,January,W,H,F,26,True,False,West Haven,Forest Road X Rt 34,  ,  ,V,G,1.0,0,14-299,,False,N,False,False,I,,,,,False,1.0,CT0015600,133864533651632658,2025-01-20 09:45:01.320000,09:45:01.320000,2025,14-36(a),,Traffic Control Signal,2025
2025-03-14 15:16:07.450000,7286264.0,CT0015600,West Haven,Racial Profile,1000626,2500002979,Incident ID,2025-01-20 00:00:00,January,W,N,M,27,False,False,West Haven,531 Campbell Avenue,  ,  ,V,B,1.0,0,14-12(a)*,,False,N,False,False,I,,,,,False,1.0,CT0015600,133864533651632658,2025-01-20 13:34:26.953000,13:34:26.953000,2025,14-299,,Registration,2025
2025-03-14 15:16:07.150000,7286163.0,CT0015600,West Haven,Racial Profile,1000333,2500003089,Incident ID,2025-01-21 00:00:00,January,W,N,F,88,True,True,West Haven,blohm & peck,  ,  ,V,G,1.0,0,14-301,,False,N,False,False,V,,,,,False,1.0,CT0015600,133864533651632658,2025-01-21 09:55:08.413000,09:55:08.413000,2025,,,Stop Sign,2025
2025-03-14 15:16:07.223000,7286188.0,CT0015600,West Haven,Racial Profile,1000539,2500003080,Incident ID,2025-01-21 00:00:00,January,W,N,M,38,True,False,West Haven,boston post/barbara,  ,  ,V,G,1.0,0,14-296aa(b),,False,N,False,False,V,,,,,False,1.0,CT0015600,133864533651632658,2025-01-21 08:48:07.977000,08:48:07.977000,2025,,,Cell Phone,2025
2025-03-14 15:16:07.227000,7286189.0,CT0015600,West Haven,Racial Profile,1000539,2500003261,Incident ID,2025-01-22 00:00:00,January,W,M,M,22,True,True,West Haven,BOSTON POST/FAIRFAX,  ,  ,V,G,1.0,0,14-296aa(b),,False,N,False,False,V,,,,,False,1.0,CT0015600,133864533651632658,2025-01-22 12:24:58.187000,12:24:58.187000,2025,,,Cell Phone,2025
2025-03-14 15:16:07.230000,7286190.0,CT0015600,West Haven,Racial Profile,1000539,2500003389,Incident ID,2025-01-23 00:00:00,January,W,M,M,63,True,False,West Haven,forest/westfield,  ,  ,V,G,1.0,0,14-296aa(b),,False,N,False,False,V,,,,,False,1.0,CT0015600,133864533651632658,2025-01-23 10:46:41.333000,10:46:41.333000,2025,,,Cell Phone,2025
2025-03-14 15:16:07.363000,7286235.0,CT0015600,West Haven,Racial Profile,1000614,2500003453,Incident ID,2025-01-23 00:00:00,January,W,H,F,50,True,True,West Haven,First Ave/Richards Place,  ,  ,V,G,1.0,0,14-12(a),,False,N,False,False,V,,,,,False,1.0,CT0015600,133864533651632658,2025-01-23 17:47:45.943000,17:47:45.943000,2025,,,Registration,2025
2025-03-14 15:16:07.313000,7286220.0,CT0015600,West Haven,Racial Profile,1000602,2500003459,Incident ID,2025-01-23 00:00:00,January,W,N,M,40,True,False,West Haven,Abner Street,  ,  ,V,G,3.0,1,14-18(c),,True,O,True,True,U,,,,,False,1.0,CT0015600,133864533651632658,2025-01-23 18:39:40.040000,18:39:40.040000,2025,21a-279(a)(3),,Display of Plates,2025
2025-03-14 15:16:07.317000,7286221.0,CT0015600,West Haven,Racial Profile,1000602,2500003480,Incident ID,2025-01-23 00:00:00,January,B,N,M,60,True,False,West Haven,campbell; avenue,  ,  ,V,G,1.0,0,14-12(a)*,,False,N,False,False,V,,,,,False,1.0,CT0015600,133864533651632658,2025-01-23 21:51:37.597000,21:51:37.597000,2025,,,Registration,2025
2025-03-14 15:16:07.567000,7286299.0,CT0015600,West Haven,Racial Profile,1000662,2500003456,Incident ID,2025-01-23 00:00:00,January,W,N,M,59,True,False,West Haven,Main St. / Candee Ave,  ,  ,V,G,1.0,0,14-18(c),,False,N,False,False,V,,,,,False,1.0,CT0015600,133864533651632658,2025-01-23 18:08:01.373000,18:08:01.373000,2025,14-18(c),,Display of Plates,2025
2025-03-14 15:16:07.267000,7286203.0,CT0015600,West Haven,Racial Profile,1000569,2500003386,Incident ID,2025-01-23 00:00:00,January,W,N,M,33,True,True,West Haven,Elm Street and Campbell Avenue,  ,  ,V,G,1.0,0,14-299,,False,N,False,False,V,,,,,False,1.0,CT0015600,133864533651632658,2025-01-23 10:41:14.220000,10:41:14.220000,2025,14-299,,Traffic Control Signal,2025
2025-03-14 15:16:07.100000,7286145.0,CT0015600,West Haven,Racial Profile,1162,2500003390,Incident ID,2025-01-23 00:00:00,January,B,N,M,36,True,True,West Haven,allings crossing/saw mill,  ,  ,V,G,1.0,0,14-12(a)*,,False,N,False,False,V,,,,,False,1.0,CT0015600,133864533651632658,2025-01-23 10:47:42.150000,10:47:42.150000,2025,,,Registration,2025
2025-03-14 15:16:07.563000,7286298.0,CT0015600,West Haven,Racial Profile,1000662,2500003436,Incident ID,2025-01-23 00:00:00,January,W,M,M,29,True,True,WEST HAVEN,Elm St. / Savin Ave,  ,  ,V,G,1.0,0,14-279,,False,N,False,False,V,,,,,False,1.0,CT0015600,133864533651632658,2025-01-23 15:39:09.883000,15:39:09.883000,2025,14-279,,Other,2025
2025-03-14 15:16:07.367000,7286237.0,CT0015600,West Haven,Racial Profile,1000614,2500003455,Incident ID,2025-01-23 00:00:00,January,B,N,M,43,False,False,West Haven,Campbell Avenue/Elm,  ,  ,V,G,1.0,0,14-299,,False,N,False,False,I,,,,,False,1.0,CT0015600,133864533651632658,2025-01-23 18:06:17.167000,18:06:17.167000,2025,,,Traffic Control Signal,2025
2025-03-14 15:16:07.363000,7286236.0,CT0015600,West Haven,Racial Profile,1000614,2500003454,Incident ID,2025-01-23 00:00:00,January,B,N,M,67,True,False,West Haven,Camnpbell Avne=,  ,  ,V,G,1.0,0,14-299,,False,N,False,False,V,,,,,False,1.0,CT0015600,133864533651632658,2025-01-23 17:57:08.703000,17:57:08.703000,2025,,,Traffic Control Signal,2025
2025-03-14 15:16:07.320000,7286222.0,CT0015600,West Haven,Racial Profile,1000602,2500003619,Incident ID,2025-01-24 00:00:00,January,W,H,F,35,True,False,WEST HAVEN,bpr ,  ,  ,V,G,1.0,0,14-12(a)*,,False,N,False,False,M,,,,,False,1.0,CT0015600,133864533651632658,2025-01-24 13:48:15.333000,13:48:15.333000,2025,38a-371,,Registration,2025
2025-03-14 15:16:07.423000,7286254.0,CT0015600,West Haven,Racial Profile,1000617,2500003675,Incident ID,2025-01-24 00:00:00,January,W,N,M,66,True,False,West Haven,Ocean Avenue/Lake Street,  ,  ,I,G,1.0,0,14-96b,,False,N,False,False,V,,,,,False,1.0,CT0015600,133864533651632658,2025-01-24 21:23:59.637000,21:23:59.637000,2025,,,Defective Lights,2025
2025-03-14 15:16:07.403000,7286247.0,CT0015600,West Haven,Racial Profile,1000615,2500003621,Incident ID,2025-01-24 00:00:00,January,B,N,M,21,True,True,West Haven,Claudia Dr/ Meloy Rd ,  ,  ,V,G,1.0,0,14-18(c),,False,N,False,False,V,,,,,False,1.0,CT0015600,133864533651632658,2025-01-24 13:56:24.860000,13:56:24.860000,2025,14-247,,Display of Plates,2025
2025-03-14 15:16:07.497000,7286274.0,CT0015600,West Haven,Racial Profile,1000637,2500003662,Incident ID,2025-01-24 00:00:00,January,W,N,M,34,True,True,WEST HAVEN,Allings Crossing/ Saw Mill Rd,  ,  ,V,G,1.0,0,14-245,,False,N,False,False,I,,,,,False,1.0,CT0015600,133864533651632658,2025-01-24 18:06:31.633000,18:06:31.633000,2025,,,Moving Violation,2025
2025-03-14 15:16:07.087000,7286141.0,CT0015600,West Haven,Racial Profile,1155,2500003666,Incident ID,2025-01-24 00:00:00,January,W,H,M,31,True,True,West Haven,sawmill/ hillcrest,  ,  ,V,G,1.0,0,14-230(b),,False,N,False,False,V,,,,,False,1.0,CT0015600,133864533651632658,2025-01-24 18:32:03.950000,18:32:03.950000,2025,,,Moving Violation,2025
2025-03-14 15:16:07.523000,7286284.0,CT0015600,West Haven,Racial Profile,1000658,2500003614,Incident ID,2025-01-24 00:00:00,January,W,N,M,44,True,False,West Haven,elm st,  ,  ,E,G,1.0,0,14-296aa(b*,,False,N,False,False,V,,,,,False,1.0,CT0015600,133864533651632658,2025-01-24 13:10:06.143000,13:10:06.143000,2025,,,Cell Phone,2025
2025-03-14 15:16:07.580000,7286304.0,CT0015600,West Haven,Racial Profile,1000677,2500003570,Incident ID,2025-01-24 00:00:00,January,B,N,F,65,True,True,West Haven,Campbell Ave / George Street,  ,  ,V,G,1.0,0,14-299,,False,N,False,False,V,,,,,False,1.0,CT0015600,133864533651632658,2025-01-24 08:24:29.703000,08:24:29.703000,2025,,,Traffic Control Signal,2025
2025-03-14 15:16:07.407000,7286248.0,CT0015600,West Haven,Racial Profile,1000615,2500003623,Incident ID,2025-01-24 00:00:00,January,B,N,M,55,True,True,WEST HAVEN,225 Meloy Rd ,  ,  ,V,G,1.0,0,14-12(a),,False,N,False,False,V,,,,,False,1.0,CT0015600,133864533651632658,2025-01-24 14:07:38.163000,14:07:38.163000,2025,14-12(a),,Registration,2025
2025-03-14 15:16:07.487000,7286273.0,CT0015600,West Haven,Racial Profile,1000637,2500003658,Incident ID,2025-01-24 00:00:00,January,W,H,F,20,True,True,West Haven,Boston Post Rd/ Palatka St,  ,  ,V,G,1.0,0,14-236,,False,N,False,False,V,,,,,False,1.0,CT0015600,133864533651632658,2025-01-24 17:55:11.880000,17:55:11.880000,2025,,,Moving Violation,2025
2025-03-14 15:16:07.203000,7286182.0,CT0015600,West Haven,Racial Profile,1000465,2500003710,Incident ID,2025-01-25 00:00:00,January,W,H,M,35,True,False,West Haven,Campbell / Elm,  ,  ,V,G,1.0,0,14-12(a)*,,False,N,False,False,V,,,,,False,1.0,CT0015600,133864533651632658,2025-01-25 02:04:26.703000,02:04:26.703000,2025,,,Registration,2025
2025-03-14 15:16:07.543000,7286291.0,CT0015600,West Haven,Racial Profile,1000661,2500003748,Incident ID,2025-01-25 00:00:00,January,B,N,F,37,True,False,West Haven,Campbell Ave/Richards St,  ,  ,V,G,1.0,0,14-296aa(b),,False,N,False,False,V,,,,,False,1.0,CT0015600,133864533651632658,2025-01-25 09:36:28.827000,09:36:28.827000,2025,14-296aa(b),,Cell Phone,2025
2025-03-14 15:16:07.207000,7286183.0,CT0015600,West Haven,Racial Profile,1000465,2500003711,Incident ID,2025-01-25 00:00:00,January,W,H,M,20,True,True,West Haven,Kelsey / Chestnut,  ,  ,V,G,1.0,0,14-96a(a),,False,N,False,False,V,,,,,False,1.0,CT0015600,133864533651632658,2025-01-25 02:21:20.690000,02:21:20.690000,2025,,,Defective Lights,2025
2025-03-14 15:16:07.213000,7286185.0,CT0015600,West Haven,Racial Profile,1000528,2500003780,Incident ID,2025-01-25 00:00:00,January,W,N,M,82,True,True,West Haven,Platt/Captain Thomas ,  ,  ,V,G,1.0,0,14-301,,False,N,False,False,V,,,,,False,1.0,CT0015600,133864533651632658,2025-01-25 12:22:02.520000,12:22:02.520000,2025,14-301,,Stop Sign,2025
2025-03-14 15:16:07.257000,7286200.0,CT0015600,West Haven,Racial Profile,1000558,2500003715,Incident ID,2025-01-25 00:00:00,January,W,N,M,51,True,True,West Haven,Gretta/Highland,  ,  ,V,G,1.0,0,14-12(a),,False,N,False,False,V,,,,,False,1.0,CT0015600,133864533651632658,2025-01-25 02:59:37.087000,02:59:37.087000,2025,,,Registration,2025
2025-03-14 15:16:07.320000,7286223.0,CT0015600,West Haven,Racial Profile,1000602,2500003823,Incident ID,2025-01-25 00:00:00,January,I,N,M,22,True,False,West Haven,bpr,  ,  ,V,G,1.0,0,14-147(c),,False,N,False,False,V,,,,,False,1.0,CT0015600,133864533651632658,2025-01-25 19:43:22.157000,19:43:22.157000,2025,,,Administrative Offense,2025
2025-03-14 15:16:07.370000,7286238.0,CT0015600,West Haven,Racial Profile,1000614,2500003848,Incident ID,2025-01-25 00:00:00,January,W,H,M,42,True,True,WEST HAVEN,april street,  ,  ,V,G,1.0,0,14-12(a),,False,N,False,False,V,,,,,False,1.0,CT0015600,133864533651632658,2025-01-25 22:48:20.117000,22:48:20.117000,2025,38a-371,,Registration,2025
2025-03-14 15:16:07.410000,7286249.0,CT0015600,West Haven,Racial Profile,1000615,2500003793,Incident ID,2025-01-25 00:00:00,January,B,N,F,47,True,False,West Haven,Campbell Ave/ Lamson St,  ,  ,V,G,1.0,0,14-12(a),,False,N,False,False,N,,,,,False,1.0,CT0015600,133864533651632658,2025-01-25 14:51:42.670000,14:51:42.670000,2025,14-18(c),,Registration,2025
2025-03-14 15:16:07.520000,7286282.0,CT0015600,West Haven,Racial Profile,1000656,2500003776,Incident ID,2025-01-25 00:00:00,January,W,N,F,38,True,True,West Haven,221 Spring Street,  ,  ,V,G,1.0,0,14-236,,False,N,False,False,V,,,,,False,1.0,CT0015600,133864533651632658,2025-01-25 12:13:51.953000,12:13:51.953000,2025,14-236,,Moving Violation,2025
2025-03-14 15:16:07.540000,7286290.0,CT0015600,West Haven,Racial Profile,1000661,2500003743,Incident ID,2025-01-25 00:00:00,January,W,H,M,52,True,True,West Haven,Washington Ave/Wharton St,  ,  ,V,G,1.0,0,14-301,,False,N,False,False,V,,,,,False,1.0,CT0015600,133864533651632658,2025-01-25 09:08:42.560000,09:08:42.560000,2025,14-301,,Stop Sign,2025
2025-03-14 15:16:07.323000,7286224.0,CT0015600,West Haven,Racial Profile,1000602,2500003840,Incident ID,2025-01-25 00:00:00,January,B,N,M,44,True,False,West Haven,elm street,  ,  ,V,G,2.0,1,14-147(a),,True,I,True,False,M,,,,,False,1.0,CT0015600,133864533651632658,2025-01-25 21:24:50.960000,21:24:50.960000,2025,,,Administrative Offense,2025
2025-03-14 15:16:07.327000,7286225.0,CT0015600,West Haven,Racial Profile,1000602,2500003847,Incident ID,2025-01-25 00:00:00,January,B,N,M,18,True,False,West Haven,campell ave,  ,  ,V,G,1.0,0,14-215(a),,False,N,False,False,V,,,,,False,1.0,CT0015600,133864533651632658,2025-01-25 22:24:48.017000,22:24:48.017000,2025,,,Administrative Offense,2025
2025-03-14 15:16:07.527000,7286285.0,CT0015600,West Haven,Racial Profile,1000658,2500003761,Incident ID,2025-01-25 00:00:00,January,W,M,M,33,True,True,West Haven,elm st,  ,  ,E,G,1.0,0,14-296aa(b),,False,N,False,False,V,,,,,False,1.0,CT0015600,133864533651632658,2025-01-25 10:32:11.273000,10:32:11.273000,2025,,,Cell Phone,2025
2025-03-14 15:16:07.547000,7286292.0,CT0015600,West Haven,Racial Profile,1000661,2500003752,Incident ID,2025-01-25 00:00:00,January,B,N,M,36,True,True,West Haven,Richards St/Washington Avw,  ,  ,V,G,1.0,0,14-296aa(b),,False,N,False,False,V,,,,,False,1.0,CT0015600,133864533651632658,2025-01-25 09:52:15.457000,09:52:15.457000,2025,14-296aa(b),,Cell Phone,2025
2025-03-14 15:16:07.330000,7286226.0,CT0015600,West Haven,Racial Profile,1000602,2500003879,Incident ID,2025-01-26 00:00:00,January,W,H,M,30,True,False,West Haven,washington ave,  ,  ,V,G,2.0,1,14-147(c),,True,I,False,False,M,,,,,False,1.0,CT0015600,133864533651632658,2025-01-26 00:06:47.330000,00:06:47.330000,2025,38a-371,,Administrative Offense,2025
2025-03-14 15:16:07.143000,7286161.0,CT0015600,West Haven,Racial Profile,1000331,2500003970,Incident ID,2025-01-26 00:00:00,January,W,N,M,35,True,True,West Haven,Campbell Ave X First Ave,  ,  ,V,G,1.0,0,14-296a,,False,N,False,False,V,,,,,False,1.0,CT0015600,133864533651632658,2025-01-26 14:40:49.697000,14:40:49.697000,2025,,,Cell Phone,2025
2025-03-14 15:16:07.517000,7286281.0,CT0015600,West Haven,Racial Profile,1000652,2500003997,Incident ID,2025-01-26 00:00:00,January,W,N,F,30,True,False,West Haven,First Ave/ 95 N/B,  ,  ,V,G,2.0,1,14-12(a)*,,False,N,False,False,M,,,,,False,1.0,CT0015600,133864533651632658,2025-01-26 17:22:00.997000,17:22:00.997000,2025,38a-371,,Registration,2025
2025-03-14 15:16:07.140000,7286160.0,CT0015600,West Haven,Racial Profile,1000331,2500003968,Incident ID,2025-01-26 00:00:00,January,W,N,F,44,True,False,West Haven,Campbell Ave X Homestead ,  ,  ,V,G,1.0,0,14-296a,,False,N,False,False,V,,,,,False,1.0,CT0015600,133864533651632658,2025-01-26 14:08:53.677000,14:08:53.677000,2025,,,Cell Phone,2025
2025-03-14 15:16:07.330000,7286227.0,CT0015600,West Haven,Racial Profile,1000602,2500003888,Incident ID,2025-01-26 00:00:00,January,B,N,M,35,True,False,West Haven,main st,  ,  ,V,G,3.0,1,14-147(c),,True,I,False,False,I,,,,,False,1.0,CT0015600,133864533651632658,2025-01-26 01:03:37.920000,01:03:37.920000,2025,,,Administrative Offense,2025
2025-03-14 15:16:07.427000,7286255.0,CT0015600,West Haven,Racial Profile,1000617,2500004181,Incident ID,2025-01-27 00:00:00,January,W,N,M,83,True,True,West Haven,Campbell Avenue/York Street,  ,  ,V,G,1.0,0,14-299,,False,N,False,False,V,,,,,False,1.0,CT0015600,133864533651632658,2025-01-27 18:18:03.463000,18:18:03.463000,2025,,,Traffic Control Signal,2025
2025-03-14 15:16:07.603000,7286310.0,CT0015600,West Haven,Racial Profile,1000688,2500004098,Incident ID,2025-01-27 00:00:00,January,W,H,F,41,True,False,WEST HAVEN,Vertical Church Parking Lot,  ,  ,I,G,1.0,0,14-215,,False,N,False,False,V,,,,,False,1.0,CT0015600,133864533651632658,2025-01-27 09:13:49.930000,09:13:49.930000,2025,14-215,,Administrative Offense,2025
2025-03-14 15:16:07.610000,7286312.0,CT0015600,West Haven,Racial Profile,1000697,2500004110,Incident ID,2025-01-27 00:00:00,January,B,N,M,35,True,False,West Haven,Elm St / Third Ave,  ,  ,V,G,1.0,0,14-99f(b),,False,N,False,False,V,,,,,False,1.0,CT0015600,133864533651632658,2025-01-27 10:22:51.710000,10:22:51.710000,2025,,,Window Tint,2025
2025-03-14 15:16:07.610000,7286313.0,CT0015600,West Haven,Racial Profile,1000697,2500004124,Incident ID,2025-01-27 00:00:00,January,W,H,M,35,False,False,West Haven,Elm St / Thrid Ave,  ,  ,V,G,1.0,0,14-296aa(b),,False,N,False,False,V,,,,,False,1.0,CT0015600,133864533651632658,2025-01-27 12:22:35.593000,12:22:35.593000,2025,,,Cell Phone,2025
2025-03-14 15:16:07.550000,7286293.0,CT0015600,West Haven,Racial Profile,1000661,2500004115,Incident ID,2025-01-27 00:00:00,January,W,N,M,27,True,True,West Haven,Elm St/ Fourth Ave,  ,  ,V,G,1.0,0,14-296aa(b),,False,N,False,False,V,,,,,False,1.0,CT0015600,133864533651632658,2025-01-27 11:01:24.480000,11:01:24.480000,2025,14-196aa(b),,Cell Phone,2025
2025-03-14 15:16:07.553000,7286294.0,CT0015600,West Haven,Racial Profile,1000661,2500004118,Incident ID,2025-01-27 00:00:00,January,W,N,M,26,False,False,West Haven,Elm St/ Kimberly Ave,  ,  ,V,G,2.0,0,14-296aa(b),,False,N,False,False,V,,,,,False,1.0,CT0015600,133864533651632658,2025-01-27 11:33:21.940000,11:33:21.940000,2025,14-296aa(b),,Cell Phone,2025
2025-03-14 15:16:07.110000,7286149.0,CT0015600,West Haven,Racial Profile,1185,2500004143,Incident ID,2025-01-27 00:00:00,January,W,N,M,50,False,False,WEST HAVEN,abandoned mvnota stop,  ,  ,I,G,1.0,0,no stop,,False,N,False,False,N,,,,,False,1.0,CT0015600,133864533651632658,2025-01-27 14:51:50.430000,14:51:50.430000,2025,na,,Other,2025
2025-03-14 15:16:07.233000,7286191.0,CT0015600,West Haven,Racial Profile,1000539,2500004266,Incident ID,2025-01-28 00:00:00,January,W,H,M,41,True,True,WEST HAVEN,sawmill/95s (starbucks),  ,  ,V,G,1.0,0,14-296aa(b),,False,N,False,False,V,,,,,False,1.0,CT0015600,133864533651632658,2025-01-28 09:05:02.773000,09:05:02.773000,2025,,,Cell Phone,2025
2025-03-14 15:16:07.263000,7286202.0,CT0015600,West Haven,Racial Profile,1000561,2500004366,Incident ID,2025-01-28 00:00:00,January,B,N,M,53,True,False,West Haven,Boston Post Rd/Campbell Ave,  ,  ,V,G,1.0,0,14-299,,False,N,False,False,V,,,,,False,1.0,CT0015600,133864533651632658,2025-01-28 20:45:42.610000,20:45:42.610000,2025,14-299,,Traffic Control Signal,2025
2025-03-14 15:16:07.287000,7286211.0,CT0015600,West Haven,Racial Profile,1000582,2500004216,Incident ID,2025-01-28 00:00:00,January,W,N,M,18,True,True,WEST HAVEN,elm/ savin,  ,  ,E,G,1.0,0,14-99g,,False,N,False,False,V,,,,,False,1.0,CT0015600,133864533651632658,2025-01-28 01:07:14.117000,01:07:14.117000,2025,14-99g,,Window Tint,2025
2025-03-14 15:16:07.500000,7286275.0,CT0015600,West Haven,Racial Profile,1000637,2500004342,Incident ID,2025-01-28 00:00:00,January,W,H,F,52,True,True,West Haven,Elm St/Kimberly Ave,  ,  ,V,G,1.0,0,14-12(a)*,,False,N,False,False,V,,,,,False,1.0,CT0015600,133864533651632658,2025-01-28 17:34:00.047000,17:34:00.047000,2025,,,Registration,2025
2025-03-14 15:16:07.500000,7286276.0,CT0015600,West Haven,Racial Profile,1000637,2500004345,Incident ID,2025-01-28 00:00:00,January,W,N,F,39,True,False,West Haven,Campbell ave/ Elm St,  ,  ,V,G,1.0,0,14-299,,False,N,False,False,V,,,,,False,1.0,CT0015600,133864533651632658,2025-01-28 17:51:22.317000,17:51:22.317000,2025,,,Traffic Control Signal,2025
2025-03-14 15:16:07.430000,7286257.0,CT0015600,West Haven,Racial Profile,1000617,2500004367,Incident ID,2025-01-28 00:00:00,January,B,N,M,39,True,True,West Haven,Main Street / Painter Drive,  ,  ,V,G,1.0,0,14-299,,False,N,False,False,V,,,,,False,1.0,CT0015600,133864533651632658,2025-01-28 20:45:47.750000,20:45:47.750000,2025,,,Traffic Control Signal,2025
2025-03-14 15:16:07.237000,7286192.0,CT0015600,West Haven,Racial Profile,1000539,2500004270,Incident ID,2025-01-28 00:00:00,January,W,N,F,35,True,False,West Haven,forest/derby ave,  ,  ,V,G,1.0,0,14-219,,False,N,False,False,V,,,,,False,1.0,CT0015600,133864533651632658,2025-01-28 09:43:57.950000,09:43:57.950000,2025,,,Speed Related,2025
2025-03-14 15:16:07.430000,7286256.0,CT0015600,West Haven,Racial Profile,1000617,2500004360,Incident ID,2025-01-28 00:00:00,January,B,N,M,36,True,True,West Haven,Center Street / First Avenue,  ,  ,V,G,1.0,0,14-299,,False,N,False,False,V,,,,,False,1.0,CT0015600,133864533651632658,2025-01-28 20:23:24.303000,20:23:24.303000,2025,,,Traffic Control Signal,2025
2025-03-14 15:16:07.503000,7286277.0,CT0015600,West Haven,Racial Profile,1000637,2500004370,Incident ID,2025-01-28 00:00:00,January,W,N,M,66,True,True,West Haven,sawmill rd/ I-95 ramp,  ,  ,V,G,1.0,0,14-299,,False,N,False,False,V,,,,,False,1.0,CT0015600,133864533651632658,2025-01-28 21:08:10.607000,21:08:10.607000,2025,,,Traffic Control Signal,2025
2025-03-14 15:16:07.373000,7286239.0,CT0015600,West Haven,Racial Profile,1000614,2500004545,Incident ID,2025-01-29 00:00:00,January,W,N,M,38,True,True,West Haven,Brown Street,  ,  ,V,G,1.0,0,14-12(a),,False,N,False,False,V,,,,,False,1.0,CT0015600,133864533651632658,2025-01-29 18:09:16.730000,18:09:16.730000,2025,,,Registration,2025
2025-03-14 15:16:07.420000,7286253.0,CT0015600,West Haven,Racial Profile,1000616,2500004410,Incident ID,2025-01-29 00:00:00,January,B,N,F,23,True,False,West Haven,Campbell Ave,  ,  ,V,G,1.0,0,14-299,,False,N,False,False,V,,,,,False,1.0,CT0015600,133864533651632658,2025-01-29 00:42:26.940000,00:42:26.940000,2025,,,Traffic Control Signal,2025
2025-03-14 15:16:07.240000,7286193.0,CT0015600,West Haven,Racial Profile,1000539,2500004693,Incident ID,2025-01-30 00:00:00,January,B,N,M,41,True,True,West Haven,FOREST/WEST FIELD,  ,  ,V,G,1.0,0,14-296aa(b),,False,N,False,False,V,,,,,False,1.0,CT0015600,133864533651632658,2025-01-30 12:01:21.847000,12:01:21.847000,2025,,,Cell Phone,2025
2025-03-14 15:16:07.507000,7286278.0,CT0015600,West Haven,Racial Profile,1000637,2500004745,Incident ID,2025-01-30 00:00:00,January,B,N,M,29,True,False,West Haven,Saw Mill Rd/ I-95 Northbound on ramp,  ,  ,V,G,1.0,0,14-245,,False,N,False,False,I,,,,,False,1.0,CT0015600,133864533651632658,2025-01-30 18:38:45.710000,18:38:45.710000,2025,14-215b(2),,Moving Violation,2025
2025-03-14 15:16:07.617000,7286314.0,CT0015600,West Haven,Racial Profile,1000697,2500004699,Incident ID,2025-01-30 00:00:00,January,B,N,M,48,True,False,West Haven,Campbell Ave / Main St,  ,  ,V,G,3.0,1,14-12a,,False,N,False,False,M,,,,,False,1.0,CT0015600,133864533651632658,2025-01-30 12:32:58.150000,12:32:58.150000,2025,38a-371,,Registration,2025
2025-03-14 15:16:07.620000,7286315.0,CT0015600,West Haven,Racial Profile,1000698,2500004761,Incident ID,2025-01-30 00:00:00,January,B,N,M,56,True,False,West Haven,Main Street/Martin Street,  ,  ,I,G,2.0,1,14-12(a)*,,False,N,False,False,V,,,,,False,1.0,CT0015600,133864533651632658,2025-01-30 21:08:57.457000,21:08:57.457000,2025,14-12(a)*,,Registration,2025
2025-03-14 15:16:07.620000,7286316.0,CT0015600,West Haven,Racial Profile,1000698,2500004768,Incident ID,2025-01-30 00:00:00,January,W,M,M,18,True,False,West Haven,Brown St/Third Ave,  ,  ,V,S,1.0,0,14-301,,False,N,False,False,V,,,,,False,1.0,CT0015600,133864533651632658,2025-01-30 22:15:39.577000,22:15:39.577000,2025,,,Stop Sign,2025
2025-03-14 15:16:07.123000,7286154.0,CT0015600,West Haven,Racial Profile,1231,2500004767,Incident ID,2025-01-30 00:00:00,January,B,N,F,29,True,False,West Haven,Derby Avenue/Elizabeth Street,  ,  ,E,G,1.0,0,14-96a(a),,False,N,False,False,V,,,,,False,1.0,CT0015600,133864533651632658,2025-01-30 21:57:42.960000,21:57:42.960000,2025,14-96a(a),,Defective Lights,2025
2025-03-14 15:16:07.240000,7286194.0,CT0015600,West Haven,Racial Profile,1000539,2500004704,Incident ID,2025-01-30 00:00:00,January,W,H,F,30,True,True,West Haven,boston post/ardale,  ,  ,V,G,1.0,0,14-296aa(b),,False,N,False,False,I,,,,,False,1.0,CT0015600,133864533651632658,2025-01-30 13:25:10,13:25:10,2025,,,Cell Phone,2025
2025-03-14 15:16:07.413000,7286250.0,CT0015600,West Haven,Racial Profile,1000615,2500004709,Incident ID,2025-01-30 00:00:00,January,W,H,M,44,True,True,West Haven,Brown/ Campbell ,  ,  ,V,G,1.0,0,14-12(a),,False,N,False,False,V,,,,,False,1.0,CT0015600,133864533651632658,2025-01-30 14:17:03.820000,14:17:03.820000,2025,14-12(a),,Registration,2025
2025-03-14 15:16:07.530000,7286286.0,CT0015600,West Haven,Racial Profile,1000658,2500004859,Incident ID,2025-01-31 00:00:00,January,B,N,F,21,False,False,West Haven,elm st,  ,  ,V,G,1.0,0,14-233,,False,N,False,False,I,,,,,False,1.0,CT0015600,133864533651632658,2025-01-31 10:56:26.860000,10:56:26.860000,2025,14-36(a),,Moving Violation,2025
2025-03-14 15:16:07.417000,7286252.0,CT0015600,West Haven,Racial Profile,1000615,2500004893,Incident ID,2025-01-31 00:00:00,January,W,H,F,23,False,False,WEST HAVEN,1 Atwood Pl ,  ,  ,V,G,1.0,0,14-12(a),,False,N,False,False,N,,,,,False,1.0,CT0015600,133864533651632658,2025-01-31 14:04:42.357000,14:04:42.357000,2025,,,Registration,2025
2025-03-14 15:16:07.243000,7286195.0,CT0015600,West Haven,Racial Profile,1000539,2500004852,Incident ID,2025-01-31 00:00:00,January,B,N,F,53,True,False,WEST HAVEN,boston road/farwell,  ,  ,V,G,1.0,0,14-296aa(b),,False,N,False,False,V,,,,,False,1.0,CT0015600,133864533651632658,2025-01-31 09:52:34.847000,09:52:34.847000,2025,,,Cell Phone,2025
2025-03-14 15:16:07.247000,7286196.0,CT0015600,West Haven,Racial Profile,1000539,2500004856,Incident ID,2025-01-31 00:00:00,January,W,N,M,20,True,False,West Haven,boston post/farwell,  ,  ,V,G,1.0,0,14-296aa(b),,False,N,False,False,V,,,,,False,1.0,CT0015600,133864533651632658,2025-01-31 10:22:47.080000,10:22:47.080000,2025,,,Cell Phone,2025
2025-03-14 15:16:07.413000,7286251.0,CT0015600,West Haven,Racial Profile,1000615,2500004855,Incident ID,2025-01-31 00:00:00,January,W,N,F,40,True,False,West Haven,First/ Elm,  ,  ,V,G,1.0,0,14-18(c),,False,N,False,False,V,,,,,False,1.0,CT0015600,133864533651632658,2025-01-31 10:14:58.343000,10:14:58.343000,2025,14-12(a),,Display of Plates,2025
2025-03-14 15:16:07.103000,7286146.0,CT0015600,West Haven,Racial Profile,1162,2500004860,Incident ID,2025-01-31 00:00:00,January,W,H,M,25,True,False,West Haven,campbell/lester,  ,  ,V,G,1.0,0,14-12(a)*,,False,N,False,False,V,,,,,False,1.0,CT0015600,133864533651632658,2025-01-31 11:06:51.020000,11:06:51.020000,2025,,,Registration,2025
2025-02-15 18:43:06.410000,7219575.0,CT0015600,West Haven,Racial Profile,1000602,2500005143,Incident ID,2025-02-01 00:00:00,February,W,N,M,20,False,False,West Haven,meloy rd,  ,  ,V,G,1.0,0,14-12(a)*,,False,N,False,False,N,,,,,False,1.0,CT0015600,133841365821128322,2025-02-01 21:13:38.043000,21:13:38.043000,2025,,,Registration,2025
2025-02-15 18:43:06.410000,7219576.0,CT0015600,West Haven,Racial Profile,1000602,2500005156,Incident ID,2025-02-01 00:00:00,February,B,N,M,24,True,False,West Haven,highland st,  ,  ,V,G,1.0,0,14-147(a),,False,N,False,False,V,,,,,False,1.0,CT0015600,133841365821128322,2025-02-01 22:27:25.220000,22:27:25.220000,2025,,,Administrative Offense,2025
2025-02-15 18:43:06.457000,7219589.0,CT0015600,West Haven,Racial Profile,1000615,2500005053,Incident ID,2025-02-01 00:00:00,February,W,N,F,65,True,True,WEST HAVEN,487 Campbell Avenue ,  ,  ,I,G,1.0,0,14-12(a),,False,N,False,False,N,,,,,False,1.0,CT0015600,133841365821128322,2025-02-01 10:38:42.560000,10:38:42.560000,2025,14-12(a),,Registration,2025
2025-02-15 18:43:06.460000,7219590.0,CT0015600,West Haven,Racial Profile,1000615,2500005060,Incident ID,2025-02-01 00:00:00,February,B,N,M,24,True,False,West Haven,Lamson/ Front ,  ,  ,V,G,2.0,0,14-12(A),,False,N,False,True,M,,,,,False,1.0,CT0015600,133841365821128322,2025-02-01 11:32:17.403000,11:32:17.403000,2025,38a-371,,Registration,2025
2025-02-15 18:43:06.517000,7219612.0,CT0015600,West Haven,Racial Profile,1000673,2500004994,Incident ID,2025-02-01 00:00:00,February,B,N,F,21,True,False,West Haven,Campbell Ave,  ,  ,V,G,1.0,0,14-299,,False,N,False,False,V,,,,,False,1.0,CT0015600,133841365821128322,2025-02-01 00:48:15.147000,00:48:15.147000,2025,,,Traffic Control Signal,2025
2025-02-15 18:43:06.477000,7219597.0,CT0015600,West Haven,Racial Profile,1000617,2500005293,Incident ID,2025-02-02 00:00:00,February,W,H,M,34,True,False,WEST HAVEN,100 Union Avenue,  ,  ,V,G,1.0,0,14-303,,False,N,False,False,V,,,,,False,1.0,CT0015600,133841365821128322,2025-02-02 16:23:35.667000,16:23:35.667000,2025,,,Other,2025
2025-03-15 18:46:16.317000,7301810.0,CT0015600,West Haven,Racial Profile,1000658,2500005429,Incident ID,2025-02-03 00:00:00,February,W,N,M,52,True,True,West Haven,wagner place,  ,  ,V,G,1.0,0,14-299,,False,N,False,False,I,,,,,False,1.0,CT0015600,133865523738830837,2025-02-03 12:07:02.653000,12:07:02.653000,2025,,,Traffic Control Signal,2025
2025-02-15 18:43:06.323000,7219556.0,CT0015600,West Haven,Racial Profile,1128,2500005367,Incident ID,2025-02-03 00:00:00,February,W,N,M,24,True,True,West Haven,camp/rown,  ,  ,E,B,1.0,0,1-10,,False,N,False,False,V,,,,,False,1.0,CT0015600,133841365821128322,2025-02-03 01:04:56.277000,01:04:56.277000,2025,1-10,,Other,2025
2025-03-15 18:46:16.140000,7301754.0,CT0015600,West Haven,Racial Profile,1000600,2500005553,Incident ID,2025-02-04 00:00:00,February,W,M,M,30,True,True,West Haven,Campbell Ave./ Ruden St.,  ,  ,V,G,1.0,0,14-299,,False,N,False,False,V,,,,,False,1.0,CT0015600,133865523738830837,2025-02-04 03:04:20.390000,03:04:20.390000,2025,,,Traffic Control Signal,2025
2025-02-15 18:43:06.443000,7219584.0,CT0015600,West Haven,Racial Profile,1000614,2500005685,Incident ID,2025-02-04 00:00:00,February,W,N,F,59,True,False,West Haven,first ave,  ,  ,V,G,1.0,0,14-299,,False,N,False,False,V,,,,,False,1.0,CT0015600,133841365821128322,2025-02-04 18:19:32.627000,18:19:32.627000,2025,,,Traffic Control Signal,2025
2025-02-15 18:43:06.447000,7219585.0,CT0015600,West Haven,Racial Profile,1000614,2500005688,Incident ID,2025-02-04 00:00:00,February,B,N,M,50,True,True,WEST HAVEN,Sawmill Road,  ,  ,V,G,1.0,0,14-12(a),,False,N,False,False,V,,,,,False,1.0,CT0015600,133841365821128322,2025-02-04 18:50:36.550000,18:50:36.550000,2025,,,Registration,2025
2025-03-15 18:46:16.320000,7301811.0,CT0015600,West Haven,Racial Profile,1000658,2500005619,Incident ID,2025-02-04 00:00:00,February,W,N,M,21,True,False,West Haven,post rd,  ,  ,V,G,1.0,0,14-296aa(b),,False,N,False,False,V,,,,,False,1.0,CT0015600,133865523738830837,2025-02-04 11:23:13.290000,11:23:13.290000,2025,,,Cell Phone,2025
2025-02-15 18:43:06.450000,7219586.0,CT0015600,West Haven,Racial Profile,1000614,2500005710,Incident ID,2025-02-04 00:00:00,February,W,H,F,27,True,True,West Haven,Elm Street/First Avenue,  ,  ,V,G,1.0,1,14-12(a)*,,True,I,False,False,I,,,,,False,1.0,CT0015600,133841365821128322,2025-02-04 21:36:18.503000,21:36:18.503000,2025,38a-371,,Registration,2025
2025-02-15 18:43:06.500000,7219606.0,CT0015600,West Haven,Racial Profile,1000658,2500005635,Incident ID,2025-02-04 00:00:00,February,B,N,M,25,True,False,WEST HAVEN,post rd,  ,  ,V,G,1.0,0,14-218a,,False,N,False,False,V,,,,,False,1.0,CT0015600,133841365821128322,2025-02-04 13:13:23.560000,13:13:23.560000,2025,14-18(c),,Speed Related,2025
2025-02-15 18:43:06.403000,7219573.0,CT0015600,West Haven,Racial Profile,1000582,2500005763,Incident ID,2025-02-05 00:00:00,February,B,N,M,42,True,False,West Haven,Campbell ave/ Smith ct,  ,  ,E,G,1.0,0,14-96c,,False,N,False,False,V,,,,,False,1.0,CT0015600,133841365821128322,2025-02-05 01:50:53.330000,01:50:53.330000,2025,14-96c,,Defective Lights,2025
2025-03-15 18:46:16.243000,7301783.0,CT0015600,West Haven,Racial Profile,1000615,2500005839,Incident ID,2025-02-05 00:00:00,February,B,N,F,37,True,True,WEST HAVEN,Campbell/ Brown ,  ,  ,V,G,1.0,0,14-12(a),,False,N,False,False,V,,,,,False,1.0,CT0015600,133865523738830837,2025-02-05 11:11:25.447000,11:11:25.447000,2025,14-12(a),,Registration,2025
2025-03-15 18:46:16.103000,7301749.0,CT0015600,West Haven,Racial Profile,1000568,2500005857,Incident ID,2025-02-05 00:00:00,February,W,N,M,29,True,True,WEST HAVEN,Captain Thomas Blvd/Campbell Avenue,  ,  ,V,G,1.0,0,23-4-B3,,False,N,False,False,V,,,,,False,1.0,CT0015600,133865523738830837,2025-02-05 12:44:48.023000,12:44:48.023000,2025,23-4-B3,,Other,2025
2025-03-15 18:46:16.373000,7301831.0,CT0015600,West Haven,Racial Profile,1000697,2500005856,Incident ID,2025-02-05 00:00:00,February,W,H,M,53,False,False,WEST HAVEN,ELM ST / New Haven Line,  ,  ,V,G,1.0,0,14-12(a)*,,False,N,False,False,V,,,,,False,1.0,CT0015600,133865523738830837,2025-02-05 12:39:10.490000,12:39:10.490000,2025,,,Registration,2025
2025-02-15 18:43:06.483000,7219601.0,CT0015600,West Haven,Racial Profile,1000637,2500005923,Incident ID,2025-02-05 00:00:00,February,W,H,M,33,True,True,West Haven,meloy Road,  ,  ,V,G,1.0,0,14-147,,False,N,False,False,V,,,,,False,1.0,CT0015600,133841365821128322,2025-02-05 21:45:31.577000,21:45:31.577000,2025,,,Administrative Offense,2025
2025-02-15 18:43:06.330000,7219558.0,CT0015600,West Haven,Racial Profile,1162,2500005819,Incident ID,2025-02-05 00:00:00,February,W,N,M,64,True,False,West Haven,boston post rd/fairfax st,  ,  ,V,G,1.0,0,14-218a,,False,N,False,False,V,,,,,False,1.0,CT0015600,133841365821128322,2025-02-05 10:10:46.727000,10:10:46.727000,2025,,,Speed Related,2025
2025-03-15 18:46:15.977000,7301708.0,CT0015600,West Haven,Racial Profile,1180,2500005918,Incident ID,2025-02-05 00:00:00,February,B,N,M,38,True,True,West Haven,"Campbell&Center, violation observed Campbell&Elm",  ,  ,V,G,1.0,0,14-299,,False,N,False,False,V,,,,,False,1.0,CT0015600,133865523738830837,2025-02-05 20:53:15.543000,20:53:15.543000,2025,14-299,,Traffic Control Signal,2025
2025-02-15 18:43:06.480000,7219598.0,CT0015600,West Haven,Racial Profile,1000626,2500005863,Incident ID,2025-02-05 00:00:00,February,B,N,M,24,True,False,WEST HAVEN,47 Terrace Avenue,  ,  ,V,G,1.0,1,38a-371,,False,N,False,True,M,,,,,False,1.0,CT0015600,133841365821128322,2025-02-05 13:51:09.860000,13:51:09.860000,2025,14-147,,Other,2025
2025-02-15 18:43:06.413000,7219577.0,CT0015600,West Haven,Racial Profile,1000602,2500006071,Incident ID,2025-02-06 00:00:00,February,B,N,M,29,False,False,WEST HAVEN,spring street,  ,  ,V,G,3.0,1,14-18(a),,True,I,False,False,M,,,,,False,1.0,CT0015600,133841365821128322,2025-02-06 20:42:49.027000,20:42:49.027000,2025,38a-371,,Display of Plates,2025
2025-02-15 18:43:06.467000,7219593.0,CT0015600,West Haven,Racial Profile,1000615,2500006198,Incident ID,2025-02-07 00:00:00,February,W,H,F,64,True,True,West Haven,Farwell/ Bedford ,  ,  ,V,G,1.0,0,14-299,,False,N,False,False,V,,,,,False,1.0,CT0015600,133841365821128322,2025-02-07 12:05:08.143000,12:05:08.143000,2025,14-299,,Traffic Control Signal,2025
2025-02-15 18:43:06.400000,7219571.0,CT0015600,West Haven,Racial Profile,1000561,2500006165,Incident ID,2025-02-07 00:00:00,February,B,N,F,60,True,False,West Haven,Derby/Plainfield,  ,  ,V,G,1.0,0,14-12(a),,False,N,False,False,V,,,,,False,1.0,CT0015600,133841365821128322,2025-02-07 09:10:42.427000,09:10:42.427000,2025,14-12(a),,Registration,2025
2025-02-15 18:43:06.470000,7219594.0,CT0015600,West Haven,Racial Profile,1000615,2500006201,Incident ID,2025-02-07 00:00:00,February,W,N,M,53,True,True,West Haven,Boston Post Rd/ Fairfax Street ,  ,  ,V,G,1.0,0,14-18(c),,False,N,False,False,V,,,,,False,1.0,CT0015600,133841365821128322,2025-02-07 12:14:05.420000,12:14:05.420000,2025,14-18(c),,Display of Plates,2025
2025-02-15 18:43:06.523000,7219616.0,CT0015600,West Haven,Racial Profile,1000698,2500006196,Incident ID,2025-02-07 00:00:00,February,W,N,M,56,True,False,West Haven,Heffernan/Yale West Campus,  ,  ,V,B,1.0,0,14-301,,False,N,False,False,V,,,,,False,1.0,CT0015600,133841365821128322,2025-02-07 11:54:02.413000,11:54:02.413000,2025,14-301,,Stop Sign,2025
2025-03-15 18:46:16.247000,7301784.0,CT0015600,West Haven,Racial Profile,1000615,2500006191,Incident ID,2025-02-07 00:00:00,February,B,N,M,19,True,True,WEST HAVEN,111 elm street ,  ,  ,V,G,1.0,0,14-18(c),,False,N,False,False,V,,,,,False,1.0,CT0015600,133865523738830837,2025-02-07 11:33:57.220000,11:33:57.220000,2025,14-18(c),,Display of Plates,2025
2025-02-15 18:43:06.330000,7219559.0,CT0015600,West Haven,Racial Profile,1162,2500006179,Incident ID,2025-02-07 00:00:00,February,W,H,F,48,True,False,WEST HAVEN,460 elm st,  ,  ,V,G,1.0,0,14-12(a)*,,False,N,False,False,V,,,,,False,1.0,CT0015600,133841365821128322,2025-02-07 10:24:07.267000,10:24:07.267000,2025,,,Registration,2025
2025-02-15 18:43:06.473000,7219596.0,CT0015600,West Haven,Racial Profile,1000615,2500006395,Incident ID,2025-02-08 00:00:00,February,B,N,M,50,True,True,West Haven,Center Street/ Washington Avenue ,  ,  ,V,G,1.0,0,14-12(a),,False,N,False,False,V,,,,,False,1.0,CT0015600,133841365821128322,2025-02-08 11:10:46.300000,11:10:46.300000,2025,14-12(A),,Registration,2025
2025-02-15 18:43:06.473000,7219595.0,CT0015600,West Haven,Racial Profile,1000615,2500006392,Incident ID,2025-02-08 00:00:00,February,B,N,M,62,True,False,West Haven,Washington Ave/ Washington Manor ,  ,  ,V,G,1.0,0,14-18(c),,False,N,False,False,V,,,,,False,1.0,CT0015600,133841365821128322,2025-02-08 10:56:00.823000,10:56:00.823000,2025,14-18(c),,Display of Plates,2025
2025-02-15 18:43:06.527000,7219617.0,CT0015600,West Haven,Racial Profile,1000698,2500006378,Incident ID,2025-02-08 00:00:00,February,B,N,F,47,True,False,WEST HAVEN,Sawmill Road/Walmart,  ,  ,V,B,1.0,0,14-299,,False,N,False,False,V,,,,,False,1.0,CT0015600,133841365821128322,2025-02-08 09:16:19.850000,09:16:19.850000,2025,14-299,,Traffic Control Signal,2025
2025-02-15 18:43:06.530000,7219618.0,CT0015600,West Haven,Racial Profile,1000698,2500006394,Incident ID,2025-02-08 00:00:00,February,W,N,F,19,True,True,West Haven,Saw Mill Road/Hood Terrace,  ,  ,V,B,1.0,0,14-299,,False,N,False,False,W,,,,,False,1.0,CT0015600,133841365821128322,2025-02-08 11:09:18.067000,11:09:18.067000,2025,14-299,,Traffic Control Signal,2025
2025-03-15 18:46:16.167000,7301758.0,CT0015600,West Haven,Racial Profile,1000602,2500006541,Incident ID,2025-02-09 00:00:00,February,W,H,M,52,True,False,West Haven,Tile Street,  ,  ,V,G,2.0,1,14-96b,,True,I,False,True,U,,,,,False,1.0,CT0015600,133865523738830837,2025-02-09 09:33:51.760000,09:33:51.760000,2025,,,Defective Lights,2025
2025-03-15 18:46:16.287000,7301799.0,CT0015600,West Haven,Racial Profile,1000626,2500006543,Incident ID,2025-02-09 00:00:00,February,B,N,M,48,True,False,WEST HAVEN,1089 Campbell Avenue,  ,  ,V,G,1.0,0,14-299,,False,N,False,False,I,,,,,False,1.0,CT0015600,133865523738830837,2025-02-09 09:47:16.787000,09:47:16.787000,2025,14-12(a),,Traffic Control Signal,2025
2025-02-15 18:43:06.503000,7219607.0,CT0015600,West Haven,Racial Profile,1000658,2500006584,Incident ID,2025-02-09 00:00:00,February,B,N,F,48,True,False,West Haven,post rd,  ,  ,E,G,1.0,0,14-18(c),,False,N,False,False,I,,,,,False,1.0,CT0015600,133841365821128322,2025-02-09 17:14:33.233000,17:14:33.233000,2025,,,Display of Plates,2025
2025-03-15 18:46:16.330000,7301814.0,CT0015600,West Haven,Racial Profile,1000658,2500006591,Incident ID,2025-02-09 00:00:00,February,B,N,M,60,True,True,West Haven,post rd,  ,  ,V,G,3.0,1,14-299,,True,I,True,True,U,,,,,False,1.0,CT0015600,133865523738830837,2025-02-09 17:42:14.527000,17:42:14.527000,2025,14-227a,,Traffic Control Signal,2025
2025-02-15 18:43:06.327000,7219557.0,CT0015600,West Haven,Racial Profile,1135,2500006599,Incident ID,2025-02-09 00:00:00,February,W,H,M,55,True,True,West Haven,Boston Post Road 7 Peabody Street,  ,  ,V,G,1.0,0,14-12a,,False,N,False,False,V,,,,,False,1.0,CT0015600,133841365821128322,2025-02-09 18:39:54.393000,18:39:54.393000,2025,14-12a,,Registration,2025
2025-02-15 18:43:06.513000,7219611.0,CT0015600,West Haven,Racial Profile,1000662,2500006581,Incident ID,2025-02-09 00:00:00,February,W,N,M,31,True,True,West Haven,Boston Post Rd. / Tuthill,  ,  ,V,G,1.0,0,14-236,,False,N,False,False,V,,,,,False,1.0,CT0015600,133841365821128322,2025-02-09 16:57:02.550000,16:57:02.550000,2025,14-236,,Moving Violation,2025
2025-02-15 18:43:06.520000,7219614.0,CT0015600,West Haven,Racial Profile,1000697,2500006563,Incident ID,2025-02-09 00:00:00,February,W,H,M,37,True,False,West Haven,Campbell Ave / Elm St,  ,  ,V,G,2.0,0,14-12(a)*,,False,N,False,False,W,,,,,False,1.0,CT0015600,133841365821128322,2025-02-09 13:46:17.723000,13:46:17.723000,2025,14-147(c),,Registration,2025
2025-02-15 18:43:06.530000,7219619.0,CT0015600,West Haven,Racial Profile,1000698,2500006561,Incident ID,2025-02-09 00:00:00,February,B,N,F,26,True,True,West Haven,Saw Mill Road/Allings Crossing Road,  ,  ,E,B,3.0,1,14-215b(2),,True,I,False,True,M,,,,,False,1.0,CT0015600,133841365821128322,2025-02-09 13:44:12.223000,13:44:12.223000,2025,14-215b(2),,Administrative Offense,2025
2025-03-15 18:46:16.330000,7301815.0,CT0015600,West Haven,Racial Profile,1000658,2500006706,Incident ID,2025-02-10 00:00:00,February,W,H,M,41,True,True,West Haven,ocean ave,  ,  ,V,G,1.0,0,14-296aa(b),,False,N,False,False,V,,,,,False,1.0,CT0015600,133865523738830837,2025-02-10 10:48:08.327000,10:48:08.327000,2025,,,Cell Phone,2025
2025-03-15 18:46:16.010000,7301719.0,CT0015600,West Haven,Racial Profile,1000539,2500006697,Incident ID,2025-02-10 00:00:00,February,W,N,M,32,True,False,West Haven,forest/derby ave,  ,  ,V,G,1.0,0,14-296aa(b),,False,N,False,False,V,,,,,False,1.0,CT0015600,133865523738830837,2025-02-10 09:25:21.197000,09:25:21.197000,2025,,,Cell Phone,2025
2025-02-15 18:43:06.350000,7219563.0,CT0015600,West Haven,Racial Profile,1000331,2500006925,Incident ID,2025-02-11 00:00:00,February,W,H,M,22,True,True,West Haven,Elm St X Washington Avenue,  ,  ,E,G,1.0,0,14-96e,,False,N,False,False,V,,,,,False,1.0,CT0015600,133841365821128322,2025-02-11 10:12:18.170000,10:12:18.170000,2025,,,Defective Lights,2025
2025-02-15 18:43:06.433000,7219579.0,CT0015600,West Haven,Racial Profile,1000602,2500007004,Incident ID,2025-02-11 00:00:00,February,A,N,F,53,True,False,West Haven,first aVE,  ,  ,V,G,1.0,0,14-299,,False,N,False,False,V,,,,,False,1.0,CT0015600,133841365821128322,2025-02-11 19:32:28.307000,19:32:28.307000,2025,,,Traffic Control Signal,2025
2025-02-15 18:43:06.360000,7219565.0,CT0015600,West Haven,Racial Profile,1000539,2500006934,Incident ID,2025-02-11 00:00:00,February,A,N,F,25,True,False,West Haven,forest/bristol,  ,  ,V,G,1.0,0,14-219,,False,N,False,False,V,,,,,False,1.0,CT0015600,133841365821128322,2025-02-11 11:02:33.727000,11:02:33.727000,2025,,,Speed Related,2025
2025-02-15 18:43:06.350000,7219562.0,CT0015600,West Haven,Racial Profile,1191,2500007026,Incident ID,2025-02-11 00:00:00,February,W,N,M,43,False,False,West Haven,captain thomas &kelsey,  ,  ,V,G,1.0,0,14-299,,False,N,False,False,V,,,,,False,1.0,CT0015600,133841365821128322,2025-02-11 22:04:45.050000,22:04:45.050000,2025,14-299,,Traffic Control Signal,2025
2025-02-15 18:43:06.370000,7219566.0,CT0015600,West Haven,Racial Profile,1000539,2500007095,Incident ID,2025-02-12 00:00:00,February,W,M,F,45,True,False,West Haven,forest/bristol,  ,  ,V,G,1.0,0,14-296aa(b),,False,N,False,False,V,,,,,False,1.0,CT0015600,133841365821128322,2025-02-12 09:27:50.580000,09:27:50.580000,2025,,,Cell Phone,2025
2025-02-15 18:43:06.370000,7219567.0,CT0015600,West Haven,Racial Profile,1000539,2500007100,Incident ID,2025-02-12 00:00:00,February,B,N,F,61,True,True,West Haven,forest/boston post,  ,  ,V,G,1.0,0,14-279,,False,N,False,False,V,,,,,False,1.0,CT0015600,133841365821128322,2025-02-12 10:01:39.233000,10:01:39.233000,2025,,,Other,2025
2025-02-15 18:43:06.437000,7219580.0,CT0015600,West Haven,Racial Profile,1000602,2500007175,Incident ID,2025-02-12 00:00:00,February,B,N,M,41,True,True,West Haven,bpr rd,  ,  ,V,G,1.0,0,14-299,,False,N,False,False,I,,,,,False,1.0,CT0015600,133841365821128322,2025-02-12 22:20:12.690000,22:20:12.690000,2025,,,Traffic Control Signal,2025
2025-03-15 18:46:16.290000,7301800.0,CT0015600,West Haven,Racial Profile,1000626,2500007103,Incident ID,2025-02-12 00:00:00,February,W,H,M,26,True,False,West Haven,Rockview Street,  ,  ,V,G,1.0,1,38a-371,,False,N,False,True,M,,,,,False,1.0,CT0015600,133865523738830837,2025-02-12 10:33:37.043000,10:33:37.043000,2025,14-12(a)*,,Other,2025
2025-03-15 18:46:16.023000,7301724.0,CT0015600,West Haven,Racial Profile,1000539,2500007257,Incident ID,2025-02-13 00:00:00,February,W,H,F,23,True,True,West Haven,boston post/barbara,  ,  ,V,G,1.0,0,14-147,,False,N,False,False,V,,,,,False,1.0,CT0015600,133865523738830837,2025-02-13 09:43:23,09:43:23,2025,,,Administrative Offense,2025
2025-02-15 18:43:06.387000,7219568.0,CT0015600,West Haven,Racial Profile,1000539,2500007254,Incident ID,2025-02-13 00:00:00,February,W,H,F,35,True,True,West Haven,forest/bristol ,  ,  ,V,G,1.0,0,14-296aa(b),,False,N,False,False,V,,,,,False,1.0,CT0015600,133841365821128322,2025-02-13 09:01:30.053000,09:01:30.053000,2025,,,Cell Phone,2025
2025-02-15 18:43:06.487000,7219602.0,CT0015600,West Haven,Racial Profile,1000637,2500007354,Incident ID,2025-02-13 00:00:00,February,B,N,F,24,True,False,West Haven,Second Ave/ Elm St,  ,  ,V,G,1.0,0,14-299,,False,N,False,False,V,,,,,False,1.0,CT0015600,133841365821128322,2025-02-13 19:30:12.623000,19:30:12.623000,2025,,,Traffic Control Signal,2025
2025-02-15 18:43:06.490000,7219603.0,CT0015600,West Haven,Racial Profile,1000656,2500007291,Incident ID,2025-02-13 00:00:00,February,W,N,M,56,True,False,WEST HAVEN,maloy road,  ,  ,V,G,1.0,0,14-314,,False,N,False,False,V,,,,,False,1.0,CT0015600,133841365821128322,2025-02-13 14:01:55.637000,14:01:55.637000,2025,14-314,,Other,2025
2025-02-15 18:43:06.523000,7219615.0,CT0015600,West Haven,Racial Profile,1000697,2500007349,Incident ID,2025-02-13 00:00:00,February,W,H,M,24,False,False,West Haven,Beach Street,  ,  ,I,G,2.0,0,14-12(a)*,,False,N,False,False,V,,,,,False,1.0,CT0015600,133841365821128322,2025-02-13 19:07:13.157000,19:07:13.157000,2025,,,Registration,2025
2025-02-15 18:43:06.533000,7219620.0,CT0015600,West Haven,Racial Profile,1000698,2500007275,Incident ID,2025-02-13 00:00:00,February,W,H,M,23,True,True,West Haven,Kelsey Ave/ Dark St,  ,  ,I,B,2.0,1,38a-371,,True,I,False,True,M,,,,,False,1.0,CT0015600,133841365821128322,2025-02-13 11:23:08.247000,11:23:08.247000,2025,38a-371,,Other,2025
2025-02-15 18:43:06.440000,7219581.0,CT0015600,West Haven,Racial Profile,1000602,2500007558,Incident ID,2025-02-14 00:00:00,February,W,H,M,48,True,True,West Haven,elm street,  ,  ,V,G,2.0,0,14-96a,,False,N,False,False,M,,,,,False,1.0,CT0015600,133841365821128322,2025-02-14 21:49:42.187000,21:49:42.187000,2025,14-215a,,Defective Lights,2025
2025-02-15 18:43:06.443000,7219583.0,CT0015600,West Haven,Racial Profile,1000602,2500007567,Incident ID,2025-02-14 00:00:00,February,B,N,M,60,True,True,WEST HAVEN,campbell,  ,  ,V,G,3.0,1,o,,True,I,True,True,U,,,,,False,1.0,CT0015600,133841365821128322,2025-02-14 23:29:33.147000,23:29:33.147000,2025,21a-279(a)(1),,Other,2025
2025-02-15 18:43:06.453000,7219587.0,CT0015600,West Haven,Racial Profile,1000614,2500007536,Incident ID,2025-02-14 00:00:00,February,W,H,M,41,True,False,West Haven,Boston Post Road/Marginal Drive,  ,  ,V,G,1.0,0,14-147,,False,N,False,False,I,,,,,False,1.0,CT0015600,133841365821128322,2025-02-14 18:29:51.260000,18:29:51.260000,2025,14-12(a)*,,Administrative Offense,2025
2025-03-15 18:46:16.177000,7301762.0,CT0015600,West Haven,Racial Profile,1000602,2500007560,Incident ID,2025-02-14 00:00:00,February,B,N,F,32,True,False,West Haven,washington avenue,  ,  ,V,G,2.0,1,14-147(a),,True,I,False,False,M,,,,,False,1.0,CT0015600,133865523738830837,2025-02-14 22:14:31.393000,22:14:31.393000,2025,38a-371,,Administrative Offense,2025
2025-02-15 18:43:06.457000,7219588.0,CT0015600,West Haven,Racial Profile,1000614,2500007540,Incident ID,2025-02-14 00:00:00,February,W,H,M,32,True,False,West Haven,spring street,  ,  ,V,G,2.0,1,14-147,,False,N,False,False,I,,,,,False,1.0,CT0015600,133841365821128322,2025-02-14 18:48:13.387000,18:48:13.387000,2025,14-13(a),,Administrative Offense,2025
2025-03-15 18:46:16.080000,7301744.0,CT0015600,West Haven,Racial Profile,1000559,2500007561,Incident ID,2025-02-14 00:00:00,February,B,N,M,59,True,False,WEST HAVEN,Campbell Avenue / First Avenue,  ,  ,V,G,1.0,0,14-215,,True,O,False,False,V,,,,,False,1.0,CT0015600,133865523738830837,2025-02-14 22:55:47.500000,22:55:47.500000,2025,,,Administrative Offense,2025
2025-02-15 18:43:06.340000,7219560.0,CT0015600,West Haven,Racial Profile,1162,2500007432,Incident ID,2025-02-14 00:00:00,February,W,N,F,35,True,False,West Haven,kelsey/church,  ,  ,V,G,1.0,0,14-12(a)*,,False,N,False,False,V,,,,,False,1.0,CT0015600,133841365821128322,2025-02-14 07:27:01.730000,07:27:01.730000,2025,,,Registration,2025
2025-03-15 18:46:16.333000,7301816.0,CT0015600,West Haven,Racial Profile,1000658,2500007676,Incident ID,2025-02-15 00:00:00,February,W,H,M,45,True,True,West Haven,main st,  ,  ,V,G,1.0,0,14-296aa(b),,False,N,False,False,V,,,,,False,1.0,CT0015600,133865523738830837,2025-02-15 13:14:30.090000,13:14:30.090000,2025,,,Cell Phone,2025
2025-03-15 18:46:16.223000,7301777.0,CT0015600,West Haven,Racial Profile,1000614,2500008293,Incident ID,2025-02-18 00:00:00,February,B,N,M,38,True,True,WEST HAVEN,Meloy Road,  ,  ,V,G,1.0,0,14-299,,False,N,False,False,V,,,,,False,1.0,CT0015600,133865523738830837,2025-02-18 18:15:09.873000,18:15:09.873000,2025,,,Traffic Control Signal,2025
2025-03-15 18:46:16.027000,7301725.0,CT0015600,West Haven,Racial Profile,1000539,2500008239,Incident ID,2025-02-18 00:00:00,February,W,N,F,19,True,False,West Haven,forest/westfield,  ,  ,V,G,1.0,0,14-296aa(b),,False,N,False,False,V,,,,,False,1.0,CT0015600,133865523738830837,2025-02-18 12:46:02.927000,12:46:02.927000,2025,,,Cell Phone,2025
2025-03-15 18:46:16.213000,7301775.0,CT0015600,West Haven,Racial Profile,1000614,2500008289,Incident ID,2025-02-18 00:00:00,February,W,N,M,68,True,False,West Haven,Boston Post Road/Horton place,  ,  ,V,G,1.0,0,14-299,,False,N,False,False,I,,,,,False,1.0,CT0015600,133865523738830837,2025-02-18 17:51:24.760000,17:51:24.760000,2025,,,Traffic Control Signal,2025
2025-03-15 18:46:16.217000,7301776.0,CT0015600,West Haven,Racial Profile,1000614,2500008292,Incident ID,2025-02-18 00:00:00,February,W,N,F,20,False,False,West Haven,Jaffrey Street,  ,  ,V,G,1.0,0,14-301,,False,N,False,False,V,,,,,False,1.0,CT0015600,133865523738830837,2025-02-18 18:06:20.823000,18:06:20.823000,2025,,,Stop Sign,2025
2025-03-15 18:46:15.940000,7301695.0,CT0015600,West Haven,Racial Profile,1128,2500008162,Incident ID,2025-02-18 00:00:00,February,B,M,M,44,True,False,West Haven,Cambell Ave,  ,  ,E,G,1.0,0,14-96,,False,N,False,False,V,,,,,False,1.0,CT0015600,133865523738830837,2025-02-18 02:10:03.710000,02:10:03.710000,2025,14-96,,Defective Lights,2025
2025-03-15 18:46:16.030000,7301726.0,CT0015600,West Haven,Racial Profile,1000539,2500008433,Incident ID,2025-02-19 00:00:00,February,W,H,M,43,True,False,West Haven,boston postprudden,  ,  ,V,G,1.0,0,14-218a,,False,N,False,False,V,,,,,False,1.0,CT0015600,133865523738830837,2025-02-19 12:47:51.543000,12:47:51.543000,2025,14-12(a)*,,Speed Related,2025
2025-03-15 18:46:15.993000,7301714.0,CT0015600,West Haven,Racial Profile,1000331,2500008438,Incident ID,2025-02-19 00:00:00,February,B,N,M,31,True,False,West Haven,Savin X Capt Thomas,  ,  ,V,G,1.0,0,14-296aa(b),,False,N,False,False,V,,,,,False,1.0,CT0015600,133865523738830837,2025-02-19 13:25:21.520000,13:25:21.520000,2025,,,Cell Phone,2025
2025-03-15 18:46:16.363000,7301826.0,CT0015600,West Haven,Racial Profile,1000675,2500008357,Incident ID,2025-02-19 00:00:00,February,W,H,M,41,True,False,West Haven,Kimberly Avenue/Boulevard,  ,  ,V,G,1.0,0,14-12(a)*,,False,N,False,False,V,,,,,False,1.0,CT0015600,133865523738830837,2025-02-19 02:28:42.373000,02:28:42.373000,2025,,,Registration,2025
2025-03-15 18:46:16.037000,7301727.0,CT0015600,West Haven,Racial Profile,1000539,2500008441,Incident ID,2025-02-19 00:00:00,February,W,H,F,43,True,True,West Haven,sawmill/railroad,  ,  ,V,G,1.0,0,14-299,,False,N,False,False,V,,,,,False,1.0,CT0015600,133865523738830837,2025-02-19 13:48:23.327000,13:48:23.327000,2025,,,Traffic Control Signal,2025
2025-03-15 18:46:16.130000,7301752.0,CT0015600,West Haven,Racial Profile,1000582,2500008352,Incident ID,2025-02-19 00:00:00,February,W,H,F,22,True,False,West Haven,First avenue/elm st,  ,  ,V,G,1.0,0,14-299,,False,N,False,False,V,,,,,False,1.0,CT0015600,133865523738830837,2025-02-19 01:31:47.347000,01:31:47.347000,2025,14-147(c),,Traffic Control Signal,2025
2025-03-15 18:46:16.263000,7301789.0,CT0015600,West Haven,Racial Profile,1000615,2500008436,Incident ID,2025-02-19 00:00:00,February,W,H,F,37,True,True,West Haven,Campbell/ Elm,  ,  ,E,G,1.0,0,14-18(c),,False,N,False,False,V,,,,,False,1.0,CT0015600,133865523738830837,2025-02-19 12:55:01.437000,12:55:01.437000,2025,14-18(c),,Display of Plates,2025
2025-03-15 18:46:16.267000,7301790.0,CT0015600,West Haven,Racial Profile,1000615,2500008442,Incident ID,2025-02-19 00:00:00,February,B,N,M,44,True,True,West Haven,Center/ Washington ,  ,  ,V,G,1.0,0,14-215,,False,N,False,False,V,,,,,False,1.0,CT0015600,133865523738830837,2025-02-19 13:49:46.870000,13:49:46.870000,2025,38a-371,,Administrative Offense,2025
2025-03-15 18:46:16.040000,7301728.0,CT0015600,West Haven,Racial Profile,1000539,2500008597,Incident ID,2025-02-20 00:00:00,February,W,H,M,23,True,False,West Haven,bristol/forest,  ,  ,V,G,2.0,1,14-12(a),,False,N,False,True,U,,,,,False,1.0,CT0015600,133865523738830837,2025-02-20 13:04:06.970000,13:04:06.970000,2025,38a-371,,Registration,2025
2025-03-15 18:46:16.227000,7301778.0,CT0015600,West Haven,Racial Profile,1000614,2500008660,Incident ID,2025-02-20 00:00:00,February,W,H,M,51,True,False,West Haven,First Avenue,  ,  ,V,G,1.0,0,14-12(a),,False,N,False,False,V,,,,,False,1.0,CT0015600,133865523738830837,2025-02-20 18:47:44.870000,18:47:44.870000,2025,,,Registration,2025
2025-03-15 18:46:16.340000,7301817.0,CT0015600,West Haven,Racial Profile,1000658,2500008682,Incident ID,2025-02-20 00:00:00,February,B,N,M,19,True,False,West Haven,coleman st,  ,  ,V,G,1.0,0,14-298,,False,N,False,False,V,,,,,False,1.0,CT0015600,133865523738830837,2025-02-20 21:30:18.977000,21:30:18.977000,2025,,,STC Violation,2025
2025-03-15 18:46:16.410000,7301842.0,CT0015600,West Haven,Racial Profile,1000698,2500008838,Incident ID,2025-02-21 00:00:00,February,B,N,F,32,True,False,West Haven,"Campbell Ave, George St",  ,  ,V,B,1.0,0,14-232(a)(1),,False,N,False,False,V,,,,,False,1.0,CT0015600,133865523738830837,2025-02-21 19:42:47.533000,19:42:47.533000,2025,14-232(a)(1),,Moving Violation,2025
2025-03-15 18:46:15.980000,7301709.0,CT0015600,West Haven,Racial Profile,1190,2500008776,Incident ID,2025-02-21 00:00:00,February,W,N,F,74,True,False,West Haven,Ocean ave/Fairview ,  ,  ,V,G,1.0,0,14-236,,False,N,False,False,V,,,,,False,1.0,CT0015600,133865523738830837,2025-02-21 12:22:08.757000,12:22:08.757000,2025,14-236,,Moving Violation,2025
2025-03-15 18:46:16.187000,7301766.0,CT0015600,West Haven,Racial Profile,1000602,2500008985,Incident ID,2025-02-22 00:00:00,February,W,N,M,40,True,False,West Haven,campbell avenue,  ,  ,V,G,2.0,1,14-147(c),,True,I,False,False,I,,,,,False,1.0,CT0015600,133865523738830837,2025-02-22 19:24:31.433000,19:24:31.433000,2025,,,Administrative Offense,2025
2025-03-15 18:46:16.230000,7301779.0,CT0015600,West Haven,Racial Profile,1000614,2500008980,Incident ID,2025-02-22 00:00:00,February,B,N,F,79,True,True,West Haven,Greta Street ,  ,  ,V,G,1.0,0,14-12(a),,False,N,False,False,V,,,,,False,1.0,CT0015600,133865523738830837,2025-02-22 18:12:29.360000,18:12:29.360000,2025,14-13(a),,Registration,2025
2025-03-15 18:46:16.183000,7301764.0,CT0015600,West Haven,Racial Profile,1000602,2500008928,Incident ID,2025-02-22 00:00:00,February,W,N,M,46,True,False,West Haven,meloy rd,  ,  ,V,G,1.0,0,14-18a,,False,N,False,False,V,,,,,False,1.0,CT0015600,133865523738830837,2025-02-22 09:31:26.847000,09:31:26.847000,2025,,,Display of Plates,2025
2025-03-15 18:46:16.270000,7301791.0,CT0015600,West Haven,Racial Profile,1000615,2500008983,Incident ID,2025-02-22 00:00:00,February,W,H,M,51,True,True,West Haven,202 Main St,  ,  ,V,G,2.0,0,14-301,,False,N,False,False,I,,,,,False,1.0,CT0015600,133865523738830837,2025-02-22 19:10:44.780000,19:10:44.780000,2025,14-223(a),,Stop Sign,2025
2025-03-15 18:46:16.413000,7301843.0,CT0015600,West Haven,Racial Profile,1000698,2500008996,Incident ID,2025-02-22 00:00:00,February,B,N,M,65,True,False,West Haven,Campbell Ave/ Boston Post Rd,  ,  ,V,B,1.0,0,14-299,,False,N,False,False,V,,,,,False,1.0,CT0015600,133865523738830837,2025-02-22 20:42:28.260000,20:42:28.260000,2025,14-299,,Traffic Control Signal,2025
2025-03-15 18:46:15.960000,7301702.0,CT0015600,West Haven,Racial Profile,1155,2500008998,Incident ID,2025-02-22 00:00:00,February,W,H,M,22,True,False,WEST HAVEN,boston post rd/andrews,  ,  ,E,G,1.0,0,4-112(f),,False,N,False,False,V,,,,,False,1.0,CT0015600,133865523738830837,2025-02-22 20:58:49.270000,20:58:49.270000,2025,,,Other,2025
2025-03-15 18:46:16.190000,7301767.0,CT0015600,West Haven,Racial Profile,1000602,2500009002,Incident ID,2025-02-22 00:00:00,February,W,H,M,57,True,False,West Haven,elm street,  ,  ,V,G,3.0,1,14-147a,,True,O,True,True,U,,,,,False,1.0,CT0015600,133865523738830837,2025-02-22 21:02:35.107000,21:02:35.107000,2025,21a-279(a)(1),,Administrative Offense,2025
2025-03-15 18:46:16.373000,7301830.0,CT0015600,West Haven,Racial Profile,1000688,2500008937,Incident ID,2025-02-22 00:00:00,February,W,H,F,31,True,True,West Haven,Sawmill and Meloy Rd,  ,  ,V,G,1.0,1,38a-371,,False,N,False,False,M,,,,,False,1.0,CT0015600,133865523738830837,2025-02-22 11:07:08.063000,11:07:08.063000,2025,38a-371,,Other,2025
2025-03-15 18:46:16.417000,7301844.0,CT0015600,West Haven,Racial Profile,1000698,2500009008,Incident ID,2025-02-22 00:00:00,February,W,H,M,35,True,False,West Haven,spring/front,  ,  ,I,G,1.0,0,14-12(a)*,,False,N,False,False,N,,,,,False,1.0,CT0015600,133865523738830837,2025-02-22 21:17:38.957000,21:17:38.957000,2025,14-12(a)*,,Registration,2025
2025-03-15 18:46:16.107000,7301750.0,CT0015600,West Haven,Racial Profile,1000568,2500008946,Incident ID,2025-02-22 00:00:00,February,W,H,M,24,True,True,West Haven,Kelsey Avenue / Captain Thomas Blvd,  ,  ,V,G,1.0,0,23-4-B3,,False,N,False,False,V,,,,,False,1.0,CT0015600,133865523738830837,2025-02-22 13:06:03.170000,13:06:03.170000,2025,23-4-B3,,Other,2025
2025-03-15 18:46:16.187000,7301765.0,CT0015600,West Haven,Racial Profile,1000602,2500008949,Incident ID,2025-02-22 00:00:00,February,W,H,F,32,True,True,West Haven,second avenue,  ,  ,V,G,2.0,0,14-147(c),,False,N,False,False,I,,,,,False,1.0,CT0015600,133865523738830837,2025-02-22 13:45:09.643000,13:45:09.643000,2025,,,Administrative Offense,2025
2025-03-15 18:46:15.997000,7301715.0,CT0015600,West Haven,Racial Profile,1000331,2500009106,Incident ID,2025-02-23 00:00:00,February,W,H,F,20,True,True,West Haven,Campbell Ave X Park Street,  ,  ,V,G,1.0,0,14-296aa(b),,False,N,False,False,V,,,,,False,1.0,CT0015600,133865523738830837,2025-02-23 12:21:54.243000,12:21:54.243000,2025,,,Cell Phone,2025
2025-03-15 18:46:16,7301716.0,CT0015600,West Haven,Racial Profile,1000331,2500009240,Incident ID,2025-02-24 00:00:00,February,B,N,F,18,True,True,West Haven,Savin Ave X Graham Manor Ave,  ,  ,V,G,1.0,0,14-279,,False,N,False,False,V,,,,,False,1.0,CT0015600,133865523738830837,2025-02-24 08:41:13.083000,08:41:13.083000,2025,,,Other,2025
2025-03-15 18:46:15.940000,7301696.0,CT0015600,West Haven,Racial Profile,1128,2500009202,Incident ID,2025-02-24 00:00:00,February,W,N,M,26,True,True,West Haven,Campbel Ave,  ,  ,V,G,1.0,0,14-96,,False,N,False,False,V,,,,,False,1.0,CT0015600,133865523738830837,2025-02-24 01:48:06.163000,01:48:06.163000,2025,14-96,,Defective Lights,2025
2025-03-15 18:46:15.983000,7301711.0,CT0015600,West Haven,Racial Profile,1200,2500009251,Incident ID,2025-02-24 00:00:00,February,W,M,M,22,True,True,West Haven,ELM ST & WASHINGTON AVE,  ,  ,E,G,1.0,0,14-96c,,False,N,False,False,V,,,,,False,1.0,CT0015600,133865523738830837,2025-02-24 09:31:02.067000,09:31:02.067000,2025,,,Defective Lights,2025
2025-03-15 18:46:16.040000,7301729.0,CT0015600,West Haven,Racial Profile,1000539,2500009278,Incident ID,2025-02-24 00:00:00,February,W,N,F,54,True,False,West Haven,campbell/rudden (homestead),  ,  ,V,G,1.0,0,14-299,,False,N,False,False,V,,,,,False,1.0,CT0015600,133865523738830837,2025-02-24 12:24:14.533000,12:24:14.533000,2025,,,Traffic Control Signal,2025
2025-03-15 18:46:16.047000,7301731.0,CT0015600,West Haven,Racial Profile,1000539,2500009451,Incident ID,2025-02-25 00:00:00,February,W,N,F,19,True,True,West Haven,forest/bristol,  ,  ,V,G,1.0,0,14-296aa(b),,False,N,False,False,V,,,,,False,1.0,CT0015600,133865523738830837,2025-02-25 11:27:44.123000,11:27:44.123000,2025,,,Cell Phone,2025
2025-03-15 18:46:16.137000,7301753.0,CT0015600,West Haven,Racial Profile,1000582,2500009389,Incident ID,2025-02-25 00:00:00,February,W,M,M,27,True,True,West Haven,campbell ave/ york st ,  ,  ,E,G,1.0,0,14-96c,,False,N,False,False,V,,,,,False,1.0,CT0015600,133865523738830837,2025-02-25 03:00:39.363000,03:00:39.363000,2025,14-96c,,Defective Lights,2025
2025-03-15 18:46:16.387000,7301834.0,CT0015600,West Haven,Racial Profile,1000697,2500009508,Incident ID,2025-02-25 00:00:00,February,W,N,F,37,True,True,WEST HAVEN,Saw Mill Rd / Allings Crossing,  ,  ,V,G,2.0,1,14-147,,True,I,False,True,M,,,,,False,1.0,CT0015600,133865523738830837,2025-02-25 17:25:22.607000,17:25:22.607000,2025,38a-371,,Administrative Offense,2025
2025-03-15 18:46:16.300000,7301804.0,CT0015600,West Haven,Racial Profile,1000637,2500009518,Incident ID,2025-02-25 00:00:00,February,W,N,F,49,True,True,West Haven,Second Ave/ Center St.,  ,  ,V,G,1.0,0,14-301,,False,N,False,False,V,,,,,False,1.0,CT0015600,133865523738830837,2025-02-25 19:03:53.157000,19:03:53.157000,2025,,,Stop Sign,2025
2025-03-15 18:46:16.053000,7301734.0,CT0015600,West Haven,Racial Profile,1000549,2500009394,Incident ID,2025-02-25 00:00:00,February,W,H,M,52,True,True,West Haven,campbell / walnut,  ,  ,E,G,1.0,0,14-96a(a),,False,N,False,False,V,,,,,False,1.0,CT0015600,133865523738830837,2025-02-25 04:11:01.450000,04:11:01.450000,2025,,,Defective Lights,2025
2025-03-15 18:46:16.390000,7301835.0,CT0015600,West Haven,Racial Profile,1000697,2500009514,Incident ID,2025-02-25 00:00:00,February,B,N,M,50,True,False,West Haven,Saw Mill Rd / Voss Rd,  ,  ,V,G,1.0,0,14-236,,False,N,False,False,V,,,,,False,1.0,CT0015600,133865523738830837,2025-02-25 18:16:51.393000,18:16:51.393000,2025,,,Moving Violation,2025
2025-03-15 18:46:16.343000,7301818.0,CT0015600,West Haven,Racial Profile,1000658,2500009473,Incident ID,2025-02-25 00:00:00,February,B,N,M,25,True,False,West Haven,post rd,  ,  ,V,G,2.0,1,14-18(a),,True,I,False,False,M,,,,,False,1.0,CT0015600,133865523738830837,2025-02-25 13:33:50.263000,13:33:50.263000,2025,14-215,,Display of Plates,2025
2025-03-15 18:46:16.350000,7301820.0,CT0015600,West Haven,Racial Profile,1000661,2500009442,Incident ID,2025-02-25 00:00:00,February,W,N,M,65,True,True,West Haven,Washington Avenue/ Smith St,  ,  ,V,G,2.0,0,14-301,,False,N,False,False,V,,,,,False,1.0,CT0015600,133865523738830837,2025-02-25 10:44:21.370000,10:44:21.370000,2025,14-301,,Stop Sign,2025
2025-03-15 18:46:16.043000,7301730.0,CT0015600,West Haven,Racial Profile,1000539,2500009447,Incident ID,2025-02-25 00:00:00,February,W,M,M,22,True,True,West Haven,orange ter/forest,  ,  ,V,G,1.0,0,14-219,,False,N,False,False,V,,,,,False,1.0,CT0015600,133865523738830837,2025-02-25 11:00:37.073000,11:00:37.073000,2025,14-36(a),,Speed Related,2025
2025-03-15 18:46:15.943000,7301697.0,CT0015600,West Haven,Racial Profile,1128,2500009391,Incident ID,2025-02-25 00:00:00,February,B,N,M,30,True,False,West Haven,Boston Post rd,  ,  ,E,G,1.0,0,14-96,,False,N,False,False,V,,,,,False,1.0,CT0015600,133865523738830837,2025-02-25 03:31:17.060000,03:31:17.060000,2025,14-96,,Defective Lights,2025
2025-03-15 18:46:16.007000,7301718.0,CT0015600,West Haven,Racial Profile,1000333,2500009651,Incident ID,2025-02-26 00:00:00,February,W,M,F,24,True,False,West Haven,Saw Mill Rd & Meloy Rd,  ,  ,V,G,1.0,0,14-299,,False,N,False,False,W,,,,,False,1.0,CT0015600,133865523738830837,2025-02-26 11:13:46.860000,11:13:46.860000,2025,,,Traffic Control Signal,2025
2025-03-15 18:46:16.057000,7301736.0,CT0015600,West Haven,Racial Profile,1000549,2500009573,Incident ID,2025-02-26 00:00:00,February,W,H,M,57,True,True,West Haven,first / center,  ,  ,V,G,1.0,0,14-301,,False,N,False,False,V,,,,,False,1.0,CT0015600,133865523738830837,2025-02-26 01:45:45.900000,01:45:45.900000,2025,,,Stop Sign,2025
2025-03-15 18:46:16.270000,7301792.0,CT0015600,West Haven,Racial Profile,1000615,2500009658,Incident ID,2025-02-26 00:00:00,February,W,N,M,46,False,False,West Haven,Brown/ Second,  ,  ,V,G,1.0,0,14-301,,False,N,False,False,V,,,,,False,1.0,CT0015600,133865523738830837,2025-02-26 12:41:07.867000,12:41:07.867000,2025,14-301,,Stop Sign,2025
2025-03-15 18:46:16.053000,7301735.0,CT0015600,West Haven,Racial Profile,1000549,2500009559,Incident ID,2025-02-26 00:00:00,February,B,N,M,43,True,False,West Haven,kimberly ave bridge,  ,  ,E,G,1.0,0,14-18(a),,False,N,False,False,V,,,,,False,1.0,CT0015600,133865523738830837,2025-02-26 00:47:57.873000,00:47:57.873000,2025,14-12(a)(2),,Display of Plates,2025
2025-03-15 18:46:16.293000,7301801.0,CT0015600,West Haven,Racial Profile,1000626,2500009660,Incident ID,2025-02-26 00:00:00,February,B,N,M,57,True,False,WEST HAVEN,Quigley Stadium,  ,  ,V,G,1.0,0,14-12(a)*,,False,N,False,False,V,,,,,False,1.0,CT0015600,133865523738830837,2025-02-26 12:51:06.770000,12:51:06.770000,2025,14-12(a)*,,Registration,2025
2025-03-15 18:46:16.233000,7301780.0,CT0015600,West Haven,Racial Profile,1000614,2500009704,Incident ID,2025-02-26 00:00:00,February,W,N,M,40,True,False,West Haven,Boston Post Road,  ,  ,V,G,1.0,0,14-12(a),,False,N,False,False,V,,,,,False,1.0,CT0015600,133865523738830837,2025-02-26 17:33:24.220000,17:33:24.220000,2025,,,Registration,2025
2025-03-15 18:46:16.283000,7301797.0,CT0015600,West Haven,Racial Profile,1000625,2500009561,Incident ID,2025-02-26 00:00:00,February,B,N,M,26,True,False,West Haven,Forest Road/Orange Terrace,  ,  ,E,B,1.0,0,14-96c,,False,N,False,False,V,,,,,False,1.0,CT0015600,133865523738830837,2025-02-26 00:57:23.440000,00:57:23.440000,2025,,,Defective Lights,2025
2025-03-15 18:46:15.987000,7301712.0,CT0015600,West Haven,Racial Profile,1231,2500009715,Incident ID,2025-02-26 00:00:00,February,B,N,F,31,True,False,West Haven,Boston Post Road/Horton Place,  ,  ,V,G,1.0,0,14-12(a)*,,False,N,False,False,V,,,,,False,1.0,CT0015600,133865523738830837,2025-02-26 20:27:21.413000,20:27:21.413000,2025,14-12(a)*,,Registration,2025
2025-03-15 18:46:16.350000,7301821.0,CT0015600,West Haven,Racial Profile,1000661,2500009656,Incident ID,2025-02-26 00:00:00,February,W,H,M,45,True,False,West Haven,Washington ave/ Smith St,  ,  ,V,G,1.0,0,14-301,,False,N,False,False,V,,,,,False,1.0,CT0015600,133865523738830837,2025-02-26 12:19:37.080000,12:19:37.080000,2025,14-301,,Stop Sign,2025
2025-03-15 18:46:15.947000,7301698.0,CT0015600,West Haven,Racial Profile,1128,2500009566,Incident ID,2025-02-26 00:00:00,February,B,N,F,30,True,False,West Haven,Campbell Ave,  ,  ,E,G,1.0,0,14-96,,False,N,False,False,V,,,,,False,1.0,CT0015600,133865523738830837,2025-02-26 01:16:18.937000,01:16:18.937000,2025,14-96,,Defective Lights,2025
2025-03-15 18:46:16.003000,7301717.0,CT0015600,West Haven,Racial Profile,1000331,2500009671,Incident ID,2025-02-26 00:00:00,February,W,N,M,43,True,False,West Haven,Campbell Avenue X Elm Street,  ,  ,V,G,1.0,0,14-299,,False,N,False,False,V,,,,,False,1.0,CT0015600,133865523738830837,2025-02-26 13:57:45.913000,13:57:45.913000,2025,,,Traffic Control Signal,2025
2025-03-15 18:46:16.273000,7301793.0,CT0015600,West Haven,Racial Profile,1000615,2500009662,Incident ID,2025-02-26 00:00:00,February,W,H,M,41,True,True,West Haven,Brown/ Union ,  ,  ,V,G,1.0,0,14-301,,False,N,False,False,V,,,,,False,1.0,CT0015600,133865523738830837,2025-02-26 12:53:19.743000,12:53:19.743000,2025,14-301,,Stop Sign,2025
2025-03-15 18:46:16.277000,7301794.0,CT0015600,West Haven,Racial Profile,1000616,2500009572,Incident ID,2025-02-26 00:00:00,February,W,H,M,27,True,True,West Haven,campbell ave,  ,  ,V,G,3.0,1,14-236,,False,N,False,True,M,,,,,False,1.0,CT0015600,133865523738830837,2025-02-26 01:40:55.130000,01:40:55.130000,2025,38a-371,,Moving Violation,2025
2025-03-15 18:46:16.367000,7301827.0,CT0015600,West Haven,Racial Profile,1000675,2500009568,Incident ID,2025-02-26 00:00:00,February,W,H,F,38,True,False,West Haven,Boston Post Road/ Taft Ave,  ,  ,V,G,1.0,0,14-12(a)*,,False,N,False,False,V,,,,,False,1.0,CT0015600,133865523738830837,2025-02-26 01:27:22.960000,01:27:22.960000,2025,,,Registration,2025
2025-03-15 18:46:16.067000,7301739.0,CT0015600,West Haven,Racial Profile,1000549,2500009772,Incident ID,2025-02-27 00:00:00,February,W,H,M,49,True,True,WEST HAVEN,elm / kimberly,  ,  ,V,G,1.0,0,14-301,,False,N,False,False,V,,,,,False,1.0,CT0015600,133865523738830837,2025-02-27 02:36:37.763000,02:36:37.763000,2025,,,Stop Sign,2025
2025-03-15 18:46:16.197000,7301769.0,CT0015600,West Haven,Racial Profile,1000602,2500009930,Incident ID,2025-02-27 00:00:00,February,B,N,M,48,True,False,West Haven,elm street,  ,  ,V,G,2.0,1,14-147(a),,True,I,True,False,M,,,,,False,1.0,CT0015600,133865523738830837,2025-02-27 21:39:59.900000,21:39:59.900000,2025,,,Administrative Offense,2025
2025-03-15 18:46:16.063000,7301738.0,CT0015600,West Haven,Racial Profile,1000549,2500009769,Incident ID,2025-02-27 00:00:00,February,B,N,M,32,True,False,West Haven,first / main,  ,  ,V,G,1.0,0,14-301,,False,N,False,False,V,,,,,False,1.0,CT0015600,133865523738830837,2025-02-27 01:48:30.540000,01:48:30.540000,2025,14-215(a),,Stop Sign,2025
2025-03-15 18:46:16.070000,7301740.0,CT0015600,West Haven,Racial Profile,1000549,2500009776,Incident ID,2025-02-27 00:00:00,February,W,H,M,46,True,True,West Haven,union / center,  ,  ,V,G,1.0,0,14-239(a),,False,N,False,False,V,,,,,False,1.0,CT0015600,133865523738830837,2025-02-27 03:14:35.313000,03:14:35.313000,2025,,,Moving Violation,2025
2025-03-15 18:46:16.047000,7301732.0,CT0015600,West Haven,Racial Profile,1000539,2500009817,Incident ID,2025-02-27 00:00:00,February,W,N,F,34,True,True,West Haven,forest/paul,  ,  ,V,G,1.0,0,14-296aa(b),,False,N,False,False,V,,,,,False,1.0,CT0015600,133865523738830837,2025-02-27 09:13:12.580000,09:13:12.580000,2025,,,Cell Phone,2025
2025-03-15 18:46:16.060000,7301737.0,CT0015600,West Haven,Racial Profile,1000549,2500009765,Incident ID,2025-02-27 00:00:00,February,B,N,M,58,True,False,West Haven,brown / third,  ,  ,I,G,1.0,0,14-12(a)*,,False,N,False,False,V,,,,,False,1.0,CT0015600,133865523738830837,2025-02-27 01:25:35.957000,01:25:35.957000,2025,,,Registration,2025
2025-03-15 18:46:16.090000,7301747.0,CT0015600,West Haven,Racial Profile,1000561,2500009916,Incident ID,2025-02-27 00:00:00,February,B,N,M,27,False,False,West Haven,Elm/Sawmill,  ,  ,V,G,1.0,0,23-4-B3,,False,N,False,False,V,,,,,False,1.0,CT0015600,133865523738830837,2025-02-27 19:58:33.307000,19:58:33.307000,2025,23-4-B3,,Other,2025
2025-03-15 18:46:16.193000,7301768.0,CT0015600,West Haven,Racial Profile,1000602,2500009842,Incident ID,2025-02-27 00:00:00,February,W,N,M,58,True,False,West Haven,kelsey avenmue,  ,  ,I,G,1.0,0,53a-181,,False,N,False,False,V,,,,,False,1.0,CT0015600,133865523738830837,2025-02-27 11:45:20.760000,11:45:20.760000,2025,,,Other,2025
2025-03-15 18:46:16.303000,7301805.0,CT0015600,West Haven,Racial Profile,1000637,2500009900,Incident ID,2025-02-27 00:00:00,February,B,N,M,55,True,True,West Haven,Elm St./ Union Ave.,  ,  ,V,G,1.0,1,14-12(a)*,,True,I,False,False,I,,,,,False,1.0,CT0015600,133865523738830837,2025-02-27 18:10:32.550000,18:10:32.550000,2025,,,Registration,2025
2025-03-15 18:46:16.077000,7301743.0,CT0015600,West Haven,Racial Profile,1000549,2500009988,Incident ID,2025-02-28 00:00:00,February,B,N,M,61,True,True,West Haven,brown / peck,  ,  ,V,G,1.0,0,14-301,,False,N,False,False,V,,,,,False,1.0,CT0015600,133865523738830837,2025-02-28 04:10:50.930000,04:10:50.930000,2025,,,Stop Sign,2025
2025-03-15 18:46:16.070000,7301741.0,CT0015600,West Haven,Racial Profile,1000549,2500009974,Incident ID,2025-02-28 00:00:00,February,W,H,M,26,True,False,West Haven,white / second,  ,  ,V,G,1.0,0,14-301,,False,N,False,False,V,,,,,False,1.0,CT0015600,133865523738830837,2025-02-28 01:53:50.060000,01:53:50.060000,2025,14-215,,Stop Sign,2025
2025-03-15 18:46:16.073000,7301742.0,CT0015600,West Haven,Racial Profile,1000549,2500009983,Incident ID,2025-02-28 00:00:00,February,B,N,M,56,False,False,West Haven,saw mill / meloy,  ,  ,V,G,1.0,0,14-29,,False,N,False,False,V,,,,,False,1.0,CT0015600,133865523738830837,2025-02-28 03:01:16.793000,03:01:16.793000,2025,,,Other,2025
2025-03-15 18:46:16.307000,7301806.0,CT0015600,West Haven,Racial Profile,1000637,2500010104,Incident ID,2025-02-28 00:00:00,February,W,N,F,27,True,False,WEST HAVEN,Saw Mill Road/ I-95S on ramp,  ,  ,V,G,1.0,0,14-299,,False,N,False,False,V,,,,,False,1.0,CT0015600,133865523738830837,2025-02-28 18:30:55.640000,18:30:55.640000,2025,,,Traffic Control Signal,2025
2025-03-15 18:46:16.360000,7301825.0,CT0015600,West Haven,Racial Profile,1000673,2500009977,Incident ID,2025-02-28 00:00:00,February,W,N,M,61,True,True,West Haven,Peck Ave,  ,  ,V,G,1.0,0,14-215,,False,N,False,False,V,,,,,False,1.0,CT0015600,133865523738830837,2025-02-28 02:12:45.133000,02:12:45.133000,2025,,,Administrative Offense,2025
2025-03-15 18:46:16.050000,7301733.0,CT0015600,West Haven,Racial Profile,1000539,2500010059,Incident ID,2025-02-28 00:00:00,February,W,H,M,53,True,False,West Haven,forest/ocean,  ,  ,V,G,1.0,0,14-296aa(b),,False,N,False,False,V,,,,,False,1.0,CT0015600,133865523738830837,2025-02-28 13:30:28.257000,13:30:28.257000,2025,,,Cell Phone,2025
2025-03-15 18:46:16.310000,7301807.0,CT0015600,West Haven,Racial Profile,1000637,2500010111,Incident ID,2025-02-28 00:00:00,February,W,H,M,36,True,True,West Haven,Campbell Avenue/ Washington Avenue,  ,  ,V,G,3.0,1,14-12(a)*,,True,I,False,False,I,,,,,False,1.0,CT0015600,133865523738830837,2025-02-28 19:23:38.077000,19:23:38.077000,2025,14-147(c),,Registration,2025
2025-03-15 18:46:15.963000,7301703.0,CT0015600,West Haven,Racial Profile,1155,2500010108,Incident ID,2025-02-28 00:00:00,February,W,N,M,65,True,True,West Haven,railroad ave/aillings crossing,  ,  ,V,G,1.0,0,14-299,,False,N,False,False,V,,,,,False,1.0,CT0015600,133865523738830837,2025-02-28 19:16:30.467000,19:16:30.467000,2025,,,Traffic Control Signal,2025
2025-03-15 18:46:16.390000,7301836.0,CT0015600,West Haven,Racial Profile,1000697,2500010114,Incident ID,2025-02-28 00:00:00,February,B,N,M,44,True,True,West Haven,ELM ST / WASHINGTON AVE,  ,  ,V,G,1.0,0,14-96b,,False,N,False,False,V,,,,,False,1.0,CT0015600,133865523738830837,2025-02-28 19:43:42.883000,19:43:42.883000,2025,,,Defective Lights,2025
2025-03-15 18:46:15.967000,7301704.0,CT0015600,West Haven,Racial Profile,1155,2500010120,Incident ID,2025-02-28 00:00:00,February,B,N,M,65,True,False,West Haven,captain thomas/campbell ave,  ,  ,V,G,1.0,0,14-299,,False,N,False,False,V,,,,,False,1.0,CT0015600,133865523738830837,2025-02-28 20:26:55.037000,20:26:55.037000,2025,,,Traffic Control Signal,2025
2025-03-15 18:46:16.347000,7301819.0,CT0015600,West Haven,Racial Profile,1000658,2500010061,Incident ID,2025-02-28 00:00:00,February,W,N,M,35,True,True,West Haven,CAMPBELL AVE,  ,  ,V,G,1.0,0,14-236,,False,N,False,False,V,,,,,False,1.0,CT0015600,133865523738830837,2025-02-28 13:52:22.367000,13:52:22.367000,2025,,,Moving Violation,2025
2025-03-15 18:46:16.357000,7301823.0,CT0015600,West Haven,Racial Profile,1000666,2500010122,Incident ID,2025-02-28 00:00:00,February,W,H,M,30,True,True,West Haven,Saw Mill/ Hood Terrace ,  ,  ,V,G,1.0,0,14-242,,False,N,False,False,V,,,,,False,1.0,CT0015600,133865523738830837,2025-02-28 20:33:26.480000,20:33:26.480000,2025,14-242,,Moving Violation,2025
2025-03-15 18:46:15.950000,7301699.0,CT0015600,West Haven,Racial Profile,1128,2500009971,Incident ID,2025-02-28 00:00:00,February,B,N,M,32,True,False,West Haven,Campbell / Abne,  ,  ,E,G,1.0,0,14-96,,False,N,False,False,V,,,,,False,1.0,CT0015600,133865523738830837,2025-02-28 01:43:14.203000,01:43:14.203000,2025,14-96,,Defective Lights,2025
2025-03-15 18:46:15.953000,7301700.0,CT0015600,West Haven,Racial Profile,1128,2500009975,Incident ID,2025-02-28 00:00:00,February,B,N,M,24,True,False,West Haven,BPR/Front Ave,  ,  ,E,G,1.0,0,14-96,,False,N,False,False,V,,,,,False,1.0,CT0015600,133865523738830837,2025-02-28 02:00:44.173000,02:00:44.173000,2025,14-96,,Defective Lights,2025
2025-03-15 18:46:16.087000,7301745.0,CT0015600,West Haven,Racial Profile,1000559,2500010107,Incident ID,2025-02-28 00:00:00,February,W,H,M,42,True,False,West Haven,Washington Avenue / Beach Street,  ,  ,V,G,1.0,0,14-147(c),,False,N,False,False,V,,,,,False,1.0,CT0015600,133865523738830837,2025-02-28 19:14:16.240000,19:14:16.240000,2025,,,Administrative Offense,2025
2025-03-15 18:46:16.100000,7301748.0,CT0015600,West Haven,Racial Profile,1000561,2500010137,Incident ID,2025-02-28 00:00:00,February,B,N,F,19,True,True,West Haven,Jones Hill Rd/Woodmont Rd,  ,  ,V,G,1.0,0,14-299,,False,N,False,False,V,,,,,False,1.0,CT0015600,133865523738830837,2025-02-28 21:38:40.937000,21:38:40.937000,2025,14-299,,Traffic Control Signal,2025
2025-03-15 18:46:16.280000,7301796.0,CT0015600,West Haven,Racial Profile,1000619,2500010123,Incident ID,2025-02-28 00:00:00,February,W,N,M,72,True,True,WEST HAVEN,Captain Thomas Blvd/Platt Ave,  ,  ,V,G,1.0,0,14-12(a),,False,N,False,False,V,,,,,False,1.0,CT0015600,133865523738830837,2025-02-28 20:38:46.247000,20:38:46.247000,2025,,,Registration,2025
2025-03-15 18:46:16.313000,7301808.0,CT0015600,West Haven,Racial Profile,1000652,2500010021,Incident ID,2025-02-28 00:00:00,February,B,M,F,44,True,True,WEST HAVEN,route 34 westbound/ east bound ,  ,  ,V,G,1.0,0,14-298,,False,N,False,False,V,,,,,False,1.0,CT0015600,133865523738830837,2025-02-28 08:35:28.380000,08:35:28.380000,2025,14-298,,STC Violation,2025
2025-03-15 18:46:16.367000,7301828.0,CT0015600,West Haven,Racial Profile,1000675,2500009972,Incident ID,2025-02-28 00:00:00,February,W,H,M,19,True,False,West Haven,savin/court,  ,  ,V,G,1.0,0,14-12(a)*,,False,N,False,False,V,,,,,False,1.0,CT0015600,133865523738830837,2025-02-28 01:46:15.880000,01:46:15.880000,2025,,,Registration,2025
2025-03-15 18:46:16.370000,7301829.0,CT0015600,West Haven,Racial Profile,1000687,2500009979,Incident ID,2025-02-28 00:00:00,February,W,M,F,74,True,True,WEST HAVEN,Meloy Rd/Boston Post Rd.,  ,  ,E,G,1.0,0,14-96b,,False,N,False,False,V,,,,,False,1.0,CT0015600,133865523738830837,2025-02-28 02:34:49.020000,02:34:49.020000,2025,14-96b,,Defective Lights,2025
2025-04-15 18:42:06.760000,7360021.0,CT0015600,West Haven,Racial Profile,1000600,2500010166,Incident ID,2025-03-01 00:00:00,March,B,N,F,41,True,False,West Haven,Elm St./ Kimberly Ave. ,  ,  ,V,G,1.0,0,14-232(1),,False,N,False,False,N,,,,,False,1.0,CT0015600,133892305216427123,2025-03-01 00:53:10.697000,00:53:10.697000,2025,,,Moving Violation,2025
2025-04-15 18:42:07.137000,7360136.0,CT0015600,West Haven,Racial Profile,1000697,2500010301,Incident ID,2025-03-01 00:00:00,March,W,N,M,47,True,False,WEST HAVEN,Meloy Rd ,  ,  ,V,G,3.0,1,14-236,,False,N,False,False,I,,,,,False,1.0,CT0015600,133892305216427123,2025-03-01 20:41:45.043000,20:41:45.043000,2025,14-236,,Moving Violation,2025
2025-04-15 18:42:06.843000,7360051.0,CT0015600,West Haven,Racial Profile,1000614,2500010286,Incident ID,2025-03-01 00:00:00,March,W,N,M,19,True,False,West Haven,Center Street,  ,  ,V,G,2.0,1,14-12(a),,False,N,False,False,V,,,,,False,1.0,CT0015600,133892305216427123,2025-03-01 18:01:49.737000,18:01:49.737000,2025,14-213b,,Registration,2025
2025-04-15 18:42:06.717000,7360011.0,CT0015600,West Haven,Racial Profile,1000559,2500010156,Incident ID,2025-03-01 00:00:00,March,B,N,F,25,True,False,West Haven,Campbell Avenue / Main Street,  ,  ,V,G,1.0,0,14-12(a)*,,False,N,False,False,V,,,,,False,1.0,CT0015600,133892305216427123,2025-03-01 00:12:59.703000,00:12:59.703000,2025,,,Registration,2025
2025-04-15 18:42:06.900000,7360070.0,CT0015600,West Haven,Racial Profile,1000621,2500010238,Incident ID,2025-03-01 00:00:00,March,B,N,M,70,True,True,West Haven,Elm Street/Third Avenue,  ,  ,I,G,1.0,0,14-12(a)*,,False,N,False,False,V,,,,,False,1.0,CT0015600,133892305216427123,2025-03-01 11:59:57.403000,11:59:57.403000,2025,,,Registration,2025
2025-04-15 18:42:06.973000,7360093.0,CT0015600,West Haven,Racial Profile,1000652,2500010396,Incident ID,2025-03-02 00:00:00,March,W,H,M,69,True,True,West Haven,Post Rd E/B/ Pruden,  ,  ,V,G,1.0,1,14-12(a)*,,False,N,False,False,I,,,,,False,1.0,CT0015600,133892305216427123,2025-03-02 10:03:20.287000,10:03:20.287000,2025,14-13,,Registration,2025
2025-04-15 18:42:06.600000,7359987.0,CT0015600,West Haven,Racial Profile,1000331,2500010390,Incident ID,2025-03-02 00:00:00,March,W,N,F,66,True,False,West Haven,IFO 460 Elm Street,  ,  ,V,G,1.0,0,14-299,,False,N,False,False,I,,,,,False,1.0,CT0015600,133892305216427123,2025-03-02 08:36:16.237000,08:36:16.237000,2025,,,Traffic Control Signal,2025
2025-04-15 18:42:06.750000,7360017.0,CT0015600,West Haven,Racial Profile,1000582,2500010349,Incident ID,2025-03-02 00:00:00,March,W,H,M,35,True,False,West Haven,Beach/ East,  ,  ,V,G,1.0,0,14-12(a)*,,False,N,False,False,V,,,,,False,1.0,CT0015600,133892305216427123,2025-03-02 02:04:30.443000,02:04:30.443000,2025,14-12(a)*,,Registration,2025
2025-04-15 18:42:06.907000,7360073.0,CT0015600,West Haven,Racial Profile,1000626,2500010399,Incident ID,2025-03-02 00:00:00,March,W,N,F,42,True,False,WEST HAVEN,931 cAMPBELL aVENUE,  ,  ,V,G,1.0,0,14-12(a),,False,N,False,False,I,,,,,False,1.0,CT0015600,133892305216427123,2025-03-02 10:41:25.033000,10:41:25.033000,2025,14-12(a),,Registration,2025
2025-04-15 18:42:06.553000,7359972.0,CT0015600,West Haven,Racial Profile,1155,2500010456,Incident ID,2025-03-02 00:00:00,March,B,N,M,23,True,False,West Haven,bull hill/knight lane,  ,  ,V,G,2.0,0,14-241,,False,N,False,False,I,,,,,False,1.0,CT0015600,133892305216427123,2025-03-02 19:37:03.590000,19:37:03.590000,2025,14-41(d),,Moving Violation,2025
2025-04-15 18:42:06.680000,7360002.0,CT0015600,West Haven,Racial Profile,1000539,2500010549,Incident ID,2025-03-03 00:00:00,March,B,N,M,24,True,False,West Haven,Boston Post/Wade,  ,  ,V,G,2.0,1,14-12(a)*,,False,N,False,True,U,,,,,False,1.0,CT0015600,133892305216427123,2025-03-03 11:40:16.863000,11:40:16.863000,2025,38a-371,,Registration,2025
2025-04-15 18:42:06.763000,7360022.0,CT0015600,West Haven,Racial Profile,1000600,2500010658,Incident ID,2025-03-04 00:00:00,March,B,N,M,36,True,False,West Haven,Lamson Street/ First Avenue ,  ,  ,V,G,1.0,0,14-239(a),,False,N,False,False,V,,,,,False,1.0,CT0015600,133892305216427123,2025-03-04 01:43:37.930000,01:43:37.930000,2025,,,Moving Violation,2025
2025-04-15 18:42:07.090000,7360125.0,CT0015600,West Haven,Racial Profile,1000688,2500010712,Incident ID,2025-03-04 00:00:00,March,W,H,M,27,True,False,West Haven,DAYTONA ST/ SMYRNA,  ,  ,V,G,1.0,1,38a-371,,False,N,False,False,M,,,,,False,1.0,CT0015600,133892305216427123,2025-03-04 10:56:10.550000,10:56:10.550000,2025,38a-371,,Other,2025
2025-04-15 18:42:06.997000,7360099.0,CT0015600,West Haven,Racial Profile,1000658,2500010733,Incident ID,2025-03-04 00:00:00,March,B,N,M,24,True,False,West Haven,POST RD,  ,  ,V,G,1.0,0,14-218a,,False,N,False,False,V,,,,,False,1.0,CT0015600,133892305216427123,2025-03-04 13:46:56.133000,13:46:56.133000,2025,,,Speed Related,2025
2025-04-15 18:42:06.950000,7360084.0,CT0015600,West Haven,Racial Profile,1000637,2500010776,Incident ID,2025-03-04 00:00:00,March,B,N,F,27,True,False,West Haven,Boston Post Rd/ Atwater St.,  ,  ,V,G,1.0,0,14-36(a),,False,N,False,False,I,,,,,False,1.0,CT0015600,133892305216427123,2025-03-04 18:53:56.273000,18:53:56.273000,2025,,,Unlicensed Operation,2025
2025-04-15 18:42:06.993000,7360098.0,CT0015600,West Haven,Racial Profile,1000658,2500010710,Incident ID,2025-03-04 00:00:00,March,W,H,F,25,True,False,West Haven,POST RD,  ,  ,V,G,1.0,1,14-12(a)*,,True,I,False,False,I,,,,,False,1.0,CT0015600,133892305216427123,2025-03-04 10:50:45.450000,10:50:45.450000,2025,,,Registration,2025
2025-04-15 18:42:06.983000,7360097.0,CT0015600,West Haven,Racial Profile,1000658,2500010708,Incident ID,2025-03-04 00:00:00,March,B,N,M,43,True,True,West Haven,149 CANTON ST,  ,  ,V,G,1.0,0,14-147(c),,False,N,False,False,V,,,,,False,1.0,CT0015600,133892305216427123,2025-03-04 10:40:52.687000,10:40:52.687000,2025,14-147(c),,Administrative Offense,2025
2025-04-15 18:42:06.563000,7359975.0,CT0015600,West Haven,Racial Profile,1162,2500010705,Incident ID,2025-03-04 00:00:00,March,B,N,F,66,True,False,West Haven,campbell/george,  ,  ,V,G,1.0,0,14-12(a)*,,False,N,False,False,V,,,,,False,1.0,CT0015600,133892305216427123,2025-03-04 10:10:05.670000,10:10:05.670000,2025,,,Registration,2025
2025-04-15 18:42:06.857000,7360055.0,CT0015600,West Haven,Racial Profile,1000615,2500010891,Incident ID,2025-03-05 00:00:00,March,W,H,F,29,True,True,West Haven,Third/ Main ,  ,  ,V,G,1.0,0,14-301,,False,N,False,False,V,,,,,False,1.0,CT0015600,133892305216427123,2025-03-05 10:20:28.603000,10:20:28.603000,2025,14-301,,Stop Sign,2025
2025-04-15 18:42:06.860000,7360056.0,CT0015600,West Haven,Racial Profile,1000615,2500010892,Incident ID,2025-03-05 00:00:00,March,W,H,M,20,True,True,West Haven,East Brown/ Second Avenue ,  ,  ,V,G,1.0,0,14-301,,False,N,False,False,V,,,,,False,1.0,CT0015600,133892305216427123,2025-03-05 10:31:34.393000,10:31:34.393000,2025,14-301,,Stop Sign,2025
2025-04-15 18:42:06.680000,7360003.0,CT0015600,West Haven,Racial Profile,1000549,2500010843,Incident ID,2025-03-05 00:00:00,March,W,H,M,44,True,True,West Haven,campbell / main,  ,  ,E,G,1.0,0,14-147,,False,N,False,False,V,,,,,False,1.0,CT0015600,133892305216427123,2025-03-05 04:33:47.723000,04:33:47.723000,2025,38a-371,,Administrative Offense,2025
2025-04-15 18:42:06.867000,7360058.0,CT0015600,West Haven,Racial Profile,1000615,2500010896,Incident ID,2025-03-05 00:00:00,March,B,N,M,54,True,True,West Haven,Campbell/ Main,  ,  ,V,G,1.0,0,14-18(c),,False,N,False,False,V,,,,,False,1.0,CT0015600,133892305216427123,2025-03-05 11:00:12.157000,11:00:12.157000,2025,14-18(c),,Display of Plates,2025
2025-04-15 18:42:06.870000,7360059.0,CT0015600,West Haven,Racial Profile,1000615,2500010903,Incident ID,2025-03-05 00:00:00,March,W,H,M,30,True,False,West Haven,Campbell/ Main ,  ,  ,E,G,2.0,1,14-18(c),,False,N,False,True,U,,,,,False,1.0,CT0015600,133892305216427123,2025-03-05 11:55:28.290000,11:55:28.290000,2025,38a-371,,Display of Plates,2025
2025-04-15 18:42:07,7360100.0,CT0015600,West Haven,Racial Profile,1000658,2500010884,Incident ID,2025-03-05 00:00:00,March,W,H,M,30,True,True,West Haven,campbell ave @ alling st,  ,  ,V,G,2.0,1,14-147(a),,True,I,False,False,M,,,,,False,1.0,CT0015600,133892305216427123,2025-03-05 09:23:08.210000,09:23:08.210000,2025,14-147(a),,Administrative Offense,2025
2025-04-15 18:42:06.600000,7359986.0,CT0015600,West Haven,Racial Profile,1224,2500010964,Incident ID,2025-03-05 00:00:00,March,W,H,M,40,True,True,West Haven,campbell ave,  ,  ,V,G,1.0,1,14-12,,False,N,False,False,V,,,,,False,1.0,CT0015600,133892305216427123,2025-03-05 19:51:29.187000,19:51:29.187000,2025,14-12,,Registration,2025
2025-04-15 18:42:07.047000,7360113.0,CT0015600,West Haven,Racial Profile,1000675,2500010830,Incident ID,2025-03-05 00:00:00,March,W,N,F,31,False,False,West Haven,Boston Post/Taft,  ,  ,V,G,1.0,0,14-147,,False,N,False,False,V,,,,,False,1.0,CT0015600,133892305216427123,2025-03-05 00:51:57.700000,00:51:57.700000,2025,,,Administrative Offense,2025
2025-04-15 18:42:06.863000,7360057.0,CT0015600,West Haven,Racial Profile,1000615,2500010895,Incident ID,2025-03-05 00:00:00,March,W,N,F,23,True,True,West Haven,Brown/ Thrid ,  ,  ,V,G,1.0,0,14-301,,False,N,False,False,V,,,,,False,1.0,CT0015600,133892305216427123,2025-03-05 10:39:50.617000,10:39:50.617000,2025,14-301,,Stop Sign,2025
2025-04-15 18:42:06.550000,7359971.0,CT0015600,West Haven,Racial Profile,1135,2500010828,Incident ID,2025-03-05 00:00:00,March,W,H,F,37,True,True,West Haven,Campbell & York,  ,  ,V,G,1.0,0,12-299,,False,N,False,False,V,,,,,False,1.0,CT0015600,133892305216427123,2025-03-05 00:42:00.573000,00:42:00.573000,2025,14-299,,Other,2025
2025-04-15 18:42:06.587000,7359982.0,CT0015600,West Haven,Racial Profile,1200,2500010898,Incident ID,2025-03-05 00:00:00,March,W,H,M,43,True,False,WEST HAVEN,highland & harry,  ,  ,V,G,2.0,1,14-243(a),,True,I,False,False,M,,,,,False,1.0,CT0015600,133892305216427123,2025-03-05 11:06:40.523000,11:06:40.523000,2025,38a-371,,Moving Violation,2025
2025-04-15 18:42:07.140000,7360137.0,CT0015600,West Haven,Racial Profile,1000697,2500010910,Incident ID,2025-03-05 00:00:00,March,W,H,M,21,True,True,WEST HAVEN,Saw Mill Rd,  ,  ,V,G,1.0,0,14-299,,False,N,False,False,V,,,,,False,1.0,CT0015600,133892305216427123,2025-03-05 12:51:29.610000,12:51:29.610000,2025,,,Traffic Control Signal,2025
2025-04-15 18:42:06.677000,7360001.0,CT0015600,West Haven,Racial Profile,1000333,2500011091,Incident ID,2025-03-06 00:00:00,March,B,N,F,44,True,True,West Haven,Meloy & Eileen ,  ,  ,V,G,1.0,0,14-299,,False,N,False,False,V,,,,,False,1.0,CT0015600,133892305216427123,2025-03-06 13:03:37.143000,13:03:37.143000,2025,,,Traffic Control Signal,2025
2025-04-15 18:42:06.780000,7360028.0,CT0015600,West Haven,Racial Profile,1000602,2500011151,Incident ID,2025-03-06 00:00:00,March,W,H,M,25,True,True,West Haven,brown street,  ,  ,V,G,1.0,0,14-147(c),,False,N,False,False,V,,,,,False,1.0,CT0015600,133892305216427123,2025-03-06 20:53:04.947000,20:53:04.947000,2025,,,Administrative Offense,2025
2025-04-15 18:42:06.777000,7360027.0,CT0015600,West Haven,Racial Profile,1000602,2500011083,Incident ID,2025-03-06 00:00:00,March,W,H,M,19,True,False,West Haven,wagner place,  ,  ,V,G,2.0,1,14-147(c),,True,I,False,False,M,,,,,False,1.0,CT0015600,133892305216427123,2025-03-06 12:07:46.750000,12:07:46.750000,2025,14-147(a),,Administrative Offense,2025
2025-04-15 18:42:06.920000,7360077.0,CT0015600,West Haven,Racial Profile,1000636,2500011013,Incident ID,2025-03-06 00:00:00,March,W,H,M,22,True,False,WEST HAVEN,post rd in front of DQ,  ,  ,I,G,1.0,0,14-12(a),,False,N,False,False,V,,,,,False,1.0,CT0015600,133892305216427123,2025-03-06 01:21:55.880000,01:21:55.880000,2025,,,Registration,2025
2025-04-15 18:42:07.037000,7360110.0,CT0015600,West Haven,Racial Profile,1000661,2500011056,Incident ID,2025-03-06 00:00:00,March,W,N,F,39,False,False,West Haven,Washington Ave/ Smith St,  ,  ,V,G,1.0,0,14-301,,False,N,False,False,V,,,,,False,1.0,CT0015600,133892305216427123,2025-03-06 09:15:32.867000,09:15:32.867000,2025,14-301,,Stop Sign,2025
2025-04-15 18:42:06.910000,7360074.0,CT0015600,West Haven,Racial Profile,1000626,2500011072,Incident ID,2025-03-06 00:00:00,March,B,N,M,44,True,False,West Haven,820 First Avenue,  ,  ,V,G,1.0,0,14-147(c),,False,N,False,False,I,,,,,False,1.0,CT0015600,133892305216427123,2025-03-06 10:43:36.957000,10:43:36.957000,2025,14-12(a)*,,Administrative Offense,2025
2025-04-15 18:42:06.977000,7360094.0,CT0015600,West Haven,Racial Profile,1000652,2500011055,Incident ID,2025-03-06 00:00:00,March,B,N,M,62,True,True,WEST HAVEN,post rd/ pea body,  ,  ,V,G,2.0,1,14-12(a)*,,False,N,False,True,M,,,,,False,1.0,CT0015600,133892305216427123,2025-03-06 09:04:50.770000,09:04:50.770000,2025,38a-271,,Registration,2025
2025-04-15 18:42:06.580000,7359980.0,CT0015600,West Haven,Racial Profile,1190,2500011044,Incident ID,2025-03-06 00:00:00,March,B,N,F,17,True,True,West Haven,146 east  ave,  ,  ,E,G,2.0,1,14-36(a),,True,I,False,True,I,,,,,False,1.0,CT0015600,133892305216427123,2025-03-06 08:15:05.487000,08:15:05.487000,2025,14-36,,Unlicensed Operation,2025
2025-04-15 18:42:06.727000,7360012.0,CT0015600,West Haven,Racial Profile,1000559,2500011342,Incident ID,2025-03-07 00:00:00,March,W,N,M,60,True,False,West Haven,Eagle ,  ,  ,V,G,1.0,0,14-99g,,True,C,False,False,V,,,,,False,1.0,CT0015600,133892305216427123,2025-03-07 23:26:16.463000,23:26:16.463000,2025,,,Window Tint,2025
2025-04-15 18:42:07.153000,7360138.0,CT0015600,West Haven,Racial Profile,1000697,2500011257,Incident ID,2025-03-07 00:00:00,March,W,H,M,47,True,False,West Haven,Saw Mill Rd / Bull Hill Ln ,  ,  ,V,B,1.0,0,14-147,,False,N,False,False,V,,,,,False,1.0,CT0015600,133892305216427123,2025-03-07 11:26:57.747000,11:26:57.747000,2025,,,Administrative Offense,2025
2025-04-15 18:42:06.783000,7360029.0,CT0015600,West Haven,Racial Profile,1000602,2500011317,Incident ID,2025-03-07 00:00:00,March,B,N,M,50,True,True,West Haven,west spring st,  ,  ,V,G,1.0,0,14-12(a)*,,False,N,False,False,V,,,,,False,1.0,CT0015600,133892305216427123,2025-03-07 20:19:12.833000,20:19:12.833000,2025,,,Registration,2025
2025-04-15 18:42:06.917000,7360075.0,CT0015600,West Haven,Racial Profile,1000626,2500011266,Incident ID,2025-03-07 00:00:00,March,W,N,M,24,True,False,WEST HAVEN,200 Spring Street,  ,  ,V,G,1.0,1,38a-371,,False,N,False,True,M,,,,,False,1.0,CT0015600,133892305216427123,2025-03-07 12:47:14.680000,12:47:14.680000,2025,14-12(a)*,,Other,2025
2025-04-15 18:42:06.730000,7360013.0,CT0015600,West Haven,Racial Profile,1000559,2500011345,Incident ID,2025-03-08 00:00:00,March,B,N,F,20,True,False,West Haven,Elm Street / Ward Place,  ,  ,V,G,1.0,0,14-232(1),,False,N,False,False,V,,,,,False,1.0,CT0015600,133892305216427123,2025-03-08 00:13:11.777000,00:13:11.777000,2025,,,Moving Violation,2025
2025-04-15 18:42:06.923000,7360078.0,CT0015600,West Haven,Racial Profile,1000636,2500011351,Incident ID,2025-03-08 00:00:00,March,B,N,M,63,True,True,West Haven,campbell/ brown,  ,  ,I,G,1.0,0,14-36(a),,False,N,False,False,N,,,,,False,1.0,CT0015600,133892305216427123,2025-03-08 00:58:23.770000,00:58:23.770000,2025,,,Unlicensed Operation,2025
2025-04-15 18:42:06.950000,7360085.0,CT0015600,West Haven,Racial Profile,1000637,2500011487,Incident ID,2025-03-08 00:00:00,March,B,N,F,22,True,True,West Haven,savin ave/ court st,  ,  ,V,G,1.0,0,14-301,,False,N,False,False,V,,,,,False,1.0,CT0015600,133892305216427123,2025-03-08 19:30:11.140000,19:30:11.140000,2025,,,Stop Sign,2025
2025-04-15 18:42:07.003000,7360102.0,CT0015600,West Haven,Racial Profile,1000658,2500011441,Incident ID,2025-03-08 00:00:00,March,I,M,M,30,True,True,WEST HAVEN,first ave,  ,  ,V,G,1.0,0,14-298,,False,N,False,False,I,,,,,False,1.0,CT0015600,133892305216427123,2025-03-08 14:17:45.997000,14:17:45.997000,2025,14-100a(c)(1*,,STC Violation,2025
2025-04-15 18:42:06.517000,7359963.0,CT0015600,West Haven,Racial Profile,1128,2500011372,Incident ID,2025-03-08 00:00:00,March,B,N,F,44,True,False,WEST HAVEN,BPR,  ,  ,E,G,1.0,0,14-96,,False,N,False,False,V,,,,,False,1.0,CT0015600,133892305216427123,2025-03-08 03:03:34.067000,03:03:34.067000,2025,14-96,,Defective Lights,2025
2025-04-15 18:42:07,7360101.0,CT0015600,West Haven,Racial Profile,1000658,2500011410,Incident ID,2025-03-08 00:00:00,March,W,N,M,36,True,True,West Haven,campbell ave,  ,  ,V,G,1.0,0,14-12(a)*,,False,N,False,False,I,,,,,False,1.0,CT0015600,133892305216427123,2025-03-08 09:18:32.310000,09:18:32.310000,2025,,,Registration,2025
2025-04-15 18:42:06.687000,7360004.0,CT0015600,West Haven,Racial Profile,1000549,2500011369,Incident ID,2025-03-08 00:00:00,March,W,H,M,28,True,True,WEST HAVEN,34 bristol st,  ,  ,E,G,1.0,0,14-96a(a),,False,N,False,False,V,,,,,False,1.0,CT0015600,133892305216427123,2025-03-08 02:06:11.847000,02:06:11.847000,2025,14-36(a),,Defective Lights,2025
2025-04-15 18:42:06.767000,7360023.0,CT0015600,West Haven,Racial Profile,1000600,2500011364,Incident ID,2025-03-08 00:00:00,March,B,N,M,27,True,False,West Haven,Boston Post Rd./ Wade St. ,  ,  ,V,G,2.0,0,14-299,,False,N,False,False,I,,,,,False,1.0,CT0015600,133892305216427123,2025-03-08 01:40:49.427000,01:40:49.427000,2025,,,Traffic Control Signal,2025
2025-04-15 18:42:06.603000,7359988.0,CT0015600,West Haven,Racial Profile,1000331,2500011589,Incident ID,2025-03-09 00:00:00,March,W,N,M,24,True,False,West Haven,Savin Avenue X Capt Thomas Blvd,  ,  ,V,G,1.0,0,14-296aa(b),,False,N,False,False,V,,,,,False,1.0,CT0015600,133892305216427123,2025-03-09 10:40:53.580000,10:40:53.580000,2025,,,Cell Phone,2025
2025-04-15 18:42:06.527000,7359964.0,CT0015600,West Haven,Racial Profile,1128,2500011542,Incident ID,2025-03-09 00:00:00,March,B,N,M,51,True,False,West Haven,Campbell / william,  ,  ,V,G,1.0,0,14-96,,False,N,False,False,V,,,,,False,1.0,CT0015600,133892305216427123,2025-03-09 01:33:57.757000,01:33:57.757000,2025,14-96,,Defective Lights,2025
2025-04-15 18:42:06.610000,7359990.0,CT0015600,West Haven,Racial Profile,1000331,2500011790,Incident ID,2025-03-10 00:00:00,March,W,H,F,39,True,False,West Haven,Savin Avenue X Brown Street,  ,  ,V,G,1.0,0,14-219,,False,N,False,False,V,,,,,False,1.0,CT0015600,133892305216427123,2025-03-10 13:36:13.187000,13:36:13.187000,2025,,,Speed Related,2025
2025-04-15 18:42:06.607000,7359989.0,CT0015600,West Haven,Racial Profile,1000331,2500011739,Incident ID,2025-03-10 00:00:00,March,W,H,F,64,False,False,West Haven,Saw Mill Road X Railroad Avenue,  ,  ,V,G,1.0,0,14-296aa(b),,False,N,False,False,V,,,,,False,1.0,CT0015600,133892305216427123,2025-03-10 08:23:34.557000,08:23:34.557000,2025,,,Cell Phone,2025
2025-04-15 18:42:06.880000,7360063.0,CT0015600,West Haven,Racial Profile,1000616,2500011713,Incident ID,2025-03-10 00:00:00,March,B,N,M,28,True,False,West Haven,First Avenue,  ,  ,V,G,2.0,0,14-12(a),,False,N,False,False,V,,,,,False,1.0,CT0015600,133892305216427123,2025-03-10 02:24:33.650000,02:24:33.650000,2025,,,Registration,2025
2025-04-15 18:42:06.593000,7359984.0,CT0015600,West Haven,Racial Profile,1200,2500011789,Incident ID,2025-03-10 00:00:00,March,B,N,M,46,True,True,West Haven,CENTER & WASHINGTON,  ,  ,E,G,2.0,0,14-12(a)*,,True,O,False,False,M,,,,,False,1.0,CT0015600,133892305216427123,2025-03-10 13:16:30.750000,13:16:30.750000,2025,38a-371,,Registration,2025
2025-04-15 18:42:06.583000,7359981.0,CT0015600,West Haven,Racial Profile,1190,2500011746,Incident ID,2025-03-10 00:00:00,March,B,N,F,31,True,True,WEST HAVEN,campbell ave/ west spring st,  ,  ,E,G,2.0,1,38a-371,,True,I,False,True,M,,,,,False,1.0,CT0015600,133892305216427123,2025-03-10 09:14:30.727000,09:14:30.727000,2025,38a-371,,Other,2025
2025-04-15 18:42:06.590000,7359983.0,CT0015600,West Haven,Racial Profile,1200,2500011777,Incident ID,2025-03-10 00:00:00,March,W,H,M,35,False,False,WEST HAVEN,355 MAIN ST ,  ,  ,I,G,1.0,0,14-237,,False,N,False,False,V,,,,,False,1.0,CT0015600,133892305216427123,2025-03-10 11:44:59.603000,11:44:59.603000,2025,,,Moving Violation,2025
2025-04-15 18:42:06.787000,7360031.0,CT0015600,West Haven,Racial Profile,1000602,2500011946,Incident ID,2025-03-11 00:00:00,March,W,H,M,38,True,True,West Haven,elm street,  ,  ,V,G,2.0,0,14-147(a),,False,N,False,True,U,,,,,False,1.0,CT0015600,133892305216427123,2025-03-11 13:42:16.080000,13:42:16.080000,2025,,,Administrative Offense,2025
2025-04-15 18:42:06.783000,7360030.0,CT0015600,West Haven,Racial Profile,1000602,2500011936,Incident ID,2025-03-11 00:00:00,March,W,H,M,30,True,False,West Haven,second ave,  ,  ,V,G,2.0,1,14-147(c),,True,I,False,False,I,,,,,False,1.0,CT0015600,133892305216427123,2025-03-11 12:47:50.147000,12:47:50.147000,2025,38a-371,,Administrative Offense,2025
2025-04-15 18:42:06.613000,7359991.0,CT0015600,West Haven,Racial Profile,1000331,2500011894,Incident ID,2025-03-11 00:00:00,March,B,N,M,37,True,False,WEST HAVEN,Elm Street X Wagner Place,  ,  ,V,G,1.0,0,14-299,,False,N,False,False,V,,,,,False,1.0,CT0015600,133892305216427123,2025-03-11 07:37:08.820000,07:37:08.820000,2025,,,Traffic Control Signal,2025
2025-04-15 18:42:06.897000,7360069.0,CT0015600,West Haven,Racial Profile,1000620,2500012004,Incident ID,2025-03-11 00:00:00,March,W,N,F,17,True,False,West Haven,Railroad/Sawmill,  ,  ,V,G,1.0,0,14-299,,False,N,False,False,V,,,,,False,1.0,CT0015600,133892305216427123,2025-03-11 19:49:53.327000,19:49:53.327000,2025,14-299,,Traffic Control Signal,2025
2025-04-15 18:42:06.770000,7360024.0,CT0015600,West Haven,Racial Profile,1000600,2500011883,Incident ID,2025-03-11 00:00:00,March,W,N,M,18,True,False,West Haven,Stevens Ave./ Highland St. ,  ,  ,V,G,1.0,0,14-96a(a),,False,N,False,False,V,,,,,False,1.0,CT0015600,133892305216427123,2025-03-11 02:16:16.037000,02:16:16.037000,2025,,,Defective Lights,2025
2025-04-15 18:42:06.567000,7359977.0,CT0015600,West Haven,Racial Profile,1165,2500011881,Incident ID,2025-03-11 00:00:00,March,B,N,F,40,True,False,West Haven,west main & lake,  ,  ,E,G,1.0,0,14-96,,False,N,False,False,V,,,,,False,1.0,CT0015600,133892305216427123,2025-03-11 01:44:38.537000,01:44:38.537000,2025,,,Defective Lights,2025
2025-04-15 18:42:06.877000,7360061.0,CT0015600,West Haven,Racial Profile,1000615,2500011947,Incident ID,2025-03-11 00:00:00,March,W,N,F,58,True,True,West Haven,Brown/ Campbell ,  ,  ,V,G,1.0,0,14-232(a),,False,N,False,False,V,,,,,False,1.0,CT0015600,133892305216427123,2025-03-11 13:43:28.193000,13:43:28.193000,2025,14-232(a),,Moving Violation,2025
2025-04-15 18:42:06.617000,7359992.0,CT0015600,West Haven,Racial Profile,1000331,2500011925,Incident ID,2025-03-11 00:00:00,March,B,N,M,34,True,False,West Haven,Campbell AveX Noble Street,  ,  ,E,G,3.0,1,14-99g,,True,C,False,False,M,,,,,False,1.0,CT0015600,133892305216427123,2025-03-11 11:05:29.410000,11:05:29.410000,2025,14-215,,Window Tint,2025
2025-04-15 18:42:06.873000,7360060.0,CT0015600,West Haven,Racial Profile,1000615,2500011942,Incident ID,2025-03-11 00:00:00,March,W,N,M,69,True,True,West Haven,Campbell/ Captain Thomas ,  ,  ,V,G,1.0,0,14-232(1),,False,N,False,False,V,,,,,False,1.0,CT0015600,133892305216427123,2025-03-11 13:17:23.527000,13:17:23.527000,2025,14-232,,Moving Violation,2025
2025-04-15 18:42:06.693000,7360006.0,CT0015600,West Haven,Racial Profile,1000549,2500012071,Incident ID,2025-03-12 00:00:00,March,W,H,M,52,True,True,West Haven,i95s/campbell ave,  ,  ,E,G,1.0,0,14-96a(a),,False,N,False,False,V,,,,,False,1.0,CT0015600,133892305216427123,2025-03-12 03:53:37.617000,03:53:37.617000,2025,,,Defective Lights,2025
2025-04-15 18:42:06.790000,7360032.0,CT0015600,West Haven,Racial Profile,1000602,2500012176,Incident ID,2025-03-12 00:00:00,March,W,N,M,43,False,True,WEST HAVEN,front avenue,  ,  ,V,G,3.0,1,14-147(c),,True,O,True,False,M,,,,,False,1.0,CT0015600,133892305216427123,2025-03-12 19:52:25.620000,19:52:25.620000,2025,21a-279(a)(1),,Administrative Offense,2025
2025-04-15 18:42:06.883000,7360064.0,CT0015600,West Haven,Racial Profile,1000616,2500012067,Incident ID,2025-03-12 00:00:00,March,B,N,M,39,True,True,West Haven,Campbell Ave,  ,  ,V,G,1.0,0,14-147,,False,N,False,False,V,,,,,False,1.0,CT0015600,133892305216427123,2025-03-12 02:41:57.060000,02:41:57.060000,2025,,,Administrative Offense,2025
2025-04-15 18:42:06.757000,7360019.0,CT0015600,West Haven,Racial Profile,1000582,2500012074,Incident ID,2025-03-12 00:00:00,March,W,H,M,30,True,False,WEST HAVEN,Boston post rd/ blvd. ,  ,  ,V,G,1.0,0,14-147(c),,False,N,False,False,V,,,,,False,1.0,CT0015600,133892305216427123,2025-03-12 04:12:04.777000,04:12:04.777000,2025,14-147(c),,Administrative Offense,2025
2025-04-15 18:42:06.797000,7360034.0,CT0015600,West Haven,Racial Profile,1000602,2500012189,Incident ID,2025-03-12 00:00:00,March,W,N,F,32,True,False,West Haven,derby avenue,  ,  ,V,G,2.0,1,14-36(a),,True,I,True,False,V,,,,,False,1.0,CT0015600,133892305216427123,2025-03-12 22:44:05.653000,22:44:05.653000,2025,,,Unlicensed Operation,2025
2025-04-15 18:42:07.013000,7360103.0,CT0015600,West Haven,Racial Profile,1000658,2500012102,Incident ID,2025-03-12 00:00:00,March,B,N,M,35,True,False,West Haven,post rd,  ,  ,V,G,1.0,0,14-12(a)*,,False,N,False,False,I,,,,,False,1.0,CT0015600,133892305216427123,2025-03-12 09:57:10.673000,09:57:10.673000,2025,38a-371,,Registration,2025
2025-04-15 18:42:06.847000,7360052.0,CT0015600,West Haven,Racial Profile,1000614,2500012164,Incident ID,2025-03-12 00:00:00,March,W,N,M,20,True,False,West Haven,Campbell Avenue/ Noble Street,  ,  ,V,G,1.0,0,14-239(a),,False,N,False,False,V,,,,,False,1.0,CT0015600,133892305216427123,2025-03-12 17:49:19.873000,17:49:19.873000,2025,,,Moving Violation,2025
2025-04-15 18:42:06.690000,7360005.0,CT0015600,West Haven,Racial Profile,1000549,2500012059,Incident ID,2025-03-12 00:00:00,March,W,N,M,19,True,True,WEST HAVEN,elm / first,  ,  ,V,G,1.0,0,14-301,,False,N,False,False,V,,,,,False,1.0,CT0015600,133892305216427123,2025-03-12 01:46:31.533000,01:46:31.533000,2025,,,Stop Sign,2025
2025-04-15 18:42:06.793000,7360033.0,CT0015600,West Haven,Racial Profile,1000602,2500012184,Incident ID,2025-03-12 00:00:00,March,B,N,F,36,True,True,WEST HAVEN,bpr ,  ,  ,V,G,1.0,0,14-147(c),,False,N,False,False,V,,,,,False,1.0,CT0015600,133892305216427123,2025-03-12 22:13:26.493000,22:13:26.493000,2025,,,Administrative Offense,2025
2025-04-15 18:42:07.093000,7360126.0,CT0015600,West Haven,Racial Profile,1000688,2500012108,Incident ID,2025-03-12 00:00:00,March,W,H,F,41,True,False,West Haven,meloy rd. ridge ct west ,  ,  ,V,G,1.0,0,14-12(a),,False,N,False,False,V,,,,,False,1.0,CT0015600,133892305216427123,2025-03-12 10:26:50.890000,10:26:50.890000,2025,14-12(a),,Registration,2025
2025-04-15 18:42:06.620000,7359993.0,CT0015600,West Haven,Racial Profile,1000331,2500012116,Incident ID,2025-03-12 00:00:00,March,W,N,F,75,True,True,West Haven,Savin Avenue X Atwater Street,  ,  ,V,G,1.0,0,14-219,,False,N,False,False,V,,,,,False,1.0,CT0015600,133892305216427123,2025-03-12 10:58:35.030000,10:58:35.030000,2025,,,Speed Related,2025
2025-04-15 18:42:06.753000,7360018.0,CT0015600,West Haven,Racial Profile,1000582,2500012065,Incident ID,2025-03-12 00:00:00,March,B,N,M,47,True,True,West Haven,Campbell /main,  ,  ,E,G,1.0,0,14-96b,,False,N,False,False,V,,,,,False,1.0,CT0015600,133892305216427123,2025-03-12 02:24:02.690000,02:24:02.690000,2025,14-96b,,Defective Lights,2025
2025-04-15 18:42:06.887000,7360065.0,CT0015600,West Haven,Racial Profile,1000616,2500012070,Incident ID,2025-03-12 00:00:00,March,W,H,M,52,True,True,West Haven,Campbell Ave ,  ,  ,V,G,1.0,0,14-236,,False,N,False,False,V,,,,,False,1.0,CT0015600,133892305216427123,2025-03-12 03:42:23.640000,03:42:23.640000,2025,,,Moving Violation,2025
2025-04-15 18:42:06.697000,7360007.0,CT0015600,West Haven,Racial Profile,1000549,2500012232,Incident ID,2025-03-13 00:00:00,March,W,H,M,19,True,False,West Haven,cambell ave / i95 s,  ,  ,V,G,1.0,0,14-301,,False,N,False,False,V,,,,,False,1.0,CT0015600,133892305216427123,2025-03-13 04:06:27.070000,04:06:27.070000,2025,14-218,,Stop Sign,2025
2025-04-15 18:42:06.800000,7360035.0,CT0015600,West Haven,Racial Profile,1000602,2500012225,Incident ID,2025-03-13 00:00:00,March,B,N,M,29,True,False,West Haven,wallace st,  ,  ,V,G,3.0,1,14-147(c),,True,O,True,True,U,,,,,False,1.0,CT0015600,133892305216427123,2025-03-13 01:43:24.667000,01:43:24.667000,2025,21a-279(a)(1),,Administrative Offense,2025
2025-04-15 18:42:06.807000,7360038.0,CT0015600,West Haven,Racial Profile,1000602,2500012340,Incident ID,2025-03-13 00:00:00,March,B,N,M,27,True,False,West Haven,Campbell Avenue,  ,  ,V,G,3.0,1,14-147(a),,True,I,True,True,U,,,,,False,1.0,CT0015600,133892305216427123,2025-03-13 21:58:51.813000,21:58:51.813000,2025,29-36,,Administrative Offense,2025
2025-04-15 18:42:06.803000,7360036.0,CT0015600,West Haven,Racial Profile,1000602,2500012336,Incident ID,2025-03-13 00:00:00,March,B,N,M,40,True,True,West Haven,spring st,  ,  ,V,G,1.0,0,14-147(c),,False,N,False,False,M,,,,,False,1.0,CT0015600,133892305216427123,2025-03-13 21:10:49.177000,21:10:49.177000,2025,38a-371,,Administrative Offense,2025
2025-04-15 18:42:07.040000,7360111.0,CT0015600,West Haven,Racial Profile,1000662,2500012342,Incident ID,2025-03-13 00:00:00,March,W,H,F,34,False,False,West Haven,Boston Post rd. / Front Ave.,  ,  ,V,G,1.0,0,14-299,,False,N,False,False,V,,,,,False,1.0,CT0015600,133892305216427123,2025-03-13 22:04:17.410000,22:04:17.410000,2025,14-299,,Traffic Control Signal,2025
2025-04-15 18:42:07.050000,7360114.0,CT0015600,West Haven,Racial Profile,1000675,2500012231,Incident ID,2025-03-13 00:00:00,March,W,N,M,28,True,True,West Haven,Campbell Avenue/Elm Street,  ,  ,V,G,1.0,0,14-96y,,True,C,False,False,V,,,,,False,1.0,CT0015600,133892305216427123,2025-03-13 03:34:35.823000,03:34:35.823000,2025,,,Defective Lights,2025
2025-04-15 18:42:07.097000,7360127.0,CT0015600,West Haven,Racial Profile,1000688,2500012236,Incident ID,2025-03-13 00:00:00,March,B,N,M,29,True,False,West Haven,campbell ave/ york st,  ,  ,V,G,1.0,0,14-147(c),,False,N,False,False,I,,,,,False,1.0,CT0015600,133892305216427123,2025-03-13 04:19:23.653000,04:19:23.653000,2025,14-147(c),,Administrative Offense,2025
2025-04-15 18:42:06.773000,7360025.0,CT0015600,West Haven,Racial Profile,1000600,2500012223,Incident ID,2025-03-13 00:00:00,March,B,N,M,53,True,False,West Haven,Boston Post Rd./ Front Ave. ,  ,  ,V,G,1.0,0,14-18(a),,False,N,False,False,V,,,,,False,1.0,CT0015600,133892305216427123,2025-03-13 00:53:45.967000,00:53:45.967000,2025,,,Display of Plates,2025
2025-04-15 18:42:06.807000,7360037.0,CT0015600,West Haven,Racial Profile,1000602,2500012338,Incident ID,2025-03-13 00:00:00,March,I,N,M,25,True,True,West Haven,homestead ave,  ,  ,V,G,1.0,0,14-18(c),,False,N,False,False,V,,,,,False,1.0,CT0015600,133892305216427123,2025-03-13 21:47:41.490000,21:47:41.490000,2025,,,Display of Plates,2025
2025-04-15 18:42:06.810000,7360039.0,CT0015600,West Haven,Racial Profile,1000602,2500012495,Incident ID,2025-03-14 00:00:00,March,B,N,M,25,True,True,West Haven,clark street,  ,  ,V,G,2.0,1,14-147(c),,True,I,True,True,U,,,,,False,1.0,CT0015600,133892305216427123,2025-03-14 22:05:45.300000,22:05:45.300000,2025,21a-279(a)(1),,Administrative Offense,2025
2025-04-15 18:42:06.733000,7360014.0,CT0015600,West Haven,Racial Profile,1000559,2500012627,Incident ID,2025-03-15 00:00:00,March,B,N,M,31,True,True,West Haven,Elm Street / First Avenue ,  ,  ,V,G,2.0,1,14-147(c),,False,N,False,False,I,,,,,False,1.0,CT0015600,133892305216427123,2025-03-15 18:51:56.630000,18:51:56.630000,2025,,,Administrative Offense,2025
2025-04-15 18:42:06.813000,7360040.0,CT0015600,West Haven,Racial Profile,1000602,2500012633,Incident ID,2025-03-15 00:00:00,March,W,H,M,30,True,False,West Haven,first ave,  ,  ,V,G,2.0,1,14-147(c),,True,I,False,False,M,,,,,False,1.0,CT0015600,133892305216427123,2025-03-15 20:33:31.957000,20:33:31.957000,2025,14-215a,,Administrative Offense,2025
2025-04-15 18:42:06.933000,7360079.0,CT0015600,West Haven,Racial Profile,1000636,2500012532,Incident ID,2025-03-15 00:00:00,March,W,H,F,39,True,False,West Haven,campbell/ main,  ,  ,I,G,1.0,0,14-12(a),,False,N,False,False,V,,,,,False,1.0,CT0015600,133892305216427123,2025-03-15 02:29:32.090000,02:29:32.090000,2025,,,Registration,2025
2025-04-15 18:42:06.953000,7360086.0,CT0015600,West Haven,Racial Profile,1000637,2500012573,Incident ID,2025-03-15 00:00:00,March,B,N,F,47,True,True,WEST HAVEN,Sawmill Road,  ,  ,V,G,2.0,0,14-12(a)*,,False,N,False,False,V,,,,,False,1.0,CT0015600,133892305216427123,2025-03-15 11:33:31.780000,11:33:31.780000,2025,,,Registration,2025
2025-04-15 18:42:06.813000,7360041.0,CT0015600,West Haven,Racial Profile,1000602,2500012639,Incident ID,2025-03-15 00:00:00,March,W,H,M,36,True,False,West Haven,campbell avenue,  ,  ,V,G,1.0,0,14-147(c),,False,N,False,False,V,,,,,False,1.0,CT0015600,133892305216427123,2025-03-15 22:07:41.480000,22:07:41.480000,2025,,,Administrative Offense,2025
2025-04-15 18:42:07.043000,7360112.0,CT0015600,West Haven,Racial Profile,1000662,2500012637,Incident ID,2025-03-15 00:00:00,March,B,N,M,33,True,False,West Haven,Forest Road / Bristol Street,  ,  ,V,G,1.0,0,14-232(1),,False,N,False,False,V,,,,,False,1.0,CT0015600,133892305216427123,2025-03-15 21:31:22.410000,21:31:22.410000,2025,14-232(1),,Moving Violation,2025
2025-04-15 18:42:06.557000,7359973.0,CT0015600,West Haven,Racial Profile,1155,2500012522,Incident ID,2025-03-15 00:00:00,March,B,N,M,38,True,True,West Haven,RICHARDS/FIRST AVE,  ,  ,V,G,1.0,0,14-218a,,False,N,False,False,V,,,,,False,1.0,CT0015600,133892305216427123,2025-03-15 01:13:31.287000,01:13:31.287000,2025,,,Speed Related,2025
2025-04-15 18:42:07.017000,7360104.0,CT0015600,West Haven,Racial Profile,1000658,2500012551,Incident ID,2025-03-15 00:00:00,March,B,N,M,26,True,False,West Haven,main st,  ,  ,V,G,1.0,0,14-218a,,False,N,False,False,V,,,,,False,1.0,CT0015600,133892305216427123,2025-03-15 08:43:53.657000,08:43:53.657000,2025,,,Speed Related,2025
2025-04-15 18:42:07.020000,7360105.0,CT0015600,West Haven,Racial Profile,1000658,2500012555,Incident ID,2025-03-15 00:00:00,March,W,N,M,43,True,True,West Haven,washington ave,  ,  ,E,G,1.0,0,14-99g(b),,False,N,False,False,V,,,,,False,1.0,CT0015600,133892305216427123,2025-03-15 09:20:52.077000,09:20:52.077000,2025,,,Window Tint,2025
2025-04-15 18:42:07.063000,7360118.0,CT0015600,West Haven,Racial Profile,1000678,2500012640,Incident ID,2025-03-15 00:00:00,March,B,N,M,23,True,True,West Haven,SAWMILL/ MELOY ROAD,  ,  ,V,G,2.0,0,14-12(a)*,,False,N,False,False,I,,,,,False,1.0,CT0015600,133892305216427123,2025-03-15 22:08:11.893000,22:08:11.893000,2025,14-12(a)*,,Registration,2025
2025-04-15 18:42:06.530000,7359965.0,CT0015600,West Haven,Racial Profile,1128,2500012538,Incident ID,2025-03-15 00:00:00,March,B,N,M,20,True,True,West Haven,BPR,  ,  ,V,G,1.0,0,14-299,,False,N,False,False,V,,,,,False,1.0,CT0015600,133892305216427123,2025-03-15 03:05:33.177000,03:05:33.177000,2025,14-299,,Traffic Control Signal,2025
2025-04-15 18:42:06.890000,7360067.0,CT0015600,West Haven,Racial Profile,1000617,2500012758,Incident ID,2025-03-16 00:00:00,March,W,H,M,31,True,False,West Haven,Saw Mill Road/ Meloy Road,  ,  ,V,G,2.0,1,14-299,,False,N,False,False,M,,,,,False,1.0,CT0015600,133892305216427123,2025-03-16 21:27:33.577000,21:27:33.577000,2025,,,Traffic Control Signal,2025
2025-04-15 18:42:06.623000,7359994.0,CT0015600,West Haven,Racial Profile,1000331,2500012700,Incident ID,2025-03-16 00:00:00,March,W,M,M,28,True,True,West Haven,Park Street X Savin Avenue,  ,  ,E,G,1.0,0,14-18(a),,False,N,False,False,V,,,,,False,1.0,CT0015600,133892305216427123,2025-03-16 11:15:39.580000,11:15:39.580000,2025,14-36(a),,Display of Plates,2025
2025-04-15 18:42:06.817000,7360042.0,CT0015600,West Haven,Racial Profile,1000602,2500012695,Incident ID,2025-03-16 00:00:00,March,B,N,M,30,True,True,WEST HAVEN,elm street,  ,  ,V,G,2.0,1,14-147(c),,True,I,False,False,M,,,,,False,1.0,CT0015600,133892305216427123,2025-03-16 10:16:02.810000,10:16:02.810000,2025,38a-371,,Administrative Offense,2025
2025-04-15 18:42:06.937000,7360080.0,CT0015600,West Haven,Racial Profile,1000636,2500012773,Incident ID,2025-03-16 00:00:00,March,W,H,M,21,True,True,West Haven,meloy/ claudia,  ,  ,V,G,1.0,0,14-245,,False,N,False,False,V,,,,,False,1.0,CT0015600,133892305216427123,2025-03-16 23:31:29.150000,23:31:29.150000,2025,,,Moving Violation,2025
2025-04-15 18:42:06.650000,7359995.0,CT0015600,West Haven,Racial Profile,1000331,2500012851,Incident ID,2025-03-17 00:00:00,March,W,M,M,41,True,True,WEST HAVEN,Platt Ave X Jones Hill Road,  ,  ,V,G,1.0,0,14-301,,False,N,False,False,W,,,,,False,1.0,CT0015600,133892305216427123,2025-03-17 10:42:50.600000,10:42:50.600000,2025,,,Stop Sign,2025
2025-04-15 18:42:07.023000,7360106.0,CT0015600,West Haven,Racial Profile,1000658,2500012858,Incident ID,2025-03-17 00:00:00,March,B,N,M,28,True,True,WEST HAVEN,JONES HILL RD,  ,  ,V,G,2.0,1,14-99g(b),,True,I,False,False,M,,,,,False,1.0,CT0015600,133892305216427123,2025-03-17 11:22:26.280000,11:22:26.280000,2025,14-215,,Window Tint,2025
2025-04-15 18:42:06.547000,7359970.0,CT0015600,West Haven,Racial Profile,1132,2500012803,Incident ID,2025-03-17 00:00:00,March,B,N,F,42,True,True,WEST HAVEN, Boston Post Rd/Meloy,  ,  ,V,G,2.0,0,14-241,,False,N,False,False,V,,,,,False,1.0,CT0015600,133892305216427123,2025-03-17 04:23:52.557000,04:23:52.557000,2025,14-241,,Moving Violation,2025
2025-04-15 18:42:06.820000,7360043.0,CT0015600,West Haven,Racial Profile,1000602,2500013086,Incident ID,2025-03-18 00:00:00,March,W,H,M,46,True,False,West Haven,spring street,  ,  ,V,G,2.0,0,14-147(c),,True,O,False,False,V,,,,,False,1.0,CT0015600,133892305216427123,2025-03-18 20:14:17.230000,20:14:17.230000,2025,,,Administrative Offense,2025
2025-04-15 18:42:06.900000,7360071.0,CT0015600,West Haven,Racial Profile,1000621,2500013075,Incident ID,2025-03-18 00:00:00,March,W,H,F,31,True,False,WEST HAVEN,Saw Mill Road/York Street,  ,  ,I,G,1.0,0,14-12(a)*,,False,N,False,False,V,,,,,False,1.0,CT0015600,133892305216427123,2025-03-18 17:44:06.923000,17:44:06.923000,2025,,,Registration,2025
2025-04-15 18:42:06.850000,7360053.0,CT0015600,West Haven,Racial Profile,1000614,2500013076,Incident ID,2025-03-18 00:00:00,March,W,H,M,25,False,False,West Haven,Campbell ave,  ,  ,V,G,1.0,0,14-18(d)*,,False,N,False,False,V,,,,,False,1.0,CT0015600,133892305216427123,2025-03-18 18:09:17.333000,18:09:17.333000,2025,14-18(d)*,,Display of Plates,2025
2025-04-15 18:42:06.880000,7360062.0,CT0015600,West Haven,Racial Profile,1000615,2500012998,Incident ID,2025-03-18 00:00:00,March,W,H,M,23,True,True,West Haven,Second/Brown ,  ,  ,V,G,1.0,0,14-36(a),,False,N,False,False,I,,,,,False,1.0,CT0015600,133892305216427123,2025-03-18 09:27:28.293000,09:27:28.293000,2025,14-12(a),,Unlicensed Operation,2025
2025-04-15 18:42:07.030000,7360107.0,CT0015600,West Haven,Racial Profile,1000658,2500013012,Incident ID,2025-03-18 00:00:00,March,B,N,M,33,True,True,WEST HAVEN,post rd,  ,  ,E,B,2.0,1,14-99g(b),,True,I,False,False,M,,,,,False,1.0,CT0015600,133892305216427123,2025-03-18 11:04:51.963000,11:04:51.963000,2025,38a-371,,Window Tint,2025
2025-04-15 18:42:06.853000,7360054.0,CT0015600,West Haven,Racial Profile,1000614,2500013081,Incident ID,2025-03-18 00:00:00,March,W,N,F,64,True,False,West Haven,Campbell Ave/Brown,  ,  ,V,G,1.0,0,14-12(a),,False,N,False,False,I,,,,,False,1.0,CT0015600,133892305216427123,2025-03-18 18:39:41.687000,18:39:41.687000,2025,,,Registration,2025
2025-04-15 18:42:06.597000,7359985.0,CT0015600,West Haven,Racial Profile,1200,2500013024,Incident ID,2025-03-18 00:00:00,March,B,N,F,70,True,True,West Haven,smith st & washington ave,  ,  ,V,G,2.0,0,14-12(a)*,,True,O,False,False,M,,,,,False,1.0,CT0015600,133892305216427123,2025-03-18 12:00:04.623000,12:00:04.623000,2025,38a-371,,Registration,2025
2025-04-15 18:42:06.823000,7360044.0,CT0015600,West Haven,Racial Profile,1000602,2500013276,Incident ID,2025-03-19 00:00:00,March,B,N,M,42,True,False,West Haven,w spring st,  ,  ,V,G,3.0,0,14-215a,,False,N,False,False,V,,,,,False,1.0,CT0015600,133892305216427123,2025-03-19 20:23:29.793000,20:23:29.793000,2025,,,Administrative Offense,2025
2025-04-15 18:42:06.700000,7360008.0,CT0015600,West Haven,Racial Profile,1000549,2500013142,Incident ID,2025-03-19 00:00:00,March,W,N,M,36,True,False,West Haven,elm / third,  ,  ,E,G,1.0,0,14-18(a),,False,N,False,False,V,,,,,False,1.0,CT0015600,133892305216427123,2025-03-19 03:16:42.977000,03:16:42.977000,2025,,,Display of Plates,2025
2025-04-15 18:42:07.053000,7360115.0,CT0015600,West Haven,Racial Profile,1000675,2500013139,Incident ID,2025-03-19 00:00:00,March,B,N,M,23,True,True,West Haven,Third Ave/Elm St,  ,  ,I,G,1.0,0,14-147(a),,False,N,False,False,V,,,,,False,1.0,CT0015600,133892305216427123,2025-03-19 02:04:51.787000,02:04:51.787000,2025,,,Administrative Offense,2025
2025-04-15 18:42:06.570000,7359978.0,CT0015600,West Haven,Racial Profile,1180,2500013250,Incident ID,2025-03-19 00:00:00,March,B,N,F,79,True,False,West Haven,"observed fairfax/rangely, stopped fairfax/yates",  ,  ,V,B,1.0,0,14-301,,False,N,False,False,V,,,,,False,1.0,CT0015600,133892305216427123,2025-03-19 17:37:09.850000,17:37:09.850000,2025,14-301,,Stop Sign,2025
2025-04-15 18:42:06.577000,7359979.0,CT0015600,West Haven,Racial Profile,1180,2500013257,Incident ID,2025-03-19 00:00:00,March,A,N,M,32,True,False,West Haven,"observed campbell/ w spring, stopped first/spring",  ,  ,V,B,1.0,0,14-301,,False,N,False,False,V,,,,,False,1.0,CT0015600,133892305216427123,2025-03-19 18:01:36.513000,18:01:36.513000,2025,14-301,,Stop Sign,2025
2025-04-15 18:42:06.957000,7360087.0,CT0015600,West Haven,Racial Profile,1000637,2500013267,Incident ID,2025-03-19 00:00:00,March,W,H,M,24,True,True,West Haven,Main St/ Savin Ave,  ,  ,V,G,2.0,1,14-147(c),,True,I,False,False,M,,,,,False,1.0,CT0015600,133892305216427123,2025-03-19 19:27:37.787000,19:27:37.787000,2025,38a-371,,Administrative Offense,2025
2025-04-15 18:42:06.890000,7360066.0,CT0015600,West Haven,Racial Profile,1000616,2500013300,Incident ID,2025-03-20 00:00:00,March,W,N,M,30,True,True,WEST HAVEN,campbell ave,  ,  ,I,G,1.0,0,14-236,,False,N,False,False,V,,,,,False,1.0,CT0015600,133892305216427123,2025-03-20 00:41:18.270000,00:41:18.270000,2025,,,Moving Violation,2025
2025-04-15 18:42:07.057000,7360116.0,CT0015600,West Haven,Racial Profile,1000677,2500013432,Incident ID,2025-03-20 00:00:00,March,B,N,F,43,True,True,West Haven,Boston Post Rd / Campbell Avenue,  ,  ,V,G,1.0,0,14-12(a),,False,N,False,False,V,,,,,False,1.0,CT0015600,133892305216427123,2025-03-20 18:29:23.010000,18:29:23.010000,2025,,,Registration,2025
2025-04-15 18:42:06.830000,7360046.0,CT0015600,West Haven,Racial Profile,1000602,2500013613,Incident ID,2025-03-21 00:00:00,March,W,H,M,24,True,True,West Haven,washington ave,  ,  ,V,G,2.0,1,14-147(a),,True,I,False,False,M,,,,,False,1.0,CT0015600,133892305216427123,2025-03-21 20:37:37.003000,20:37:37.003000,2025,,,Administrative Offense,2025
2025-04-15 18:42:06.960000,7360089.0,CT0015600,West Haven,Racial Profile,1000637,2500013617,Incident ID,2025-03-21 00:00:00,March,B,N,F,29,True,True,West Haven,Elm St/ Savin Ave,  ,  ,V,G,1.0,0,14-18(a),,False,N,False,False,V,,,,,False,1.0,CT0015600,133892305216427123,2025-03-21 21:06:54.860000,21:06:54.860000,2025,,,Display of Plates,2025
2025-04-15 18:42:07.060000,7360117.0,CT0015600,West Haven,Racial Profile,1000677,2500013580,Incident ID,2025-03-21 00:00:00,March,B,N,F,36,True,True,West Haven,945 First Avenue,  ,  ,V,G,2.0,1,14-242(e),,False,N,False,False,M,,,,,False,1.0,CT0015600,133892305216427123,2025-03-21 16:09:32.947000,16:09:32.947000,2025,38a-371,,Moving Violation,2025
2025-04-15 18:42:06.920000,7360076.0,CT0015600,West Haven,Racial Profile,1000626,2500013546,Incident ID,2025-03-21 00:00:00,March,W,N,F,29,True,False,West Haven,Campbell Avenue/ Spring Street,  ,  ,V,G,1.0,1,38a-371,,False,N,False,True,M,,,,,False,1.0,CT0015600,133892305216427123,2025-03-21 11:13:40.380000,11:13:40.380000,2025,38a-371,,Other,2025
2025-04-15 18:42:06.713000,7360010.0,CT0015600,West Haven,Racial Profile,1000558,2500013603,Incident ID,2025-03-21 00:00:00,March,W,N,M,18,True,True,West Haven,Washington Ave/ Smith St,  ,  ,V,G,1.0,1,14-18(a),,True,I,False,False,I,,,,,False,1.0,CT0015600,133892305216427123,2025-03-21 19:19:04.423000,19:19:04.423000,2025,,,Display of Plates,2025
2025-04-15 18:42:06.827000,7360045.0,CT0015600,West Haven,Racial Profile,1000602,2500013611,Incident ID,2025-03-21 00:00:00,March,B,N,M,40,False,False,WEST HAVEN,elm street,  ,  ,V,G,1.0,0,14-12(a),,False,N,False,False,V,,,,,False,1.0,CT0015600,133892305216427123,2025-03-21 20:26:40.803000,20:26:40.803000,2025,,,Registration,2025
2025-04-15 18:42:06.833000,7360047.0,CT0015600,West Haven,Racial Profile,1000602,2500013628,Incident ID,2025-03-21 00:00:00,March,W,N,F,44,True,True,West Haven,main street,  ,  ,V,G,2.0,1,14-147(c),,True,O,False,False,M,,,,,False,1.0,CT0015600,133892305216427123,2025-03-21 22:14:16.620000,22:14:16.620000,2025,38a-371,,Administrative Offense,2025
2025-04-15 18:42:06.893000,7360068.0,CT0015600,West Haven,Racial Profile,1000617,2500013627,Incident ID,2025-03-21 00:00:00,March,W,N,M,49,True,False,West Haven,Saw Mill Road/ Railraod Avenue,  ,  ,V,G,2.0,1,14-299,,False,N,False,False,M,,,,,False,1.0,CT0015600,133892305216427123,2025-03-21 22:08:01.937000,22:08:01.937000,2025,,,Traffic Control Signal,2025
2025-04-15 18:42:06.957000,7360088.0,CT0015600,West Haven,Racial Profile,1000637,2500013595,Incident ID,2025-03-21 00:00:00,March,W,H,M,47,True,True,West Haven,Bullhilll,  ,  ,V,G,1.0,0,14-147,,False,N,False,False,V,,,,,False,1.0,CT0015600,133892305216427123,2025-03-21 17:40:47.630000,17:40:47.630000,2025,,,Administrative Offense,2025
2025-04-15 18:42:06.980000,7360096.0,CT0015600,West Haven,Racial Profile,1000652,2500013711,Incident ID,2025-03-22 00:00:00,March,B,N,M,25,True,False,West Haven,Boston Post Rd/ Barbara St,  ,  ,V,G,1.0,0,14-12(a)*,,False,N,False,False,V,,,,,False,1.0,CT0015600,133892305216427123,2025-03-22 11:22:26.667000,11:22:26.667000,2025,14-12(a)*,,Registration,2025
2025-04-15 18:42:06.980000,7360095.0,CT0015600,West Haven,Racial Profile,1000652,2500013708,Incident ID,2025-03-22 00:00:00,March,W,N,M,78,True,False,West Haven,Boston Post Rd/ Ardale Street,  ,  ,V,G,1.0,0,14-12(a)*,,False,N,False,False,V,,,,,False,1.0,CT0015600,133892305216427123,2025-03-22 11:06:17.230000,11:06:17.230000,2025,14-58,,Registration,2025
2025-04-15 18:42:07.030000,7360108.0,CT0015600,West Haven,Racial Profile,1000658,2500013694,Incident ID,2025-03-22 00:00:00,March,B,N,M,28,True,False,West Haven,washington ave @ smith st,  ,  ,V,G,2.0,1,14-100a(c)(1),,True,I,False,False,M,,,,,False,1.0,CT0015600,133892305216427123,2025-03-22 08:43:48.383000,08:43:48.383000,2025,38a-371,,Seatbelt,2025
2025-04-15 18:42:07.033000,7360109.0,CT0015600,West Haven,Racial Profile,1000658,2500013714,Incident ID,2025-03-22 00:00:00,March,W,N,F,52,True,False,WEST HAVEN,elm st,  ,  ,V,G,1.0,0,14-296aa(b),,False,N,False,False,I,,,,,False,1.0,CT0015600,133892305216427123,2025-03-22 12:10:24.140000,12:10:24.140000,2025,,,Cell Phone,2025
2025-04-15 18:42:06.567000,7359976.0,CT0015600,West Haven,Racial Profile,1162,2500013992,Incident ID,2025-03-24 00:00:00,March,B,N,F,29,True,False,West Haven,saw mill/I-95 north ramp,  ,  ,V,G,1.0,0,14-299,,False,N,False,False,V,,,,,False,1.0,CT0015600,133892305216427123,2025-03-24 08:17:13.310000,08:17:13.310000,2025,,,Traffic Control Signal,2025
2025-04-15 18:42:06.760000,7360020.0,CT0015600,West Haven,Racial Profile,1000582,2500014255,Incident ID,2025-03-25 00:00:00,March,W,H,M,38,True,True,West Haven,First Ave/prospect pl,  ,  ,V,G,1.0,0,14-147c ,,False,N,False,False,V,,,,,False,1.0,CT0015600,133892305216427123,2025-03-25 20:41:43.560000,20:41:43.560000,2025,14-147c,,Other,2025
2025-04-15 18:42:06.663000,7359996.0,CT0015600,West Haven,Racial Profile,1000331,2500014159,Incident ID,2025-03-25 00:00:00,March,W,H,F,26,True,False,West Haven,Boston Post Road X Fairfax Street,  ,  ,V,G,1.0,0,14-299,,False,N,False,False,I,,,,,False,1.0,CT0015600,133892305216427123,2025-03-25 09:32:51.550000,09:32:51.550000,2025,,,Traffic Control Signal,2025
2025-04-15 18:42:06.667000,7359997.0,CT0015600,West Haven,Racial Profile,1000331,2500014347,Incident ID,2025-03-26 00:00:00,March,B,N,M,65,False,False,West Haven,Derby Avenue X Central Avenue,  ,  ,E,G,1.0,0,14-96c,,False,N,False,False,W,,,,,False,1.0,CT0015600,133892305216427123,2025-03-26 09:42:58.647000,09:42:58.647000,2025,,,Defective Lights,2025
2025-04-15 18:42:06.903000,7360072.0,CT0015600,West Haven,Racial Profile,1000621,2500014285,Incident ID,2025-03-26 00:00:00,March,B,N,F,22,True,False,West Haven,Saw Mill Road/ I-95 North,  ,  ,V,G,1.0,0,14-299,,False,N,False,False,V,,,,,False,1.0,CT0015600,133892305216427123,2025-03-26 00:26:45.143000,00:26:45.143000,2025,,,Traffic Control Signal,2025
2025-04-15 18:42:06.940000,7360081.0,CT0015600,West Haven,Racial Profile,1000636,2500014363,Incident ID,2025-03-26 00:00:00,March,W,H,M,22,True,True,West Haven,post road/ brower,  ,  ,I,G,1.0,1,14-36(a),,False,N,False,True,U,,,,,False,1.0,CT0015600,133892305216427123,2025-03-26 12:36:26.820000,12:36:26.820000,2025,,,Unlicensed Operation,2025
2025-04-15 18:42:06.970000,7360091.0,CT0015600,West Haven,Racial Profile,1000637,2500014428,Incident ID,2025-03-26 00:00:00,March,W,N,M,33,True,False,WEST HAVEN,sawmill rd,  ,  ,V,G,2.0,0,14-12(a)*,,False,N,False,False,I,,,,,False,1.0,CT0015600,133892305216427123,2025-03-26 21:46:24.973000,21:46:24.973000,2025,14-13,,Registration,2025
2025-04-15 18:42:06.963000,7360090.0,CT0015600,West Haven,Racial Profile,1000637,2500014400,Incident ID,2025-03-26 00:00:00,March,W,N,M,60,True,False,West Haven,sawmill rd,  ,  ,E,G,1.0,0,14-245,,False,N,False,False,V,,,,,False,1.0,CT0015600,133892305216427123,2025-03-26 17:27:37.513000,17:27:37.513000,2025,,,Moving Violation,2025
2025-04-15 18:42:06.530000,7359966.0,CT0015600,West Haven,Racial Profile,1128,2500014300,Incident ID,2025-03-26 00:00:00,March,W,N,M,40,True,False,West Haven,Campbell Ave,  ,  ,E,G,1.0,0,14-96,,False,N,False,False,V,,,,,False,1.0,CT0015600,133892305216427123,2025-03-26 02:15:55.457000,02:15:55.457000,2025,14-96,,Defective Lights,2025
2025-04-15 18:42:06.837000,7360048.0,CT0015600,West Haven,Racial Profile,1000602,2500014423,Incident ID,2025-03-26 00:00:00,March,W,N,F,35,True,True,West Haven,brown street,  ,  ,V,G,2.0,1,14-236,,True,I,False,False,I,,,,,False,1.0,CT0015600,133892305216427123,2025-03-26 20:51:31.780000,20:51:31.780000,2025,38a-371,,Moving Violation,2025
2025-04-15 18:42:07.080000,7360122.0,CT0015600,West Haven,Racial Profile,1000687,2500014638,Incident ID,2025-03-28 00:00:00,March,B,N,M,32,True,False,West Haven,Derby Ave/ Forest Rd,  ,  ,V,G,1.0,0,14-218a,,False,N,False,False,V,,,,,False,1.0,CT0015600,133892305216427123,2025-03-28 03:20:49.470000,03:20:49.470000,2025,14-218a,,Speed Related,2025
2025-04-15 18:42:07.090000,7360124.0,CT0015600,West Haven,Racial Profile,1000687,2500014643,Incident ID,2025-03-28 00:00:00,March,W,N,M,35,True,False,West Haven,Derby Ave/ Forest Rd,  ,  ,V,G,1.0,0,14-218a,,False,N,False,False,V,,,,,False,1.0,CT0015600,133892305216427123,2025-03-28 03:48:04.553000,03:48:04.553000,2025,,,Speed Related,2025
2025-04-15 18:42:07.163000,7360139.0,CT0015600,West Haven,Racial Profile,1000697,2500014714,Incident ID,2025-03-28 00:00:00,March,W,N,F,60,True,True,West Haven,Jones Hill Rd / Winslow Dr,  ,  ,V,G,2.0,0,14-279,,False,N,False,False,I,,,,,False,1.0,CT0015600,133892305216427123,2025-03-28 13:58:23.637000,13:58:23.637000,2025,,,Other,2025
2025-04-15 18:42:06.743000,7360015.0,CT0015600,West Haven,Racial Profile,1000561,2500014700,Incident ID,2025-03-28 00:00:00,March,A,N,F,60,True,True,West Haven,post rd/admiral,  ,  ,V,G,1.0,0,14-299,,False,N,False,False,V,,,,,False,1.0,CT0015600,133892305216427123,2025-03-28 12:46:36.580000,12:46:36.580000,2025,14-299,,Traffic Control Signal,2025
2025-04-15 18:42:07.080000,7360121.0,CT0015600,West Haven,Racial Profile,1000687,2500014634,Incident ID,2025-03-28 00:00:00,March,B,N,M,23,True,False,West Haven,Derby Ave/ Forest Rd,  ,  ,V,G,1.0,0,14-218a,,False,N,False,False,V,,,,,False,1.0,CT0015600,133892305216427123,2025-03-28 02:55:49.837000,02:55:49.837000,2025,14-218a,,Speed Related,2025
2025-04-15 18:42:07.087000,7360123.0,CT0015600,West Haven,Racial Profile,1000687,2500014640,Incident ID,2025-03-28 00:00:00,March,B,N,M,40,True,False,West Haven,Derby Ave/ Central,  ,  ,V,G,1.0,0,14-218a,,False,N,False,False,V,,,,,False,1.0,CT0015600,133892305216427123,2025-03-28 03:36:11.777000,03:36:11.777000,2025,14-218a,,Speed Related,2025
2025-04-15 18:42:07.067000,7360119.0,CT0015600,West Haven,Racial Profile,1000687,2500014626,Incident ID,2025-03-28 00:00:00,March,B,N,M,37,True,False,West Haven,Derby Ave/Forest Rd,  ,  ,V,G,2.0,0,14-218a19SZ,,False,N,False,False,V,,,,,False,1.0,CT0015600,133892305216427123,2025-03-28 02:09:17.847000,02:09:17.847000,2025,14-12(a),,Speed Related,2025
2025-04-15 18:42:07.077000,7360120.0,CT0015600,West Haven,Racial Profile,1000687,2500014630,Incident ID,2025-03-28 00:00:00,March,B,N,M,38,True,False,West Haven,Derby Ave/Forest Rd,  ,  ,V,G,1.0,0,14-218a,,False,N,False,False,V,,,,,False,1.0,CT0015600,133892305216427123,2025-03-28 02:32:41.307000,02:32:41.307000,2025,14-218a,,Speed Related,2025
2025-04-15 18:42:07.100000,7360128.0,CT0015600,West Haven,Racial Profile,1000688,2500014616,Incident ID,2025-03-28 00:00:00,March,B,N,M,47,True,False,West Haven,fairfax boston post road ,  ,  ,E,G,1.0,0,14-96a,,False,N,False,False,V,,,,,False,1.0,CT0015600,133892305216427123,2025-03-28 01:17:17.197000,01:17:17.197000,2025,14-96a,,Defective Lights,2025
2025-04-15 18:42:07.103000,7360130.0,CT0015600,West Haven,Racial Profile,1000688,2500014639,Incident ID,2025-03-28 00:00:00,March,B,N,M,55,True,False,West Haven,derby/forest,  ,  ,V,B,1.0,0,14-218b,,False,N,False,False,V,,,,,False,1.0,CT0015600,133892305216427123,2025-03-28 03:31:25.127000,03:31:25.127000,2025,14-218b,,Speed Related,2025
2025-04-15 18:42:06.943000,7360082.0,CT0015600,West Haven,Racial Profile,1000636,2500014629,Incident ID,2025-03-28 00:00:00,March,B,N,M,30,True,False,West Haven,elm/ second,  ,  ,V,G,1.0,0,14-245,,False,N,False,False,V,,,,,False,1.0,CT0015600,133892305216427123,2025-03-28 02:27:49.893000,02:27:49.893000,2025,,,Moving Violation,2025
2025-04-15 18:42:07.100000,7360129.0,CT0015600,West Haven,Racial Profile,1000688,2500014635,Incident ID,2025-03-28 00:00:00,March,W,H,F,41,False,False,West Haven,derby/forest ,  ,  ,V,B,1.0,0,14-218b,,False,N,False,False,V,,,,,False,1.0,CT0015600,133892305216427123,2025-03-28 03:01:48.090000,03:01:48.090000,2025,14-218b,,Speed Related,2025
2025-04-15 18:42:07.107000,7360131.0,CT0015600,West Haven,Racial Profile,1000688,2500014644,Incident ID,2025-03-28 00:00:00,March,B,N,M,35,True,False,West Haven,derby/forest,  ,  ,V,B,1.0,0,14-218b,,False,N,False,False,V,,,,,False,1.0,CT0015600,133892305216427123,2025-03-28 03:49:42.603000,03:49:42.603000,2025,14-218b,,Speed Related,2025
2025-04-15 18:42:06.537000,7359967.0,CT0015600,West Haven,Racial Profile,1128,2500014624,Incident ID,2025-03-28 00:00:00,March,W,H,M,39,True,False,West Haven,boston post rd,  ,  ,E,G,1.0,0,14-96,,False,N,False,False,V,,,,,False,1.0,CT0015600,133892305216427123,2025-03-28 01:49:32.487000,01:49:32.487000,2025,14-96,,Defective Lights,2025
2025-04-15 18:42:06.673000,7359999.0,CT0015600,West Haven,Racial Profile,1000331,2500014883,Incident ID,2025-03-29 00:00:00,March,B,N,M,40,True,True,West Haven,Saw Mill Road  X I-95 North,  ,  ,V,G,1.0,0,14-241,,False,N,False,False,V,,,,,False,1.0,CT0015600,133892305216427123,2025-03-29 13:10:17.380000,13:10:17.380000,2025,,,Moving Violation,2025
2025-04-15 18:42:06.747000,7360016.0,CT0015600,West Haven,Racial Profile,1000568,2500014814,Incident ID,2025-03-29 00:00:00,March,W,H,M,42,False,False,West Haven,Campbell / Curtiss,  ,  ,I,G,2.0,0,14-224,,False,N,False,True,M,,,,,False,1.0,CT0015600,133892305216427123,2025-03-29 01:43:34.737000,01:43:34.737000,2025,14-227a(a)(2B,,Other,2025
2025-04-15 18:42:06.670000,7359998.0,CT0015600,West Haven,Racial Profile,1000331,2500014875,Incident ID,2025-03-29 00:00:00,March,W,M,M,29,False,False,West Haven,Boston Post Road X Fairfax Street,  ,  ,V,G,1.0,0,14-299,,False,N,False,False,W,,,,,False,1.0,CT0015600,133892305216427123,2025-03-29 11:44:07.670000,11:44:07.670000,2025,,,Traffic Control Signal,2025
2025-04-15 18:42:06.840000,7360049.0,CT0015600,West Haven,Racial Profile,1000602,2500014941,Incident ID,2025-03-29 00:00:00,March,W,H,M,35,True,True,WEST HAVEN,marshall st,  ,  ,I,G,3.0,0,53a-125b,,False,N,False,True,U,,,,,False,1.0,CT0015600,133892305216427123,2025-03-29 21:49:16.470000,21:49:16.470000,2025,,,Other,2025
2025-04-15 18:42:07.117000,7360133.0,CT0015600,West Haven,Racial Profile,1000688,2500014824,Incident ID,2025-03-29 00:00:00,March,W,H,F,36,True,False,West Haven,campbell/noble,  ,  ,V,G,1.0,0,14-299a(e),,False,N,False,False,V,,,,,False,1.0,CT0015600,133892305216427123,2025-03-29 02:47:55.260000,02:47:55.260000,2025,14-299a(e),,Traffic Control Signal,2025
2025-04-15 18:42:07.120000,7360134.0,CT0015600,West Haven,Racial Profile,1000688,2500014832,Incident ID,2025-03-29 00:00:00,March,B,N,M,34,True,True,West Haven,sawmill/ allings crossing,  ,  ,V,G,1.0,0,14-96c,,False,N,False,False,V,,,,,False,1.0,CT0015600,133892305216427123,2025-03-29 04:49:06.080000,04:49:06.080000,2025,14-96c,,Defective Lights,2025
2025-04-15 18:42:06.970000,7360092.0,CT0015600,West Haven,Racial Profile,1000637,2500014885,Incident ID,2025-03-29 00:00:00,March,W,H,M,45,True,False,WEST HAVEN,SPRING STREET,  ,  ,V,G,1.0,0,14-12(a)*,,False,N,False,False,V,,,,,False,1.0,CT0015600,133892305216427123,2025-03-29 13:24:15.553000,13:24:15.553000,2025,,,Registration,2025
2025-04-15 18:42:07.113000,7360132.0,CT0015600,West Haven,Racial Profile,1000688,2500014822,Incident ID,2025-03-29 00:00:00,March,W,H,M,51,True,True,West Haven,york/sawmill,  ,  ,I,G,1.0,0,14-18(a),,False,N,False,False,V,,,,,False,1.0,CT0015600,133892305216427123,2025-03-29 02:30:31.117000,02:30:31.117000,2025,14-18(a),,Display of Plates,2025
2025-04-15 18:42:06.540000,7359968.0,CT0015600,West Haven,Racial Profile,1128,2500014829,Incident ID,2025-03-29 00:00:00,March,W,H,F,62,True,False,West Haven,Post Rd / Pruden,  ,  ,E,G,1.0,0,14-96,,False,N,False,False,V,,,,,False,1.0,CT0015600,133892305216427123,2025-03-29 03:42:09.743000,03:42:09.743000,2025,14-96,,Defective Lights,2025
2025-04-15 18:42:06.947000,7360083.0,CT0015600,West Haven,Racial Profile,1000636,2500014981,Incident ID,2025-03-30 00:00:00,March,B,N,M,46,True,False,West Haven,campbell and ward,  ,  ,V,G,1.0,0,14-18(a),,False,N,False,False,N,,,,,False,1.0,CT0015600,133892305216427123,2025-03-30 02:58:10.087000,02:58:10.087000,2025,,,Display of Plates,2025
2025-04-15 18:42:06.543000,7359969.0,CT0015600,West Haven,Racial Profile,1128,2500014986,Incident ID,2025-03-30 00:00:00,March,B,N,M,45,True,False,West Haven,Boston Post Rd,  ,  ,V,G,1.0,0,14-299,,False,N,False,False,V,,,,,False,1.0,CT0015600,133892305216427123,2025-03-30 03:24:39.053000,03:24:39.053000,2025,14-299,,Traffic Control Signal,2025
2025-04-15 18:42:06.673000,7360000.0,CT0015600,West Haven,Racial Profile,1000331,2500015010,Incident ID,2025-03-30 00:00:00,March,W,M,M,25,True,True,West Haven,Boston Post Road X Fairfax Street,  ,  ,V,G,1.0,0,14-299,,False,N,False,False,V,,,,,False,1.0,CT0015600,133892305216427123,2025-03-30 10:02:01.237000,10:02:01.237000,2025,,,Traffic Control Signal,2025
2025-04-15 18:42:07.130000,7360135.0,CT0015600,West Haven,Racial Profile,1000688,2500014983,Incident ID,2025-03-30 00:00:00,March,B,N,M,24,True,True,West Haven,elm/washingotn ,  ,  ,V,G,1.0,0,14-12(a),,False,N,False,False,V,,,,,False,1.0,CT0015600,133892305216427123,2025-03-30 03:09:29.830000,03:09:29.830000,2025,14-12a,,Registration,2025
2025-04-15 18:42:06.710000,7360009.0,CT0015600,West Haven,Racial Profile,1000549,2500015094,Incident ID,2025-03-31 00:00:00,March,B,N,M,33,True,False,West Haven,campbell / curtis pl,  ,  ,E,G,1.0,0,14-147,,False,N,False,False,V,,,,,False,1.0,CT0015600,133892305216427123,2025-03-31 02:32:07.247000,02:32:07.247000,2025,,,Administrative Offense,2025
2025-04-15 18:42:06.773000,7360026.0,CT0015600,West Haven,Racial Profile,1000600,2500015212,Incident ID,2025-03-31 00:00:00,March,B,N,M,33,True,False,West Haven,753 Campbell Ave. ,  ,  ,V,G,1.0,0,14-147(c),,False,N,False,False,V,,,,,False,1.0,CT0015600,133892305216427123,2025-03-31 18:31:29.410000,18:31:29.410000,2025,,,Administrative Offense,2025
2025-04-15 18:42:06.840000,7360050.0,CT0015600,West Haven,Racial Profile,1000602,2500015144,Incident ID,2025-03-31 00:00:00,March,W,H,M,39,True,False,West Haven,campbell avenue,  ,  ,V,G,1.0,0,14-12(a)*,,False,N,False,False,V,,,,,False,1.0,CT0015600,133892305216427123,2025-03-31 10:06:56.870000,10:06:56.870000,2025,,,Registration,2025
2025-04-15 18:42:06.560000,7359974.0,CT0015600,West Haven,Racial Profile,1155,2500015226,Incident ID,2025-03-31 00:00:00,March,W,H,M,21,True,False,WEST HAVEN,railroad ave/aillings crossing,  ,  ,V,G,1.0,0,14-299,,False,N,False,False,V,,,,,False,1.0,CT0015600,133892305216427123,2025-03-31 21:13:59.223000,21:13:59.223000,2025,,,Traffic Control Signal,2025
2025-05-15 18:42:32.883000,7433917.0,CT0015600,West Haven,Racial Profile,1000615,2500015316,Incident ID,2025-04-01 00:00:00,April,B,N,M,19,True,False,WEST HAVEN,elm/savin,  ,  ,V,G,1.0,0,14-12(a)*,,False,N,False,False,I,,,,,False,1.0,CT0015600,133918225488455336,2025-04-01 11:40:42.193000,11:40:42.193000,2025,14-12(a)*,,Registration,2025
2025-05-15 18:42:32.623000,7433872.0,CT0015600,West Haven,Racial Profile,1000602,2500015287,Incident ID,2025-04-01 00:00:00,April,W,N,M,58,True,True,West Haven,main and savin,  ,  ,V,G,1.0,0,14-299,,False,N,False,False,I,,,,,False,1.0,CT0015600,133918225488455336,2025-04-01 07:41:10.093000,07:41:10.093000,2025,,,Traffic Control Signal,2025
2025-05-15 18:42:32.640000,7433873.0,CT0015600,West Haven,Racial Profile,1000602,2500015320,Incident ID,2025-04-01 00:00:00,April,W,N,F,47,True,True,West Haven,first avenuye,  ,  ,V,G,1.0,0,14-12(a)*,,False,N,False,False,V,,,,,False,1.0,CT0015600,133918225488455336,2025-04-01 11:59:48.103000,11:59:48.103000,2025,,,Registration,2025
2025-05-15 18:42:33.213000,7433971.0,CT0015600,West Haven,Racial Profile,1000661,2500015325,Incident ID,2025-04-01 00:00:00,April,W,N,M,60,True,True,West Haven,Sawmill Road/Meloy Road,  ,  ,V,G,1.0,0,14-12(a),,False,N,False,False,V,,,,,False,1.0,CT0015600,133918225488455336,2025-04-01 12:16:58.047000,12:16:58.047000,2025,14-12(a),,Registration,2025
2025-05-15 18:42:32.883000,7433918.0,CT0015600,West Haven,Racial Profile,1000615,2500015319,Incident ID,2025-04-01 00:00:00,April,W,H,F,53,True,False,West Haven,Saw Mll/Greta street,  ,  ,V,G,2.0,1,14-215(a),,False,N,False,True,M,,,,,False,1.0,CT0015600,133918225488455336,2025-04-01 11:58:43.033000,11:58:43.033000,2025,14-215(a),,Administrative Offense,2025
2025-05-15 18:42:32.980000,7433938.0,CT0015600,West Haven,Racial Profile,1000619,2500015389,Incident ID,2025-04-01 00:00:00,April,B,N,M,26,True,True,West Haven,Boston Post Rd/Farwell Street,  ,  ,V,G,1.0,0,14-299,,False,N,False,False,V,,,,,False,1.0,CT0015600,133918225488455336,2025-04-01 20:04:30.563000,20:04:30.563000,2025,,,Traffic Control Signal,2025
2025-05-15 18:42:31.907000,7433796.0,CT0015600,West Haven,Racial Profile,1155,2500015368,Incident ID,2025-04-01 00:00:00,April,W,H,M,20,True,False,West Haven,elm st/ first ave,  ,  ,V,G,1.0,0,14-299,,False,N,False,False,V,,,,,False,1.0,CT0015600,133918225488455336,2025-04-01 17:11:04.533000,17:11:04.533000,2025,,,Traffic Control Signal,2025
2025-05-15 18:42:31.910000,7433797.0,CT0015600,West Haven,Racial Profile,1155,2500015378,Incident ID,2025-04-01 00:00:00,April,B,N,M,22,False,False,WEST HAVEN,glade st/greta st,  ,  ,V,G,1.0,0,14-218a,,False,N,False,False,V,,,,,False,1.0,CT0015600,133918225488455336,2025-04-01 18:42:11.163000,18:42:11.163000,2025,,,Speed Related,2025
2025-05-15 18:42:33.243000,7433976.0,CT0015600,West Haven,Racial Profile,1000662,2500015359,Incident ID,2025-04-01 00:00:00,April,W,M,M,38,True,False,WEST HAVEN,Bull Hill / Orange Town line,  ,  ,V,G,1.0,0,14-147,,False,N,False,False,V,,,,,False,1.0,CT0015600,133918225488455336,2025-04-01 16:31:25.847000,16:31:25.847000,2025,14-147,,Administrative Offense,2025
2025-05-15 18:42:32.560000,7433863.0,CT0015600,West Haven,Racial Profile,1000582,2500015379,Incident ID,2025-04-01 00:00:00,April,W,H,M,47,True,True,WEST HAVEN,390 First Avenue,  ,  ,V,G,2.0,1,14-147a,,False,N,False,False,M,,,,,False,1.0,CT0015600,133918225488455336,2025-04-01 18:43:02.340000,18:43:02.340000,2025,38a-371,,Administrative Offense,2025
2025-05-15 18:42:32.647000,7433874.0,CT0015600,West Haven,Racial Profile,1000602,2500015392,Incident ID,2025-04-01 00:00:00,April,B,N,F,60,True,True,WEST HAVEN,elm street,  ,  ,V,G,1.0,0,14-147(c),,False,N,False,False,V,,,,,False,1.0,CT0015600,133918225488455336,2025-04-01 20:33:52.793000,20:33:52.793000,2025,,,Administrative Offense,2025
2025-05-15 18:42:32.653000,7433875.0,CT0015600,West Haven,Racial Profile,1000602,2500015396,Incident ID,2025-04-01 00:00:00,April,B,N,M,26,True,False,West Haven,first avenue,  ,  ,V,G,1.0,0,14-147(c),,False,N,False,False,V,,,,,False,1.0,CT0015600,133918225488455336,2025-04-01 20:53:11.393000,20:53:11.393000,2025,,,Administrative Offense,2025
2025-05-15 18:42:32.657000,7433876.0,CT0015600,West Haven,Racial Profile,1000602,2500015404,Incident ID,2025-04-01 00:00:00,April,B,N,M,35,True,True,West Haven,firtst avenue,  ,  ,V,G,1.0,1,14-147(c),,True,I,False,False,M,,,,,False,1.0,CT0015600,133918225488455336,2025-04-01 21:51:14.520000,21:51:14.520000,2025,38a-371,,Administrative Offense,2025
2025-05-15 18:42:32.807000,7433905.0,CT0015600,West Haven,Racial Profile,1000614,2500015399,Incident ID,2025-04-01 00:00:00,April,B,N,M,21,True,True,West Haven,brown street/Savin,  ,  ,V,G,2.0,1,14-147,,True,I,False,False,M,,,,,False,1.0,CT0015600,133918225488455336,2025-04-01 20:56:47.733000,20:56:47.733000,2025,38a-371,,Administrative Offense,2025
2025-05-15 18:42:32.663000,7433878.0,CT0015600,West Haven,Racial Profile,1000602,2500015550,Incident ID,2025-04-02 00:00:00,April,I,N,M,27,True,True,West Haven,campbell avenue,  ,  ,V,G,2.0,1,14-215(a),,True,I,False,False,M,,,,,False,1.0,CT0015600,133918225488455336,2025-04-02 20:34:32.003000,20:34:32.003000,2025,,,Administrative Offense,2025
2025-05-15 18:42:32.887000,7433919.0,CT0015600,West Haven,Racial Profile,1000615,2500015436,Incident ID,2025-04-02 00:00:00,April,B,N,M,38,True,False,West Haven,Boston Post Rd/ Campbell Avenue ,  ,  ,V,G,1.0,0,14-36(a),,False,N,False,False,I,,,,,False,1.0,CT0015600,133918225488455336,2025-04-02 01:58:55.650000,01:58:55.650000,2025,14-36(a),,Unlicensed Operation,2025
2025-05-15 18:42:32.660000,7433877.0,CT0015600,West Haven,Racial Profile,1000602,2500015545,Incident ID,2025-04-02 00:00:00,April,B,N,M,55,True,True,West Haven,boston post rd,  ,  ,V,G,2.0,1,14-12(a)*,,True,I,False,False,M,,,,,False,1.0,CT0015600,133918225488455336,2025-04-02 19:54:22.830000,19:54:22.830000,2025,38a-371,,Registration,2025
2025-05-15 18:42:33.070000,7433950.0,CT0015600,West Haven,Racial Profile,1000637,2500015543,Incident ID,2025-04-02 00:00:00,April,B,N,M,32,True,False,West Haven,Derby Ave/ Forest Rd,  ,  ,V,G,1.0,0,14-299,,False,N,False,False,V,,,,,False,1.0,CT0015600,133918225488455336,2025-04-02 19:42:18.670000,19:42:18.670000,2025,,,Traffic Control Signal,2025
2025-05-15 18:42:33.047000,7433947.0,CT0015600,West Haven,Racial Profile,1000636,2500015477,Incident ID,2025-04-02 00:00:00,April,B,N,F,39,True,True,West Haven,boston post rd/ peabody,  ,  ,I,G,2.0,1,38a-371,,False,N,False,True,U,,,,,False,1.0,CT0015600,133918225488455336,2025-04-02 09:31:36.237000,09:31:36.237000,2025,,,Other,2025
2025-05-15 18:42:32.817000,7433906.0,CT0015600,West Haven,Racial Profile,1000614,2500015650,Incident ID,2025-04-03 00:00:00,April,B,N,M,53,True,False,West Haven,Meloy Rd/ Eagle Pl,  ,  ,V,G,1.0,0,14-12(a)*,,False,N,False,False,I,,,,,False,1.0,CT0015600,133918225488455336,2025-04-03 13:32:36.060000,13:32:36.060000,2025,,,Registration,2025
2025-05-15 18:42:32.820000,7433907.0,CT0015600,West Haven,Racial Profile,1000614,2500015686,Incident ID,2025-04-03 00:00:00,April,W,N,F,42,True,True,West Haven,Elm street,  ,  ,V,G,1.0,0,14-12(a),,False,N,False,False,V,,,,,False,1.0,CT0015600,133918225488455336,2025-04-03 17:22:46.473000,17:22:46.473000,2025,,,Registration,2025
2025-05-15 18:42:32.890000,7433920.0,CT0015600,West Haven,Racial Profile,1000615,2500015642,Incident ID,2025-04-03 00:00:00,April,W,N,M,52,True,True,West Haven,Captain Thomas Blvd/ Campbell Avenue ,  ,  ,V,G,1.0,0,14-299,,False,N,False,False,V,,,,,False,1.0,CT0015600,133918225488455336,2025-04-03 11:47:48.593000,11:47:48.593000,2025,14-299,,Traffic Control Signal,2025
2025-05-15 18:42:33.050000,7433948.0,CT0015600,West Haven,Racial Profile,1000636,2500015591,Incident ID,2025-04-03 00:00:00,April,B,N,F,26,True,False,West Haven,elm/ second,  ,  ,I,G,1.0,0,14-12(a),,False,N,False,False,W,,,,,False,1.0,CT0015600,133918225488455336,2025-04-03 02:01:22.270000,02:01:22.270000,2025,,,Registration,2025
2025-05-15 18:42:32.547000,7433859.0,CT0015600,West Haven,Racial Profile,1000568,2500015584,Incident ID,2025-04-03 00:00:00,April,B,N,F,31,True,True,West Haven,Main / Union,  ,  ,E,G,1.0,0,14-96a(a),,False,N,False,False,V,,,,,False,1.0,CT0015600,133918225488455336,2025-04-03 00:56:02.830000,00:56:02.830000,2025,14-96a(a),,Defective Lights,2025
2025-05-15 18:42:32.683000,7433879.0,CT0015600,West Haven,Racial Profile,1000602,2500015706,Incident ID,2025-04-03 00:00:00,April,B,N,M,23,True,False,West Haven,West Spring Street,  ,  ,I,G,3.0,1,14-147(c),,True,I,True,True,U,,,,,False,1.0,CT0015600,133918225488455336,2025-04-03 19:14:03.610000,19:14:03.610000,2025,21a-278b(c(2),,Administrative Offense,2025
2025-05-15 18:42:32.530000,7433854.0,CT0015600,West Haven,Racial Profile,1000549,2500015587,Incident ID,2025-04-03 00:00:00,April,B,N,M,32,True,False,West Haven,main / union,  ,  ,I,G,2.0,0,14-13,,False,N,False,False,V,,,,,False,1.0,CT0015600,133918225488455336,2025-04-03 01:14:29,01:14:29,2025,,,Registration,2025
2025-05-15 18:42:33.423000,7434002.0,CT0015600,West Haven,Racial Profile,1000698,2500015615,Incident ID,2025-04-03 00:00:00,April,B,N,M,52,True,False,West Haven,Boston Post Road/Ardale,  ,  ,I,G,1.0,0,14-96e,,False,N,False,False,V,,,,,False,1.0,CT0015600,133918225488455336,2025-04-03 08:05:25.683000,08:05:25.683000,2025,14-96e,,Defective Lights,2025
2025-05-15 18:42:33.427000,7434003.0,CT0015600,West Haven,Racial Profile,1000698,2500015647,Incident ID,2025-04-03 00:00:00,April,W,H,F,29,True,False,WEST HAVEN,855 Boston Post Road,  ,  ,E,G,2.0,0,38a-371,,False,N,False,True,M,,,,,False,1.0,CT0015600,133918225488455336,2025-04-03 12:45:51.910000,12:45:51.910000,2025,38a-371,,Other,2025
2025-05-15 18:42:33.337000,7433992.0,CT0015600,West Haven,Racial Profile,1000688,2500015592,Incident ID,2025-04-03 00:00:00,April,B,N,M,25,True,True,West Haven,campbell ave/ brown25,  ,  ,E,G,1.0,0,14-96a(a),,False,N,False,False,V,,,,,False,1.0,CT0015600,133918225488455336,2025-04-03 02:06:10.493000,02:06:10.493000,2025,14-12(a),,Defective Lights,2025
2025-05-15 18:42:31.893000,7433793.0,CT0015600,West Haven,Racial Profile,1128,2500015594,Incident ID,2025-04-03 00:00:00,April,B,N,M,33,True,False,West Haven,Post Rd/Front,  ,  ,E,G,1.0,0,14-96,,False,N,False,False,V,,,,,False,1.0,CT0015600,133918225488455336,2025-04-03 02:18:07.690000,02:18:07.690000,2025,14-96,,Defective Lights,2025
2025-05-15 18:42:32.890000,7433921.0,CT0015600,West Haven,Racial Profile,1000615,2500015644,Incident ID,2025-04-03 00:00:00,April,W,N,F,59,True,False,West Haven,Elm/First ,  ,  ,V,G,1.0,0,14-12(a)*,,False,N,False,False,I,,,,,False,1.0,CT0015600,133918225488455336,2025-04-03 12:09:34.190000,12:09:34.190000,2025,14-12(a)*,,Registration,2025
2025-05-15 18:42:32.380000,7433826.0,CT0015600,West Haven,Racial Profile,1000465,2500015917,Incident ID,2025-04-04 00:00:00,April,W,M,M,25,True,False,West Haven,Elm Street / Washington Avenue,  ,  ,V,G,1.0,0,14-245,,False,N,False,False,V,,,,,False,1.0,CT0015600,133918225488455336,2025-04-04 21:18:13.820000,21:18:13.820000,2025,14-218a,,Moving Violation,2025
2025-05-15 18:42:32.983000,7433939.0,CT0015600,West Haven,Racial Profile,1000620,2500015927,Incident ID,2025-04-04 00:00:00,April,B,N,F,22,True,True,West Haven,First Ave/Spring,  ,  ,E,G,1.0,0,14-96r,,False,N,False,False,V,,,,,False,1.0,CT0015600,133918225488455336,2025-04-04 22:11:56.517000,22:11:56.517000,2025,14-96r,,Defective Lights,2025
2025-05-15 18:42:32.537000,7433856.0,CT0015600,West Haven,Racial Profile,1000558,2500015934,Incident ID,2025-04-04 00:00:00,April,B,N,F,30,True,False,West Haven,campbell / abner,  ,  ,V,G,1.0,0,14-12(a),,False,N,False,False,V,,,,,False,1.0,CT0015600,133918225488455336,2025-04-04 23:19:45.680000,23:19:45.680000,2025,,,Registration,2025
2025-05-15 18:42:33.057000,7433949.0,CT0015600,West Haven,Racial Profile,1000636,2500015767,Incident ID,2025-04-04 00:00:00,April,W,H,F,25,True,True,West Haven,elm/ washington,  ,  ,V,G,1.0,0,14-299,,False,N,False,False,V,,,,,False,1.0,CT0015600,133918225488455336,2025-04-04 01:48:03.900000,01:48:03.900000,2025,,,Traffic Control Signal,2025
2025-05-15 18:42:32.900000,7433923.0,CT0015600,West Haven,Racial Profile,1000615,2500015791,Incident ID,2025-04-04 00:00:00,April,W,H,M,27,True,True,West Haven,derby/ elizabeth ,  ,  ,V,G,1.0,0,14-218a,,False,N,False,False,V,,,,,False,1.0,CT0015600,133918225488455336,2025-04-04 04:23:45.260000,04:23:45.260000,2025,14-218,,Speed Related,2025
2025-05-15 18:42:33.297000,7433984.0,CT0015600,West Haven,Racial Profile,1000687,2500015769,Incident ID,2025-04-04 00:00:00,April,B,N,M,58,True,False,West Haven,Derby Ave/Forest Rd,  ,  ,V,G,1.0,0,14-218a,,False,N,False,False,V,,,,,False,1.0,CT0015600,133918225488455336,2025-04-04 01:58:53.120000,01:58:53.120000,2025,14-218a,,Speed Related,2025
2025-05-15 18:42:33.320000,7433988.0,CT0015600,West Haven,Racial Profile,1000687,2500015793,Incident ID,2025-04-04 00:00:00,April,W,H,F,45,True,False,West Haven,Derby Ave/Forest Rd,  ,  ,V,G,1.0,0,14-218a,,False,N,False,False,V,,,,,False,1.0,CT0015600,133918225488455336,2025-04-04 04:36:05.893000,04:36:05.893000,2025,14-218a,,Speed Related,2025
2025-05-15 18:42:33.307000,7433985.0,CT0015600,West Haven,Racial Profile,1000687,2500015778,Incident ID,2025-04-04 00:00:00,April,B,N,F,42,True,False,West Haven,Derby Ave/Forest Rd,  ,  ,V,G,1.0,0,14-218a,,False,N,False,False,V,,,,,False,1.0,CT0015600,133918225488455336,2025-04-04 02:33:22.167000,02:33:22.167000,2025,14-218a,,Speed Related,2025
2025-05-15 18:42:33.347000,7433993.0,CT0015600,West Haven,Racial Profile,1000688,2500015774,Incident ID,2025-04-04 00:00:00,April,W,H,M,27,False,False,West Haven,derby /forest,  ,  ,V,B,1.0,0,14-218,,False,N,False,False,V,,,,,False,1.0,CT0015600,133918225488455336,2025-04-04 02:18:22.767000,02:18:22.767000,2025,14-218,,Speed Related,2025
2025-05-15 18:42:33.370000,7433995.0,CT0015600,West Haven,Racial Profile,1000688,2500015789,Incident ID,2025-04-04 00:00:00,April,W,N,F,60,True,False,West Haven,derby/ forest,  ,  ,V,B,1.0,0,14-218a,,False,N,False,False,V,,,,,False,1.0,CT0015600,133918225488455336,2025-04-04 03:55:10.213000,03:55:10.213000,2025,14-218a,,Speed Related,2025
2025-05-15 18:42:33.383000,7433996.0,CT0015600,West Haven,Racial Profile,1000688,2500015792,Incident ID,2025-04-04 00:00:00,April,W,N,M,30,True,False,West Haven,derby/ forest,  ,  ,V,B,1.0,0,14-218a,,False,N,False,False,V,,,,,False,1.0,CT0015600,133918225488455336,2025-04-04 04:24:11.073000,04:24:11.073000,2025,14-218a,,Speed Related,2025
2025-05-15 18:42:31.900000,7433794.0,CT0015600,West Haven,Racial Profile,1128,2500015770,Incident ID,2025-04-04 00:00:00,April,B,N,M,52,True,True,West Haven,Wood St,  ,  ,E,G,1.0,0,14-96,,False,N,False,False,V,,,,,False,1.0,CT0015600,133918225488455336,2025-04-04 01:59:41.790000,01:59:41.790000,2025,14-96,,Defective Lights,2025
2025-05-15 18:42:33.313000,7433987.0,CT0015600,West Haven,Racial Profile,1000687,2500015788,Incident ID,2025-04-04 00:00:00,April,B,N,M,35,True,False,West Haven,Derby Ave/Forest Rd,  ,  ,V,G,1.0,0,14-218a,,False,N,False,False,V,,,,,False,1.0,CT0015600,133918225488455336,2025-04-04 03:43:15.393000,03:43:15.393000,2025,14-218a,,Speed Related,2025
2025-05-15 18:42:32.687000,7433880.0,CT0015600,West Haven,Racial Profile,1000602,2500015924,Incident ID,2025-04-04 00:00:00,April,W,H,M,46,True,True,West Haven,spring street,  ,  ,V,G,2.0,1,14-147(c),,True,I,False,False,M,,,,,False,1.0,CT0015600,133918225488455336,2025-04-04 21:36:13.830000,21:36:13.830000,2025,38a-371,,Administrative Offense,2025
2025-05-15 18:42:32.897000,7433922.0,CT0015600,West Haven,Racial Profile,1000615,2500015790,Incident ID,2025-04-04 00:00:00,April,W,H,M,29,True,False,West Haven,derbt/ elizabeth,  ,  ,V,G,1.0,0,14-218a,,False,N,False,False,V,,,,,False,1.0,CT0015600,133918225488455336,2025-04-04 04:03:08.267000,04:03:08.267000,2025,14-218a,,Speed Related,2025
2025-05-15 18:42:33.310000,7433986.0,CT0015600,West Haven,Racial Profile,1000687,2500015786,Incident ID,2025-04-04 00:00:00,April,W,N,F,59,True,False,West Haven,Derby Ave/ Forest Rd,  ,  ,V,G,1.0,0,14-218a,,False,N,False,False,V,,,,,False,1.0,CT0015600,133918225488455336,2025-04-04 03:16:00.920000,03:16:00.920000,2025,14-218a,,Speed Related,2025
2025-05-15 18:42:33.353000,7433994.0,CT0015600,West Haven,Racial Profile,1000688,2500015784,Incident ID,2025-04-04 00:00:00,April,W,N,M,29,True,True,West Haven,elizabeth st,  ,  ,V,B,1.0,0,14-218a,,False,N,False,False,V,,,,,False,1.0,CT0015600,133918225488455336,2025-04-04 03:01:03.607000,03:01:03.607000,2025,14-218a,,Speed Related,2025
2025-05-15 18:42:31.987000,7433806.0,CT0015600,West Haven,Racial Profile,1221,2500015933,Incident ID,2025-04-04 00:00:00,April,B,N,M,32,True,False,West Haven,Kelsey Ave / Church St,  ,  ,I,G,1.0,0,14-301,,False,N,False,False,I,,,,,False,1.0,CT0015600,133918225488455336,2025-04-04 22:42:55.687000,22:42:55.687000,2025,14-301,,Stop Sign,2025
2025-05-15 18:42:32.700000,7433883.0,CT0015600,West Haven,Racial Profile,1000602,2500016053,Incident ID,2025-04-05 00:00:00,April,B,N,F,37,True,True,West Haven,campbell avenue,  ,  ,V,G,2.0,1,14-215(a),,True,I,False,False,M,,,,,False,1.0,CT0015600,133918225488455336,2025-04-05 22:21:14.533000,22:21:14.533000,2025,,,Administrative Offense,2025
2025-05-15 18:42:32.967000,7433935.0,CT0015600,West Haven,Racial Profile,1000616,2500015942,Incident ID,2025-04-05 00:00:00,April,B,N,M,19,True,True,West Haven,Elm street ,  ,  ,E,G,1.0,0,14-96b,,False,N,False,False,V,,,,,False,1.0,CT0015600,133918225488455336,2025-04-05 00:35:37.047000,00:35:37.047000,2025,,,Defective Lights,2025
2025-05-15 18:42:33.433000,7434004.0,CT0015600,West Haven,Racial Profile,1000698,2500015970,Incident ID,2025-04-05 00:00:00,April,B,N,M,61,True,False,WEST HAVEN,Boston Post Road/ New Haven Line,  ,  ,V,G,2.0,1,14-99g(g),,False,N,False,True,M,,,,,False,1.0,CT0015600,133918225488455336,2025-04-05 09:07:06.133000,09:07:06.133000,2025,38a-371,,Window Tint,2025
2025-05-15 18:42:32.693000,7433881.0,CT0015600,West Haven,Racial Profile,1000602,2500015945,Incident ID,2025-04-05 00:00:00,April,W,H,M,25,True,False,West Haven,elm street,  ,  ,V,G,2.0,1,14-147(c),,True,I,False,False,M,,,,,False,1.0,CT0015600,133918225488455336,2025-04-05 01:01:36.253000,01:01:36.253000,2025,38a-371,,Administrative Offense,2025
2025-05-15 18:42:32.697000,7433882.0,CT0015600,West Haven,Racial Profile,1000602,2500016047,Incident ID,2025-04-05 00:00:00,April,W,H,M,20,True,False,West Haven,first avenue,  ,  ,V,G,2.0,1,14-147(c),,True,I,False,False,M,,,,,False,1.0,CT0015600,133918225488455336,2025-04-05 21:00:04.800000,21:00:04.800000,2025,38a-371,,Administrative Offense,2025
2025-05-15 18:42:32.990000,7433940.0,CT0015600,West Haven,Racial Profile,1000620,2500016052,Incident ID,2025-04-05 00:00:00,April,B,N,M,21,True,False,West Haven,campbell/boston post,  ,  ,V,G,1.0,0,14-299,,False,N,False,False,V,,,,,False,1.0,CT0015600,133918225488455336,2025-04-05 21:44:15.370000,21:44:15.370000,2025,14-299,,Traffic Control Signal,2025
2025-05-15 18:42:33.267000,7433979.0,CT0015600,West Haven,Racial Profile,1000673,2500016175,Incident ID,2025-04-06 00:00:00,April,W,N,M,36,True,False,West Haven,Derby Ave,  ,  ,V,G,2.0,1,14-119,,True,I,False,False,V,,,,,False,1.0,CT0015600,133918225488455336,2025-04-06 18:34:16.610000,18:34:16.610000,2025,,,Other,2025
2025-05-15 18:42:33.323000,7433989.0,CT0015600,West Haven,Racial Profile,1000687,2500016223,Incident ID,2025-04-07 00:00:00,April,W,N,F,37,True,False,West Haven,Elm St/Water St,  ,  ,V,G,1.0,0,14-301,,False,N,False,False,V,,,,,False,1.0,CT0015600,133918225488455336,2025-04-07 01:23:05.550000,01:23:05.550000,2025,14-301,,Stop Sign,2025
2025-05-15 18:42:31.900000,7433795.0,CT0015600,West Haven,Racial Profile,1128,2500016221,Incident ID,2025-04-07 00:00:00,April,W,H,F,37,True,False,West Haven,Campbell Ave,  ,  ,V,G,1.0,0,14-299,,False,N,False,False,V,,,,,False,1.0,CT0015600,133918225488455336,2025-04-07 01:21:31.980000,01:21:31.980000,2025,14-299,,Traffic Control Signal,2025
2025-05-15 18:42:33.327000,7433990.0,CT0015600,West Haven,Racial Profile,1000687,2500016225,Incident ID,2025-04-07 00:00:00,April,W,H,M,21,False,False,West Haven,First / Main,  ,  ,V,G,1.0,0,14-301,,False,N,False,False,V,,,,,False,1.0,CT0015600,133918225488455336,2025-04-07 01:51:14.360000,01:51:14.360000,2025,,,Stop Sign,2025
2025-05-15 18:42:33.330000,7433991.0,CT0015600,West Haven,Racial Profile,1000687,2500016231,Incident ID,2025-04-07 00:00:00,April,W,N,M,22,True,True,West Haven,Elm st/ First Ave,  ,  ,V,G,1.0,0,14-301,,False,N,False,False,V,,,,,False,1.0,CT0015600,133918225488455336,2025-04-07 02:25:47.233000,02:25:47.233000,2025,,,Stop Sign,2025
2025-05-15 18:42:32.390000,7433827.0,CT0015600,West Haven,Racial Profile,1000465,2500016425,Incident ID,2025-04-08 00:00:00,April,B,N,F,20,True,True,West Haven,Union / Center,  ,  ,E,G,1.0,0,14-99g(g),,False,N,False,False,V,,,,,False,1.0,CT0015600,133918225488455336,2025-04-08 09:53:13.610000,09:53:13.610000,2025,,,Window Tint,2025
2025-05-15 18:42:32.393000,7433828.0,CT0015600,West Haven,Racial Profile,1000465,2500016435,Incident ID,2025-04-08 00:00:00,April,B,N,F,40,True,False,West Haven,Campbell / Dana,  ,  ,V,G,1.0,0,14-299,,False,N,False,False,V,,,,,False,1.0,CT0015600,133918225488455336,2025-04-08 10:55:20.887000,10:55:20.887000,2025,,,Traffic Control Signal,2025
2025-05-15 18:42:32.563000,7433864.0,CT0015600,West Haven,Racial Profile,1000582,2500016488,Incident ID,2025-04-08 00:00:00,April,B,N,M,34,True,False,WEST HAVEN,Elm Street/ New Haven line,  ,  ,V,G,2.0,1,14-147a,,True,I,False,False,M,,,,,False,1.0,CT0015600,133918225488455336,2025-04-08 17:34:54.297000,17:34:54.297000,2025,38a-371,,Administrative Offense,2025
2025-05-15 18:42:31.997000,7433808.0,CT0015600,West Haven,Racial Profile,1000331,2500016419,Incident ID,2025-04-08 00:00:00,April,W,H,F,42,True,True,West Haven,Boston Post Road X Ardale Street,  ,  ,V,G,1.0,0,14-296aa(b),,False,N,False,False,V,,,,,False,1.0,CT0015600,133918225488455336,2025-04-08 09:11:12.467000,09:11:12.467000,2025,,,Cell Phone,2025
2025-05-15 18:42:32.703000,7433884.0,CT0015600,West Haven,Racial Profile,1000602,2500016503,Incident ID,2025-04-08 00:00:00,April,W,N,M,25,True,True,West Haven,campbell avenue,  ,  ,V,G,1.0,0,14-147(c),,False,N,False,False,V,,,,,False,1.0,CT0015600,133918225488455336,2025-04-08 19:59:10.637000,19:59:10.637000,2025,,,Administrative Offense,2025
2025-05-15 18:42:33,7433941.0,CT0015600,West Haven,Racial Profile,1000621,2500016514,Incident ID,2025-04-08 00:00:00,April,W,N,M,22,True,False,West Haven,Campbell Avenue/Terrace,  ,  ,I,G,1.0,1,14-12(a)*,,False,N,False,False,V,,,,,False,1.0,CT0015600,133918225488455336,2025-04-08 21:08:29.600000,21:08:29.600000,2025,,,Registration,2025
2025-05-15 18:42:32.610000,7433870.0,CT0015600,West Haven,Racial Profile,1000600,2500016523,Incident ID,2025-04-08 00:00:00,April,W,H,F,20,True,False,WEST HAVEN,Elm St./ Kimberly Ave. ,  ,  ,V,S,1.0,0,14-232(1),,False,N,False,False,V,,,,,False,1.0,CT0015600,133918225488455336,2025-04-08 21:35:15.687000,21:35:15.687000,2025,,,Moving Violation,2025
2025-05-15 18:42:33.153000,7433962.0,CT0015600,West Haven,Racial Profile,1000658,2500016427,Incident ID,2025-04-08 00:00:00,April,B,N,F,23,True,False,West Haven,elm st,  ,  ,V,G,1.0,0,14-218a,,False,N,False,False,V,,,,,False,1.0,CT0015600,133918225488455336,2025-04-08 10:05:24.157000,10:05:24.157000,2025,,,Speed Related,2025
2025-05-15 18:42:32.853000,7433909.0,CT0015600,West Haven,Racial Profile,1000614,2500016502,Incident ID,2025-04-08 00:00:00,April,B,N,M,30,True,False,West Haven,Green Hill,  ,  ,V,G,1.0,0,14-12(a),,False,N,False,False,V,,,,,False,1.0,CT0015600,133918225488455336,2025-04-08 19:37:41.043000,19:37:41.043000,2025,,,Registration,2025
2025-05-15 18:42:32.493000,7433846.0,CT0015600,West Haven,Racial Profile,1000539,2500016434,Incident ID,2025-04-08 00:00:00,April,W,N,M,25,True,False,West Haven,campbell/boston post,  ,  ,V,G,1.0,0,14-12(a)*,,False,N,False,False,W,,,,,False,1.0,CT0015600,133918225488455336,2025-04-08 10:43:32.740000,10:43:32.740000,2025,,,Registration,2025
2025-05-15 18:42:32.707000,7433885.0,CT0015600,West Haven,Racial Profile,1000602,2500016505,Incident ID,2025-04-08 00:00:00,April,W,N,M,43,True,False,West Haven,first ave,  ,  ,V,G,3.0,1,14-12(a)*,,True,I,False,False,M,,,,,False,1.0,CT0015600,133918225488455336,2025-04-08 20:17:29.873000,20:17:29.873000,2025,38a-371,,Registration,2025
2025-05-15 18:42:32.840000,7433908.0,CT0015600,West Haven,Racial Profile,1000614,2500016495,Incident ID,2025-04-08 00:00:00,April,W,H,M,29,True,True,West Haven,Washintgon and Blohm street,  ,  ,V,G,2.0,0,14-301,,False,N,False,False,I,,,,,False,1.0,CT0015600,133918225488455336,2025-04-08 18:40:07.053000,18:40:07.053000,2025,,,Stop Sign,2025
2025-05-15 18:42:33.160000,7433963.0,CT0015600,West Haven,Racial Profile,1000658,2500016446,Incident ID,2025-04-08 00:00:00,April,B,N,M,21,True,False,West Haven,elmst,  ,  ,V,G,2.0,1,14-12(a)*,,True,I,False,False,I,,,,,False,1.0,CT0015600,133918225488455336,2025-04-08 12:30:27.477000,12:30:27.477000,2025,14-12(a)*,,Registration,2025
2025-05-15 18:42:31.917000,7433798.0,CT0015600,West Haven,Racial Profile,1155,2500016509,Incident ID,2025-04-08 00:00:00,April,B,N,M,20,False,False,West Haven,washington ave/ wharton st,  ,  ,V,G,1.0,0,14-299,,False,N,False,False,V,,,,,False,1.0,CT0015600,133918225488455336,2025-04-08 20:57:29.753000,20:57:29.753000,2025,,,Traffic Control Signal,2025
2025-05-15 18:42:32,7433809.0,CT0015600,West Haven,Racial Profile,1000331,2500016454,Incident ID,2025-04-08 00:00:00,April,W,H,M,21,False,False,West Haven,Boston Post Road X Farwell Street,  ,  ,V,G,1.0,0,14-299,,False,N,False,False,V,,,,,False,1.0,CT0015600,133918225488455336,2025-04-08 13:27:24.733000,13:27:24.733000,2025,,,Traffic Control Signal,2025
2025-05-15 18:42:31.970000,7433804.0,CT0015600,West Haven,Racial Profile,1200,2500016426,Incident ID,2025-04-08 00:00:00,April,B,N,F,77,True,False,WEST HAVEN,CAMPB & CTB,  ,  ,E,G,1.0,0,14-96c,,False,N,False,False,V,,,,,False,1.0,CT0015600,133918225488455336,2025-04-08 09:57:11.100000,09:57:11.100000,2025,,,Defective Lights,2025
2025-05-15 18:42:32.503000,7433847.0,CT0015600,West Haven,Racial Profile,1000539,2500016607,Incident ID,2025-04-09 00:00:00,April,W,H,F,43,True,True,West Haven,platt/sorensen,  ,  ,V,G,1.0,0,14-219,,False,N,False,False,V,,,,,False,1.0,CT0015600,133918225488455336,2025-04-09 11:36:44.307000,11:36:44.307000,2025,,,Speed Related,2025
2025-05-15 18:42:32.510000,7433848.0,CT0015600,West Haven,Racial Profile,1000539,2500016613,Incident ID,2025-04-09 00:00:00,April,W,M,M,33,True,True,West Haven,COVEBROOK/PLATT,  ,  ,V,G,1.0,0,14-296aa(b),,False,N,False,False,V,,,,,False,1.0,CT0015600,133918225488455336,2025-04-09 12:22:14.290000,12:22:14.290000,2025,,,Cell Phone,2025
2025-05-15 18:42:33.080000,7433951.0,CT0015600,West Haven,Racial Profile,1000637,2500016655,Incident ID,2025-04-09 00:00:00,April,B,N,M,36,True,True,WEST HAVEN,Front Avenue/ Boston post Road,  ,  ,V,G,2.0,1,14-147c,,False,N,False,False,I,,,,,False,1.0,CT0015600,133918225488455336,2025-04-09 18:09:28.260000,18:09:28.260000,2025,,,Administrative Offense,2025
2025-05-15 18:42:33.437000,7434005.0,CT0015600,West Haven,Racial Profile,1000698,2500016599,Incident ID,2025-04-09 00:00:00,April,B,N,M,40,True,False,WEST HAVEN,Elm Street/ Stop & Shop,  ,  ,V,G,2.0,0,14-301,,False,N,False,True,M,,,,,False,1.0,CT0015600,133918225488455336,2025-04-09 10:16:57.093000,10:16:57.093000,2025,38a-371,,Stop Sign,2025
2025-05-15 18:42:31.923000,7433799.0,CT0015600,West Haven,Racial Profile,1155,2500016606,Incident ID,2025-04-09 00:00:00,April,B,N,F,21,True,False,West Haven,SAWMILL/I95 NORTH ON RAMP,  ,  ,V,G,1.0,0,14-299,,False,N,False,False,I,,,,,False,1.0,CT0015600,133918225488455336,2025-04-09 11:28:35.807000,11:28:35.807000,2025,,,Traffic Control Signal,2025
2025-05-15 18:42:32.020000,7433810.0,CT0015600,West Haven,Racial Profile,1000331,2500016602,Incident ID,2025-04-09 00:00:00,April,B,N,M,62,True,False,West Haven,Boston Post Road X Campbell Avenue,  ,  ,V,G,1.0,0,14-232(a)(1),,False,N,False,False,V,,,,,False,1.0,CT0015600,133918225488455336,2025-04-09 10:51:49.770000,10:51:49.770000,2025,,,Moving Violation,2025
2025-05-15 18:42:32.397000,7433829.0,CT0015600,West Haven,Racial Profile,1000465,2500016551,Incident ID,2025-04-09 00:00:00,April,B,N,M,35,True,True,West Haven,First Avenue / Mix Avenue,  ,  ,V,G,3.0,1,14-299,,True,I,False,True,U,,,,,False,1.0,CT0015600,133918225488455336,2025-04-09 01:45:20.727000,01:45:20.727000,2025,53a-167a,,Traffic Control Signal,2025
2025-05-15 18:42:32.553000,7433861.0,CT0015600,West Haven,Racial Profile,1000569,2500016816,Incident ID,2025-04-10 00:00:00,April,B,N,F,24,True,False,West Haven,Campbell Aveneu and Churcch Street,  ,  ,V,G,1.0,0,14-236,,False,N,False,False,V,,,,,False,1.0,CT0015600,133918225488455336,2025-04-10 17:41:12.267000,17:41:12.267000,2025,14-236,,Moving Violation,2025
2025-05-15 18:42:32.567000,7433865.0,CT0015600,West Haven,Racial Profile,1000582,2500016822,Incident ID,2025-04-10 00:00:00,April,W,H,M,16,True,False,West Haven,Washington Avenue/ Center st ,  ,  ,V,G,2.0,1,14-147a,,True,I,False,False,M,,,,,False,1.0,CT0015600,133918225488455336,2025-04-10 18:24:50.597000,18:24:50.597000,2025,14-147a,,Administrative Offense,2025
2025-05-15 18:42:32.710000,7433886.0,CT0015600,West Haven,Racial Profile,1000602,2500016830,Incident ID,2025-04-10 00:00:00,April,W,H,M,23,True,True,WEST HAVEN,elm st,  ,  ,V,G,1.0,0,14-47(c),,False,N,False,False,V,,,,,False,1.0,CT0015600,133918225488455336,2025-04-10 19:57:31.430000,19:57:31.430000,2025,,,Other,2025
2025-05-15 18:42:32.540000,7433857.0,CT0015600,West Haven,Racial Profile,1000561,2500016815,Incident ID,2025-04-10 00:00:00,April,W,N,F,62,True,True,WEST HAVEN,First/Spring,  ,  ,V,G,1.0,0,14-299,,False,N,False,False,V,,,,,False,1.0,CT0015600,133918225488455336,2025-04-10 17:40:29.493000,17:40:29.493000,2025,14-299,,Traffic Control Signal,2025
2025-05-15 18:42:33.447000,7434007.0,CT0015600,West Haven,Racial Profile,1000698,2500016765,Incident ID,2025-04-10 00:00:00,April,B,N,M,45,True,False,West Haven,Lamson Street/First Ave,  ,  ,E,G,1.0,0,14-99g(g),,False,N,False,False,V,,,,,False,1.0,CT0015600,133918225488455336,2025-04-10 11:30:39.797000,11:30:39.797000,2025,14-99g(g),,Window Tint,2025
2025-05-15 18:42:33.443000,7434006.0,CT0015600,West Haven,Racial Profile,1000698,2500016754,Incident ID,2025-04-10 00:00:00,April,B,N,M,30,True,False,West Haven,Edna Street/Terrace Ave,  ,  ,E,G,1.0,0,14-99g(g),,False,N,False,False,V,,,,,False,1.0,CT0015600,133918225488455336,2025-04-10 10:29:39.943000,10:29:39.943000,2025,14-99g(g),,Window Tint,2025
2025-05-15 18:42:32.400000,7433830.0,CT0015600,West Haven,Racial Profile,1000465,2500016863,Incident ID,2025-04-11 00:00:00,April,B,N,F,28,True,True,West Haven,48 Glade St.,  ,  ,V,G,1.0,0,14-12(a)*,,False,N,False,False,I,,,,,False,1.0,CT0015600,133918225488455336,2025-04-11 00:31:38.833000,00:31:38.833000,2025,14-223,,Registration,2025
2025-05-15 18:42:32.403000,7433831.0,CT0015600,West Haven,Racial Profile,1000465,2500016871,Incident ID,2025-04-11 00:00:00,April,W,H,F,45,True,True,West Haven,Terrace / campbell,  ,  ,V,G,1.0,0,14-147(c),,False,N,False,False,V,,,,,False,1.0,CT0015600,133918225488455336,2025-04-11 01:55:19.420000,01:55:19.420000,2025,,,Administrative Offense,2025
2025-05-15 18:42:33.087000,7433952.0,CT0015600,West Haven,Racial Profile,1000637,2500016977,Incident ID,2025-04-11 00:00:00,April,W,N,F,56,True,False,West Haven,Captain thomas/ campbell ave,  ,  ,V,G,1.0,0,14-299,,False,N,False,False,V,,,,,False,1.0,CT0015600,133918225488455336,2025-04-11 18:31:22.177000,18:31:22.177000,2025,,,Traffic Control Signal,2025
2025-05-15 18:42:33.220000,7433972.0,CT0015600,West Haven,Racial Profile,1000661,2500016941,Incident ID,2025-04-11 00:00:00,April,B,N,M,27,True,False,WEST HAVEN,354 Sawmill Road,  ,  ,V,G,2.0,0,14-215(a),,False,N,False,True,V,,,,,False,1.0,CT0015600,133918225488455336,2025-04-11 13:41:37.430000,13:41:37.430000,2025,14-215(a),,Administrative Offense,2025
2025-05-15 18:42:33.390000,7433997.0,CT0015600,West Haven,Racial Profile,1000688,2500016867,Incident ID,2025-04-11 00:00:00,April,W,H,F,34,True,True,West Haven,SAWMILL/ YORK ,  ,  ,V,G,1.0,0,14-301,,False,N,False,False,V,,,,,False,1.0,CT0015600,133918225488455336,2025-04-11 01:18:55.457000,01:18:55.457000,2025,14-301,,Stop Sign,2025
2025-05-15 18:42:32.903000,7433924.0,CT0015600,West Haven,Racial Profile,1000615,2500017066,Incident ID,2025-04-12 00:00:00,April,W,H,M,47,True,False,West Haven,First/Main,  ,  ,V,G,1.0,0,14-301,,False,N,False,False,V,,,,,False,1.0,CT0015600,133918225488455336,2025-04-12 10:44:41.520000,10:44:41.520000,2025,14-36(a),,Stop Sign,2025
2025-05-15 18:42:33.277000,7433981.0,CT0015600,West Haven,Racial Profile,1000677,2500017073,Incident ID,2025-04-12 00:00:00,April,W,H,M,51,True,False,West Haven,Forest Rd / Orange Terr,  ,  ,V,G,3.0,1,14-147(c),,False,N,False,True,U,,,,,False,1.0,CT0015600,133918225488455336,2025-04-12 11:48:39.653000,11:48:39.653000,2025,,,Administrative Offense,2025
2025-05-15 18:42:33.447000,7434008.0,CT0015600,West Haven,Racial Profile,1000698,2500017060,Incident ID,2025-04-12 00:00:00,April,W,H,M,61,True,False,WEST HAVEN,Boston Post Road/ Front Avenue,  ,  ,V,G,2.0,1,14-12(a),,False,N,False,True,M,,,,,False,1.0,CT0015600,133918225488455336,2025-04-12 10:09:25.530000,10:09:25.530000,2025,38a-371,,Registration,2025
2025-05-15 18:42:32.030000,7433811.0,CT0015600,West Haven,Racial Profile,1000331,2500017067,Incident ID,2025-04-12 00:00:00,April,B,N,F,31,True,True,West Haven,Boston Post Road X Peabody Street,  ,  ,V,G,1.0,0,14-299,,False,N,False,False,V,,,,,False,1.0,CT0015600,133918225488455336,2025-04-12 10:52:04.220000,10:52:04.220000,2025,,,Traffic Control Signal,2025
2025-05-15 18:42:32.407000,7433832.0,CT0015600,West Haven,Racial Profile,1000465,2500017061,Incident ID,2025-04-12 00:00:00,April,B,N,M,23,True,False,WEST HAVEN,Elm Diner,  ,  ,V,G,1.0,0,14-12(a)*,,False,N,False,False,V,,,,,False,1.0,CT0015600,133918225488455336,2025-04-12 10:10:22.880000,10:10:22.880000,2025,,,Registration,2025
2025-05-15 18:42:33.450000,7434009.0,CT0015600,West Haven,Racial Profile,1000698,2500017202,Incident ID,2025-04-13 00:00:00,April,W,H,F,23,True,False,West Haven,Boston Post Road/ Cellini Place,  ,  ,V,G,1.0,0,14-99g(g),,False,N,False,False,V,,,,,False,1.0,CT0015600,133918225488455336,2025-04-13 09:57:35.150000,09:57:35.150000,2025,14-99g(g),,Window Tint,2025
2025-05-15 18:42:33.013000,7433943.0,CT0015600,West Haven,Racial Profile,1000626,2500017196,Incident ID,2025-04-13 00:00:00,April,W,N,M,26,False,False,WEST HAVEN,911 CAMPBELL  AVENUE,  ,  ,V,G,1.0,1,14-147(c),,False,N,False,False,I,,,,,False,1.0,CT0015600,133918225488455336,2025-04-13 09:06:57.983000,09:06:57.983000,2025,14-36(a),,Administrative Offense,2025
2025-05-15 18:42:33.463000,7434010.0,CT0015600,West Haven,Racial Profile,1000698,2500017346,Incident ID,2025-04-14 00:00:00,April,B,N,M,30,True,True,West Haven,Third Ave/ Smith St,  ,  ,V,G,2.0,1,14-12(a)*,,True,I,False,True,M,,,,,False,1.0,CT0015600,133918225488455336,2025-04-14 10:40:48.927000,10:40:48.927000,2025,38a-371,,Registration,2025
2025-05-15 18:42:32.550000,7433860.0,CT0015600,West Haven,Racial Profile,1000568,2500017605,Incident ID,2025-04-15 00:00:00,April,W,H,M,29,False,True,WEST HAVEN,Boston Post Road / Meloy,  ,  ,V,G,1.0,0,23-4-B3,,False,N,False,False,V,,,,,False,1.0,CT0015600,133918225488455336,2025-04-15 20:39:28.010000,20:39:28.010000,2025,23-4-B3,,Other,2025
2025-05-15 18:42:32.720000,7433889.0,CT0015600,West Haven,Racial Profile,1000602,2500017525,Incident ID,2025-04-15 00:00:00,April,B,N,M,18,True,False,West Haven,bpr,  ,  ,V,G,2.0,1,14-12(a)*,,False,N,False,False,I,,,,,False,1.0,CT0015600,133918225488455336,2025-04-15 11:29:05.393000,11:29:05.393000,2025,,,Registration,2025
2025-05-15 18:42:32.723000,7433890.0,CT0015600,West Haven,Racial Profile,1000602,2500017604,Incident ID,2025-04-15 00:00:00,April,B,N,M,60,True,False,West Haven,spring street,  ,  ,V,G,2.0,1,14-147a,,True,I,False,False,M,,,,,False,1.0,CT0015600,133918225488455336,2025-04-15 20:35:10.470000,20:35:10.470000,2025,,,Administrative Offense,2025
2025-05-15 18:42:32.413000,7433833.0,CT0015600,West Haven,Racial Profile,1000465,2500017528,Incident ID,2025-04-15 00:00:00,April,W,H,M,30,True,True,WEST HAVEN,Post Road / Norfolf,  ,  ,V,G,1.0,0,14-147a,,False,N,False,False,V,,,,,False,1.0,CT0015600,133918225488455336,2025-04-15 11:54:58.390000,11:54:58.390000,2025,,,Administrative Offense,2025
2025-05-15 18:42:33.010000,7433942.0,CT0015600,West Haven,Racial Profile,1000621,2500017574,Incident ID,2025-04-15 00:00:00,April,B,N,F,56,True,False,West Haven,Forest Road/Orange Terrace,  ,  ,I,G,1.0,0,14-36(a),,False,N,False,False,I,,,,,False,1.0,CT0015600,133918225488455336,2025-04-15 17:29:04.627000,17:29:04.627000,2025,,,Unlicensed Operation,2025
2025-05-15 18:42:32.720000,7433888.0,CT0015600,West Haven,Racial Profile,1000602,2500017510,Incident ID,2025-04-15 00:00:00,April,W,H,M,49,True,False,WEST HAVEN,bpr ,  ,  ,V,G,2.0,1,14-147(a),,True,I,False,False,M,,,,,False,1.0,CT0015600,133918225488455336,2025-04-15 09:36:55.180000,09:36:55.180000,2025,,,Administrative Offense,2025
2025-05-15 18:42:33.470000,7434011.0,CT0015600,West Haven,Racial Profile,1000698,2500017576,Incident ID,2025-04-15 00:00:00,April,B,N,M,44,True,True,West Haven,Martin Street/ Court Street,  ,  ,V,G,1.0,0,14-12(a),,False,N,False,False,V,,,,,False,1.0,CT0015600,133918225488455336,2025-04-15 17:32:18.203000,17:32:18.203000,2025,14-12(a),,Registration,2025
2025-05-15 18:42:32.907000,7433925.0,CT0015600,West Haven,Racial Profile,1000615,2500017577,Incident ID,2025-04-15 00:00:00,April,W,N,F,61,True,False,West Haven,First/Wood ,  ,  ,V,G,1.0,0,14-12(a)*,,False,N,False,False,I,,,,,False,1.0,CT0015600,133918225488455336,2025-04-15 17:39:22.430000,17:39:22.430000,2025,14-36(a),,Registration,2025
2025-05-15 18:42:33.260000,7433977.0,CT0015600,West Haven,Racial Profile,1000662,2500017567,Incident ID,2025-04-15 00:00:00,April,W,M,M,19,True,False,West Haven,Meloy Road / Ridge Road,  ,  ,V,G,1.0,0,14-299,,False,N,False,False,V,,,,,False,1.0,CT0015600,133918225488455336,2025-04-15 16:50:41.270000,16:50:41.270000,2025,14-299,,Traffic Control Signal,2025
2025-05-15 18:42:31.940000,7433802.0,CT0015600,West Haven,Racial Profile,1162,2500017518,Incident ID,2025-04-15 00:00:00,April,B,N,F,38,True,False,WEST HAVEN,meloy/baker,  ,  ,V,G,1.0,0,14-12(a)*,,False,N,False,False,V,,,,,False,1.0,CT0015600,133918225488455336,2025-04-15 10:40:44.267000,10:40:44.267000,2025,,,Registration,2025
2025-05-15 18:42:32.713000,7433887.0,CT0015600,West Haven,Racial Profile,1000602,2500017506,Incident ID,2025-04-15 00:00:00,April,W,N,F,56,True,False,WEST HAVEN,campbell avenue,  ,  ,V,G,1.0,0,14-12(a)*,,False,N,False,False,V,,,,,False,1.0,CT0015600,133918225488455336,2025-04-15 09:05:36.977000,09:05:36.977000,2025,,,Registration,2025
2025-05-15 18:42:32.570000,7433866.0,CT0015600,West Haven,Racial Profile,1000582,2500017742,Incident ID,2025-04-16 00:00:00,April,W,H,M,22,True,False,West Haven,Elm/ Savin,  ,  ,V,G,2.0,1,14-147(c),,True,I,False,False,M,,,,,False,1.0,CT0015600,133918225488455336,2025-04-16 17:47:05.797000,17:47:05.797000,2025,38a-371,,Administrative Offense,2025
2025-05-15 18:42:32.910000,7433926.0,CT0015600,West Haven,Racial Profile,1000615,2500017743,Incident ID,2025-04-16 00:00:00,April,W,H,M,44,True,True,West Haven,Campbell/ George ,  ,  ,V,G,1.0,0,14-12(a)*,,False,N,False,False,I,,,,,False,1.0,CT0015600,133918225488455336,2025-04-16 17:54:42.400000,17:54:42.400000,2025,14-36(a),,Registration,2025
2025-05-15 18:42:33.107000,7433953.0,CT0015600,West Haven,Racial Profile,1000637,2500017763,Incident ID,2025-04-16 00:00:00,April,W,N,F,45,True,True,West Haven,Campbell Ave/ York St,  ,  ,V,G,1.0,0,14-147(a),,False,N,False,False,V,,,,,False,1.0,CT0015600,133918225488455336,2025-04-16 20:12:27.003000,20:12:27.003000,2025,,,Administrative Offense,2025
2025-05-15 18:42:31.953000,7433803.0,CT0015600,West Haven,Racial Profile,1162,2500017741,Incident ID,2025-04-16 00:00:00,April,W,H,M,34,True,True,WEST HAVEN,460 elm st,  ,  ,V,G,1.0,0,14-12(a)*,,False,N,False,False,V,,,,,False,1.0,CT0015600,133918225488455336,2025-04-16 17:29:14.963000,17:29:14.963000,2025,,,Registration,2025
2025-05-15 18:42:32.913000,7433927.0,CT0015600,West Haven,Racial Profile,1000615,2500017942,Incident ID,2025-04-17 00:00:00,April,B,N,F,25,True,False,WEST HAVEN,Elm/Campbell,  ,  ,V,G,2.0,0,14-12(a)*,,False,N,False,False,I,,,,,False,1.0,CT0015600,133918225488455336,2025-04-17 19:41:58.180000,19:41:58.180000,2025,14-36(a),,Registration,2025
2025-05-15 18:42:32.920000,7433928.0,CT0015600,West Haven,Racial Profile,1000615,2500017954,Incident ID,2025-04-17 00:00:00,April,W,N,F,33,True,True,West Haven,Main/ Washington ,  ,  ,V,G,1.0,0,14-18(c),,False,N,False,False,V,,,,,False,1.0,CT0015600,133918225488455336,2025-04-17 20:56:29.433000,20:56:29.433000,2025,14-18(c),,Display of Plates,2025
2025-05-15 18:42:32.543000,7433858.0,CT0015600,West Haven,Racial Profile,1000561,2500018049,Incident ID,2025-04-18 00:00:00,April,W,H,M,39,True,True,West Haven,Alden/S Forest cir.,  ,  ,V,G,1.0,0,14-301,,False,N,False,False,V,,,,,False,1.0,CT0015600,133918225488455336,2025-04-18 11:41:17.060000,11:41:17.060000,2025,14-301,,Stop Sign,2025
2025-05-15 18:42:33.117000,7433955.0,CT0015600,West Haven,Racial Profile,1000637,2500018134,Incident ID,2025-04-18 00:00:00,April,W,H,F,34,True,False,West Haven,Elm Street/ Savin Avenue,  ,  ,V,G,1.0,0,14-12(a)*,,False,N,False,False,I,,,,,False,1.0,CT0015600,133918225488455336,2025-04-18 22:29:34.327000,22:29:34.327000,2025,14-147(c),,Registration,2025
2025-05-15 18:42:32.420000,7433834.0,CT0015600,West Haven,Racial Profile,1000465,2500018131,Incident ID,2025-04-18 00:00:00,April,B,N,M,40,True,False,West Haven,Campbell / First,  ,  ,V,G,1.0,0,14-147(c),,False,N,False,False,V,,,,,False,1.0,CT0015600,133918225488455336,2025-04-18 22:16:34.407000,22:16:34.407000,2025,14-215(a),,Administrative Offense,2025
2025-05-15 18:42:33.477000,7434013.0,CT0015600,West Haven,Racial Profile,1000698,2500018117,Incident ID,2025-04-18 00:00:00,April,B,N,M,26,True,True,West Haven,capt thomas,  ,  ,V,G,1.0,0,14-12(a)*,,False,N,False,False,V,,,,,False,1.0,CT0015600,133918225488455336,2025-04-18 21:12:04.233000,21:12:04.233000,2025,,,Registration,2025
2025-05-15 18:42:33.113000,7433954.0,CT0015600,West Haven,Racial Profile,1000637,2500018105,Incident ID,2025-04-18 00:00:00,April,B,N,F,47,True,False,WEST HAVEN,Meloy Road/ Saw Mill Road,  ,  ,V,G,1.0,0,14-147,,False,N,False,False,V,,,,,False,1.0,CT0015600,133918225488455336,2025-04-18 19:12:09.160000,19:12:09.160000,2025,,,Administrative Offense,2025
2025-05-15 18:42:33.543000,7434021.0,CT0015600,West Haven,Racial Profile,1000699,2500018087,Incident ID,2025-04-18 00:00:00,April,W,N,M,43,True,False,West Haven,Campbell Road/Boston Post Road,  ,  ,I,G,1.0,0,14-12(a)*,,False,N,False,False,V,,,,,False,1.0,CT0015600,133918225488455336,2025-04-18 17:05:28.910000,17:05:28.910000,2025,,,Registration,2025
2025-05-15 18:42:33.547000,7434022.0,CT0015600,West Haven,Racial Profile,1000699,2500018092,Incident ID,2025-04-18 00:00:00,April,B,N,F,63,True,False,West Haven,Campbell Road/Boston Post Road,  ,  ,I,G,1.0,0,14-12(a)*,,False,N,False,False,V,,,,,False,1.0,CT0015600,133918225488455336,2025-04-18 17:37:42.760000,17:37:42.760000,2025,,,Registration,2025
2025-05-15 18:42:33.610000,7434031.0,CT0015600,West Haven,Racial Profile,1000700,2500018120,Incident ID,2025-04-18 00:00:00,April,W,H,F,26,True,True,West Haven,campbell/abner,  ,  ,E,G,1.0,0,14-96p,,False,N,False,False,V,,,,,False,1.0,CT0015600,133918225488455336,2025-04-18 21:17:43.423000,21:17:43.423000,2025,14-96p,,Defective Lights,2025
2025-05-15 18:42:33.550000,7434023.0,CT0015600,West Haven,Racial Profile,1000699,2500018093,Incident ID,2025-04-18 00:00:00,April,W,N,F,32,True,False,West Haven,Boston Post Road/Andrews Street,  ,  ,I,G,1.0,0,14-18(a),,False,N,False,False,V,,,,,False,1.0,CT0015600,133918225488455336,2025-04-18 17:49:53.987000,17:49:53.987000,2025,,,Display of Plates,2025
2025-05-15 18:42:33.473000,7434012.0,CT0015600,West Haven,Racial Profile,1000698,2500018091,Incident ID,2025-04-18 00:00:00,April,W,N,F,34,True,True,West Haven,Ocean Ave,  ,  ,E,B,1.0,0,14-99g(b),,False,N,False,False,V,,,,,False,1.0,CT0015600,133918225488455336,2025-04-18 17:36:52.253000,17:36:52.253000,2025,,,Window Tint,2025
2025-05-15 18:42:32.467000,7433839.0,CT0015600,West Haven,Racial Profile,1000465,2500018324,Incident ID,2025-04-19 00:00:00,April,W,H,M,24,True,False,West Haven,Main / Third,  ,  ,V,G,2.0,1,14-301,,True,O,True,False,M,,,,,False,1.0,CT0015600,133918225488455336,2025-04-19 22:02:16.893000,22:02:16.893000,2025,21a-279(a)(1),,Stop Sign,2025
2025-05-15 18:42:32.730000,7433892.0,CT0015600,West Haven,Racial Profile,1000602,2500018308,Incident ID,2025-04-19 00:00:00,April,W,N,F,26,True,True,West Haven,center st,  ,  ,V,G,2.0,0,14-147(c),,False,N,False,False,M,,,,,False,1.0,CT0015600,133918225488455336,2025-04-19 20:56:29.960000,20:56:29.960000,2025,38a-371,,Administrative Offense,2025
2025-05-15 18:42:32.443000,7433837.0,CT0015600,West Haven,Racial Profile,1000465,2500018306,Incident ID,2025-04-19 00:00:00,April,B,N,M,30,True,False,West Haven,I-95S / Campbell Avenue ,  ,  ,V,G,1.0,0,14-12(a)*,,False,N,False,False,V,,,,,False,1.0,CT0015600,133918225488455336,2025-04-19 20:48:47.803000,20:48:47.803000,2025,,,Registration,2025
2025-05-15 18:42:33.167000,7433965.0,CT0015600,West Haven,Racial Profile,1000658,2500018197,Incident ID,2025-04-19 00:00:00,April,W,H,F,41,True,False,West Haven,elm st,  ,  ,V,G,1.0,0,14-12(a)*,,False,N,False,False,I,,,,,False,1.0,CT0015600,133918225488455336,2025-04-19 10:13:12.510000,10:13:12.510000,2025,,,Registration,2025
2025-05-15 18:42:32.860000,7433910.0,CT0015600,West Haven,Racial Profile,1000614,2500018284,Incident ID,2025-04-19 00:00:00,April,B,N,F,52,True,False,West Haven,Elm street,  ,  ,V,G,1.0,0,14-12(a)*,,False,N,False,False,V,,,,,False,1.0,CT0015600,133918225488455336,2025-04-19 19:09:55.977000,19:09:55.977000,2025,,,Registration,2025
2025-05-15 18:42:32.863000,7433912.0,CT0015600,West Haven,Racial Profile,1000614,2500018289,Incident ID,2025-04-19 00:00:00,April,W,N,F,51,True,True,West Haven,Campbell richards,  ,  ,V,G,1.0,0,14-36(a),,False,N,False,False,V,,,,,False,1.0,CT0015600,133918225488455336,2025-04-19 19:49:52.373000,19:49:52.373000,2025,,,Unlicensed Operation,2025
2025-05-15 18:42:32.423000,7433835.0,CT0015600,West Haven,Racial Profile,1000465,2500018156,Incident ID,2025-04-19 00:00:00,April,B,N,M,45,True,False,West Haven,Cambell / i-95,  ,  ,E,G,1.0,0,14-99g(g),,False,N,False,False,V,,,,,False,1.0,CT0015600,133918225488455336,2025-04-19 01:22:28.290000,01:22:28.290000,2025,,,Window Tint,2025
2025-05-15 18:42:32.450000,7433838.0,CT0015600,West Haven,Racial Profile,1000465,2500018314,Incident ID,2025-04-19 00:00:00,April,W,H,M,30,True,False,West Haven,Spring / First,  ,  ,E,G,1.0,0,14-99g(g),,False,N,False,False,V,,,,,False,1.0,CT0015600,133918225488455336,2025-04-19 21:13:27.770000,21:13:27.770000,2025,,,Window Tint,2025
2025-05-15 18:42:33.027000,7433944.0,CT0015600,West Haven,Racial Profile,1000626,2500018201,Incident ID,2025-04-19 00:00:00,April,W,H,F,36,True,False,West Haven,1209 Campbell Avenue,  ,  ,V,G,1.0,0,14-12(a)*,,False,N,False,False,N,,,,,False,1.0,CT0015600,133918225488455336,2025-04-19 10:36:19.240000,10:36:19.240000,2025,14-12(a)*,,Registration,2025
2025-05-15 18:42:33.483000,7434014.0,CT0015600,West Haven,Racial Profile,1000698,2500018222,Incident ID,2025-04-19 00:00:00,April,W,H,M,49,True,True,West Haven,Campbell Ave/Brown St,  ,  ,E,B,1.0,0,14-96c,,False,N,False,False,V,,,,,False,1.0,CT0015600,133918225488455336,2025-04-19 12:43:27.320000,12:43:27.320000,2025,14-96c,,Defective Lights,2025
2025-05-15 18:42:33.160000,7433964.0,CT0015600,West Haven,Racial Profile,1000658,2500018189,Incident ID,2025-04-19 00:00:00,April,W,N,M,55,True,False,WEST HAVEN,main st,  ,  ,E,G,1.0,0,14-96b,,False,N,False,False,V,,,,,False,1.0,CT0015600,133918225488455336,2025-04-19 09:20:16.890000,09:20:16.890000,2025,,,Defective Lights,2025
2025-05-15 18:42:33.183000,7433966.0,CT0015600,West Haven,Racial Profile,1000658,2500018215,Incident ID,2025-04-19 00:00:00,April,B,N,M,17,True,True,WEST HAVEN,union ave ,  ,  ,V,B,1.0,0,14-301,,False,N,False,False,V,,,,,False,1.0,CT0015600,133918225488455336,2025-04-19 12:03:43.310000,12:03:43.310000,2025,,,Stop Sign,2025
2025-05-15 18:42:33.223000,7433973.0,CT0015600,West Haven,Racial Profile,1000661,2500018226,Incident ID,2025-04-19 00:00:00,April,W,N,F,19,True,True,WEST HAVEN,195 Frontage Road,  ,  ,V,G,2.0,0,14-230(a),,False,N,False,False,I,,,,,False,1.0,CT0015600,133918225488455336,2025-04-19 12:58:28.970000,12:58:28.970000,2025,14-230(a),,Moving Violation,2025
2025-05-15 18:42:32.727000,7433891.0,CT0015600,West Haven,Racial Profile,1000602,2500018294,Incident ID,2025-04-19 00:00:00,April,W,H,M,28,True,False,West Haven,elm street,  ,  ,V,G,2.0,1,14-147a,,True,I,False,False,M,,,,,False,1.0,CT0015600,133918225488455336,2025-04-19 20:14:55.990000,20:14:55.990000,2025,,,Administrative Offense,2025
2025-05-15 18:42:32.860000,7433911.0,CT0015600,West Haven,Racial Profile,1000614,2500018286,Incident ID,2025-04-19 00:00:00,April,W,H,F,58,True,True,WEST HAVEN,420 campbell avenue,  ,  ,V,G,2.0,0,14-12(a),,False,N,False,False,I,,,,,False,1.0,CT0015600,133918225488455336,2025-04-19 19:26:27.423000,19:26:27.423000,2025,14-213a,,Registration,2025
2025-05-15 18:42:33.287000,7433983.0,CT0015600,West Haven,Racial Profile,1000678,2500018309,Incident ID,2025-04-19 00:00:00,April,W,H,M,24,True,True,West Haven,Campbell ave and brown street,  ,  ,V,G,2.0,0,14-12(a)*,,False,N,False,False,I,,,,,False,1.0,CT0015600,133918225488455336,2025-04-19 20:58:03.417000,20:58:03.417000,2025,14-12(a)*,,Registration,2025
2025-05-15 18:42:33.510000,7434017.0,CT0015600,West Haven,Racial Profile,1000698,2500018302,Incident ID,2025-04-19 00:00:00,April,W,H,M,68,True,True,West Haven,Captain thomas/ campbell,  ,  ,V,G,1.0,0,14-236,,False,N,False,False,N,,,,,False,1.0,CT0015600,133918225488455336,2025-04-19 20:33:13.967000,20:33:13.967000,2025,,,Moving Violation,2025
2025-05-15 18:42:33.280000,7433982.0,CT0015600,West Haven,Racial Profile,1000678,2500018304,Incident ID,2025-04-19 00:00:00,April,W,M,F,36,False,False,West Haven,shell gas on Elm,  ,  ,V,G,2.0,0,14-12(a)*,,True,N,False,False,I,,,,,False,1.0,CT0015600,133918225488455336,2025-04-19 20:38:37.437000,20:38:37.437000,2025,14-12(a)*,,Registration,2025
2025-05-15 18:42:33.497000,7434015.0,CT0015600,West Haven,Racial Profile,1000698,2500018290,Incident ID,2025-04-19 00:00:00,April,B,N,F,36,True,True,West Haven,altshcur/captain thomas ,  ,  ,V,G,1.0,0,14-12(a)*,,False,N,False,False,V,,,,,False,1.0,CT0015600,133918225488455336,2025-04-19 19:54:04.430000,19:54:04.430000,2025,14-12(a)*,,Registration,2025
2025-05-15 18:42:32.440000,7433836.0,CT0015600,West Haven,Racial Profile,1000465,2500018157,Incident ID,2025-04-19 00:00:00,April,B,N,M,60,True,False,West Haven,Saw Mill - I-95N,  ,  ,V,G,1.0,0,14-241,,False,N,False,False,V,,,,,False,1.0,CT0015600,133918225488455336,2025-04-19 01:31:08.487000,01:31:08.487000,2025,,,Moving Violation,2025
2025-05-15 18:42:32.870000,7433913.0,CT0015600,West Haven,Racial Profile,1000614,2500018327,Incident ID,2025-04-19 00:00:00,April,W,H,M,39,True,False,West Haven,CAMPBELL /WILLIAM STREET,  ,  ,V,G,1.0,0,14-239(a),,False,N,False,False,V,,,,,False,1.0,CT0015600,133918225488455336,2025-04-19 22:21:59.883000,22:21:59.883000,2025,,,Moving Violation,2025
2025-05-15 18:42:32.970000,7433936.0,CT0015600,West Haven,Racial Profile,1000616,2500018151,Incident ID,2025-04-19 00:00:00,April,B,N,M,36,True,False,West Haven,Campbell Ave,  ,  ,V,G,2.0,0,14-219,,False,N,False,False,V,,,,,False,1.0,CT0015600,133918225488455336,2025-04-19 00:35:24.650000,00:35:24.650000,2025,,,Speed Related,2025
2025-05-15 18:42:33.503000,7434016.0,CT0015600,West Haven,Racial Profile,1000698,2500018298,Incident ID,2025-04-19 00:00:00,April,W,H,M,43,True,True,West Haven,ocean/farwell ,  ,  ,I,G,1.0,0,14-12(a)*,,False,N,False,False,N,,,,,False,1.0,CT0015600,133918225488455336,2025-04-19 20:25:19.993000,20:25:19.993000,2025,,,Registration,2025
2025-05-15 18:42:32.470000,7433840.0,CT0015600,West Haven,Racial Profile,1000465,2500018361,Incident ID,2025-04-20 00:00:00,April,B,N,F,25,True,False,WEST HAVEN,Campbell / Captain Thomas,  ,  ,V,G,1.0,1,14-147(c),,False,N,False,False,I,,,,,False,1.0,CT0015600,133918225488455336,2025-04-20 01:19:11.053000,01:19:11.053000,2025,38a-371,,Administrative Offense,2025
2025-05-15 18:42:32.587000,7433868.0,CT0015600,West Haven,Racial Profile,1000582,2500018615,Incident ID,2025-04-21 00:00:00,April,W,H,F,34,True,False,West Haven,Brown/ union,  ,  ,V,G,1.0,0,14-147(c),,False,N,False,False,V,,,,,False,1.0,CT0015600,133918225488455336,2025-04-21 21:16:21.913000,21:16:21.913000,2025,14-147(c),,Administrative Offense,2025
2025-05-15 18:42:32.080000,7433813.0,CT0015600,West Haven,Racial Profile,1000331,2500018539,Incident ID,2025-04-21 00:00:00,April,W,N,M,65,True,True,West Haven,Boston Post Road X Farwell Street,  ,  ,V,G,1.0,0,14-299,,True,N,False,False,V,,,,,False,1.0,CT0015600,133918225488455336,2025-04-21 11:16:25.420000,11:16:25.420000,2025,,,Traffic Control Signal,2025
2025-05-15 18:42:32.590000,7433869.0,CT0015600,West Haven,Racial Profile,1000582,2500018617,Incident ID,2025-04-21 00:00:00,April,W,H,F,23,True,True,West Haven,Second ave/ white st ,  ,  ,V,G,1.0,0,14-147(c),,False,N,False,False,V,,,,,False,1.0,CT0015600,133918225488455336,2025-04-21 21:39:22.340000,21:39:22.340000,2025,14-147(c),,Administrative Offense,2025
2025-05-15 18:42:32.053000,7433812.0,CT0015600,West Haven,Racial Profile,1000331,2500018534,Incident ID,2025-04-21 00:00:00,April,W,M,M,60,True,False,WEST HAVEN,Boston Post Road X Farwell Street,  ,  ,V,G,1.0,0,14-299,,False,N,False,False,V,,,,,False,1.0,CT0015600,133918225488455336,2025-04-21 10:44:20.703000,10:44:20.703000,2025,,,Traffic Control Signal,2025
2025-05-15 18:42:32.573000,7433867.0,CT0015600,West Haven,Racial Profile,1000582,2500018589,Incident ID,2025-04-21 00:00:00,April,W,N,M,29,True,True,West Haven,Fourth Ave/ Wood St,  ,  ,V,G,2.0,0,14-12(a)*,,False,N,False,True,M,,,,,False,1.0,CT0015600,133918225488455336,2025-04-21 16:59:31.763000,16:59:31.763000,2025,14-215a,,Registration,2025
2025-05-15 18:42:33.613000,7434032.0,CT0015600,West Haven,Racial Profile,1000700,2500018599,Incident ID,2025-04-21 00:00:00,April,B,N,M,73,True,False,West Haven,York St./ Stevens Ave. ,  ,  ,V,G,1.0,0,14-299,,False,N,False,False,V,,,,,False,1.0,CT0015600,133918225488455336,2025-04-21 18:13:09.540000,18:13:09.540000,2025,,,Traffic Control Signal,2025
2025-05-15 18:42:32.737000,7433894.0,CT0015600,West Haven,Racial Profile,1000602,2500018696,Incident ID,2025-04-22 00:00:00,April,W,H,M,28,True,False,West Haven,capt thomas blvd,  ,  ,V,G,2.0,1,14-147(c),,True,I,False,True,U,,,,,False,1.0,CT0015600,133918225488455336,2025-04-22 10:48:58.900000,10:48:58.900000,2025,38a-371,,Administrative Offense,2025
2025-05-15 18:42:32.740000,7433895.0,CT0015600,West Haven,Racial Profile,1000602,2500018705,Incident ID,2025-04-22 00:00:00,April,B,N,M,19,True,False,West Haven,campbell avenue,  ,  ,V,G,2.0,1,14-147(c),,True,I,False,False,I,,,,,False,1.0,CT0015600,133918225488455336,2025-04-22 11:58:38.617000,11:58:38.617000,2025,,,Administrative Offense,2025
2025-05-15 18:42:32.513000,7433849.0,CT0015600,West Haven,Racial Profile,1000539,2500018702,Incident ID,2025-04-22 00:00:00,April,W,N,F,31,True,False,West Haven,forest/oak,  ,  ,V,G,1.0,0,14-296aa(b),,False,N,False,False,V,,,,,False,1.0,CT0015600,133918225488455336,2025-04-22 11:45:23.110000,11:45:23.110000,2025,,,Cell Phone,2025
2025-05-15 18:42:33.120000,7433956.0,CT0015600,West Haven,Racial Profile,1000637,2500018777,Incident ID,2025-04-22 00:00:00,April,W,H,M,41,True,False,West Haven,Campbell Ave/ Elm St,  ,  ,V,G,1.0,0,14-12(a)*,,False,N,False,False,V,,,,,False,1.0,CT0015600,133918225488455336,2025-04-22 19:12:13.190000,19:12:13.190000,2025,,,Registration,2025
2025-05-15 18:42:33.553000,7434024.0,CT0015600,West Haven,Racial Profile,1000699,2500018775,Incident ID,2025-04-22 00:00:00,April,W,N,M,58,True,True,West Haven,Montieth/ Fenwick,  ,  ,I,G,1.0,0,14-12(a)*,,False,N,False,False,V,,,,,False,1.0,CT0015600,133918225488455336,2025-04-22 18:56:49.083000,18:56:49.083000,2025,,,Registration,2025
2025-05-15 18:42:32.557000,7433862.0,CT0015600,West Haven,Racial Profile,1000569,2500018774,Incident ID,2025-04-22 00:00:00,April,W,N,F,27,True,True,West Haven,Brown Street,  ,  ,V,G,1.0,0,14-219,,False,N,False,False,V,,,,,False,1.0,CT0015600,133918225488455336,2025-04-22 18:55:16.883000,18:55:16.883000,2025,14-219,,Speed Related,2025
2025-05-15 18:42:32.733000,7433893.0,CT0015600,West Haven,Racial Profile,1000602,2500018688,Incident ID,2025-04-22 00:00:00,April,W,N,M,70,True,True,West Haven,platt ave,  ,  ,V,G,1.0,0,14-12(a)*,,False,N,False,False,V,,,,,False,1.0,CT0015600,133918225488455336,2025-04-22 09:59:09.523000,09:59:09.523000,2025,,,Registration,2025
2025-05-15 18:42:33.187000,7433967.0,CT0015600,West Haven,Racial Profile,1000658,2500018753,Incident ID,2025-04-22 00:00:00,April,B,N,M,42,True,False,West Haven,post rd,  ,  ,V,G,1.0,0,14-236,,False,N,False,False,V,,,,,False,1.0,CT0015600,133918225488455336,2025-04-22 16:33:41.393000,16:33:41.393000,2025,,,Moving Violation,2025
2025-05-15 18:42:33.513000,7434018.0,CT0015600,West Haven,Racial Profile,1000698,2500018708,Incident ID,2025-04-22 00:00:00,April,B,N,M,45,True,False,West Haven,Boston Post Road/ Front Avenue,  ,  ,V,B,2.0,1,38a-371,,True,I,False,True,M,,,,,False,1.0,CT0015600,133918225488455336,2025-04-22 12:17:52.637000,12:17:52.637000,2025,38a-371,,Other,2025
2025-05-15 18:42:33.133000,7433957.0,CT0015600,West Haven,Racial Profile,1000637,2500018798,Incident ID,2025-04-22 00:00:00,April,W,N,F,58,True,True,West Haven,Campbell ave/ Elm st,  ,  ,V,G,1.0,0,14-147,,False,N,False,False,V,,,,,False,1.0,CT0015600,133918225488455336,2025-04-22 22:05:17.440000,22:05:17.440000,2025,,,Administrative Offense,2025
2025-05-15 18:42:31.990000,7433807.0,CT0015600,West Haven,Racial Profile,1000318,2500018900,Incident ID,2025-04-23 00:00:00,April,B,N,M,31,True,True,West Haven,Campbell Avenue / Court Street,  ,  ,V,G,1.0,0,14-232(1),,False,N,False,False,V,,,,,False,1.0,CT0015600,133918225488455336,2025-04-23 13:56:13.290000,13:56:13.290000,2025,14-232(1),,Moving Violation,2025
2025-05-15 18:42:32.533000,7433855.0,CT0015600,West Haven,Racial Profile,1000549,2500018833,Incident ID,2025-04-23 00:00:00,April,W,N,M,28,True,True,West Haven,first / center,  ,  ,V,G,1.0,0,14-301,,False,N,False,False,V,,,,,False,1.0,CT0015600,133918225488455336,2025-04-23 02:41:53.903000,02:41:53.903000,2025,,,Stop Sign,2025
2025-05-15 18:42:32.113000,7433814.0,CT0015600,West Haven,Racial Profile,1000331,2500018860,Incident ID,2025-04-23 00:00:00,April,W,N,F,66,True,False,West Haven,Forest Road X Winfred Street,  ,  ,V,G,1.0,0,14-230(b),,False,N,False,False,I,,,,,False,1.0,CT0015600,133918225488455336,2025-04-23 08:45:23.787000,08:45:23.787000,2025,,,Moving Violation,2025
2025-05-15 18:42:31.977000,7433805.0,CT0015600,West Haven,Racial Profile,1200,2500018859,Incident ID,2025-04-23 00:00:00,April,B,N,M,54,True,False,WEST HAVEN,ELM &  SAW MILL RD ,  ,  ,E,G,1.0,0,14-18(a),,False,N,False,False,V,,,,,False,1.0,CT0015600,133918225488455336,2025-04-23 08:41:55.557000,08:41:55.557000,2025,,,Display of Plates,2025
2025-05-15 18:42:32.620000,7433871.0,CT0015600,West Haven,Racial Profile,1000600,2500018931,Incident ID,2025-04-23 00:00:00,April,B,N,F,59,True,True,WEST HAVEN,644 Campbell Avenue ,  ,  ,V,G,1.0,0,14-232(1),,False,N,False,False,V,,,,,False,1.0,CT0015600,133918225488455336,2025-04-23 17:24:01.913000,17:24:01.913000,2025,,,Moving Violation,2025
2025-05-15 18:42:32.973000,7433937.0,CT0015600,West Haven,Racial Profile,1000616,2500018871,Incident ID,2025-04-23 00:00:00,April,B,N,M,69,True,False,West Haven,Campbell Ave,  ,  ,V,G,1.0,0,14-299,,False,N,False,False,V,,,,,False,1.0,CT0015600,133918225488455336,2025-04-23 10:19:55.050000,10:19:55.050000,2025,,,Traffic Control Signal,2025
2025-05-15 18:42:33.150000,7433961.0,CT0015600,West Haven,Racial Profile,1000652,2500018891,Incident ID,2025-04-23 00:00:00,April,W,N,M,31,True,True,West Haven,First Ave/ Maple St,  ,  ,V,G,1.0,0,14-12(a)*,,False,N,False,False,M,,,,,False,1.0,CT0015600,133918225488455336,2025-04-23 12:27:47.210000,12:27:47.210000,2025,38a-371,,Registration,2025
2025-05-15 18:42:33.570000,7434025.0,CT0015600,West Haven,Racial Profile,1000699,2500018925,Incident ID,2025-04-23 00:00:00,April,W,N,F,53,True,False,WEST HAVEN,Derby Avenue,  ,  ,I,G,1.0,0,14-12(a)*,,False,N,False,False,W,,,,,False,1.0,CT0015600,133918225488455336,2025-04-23 16:54:56.533000,16:54:56.533000,2025,,,Registration,2025
2025-05-15 18:42:32.473000,7433841.0,CT0015600,West Haven,Racial Profile,1000465,2500019014,Incident ID,2025-04-24 00:00:00,April,B,N,F,24,True,True,West Haven,First / North,  ,  ,V,G,1.0,0,14-12(a)*,,False,N,False,False,V,,,,,False,1.0,CT0015600,133918225488455336,2025-04-24 01:54:42.077000,01:54:42.077000,2025,14-147(c),,Registration,2025
2025-05-15 18:42:33.577000,7434026.0,CT0015600,West Haven,Racial Profile,1000699,2500019147,Incident ID,2025-04-24 00:00:00,April,W,H,M,31,True,False,West Haven,Boston Post Road/Admiral Street,  ,  ,I,G,1.0,0,14-215(a)*,,False,N,False,False,M,,,,,False,1.0,CT0015600,133918225488455336,2025-04-24 20:31:36.110000,20:31:36.110000,2025,38a-371,,Administrative Offense,2025
2025-05-15 18:42:32.743000,7433896.0,CT0015600,West Haven,Racial Profile,1000602,2500019141,Incident ID,2025-04-24 00:00:00,April,B,N,M,53,True,True,West Haven,campbell avenue,  ,  ,V,G,1.0,0,14-12(a)*,,False,N,False,False,V,,,,,False,1.0,CT0015600,133918225488455336,2025-04-24 19:36:18.497000,19:36:18.497000,2025,,,Registration,2025
2025-05-15 18:42:32.747000,7433897.0,CT0015600,West Haven,Racial Profile,1000602,2500019154,Incident ID,2025-04-24 00:00:00,April,B,N,M,25,True,True,West Haven,elm street,  ,  ,V,G,2.0,1,14-147(c),,True,I,False,False,M,,,,,False,1.0,CT0015600,133918225488455336,2025-04-24 21:44:04.423000,21:44:04.423000,2025,38a-371,,Administrative Offense,2025
2025-05-15 18:42:33.137000,7433958.0,CT0015600,West Haven,Racial Profile,1000637,2500019153,Incident ID,2025-04-24 00:00:00,April,B,N,F,42,True,False,West Haven,Saw Mill Rd/ Meloy Rd,  ,  ,V,G,1.0,0,14-96a(a),,False,N,False,False,V,,,,,False,1.0,CT0015600,133918225488455336,2025-04-24 21:43:14.577000,21:43:14.577000,2025,,,Defective Lights,2025
2025-05-15 18:42:33.140000,7433959.0,CT0015600,West Haven,Racial Profile,1000637,2500019159,Incident ID,2025-04-24 00:00:00,April,W,H,F,18,True,True,West Haven,1 April Steet,  ,  ,V,G,1.0,1,14-147,,True,I,False,False,I,,,,,False,1.0,CT0015600,133918225488455336,2025-04-24 22:02:02.973000,22:02:02.973000,2025,38a-371,,Administrative Offense,2025
2025-05-15 18:42:32.877000,7433916.0,CT0015600,West Haven,Racial Profile,1000614,2500019356,Incident ID,2025-04-25 00:00:00,April,B,N,M,21,True,False,WEST HAVEN,Sawmill Road,  ,  ,E,G,1.0,0,14-80,,False,N,False,False,I,,,,,False,1.0,CT0015600,133918225488455336,2025-04-25 22:14:26.577000,22:14:26.577000,2025,14-80(a),,Equipment Violation,2025
2025-05-15 18:42:32.487000,7433845.0,CT0015600,West Haven,Racial Profile,1000528,2500019247,Incident ID,2025-04-25 00:00:00,April,W,H,F,20,True,False,West Haven,First and Baggott,  ,  ,V,G,1.0,0,14-236,,False,N,False,False,V,,,,,False,1.0,CT0015600,133918225488455336,2025-04-25 11:04:26.730000,11:04:26.730000,2025,14-236,,Moving Violation,2025
2025-05-15 18:42:33.210000,7433970.0,CT0015600,West Haven,Racial Profile,1000658,2500019249,Incident ID,2025-04-25 00:00:00,April,W,H,M,52,True,False,West Haven,beach st,  ,  ,V,G,2.0,1,14-18(a),,False,N,False,False,I,,,,,False,1.0,CT0015600,133918225488455336,2025-04-25 11:12:29.497000,11:12:29.497000,2025,14-12(a)*,,Display of Plates,2025
2025-05-15 18:42:32.870000,7433914.0,CT0015600,West Haven,Racial Profile,1000614,2500019327,Incident ID,2025-04-25 00:00:00,April,W,H,F,43,True,True,WEST HAVEN,Boston Post rd,  ,  ,V,G,1.0,0,14-299,,False,N,False,False,I,,,,,False,1.0,CT0015600,133918225488455336,2025-04-25 18:59:17.840000,18:59:17.840000,2025,,,Traffic Control Signal,2025
2025-05-15 18:42:33.190000,7433968.0,CT0015600,West Haven,Racial Profile,1000658,2500019234,Incident ID,2025-04-25 00:00:00,April,W,H,M,44,True,False,West Haven,first ave,  ,  ,V,G,1.0,0,14-296aa(b),,False,N,False,False,V,,,,,False,1.0,CT0015600,133918225488455336,2025-04-25 09:55:55.343000,09:55:55.343000,2025,,,Cell Phone,2025
2025-05-15 18:42:32.873000,7433915.0,CT0015600,West Haven,Racial Profile,1000614,2500019328,Incident ID,2025-04-25 00:00:00,April,W,H,M,35,True,False,WEST HAVEN,Sawmill Road,  ,  ,V,G,1.0,1,14-147,,True,I,False,False,W,,,,,False,1.0,CT0015600,133918225488455336,2025-04-25 19:12:39.460000,19:12:39.460000,2025,38a-371,,Administrative Offense,2025
2025-05-15 18:42:33.207000,7433969.0,CT0015600,West Haven,Racial Profile,1000658,2500019237,Incident ID,2025-04-25 00:00:00,April,W,H,M,29,True,False,WEST HAVEN,elm st,  ,  ,V,G,1.0,0,14-12(a)*,,False,N,False,False,I,,,,,False,1.0,CT0015600,133918225488455336,2025-04-25 10:08:23.167000,10:08:23.167000,2025,14-36(a),,Registration,2025
2025-05-15 18:42:33.413000,7434000.0,CT0015600,West Haven,Racial Profile,1000697,2500019242,Incident ID,2025-04-25 00:00:00,April,W,H,M,32,True,False,West Haven,Hillside Ave / South St,  ,  ,V,G,1.0,0,14-12(a)*,,False,N,False,False,V,,,,,False,1.0,CT0015600,133918225488455336,2025-04-25 10:34:32.837000,10:34:32.837000,2025,,,Registration,2025
2025-05-15 18:42:33.530000,7434019.0,CT0015600,West Haven,Racial Profile,1000698,2500019271,Incident ID,2025-04-25 00:00:00,April,B,N,M,37,True,True,West Haven,Greta Street/ Saw Mill Road,  ,  ,V,G,2.0,1,14-301,,True,I,False,True,M,,,,,False,1.0,CT0015600,133918225488455336,2025-04-25 13:25:06.203000,13:25:06.203000,2025,38a-371,,Stop Sign,2025
2025-05-15 18:42:32.750000,7433898.0,CT0015600,West Haven,Racial Profile,1000602,2500019506,Incident ID,2025-04-26 00:00:00,April,W,N,M,53,True,True,West Haven,wagner pl,  ,  ,V,G,3.0,0,14-96a,,True,O,True,True,U,,,,,False,1.0,CT0015600,133918225488455336,2025-04-26 19:37:28.720000,19:37:28.720000,2025,53a-32,,Defective Lights,2025
2025-05-15 18:42:33.143000,7433960.0,CT0015600,West Haven,Racial Profile,1000637,2500019503,Incident ID,2025-04-26 00:00:00,April,W,H,M,27,True,True,West Haven,Monahan pl/ second ave,  ,  ,V,G,1.0,0,14-12(a)*,,False,N,False,False,V,,,,,False,1.0,CT0015600,133918225488455336,2025-04-26 18:55:03.707000,18:55:03.707000,2025,,,Registration,2025
2025-05-15 18:42:32.757000,7433899.0,CT0015600,West Haven,Racial Profile,1000602,2500019520,Incident ID,2025-04-26 00:00:00,April,B,N,M,40,True,False,West Haven,campbell avenue,  ,  ,V,G,2.0,1,14-18(c),,True,I,False,True,M,,,,,False,1.0,CT0015600,133918225488455336,2025-04-26 21:40:12.750000,21:40:12.750000,2025,53a-181,,Display of Plates,2025
2025-05-15 18:42:33.227000,7433974.0,CT0015600,West Haven,Racial Profile,1000661,2500019432,Incident ID,2025-04-26 00:00:00,April,B,N,F,66,True,True,West Haven,Morgan Lane/ Heffernan Drive,  ,  ,V,G,3.0,1,14-301,,False,N,False,False,M,,,,,False,1.0,CT0015600,133918225488455336,2025-04-26 09:23:04.780000,09:23:04.780000,2025,38a-371,,Stop Sign,2025
2025-05-15 18:42:32.933000,7433929.0,CT0015600,West Haven,Racial Profile,1000615,2500019430,Incident ID,2025-04-26 00:00:00,April,W,H,M,34,True,False,WEST HAVEN,Meloy/Baker ,  ,  ,I,G,1.0,0,,,False,N,False,False,N,,,,,False,1.0,CT0015600,133918225488455336,2025-04-26 09:17:11.850000,09:17:11.850000,2025,,,Other,2025
2025-05-15 18:42:33.400000,7433999.0,CT0015600,West Haven,Racial Profile,1000688,2500019397,Incident ID,2025-04-26 00:00:00,April,W,H,M,25,True,False,West Haven,main/ campbell,  ,  ,V,G,1.0,1,14-12(a),,False,N,False,False,M,,,,,False,1.0,CT0015600,133918225488455336,2025-04-26 02:52:50.273000,02:52:50.273000,2025,38a-371,,Registration,2025
2025-05-15 18:42:33.397000,7433998.0,CT0015600,West Haven,Racial Profile,1000688,2500019394,Incident ID,2025-04-26 00:00:00,April,W,H,M,42,True,True,West Haven,elm and campbell ,  ,  ,E,G,1.0,0,14-96a(a),,False,N,False,False,V,,,,,False,1.0,CT0015600,133918225488455336,2025-04-26 02:21:59.990000,02:21:59.990000,2025,14-96a(a),,Defective Lights,2025
2025-05-15 18:42:32.477000,7433842.0,CT0015600,West Haven,Racial Profile,1000465,2500019390,Incident ID,2025-04-26 00:00:00,April,W,H,M,40,True,False,West Haven,Forest / Derby,  ,  ,V,G,1.0,0,14-236(a),,False,N,False,False,V,,,,,False,1.0,CT0015600,133918225488455336,2025-04-26 01:59:04.567000,01:59:04.567000,2025,,,Other,2025
2025-05-15 18:42:33.037000,7433945.0,CT0015600,West Haven,Racial Profile,1000626,2500019462,Incident ID,2025-04-26 00:00:00,April,B,N,F,28,False,False,West Haven,Boston Post Road/ Taft Avenue,  ,  ,V,G,1.0,0,38a-371,,False,N,False,False,V,,,,,False,1.0,CT0015600,133918225488455336,2025-04-26 13:45:16.643000,13:45:16.643000,2025,14-12(a)*,,Other,2025
2025-05-15 18:42:32.480000,7433843.0,CT0015600,West Haven,Racial Profile,1000465,2500019574,Incident ID,2025-04-27 00:00:00,April,B,N,M,50,True,True,WEST HAVEN,631 Campbell Avenue,  ,  ,V,G,1.0,0,14-215(a),,False,N,False,False,V,,,,,False,1.0,CT0015600,133918225488455336,2025-04-27 02:40:46.873000,02:40:46.873000,2025,,,Administrative Offense,2025
2025-05-15 18:42:32.247000,7433818.0,CT0015600,West Haven,Racial Profile,1000331,2500019639,Incident ID,2025-04-27 00:00:00,April,W,N,F,26,True,False,WEST HAVEN,Derby X Elizabeth Street,  ,  ,V,G,1.0,0,14-219,,False,N,False,False,V,,,,,False,1.0,CT0015600,133918225488455336,2025-04-27 13:11:28.597000,13:11:28.597000,2025,,,Speed Related,2025
2025-05-15 18:42:32.937000,7433930.0,CT0015600,West Haven,Racial Profile,1000615,2500019606,Incident ID,2025-04-27 00:00:00,April,W,H,M,29,True,True,West Haven,Center/ First ,  ,  ,V,G,2.0,1,14-18(c),,False,N,False,False,M,,,,,False,1.0,CT0015600,133918225488455336,2025-04-27 09:35:40.727000,09:35:40.727000,2025,38a-371,,Display of Plates,2025
2025-05-15 18:42:33.417000,7434001.0,CT0015600,West Haven,Racial Profile,1000697,2500019643,Incident ID,2025-04-27 00:00:00,April,W,N,M,20,True,False,West Haven,Bruneau's Garage,  ,  ,V,G,2.0,1,14-12(a)*,,False,N,False,False,M,,,,,False,1.0,CT0015600,133918225488455336,2025-04-27 14:03:31.517000,14:03:31.517000,2025,38a-371,,Registration,2025
2025-05-15 18:42:32.133000,7433815.0,CT0015600,West Haven,Racial Profile,1000331,2500019597,Incident ID,2025-04-27 00:00:00,April,W,N,M,70,True,False,West Haven,Derby Avenue X Forest Road,  ,  ,V,G,1.0,0,14-219,,False,N,False,False,V,,,,,False,1.0,CT0015600,133918225488455336,2025-04-27 08:36:18.533000,08:36:18.533000,2025,,,Speed Related,2025
2025-05-15 18:42:32.157000,7433816.0,CT0015600,West Haven,Racial Profile,1000331,2500019598,Incident ID,2025-04-27 00:00:00,April,W,N,M,31,True,False,West Haven,Derby X Elizabeth Street,  ,  ,V,G,1.0,0,14-219,,False,N,False,False,V,,,,,False,1.0,CT0015600,133918225488455336,2025-04-27 08:50:00.290000,08:50:00.290000,2025,,,Speed Related,2025
2025-05-15 18:42:32.200000,7433817.0,CT0015600,West Haven,Racial Profile,1000331,2500019615,Incident ID,2025-04-27 00:00:00,April,W,N,M,62,True,True,WEST HAVEN,Boston Post Road X Meloy Road,  ,  ,V,G,2.0,0,14-218(a),,False,N,False,False,I,,,,,False,1.0,CT0015600,133918225488455336,2025-04-27 10:50:58.280000,10:50:58.280000,2025,14-12(a)*,,Speed Related,2025
2025-05-15 18:42:32.940000,7433931.0,CT0015600,West Haven,Racial Profile,1000615,2500019624,Incident ID,2025-04-27 00:00:00,April,W,H,M,24,True,True,West Haven,Center/ Washington ,  ,  ,V,G,1.0,0,14-301,,False,N,False,False,I,,,,,False,1.0,CT0015600,133918225488455336,2025-04-27 11:27:06.513000,11:27:06.513000,2025,14-301,,Stop Sign,2025
2025-05-15 18:42:32.357000,7433822.0,CT0015600,West Haven,Racial Profile,1000331,2500019807,Incident ID,2025-04-28 00:00:00,April,B,N,F,29,True,False,West Haven,Derby Avenue X Elizabeth Street,  ,  ,V,G,1.0,0,14-219,,False,N,False,False,V,,,,,False,1.0,CT0015600,133918225488455336,2025-04-28 11:29:55.363000,11:29:55.363000,2025,,,Speed Related,2025
2025-05-15 18:42:32.327000,7433821.0,CT0015600,West Haven,Racial Profile,1000331,2500019793,Incident ID,2025-04-28 00:00:00,April,W,N,F,19,True,False,West Haven,Boston Post Road X Farwell St,  ,  ,V,G,1.0,0,14-299,,False,N,False,False,V,,,,,False,1.0,CT0015600,133918225488455336,2025-04-28 09:56:10.833000,09:56:10.833000,2025,,,Traffic Control Signal,2025
2025-05-15 18:42:32.373000,7433825.0,CT0015600,West Haven,Racial Profile,1000333,2500019869,Incident ID,2025-04-28 00:00:00,April,B,N,M,56,True,True,WEST HAVEN,14-236,  ,  ,V,G,1.0,0,14-236,,False,N,False,False,I,,,,,False,1.0,CT0015600,133918225488455336,2025-04-28 17:04:44.557000,17:04:44.557000,2025,,,Moving Violation,2025
2025-05-15 18:42:32.517000,7433850.0,CT0015600,West Haven,Racial Profile,1000539,2500019780,Incident ID,2025-04-28 00:00:00,April,B,N,M,20,True,True,WEST HAVEN,campbell/york,  ,  ,V,G,1.0,0,14-218a,,False,N,False,False,I,,,,,False,1.0,CT0015600,133918225488455336,2025-04-28 08:30:14.380000,08:30:14.380000,2025,14-12(a)*,,Speed Related,2025
2025-05-15 18:42:33.040000,7433946.0,CT0015600,West Haven,Racial Profile,1000626,2500019781,Incident ID,2025-04-28 00:00:00,April,W,M,M,22,True,False,West Haven,FOREST ROAD,  ,  ,V,G,1.0,0,38a-371,,False,N,False,False,I,,,,,False,1.0,CT0015600,133918225488455336,2025-04-28 08:32:59.690000,08:32:59.690000,2025,14-36(a),,Other,2025
2025-05-15 18:42:32.267000,7433819.0,CT0015600,West Haven,Racial Profile,1000331,2500019784,Incident ID,2025-04-28 00:00:00,April,W,H,M,44,True,True,WEST HAVEN,Derby Ave X Elizabeth Street,  ,  ,V,G,1.0,0,14-219,,False,N,False,False,V,,,,,False,1.0,CT0015600,133918225488455336,2025-04-28 09:03:06.140000,09:03:06.140000,2025,,,Speed Related,2025
2025-05-15 18:42:32.300000,7433820.0,CT0015600,West Haven,Racial Profile,1000331,2500019788,Incident ID,2025-04-28 00:00:00,April,B,N,M,34,True,True,West Haven,North Forest Circle X Alden ,  ,  ,V,G,1.0,0,14-299,,False,N,False,False,V,,,,,False,1.0,CT0015600,133918225488455336,2025-04-28 09:26:59.930000,09:26:59.930000,2025,,,Traffic Control Signal,2025
2025-05-15 18:42:32.360000,7433823.0,CT0015600,West Haven,Racial Profile,1000331,2500019827,Incident ID,2025-04-28 00:00:00,April,W,N,M,67,True,False,West Haven,eastbound Derby Avenue X Elizabeth Street,  ,  ,V,G,2.0,0,14-218(a),,False,N,False,False,V,,,,,False,1.0,CT0015600,133918225488455336,2025-04-28 13:29:49.047000,13:29:49.047000,2025,,,Speed Related,2025
2025-05-15 18:42:33.237000,7433975.0,CT0015600,West Haven,Racial Profile,1000661,2500019785,Incident ID,2025-04-28 00:00:00,April,W,H,M,40,True,True,West Haven,Allings Crossings/ Shingle Hill Rd,  ,  ,V,G,1.0,0,14-12(a),,False,N,False,False,V,,,,,False,1.0,CT0015600,133918225488455336,2025-04-28 09:03:37.687000,09:03:37.687000,2025,14-12(a),,Registration,2025
2025-05-15 18:42:33.537000,7434020.0,CT0015600,West Haven,Racial Profile,1000698,2500019823,Incident ID,2025-04-28 00:00:00,April,B,N,M,34,True,False,WEST HAVEN,Boston Post Road/ Green Fuel,  ,  ,E,B,1.0,0,14-18(c),,False,N,False,False,V,,,,,False,1.0,CT0015600,133918225488455336,2025-04-28 12:45:22.220000,12:45:22.220000,2025,,,Display of Plates,2025
2025-05-15 18:42:32.520000,7433851.0,CT0015600,West Haven,Racial Profile,1000539,2500019971,Incident ID,2025-04-29 00:00:00,April,W,H,M,16,True,True,West Haven,boston post/prudden,  ,  ,V,G,1.0,0,14-36(a),,False,N,False,False,W,,,,,False,1.0,CT0015600,133918225488455336,2025-04-29 09:25:23.550000,09:25:23.550000,2025,,,Unlicensed Operation,2025
2025-05-15 18:42:32.773000,7433902.0,CT0015600,West Haven,Racial Profile,1000602,2500020081,Incident ID,2025-04-29 00:00:00,April,B,N,F,37,True,False,West Haven,washington ave,  ,  ,V,G,2.0,0,14-147(c),,False,N,False,False,V,,,,,False,1.0,CT0015600,133918225488455336,2025-04-29 21:15:56.153000,21:15:56.153000,2025,,,Administrative Offense,2025
2025-05-15 18:42:32.943000,7433932.0,CT0015600,West Haven,Racial Profile,1000615,2500019997,Incident ID,2025-04-29 00:00:00,April,B,N,F,38,True,True,West Haven,savin/elm ,  ,  ,V,G,1.0,0,14-301,,False,N,False,False,V,,,,,False,1.0,CT0015600,133918225488455336,2025-04-29 12:25:09.637000,12:25:09.637000,2025,14-301,,Stop Sign,2025
2025-05-15 18:42:32.947000,7433933.0,CT0015600,West Haven,Racial Profile,1000615,2500020076,Incident ID,2025-04-29 00:00:00,April,B,N,M,34,True,True,West Haven,Campbell/Church ,  ,  ,V,G,1.0,0,14-18(c),,False,N,False,False,V,,,,,False,1.0,CT0015600,133918225488455336,2025-04-29 21:06:58.927000,21:06:58.927000,2025,14-18(c),,Display of Plates,2025
2025-05-15 18:42:32.367000,7433824.0,CT0015600,West Haven,Racial Profile,1000331,2500019963,Incident ID,2025-04-29 00:00:00,April,W,N,M,76,True,True,West Haven,Boston Post Road X Budd Place,  ,  ,V,G,1.0,0,14-242,,False,N,False,False,V,,,,,False,1.0,CT0015600,133918225488455336,2025-04-29 08:39:16.850000,08:39:16.850000,2025,,,Moving Violation,2025
2025-05-15 18:42:32.770000,7433901.0,CT0015600,West Haven,Racial Profile,1000602,2500020070,Incident ID,2025-04-29 00:00:00,April,W,H,M,26,True,False,West Haven,campbell avenue,  ,  ,V,G,2.0,1,14-147(c),,True,I,False,True,U,,,,,False,1.0,CT0015600,133918225488455336,2025-04-29 20:17:04.503000,20:17:04.503000,2025,38a-371,,Administrative Offense,2025
2025-05-15 18:42:33.603000,7434029.0,CT0015600,West Haven,Racial Profile,1000699,2500020077,Incident ID,2025-04-29 00:00:00,April,W,N,M,67,True,True,West Haven,Boston Post Road/Peabody,  ,  ,V,G,1.0,0,14-299,,False,N,False,False,V,,,,,False,1.0,CT0015600,133918225488455336,2025-04-29 21:08:41.610000,21:08:41.610000,2025,14-299,,Traffic Control Signal,2025
2025-05-15 18:42:31.930000,7433800.0,CT0015600,West Haven,Racial Profile,1155,2500019925,Incident ID,2025-04-29 00:00:00,April,W,N,M,27,False,False,West Haven,bassett/kelsey ave,  ,  ,V,G,1.0,0,14-301,,False,N,False,False,V,,,,,False,1.0,CT0015600,133918225488455336,2025-04-29 01:49:03.490000,01:49:03.490000,2025,,,Stop Sign,2025
2025-05-15 18:42:33.593000,7434028.0,CT0015600,West Haven,Racial Profile,1000699,2500020046,Incident ID,2025-04-29 00:00:00,April,W,N,F,35,True,False,West Haven,Derby Ave/Central,  ,  ,I,G,1.0,0,14-215,,False,N,False,False,N,,,,,False,1.0,CT0015600,133918225488455336,2025-04-29 17:20:22.797000,17:20:22.797000,2025,14-215,,Administrative Offense,2025
2025-05-15 18:42:33.617000,7434033.0,CT0015600,West Haven,Racial Profile,1000700,2500020053,Incident ID,2025-04-29 00:00:00,April,W,N,M,41,True,False,West Haven,Elm and Water Street,  ,  ,V,G,1.0,0,14-147(c),,False,N,False,False,V,,,,,False,1.0,CT0015600,133918225488455336,2025-04-29 18:08:58.483000,18:08:58.483000,2025,14-147(c),,Administrative Offense,2025
2025-05-15 18:42:32.523000,7433852.0,CT0015600,West Haven,Racial Profile,1000539,2500019989,Incident ID,2025-04-29 00:00:00,April,B,N,M,40,True,True,West Haven,burwell/hemlock,  ,  ,V,G,1.0,0,14-219,,False,N,False,False,V,,,,,False,1.0,CT0015600,133918225488455336,2025-04-29 11:05:16.723000,11:05:16.723000,2025,,,Speed Related,2025
2025-05-15 18:42:32.527000,7433853.0,CT0015600,West Haven,Racial Profile,1000539,2500019998,Incident ID,2025-04-29 00:00:00,April,B,N,M,87,True,True,West Haven,boston post/fairfax,  ,  ,V,G,1.0,0,14-299,,False,N,False,False,V,,,,,False,1.0,CT0015600,133918225488455336,2025-04-29 12:25:36.710000,12:25:36.710000,2025,,,Traffic Control Signal,2025
2025-05-15 18:42:32.760000,7433900.0,CT0015600,West Haven,Racial Profile,1000602,2500020066,Incident ID,2025-04-29 00:00:00,April,I,N,M,23,True,False,West Haven,boston post rd,  ,  ,V,G,1.0,0,14-147(c),,False,N,False,False,I,,,,,False,1.0,CT0015600,133918225488455336,2025-04-29 19:32:32.207000,19:32:32.207000,2025,,,Administrative Offense,2025
2025-05-15 18:42:33.580000,7434027.0,CT0015600,West Haven,Racial Profile,1000699,2500020040,Incident ID,2025-04-29 00:00:00,April,W,N,F,22,True,True,West Haven,Forest Rd/Burwell pl,  ,  ,I,G,1.0,0,14-215(a),,True,N,False,False,V,,,,,False,1.0,CT0015600,133918225488455336,2025-04-29 16:39:53.310000,16:39:53.310000,2025,14-215(a),,Administrative Offense,2025
2025-05-15 18:42:32.483000,7433844.0,CT0015600,West Haven,Racial Profile,1000465,2500020125,Incident ID,2025-04-30 00:00:00,April,B,N,M,30,True,True,West Haven,Elm / Orchard,  ,  ,V,G,1.0,0,14-218a,,False,N,False,False,V,,,,,False,1.0,CT0015600,133918225488455336,2025-04-30 02:19:18.230000,02:19:18.230000,2025,,,Speed Related,2025
2025-05-15 18:42:32.790000,7433903.0,CT0015600,West Haven,Racial Profile,1000602,2500020170,Incident ID,2025-04-30 00:00:00,April,W,H,M,37,True,False,WEST HAVEN,spring street,  ,  ,V,G,3.0,1,14-12(a)*,,True,I,False,False,I,,,,,False,1.0,CT0015600,133918225488455336,2025-04-30 09:44:22.230000,09:44:22.230000,2025,,,Registration,2025
2025-05-15 18:42:32.803000,7433904.0,CT0015600,West Haven,Racial Profile,1000602,2500020254,Incident ID,2025-04-30 00:00:00,April,W,N,M,37,True,False,West Haven,boston post road,  ,  ,V,G,2.0,1,14-147(a),,True,I,False,False,M,,,,,False,1.0,CT0015600,133918225488455336,2025-04-30 20:07:31.777000,20:07:31.777000,2025,,,Administrative Offense,2025
2025-05-15 18:42:33.263000,7433978.0,CT0015600,West Haven,Racial Profile,1000662,2500020237,Incident ID,2025-04-30 00:00:00,April,W,N,M,20,True,False,West Haven,Sawmill Rd. / I-95 N ramp,  ,  ,V,G,1.0,0,14-245,,False,N,False,False,V,,,,,False,1.0,CT0015600,133918225488455336,2025-04-30 17:43:18.030000,17:43:18.030000,2025,14-245,,Moving Violation,2025
2025-05-15 18:42:32.950000,7433934.0,CT0015600,West Haven,Racial Profile,1000615,2500020178,Incident ID,2025-04-30 00:00:00,April,B,N,M,43,True,False,West Haven,Main/Savin ,  ,  ,V,G,1.0,0,14-18(c),,False,N,False,False,V,,,,,False,1.0,CT0015600,133918225488455336,2025-04-30 10:43:43.130000,10:43:43.130000,2025,14-18(c),,Display of Plates,2025
2025-05-15 18:42:33.607000,7434030.0,CT0015600,West Haven,Racial Profile,1000699,2500020238,Incident ID,2025-04-30 00:00:00,April,W,N,M,23,True,True,WEST HAVEN,boston post/meloy,  ,  ,I,G,1.0,0,14-12(a),,False,N,False,False,V,,,,,False,1.0,CT0015600,133918225488455336,2025-04-30 17:54:12.593000,17:54:12.593000,2025,14-12a,,Registration,2025
2025-05-15 18:42:31.933000,7433801.0,CT0015600,West Haven,Racial Profile,1155,2500020243,Incident ID,2025-04-30 00:00:00,April,W,N,M,60,True,True,West Haven,frontage rd/ailling crossing,  ,  ,V,G,1.0,0,14-218a,,False,N,False,False,V,,,,,False,1.0,CT0015600,133918225488455336,2025-04-30 18:36:33.587000,18:36:33.587000,2025,,,Speed Related,2025
2025-05-15 18:42:33.273000,7433980.0,CT0015600,West Haven,Racial Profile,1000675,2500020235,Incident ID,2025-04-30 00:00:00,April,B,N,M,28,True,False,West Haven,Campbell/Homestead,  ,  ,V,G,1.0,0,14-12(a)*,,False,N,False,False,V,,,,,False,1.0,CT0015600,133918225488455336,2025-04-30 17:21:47.650000,17:21:47.650000,2025,,,Registration,2025
2025-06-15 18:45:20.233000,7493839.0,CT0015600,West Haven,Racial Profile,1000615,2500020398,Incident ID,2025-05-01 00:00:00,May,B,N,F,40,True,False,WEST HAVEN,Derby/ Central ,  ,  ,V,G,1.0,0,14-147(c),,False,N,False,False,V,,,,,False,1.0,CT0015600,133945011155767425,2025-05-01 16:36:22.710000,16:36:22.710000,2025,14-147(c),,Administrative Offense,2025
2025-06-15 18:45:20.290000,7493862.0,CT0015600,West Haven,Racial Profile,1000637,2500020423,Incident ID,2025-05-01 00:00:00,May,W,N,M,24,True,True,West Haven,Boston Post Road/ Jaffrey Street,  ,  ,V,G,1.0,0,14-218(a),,False,N,False,False,I,,,,,False,1.0,CT0015600,133945011155767425,2025-05-01 18:55:22.477000,18:55:22.477000,2025,14-12(a)*,,Speed Related,2025
2025-06-15 18:45:20.290000,7493863.0,CT0015600,West Haven,Racial Profile,1000637,2500020428,Incident ID,2025-05-01 00:00:00,May,W,H,M,50,True,True,West Haven,Campbell Ave/ Elm St,  ,  ,V,G,1.0,0,14-299,,False,N,False,False,V,,,,,False,1.0,CT0015600,133945011155767425,2025-05-01 19:42:21.567000,19:42:21.567000,2025,,,Traffic Control Signal,2025
2025-06-15 18:45:20.227000,7493837.0,CT0015600,West Haven,Racial Profile,1000615,2500020345,Incident ID,2025-05-01 00:00:00,May,W,H,M,37,True,False,WEST HAVEN,460 elm street ,  ,  ,V,G,1.0,0,14-18(a),,False,N,False,False,I,,,,,False,1.0,CT0015600,133945011155767425,2025-05-01 11:03:19.283000,11:03:19.283000,2025,14-12(a)*,,Display of Plates,2025
2025-06-15 18:45:20.450000,7493899.0,CT0015600,West Haven,Racial Profile,1000666,2500020422,Incident ID,2025-05-01 00:00:00,May,B,N,M,38,True,True,West Haven,Campbell Ave/ ,  ,  ,V,G,1.0,0,14-299,,False,N,False,False,V,,,,,False,1.0,CT0015600,133945011155767425,2025-05-01 18:52:30.543000,18:52:30.543000,2025,14-299,,Traffic Control Signal,2025
2025-06-15 18:45:20.230000,7493838.0,CT0015600,West Haven,Racial Profile,1000615,2500020353,Incident ID,2025-05-01 00:00:00,May,W,H,F,35,True,False,West Haven,Washington/New ,  ,  ,V,G,1.0,0,14-301,,False,N,False,False,I,,,,,False,1.0,CT0015600,133945011155767425,2025-05-01 12:00:52.763000,12:00:52.763000,2025,14-36(a),,Stop Sign,2025
2025-06-15 18:45:20.493000,7493916.0,CT0015600,West Haven,Racial Profile,1000699,2500020413,Incident ID,2025-05-01 00:00:00,May,B,N,F,48,True,True,West Haven,Campbell/Captain Thomas,  ,  ,I,G,1.0,0,14-12(a),,False,N,False,False,V,,,,,False,1.0,CT0015600,133945011155767425,2025-05-01 17:35:39.927000,17:35:39.927000,2025,14-12(a),,Registration,2025
2025-06-15 18:45:20.310000,7493871.0,CT0015600,West Haven,Racial Profile,1000658,2500020434,Incident ID,2025-05-01 00:00:00,May,B,N,M,19,True,False,West Haven,ocean ave,  ,  ,V,G,1.0,0,14-96t,,False,N,False,False,V,,,,,False,1.0,CT0015600,133945011155767425,2025-05-01 20:40:08.847000,20:40:08.847000,2025,,,Defective Lights,2025
2025-06-15 18:45:20.490000,7493915.0,CT0015600,West Haven,Racial Profile,1000699,2500020400,Incident ID,2025-05-01 00:00:00,May,B,N,F,24,True,True,West Haven,Main Street/Saw Mill Rd,  ,  ,I,G,1.0,0,14-12(a),,False,N,False,False,W,,,,,False,1.0,CT0015600,133945011155767425,2025-05-01 16:36:45.150000,16:36:45.150000,2025,14-12(a),,Registration,2025
2025-06-15 18:45:20.060000,7493794.0,CT0015600,West Haven,Racial Profile,1000558,2500020616,Incident ID,2025-05-02 00:00:00,May,B,N,M,35,True,True,West Haven,WEST SPRING / KENNETH,  ,  ,V,G,1.0,0,14-232(1),,False,N,False,False,V,,,,,False,1.0,CT0015600,133945011155767425,2025-05-02 22:28:23.940000,22:28:23.940000,2025,,,Moving Violation,2025
2025-06-15 18:45:20.070000,7493798.0,CT0015600,West Haven,Racial Profile,1000602,2500020584,Incident ID,2025-05-02 00:00:00,May,B,N,M,24,True,True,West Haven,smith ct,  ,  ,V,G,2.0,1,14-18(c),,True,I,False,False,M,,,,,False,1.0,CT0015600,133945011155767425,2025-05-02 19:08:24.010000,19:08:24.010000,2025,38a-371,,Display of Plates,2025
2025-06-15 18:45:20.100000,7493801.0,CT0015600,West Haven,Racial Profile,1000602,2500020613,Incident ID,2025-05-02 00:00:00,May,W,H,M,26,True,True,West Haven,sporing street,  ,  ,V,G,1.0,0,14-147(c),,False,N,False,False,V,,,,,False,1.0,CT0015600,133945011155767425,2025-05-02 22:12:32.100000,22:12:32.100000,2025,,,Administrative Offense,2025
2025-06-15 18:45:19.947000,7493766.0,CT0015600,West Haven,Racial Profile,1000465,2500020572,Incident ID,2025-05-02 00:00:00,May,B,N,M,18,True,True,West Haven,Boston Post Road / Marginal Drive,  ,  ,V,G,1.0,0,14-299,,False,N,False,False,V,,,,,False,1.0,CT0015600,133945011155767425,2025-05-02 18:16:59.810000,18:16:59.810000,2025,,,Traffic Control Signal,2025
2025-06-15 18:45:19.963000,7493767.0,CT0015600,West Haven,Racial Profile,1000465,2500020578,Incident ID,2025-05-02 00:00:00,May,B,N,M,23,True,False,WEST HAVEN,Boston Post Road / New Haven Town Line,  ,  ,V,G,1.0,0,14-296aa(b),,False,N,False,False,V,,,,,False,1.0,CT0015600,133945011155767425,2025-05-02 18:47:07.693000,18:47:07.693000,2025,,,Cell Phone,2025
2025-06-15 18:45:19.967000,7493768.0,CT0015600,West Haven,Racial Profile,1000465,2500020582,Incident ID,2025-05-02 00:00:00,May,W,H,M,40,True,False,West Haven,Boston Post Road / Barbara Street,  ,  ,E,G,1.0,0,14-99g(g),,False,N,False,False,V,,,,,False,1.0,CT0015600,133945011155767425,2025-05-02 19:02:50.210000,19:02:50.210000,2025,,,Window Tint,2025
2025-06-15 18:45:19.970000,7493769.0,CT0015600,West Haven,Racial Profile,1000465,2500020608,Incident ID,2025-05-02 00:00:00,May,W,H,M,24,True,True,WEST HAVEN,77 Richards Street,  ,  ,V,G,1.0,0,14-301,,False,N,False,False,V,,,,,False,1.0,CT0015600,133945011155767425,2025-05-02 21:44:24,21:44:24,2025,,,Stop Sign,2025
2025-06-15 18:45:20.270000,7493853.0,CT0015600,West Haven,Racial Profile,1000620,2500020580,Incident ID,2025-05-02 00:00:00,May,W,H,M,56,True,True,WEST HAVEN,campbell/boston post,  ,  ,V,G,1.0,0,14-299,,False,N,False,False,V,,,,,False,1.0,CT0015600,133945011155767425,2025-05-02 18:55:02.140000,18:55:02.140000,2025,14-299,,Traffic Control Signal,2025
2025-06-15 18:45:20.087000,7493799.0,CT0015600,West Haven,Racial Profile,1000602,2500020604,Incident ID,2025-05-02 00:00:00,May,B,N,M,24,True,True,West Haven,spring street,  ,  ,V,G,1.0,0,14-96b,,False,N,False,False,V,,,,,False,1.0,CT0015600,133945011155767425,2025-05-02 21:15:07.983000,21:15:07.983000,2025,,,Defective Lights,2025
2025-06-15 18:45:20.100000,7493800.0,CT0015600,West Haven,Racial Profile,1000602,2500020610,Incident ID,2025-05-02 00:00:00,May,W,N,M,50,True,True,West Haven,west spring,  ,  ,V,G,1.0,0,14-215(a),,False,N,False,False,V,,,,,False,1.0,CT0015600,133945011155767425,2025-05-02 21:53:37.187000,21:53:37.187000,2025,,,Administrative Offense,2025
2025-06-15 18:45:20.200000,7493830.0,CT0015600,West Haven,Racial Profile,1000614,2500020583,Incident ID,2025-05-02 00:00:00,May,W,N,M,67,False,False,West Haven,Sawmill Road,  ,  ,V,G,1.0,0,14-299,,False,N,False,False,V,,,,,False,1.0,CT0015600,133945011155767425,2025-05-02 19:06:51.193000,19:06:51.193000,2025,,,Traffic Control Signal,2025
2025-06-15 18:45:20.203000,7493831.0,CT0015600,West Haven,Racial Profile,1000614,2500020587,Incident ID,2025-05-02 00:00:00,May,B,H,M,36,True,False,WEST HAVEN,Sawmill Road,  ,  ,V,G,1.0,0,14-299,,False,N,False,False,V,,,,,False,1.0,CT0015600,133945011155767425,2025-05-02 19:15:08.857000,19:15:08.857000,2025,,,Traffic Control Signal,2025
2025-06-15 18:45:20.207000,7493832.0,CT0015600,West Haven,Racial Profile,1000614,2500020606,Incident ID,2025-05-02 00:00:00,May,B,N,M,44,True,True,West Haven,Campbell ave,  ,  ,V,G,1.0,0,14-299,,False,N,False,False,V,,,,,False,1.0,CT0015600,133945011155767425,2025-05-02 21:25:33.273000,21:25:33.273000,2025,,,Traffic Control Signal,2025
2025-06-15 18:45:20.470000,7493909.0,CT0015600,West Haven,Racial Profile,1000678,2500020612,Incident ID,2025-05-02 00:00:00,May,B,N,M,36,True,True,West Haven,Sawmill and West Clerk street,  ,  ,V,G,2.0,1,14-12(a)*,,False,N,False,False,M,,,,,False,1.0,CT0015600,133945011155767425,2025-05-02 22:02:28.307000,22:02:28.307000,2025,38a-371,,Registration,2025
2025-06-15 18:45:20.453000,7493900.0,CT0015600,West Haven,Racial Profile,1000666,2500020586,Incident ID,2025-05-02 00:00:00,May,B,N,M,21,True,False,West Haven,Captian thomas,  ,  ,V,G,1.0,0,14-18(c),,False,N,False,False,V,,,,,False,1.0,CT0015600,133945011155767425,2025-05-02 19:09:59.967000,19:09:59.967000,2025,14-18(c),,Display of Plates,2025
2025-06-15 18:45:20.460000,7493903.0,CT0015600,West Haven,Racial Profile,1000675,2500020573,Incident ID,2025-05-02 00:00:00,May,B,N,M,61,True,False,WEST HAVEN,Elm Street/ First Ave,  ,  ,V,G,1.0,0,14-300c(c),,False,N,False,False,V,,,,,False,1.0,CT0015600,133945011155767425,2025-05-02 18:21:51.853000,18:21:51.853000,2025,,,Other,2025
2025-06-15 18:45:19.920000,7493759.0,CT0015600,West Haven,Racial Profile,1000331,2500020705,Incident ID,2025-05-03 00:00:00,May,B,N,M,29,False,False,West Haven,Derby Avenue X Central Avenue,  ,  ,V,G,1.0,0,14-219,,False,N,False,False,V,,,,,False,1.0,CT0015600,133945011155767425,2025-05-03 12:49:46.050000,12:49:46.050000,2025,,,Speed Related,2025
2025-06-15 18:45:20.110000,7493803.0,CT0015600,West Haven,Racial Profile,1000602,2500020637,Incident ID,2025-05-03 00:00:00,May,W,N,M,41,True,False,WEST HAVEN,first avenuye,  ,  ,V,G,3.0,1,14-215(a),,True,I,True,True,U,,,,,False,1.0,CT0015600,133945011155767425,2025-05-03 00:28:56.497000,00:28:56.497000,2025,,,Administrative Offense,2025
2025-06-15 18:45:19.920000,7493758.0,CT0015600,West Haven,Racial Profile,1000331,2500020686,Incident ID,2025-05-03 00:00:00,May,B,N,F,37,True,False,WEST HAVEN,Boston Post Road X Dogwood,  ,  ,V,G,1.0,0,14-219,,False,N,False,False,V,,,,,False,1.0,CT0015600,133945011155767425,2025-05-03 08:43:27.210000,08:43:27.210000,2025,,,Speed Related,2025
2025-06-15 18:45:19.923000,7493760.0,CT0015600,West Haven,Racial Profile,1000331,2500020760,Incident ID,2025-05-03 00:00:00,May,A,N,F,41,True,False,West Haven,Ocean Avenue X Fairview Street,  ,  ,V,G,1.0,0,14-296a,,False,N,False,False,V,,,,,False,1.0,CT0015600,133945011155767425,2025-05-03 17:56:32.583000,17:56:32.583000,2025,14-12(a)*,,Cell Phone,2025
2025-06-15 18:45:20.293000,7493864.0,CT0015600,West Haven,Racial Profile,1000637,2500020762,Incident ID,2025-05-03 00:00:00,May,W,N,F,27,True,False,West Haven,Saw Mill Road/ Hood Terrace,  ,  ,V,G,1.0,0,14-12(a)*,,False,N,False,False,V,,,,,False,1.0,CT0015600,133945011155767425,2025-05-03 18:19:02.640000,18:19:02.640000,2025,,,Registration,2025
2025-06-15 18:45:20.107000,7493802.0,CT0015600,West Haven,Racial Profile,1000602,2500020630,Incident ID,2025-05-03 00:00:00,May,W,H,M,34,True,False,WEST HAVEN,campbell avenue,  ,  ,V,G,2.0,0,14-80(b),,False,N,False,False,I,,,,,False,1.0,CT0015600,133945011155767425,2025-05-03 00:05:15.130000,00:05:15.130000,2025,,,Equipment Violation,2025
2025-06-15 18:45:20.460000,7493904.0,CT0015600,West Haven,Racial Profile,1000675,2500020746,Incident ID,2025-05-03 00:00:00,May,B,N,M,42,True,False,West Haven,Kimberly/ Boulevard,  ,  ,I,G,2.0,0,14-101,,False,N,False,False,U,,,,,False,1.0,CT0015600,133945011155767425,2025-05-03 16:36:18.887000,16:36:18.887000,2025,,,Moving Violation,2025
2025-06-15 18:45:19.983000,7493771.0,CT0015600,West Haven,Racial Profile,1000465,2500020826,Incident ID,2025-05-04 00:00:00,May,W,H,M,24,True,True,West Haven,Campbel / George,  ,  ,V,G,1.0,1,14-12(a),,False,N,False,False,I,,,,,False,1.0,CT0015600,133945011155767425,2025-05-04 02:00:04.417000,02:00:04.417000,2025,,,Registration,2025
2025-06-15 18:45:19.927000,7493761.0,CT0015600,West Haven,Racial Profile,1000331,2500020860,Incident ID,2025-05-04 00:00:00,May,B,N,M,28,True,True,West Haven,Boston Post Road X Ardale Street,  ,  ,V,G,1.0,0,14-299,,False,N,False,False,V,,,,,False,1.0,CT0015600,133945011155767425,2025-05-04 09:18:13.247000,09:18:13.247000,2025,,,Traffic Control Signal,2025
2025-06-15 18:45:20.110000,7493804.0,CT0015600,West Haven,Racial Profile,1000602,2500020861,Incident ID,2025-05-04 00:00:00,May,W,H,M,27,True,True,West Haven,bpr rd,  ,  ,V,G,1.0,0,14-299,,False,N,False,False,I,,,,,False,1.0,CT0015600,133945011155767425,2025-05-04 09:19:20.103000,09:19:20.103000,2025,,,Traffic Control Signal,2025
2025-06-15 18:45:20.403000,7493893.0,CT0015600,West Haven,Racial Profile,1000661,2500020871,Incident ID,2025-05-04 00:00:00,May,W,H,M,60,True,True,West Haven,Sawmill Road/ AllingsCrossing ,  ,  ,V,G,1.0,0,14-12(a),,False,N,False,False,V,,,,,False,1.0,CT0015600,133945011155767425,2025-05-04 10:15:20.917000,10:15:20.917000,2025,14-12(a),,Registration,2025
2025-06-15 18:45:19.930000,7493762.0,CT0015600,West Haven,Racial Profile,1000331,2500020873,Incident ID,2025-05-04 00:00:00,May,W,N,M,18,True,False,WEST HAVEN,Boston Post Road X Farwell Street,  ,  ,V,G,1.0,0,14-218(a),,False,N,False,False,I,,,,,False,1.0,CT0015600,133945011155767425,2025-05-04 10:34:41.847000,10:34:41.847000,2025,14-18(c),,Speed Related,2025
2025-06-15 18:45:19.980000,7493770.0,CT0015600,West Haven,Racial Profile,1000465,2500020820,Incident ID,2025-05-04 00:00:00,May,W,M,M,48,False,False,WEST HAVEN,Meloy,  ,  ,V,G,1.0,0,14-236,,False,N,False,False,V,,,,,False,1.0,CT0015600,133945011155767425,2025-05-04 00:54:15.593000,00:54:15.593000,2025,,,Moving Violation,2025
2025-06-15 18:45:20.037000,7493789.0,CT0015600,West Haven,Racial Profile,1000468,2500020818,Incident ID,2025-05-04 00:00:00,May,W,N,F,22,True,True,West Haven,Boston Post Road/Tuthill Street,  ,  ,V,B,1.0,0,14-240,,False,N,False,False,V,,,,,False,1.0,CT0015600,133945011155767425,2025-05-04 00:28:03.787000,00:28:03.787000,2025,14-240,,Moving Violation,2025
2025-06-15 18:45:20.273000,7493855.0,CT0015600,West Haven,Racial Profile,1000626,2500020993,Incident ID,2025-05-05 00:00:00,May,W,H,M,38,True,False,WEST HAVEN,First Avenue,  ,  ,V,G,1.0,0,14-299,,False,N,False,False,V,,,,,False,1.0,CT0015600,133945011155767425,2025-05-05 09:12:23.557000,09:12:23.557000,2025,14-299,,Traffic Control Signal,2025
2025-06-15 18:45:20.447000,7493897.0,CT0015600,West Haven,Racial Profile,1000662,2500021237,Incident ID,2025-05-06 00:00:00,May,W,H,M,61,True,True,West Haven,Marks Drive/  Shingle Hill Rd.,  ,  ,V,G,1.0,0,14-219(b),,False,N,False,False,V,,,,,False,1.0,CT0015600,133945011155767425,2025-05-06 20:37:07.740000,20:37:07.740000,2025,14-219(b),,Speed Related,2025
2025-06-15 18:45:20.310000,7493872.0,CT0015600,West Haven,Racial Profile,1000658,2500021326,Incident ID,2025-05-07 00:00:00,May,W,N,M,63,True,True,WEST HAVEN,campbell ave,  ,  ,V,G,1.0,0,14-12(a)*,,False,N,False,False,I,,,,,False,1.0,CT0015600,133945011155767425,2025-05-07 09:46:17.910000,09:46:17.910000,2025,14-36(a),,Registration,2025
2025-06-15 18:45:20.317000,7493874.0,CT0015600,West Haven,Racial Profile,1000658,2500021357,Incident ID,2025-05-07 00:00:00,May,B,N,M,51,True,False,WEST HAVEN,church st,  ,  ,E,G,2.0,0,14-99g,,False,N,False,False,V,,,,,False,1.0,CT0015600,133945011155767425,2025-05-07 13:17:24.970000,13:17:24.970000,2025,,,Window Tint,2025
2025-06-15 18:45:19.883000,7493748.0,CT0015600,West Haven,Racial Profile,1155,2500021421,Incident ID,2025-05-07 00:00:00,May,W,H,M,38,True,True,West Haven,savin ave park street,  ,  ,V,G,1.0,0,14-299,,False,N,False,False,V,,,,,False,1.0,CT0015600,133945011155767425,2025-05-07 20:56:43.650000,20:56:43.650000,2025,,,Traffic Control Signal,2025
2025-06-15 18:45:20.497000,7493917.0,CT0015600,West Haven,Racial Profile,1000699,2500021361,Incident ID,2025-05-07 00:00:00,May,B,H,F,65,True,True,West Haven,Boston Post Road/Fairfax Road,  ,  ,I,G,1.0,0,14-12(a)*,,False,N,False,False,V,,,,,False,1.0,CT0015600,133945011155767425,2025-05-07 13:53:31.740000,13:53:31.740000,2025,14-12(a)*,,Registration,2025
2025-06-15 18:45:20.313000,7493873.0,CT0015600,West Haven,Racial Profile,1000658,2500021353,Incident ID,2025-05-07 00:00:00,May,W,M,M,37,True,False,West Haven,3rd ave,  ,  ,V,G,1.0,0,14-12(a)*,,False,N,False,False,I,,,,,False,1.0,CT0015600,133945011155767425,2025-05-07 12:48:28.460000,12:48:28.460000,2025,,,Registration,2025
2025-06-15 18:45:20.320000,7493875.0,CT0015600,West Haven,Racial Profile,1000658,2500021368,Incident ID,2025-05-07 00:00:00,May,B,N,F,32,False,False,West Haven,elm st,  ,  ,I,G,2.0,0,53a-119,,True,O,False,True,U,,,,,False,1.0,CT0015600,133945011155767425,2025-05-07 15:03:25.917000,15:03:25.917000,2025,,,Other,2025
2025-06-15 18:45:20.297000,7493865.0,CT0015600,West Haven,Racial Profile,1000637,2500021337,Incident ID,2025-05-07 00:00:00,May,B,N,F,64,True,False,West Haven,FOREST RD/OAK ROAD,  ,  ,V,G,1.0,0,14-18(a),,False,N,False,False,V,,,,,False,1.0,CT0015600,133945011155767425,2025-05-07 11:03:25.190000,11:03:25.190000,2025,,,Display of Plates,2025
2025-06-15 18:45:20.063000,7493796.0,CT0015600,West Haven,Racial Profile,1000569,2500021547,Incident ID,2025-05-08 00:00:00,May,W,N,F,36,True,True,West Haven,Elm and Second,  ,  ,V,G,1.0,0,14-236,,False,N,False,False,V,,,,,False,1.0,CT0015600,133945011155767425,2025-05-08 13:52:59.803000,13:52:59.803000,2025,14-236,,Moving Violation,2025
2025-06-15 18:45:20.113000,7493805.0,CT0015600,West Haven,Racial Profile,1000602,2500021597,Incident ID,2025-05-08 00:00:00,May,W,H,M,31,True,False,West Haven,boston post road,  ,  ,V,G,2.0,1,14-147(c),,True,I,False,False,M,,,,,False,1.0,CT0015600,133945011155767425,2025-05-08 20:05:01.317000,20:05:01.317000,2025,38a-371,,Administrative Offense,2025
2025-06-15 18:45:20.210000,7493833.0,CT0015600,West Haven,Racial Profile,1000614,2500021594,Incident ID,2025-05-08 00:00:00,May,B,N,M,30,True,True,WEST HAVEN,Elm Street,  ,  ,V,G,2.0,0,14-222,,False,N,False,False,M,,,,,False,1.0,CT0015600,133945011155767425,2025-05-08 19:51:30.567000,19:51:30.567000,2025,,,Speed Related,2025
2025-06-15 18:45:20.123000,7493807.0,CT0015600,West Haven,Racial Profile,1000602,2500021611,Incident ID,2025-05-08 00:00:00,May,B,N,M,24,True,False,West Haven,main street,  ,  ,V,G,2.0,1,14-147(c),,True,I,False,False,M,,,,,False,1.0,CT0015600,133945011155767425,2025-05-08 22:00:53.257000,22:00:53.257000,2025,38a-371,,Administrative Offense,2025
2025-06-15 18:45:20.120000,7493806.0,CT0015600,West Haven,Racial Profile,1000602,2500021610,Incident ID,2025-05-08 00:00:00,May,W,H,M,26,True,False,West Haven,center st,  ,  ,V,G,2.0,1,14-147(a),,True,I,False,True,U,,,,,False,1.0,CT0015600,133945011155767425,2025-05-08 21:36:28.013000,21:36:28.013000,2025,,,Administrative Offense,2025
2025-06-15 18:45:19.917000,7493757.0,CT0015600,West Haven,Racial Profile,1000318,2500021765,Incident ID,2025-05-09 00:00:00,May,B,N,M,44,True,False,West Haven,i95n/ saw mill road,  ,  ,V,G,2.0,1,unregistered,,True,I,False,False,M,,,,,False,1.0,CT0015600,133945011155767425,2025-05-09 21:37:13.310000,21:37:13.310000,2025,op under suspension,,Registration,2025
2025-06-15 18:45:19.987000,7493772.0,CT0015600,West Haven,Racial Profile,1000465,2500021918,Incident ID,2025-05-10 00:00:00,May,W,H,M,32,True,True,West Haven,Elm / Wagner,  ,  ,V,G,1.0,0,14-241,,False,N,False,False,V,,,,,False,1.0,CT0015600,133945011155767425,2025-05-10 19:21:36.230000,19:21:36.230000,2025,14-36(a),,Moving Violation,2025
2025-06-15 18:45:20.323000,7493876.0,CT0015600,West Haven,Racial Profile,1000658,2500021872,Incident ID,2025-05-10 00:00:00,May,W,H,M,23,True,False,West Haven,campbell ave,  ,  ,E,G,1.0,0,14-99g,,False,N,False,False,V,,,,,False,1.0,CT0015600,133945011155767425,2025-05-10 12:49:18.987000,12:49:18.987000,2025,,,Window Tint,2025
2025-06-15 18:45:20.497000,7493918.0,CT0015600,West Haven,Racial Profile,1000699,2500021846,Incident ID,2025-05-10 00:00:00,May,B,N,F,35,True,True,West Haven,Boston Post Road/Front Road,  ,  ,I,G,1.0,0,14-12(a)(2),,False,N,False,False,V,,,,,False,1.0,CT0015600,133945011155767425,2025-05-10 09:18:45.370000,09:18:45.370000,2025,14-12(a)(2),,Registration,2025
2025-06-15 18:45:20.253000,7493847.0,CT0015600,West Haven,Racial Profile,1000617,2500022095,Incident ID,2025-05-11 00:00:00,May,W,N,M,22,True,False,WEST HAVEN,810 First Avenue,  ,  ,V,G,2.0,0,14-80(b),,False,N,False,False,W,,,,,False,1.0,CT0015600,133945011155767425,2025-05-11 22:07:14.777000,22:07:14.777000,2025,,,Equipment Violation,2025
2025-06-15 18:45:20.447000,7493898.0,CT0015600,West Haven,Racial Profile,1000662,2500022049,Incident ID,2025-05-11 00:00:00,May,W,N,M,20,True,True,WEST HAVEN,Railroad Ave. / Frontage road,  ,  ,V,G,1.0,0,14-219,,False,N,False,False,V,,,,,False,1.0,CT0015600,133945011155767425,2025-05-11 16:06:32.887000,16:06:32.887000,2025,14-219,,Speed Related,2025
2025-06-15 18:45:20.503000,7493920.0,CT0015600,West Haven,Racial Profile,1000699,2500022023,Incident ID,2025-05-11 00:00:00,May,W,M,M,31,True,False,West Haven,Boston Post Road/Rockwood,  ,  ,E,G,1.0,0,14-98a,,False,N,False,False,V,,,,,False,1.0,CT0015600,133945011155767425,2025-05-11 12:16:09.143000,12:16:09.143000,2025,14-98a,,Other,2025
2025-06-15 18:45:20.500000,7493919.0,CT0015600,West Haven,Racial Profile,1000699,2500022022,Incident ID,2025-05-11 00:00:00,May,W,N,M,31,True,False,West Haven,boston post/rockview,  ,  ,E,G,1.0,0,14-98a,,False,N,False,False,V,,,,,False,1.0,CT0015600,133945011155767425,2025-05-11 12:15:00.410000,12:15:00.410000,2025,14-98a,,Other,2025
2025-06-15 18:45:19.907000,7493754.0,CT0015600,West Haven,Racial Profile,1200,2500022193,Incident ID,2025-05-12 00:00:00,May,W,N,M,67,True,True,West Haven,washington & wahsington manor,  ,  ,V,G,1.0,0,14-12(a)*,,False,N,False,False,V,,,,,False,1.0,CT0015600,133945011155767425,2025-05-12 13:43:34.103000,13:43:34.103000,2025,,,Registration,2025
2025-06-15 18:45:19.910000,7493755.0,CT0015600,West Haven,Racial Profile,1202,2500022191,Incident ID,2025-05-12 00:00:00,May,B,N,M,25,True,False,West Haven,Campbell&Center,  ,  ,V,G,1.0,0,14-299,,False,N,False,False,V,,,,,False,1.0,CT0015600,133945011155767425,2025-05-12 13:30:00.997000,13:30:00.997000,2025,14-299,,Traffic Control Signal,2025
2025-06-15 18:45:20.273000,7493856.0,CT0015600,West Haven,Racial Profile,1000626,2500022150,Incident ID,2025-05-12 00:00:00,May,W,H,F,77,True,False,West Haven,872 Boston Post Road,  ,  ,V,G,1.0,0,14-299,,False,N,False,False,V,,,,,False,1.0,CT0015600,133945011155767425,2025-05-12 07:43:12.977000,07:43:12.977000,2025,14-299,,Traffic Control Signal,2025
2025-06-15 18:45:20.137000,7493808.0,CT0015600,West Haven,Racial Profile,1000602,2500022387,Incident ID,2025-05-13 00:00:00,May,W,H,M,35,True,False,West Haven,myrtle street,  ,  ,V,G,2.0,1,14-147(c),,True,I,False,False,M,,,,,False,1.0,CT0015600,133945011155767425,2025-05-13 19:20:43.133000,19:20:43.133000,2025,38a-371,,Administrative Offense,2025
2025-06-15 18:45:20.140000,7493809.0,CT0015600,West Haven,Racial Profile,1000602,2500022393,Incident ID,2025-05-13 00:00:00,May,B,N,F,34,True,False,West Haven,spring street,  ,  ,V,G,2.0,1,14-147(c),,True,I,False,False,M,,,,,False,1.0,CT0015600,133945011155767425,2025-05-13 19:59:45.190000,19:59:45.190000,2025,38a-371,,Administrative Offense,2025
2025-06-15 18:45:19.993000,7493773.0,CT0015600,West Haven,Racial Profile,1000465,2500022480,Incident ID,2025-05-14 00:00:00,May,B,N,F,25,True,False,West Haven,Front / Helm,  ,  ,E,G,1.0,0,14-99g(g),,False,N,False,False,V,,,,,False,1.0,CT0015600,133945011155767425,2025-05-14 11:18:57,11:18:57,2025,,,Window Tint,2025
2025-06-15 18:45:20.300000,7493866.0,CT0015600,West Haven,Racial Profile,1000637,2500022462,Incident ID,2025-05-14 00:00:00,May,W,N,M,25,True,False,West Haven,ALLINGS CROSSING ,  ,  ,V,G,1.0,0,14-12(a),,False,N,False,False,V,,,,,False,1.0,CT0015600,133945011155767425,2025-05-14 10:03:05.107000,10:03:05.107000,2025,,,Registration,2025
2025-06-15 18:45:20.323000,7493877.0,CT0015600,West Haven,Racial Profile,1000658,2500022454,Incident ID,2025-05-14 00:00:00,May,W,N,M,23,True,True,WEST HAVEN,first ave,  ,  ,V,G,1.0,0,14-18(c),,False,N,False,False,V,,,,,False,1.0,CT0015600,133945011155767425,2025-05-14 09:14:15.843000,09:14:15.843000,2025,,,Display of Plates,2025
2025-06-15 18:45:20.240000,7493840.0,CT0015600,West Haven,Racial Profile,1000615,2500022478,Incident ID,2025-05-14 00:00:00,May,W,H,M,71,True,False,West Haven,Campbell/ Terrace ,  ,  ,V,G,1.0,0,14-18(c),,False,N,False,False,V,,,,,False,1.0,CT0015600,133945011155767425,2025-05-14 11:15:31.690000,11:15:31.690000,2025,14-18(c),,Display of Plates,2025
2025-06-15 18:45:20.503000,7493921.0,CT0015600,West Haven,Racial Profile,1000699,2500022461,Incident ID,2025-05-14 00:00:00,May,B,N,F,41,True,False,West Haven,Boston Post/Horton,  ,  ,I,G,1.0,0,14-18(a),,False,N,False,False,V,,,,,False,1.0,CT0015600,133945011155767425,2025-05-14 09:36:40.487000,09:36:40.487000,2025,14-18(a),,Display of Plates,2025
2025-06-15 18:45:20.507000,7493922.0,CT0015600,West Haven,Racial Profile,1000700,2500022522,Incident ID,2025-05-14 00:00:00,May,B,N,M,32,True,True,West Haven,First And Monahan,  ,  ,V,G,1.0,0,14-301,,False,N,False,False,I,,,,,False,1.0,CT0015600,133945011155767425,2025-05-14 17:12:01.353000,17:12:01.353000,2025,14-301,,Stop Sign,2025
2025-06-15 18:45:20.300000,7493867.0,CT0015600,West Haven,Racial Profile,1000637,2500022679,Incident ID,2025-05-15 00:00:00,May,A,N,M,24,True,True,West Haven,bull hill ,  ,  ,V,G,1.0,0,14-12,,False,N,False,False,V,,,,,False,1.0,CT0015600,133945011155767425,2025-05-15 20:47:30.807000,20:47:30.807000,2025,,,Registration,2025
2025-06-15 18:45:20.150000,7493810.0,CT0015600,West Haven,Racial Profile,1000602,2500022676,Incident ID,2025-05-15 00:00:00,May,W,H,M,35,True,False,West Haven,boston post road,  ,  ,V,G,2.0,1,14-147(c),,True,I,False,False,M,,,,,False,1.0,CT0015600,133945011155767425,2025-05-15 20:04:16.620000,20:04:16.620000,2025,38a-371,,Administrative Offense,2025
2025-06-15 18:45:20.330000,7493878.0,CT0015600,West Haven,Racial Profile,1000658,2500022623,Incident ID,2025-05-15 00:00:00,May,W,N,M,53,True,True,West Haven,first ave @ main St,  ,  ,V,G,2.0,1,14-12(a)*,,True,I,False,False,I,,,,,False,1.0,CT0015600,133945011155767425,2025-05-15 12:58:41.840000,12:58:41.840000,2025,,,Registration,2025
2025-06-15 18:45:20.337000,7493879.0,CT0015600,West Haven,Racial Profile,1000658,2500022677,Incident ID,2025-05-15 00:00:00,May,B,N,M,36,True,False,West Haven,post rd,  ,  ,V,G,1.0,0,14-96a(a),,False,N,False,False,I,,,,,False,1.0,CT0015600,133945011155767425,2025-05-15 20:38:00.137000,20:38:00.137000,2025,14-12(a)*,,Defective Lights,2025
2025-06-15 18:45:19.900000,7493752.0,CT0015600,West Haven,Racial Profile,1190,2500022633,Incident ID,2025-05-15 00:00:00,May,B,N,M,32,True,True,West Haven,main st/wagner pl,  ,  ,V,G,1.0,0,14-236,,False,N,False,False,V,,,,,False,1.0,CT0015600,133945011155767425,2025-05-15 13:50:38.273000,13:50:38.273000,2025,14-236,,Moving Violation,2025
2025-06-15 18:45:20.040000,7493790.0,CT0015600,West Haven,Racial Profile,1000528,2500022785,Incident ID,2025-05-16 00:00:00,May,W,N,M,56,True,True,West Haven,york /stevens,  ,  ,V,G,1.0,0,14-301,,False,N,False,False,V,,,,,False,1.0,CT0015600,133945011155767425,2025-05-16 12:01:39.200000,12:01:39.200000,2025,14-301,,Stop Sign,2025
2025-06-15 18:45:20.153000,7493811.0,CT0015600,West Haven,Racial Profile,1000602,2500022855,Incident ID,2025-05-16 00:00:00,May,B,N,M,36,True,False,West Haven,elm street,  ,  ,V,G,2.0,1,14-147(c),,True,I,False,False,I,,,,,False,1.0,CT0015600,133945011155767425,2025-05-16 20:10:26.317000,20:10:26.317000,2025,,,Administrative Offense,2025
2025-06-15 18:45:20.350000,7493882.0,CT0015600,West Haven,Racial Profile,1000658,2500022850,Incident ID,2025-05-16 00:00:00,May,B,N,F,21,True,True,West Haven,first ave,  ,  ,V,G,2.0,0,14-12(a)*,,True,I,False,False,I,,,,,False,1.0,CT0015600,133945011155767425,2025-05-16 19:18:48.513000,19:18:48.513000,2025,,,Registration,2025
2025-06-15 18:45:20.160000,7493812.0,CT0015600,West Haven,Racial Profile,1000602,2500022860,Incident ID,2025-05-16 00:00:00,May,W,N,F,27,True,True,West Haven,first avenue,  ,  ,I,G,3.0,0,14-36(a),,True,O,True,True,U,,,,,False,1.0,CT0015600,133945011155767425,2025-05-16 20:33:10.827000,20:33:10.827000,2025,21a-279(a)(1),,Unlicensed Operation,2025
2025-06-15 18:45:20.457000,7493902.0,CT0015600,West Haven,Racial Profile,1000673,2500022862,Incident ID,2025-05-16 00:00:00,May,B,N,F,69,True,False,West Haven,Campbell Ave/Spring St,  ,  ,V,G,1.0,0,14-299,,False,N,False,False,I,,,,,False,1.0,CT0015600,133945011155767425,2025-05-16 20:43:54.040000,20:43:54.040000,2025,,,Traffic Control Signal,2025
2025-06-15 18:45:20.303000,7493869.0,CT0015600,West Haven,Racial Profile,1000652,2500022827,Incident ID,2025-05-16 00:00:00,May,W,H,M,24,True,True,West Haven,WEST SPRING ST/ GRETA,  ,  ,V,G,2.0,1,14-147(c),,False,N,False,False,M,,,,,False,1.0,CT0015600,133945011155767425,2025-05-16 16:57:54.120000,16:57:54.120000,2025,14-215,,Administrative Offense,2025
2025-06-15 18:45:20.343000,7493880.0,CT0015600,West Haven,Racial Profile,1000658,2500022799,Incident ID,2025-05-16 00:00:00,May,I,M,M,26,False,False,WEST HAVEN,THIRD AVE,  ,  ,V,G,1.0,0,14-239(a),,False,N,False,False,I,,,,,False,1.0,CT0015600,133945011155767425,2025-05-16 13:40:42.670000,13:40:42.670000,2025,,,Moving Violation,2025
2025-06-15 18:45:20.347000,7493881.0,CT0015600,West Haven,Racial Profile,1000658,2500022830,Incident ID,2025-05-16 00:00:00,May,W,N,F,66,True,True,WEST HAVEN,main st,  ,  ,V,G,1.0,0,14-236,,False,N,False,False,V,,,,,False,1.0,CT0015600,133945011155767425,2025-05-16 17:01:52.333000,17:01:52.333000,2025,,,Moving Violation,2025
2025-06-15 18:45:20.210000,7493834.0,CT0015600,West Haven,Racial Profile,1000614,2500022844,Incident ID,2025-05-16 00:00:00,May,W,H,M,21,True,False,West Haven,BULL HILL LANE,  ,  ,V,G,2.0,1,14-147,,True,I,False,False,M,,,,,False,1.0,CT0015600,133945011155767425,2025-05-16 18:44:24.210000,18:44:24.210000,2025,38a-371,,Administrative Offense,2025
2025-06-15 18:45:20.217000,7493835.0,CT0015600,West Haven,Racial Profile,1000614,2500022864,Incident ID,2025-05-16 00:00:00,May,W,N,M,17,True,False,West Haven,CAPTAIN THOMAS / KELSEY,  ,  ,V,G,1.0,0,14-299,,False,N,False,False,I,,,,,False,1.0,CT0015600,133945011155767425,2025-05-16 21:07:43.300000,21:07:43.300000,2025,14-36(a),,Traffic Control Signal,2025
2025-06-15 18:45:20.240000,7493841.0,CT0015600,West Haven,Racial Profile,1000615,2500022852,Incident ID,2025-05-16 00:00:00,May,B,N,M,36,True,False,West Haven,first/lamson,  ,  ,E,G,2.0,1,14-18(c),,False,N,False,False,I,,,,,False,1.0,CT0015600,133945011155767425,2025-05-16 19:24:10.050000,19:24:10.050000,2025,14-12(a)*,,Display of Plates,2025
2025-06-15 18:45:20.270000,7493854.0,CT0015600,West Haven,Racial Profile,1000621,2500022798,Incident ID,2025-05-16 00:00:00,May,W,N,M,31,True,True,West Haven,Boston Post Road/ Jaffrey,  ,  ,V,G,1.0,0,14-299,,False,N,False,False,I,,,,,False,1.0,CT0015600,133945011155767425,2025-05-16 13:24:38.617000,13:24:38.617000,2025,,,Traffic Control Signal,2025
2025-06-15 18:45:20.350000,7493883.0,CT0015600,West Haven,Racial Profile,1000658,2500023016,Incident ID,2025-05-17 00:00:00,May,B,N,M,23,True,False,West Haven,post rd campbell ave,  ,  ,V,G,2.0,1,14-12(a)*,,True,I,False,False,I,,,,,False,1.0,CT0015600,133945011155767425,2025-05-17 17:06:36.193000,17:06:36.193000,2025,,,Registration,2025
2025-06-15 18:45:20.353000,7493884.0,CT0015600,West Haven,Racial Profile,1000658,2500023029,Incident ID,2025-05-17 00:00:00,May,W,H,M,21,True,False,West Haven,post rd,  ,  ,V,G,2.0,1,14-12(a)*,,False,N,False,False,I,,,,,False,1.0,CT0015600,133945011155767425,2025-05-17 19:24:16.983000,19:24:16.983000,2025,14-40a(a)*,,Registration,2025
2025-06-15 18:45:20.163000,7493813.0,CT0015600,West Haven,Racial Profile,1000602,2500022916,Incident ID,2025-05-17 00:00:00,May,W,H,F,24,True,False,West Haven,elm street,  ,  ,V,G,3.0,1,14-224(c),,True,I,False,True,U,,,,,False,1.0,CT0015600,133945011155767425,2025-05-17 01:38:00.060000,01:38:00.060000,2025,,,Other,2025
2025-06-15 18:45:20.167000,7493814.0,CT0015600,West Haven,Racial Profile,1000602,2500023026,Incident ID,2025-05-17 00:00:00,May,W,H,M,21,True,True,West Haven,first avenue,  ,  ,V,G,1.0,0,14-147(c),,False,N,False,False,I,,,,,False,1.0,CT0015600,133945011155767425,2025-05-17 18:58:55.290000,18:58:55.290000,2025,,,Administrative Offense,2025
2025-06-15 18:45:20,7493775.0,CT0015600,West Haven,Racial Profile,1000465,2500023022,Incident ID,2025-05-17 00:00:00,May,B,N,M,25,True,False,WEST HAVEN,750 First Ave,  ,  ,V,G,1.0,0,14-296aa(b),,False,N,False,False,V,,,,,False,1.0,CT0015600,133945011155767425,2025-05-17 18:15:05.807000,18:15:05.807000,2025,,,Cell Phone,2025
2025-06-15 18:45:20.463000,7493906.0,CT0015600,West Haven,Racial Profile,1000677,2500023018,Incident ID,2025-05-17 00:00:00,May,B,N,M,32,False,False,West Haven,Campbell Ave /  Post Road,  ,  ,V,G,1.0,0,14-236,,False,N,False,False,V,,,,,False,1.0,CT0015600,133945011155767425,2025-05-17 17:35:08.003000,17:35:08.003000,2025,,,Moving Violation,2025
2025-06-15 18:45:20,7493774.0,CT0015600,West Haven,Racial Profile,1000465,2500023009,Incident ID,2025-05-17 00:00:00,May,W,N,M,55,False,False,West Haven,Taft / Post ,  ,  ,V,G,1.0,0,14-241,,False,N,False,False,V,,,,,False,1.0,CT0015600,133945011155767425,2025-05-17 16:37:03.963000,16:37:03.963000,2025,,,Moving Violation,2025
2025-06-15 18:45:20.303000,7493868.0,CT0015600,West Haven,Racial Profile,1000637,2500023028,Incident ID,2025-05-17 00:00:00,May,B,N,F,24,True,True,West Haven,Washington,  ,  ,V,G,1.0,0,14-301,,False,N,False,False,V,,,,,False,1.0,CT0015600,133945011155767425,2025-05-17 19:05:58.437000,19:05:58.437000,2025,,,Stop Sign,2025
2025-06-15 18:45:20.307000,7493870.0,CT0015600,West Haven,Racial Profile,1000652,2500023017,Incident ID,2025-05-17 00:00:00,May,W,H,M,26,True,True,WEST HAVEN,Saw Mill Rd/ Elm Street,  ,  ,V,G,2.0,1,14-12(a)*,,False,N,False,False,I,,,,,False,1.0,CT0015600,133945011155767425,2025-05-17 17:08:24.443000,17:08:24.443000,2025,14-213b,,Registration,2025
2025-06-15 18:45:20.413000,7493894.0,CT0015600,West Haven,Racial Profile,1000661,2500023191,Incident ID,2025-05-18 00:00:00,May,W,N,M,32,True,False,West Haven,Ocean Ave/ Ivy Cir,  ,  ,V,G,1.0,0,14-296aa(b),,False,N,False,False,V,,,,,False,1.0,CT0015600,133945011155767425,2025-05-18 18:12:46.300000,18:12:46.300000,2025,14-296aa(b),,Cell Phone,2025
2025-06-15 18:45:20.003000,7493776.0,CT0015600,West Haven,Racial Profile,1000465,2500023181,Incident ID,2025-05-18 00:00:00,May,B,N,M,23,True,True,WEST HAVEN,750 First Avenue,  ,  ,V,G,1.0,0,14-12(a)*,,False,N,False,False,V,,,,,False,1.0,CT0015600,133945011155767425,2025-05-18 17:01:59.667000,17:01:59.667000,2025,14-147(c),,Registration,2025
2025-06-15 18:45:20.280000,7493858.0,CT0015600,West Haven,Racial Profile,1000626,2500023200,Incident ID,2025-05-18 00:00:00,May,W,H,M,23,True,False,West Haven,Boston Post Road,  ,  ,V,G,1.0,0,14-12(a),,False,N,False,False,V,,,,,False,1.0,CT0015600,133945011155767425,2025-05-18 20:29:22.080000,20:29:22.080000,2025,14-12(a),,Registration,2025
2025-06-15 18:45:20.453000,7493901.0,CT0015600,West Haven,Racial Profile,1000666,2500023203,Incident ID,2025-05-18 00:00:00,May,W,H,M,49,True,False,West Haven,Boston post road/ Campbell Ave,  ,  ,V,G,1.0,0,14-299,,False,N,False,False,V,,,,,False,1.0,CT0015600,133945011155767425,2025-05-18 20:40:11.523000,20:40:11.523000,2025,14-299,,Traffic Control Signal,2025
2025-06-15 18:45:20.277000,7493857.0,CT0015600,West Haven,Racial Profile,1000626,2500023188,Incident ID,2025-05-18 00:00:00,May,W,N,M,48,True,False,WEST HAVEN,Boston Post Road,  ,  ,V,G,1.0,0,14-12(a),,False,N,False,False,V,,,,,False,1.0,CT0015600,133945011155767425,2025-05-18 17:51:31.250000,17:51:31.250000,2025,14-12(a),,Registration,2025
2025-06-15 18:45:20.480000,7493913.0,CT0015600,West Haven,Racial Profile,1000698,2500023151,Incident ID,2025-05-18 00:00:00,May,W,H,M,15,True,True,West Haven,Campbell Avenue/ Boston Post Road,  ,  ,V,B,3.0,1,14-12(a),,False,N,False,True,M,,,,,False,1.0,CT0015600,133945011155767425,2025-05-18 13:22:27.357000,13:22:27.357000,2025,14-36(b)(3),,Registration,2025
2025-06-15 18:45:20.007000,7493777.0,CT0015600,West Haven,Racial Profile,1000465,2500023242,Incident ID,2025-05-19 00:00:00,May,B,N,M,35,True,False,WEST HAVEN,750 First Avenue ,  ,  ,V,G,1.0,0,14-147(c),,False,N,False,False,V,,,,,False,1.0,CT0015600,133945011155767425,2025-05-19 02:20:49.353000,02:20:49.353000,2025,38a-371,,Administrative Offense,2025
2025-06-15 18:45:20.280000,7493859.0,CT0015600,West Haven,Racial Profile,1000626,2500023294,Incident ID,2025-05-19 00:00:00,May,B,N,M,77,True,False,West Haven,Center Street,  ,  ,V,G,1.0,0,38a-371,,False,N,False,False,V,,,,,False,1.0,CT0015600,133945011155767425,2025-05-19 11:29:06.860000,11:29:06.860000,2025,38a-371,,Other,2025
2025-06-15 18:45:20.223000,7493836.0,CT0015600,West Haven,Racial Profile,1000614,2500023343,Incident ID,2025-05-19 00:00:00,May,W,N,F,25,False,False,West Haven,Blohm St/ Morse Ave,  ,  ,V,G,1.0,0,14-301,,False,N,False,False,V,,,,,False,1.0,CT0015600,133945011155767425,2025-05-19 17:51:37.360000,17:51:37.360000,2025,,,Stop Sign,2025
2025-06-15 18:45:20.430000,7493895.0,CT0015600,West Haven,Racial Profile,1000661,2500023273,Incident ID,2025-05-19 00:00:00,May,W,H,M,41,True,False,West Haven,Boston Post Road/ Tuthill Rd,  ,  ,E,G,1.0,0,14-296aa(b),,False,N,False,False,V,,,,,False,1.0,CT0015600,133945011155767425,2025-05-19 09:10:30.237000,09:10:30.237000,2025,14-36(a),,Cell Phone,2025
2025-06-15 18:45:20.433000,7493896.0,CT0015600,West Haven,Racial Profile,1000661,2500023283,Incident ID,2025-05-19 00:00:00,May,W,H,M,38,True,False,WEST HAVEN,Boston Post Road/ Dogwood Road,  ,  ,V,G,2.0,0,53a-119c,,False,N,False,False,N,,,,,False,1.0,CT0015600,133945011155767425,2025-05-19 10:28:29.357000,10:28:29.357000,2025,53a-119c,,Other,2025
2025-06-15 18:45:20.473000,7493910.0,CT0015600,West Haven,Racial Profile,1000688,2500023304,Incident ID,2025-05-19 00:00:00,May,B,N,F,41,True,True,WEST HAVEN,captain thomas blvd,  ,  ,V,G,1.0,0,14-18(a),,False,N,False,False,I,,,,,False,1.0,CT0015600,133945011155767425,2025-05-19 12:53:18.263000,12:53:18.263000,2025,14-36(a),,Display of Plates,2025
2025-06-15 18:45:19.903000,7493753.0,CT0015600,West Haven,Racial Profile,1191,2500023349,Incident ID,2025-05-19 00:00:00,May,W,H,M,27,True,True,WEST HAVEN,jones hill & morgan,  ,  ,V,G,1.0,0,14-236,,False,N,False,False,V,,,,,False,1.0,CT0015600,133945011155767425,2025-05-19 18:12:05.530000,18:12:05.530000,2025,14-236,,Moving Violation,2025
2025-06-15 18:45:20.487000,7493914.0,CT0015600,West Haven,Racial Profile,1000698,2500023243,Incident ID,2025-05-19 00:00:00,May,B,N,M,40,True,True,West Haven,Brown Street / Union Avenue,  ,  ,E,B,1.0,0,14-96c,,False,N,False,False,V,,,,,False,1.0,CT0015600,133945011155767425,2025-05-19 02:58:28.253000,02:58:28.253000,2025,14-96c,,Defective Lights,2025
2025-06-15 18:45:20.010000,7493779.0,CT0015600,West Haven,Racial Profile,1000465,2500023403,Incident ID,2025-05-20 00:00:00,May,W,H,M,60,True,True,West Haven,Forest / Bristol,  ,  ,E,G,1.0,0,14-96,,False,N,False,False,V,,,,,False,1.0,CT0015600,133945011155767425,2025-05-20 02:50:36.457000,02:50:36.457000,2025,,,Defective Lights,2025
2025-06-15 18:45:20.010000,7493778.0,CT0015600,West Haven,Racial Profile,1000465,2500023400,Incident ID,2025-05-20 00:00:00,May,B,N,M,45,True,False,West Haven,First / Center,  ,  ,V,G,1.0,0,14-147(c),,False,N,False,False,V,,,,,False,1.0,CT0015600,133945011155767425,2025-05-20 02:35:56.997000,02:35:56.997000,2025,,,Administrative Offense,2025
2025-06-15 18:45:20.250000,7493846.0,CT0015600,West Haven,Racial Profile,1000616,2500023407,Incident ID,2025-05-20 00:00:00,May,W,H,M,31,True,True,West Haven,first ave,  ,  ,V,G,1.0,0,14-219,,False,N,False,False,V,,,,,False,1.0,CT0015600,133945011155767425,2025-05-20 04:03:14.837000,04:03:14.837000,2025,,,Speed Related,2025
2025-06-15 18:45:20.170000,7493816.0,CT0015600,West Haven,Racial Profile,1000602,2500023517,Incident ID,2025-05-20 00:00:00,May,W,H,M,32,True,False,West Haven,park street,  ,  ,V,G,2.0,1,14-147(c),,True,I,False,False,I,,,,,False,1.0,CT0015600,133945011155767425,2025-05-20 19:36:16.770000,19:36:16.770000,2025,,,Administrative Offense,2025
2025-06-15 18:45:20.177000,7493818.0,CT0015600,West Haven,Racial Profile,1000602,2500023524,Incident ID,2025-05-20 00:00:00,May,W,H,M,31,True,True,West Haven,washington avenue,  ,  ,V,G,2.0,1,14-147(c),,True,I,False,False,M,,,,,False,1.0,CT0015600,133945011155767425,2025-05-20 20:48:59.243000,20:48:59.243000,2025,38a-371,,Administrative Offense,2025
2025-06-15 18:45:20.243000,7493842.0,CT0015600,West Haven,Racial Profile,1000615,2500023518,Incident ID,2025-05-20 00:00:00,May,B,N,F,25,True,True,WEST HAVEN,"25SAW ,ILL, I-95",  ,  ,E,G,2.0,1,38A-371,,False,N,False,True,M,,,,,False,1.0,CT0015600,133945011155767425,2025-05-20 19:48:44.100000,19:48:44.100000,2025,14-12(A),,Other,2025
2025-06-15 18:45:20.467000,7493907.0,CT0015600,West Haven,Racial Profile,1000677,2500023502,Incident ID,2025-05-20 00:00:00,May,W,H,F,42,True,False,West Haven,Boston Post Rd / Dogwood Rd,  ,  ,V,G,1.0,0,14-299,,False,N,False,False,V,,,,,False,1.0,CT0015600,133945011155767425,2025-05-20 17:01:00.167000,17:01:00.167000,2025,,,Traffic Control Signal,2025
2025-06-15 18:45:20.170000,7493815.0,CT0015600,West Haven,Racial Profile,1000602,2500023438,Incident ID,2025-05-20 00:00:00,May,B,N,F,32,True,False,West Haven,boston post road,  ,  ,V,G,2.0,1,14-147(c),,True,I,False,False,M,,,,,False,1.0,CT0015600,133945011155767425,2025-05-20 10:21:35.210000,10:21:35.210000,2025,38a-371,,Administrative Offense,2025
2025-06-15 18:45:20.173000,7493817.0,CT0015600,West Haven,Racial Profile,1000602,2500023522,Incident ID,2025-05-20 00:00:00,May,B,N,M,54,True,True,WEST HAVEN,main street,  ,  ,V,G,2.0,0,14-215(a),,False,N,False,False,M,,,,,False,1.0,CT0015600,133945011155767425,2025-05-20 20:27:24.907000,20:27:24.907000,2025,,,Administrative Offense,2025
2025-06-15 18:45:20.013000,7493780.0,CT0015600,West Haven,Racial Profile,1000465,2500023636,Incident ID,2025-05-21 00:00:00,May,B,N,F,25,True,False,West Haven,Saw Mill and Hillcrest,  ,  ,V,G,1.0,0,14-147(c),,False,N,False,False,V,,,,,False,1.0,CT0015600,133945011155767425,2025-05-21 16:29:06.287000,16:29:06.287000,2025,,,Administrative Offense,2025
2025-06-15 18:45:20.357000,7493885.0,CT0015600,West Haven,Racial Profile,1000658,2500023620,Incident ID,2025-05-21 00:00:00,May,B,N,M,36,True,False,West Haven,campbell ave at post rd,  ,  ,E,B,2.0,1,14-12(a)*,,True,I,False,True,U,,,,,False,1.0,CT0015600,133945011155767425,2025-05-21 13:13:23.640000,13:13:23.640000,2025,53a-173,,Registration,2025
2025-06-15 18:45:20.043000,7493791.0,CT0015600,West Haven,Racial Profile,1000539,2500023619,Incident ID,2025-05-21 00:00:00,May,W,N,M,57,True,True,West Haven,elm/saw mill,  ,  ,V,G,1.0,0,14-299,,False,N,False,False,V,,,,,False,1.0,CT0015600,133945011155767425,2025-05-21 13:11:24.810000,13:11:24.810000,2025,,,Traffic Control Signal,2025
2025-06-15 18:45:20.470000,7493908.0,CT0015600,West Haven,Racial Profile,1000677,2500023666,Incident ID,2025-05-21 00:00:00,May,W,H,M,27,True,True,WEST HAVEN,322 Main Street,  ,  ,V,G,1.0,0,14-299,,False,N,False,False,V,,,,,False,1.0,CT0015600,133945011155767425,2025-05-21 20:13:49.127000,20:13:49.127000,2025,,,Traffic Control Signal,2025
2025-06-15 18:45:20.243000,7493843.0,CT0015600,West Haven,Racial Profile,1000615,2500023805,Incident ID,2025-05-22 00:00:00,May,W,N,M,32,True,True,West Haven,West Spring/ Meloy ,  ,  ,V,G,1.0,0,14-299,,False,N,False,False,V,,,,,False,1.0,CT0015600,133945011155767425,2025-05-22 16:07:44.463000,16:07:44.463000,2025,14-299,,Traffic Control Signal,2025
2025-06-15 18:45:20.247000,7493844.0,CT0015600,West Haven,Racial Profile,1000615,2500023806,Incident ID,2025-05-22 00:00:00,May,W,N,F,18,True,False,WEST HAVEN,480 saw mill rd ,  ,  ,V,G,1.0,0,14-299,,False,N,False,False,V,,,,,False,1.0,CT0015600,133945011155767425,2025-05-22 16:18:11.397000,16:18:11.397000,2025,14-299,,Traffic Control Signal,2025
2025-06-15 18:45:20.180000,7493819.0,CT0015600,West Haven,Racial Profile,1000602,2500023986,Incident ID,2025-05-23 00:00:00,May,B,N,F,21,True,True,West Haven,washington avenue,  ,  ,V,G,2.0,0,14-147(c),,False,N,False,False,M,,,,,False,1.0,CT0015600,133945011155767425,2025-05-23 20:09:29.577000,20:09:29.577000,2025,14-215a,,Administrative Offense,2025
2025-06-15 18:45:20.363000,7493886.0,CT0015600,West Haven,Racial Profile,1000658,2500024004,Incident ID,2025-05-23 00:00:00,May,W,H,M,41,False,False,West Haven,campbell ave,  ,  ,V,G,1.0,0,14-236,,False,N,False,False,I,,,,,False,1.0,CT0015600,133945011155767425,2025-05-23 23:04:58.847000,23:04:58.847000,2025,,,Moving Violation,2025
2025-06-15 18:45:20.250000,7493845.0,CT0015600,West Haven,Racial Profile,1000615,2500023985,Incident ID,2025-05-23 00:00:00,May,W,H,M,28,True,False,West Haven,Sprng/Campbell ,  ,  ,E,G,3.0,1,38a-371,,False,N,False,False,M,,,,,False,1.0,CT0015600,133945011155767425,2025-05-23 19:49:57.333000,19:49:57.333000,2025,14-12(a),,Other,2025
2025-06-15 18:45:20.047000,7493792.0,CT0015600,West Haven,Racial Profile,1000539,2500023914,Incident ID,2025-05-23 00:00:00,May,W,N,F,69,True,False,West Haven,SAWMILL/YORK,  ,  ,V,G,1.0,0,14-299,,False,N,False,False,V,,,,,False,1.0,CT0015600,133945011155767425,2025-05-23 09:15:57.750000,09:15:57.750000,2025,,,Traffic Control Signal,2025
2025-06-15 18:45:20.053000,7493793.0,CT0015600,West Haven,Racial Profile,1000539,2500023916,Incident ID,2025-05-23 00:00:00,May,B,N,F,36,True,False,WEST HAVEN,SAW MILL/95S,  ,  ,V,G,1.0,0,14-299,,False,N,False,False,V,,,,,False,1.0,CT0015600,133945011155767425,2025-05-23 09:24:23.060000,09:24:23.060000,2025,,,Traffic Control Signal,2025
2025-06-15 18:45:19.887000,7493749.0,CT0015600,West Haven,Racial Profile,1155,2500023989,Incident ID,2025-05-23 00:00:00,May,B,N,M,23,True,True,West Haven,aillings crossing/railroad ave,  ,  ,V,G,1.0,0,14-218a,,False,N,False,False,V,,,,,False,1.0,CT0015600,133945011155767425,2025-05-23 20:35:08.183000,20:35:08.183000,2025,,,Speed Related,2025
2025-06-15 18:45:20.180000,7493820.0,CT0015600,West Haven,Racial Profile,1000602,2500023990,Incident ID,2025-05-23 00:00:00,May,W,H,M,44,True,False,West Haven,Elm Street,  ,  ,V,G,3.0,1,14-147(c),,True,I,True,True,U,,,,,False,1.0,CT0015600,133945011155767425,2025-05-23 20:47:12.493000,20:47:12.493000,2025,29-36,,Administrative Offense,2025
2025-06-15 18:45:20.183000,7493821.0,CT0015600,West Haven,Racial Profile,1000602,2500024129,Incident ID,2025-05-24 00:00:00,May,W,H,M,29,True,True,West Haven,main,  ,  ,V,G,1.0,0,14-147(a),,False,N,False,False,V,,,,,False,1.0,CT0015600,133945011155767425,2025-05-24 19:53:32.800000,19:53:32.800000,2025,,,Administrative Offense,2025
2025-06-15 18:45:20.370000,7493887.0,CT0015600,West Haven,Racial Profile,1000658,2500024126,Incident ID,2025-05-24 00:00:00,May,W,M,M,21,True,False,West Haven,2nd ave,  ,  ,I,G,2.0,0,14-224(a),,False,N,False,True,U,,,,,False,1.0,CT0015600,133945011155767425,2025-05-24 19:13:00.587000,19:13:00.587000,2025,,,Other,2025
2025-06-15 18:45:20.283000,7493860.0,CT0015600,West Haven,Racial Profile,1000626,2500024116,Incident ID,2025-05-24 00:00:00,May,W,H,F,36,True,False,West Haven,Campbell Avenue/ Spring Street,  ,  ,V,G,1.0,1,38a-371,,False,N,False,True,M,,,,,False,1.0,CT0015600,133945011155767425,2025-05-24 16:55:24.877000,16:55:24.877000,2025,14-12(a)*,,Other,2025
2025-06-15 18:45:20.390000,7493890.0,CT0015600,West Haven,Racial Profile,1000658,2500024243,Incident ID,2025-05-25 00:00:00,May,W,H,M,26,True,False,West Haven,washington ave,  ,  ,V,G,2.0,1,14-147(c),,True,I,False,False,I,,,,,False,1.0,CT0015600,133945011155767425,2025-05-25 16:41:48.420000,16:41:48.420000,2025,14-12(a)*,,Administrative Offense,2025
2025-06-15 18:45:20.017000,7493781.0,CT0015600,West Haven,Racial Profile,1000465,2500024247,Incident ID,2025-05-25 00:00:00,May,W,H,M,50,True,True,West Haven,Captain Thomas / Savin,  ,  ,V,G,1.0,0,14-299,,False,N,False,False,V,,,,,False,1.0,CT0015600,133945011155767425,2025-05-25 17:02:05.787000,17:02:05.787000,2025,,,Traffic Control Signal,2025
2025-06-15 18:45:20.373000,7493888.0,CT0015600,West Haven,Racial Profile,1000658,2500024179,Incident ID,2025-05-25 00:00:00,May,B,N,M,39,True,False,West Haven,elm st,  ,  ,V,G,1.0,0,14-12(a)*,,False,N,False,False,V,,,,,False,1.0,CT0015600,133945011155767425,2025-05-25 03:29:42.687000,03:29:42.687000,2025,,,Registration,2025
2025-06-15 18:45:20.387000,7493889.0,CT0015600,West Haven,Racial Profile,1000658,2500024180,Incident ID,2025-05-25 00:00:00,May,W,N,F,36,True,True,West Haven,center st,  ,  ,V,G,1.0,0,14-299,,False,N,False,False,V,,,,,False,1.0,CT0015600,133945011155767425,2025-05-25 03:58:31.483000,03:58:31.483000,2025,,,Traffic Control Signal,2025
2025-06-15 18:45:19.913000,7493756.0,CT0015600,West Haven,Racial Profile,1224,2500024392,Incident ID,2025-05-26 00:00:00,May,W,N,M,70,True,False,West Haven,first ave,  ,  ,V,G,1.0,0,14-236,,False,N,False,False,I,,,,,False,1.0,CT0015600,133945011155767425,2025-05-26 17:57:54.080000,17:57:54.080000,2025,14-236,,Moving Violation,2025
2025-06-15 18:45:20.017000,7493782.0,CT0015600,West Haven,Racial Profile,1000465,2500024445,Incident ID,2025-05-27 00:00:00,May,B,N,M,19,True,False,West Haven,Forest Road / Oak Road,  ,  ,V,G,1.0,0,14-218a,,False,N,False,False,V,,,,,False,1.0,CT0015600,133945011155767425,2025-05-27 01:19:10.590000,01:19:10.590000,2025,,,Speed Related,2025
2025-06-15 18:45:20.020000,7493783.0,CT0015600,West Haven,Racial Profile,1000465,2500024447,Incident ID,2025-05-27 00:00:00,May,B,N,M,25,True,True,West Haven,Forest / Florence,  ,  ,V,G,1.0,0,14-12(a)*,,False,N,False,False,V,,,,,False,1.0,CT0015600,133945011155767425,2025-05-27 01:29:01.020000,01:29:01.020000,2025,14-147(a),,Registration,2025
2025-06-15 18:45:20.263000,7493851.0,CT0015600,West Haven,Racial Profile,1000619,2500024553,Incident ID,2025-05-27 00:00:00,May,B,N,M,61,True,True,WEST HAVEN,15 Terrace Avenue,  ,  ,V,G,1.0,0,14-12(a),,False,N,False,False,V,,,,,False,1.0,CT0015600,133945011155767425,2025-05-27 21:39:40.257000,21:39:40.257000,2025,,,Registration,2025
2025-06-15 18:45:20.023000,7493784.0,CT0015600,West Haven,Racial Profile,1000465,2500024448,Incident ID,2025-05-27 00:00:00,May,W,H,F,35,True,False,West Haven,Campbell / I-95S,  ,  ,V,G,2.0,0,14-147(c),,False,N,False,False,M,,,,,False,1.0,CT0015600,133945011155767425,2025-05-27 01:59:40.550000,01:59:40.550000,2025,38a-371,,Administrative Offense,2025
2025-06-15 18:45:20.027000,7493785.0,CT0015600,West Haven,Racial Profile,1000465,2500024451,Incident ID,2025-05-27 00:00:00,May,B,N,M,25,True,True,West Haven,Captain Thomas / Campbell Avenue,  ,  ,E,G,1.0,0,14-18(a),,False,N,False,False,V,,,,,False,1.0,CT0015600,133945011155767425,2025-05-27 03:21:44.227000,03:21:44.227000,2025,,,Display of Plates,2025
2025-06-15 18:45:19.933000,7493763.0,CT0015600,West Haven,Racial Profile,1000331,2500024495,Incident ID,2025-05-27 00:00:00,May,W,N,M,66,True,True,West Haven,Island Lane X andrea dr,  ,  ,V,G,1.0,0,14-219,,False,N,False,False,V,,,,,False,1.0,CT0015600,133945011155767425,2025-05-27 11:26:24.687000,11:26:24.687000,2025,,,Speed Related,2025
2025-06-15 18:45:19.937000,7493764.0,CT0015600,West Haven,Racial Profile,1000331,2500024603,Incident ID,2025-05-28 00:00:00,May,W,H,M,46,True,True,WEST HAVEN,Morgan X Shingle Hill Road,  ,  ,V,G,1.0,0,14-219,,False,N,False,False,V,,,,,False,1.0,CT0015600,133945011155767425,2025-05-28 08:56:57.270000,08:56:57.270000,2025,,,Speed Related,2025
2025-06-15 18:45:20.067000,7493797.0,CT0015600,West Haven,Racial Profile,1000582,2500024578,Incident ID,2025-05-28 00:00:00,May,B,N,M,26,True,False,WEST HAVEN,Boston Post Rd. /Peabody Street,  ,  ,V,G,2.0,1,14-236,,True,I,False,True,M,,,,,False,1.0,CT0015600,133945011155767425,2025-05-28 01:54:26.863000,01:54:26.863000,2025,38a-371,,Moving Violation,2025
2025-06-15 18:45:20.287000,7493861.0,CT0015600,West Haven,Racial Profile,1000636,2500024574,Incident ID,2025-05-28 00:00:00,May,W,N,F,41,True,False,West Haven,elm/ third,  ,  ,V,G,1.0,0,14-299,,False,N,False,False,V,,,,,False,1.0,CT0015600,133945011155767425,2025-05-28 00:44:18.200000,00:44:18.200000,2025,,,Traffic Control Signal,2025
2025-06-15 18:45:20.513000,7493923.0,CT0015600,West Haven,Racial Profile,1000700,2500024601,Incident ID,2025-05-28 00:00:00,May,W,N,M,57,True,False,West Haven,Elm Street/First Avenue,  ,  ,V,G,1.0,0,14-296aa(b),,False,N,False,False,I,,,,,False,1.0,CT0015600,133945011155767425,2025-05-28 08:35:10.060000,08:35:10.060000,2025,14-296aa(b),,Cell Phone,2025
2025-06-15 18:45:19.943000,7493765.0,CT0015600,West Haven,Racial Profile,1000331,2500024619,Incident ID,2025-05-28 00:00:00,May,B,N,M,72,True,False,West Haven,Saw Mill Road X Hood Terrace,  ,  ,E,G,1.0,0,14-96e,,False,N,False,False,V,,,,,False,1.0,CT0015600,133945011155767425,2025-05-28 10:40:32.193000,10:40:32.193000,2025,,,Defective Lights,2025
2025-06-15 18:45:20.183000,7493822.0,CT0015600,West Haven,Racial Profile,1000602,2500024837,Incident ID,2025-05-29 00:00:00,May,B,N,M,45,True,False,West Haven,spring st,  ,  ,V,G,1.0,0,14-147(c),,False,N,False,False,V,,,,,False,1.0,CT0015600,133945011155767425,2025-05-29 19:22:53.623000,19:22:53.623000,2025,,,Administrative Offense,2025
2025-06-15 18:45:20.187000,7493823.0,CT0015600,West Haven,Racial Profile,1000602,2500024857,Incident ID,2025-05-29 00:00:00,May,W,H,M,32,True,False,West Haven,campbell avenue,  ,  ,V,G,2.0,1,14-147(a),,True,I,False,False,M,,,,,False,1.0,CT0015600,133945011155767425,2025-05-29 21:33:10.047000,21:33:10.047000,2025,,,Administrative Offense,2025
2025-06-15 18:45:20.260000,7493849.0,CT0015600,West Haven,Racial Profile,1000617,2500024864,Incident ID,2025-05-29 00:00:00,May,W,N,M,67,False,False,West Haven,platt ave,  ,  ,V,G,1.0,0,14-96a(a),,False,N,False,False,V,,,,,False,1.0,CT0015600,133945011155767425,2025-05-29 22:43:58.007000,22:43:58.007000,2025,14-96a(a),,Defective Lights,2025
2025-06-15 18:45:20.400000,7493891.0,CT0015600,West Haven,Racial Profile,1000658,2500024858,Incident ID,2025-05-29 00:00:00,May,B,N,F,49,True,False,West Haven,first ave,  ,  ,V,G,1.0,0,14-18(c),,False,N,False,False,V,,,,,False,1.0,CT0015600,133945011155767425,2025-05-29 21:33:34.787000,21:33:34.787000,2025,,,Display of Plates,2025
2025-06-15 18:45:20.257000,7493848.0,CT0015600,West Haven,Racial Profile,1000617,2500024862,Incident ID,2025-05-29 00:00:00,May,B,H,M,18,True,True,West Haven,Main Street/First Avenue,  ,  ,V,G,1.0,0,14-147(c),,False,N,False,False,V,,,,,False,1.0,CT0015600,133945011155767425,2025-05-29 22:12:49.410000,22:12:49.410000,2025,14-147(c),,Administrative Offense,2025
2025-06-15 18:45:19.900000,7493751.0,CT0015600,West Haven,Racial Profile,1162,2500024796,Incident ID,2025-05-29 00:00:00,May,W,H,F,41,True,True,West Haven,saw mill/york,  ,  ,V,G,1.0,0,14-299,,False,N,False,False,V,,,,,False,1.0,CT0015600,133945011155767425,2025-05-29 14:08:34.207000,14:08:34.207000,2025,,,Traffic Control Signal,2025
2025-06-15 18:45:20.193000,7493826.0,CT0015600,West Haven,Racial Profile,1000602,2500025022,Incident ID,2025-05-30 00:00:00,May,B,N,M,30,True,False,WEST HAVEN,campbell avenue,  ,  ,V,G,2.0,1,14-18(a),,True,I,False,False,M,,,,,False,1.0,CT0015600,133945011155767425,2025-05-30 21:11:45.683000,21:11:45.683000,2025,38a-371,,Display of Plates,2025
2025-06-15 18:45:20.260000,7493850.0,CT0015600,West Haven,Racial Profile,1000617,2500025025,Incident ID,2025-05-30 00:00:00,May,W,N,M,35,True,True,West Haven,Captain Thomas / Kelsey Ave.,  ,  ,V,G,1.0,0,14-299,,False,N,False,False,V,,,,,False,1.0,CT0015600,133945011155767425,2025-05-30 21:21:20.447000,21:21:20.447000,2025,14-299,,Traffic Control Signal,2025
2025-06-15 18:45:20.267000,7493852.0,CT0015600,West Haven,Racial Profile,1000619,2500024991,Incident ID,2025-05-30 00:00:00,May,W,M,M,24,True,False,West Haven,Marginal Dr/Boston Post Rd,  ,  ,V,G,1.0,0,14-301,,False,N,False,False,V,,,,,False,1.0,CT0015600,133945011155767425,2025-05-30 16:28:42.440000,16:28:42.440000,2025,,,Stop Sign,2025
2025-06-15 18:45:20.030000,7493786.0,CT0015600,West Haven,Racial Profile,1000465,2500024896,Incident ID,2025-05-30 00:00:00,May,W,N,M,45,True,False,West Haven,Washington/ Elm,  ,  ,V,G,1.0,0,14-218a,,False,N,False,False,V,,,,,False,1.0,CT0015600,133945011155767425,2025-05-30 03:08:44.193000,03:08:44.193000,2025,,,Speed Related,2025
2025-06-15 18:45:20.060000,7493795.0,CT0015600,West Haven,Racial Profile,1000559,2500025042,Incident ID,2025-05-30 00:00:00,May,B,N,M,34,True,False,WEST HAVEN,Campbell Avenue / Brown Street,  ,  ,V,G,2.0,1,14-301,,True,I,False,False,M,,,,,False,1.0,CT0015600,133945011155767425,2025-05-30 23:46:12.990000,23:46:12.990000,2025,38a-371,,Stop Sign,2025
2025-06-15 18:45:20.400000,7493892.0,CT0015600,West Haven,Racial Profile,1000658,2500025030,Incident ID,2025-05-30 00:00:00,May,B,N,M,20,True,True,West Haven,martin st,  ,  ,V,B,1.0,0,14-301,,False,N,False,False,V,,,,,False,1.0,CT0015600,133945011155767425,2025-05-30 21:59:24.910000,21:59:24.910000,2025,14-99g(b),,Stop Sign,2025
2025-06-15 18:45:19.893000,7493750.0,CT0015600,West Haven,Racial Profile,1155,2500025031,Incident ID,2025-05-30 00:00:00,May,W,M,M,22,True,False,West Haven,campbell ave/ curtis,  ,  ,I,G,1.0,0,susp vehicle,,False,N,False,False,V,,,,,False,1.0,CT0015600,133945011155767425,2025-05-30 22:06:32.767000,22:06:32.767000,2025,,,Other,2025
2025-06-15 18:45:20.190000,7493824.0,CT0015600,West Haven,Racial Profile,1000602,2500025011,Incident ID,2025-05-30 00:00:00,May,W,H,M,35,True,True,West Haven,homestead ave,  ,  ,V,G,2.0,1,14-147(c),,True,I,False,False,M,,,,,False,1.0,CT0015600,133945011155767425,2025-05-30 19:16:09.067000,19:16:09.067000,2025,38a-371,,Administrative Offense,2025
2025-06-15 18:45:20.190000,7493825.0,CT0015600,West Haven,Racial Profile,1000602,2500025016,Incident ID,2025-05-30 00:00:00,May,W,H,M,24,True,True,WEST HAVEN,Campbell Avenue,  ,  ,V,G,2.0,1,14-18(c),,True,I,False,False,M,,,,,False,1.0,CT0015600,133945011155767425,2025-05-30 20:30:10.833000,20:30:10.833000,2025,14-215a,,Display of Plates,2025
2025-06-15 18:45:20.197000,7493827.0,CT0015600,West Haven,Racial Profile,1000602,2500025029,Incident ID,2025-05-30 00:00:00,May,W,H,M,34,True,False,WEST HAVEN,spring st,  ,  ,V,G,1.0,0,14-18(a),,False,N,False,False,V,,,,,False,1.0,CT0015600,133945011155767425,2025-05-30 21:58:12.507000,21:58:12.507000,2025,,,Display of Plates,2025
2025-06-15 18:45:20.200000,7493829.0,CT0015600,West Haven,Racial Profile,1000602,2500025177,Incident ID,2025-05-31 00:00:00,May,I,N,M,35,True,False,West Haven,forest road,  ,  ,I,G,1.0,0,14-236,,False,N,False,False,N,,,,,False,1.0,CT0015600,133945011155767425,2025-05-31 22:21:24.160000,22:21:24.160000,2025,,,Moving Violation,2025
2025-06-15 18:45:20.033000,7493788.0,CT0015600,West Haven,Racial Profile,1000465,2500025183,Incident ID,2025-05-31 00:00:00,May,B,N,M,35,True,False,West Haven,Campbell Avenue / Terrace Avenue,  ,  ,E,G,2.0,1,14-18(a),,True,I,False,False,M,,,,,False,1.0,CT0015600,133945011155767425,2025-05-31 23:03:41.810000,23:03:41.810000,2025,38a-371,,Display of Plates,2025
2025-06-15 18:45:20.477000,7493911.0,CT0015600,West Haven,Racial Profile,1000688,2500025048,Incident ID,2025-05-31 00:00:00,May,B,N,F,27,True,False,WEST HAVEN,elm street (elm diner),  ,  ,E,G,1.0,0,14-147(c),,False,N,False,False,M,,,,,False,1.0,CT0015600,133945011155767425,2025-05-31 00:17:08.933000,00:17:08.933000,2025,38a-371,,Administrative Offense,2025
2025-06-15 18:45:20.480000,7493912.0,CT0015600,West Haven,Racial Profile,1000697,2500025067,Incident ID,2025-05-31 00:00:00,May,B,N,M,55,True,True,West Haven,Forest Rd / Bristol St,  ,  ,V,G,1.0,0,14-12(a),,False,N,False,False,V,,,,,False,1.0,CT0015600,133945011155767425,2025-05-31 01:34:56.250000,01:34:56.250000,2025,,,Registration,2025
2025-06-15 18:45:20.197000,7493828.0,CT0015600,West Haven,Racial Profile,1000602,2500025065,Incident ID,2025-05-31 00:00:00,May,W,H,M,35,True,False,West Haven,main street,  ,  ,V,G,1.0,0,14-147(a),,False,N,False,False,V,,,,,False,1.0,CT0015600,133945011155767425,2025-05-31 01:20:10.777000,01:20:10.777000,2025,,,Administrative Offense,2025
2025-06-15 18:45:20.030000,7493787.0,CT0015600,West Haven,Racial Profile,1000465,2500025173,Incident ID,2025-05-31 00:00:00,May,W,H,M,25,True,True,West Haven,Campbell Avenue and Brown Street,  ,  ,V,G,1.0,0,14-12(a)*,,False,N,False,False,V,,,,,False,1.0,CT0015600,133945011155767425,2025-05-31 21:23:53.850000,21:23:53.850000,2025,38a-371,,Registration,2025
2025-06-15 18:45:20.463000,7493905.0,CT0015600,West Haven,Racial Profile,1000675,2500025058,Incident ID,2025-05-31 00:00:00,May,B,N,M,23,True,True,WEST HAVEN,Campbell Ave/ Terrace,  ,  ,V,G,1.0,0,14-215,,False,N,False,False,V,,,,,False,1.0,CT0015600,133945011155767425,2025-05-31 00:42:53.613000,00:42:53.613000,2025,,,Administrative Offense,2025
2025-07-15 18:44:32.080000,7563542.0,CT0015600,West Haven,Racial Profile,1000331,2500025267,Incident ID,2025-06-01 00:00:00,June,B,N,M,60,True,True,West Haven,Saw Mill Road X I-95 North,  ,  ,V,G,1.0,0,14-242,,False,N,False,False,V,,,,,False,1.0,CT0015600,133970930676344480,2025-06-01 13:43:49.190000,13:43:49.190000,2025,,,Moving Violation,2025
2025-07-15 18:44:32.157000,7563568.0,CT0015600,West Haven,Racial Profile,1000465,2500025214,Incident ID,2025-06-01 00:00:00,June,W,H,M,32,True,True,West Haven,WQood / First,  ,  ,V,G,1.0,0,14-241,,True,C,False,False,V,,,,,False,1.0,CT0015600,133970930676344480,2025-06-01 02:50:10.557000,02:50:10.557000,2025,,,Moving Violation,2025
2025-07-15 18:44:32.310000,7563628.0,CT0015600,West Haven,Racial Profile,1000602,2500025202,Incident ID,2025-06-01 00:00:00,June,W,H,M,24,True,True,West Haven,church street,  ,  ,V,G,3.0,1,14-18(a),,True,I,False,True,U,,,,,False,1.0,CT0015600,133970930676344480,2025-06-01 00:58:58.177000,00:58:58.177000,2025,53a-223*,,Display of Plates,2025
2025-07-15 18:44:32.607000,7563703.0,CT0015600,West Haven,Racial Profile,1000658,2500025301,Incident ID,2025-06-01 00:00:00,June,B,N,M,24,True,True,West Haven,first ave,  ,  ,V,G,2.0,1,14-147(c),,True,I,False,False,I,,,,,False,1.0,CT0015600,133970930676344480,2025-06-01 18:06:40.020000,18:06:40.020000,2025,14-12(a)*,,Administrative Offense,2025
2025-07-15 18:44:32.627000,7563710.0,CT0015600,West Haven,Racial Profile,1000662,2500025291,Incident ID,2025-06-01 00:00:00,June,W,H,M,23,True,False,West Haven,Campbell / Center st.,  ,  ,V,G,1.0,0,14-12(a),,False,N,False,False,V,,,,,False,1.0,CT0015600,133970930676344480,2025-06-01 17:09:51.070000,17:09:51.070000,2025,14-12(a),,Registration,2025
2025-07-15 18:44:32.080000,7563541.0,CT0015600,West Haven,Racial Profile,1000331,2500025256,Incident ID,2025-06-01 00:00:00,June,W,H,M,22,True,False,WEST HAVEN,Saw Mill Road X I-95S,  ,  ,V,G,1.0,0,14-299,,False,N,False,False,V,,,,,False,1.0,CT0015600,133970930676344480,2025-06-01 11:43:02.337000,11:43:02.337000,2025,,,Traffic Control Signal,2025
2025-07-15 18:44:32.663000,7563723.0,CT0015600,West Haven,Racial Profile,1000675,2500025213,Incident ID,2025-06-01 00:00:00,June,B,N,F,51,True,False,West Haven,First Ave/I-95,  ,  ,V,G,1.0,0,14-12(a)*,,False,N,False,False,V,,,,,False,1.0,CT0015600,133970930676344480,2025-06-01 02:34:15.490000,02:34:15.490000,2025,,,Registration,2025
2025-07-15 18:44:32.690000,7563733.0,CT0015600,West Haven,Racial Profile,1000697,2500025215,Incident ID,2025-06-01 00:00:00,June,W,N,F,66,True,True,WEST HAVEN,Capt. Thomad Blvd,  ,  ,V,G,1.0,0,14-240,,False,N,False,False,V,,,,,False,1.0,CT0015600,133970930676344480,2025-06-01 02:50:49.430000,02:50:49.430000,2025,,,Moving Violation,2025
2025-07-15 18:44:32.700000,7563735.0,CT0015600,West Haven,Racial Profile,1000698,2500025212,Incident ID,2025-06-01 00:00:00,June,W,H,M,39,True,False,West Haven,Campbell Ave/George St,  ,  ,V,B,2.0,1,14-12(a),,False,N,False,True,M,,,,,False,1.0,CT0015600,133970930676344480,2025-06-01 02:32:55.857000,02:32:55.857000,2025,38a-371,,Registration,2025
2025-07-15 18:44:32.557000,7563697.0,CT0015600,West Haven,Racial Profile,1000637,2500025268,Incident ID,2025-06-01 00:00:00,June,W,H,M,51,True,False,West Haven,Campbell ave,  ,  ,V,G,1.0,0,14-12(a),,False,N,False,False,V,,,,,False,1.0,CT0015600,133970930676344480,2025-06-01 14:09:50.473000,14:09:50.473000,2025,,,Registration,2025
2025-07-15 18:44:32.610000,7563704.0,CT0015600,West Haven,Racial Profile,1000658,2500025319,Incident ID,2025-06-01 00:00:00,June,B,N,M,35,True,False,West Haven,elm st,  ,  ,V,G,1.0,0,14-18(c),,False,N,False,False,V,,,,,False,1.0,CT0015600,133970930676344480,2025-06-01 20:19:40.070000,20:19:40.070000,2025,14-215,,Display of Plates,2025
2025-07-15 18:44:32.463000,7563669.0,CT0015600,West Haven,Racial Profile,1000619,2500025321,Incident ID,2025-06-01 00:00:00,June,W,N,F,36,True,False,West Haven,Savin Avenue/Bassett Ave,  ,  ,V,G,1.0,0,14-219,,False,N,False,False,V,,,,,False,1.0,CT0015600,133970930676344480,2025-06-01 20:27:39.667000,20:27:39.667000,2025,,,Speed Related,2025
2025-07-15 18:44:32.600000,7563702.0,CT0015600,West Haven,Racial Profile,1000658,2500025298,Incident ID,2025-06-01 00:00:00,June,B,N,M,34,True,False,West Haven,elm st,  ,  ,E,G,1.0,0,14-18(c),,False,N,False,False,V,,,,,False,1.0,CT0015600,133970930676344480,2025-06-01 17:52:35.717000,17:52:35.717000,2025,,,Display of Plates,2025
2025-07-15 18:44:32.027000,7563521.0,CT0015600,West Haven,Racial Profile,1155,2500025217,Incident ID,2025-06-01 00:00:00,June,W,H,M,31,True,False,West Haven,campbell ave/center st,  ,  ,V,G,1.0,0,14-299,,False,N,False,False,V,,,,,False,1.0,CT0015600,133970930676344480,2025-06-01 03:07:25.800000,03:07:25.800000,2025,,,Traffic Control Signal,2025
2025-07-15 18:44:32.083000,7563543.0,CT0015600,West Haven,Racial Profile,1000331,2500025409,Incident ID,2025-06-02 00:00:00,June,W,N,F,71,True,True,West Haven,Platt X Lawncrest,  ,  ,V,G,1.0,0,14-219,,False,N,False,False,V,,,,,False,1.0,CT0015600,133970930676344480,2025-06-02 08:37:07.743000,08:37:07.743000,2025,,,Speed Related,2025
2025-07-15 18:44:32.283000,7563616.0,CT0015600,West Haven,Racial Profile,1000582,2500025371,Incident ID,2025-06-02 00:00:00,June,B,N,M,66,True,False,WEST HAVEN,Post rd/ new haven line ,  ,  ,V,G,1.0,0,14-12(a)*,,False,N,False,False,V,,,,,False,1.0,CT0015600,133970930676344480,2025-06-02 00:45:45.917000,00:45:45.917000,2025,14-12(a)*,,Registration,2025
2025-07-15 18:44:32.283000,7563617.0,CT0015600,West Haven,Racial Profile,1000582,2500025372,Incident ID,2025-06-02 00:00:00,June,B,N,M,27,True,False,West Haven,Post road/ rockview,  ,  ,E,G,1.0,0,14-96c,,False,N,False,False,V,,,,,False,1.0,CT0015600,133970930676344480,2025-06-02 00:50:54.460000,00:50:54.460000,2025,14-96c,,Defective Lights,2025
2025-07-15 18:44:32.667000,7563725.0,CT0015600,West Haven,Racial Profile,1000675,2500025380,Incident ID,2025-06-02 00:00:00,June,W,H,M,24,True,False,West Haven,Spring/First Ave,  ,  ,I,G,1.0,0,14-236,,False,N,False,False,V,,,,,False,1.0,CT0015600,133970930676344480,2025-06-02 01:43:54.277000,01:43:54.277000,2025,,,Moving Violation,2025
2025-07-15 18:44:32.700000,7563736.0,CT0015600,West Haven,Racial Profile,1000698,2500025375,Incident ID,2025-06-02 00:00:00,June,B,N,M,25,True,False,West Haven,Campbell Ave/ Church Street,  ,  ,E,B,1.0,0,14-96b,,False,N,False,False,V,,,,,False,1.0,CT0015600,133970930676344480,2025-06-02 01:25:21.623000,01:25:21.623000,2025,14-96b,,Defective Lights,2025
2025-07-15 18:44:32.663000,7563724.0,CT0015600,West Haven,Racial Profile,1000675,2500025370,Incident ID,2025-06-02 00:00:00,June,B,N,F,27,True,True,West Haven,Spring/Front,  ,  ,V,G,1.0,0,14-12(a)*,,False,N,False,False,V,,,,,False,1.0,CT0015600,133970930676344480,2025-06-02 00:35:33.863000,00:35:33.863000,2025,,,Registration,2025
2025-07-15 18:44:32.703000,7563737.0,CT0015600,West Haven,Racial Profile,1000698,2500025385,Incident ID,2025-06-02 00:00:00,June,W,N,M,42,True,False,West Haven,Savin Ave/ Walnut St,  ,  ,V,B,1.0,0,14-12(a)*,,False,N,False,False,V,,,,,False,1.0,CT0015600,133970930676344480,2025-06-02 02:41:32.360000,02:41:32.360000,2025,14-12(a)*,,Registration,2025
2025-07-15 18:44:32.690000,7563734.0,CT0015600,West Haven,Racial Profile,1000697,2500025373,Incident ID,2025-06-02 00:00:00,June,B,N,M,24,True,True,WEST HAVEN,Ocean Ave,  ,  ,V,G,2.0,0,14-236,,False,N,False,False,I,,,,,False,1.0,CT0015600,133970930676344480,2025-06-02 00:53:44.147000,00:53:44.147000,2025,,,Moving Violation,2025
2025-07-15 18:44:32.113000,7563554.0,CT0015600,West Haven,Racial Profile,1000333,2500025569,Incident ID,2025-06-03 00:00:00,June,B,N,M,59,True,True,West Haven,elm & first ave,  ,  ,V,G,1.0,0,14-299,,False,N,False,False,V,,,,,False,1.0,CT0015600,133970930676344480,2025-06-03 08:52:17.907000,08:52:17.907000,2025,,,Traffic Control Signal,2025
2025-07-15 18:44:32.287000,7563618.0,CT0015600,West Haven,Racial Profile,1000582,2500025518,Incident ID,2025-06-03 00:00:00,June,W,N,F,71,True,False,West Haven,second ave/richards pl,  ,  ,V,G,1.0,0,14-96a,,False,N,False,False,V,,,,,False,1.0,CT0015600,133970930676344480,2025-06-03 01:21:14.693000,01:21:14.693000,2025,14-96a,,Defective Lights,2025
2025-07-15 18:44:32.513000,7563685.0,CT0015600,West Haven,Racial Profile,1000636,2500025512,Incident ID,2025-06-03 00:00:00,June,W,H,F,44,True,True,West Haven,elm/first,  ,  ,I,G,1.0,0,14-12(a),,False,N,False,False,N,,,,,False,1.0,CT0015600,133970930676344480,2025-06-03 01:03:37.803000,01:03:37.803000,2025,,,Registration,2025
2025-07-15 18:44:32.087000,7563544.0,CT0015600,West Haven,Racial Profile,1000331,2500025575,Incident ID,2025-06-03 00:00:00,June,B,N,F,40,True,True,West Haven,Shingle Hill X Morgan Lane,  ,  ,V,G,1.0,0,14-219,,False,N,False,False,V,,,,,False,1.0,CT0015600,133970930676344480,2025-06-03 09:39:42.587000,09:39:42.587000,2025,,,Speed Related,2025
2025-07-15 18:44:32.407000,7563648.0,CT0015600,West Haven,Racial Profile,1000614,2500025665,Incident ID,2025-06-03 00:00:00,June,A,N,M,19,True,False,West Haven,washington ave/peck ave,  ,  ,V,G,1.0,0,14-301,,False,N,False,False,V,,,,,False,1.0,CT0015600,133970930676344480,2025-06-03 20:04:17.163000,20:04:17.163000,2025,,,Stop Sign,2025
2025-07-15 18:44:32.623000,7563709.0,CT0015600,West Haven,Racial Profile,1000661,2500025571,Incident ID,2025-06-03 00:00:00,June,W,N,M,50,True,False,West Haven,Pruden St/ Boston Post Rd,  ,  ,V,G,1.0,0,14-12(a),,False,N,False,False,V,,,,,False,1.0,CT0015600,133970930676344480,2025-06-03 08:57:23.780000,08:57:23.780000,2025,14-12(a),,Registration,2025
2025-07-15 18:44:32.117000,7563555.0,CT0015600,West Haven,Racial Profile,1000333,2500025774,Incident ID,2025-06-04 00:00:00,June,B,N,M,48,False,False,WEST HAVEN,Saw Mill Rd & I95s ramp,  ,  ,V,G,1.0,0,14-299,,False,N,False,False,V,,,,,False,1.0,CT0015600,133970930676344480,2025-06-04 12:27:22.760000,12:27:22.760000,2025,,,Traffic Control Signal,2025
2025-07-15 18:44:32.440000,7563660.0,CT0015600,West Haven,Racial Profile,1000616,2500025720,Incident ID,2025-06-04 00:00:00,June,B,N,F,22,True,False,West Haven,washington ave,  ,  ,V,G,1.0,0,14-219,,False,N,False,False,V,,,,,False,1.0,CT0015600,133970930676344480,2025-06-04 03:27:56.010000,03:27:56.010000,2025,,,Speed Related,2025
2025-07-15 18:44:32.440000,7563661.0,CT0015600,West Haven,Racial Profile,1000616,2500025849,Incident ID,2025-06-04 00:00:00,June,W,H,M,22,False,False,West Haven,Beach Street,  ,  ,V,G,1.0,0,14-236,,False,N,False,False,V,,,,,False,1.0,CT0015600,133970930676344480,2025-06-04 17:30:28.110000,17:30:28.110000,2025,,,Moving Violation,2025
2025-07-15 18:44:32.250000,7563602.0,CT0015600,West Haven,Racial Profile,1000549,2500025716,Incident ID,2025-06-04 00:00:00,June,W,H,F,18,True,False,West Haven,first / main,  ,  ,V,G,1.0,0,14-301,,False,N,False,False,V,,,,,False,1.0,CT0015600,133970930676344480,2025-06-04 02:37:03.470000,02:37:03.470000,2025,,,Stop Sign,2025
2025-07-15 18:44:32.290000,7563619.0,CT0015600,West Haven,Racial Profile,1000582,2500025708,Incident ID,2025-06-04 00:00:00,June,B,N,F,21,True,True,WEST HAVEN,Extra fuel first avenue,  ,  ,V,G,1.0,0,14-147c,,False,N,False,False,V,,,,,False,1.0,CT0015600,133970930676344480,2025-06-04 01:19:18.373000,01:19:18.373000,2025,14-147c,,Administrative Offense,2025
2025-07-15 18:44:32.120000,7563556.0,CT0015600,West Haven,Racial Profile,1000333,2500025783,Incident ID,2025-06-04 00:00:00,June,W,N,M,57,True,True,West Haven,saw mill rd & hillcrest,  ,  ,V,G,1.0,0,14-299,,False,N,False,False,V,,,,,False,1.0,CT0015600,133970930676344480,2025-06-04 12:52:09.787000,12:52:09.787000,2025,,,Traffic Control Signal,2025
2025-07-15 18:44:32.670000,7563726.0,CT0015600,West Haven,Racial Profile,1000675,2500025719,Incident ID,2025-06-04 00:00:00,June,B,N,M,23,True,True,West Haven,First Ave/ Spring Street,  ,  ,V,G,1.0,0,14-147(c),,False,N,False,False,V,,,,,False,1.0,CT0015600,133970930676344480,2025-06-04 03:25:15.280000,03:25:15.280000,2025,,,Administrative Offense,2025
2025-07-15 18:44:32.250000,7563603.0,CT0015600,West Haven,Racial Profile,1000549,2500025718,Incident ID,2025-06-04 00:00:00,June,B,N,M,48,True,True,West Haven,washigton/brown,  ,  ,V,G,1.0,0,14-301,,False,N,False,False,V,,,,,False,1.0,CT0015600,133970930676344480,2025-06-04 03:23:20.560000,03:23:20.560000,2025,,,Stop Sign,2025
2025-07-15 18:44:32.040000,7563525.0,CT0015600,West Haven,Racial Profile,1162,2500025796,Incident ID,2025-06-04 00:00:00,June,W,H,F,35,True,True,WEST HAVEN,capt thomas/ocean,  ,  ,V,G,1.0,0,14-12(a)*,,False,N,False,False,V,,,,,False,1.0,CT0015600,133970930676344480,2025-06-04 13:33:53.560000,13:33:53.560000,2025,,,Registration,2025
2025-07-15 18:44:32.437000,7563659.0,CT0015600,West Haven,Racial Profile,1000616,2500025712,Incident ID,2025-06-04 00:00:00,June,W,N,M,30,True,True,WEST HAVEN,april street,  ,  ,V,G,1.0,0,13b-42(e),,False,N,False,False,V,,,,,False,1.0,CT0015600,133970930676344480,2025-06-04 01:53:40.157000,01:53:40.157000,2025,,,Other,2025
2025-07-15 18:44:32.517000,7563686.0,CT0015600,West Haven,Racial Profile,1000636,2500025710,Incident ID,2025-06-04 00:00:00,June,B,N,F,25,True,True,West Haven,third ave,  ,  ,V,G,1.0,0,14-18(a),,False,N,False,False,N,,,,,False,1.0,CT0015600,133970930676344480,2025-06-04 01:43:37.447000,01:43:37.447000,2025,,,Display of Plates,2025
2025-07-15 18:44:32.060000,7563534.0,CT0015600,West Haven,Racial Profile,1232,2500025844,Incident ID,2025-06-04 00:00:00,June,W,H,M,26,True,True,West Haven,ELM/SAVIN,  ,  ,V,G,1.0,0,14-242,,False,N,False,False,V,,,,,False,1.0,CT0015600,133970930676344480,2025-06-04 17:07:05.337000,17:07:05.337000,2025,,,Moving Violation,2025
2025-07-15 18:44:32.313000,7563629.0,CT0015600,West Haven,Racial Profile,1000602,2500026050,Incident ID,2025-06-05 00:00:00,June,W,H,M,26,False,False,WEST HAVEN,kelsey ave,  ,  ,V,G,2.0,1,14-147(c),,True,I,False,False,M,,,,,False,1.0,CT0015600,133970930676344480,2025-06-05 21:06:34.600000,21:06:34.600000,2025,38a-371,,Administrative Offense,2025
2025-07-15 18:44:32.447000,7563662.0,CT0015600,West Haven,Racial Profile,1000616,2500025913,Incident ID,2025-06-05 00:00:00,June,W,N,M,49,True,False,West Haven,Boston Post Road,  ,  ,E,G,1.0,0,14-96c,,False,N,False,False,V,,,,,False,1.0,CT0015600,133970930676344480,2025-06-05 01:56:49.563000,01:56:49.563000,2025,,,Defective Lights,2025
2025-07-15 18:44:32.517000,7563687.0,CT0015600,West Haven,Racial Profile,1000636,2500026024,Incident ID,2025-06-05 00:00:00,June,B,N,M,28,True,False,West Haven,campbell/ terrace,  ,  ,I,G,1.0,0,14-36(a),,False,N,False,False,V,,,,,False,1.0,CT0015600,133970930676344480,2025-06-05 18:38:19.873000,18:38:19.873000,2025,,,Unlicensed Operation,2025
2025-07-15 18:44:32.560000,7563698.0,CT0015600,West Haven,Racial Profile,1000637,2500026022,Incident ID,2025-06-05 00:00:00,June,B,N,M,20,True,True,West Haven,elm street,  ,  ,V,G,1.0,0,14-299,,False,N,False,False,V,,,,,False,1.0,CT0015600,133970930676344480,2025-06-05 18:27:00.793000,18:27:00.793000,2025,,,Traffic Control Signal,2025
2025-07-15 18:44:32.090000,7563545.0,CT0015600,West Haven,Racial Profile,1000331,2500025946,Incident ID,2025-06-05 00:00:00,June,W,N,M,23,True,True,West Haven,Platt X Covebrook,  ,  ,V,G,1.0,0,14-219,,False,N,False,False,V,,,,,False,1.0,CT0015600,133970930676344480,2025-06-05 08:17:20.640000,08:17:20.640000,2025,,,Speed Related,2025
2025-07-15 18:44:32.733000,7563749.0,CT0015600,West Haven,Racial Profile,1000700,2500025961,Incident ID,2025-06-05 00:00:00,June,W,N,M,40,True,True,West Haven,Orange Terrace/ Forest Road,  ,  ,V,G,1.0,0,14-296aa(b),,False,N,False,False,V,,,,,False,1.0,CT0015600,133970930676344480,2025-06-05 09:42:30.717000,09:42:30.717000,2025,14-296aa(b),,Cell Phone,2025
2025-07-15 18:44:32.320000,7563631.0,CT0015600,West Haven,Racial Profile,1000602,2500026062,Incident ID,2025-06-05 00:00:00,June,B,N,M,65,True,True,West Haven,first avenue,  ,  ,V,G,2.0,0,14-215(a),,False,N,False,False,M,,,,,False,1.0,CT0015600,133970930676344480,2025-06-05 22:31:48.993000,22:31:48.993000,2025,,,Administrative Offense,2025
2025-07-15 18:44:32.643000,7563716.0,CT0015600,West Haven,Racial Profile,1000666,2500026017,Incident ID,2025-06-05 00:00:00,June,A,H,F,28,True,True,West Haven,Boston post road ,  ,  ,I,G,1.0,0,14-18(c),,False,N,False,False,V,,,,,False,1.0,CT0015600,133970930676344480,2025-06-05 17:27:59.913000,17:27:59.913000,2025,14-18(c),,Display of Plates,2025
2025-07-15 18:44:32.710000,7563739.0,CT0015600,West Haven,Racial Profile,1000698,2500025921,Incident ID,2025-06-05 00:00:00,June,W,N,M,56,True,False,West Haven,Campbell Ave/ Brown St,  ,  ,E,B,1.0,0,14-96c,,False,N,False,False,V,,,,,False,1.0,CT0015600,133970930676344480,2025-06-05 03:08:22.927000,03:08:22.927000,2025,14-96c,,Defective Lights,2025
2025-07-15 18:44:32.653000,7563719.0,CT0015600,West Haven,Racial Profile,1000673,2500025919,Incident ID,2025-06-05 00:00:00,June,B,N,M,30,True,False,West Haven,Campbell Ave,  ,  ,V,G,1.0,0,14-237,,False,N,False,True,V,,,,,False,1.0,CT0015600,133970930676344480,2025-06-05 02:47:46.350000,02:47:46.350000,2025,,,Moving Violation,2025
2025-07-15 18:44:32.273000,7563613.0,CT0015600,West Haven,Racial Profile,1000561,2500026005,Incident ID,2025-06-05 00:00:00,June,W,N,M,30,True,False,WEST HAVEN,SAWMILL/I-95,  ,  ,V,G,1.0,0,14-299,,False,N,False,False,N,,,,,False,1.0,CT0015600,133970930676344480,2025-06-05 15:44:50.733000,15:44:50.733000,2025,14-299,,Traffic Control Signal,2025
2025-07-15 18:44:32.277000,7563614.0,CT0015600,West Haven,Racial Profile,1000561,2500026044,Incident ID,2025-06-05 00:00:00,June,W,N,F,21,True,False,West Haven,platt ave/jones hill,  ,  ,V,G,1.0,0,14-301,,False,N,False,False,V,,,,,False,1.0,CT0015600,133970930676344480,2025-06-05 20:54:48.490000,20:54:48.490000,2025,14-301,,Stop Sign,2025
2025-07-15 18:44:32.317000,7563630.0,CT0015600,West Haven,Racial Profile,1000602,2500026060,Incident ID,2025-06-05 00:00:00,June,W,H,M,30,True,True,West Haven,elm street,  ,  ,V,G,1.0,0,14-12(a),,False,N,False,False,V,,,,,False,1.0,CT0015600,133970930676344480,2025-06-05 22:18:40.887000,22:18:40.887000,2025,,,Registration,2025
2025-07-15 18:44:32.650000,7563718.0,CT0015600,West Haven,Racial Profile,1000673,2500025905,Incident ID,2025-06-05 00:00:00,June,W,M,M,27,True,True,West Haven,Campbell Ave,  ,  ,E,G,1.0,0,14-157,,False,N,False,False,V,,,,,False,1.0,CT0015600,133970930676344480,2025-06-05 00:38:39.040000,00:38:39.040000,2025,,,Other,2025
2025-07-15 18:44:32.707000,7563738.0,CT0015600,West Haven,Racial Profile,1000698,2500025912,Incident ID,2025-06-05 00:00:00,June,B,N,M,47,True,False,West Haven,Campbell Ave/ Captain Thomas Blvd,  ,  ,V,B,1.0,0,14-12(a)*,,False,N,False,False,V,,,,,False,1.0,CT0015600,133970930676344480,2025-06-05 01:54:04.683000,01:54:04.683000,2025,14-12(a)*,,Registration,2025
2025-07-15 18:44:32.160000,7563570.0,CT0015600,West Haven,Racial Profile,1000465,2500026220,Incident ID,2025-06-06 00:00:00,June,W,H,M,25,True,True,West Haven,Campbell / Terrace,  ,  ,V,G,1.0,0,14-18(a),,False,N,False,False,V,,,,,False,1.0,CT0015600,133970930676344480,2025-06-06 21:30:41.573000,21:30:41.573000,2025,,,Display of Plates,2025
2025-07-15 18:44:32.267000,7563610.0,CT0015600,West Haven,Racial Profile,1000558,2500026230,Incident ID,2025-06-06 00:00:00,June,B,N,F,29,True,False,West Haven,campbell/new,  ,  ,V,G,1.0,0,14-232(a)(1),,False,N,False,False,V,,,,,False,1.0,CT0015600,133970930676344480,2025-06-06 23:01:15.627000,23:01:15.627000,2025,,,Moving Violation,2025
2025-07-15 18:44:32.163000,7563571.0,CT0015600,West Haven,Racial Profile,1000465,2500026223,Incident ID,2025-06-06 00:00:00,June,W,N,F,60,True,False,West Haven,Elm / Savin,  ,  ,V,G,1.0,0,14-236,,False,N,False,False,V,,,,,False,1.0,CT0015600,133970930676344480,2025-06-06 21:50:09.713000,21:50:09.713000,2025,,,Moving Violation,2025
2025-07-15 18:44:32.323000,7563632.0,CT0015600,West Haven,Racial Profile,1000602,2500026226,Incident ID,2025-06-06 00:00:00,June,W,H,F,36,True,False,West Haven,island lane,  ,  ,V,G,1.0,0,14-18(c),,False,N,False,False,V,,,,,False,1.0,CT0015600,133970930676344480,2025-06-06 22:06:38.090000,22:06:38.090000,2025,,,Display of Plates,2025
2025-07-15 18:44:32.450000,7563663.0,CT0015600,West Haven,Racial Profile,1000616,2500026094,Incident ID,2025-06-06 00:00:00,June,W,N,M,22,True,True,West Haven,ocean ave,  ,  ,V,G,1.0,0,14-219,,False,N,False,False,V,,,,,False,1.0,CT0015600,133970930676344480,2025-06-06 01:44:08.460000,01:44:08.460000,2025,,,Speed Related,2025
2025-07-15 18:44:32.630000,7563711.0,CT0015600,West Haven,Racial Profile,1000662,2500026234,Incident ID,2025-06-06 00:00:00,June,W,H,M,18,True,True,WEST HAVEN,Captain Thomas / Oak Street,  ,  ,V,G,1.0,0,14-299,,False,N,False,False,V,,,,,False,1.0,CT0015600,133970930676344480,2025-06-06 23:17:45.117000,23:17:45.117000,2025,14-299,,Traffic Control Signal,2025
2025-07-15 18:44:32.450000,7563664.0,CT0015600,West Haven,Racial Profile,1000616,2500026098,Incident ID,2025-06-06 00:00:00,June,W,N,M,19,True,True,West Haven,overlook ave,  ,  ,E,G,1.0,0,14-96b,,False,N,False,False,V,,,,,False,1.0,CT0015600,133970930676344480,2025-06-06 02:07:53.173000,02:07:53.173000,2025,,,Defective Lights,2025
2025-07-15 18:44:32.470000,7563671.0,CT0015600,West Haven,Racial Profile,1000621,2500026144,Incident ID,2025-06-06 00:00:00,June,W,H,F,63,True,False,West Haven,Spring/ Front ,  ,  ,I,G,1.0,0,14-12(a)*,,False,N,False,False,V,,,,,False,1.0,CT0015600,133970930676344480,2025-06-06 11:05:49.243000,11:05:49.243000,2025,,,Registration,2025
2025-07-15 18:44:32.473000,7563672.0,CT0015600,West Haven,Racial Profile,1000621,2500026148,Incident ID,2025-06-06 00:00:00,June,W,N,M,69,True,False,West Haven,Boston Post Road / Taff,  ,  ,V,G,1.0,0,14-299,,False,N,False,False,I,,,,,False,1.0,CT0015600,133970930676344480,2025-06-06 11:23:59.523000,11:23:59.523000,2025,,,Traffic Control Signal,2025
2025-07-15 18:44:32.160000,7563569.0,CT0015600,West Haven,Racial Profile,1000465,2500026211,Incident ID,2025-06-06 00:00:00,June,W,H,M,25,True,True,West Haven,Campbel / Richards,  ,  ,V,G,1.0,0,14-147(c),,False,N,False,False,V,,,,,False,1.0,CT0015600,133970930676344480,2025-06-06 21:01:35.583000,21:01:35.583000,2025,,,Administrative Offense,2025
2025-07-15 18:44:32.597000,7563701.0,CT0015600,West Haven,Racial Profile,1000652,2500026141,Incident ID,2025-06-06 00:00:00,June,B,N,F,31,True,True,West Haven,Campbell Ave/ homestead,  ,  ,V,G,1.0,0,14-12(a)*,,False,N,False,False,I,,,,,False,1.0,CT0015600,133970930676344480,2025-06-06 10:44:13.540000,10:44:13.540000,2025,14-36(a),,Registration,2025
2025-07-15 18:44:32.333000,7563634.0,CT0015600,West Haven,Racial Profile,1000602,2500026375,Incident ID,2025-06-07 00:00:00,June,W,H,M,31,True,False,West Haven,campbell,  ,  ,V,G,1.0,0,14-147(A),,False,N,False,False,V,,,,,False,1.0,CT0015600,133970930676344480,2025-06-07 21:14:52.747000,21:14:52.747000,2025,,,Administrative Offense,2025
2025-07-15 18:44:32.327000,7563633.0,CT0015600,West Haven,Racial Profile,1000602,2500026372,Incident ID,2025-06-07 00:00:00,June,B,N,F,26,True,False,West Haven,washington avenue,  ,  ,V,G,2.0,1,14-147(c),,True,I,False,False,M,,,,,False,1.0,CT0015600,133970930676344480,2025-06-07 20:20:19.767000,20:20:19.767000,2025,38a-371,,Administrative Offense,2025
2025-07-15 18:44:32.333000,7563635.0,CT0015600,West Haven,Racial Profile,1000602,2500026379,Incident ID,2025-06-07 00:00:00,June,W,H,M,35,True,True,West Haven,first avenue,  ,  ,V,G,1.0,0,14-147(a),,False,N,False,False,M,,,,,False,1.0,CT0015600,133970930676344480,2025-06-07 21:47:07.837000,21:47:07.837000,2025,,,Administrative Offense,2025
2025-07-15 18:44:32.410000,7563650.0,CT0015600,West Haven,Racial Profile,1000615,2500026378,Incident ID,2025-06-07 00:00:00,June,W,H,M,23,True,True,West Haven,Campbell Avenue/ Boston Post Road ,  ,  ,V,G,1.0,0,14-299,,False,N,False,False,V,,,,,False,1.0,CT0015600,133970930676344480,2025-06-07 21:46:46.300000,21:46:46.300000,2025,14-299,,Traffic Control Signal,2025
2025-07-15 18:44:32.653000,7563720.0,CT0015600,West Haven,Racial Profile,1000673,2500026254,Incident ID,2025-06-07 00:00:00,June,B,N,F,35,True,True,West Haven,Campbell Ave,  ,  ,V,G,1.0,0,14-12a,,False,N,False,False,V,,,,,False,1.0,CT0015600,133970930676344480,2025-06-07 01:15:58.530000,01:15:58.530000,2025,,,Registration,2025
2025-07-15 18:44:32.063000,7563535.0,CT0015600,West Haven,Racial Profile,1232,2500026370,Incident ID,2025-06-07 00:00:00,June,B,N,F,32,True,True,West Haven,FIRST/ WOOD ,  ,  ,V,G,1.0,0,14-12(a)*,,False,N,False,False,V,,,,,False,1.0,CT0015600,133970930676344480,2025-06-07 20:09:42.750000,20:09:42.750000,2025,,,Registration,2025
2025-07-15 18:44:32.477000,7563673.0,CT0015600,West Haven,Racial Profile,1000621,2500026305,Incident ID,2025-06-07 00:00:00,June,W,N,M,55,True,False,West Haven,Saw Mill Road/Meloy Road,  ,  ,I,G,1.0,0,14-12(a)*,,False,N,False,False,V,,,,,False,1.0,CT0015600,133970930676344480,2025-06-07 09:39:57.727000,09:39:57.727000,2025,,,Registration,2025
2025-07-15 18:44:32.270000,7563611.0,CT0015600,West Haven,Racial Profile,1000558,2500026366,Incident ID,2025-06-07 00:00:00,June,W,N,M,17,True,True,West Haven,King street / King place,  ,  ,V,G,1.0,1,14-12(a),,False,N,False,False,I,,,,,False,1.0,CT0015600,133970930676344480,2025-06-07 19:18:49.477000,19:18:49.477000,2025,14-12(a),,Registration,2025
2025-07-15 18:44:32.460000,7563668.0,CT0015600,West Haven,Racial Profile,1000617,2500026318,Incident ID,2025-06-07 00:00:00,June,W,H,M,32,True,True,West Haven,Brown Street/Savin Avenue,  ,  ,V,G,1.0,0,14-299,,False,N,False,False,V,,,,,False,1.0,CT0015600,133970930676344480,2025-06-07 12:10:51.983000,12:10:51.983000,2025,,,Traffic Control Signal,2025
2025-07-15 18:44:32.520000,7563688.0,CT0015600,West Haven,Racial Profile,1000636,2500026250,Incident ID,2025-06-07 00:00:00,June,W,H,M,22,True,True,West Haven,elm/ kimberly,  ,  ,I,G,2.0,1,38a-371,,False,N,False,False,U,,,,,False,1.0,CT0015600,133970930676344480,2025-06-07 00:42:44.480000,00:42:44.480000,2025,,,Other,2025
2025-07-15 18:44:32.273000,7563612.0,CT0015600,West Haven,Racial Profile,1000559,2500026442,Incident ID,2025-06-08 00:00:00,June,B,N,F,25,True,True,West Haven,Terrace Avenue / Campbell Avenue ,  ,  ,V,G,1.0,0,14-299,,False,N,False,False,V,,,,,False,1.0,CT0015600,133970930676344480,2025-06-08 03:59:35.103000,03:59:35.103000,2025,,,Traffic Control Signal,2025
2025-07-15 18:44:32.167000,7563572.0,CT0015600,West Haven,Racial Profile,1000465,2500026510,Incident ID,2025-06-08 00:00:00,June,B,N,M,24,True,True,WEST HAVEN,Boston Post Road / New Haven Town Line,  ,  ,I,G,1.0,1,14-223(b)**,,True,I,False,True,U,,,,,False,1.0,CT0015600,133970930676344480,2025-06-08 17:15:43.563000,17:15:43.563000,2025,14-222,,Other,2025
2025-07-15 18:44:32.710000,7563740.0,CT0015600,West Haven,Racial Profile,1000698,2500026425,Incident ID,2025-06-08 00:00:00,June,B,N,M,37,True,False,West Haven,Campbell Ave/ Captain Thomas Blvd,  ,  ,V,B,1.0,0,14-12(a)*,,False,N,False,False,V,,,,,False,1.0,CT0015600,133970930676344480,2025-06-08 01:07:23.050000,01:07:23.050000,2025,14-12(a)*,,Registration,2025
2025-07-15 18:44:32.530000,7563689.0,CT0015600,West Haven,Racial Profile,1000636,2500026567,Incident ID,2025-06-09 00:00:00,June,W,N,M,35,True,True,West Haven,elm/ savin,  ,  ,V,G,1.0,0,14-96b,,False,N,False,False,V,,,,,False,1.0,CT0015600,133970930676344480,2025-06-09 01:54:26.067000,01:54:26.067000,2025,,,Defective Lights,2025
2025-07-15 18:44:32.673000,7563727.0,CT0015600,West Haven,Racial Profile,1000675,2500026564,Incident ID,2025-06-09 00:00:00,June,B,N,M,28,True,False,West Haven,15 boston post road,  ,  ,I,G,2.0,0,38a-371,,False,N,False,False,M,,,,,False,1.0,CT0015600,133970930676344480,2025-06-09 01:02:35.353000,01:02:35.353000,2025,,,Other,2025
2025-07-15 18:44:32.533000,7563690.0,CT0015600,West Haven,Racial Profile,1000636,2500026568,Incident ID,2025-06-09 00:00:00,June,B,N,M,38,True,True,West Haven,elm/savin,  ,  ,I,G,1.0,0,14-12(a),,False,N,False,False,V,,,,,False,1.0,CT0015600,133970930676344480,2025-06-09 02:00:14.317000,02:00:14.317000,2025,,,Registration,2025
2025-07-15 18:44:32.290000,7563620.0,CT0015600,West Haven,Racial Profile,1000582,2500026569,Incident ID,2025-06-09 00:00:00,June,B,N,M,23,True,False,West Haven,Forest/ Burwell,  ,  ,E,G,1.0,0,14-96a,,False,N,False,False,V,,,,,False,1.0,CT0015600,133970930676344480,2025-06-09 02:04:09.067000,02:04:09.067000,2025,14-96a,,Defective Lights,2025
2025-07-15 18:44:32.193000,7563584.0,CT0015600,West Haven,Racial Profile,1000528,2500026768,Incident ID,2025-06-10 00:00:00,June,W,N,M,62,True,True,West Haven,washington/ brown,  ,  ,V,B,1.0,0,15-154(b)*,,False,N,False,False,V,,,,,False,1.0,CT0015600,133970930676344480,2025-06-10 15:19:01.743000,15:19:01.743000,2025,15-154(b)*,,Other,2025
2025-07-15 18:44:32.537000,7563691.0,CT0015600,West Haven,Racial Profile,1000636,2500026703,Incident ID,2025-06-10 00:00:00,June,A,N,F,27,True,True,West Haven,campbelll/ richards,  ,  ,E,G,1.0,0,14-96b,,False,N,False,False,V,,,,,False,1.0,CT0015600,133970930676344480,2025-06-10 01:26:59.440000,01:26:59.440000,2025,,,Defective Lights,2025
2025-07-15 18:44:32.453000,7563665.0,CT0015600,West Haven,Racial Profile,1000616,2500026788,Incident ID,2025-06-10 00:00:00,June,W,H,M,18,True,True,West Haven,allings crossing rd,  ,  ,V,G,1.0,0,14-219,,False,N,False,False,V,,,,,False,1.0,CT0015600,133970930676344480,2025-06-10 17:38:14,17:38:14,2025,,,Speed Related,2025
2025-07-15 18:44:32.677000,7563729.0,CT0015600,West Haven,Racial Profile,1000677,2500026780,Incident ID,2025-06-10 00:00:00,June,W,H,M,24,True,False,West Haven,Campbell Avenue / Boston Post Rd,  ,  ,V,G,2.0,0,14-299,,False,N,False,False,V,,,,,False,1.0,CT0015600,133970930676344480,2025-06-10 16:22:53.183000,16:22:53.183000,2025,,,Traffic Control Signal,2025
2025-07-15 18:44:32.413000,7563651.0,CT0015600,West Haven,Racial Profile,1000615,2500026869,Incident ID,2025-06-11 00:00:00,June,W,H,F,37,True,True,West Haven,Washington/ Washington Manor ,  ,  ,V,G,1.0,0,14-299,,False,N,False,False,V,,,,,False,1.0,CT0015600,133970930676344480,2025-06-11 08:51:40.993000,08:51:40.993000,2025,14-299,,Traffic Control Signal,2025
2025-07-15 18:44:32.293000,7563621.0,CT0015600,West Haven,Racial Profile,1000582,2500026831,Incident ID,2025-06-11 00:00:00,June,B,N,M,20,True,True,West Haven,Elm/ second,  ,  ,E,G,1.0,0,14-96a,,False,N,False,False,V,,,,,False,1.0,CT0015600,133970930676344480,2025-06-11 01:37:56.593000,01:37:56.593000,2025,14-96a,,Defective Lights,2025
2025-07-15 18:44:32.420000,7563653.0,CT0015600,West Haven,Racial Profile,1000615,2500026878,Incident ID,2025-06-11 00:00:00,June,W,H,M,20,True,True,West Haven,Elm/Second ,  ,  ,V,G,1.0,0,14-12(a)*,,False,N,False,False,I,,,,,False,1.0,CT0015600,133970930676344480,2025-06-11 09:39:26.147000,09:39:26.147000,2025,14-36(a),,Registration,2025
2025-07-15 18:44:32.120000,7563557.0,CT0015600,West Haven,Racial Profile,1000333,2500026870,Incident ID,2025-06-11 00:00:00,June,W,N,F,59,True,False,West Haven,saw mill rd & hillcrest,  ,  ,V,G,1.0,0,14-299,,False,N,False,False,V,,,,,False,1.0,CT0015600,133970930676344480,2025-06-11 09:03:24.947000,09:03:24.947000,2025,,,Traffic Control Signal,2025
2025-07-15 18:44:32.297000,7563622.0,CT0015600,West Haven,Racial Profile,1000582,2500026835,Incident ID,2025-06-11 00:00:00,June,W,H,M,23,True,True,West Haven,main/ hine ,  ,  ,V,G,1.0,0,14-12(a)*,,False,N,False,False,V,,,,,False,1.0,CT0015600,133970930676344480,2025-06-11 02:01:54.350000,02:01:54.350000,2025,14-12(a)*,,Registration,2025
2025-07-15 18:44:32.417000,7563652.0,CT0015600,West Haven,Racial Profile,1000615,2500026871,Incident ID,2025-06-11 00:00:00,June,W,H,M,69,True,False,West Haven,Campbell Avenue/ Wharton Street ,  ,  ,V,G,1.0,0,14-12(a)*,,False,N,False,False,V,,,,,False,1.0,CT0015600,133970930676344480,2025-06-11 09:16:01.297000,09:16:01.297000,2025,14-12(a)*,,Registration,2025
2025-07-15 18:44:32.457000,7563666.0,CT0015600,West Haven,Racial Profile,1000616,2500026836,Incident ID,2025-06-11 00:00:00,June,W,H,F,28,True,True,West Haven,Campbell Ave,  ,  ,E,G,1.0,0,14-96b,,False,N,False,False,V,,,,,False,1.0,CT0015600,133970930676344480,2025-06-11 02:05:09.687000,02:05:09.687000,2025,,,Defective Lights,2025
2025-07-15 18:44:32.540000,7563692.0,CT0015600,West Haven,Racial Profile,1000636,2500026882,Incident ID,2025-06-11 00:00:00,June,B,N,F,39,True,False,West Haven,Boston Post Road/ Fairfax,  ,  ,I,G,1.0,0,14-12(a),,False,N,False,False,V,,,,,False,1.0,CT0015600,133970930676344480,2025-06-11 10:08:00.693000,10:08:00.693000,2025,,,Registration,2025
2025-07-15 18:44:32.423000,7563654.0,CT0015600,West Haven,Racial Profile,1000615,2500027060,Incident ID,2025-06-12 00:00:00,June,B,N,M,22,True,False,West Haven,Spring/Campbell ,  ,  ,E,G,2.0,1,14-18(c),,False,N,False,True,M,,,,,False,1.0,CT0015600,133970930676344480,2025-06-12 10:41:46.113000,10:41:46.113000,2025,38a-371,,Display of Plates,2025
2025-07-15 18:44:32.493000,7563678.0,CT0015600,West Haven,Racial Profile,1000626,2500027067,Incident ID,2025-06-12 00:00:00,June,W,N,M,56,True,False,West Haven,saw mill road,  ,  ,V,G,1.0,0,14-299,,False,N,False,False,V,,,,,False,1.0,CT0015600,133970930676344480,2025-06-12 10:56:06.393000,10:56:06.393000,2025,14-299,,Traffic Control Signal,2025
2025-07-15 18:44:32.423000,7563655.0,CT0015600,West Haven,Racial Profile,1000615,2500027128,Incident ID,2025-06-12 00:00:00,June,W,H,M,30,True,True,WEST HAVEN,278 Main Street ,  ,  ,E,G,1.0,0,14-18(c),,False,N,False,False,V,,,,,False,1.0,CT0015600,133970930676344480,2025-06-12 17:39:14.100000,17:39:14.100000,2025,14-18(c),,Display of Plates,2025
2025-07-15 18:44:32.040000,7563526.0,CT0015600,West Haven,Racial Profile,1162,2500027065,Incident ID,2025-06-12 00:00:00,June,W,H,M,42,True,False,WEST HAVEN,morgan/frontage,  ,  ,V,G,1.0,0,14-299,,False,N,False,False,V,,,,,False,1.0,CT0015600,133970930676344480,2025-06-12 10:52:23.163000,10:52:23.163000,2025,,,Traffic Control Signal,2025
2025-07-15 18:44:32.683000,7563731.0,CT0015600,West Haven,Racial Profile,1000677,2500027055,Incident ID,2025-06-12 00:00:00,June,B,N,M,35,True,True,West Haven,269 Captain Thomas Blvd,  ,  ,V,G,1.0,0,14-12(a),,False,N,False,False,V,,,,,False,1.0,CT0015600,133970930676344480,2025-06-12 09:31:49.590000,09:31:49.590000,2025,,,Registration,2025
2025-07-15 18:44:32.043000,7563527.0,CT0015600,West Haven,Racial Profile,1162,2500027069,Incident ID,2025-06-12 00:00:00,June,W,N,F,67,False,False,WEST HAVEN,morgan/frontage,  ,  ,V,G,1.0,0,14-299,,False,N,False,False,V,,,,,False,1.0,CT0015600,133970930676344480,2025-06-12 11:06:28.343000,11:06:28.343000,2025,,,Traffic Control Signal,2025
2025-07-15 18:44:32.713000,7563741.0,CT0015600,West Haven,Racial Profile,1000698,2500027015,Incident ID,2025-06-12 00:00:00,June,B,N,F,26,True,False,West Haven,Campbell Ave/ Church St,  ,  ,E,B,1.0,0,14-96a(a),,False,N,False,False,V,,,,,False,1.0,CT0015600,133970930676344480,2025-06-12 02:23:12.343000,02:23:12.343000,2025,14-96a(a),,Defective Lights,2025
2025-07-15 18:44:32.047000,7563528.0,CT0015600,West Haven,Racial Profile,1162,2500027070,Incident ID,2025-06-12 00:00:00,June,W,H,F,27,True,False,WEST HAVEN,morgan/frontage,  ,  ,V,G,1.0,0,14-299,,False,N,False,False,V,,,,,False,1.0,CT0015600,133970930676344480,2025-06-12 11:14:46.377000,11:14:46.377000,2025,,,Traffic Control Signal,2025
2025-07-15 18:44:32.060000,7563533.0,CT0015600,West Haven,Racial Profile,1200,2500027068,Incident ID,2025-06-12 00:00:00,June,B,N,M,44,True,False,West Haven,BOSTON POST RD & TAFT AVE,  ,  ,V,G,2.0,0,IMPROPER TURN,,False,N,False,False,I,,,,,False,1.0,CT0015600,133970930676344480,2025-06-12 11:02:03.627000,11:02:03.627000,2025,,,Other,2025
2025-07-15 18:44:32.170000,7563573.0,CT0015600,West Haven,Racial Profile,1000465,2500027120,Incident ID,2025-06-12 00:00:00,June,B,N,M,25,True,True,West Haven,Spring / First,  ,  ,V,G,1.0,0,14-241,,False,N,False,False,V,,,,,False,1.0,CT0015600,133970930676344480,2025-06-12 16:54:31.107000,16:54:31.107000,2025,,,Moving Violation,2025
2025-07-15 18:44:32.300000,7563623.0,CT0015600,West Haven,Racial Profile,1000582,2500027002,Incident ID,2025-06-12 00:00:00,June,B,N,M,27,True,True,West Haven,campbell / smith ct ,  ,  ,V,G,1.0,0,14-299,,False,N,False,False,V,,,,,False,1.0,CT0015600,133970930676344480,2025-06-12 01:24:31.757000,01:24:31.757000,2025,14-36a,,Traffic Control Signal,2025
2025-07-15 18:44:32.680000,7563730.0,CT0015600,West Haven,Racial Profile,1000677,2500027049,Incident ID,2025-06-12 00:00:00,June,W,N,F,57,True,True,WEST HAVEN,Stevens / Highland St,  ,  ,V,G,1.0,0,14-299,,False,N,False,False,V,,,,,False,1.0,CT0015600,133970930676344480,2025-06-12 08:45:49.147000,08:45:49.147000,2025,,,Traffic Control Signal,2025
2025-07-15 18:44:32.500000,7563679.0,CT0015600,West Haven,Racial Profile,1000626,2500027264,Incident ID,2025-06-13 00:00:00,June,W,N,F,63,True,False,WEST HAVEN,292 Elm Street,  ,  ,V,G,1.0,0,38a-371,,False,N,False,True,M,,,,,False,1.0,CT0015600,133970930676344480,2025-06-13 11:39:45.890000,11:39:45.890000,2025,14-12(a)*,,Other,2025
2025-07-15 18:44:32.337000,7563636.0,CT0015600,West Haven,Racial Profile,1000602,2500027331,Incident ID,2025-06-13 00:00:00,June,I,N,M,31,True,False,WEST HAVEN,cMPBELL,  ,  ,V,G,2.0,1,14-18(a),,True,I,False,False,M,,,,,False,1.0,CT0015600,133970930676344480,2025-06-13 19:04:04.233000,19:04:04.233000,2025,38a-371,,Display of Plates,2025
2025-07-15 18:44:32.343000,7563638.0,CT0015600,West Haven,Racial Profile,1000602,2500027354,Incident ID,2025-06-13 00:00:00,June,B,N,M,53,True,False,West Haven,hoffman,  ,  ,V,G,3.0,0,14-147(c),,True,O,True,False,M,,,,,False,1.0,CT0015600,133970930676344480,2025-06-13 22:25:53.590000,22:25:53.590000,2025,21a-279(a)(1),,Administrative Offense,2025
2025-07-15 18:44:32.067000,7563536.0,CT0015600,West Haven,Racial Profile,1232,2500027286,Incident ID,2025-06-13 00:00:00,June,B,N,M,38,True,True,West Haven,MAIN/KELSEY,  ,  ,V,G,1.0,0,14-12(a)*,,False,N,False,False,V,,,,,False,1.0,CT0015600,133970930676344480,2025-06-13 14:15:30.280000,14:15:30.280000,2025,,,Registration,2025
2025-07-15 18:44:32.737000,7563750.0,CT0015600,West Haven,Racial Profile,1000700,2500027236,Incident ID,2025-06-13 00:00:00,June,W,H,M,28,True,True,West Haven,Saw Mill Road,  ,  ,V,G,2.0,1,14-147(c),,True,I,False,True,M,,,,,False,1.0,CT0015600,133970930676344480,2025-06-13 09:00:45.253000,09:00:45.253000,2025,38a-371,,Administrative Offense,2025
2025-07-15 18:44:32.577000,7563699.0,CT0015600,West Haven,Racial Profile,1000637,2500027346,Incident ID,2025-06-13 00:00:00,June,W,H,M,19,True,False,West Haven,kelsey ave,  ,  ,V,G,1.0,1,14-299,,False,N,False,True,W,,,,,False,1.0,CT0015600,133970930676344480,2025-06-13 20:59:05.197000,20:59:05.197000,2025,,,Traffic Control Signal,2025
2025-07-15 18:44:32.050000,7563529.0,CT0015600,West Haven,Racial Profile,1162,2500027252,Incident ID,2025-06-13 00:00:00,June,W,N,M,62,False,False,West Haven,saw mill/york,  ,  ,V,G,1.0,0,14-299,,False,N,False,False,V,,,,,False,1.0,CT0015600,133970930676344480,2025-06-13 10:03:24.117000,10:03:24.117000,2025,,,Traffic Control Signal,2025
2025-07-15 18:44:32.673000,7563728.0,CT0015600,West Haven,Racial Profile,1000675,2500027344,Incident ID,2025-06-13 00:00:00,June,W,N,M,32,True,False,West Haven,Campbell/Elm,  ,  ,V,G,1.0,0,14-96a(a),,False,N,False,False,V,,,,,False,1.0,CT0015600,133970930676344480,2025-06-13 20:49:29.267000,20:49:29.267000,2025,,,Defective Lights,2025
2025-07-15 18:44:32.123000,7563558.0,CT0015600,West Haven,Racial Profile,1000333,2500027266,Incident ID,2025-06-13 00:00:00,June,W,M,M,68,True,False,West Haven,Saw Mill Rd & Greta St.,  ,  ,V,G,1.0,0,14-299,,True,N,False,False,W,,,,,False,1.0,CT0015600,133970930676344480,2025-06-13 11:48:24.633000,11:48:24.633000,2025,,,Traffic Control Signal,2025
2025-07-15 18:44:32.340000,7563637.0,CT0015600,West Haven,Racial Profile,1000602,2500027338,Incident ID,2025-06-13 00:00:00,June,W,H,M,24,True,True,West Haven,washington ave,  ,  ,V,G,2.0,1,14-147(c),,True,I,False,False,M,,,,,False,1.0,CT0015600,133970930676344480,2025-06-13 20:06:59.503000,20:06:59.503000,2025,38a-371,,Administrative Offense,2025
2025-07-15 18:44:32.633000,7563712.0,CT0015600,West Haven,Racial Profile,1000662,2500027239,Incident ID,2025-06-13 00:00:00,June,B,N,M,39,True,True,West Haven,Boston Post Road / Farwell Street,  ,  ,V,G,1.0,0,14-299,,False,N,False,False,V,,,,,False,1.0,CT0015600,133970930676344480,2025-06-13 09:07:36.310000,09:07:36.310000,2025,14-299,,Traffic Control Signal,2025
2025-07-15 18:44:32.347000,7563639.0,CT0015600,West Haven,Racial Profile,1000602,2500027492,Incident ID,2025-06-14 00:00:00,June,W,H,M,34,True,True,WEST HAVEN,main st,  ,  ,V,G,1.0,0,14-147(c),,False,N,False,False,V,,,,,False,1.0,CT0015600,133970930676344480,2025-06-14 19:52:01.267000,19:52:01.267000,2025,,,Administrative Offense,2025
2025-07-15 18:44:32.347000,7563640.0,CT0015600,West Haven,Racial Profile,1000602,2500027499,Incident ID,2025-06-14 00:00:00,June,B,N,M,36,True,False,WEST HAVEN,first avenue,  ,  ,V,G,3.0,1,14-215(a),,True,I,True,True,U,,,,,False,1.0,CT0015600,133970930676344480,2025-06-14 20:28:44.130000,20:28:44.130000,2025,21a-278(a)+,,Administrative Offense,2025
2025-07-15 18:44:32.613000,7563705.0,CT0015600,West Haven,Racial Profile,1000658,2500027479,Incident ID,2025-06-14 00:00:00,June,W,H,M,37,True,True,WEST HAVEN,first ave,  ,  ,E,G,2.0,1,14-96b,,True,I,False,False,I,,,,,False,1.0,CT0015600,133970930676344480,2025-06-14 18:44:05.577000,18:44:05.577000,2025,14-12(a)*,,Defective Lights,2025
2025-07-15 18:44:32.187000,7563581.0,CT0015600,West Haven,Racial Profile,1000468,2500027561,Incident ID,2025-06-15 00:00:00,June,W,H,F,44,True,False,West Haven,Boston Post Road/Taft Avenue,  ,  ,V,B,1.0,0,14-96a(a),,False,N,False,False,V,,,,,False,1.0,CT0015600,133970930676344480,2025-06-15 02:00:01.697000,02:00:01.697000,2025,14-96a(a),,Defective Lights,2025
2025-07-15 18:44:32.070000,7563537.0,CT0015600,West Haven,Racial Profile,1232,2500027662,Incident ID,2025-06-15 00:00:00,June,W,H,M,57,True,True,West Haven,SAWMILL/HOOD,  ,  ,V,G,1.0,0,14-18(a),,False,N,False,False,V,,,,,False,1.0,CT0015600,133970930676344480,2025-06-15 18:52:46.247000,18:52:46.247000,2025,,,Display of Plates,2025
2025-07-15 18:44:32.090000,7563546.0,CT0015600,West Haven,Racial Profile,1000331,2500027648,Incident ID,2025-06-15 00:00:00,June,W,H,F,20,True,True,West Haven,Capt Thomas X Platt,  ,  ,V,G,1.0,0,14-219,,False,N,False,False,V,,,,,False,1.0,CT0015600,133970930676344480,2025-06-15 17:05:57.463000,17:05:57.463000,2025,,,Speed Related,2025
2025-07-15 18:44:32.093000,7563547.0,CT0015600,West Haven,Racial Profile,1000331,2500027658,Incident ID,2025-06-15 00:00:00,June,W,N,F,78,True,False,West Haven,Capt Thomas X Kelsey Ave,  ,  ,V,G,1.0,0,14-236,,False,N,False,False,V,,,,,False,1.0,CT0015600,133970930676344480,2025-06-15 18:17:19.920000,18:17:19.920000,2025,,,Moving Violation,2025
2025-07-15 18:44:32.637000,7563713.0,CT0015600,West Haven,Racial Profile,1000662,2500027573,Incident ID,2025-06-15 00:00:00,June,W,H,M,31,True,True,West Haven,Campbell Ave. / Blohm Street,  ,  ,V,G,1.0,0,14-299,,False,N,False,False,V,,,,,False,1.0,CT0015600,133970930676344480,2025-06-15 03:36:54.073000,03:36:54.073000,2025,14-299,,Traffic Control Signal,2025
2025-07-15 18:44:32.130000,7563560.0,CT0015600,West Haven,Racial Profile,1000333,2500027751,Incident ID,2025-06-16 00:00:00,June,W,H,M,26,True,False,West Haven,Richards & North Union,  ,  ,V,G,1.0,0,14-301,,False,N,False,False,V,,,,,False,1.0,CT0015600,133970930676344480,2025-06-16 10:41:37.467000,10:41:37.467000,2025,,,Stop Sign,2025
2025-07-15 18:44:32.127000,7563559.0,CT0015600,West Haven,Racial Profile,1000333,2500027733,Incident ID,2025-06-16 00:00:00,June,B,N,M,73,True,True,West Haven,ruden & zegmont,  ,  ,V,G,1.0,0,14-301,,False,N,False,False,V,,,,,False,1.0,CT0015600,133970930676344480,2025-06-16 08:58:05.910000,08:58:05.910000,2025,,,Stop Sign,2025
2025-07-15 18:44:32.543000,7563693.0,CT0015600,West Haven,Racial Profile,1000636,2500027855,Incident ID,2025-06-17 00:00:00,June,W,N,M,25,True,True,WEST HAVEN,campbell/ west spring,  ,  ,I,G,1.0,0,14-12(a),,False,N,False,False,V,,,,,False,1.0,CT0015600,133970930676344480,2025-06-17 00:54:31.670000,00:54:31.670000,2025,,,Registration,2025
2025-07-15 18:44:32.170000,7563574.0,CT0015600,West Haven,Racial Profile,1000465,2500027862,Incident ID,2025-06-17 00:00:00,June,W,N,M,40,True,False,WEST HAVEN,Post Rd / Town Line,  ,  ,V,G,1.0,0,14-299,,False,N,False,False,V,,,,,False,1.0,CT0015600,133970930676344480,2025-06-17 02:02:12.890000,02:02:12.890000,2025,14-218a,,Traffic Control Signal,2025
2025-07-15 18:44:32.483000,7563675.0,CT0015600,West Haven,Racial Profile,1000625,2500027918,Incident ID,2025-06-17 00:00:00,June,B,N,M,21,True,True,West Haven,morgan ln/saw mill rd,  ,  ,V,G,1.0,0,14-301,,False,N,False,False,V,,,,,False,1.0,CT0015600,133970930676344480,2025-06-17 13:12:22.563000,13:12:22.563000,2025,,,Stop Sign,2025
2025-07-15 18:44:32.207000,7563585.0,CT0015600,West Haven,Racial Profile,1000539,2500027913,Incident ID,2025-06-17 00:00:00,June,W,N,M,40,True,False,WEST HAVEN,sawmill/elm,  ,  ,V,G,1.0,0,14-18(a),,True,N,False,False,V,,,,,False,1.0,CT0015600,133970930676344480,2025-06-17 12:10:12.560000,12:10:12.560000,2025,,,Display of Plates,2025
2025-07-15 18:44:32.480000,7563674.0,CT0015600,West Haven,Racial Profile,1000625,2500027857,Incident ID,2025-06-17 00:00:00,June,W,H,M,42,True,True,WEST HAVEN,Derby Avenue,  ,  ,V,B,1.0,0,14-12(a)*,,False,N,False,False,V,,,,,False,1.0,CT0015600,133970930676344480,2025-06-17 01:08:46.637000,01:08:46.637000,2025,,,Registration,2025
2025-07-15 18:44:32.037000,7563524.0,CT0015600,West Haven,Racial Profile,1159,2500027973,Incident ID,2025-06-17 00:00:00,June,W,N,M,35,True,False,West Haven,beach/second,  ,  ,V,B,1.0,0,14-301,,False,N,False,False,V,,,,,False,1.0,CT0015600,133970930676344480,2025-06-17 20:03:41.143000,20:03:41.143000,2025,,,Stop Sign,2025
2025-07-15 18:44:32.050000,7563530.0,CT0015600,West Haven,Racial Profile,1162,2500027919,Incident ID,2025-06-17 00:00:00,June,W,N,F,27,True,True,West Haven,saw mill/hood,  ,  ,V,G,1.0,0,14-299,,False,N,False,False,V,,,,,False,1.0,CT0015600,133970930676344480,2025-06-17 13:14:57.397000,13:14:57.397000,2025,,,Traffic Control Signal,2025
2025-07-15 18:44:32.190000,7563582.0,CT0015600,West Haven,Racial Profile,1000468,2500027854,Incident ID,2025-06-17 00:00:00,June,B,N,M,22,True,True,West Haven,Campbell Avenue/Smith Court,  ,  ,V,B,1.0,0,14-299,,False,N,False,False,I,,,,,False,1.0,CT0015600,133970930676344480,2025-06-17 00:49:36.170000,00:49:36.170000,2025,14-299,,Traffic Control Signal,2025
2025-07-15 18:44:32.140000,7563562.0,CT0015600,West Haven,Racial Profile,1000333,2500028081,Incident ID,2025-06-18 00:00:00,June,W,N,M,20,True,True,West Haven,Ruden & Zegmont,  ,  ,V,G,1.0,0,14-301,,False,N,False,False,W,,,,,False,1.0,CT0015600,133970930676344480,2025-06-18 10:15:18.537000,10:15:18.537000,2025,,,Stop Sign,2025
2025-07-15 18:44:32.210000,7563586.0,CT0015600,West Haven,Racial Profile,1000539,2500028093,Incident ID,2025-06-18 00:00:00,June,W,H,M,59,True,True,West Haven,elm/wagner,  ,  ,I,G,2.0,1,14-215,,False,N,False,True,M,,,,,False,1.0,CT0015600,133970930676344480,2025-06-18 11:59:40.287000,11:59:40.287000,2025,,,Administrative Offense,2025
2025-07-15 18:44:32.300000,7563624.0,CT0015600,West Haven,Racial Profile,1000582,2500028028,Incident ID,2025-06-18 00:00:00,June,W,N,M,35,True,False,West Haven,Campbell Ave/ wharton st ,  ,  ,V,G,2.0,0,14-147c,,False,N,False,False,V,,,,,False,1.0,CT0015600,133970930676344480,2025-06-18 01:24:07.090000,01:24:07.090000,2025,14-147c,,Administrative Offense,2025
2025-07-15 18:44:32.133000,7563561.0,CT0015600,West Haven,Racial Profile,1000333,2500028079,Incident ID,2025-06-18 00:00:00,June,B,N,F,40,True,True,West Haven,Campbell Ave & Spring St.,  ,  ,V,G,1.0,0,14-299,,False,N,False,False,V,,,,,False,1.0,CT0015600,133970930676344480,2025-06-18 10:00:50.907000,10:00:50.907000,2025,,,Traffic Control Signal,2025
2025-07-15 18:44:32.410000,7563649.0,CT0015600,West Haven,Racial Profile,1000614,2500028155,Incident ID,2025-06-18 00:00:00,June,W,N,M,43,True,False,West Haven,main st/first ave,  ,  ,V,G,1.0,0,14-301,,False,N,False,False,V,,,,,False,1.0,CT0015600,133970930676344480,2025-06-18 21:57:40.657000,21:57:40.657000,2025,,,Stop Sign,2025
2025-07-15 18:44:32.093000,7563548.0,CT0015600,West Haven,Racial Profile,1000331,2500028212,Incident ID,2025-06-19 00:00:00,June,B,N,F,44,True,True,WEST HAVEN,Saw Mill Road X Hillcrest Ave,  ,  ,V,G,1.0,0,14-299,,False,N,False,False,V,,,,,False,1.0,CT0015600,133970930676344480,2025-06-19 08:09:16.043000,08:09:16.043000,2025,,,Traffic Control Signal,2025
2025-07-15 18:44:32.210000,7563587.0,CT0015600,West Haven,Racial Profile,1000539,2500028268,Incident ID,2025-06-19 00:00:00,June,W,N,F,47,True,False,West Haven,forest/orange,  ,  ,V,G,2.0,1,14-296aa(b),,False,N,False,True,M,,,,,False,1.0,CT0015600,133970930676344480,2025-06-19 14:35:01.237000,14:35:01.237000,2025,38a-371,,Cell Phone,2025
2025-07-15 18:44:32.310000,7563627.0,CT0015600,West Haven,Racial Profile,1000582,2500028189,Incident ID,2025-06-19 00:00:00,June,W,N,M,38,True,True,West Haven,Boston Post rd/ Campbell Avenue,  ,  ,E,G,1.0,0,14-96c,,False,N,False,False,V,,,,,False,1.0,CT0015600,133970930676344480,2025-06-19 02:37:07.050000,02:37:07.050000,2025,14-96c,,Defective Lights,2025
2025-07-15 18:44:32.143000,7563563.0,CT0015600,West Haven,Racial Profile,1000333,2500028229,Incident ID,2025-06-19 00:00:00,June,B,N,M,45,True,False,West Haven,ruden & zegmont,  ,  ,V,G,1.0,0,14-301,,False,N,False,False,V,,,,,False,1.0,CT0015600,133970930676344480,2025-06-19 09:21:07.497000,09:21:07.497000,2025,,,Stop Sign,2025
2025-07-15 18:44:32.150000,7563565.0,CT0015600,West Haven,Racial Profile,1000333,2500028239,Incident ID,2025-06-19 00:00:00,June,W,N,F,21,True,True,West Haven,Ocean & Prospect,  ,  ,V,G,1.0,0,14-301,,False,N,False,False,V,,,,,False,1.0,CT0015600,133970930676344480,2025-06-19 10:12:59.897000,10:12:59.897000,2025,,,Stop Sign,2025
2025-07-15 18:44:32.153000,7563567.0,CT0015600,West Haven,Racial Profile,1000333,2500028259,Incident ID,2025-06-19 00:00:00,June,W,N,M,19,True,True,West Haven,Benham Hill Rd & Mount Pleasant Rd.,  ,  ,V,G,1.0,0,14-218a,,False,N,False,False,W,,,,,False,1.0,CT0015600,133970930676344480,2025-06-19 13:44:48.580000,13:44:48.580000,2025,,,Speed Related,2025
2025-07-15 18:44:32.257000,7563605.0,CT0015600,West Haven,Racial Profile,1000549,2500028185,Incident ID,2025-06-19 00:00:00,June,W,H,F,22,True,False,West Haven,forest / westfield,  ,  ,V,G,1.0,0,14-218,,False,N,False,False,V,,,,,False,1.0,CT0015600,133970930676344480,2025-06-19 01:47:25.250000,01:47:25.250000,2025,,,Speed Related,2025
2025-07-15 18:44:32.307000,7563626.0,CT0015600,West Haven,Racial Profile,1000582,2500028187,Incident ID,2025-06-19 00:00:00,June,B,N,M,34,True,False,WEST HAVEN,Boston post/ boulivard,  ,  ,V,G,1.0,0,14-299,,False,N,False,False,V,,,,,False,1.0,CT0015600,133970930676344480,2025-06-19 02:16:17.120000,02:16:17.120000,2025,14-299,,Traffic Control Signal,2025
2025-07-15 18:44:32.617000,7563706.0,CT0015600,West Haven,Racial Profile,1000658,2500028199,Incident ID,2025-06-19 00:00:00,June,W,H,M,27,True,True,West Haven,FIRST AVE,  ,  ,V,G,2.0,1,14-12(a)*,,True,I,False,False,V,,,,,False,1.0,CT0015600,133970930676344480,2025-06-19 04:27:29.863000,04:27:29.863000,2025,,,Registration,2025
2025-07-15 18:44:32.147000,7563564.0,CT0015600,West Haven,Racial Profile,1000333,2500028237,Incident ID,2025-06-19 00:00:00,June,W,H,M,86,True,True,West Haven,Ocean & Prospect,  ,  ,V,G,1.0,0,14-301,,False,N,False,False,V,,,,,False,1.0,CT0015600,133970930676344480,2025-06-19 09:59:50.033000,09:59:50.033000,2025,,,Stop Sign,2025
2025-07-15 18:44:32.500000,7563680.0,CT0015600,West Haven,Racial Profile,1000626,2500028222,Incident ID,2025-06-19 00:00:00,June,B,N,F,31,True,False,WEST HAVEN,460 Elm Street,  ,  ,V,G,1.0,1,14-147(c),,False,N,False,True,M,,,,,False,1.0,CT0015600,133970930676344480,2025-06-19 08:49:13.197000,08:49:13.197000,2025,14-215(b(2(B),,Administrative Offense,2025
2025-07-15 18:44:32.253000,7563604.0,CT0015600,West Haven,Racial Profile,1000549,2500028184,Incident ID,2025-06-19 00:00:00,June,W,N,F,38,False,False,West Haven,forest / derby,  ,  ,V,G,1.0,0,14-218,,False,N,False,False,V,,,,,False,1.0,CT0015600,133970930676344480,2025-06-19 01:27:24.870000,01:27:24.870000,2025,,,Speed Related,2025
2025-07-15 18:44:32.260000,7563606.0,CT0015600,West Haven,Racial Profile,1000549,2500028188,Incident ID,2025-06-19 00:00:00,June,W,H,M,3,True,True,WEST HAVEN,boston post / gilbert,  ,  ,V,G,1.0,0,14-299,,False,N,False,False,V,,,,,False,1.0,CT0015600,133970930676344480,2025-06-19 02:29:05.857000,02:29:05.857000,2025,,,Traffic Control Signal,2025
2025-07-15 18:44:32.263000,7563608.0,CT0015600,West Haven,Racial Profile,1000549,2500028200,Incident ID,2025-06-19 00:00:00,June,W,H,M,39,True,True,West Haven,first / baggot,  ,  ,V,G,1.0,0,14-240(a,,False,N,False,False,V,,,,,False,1.0,CT0015600,133970930676344480,2025-06-19 04:35:12.417000,04:35:12.417000,2025,,,Moving Violation,2025
2025-07-15 18:44:32.647000,7563717.0,CT0015600,West Haven,Racial Profile,1000666,2500028293,Incident ID,2025-06-19 00:00:00,June,B,N,F,31,True,False,WEST HAVEN,Boston Post Road,  ,  ,I,G,2.0,1,14-12(a)*,,False,N,False,False,V,,,,,False,1.0,CT0015600,133970930676344480,2025-06-19 18:19:09.353000,18:19:09.353000,2025,14-12(a)*,,Registration,2025
2025-07-15 18:44:32.593000,7563700.0,CT0015600,West Haven,Racial Profile,1000637,2500028301,Incident ID,2025-06-19 00:00:00,June,W,N,F,59,True,False,West Haven,kelsey ave,  ,  ,V,G,1.0,0,14-299,,False,N,False,False,V,,,,,False,1.0,CT0015600,133970930676344480,2025-06-19 20:31:31.367000,20:31:31.367000,2025,,,Traffic Control Signal,2025
2025-07-15 18:44:32.657000,7563721.0,CT0015600,West Haven,Racial Profile,1000673,2500028173,Incident ID,2025-06-19 00:00:00,June,B,N,M,30,True,False,West Haven,Campbell Ave,  ,  ,E,G,1.0,0,14-96a,,False,N,False,False,V,,,,,False,1.0,CT0015600,133970930676344480,2025-06-19 00:38:51.020000,00:38:51.020000,2025,,,Defective Lights,2025
2025-07-15 18:44:32.717000,7563742.0,CT0015600,West Haven,Racial Profile,1000698,2500028238,Incident ID,2025-06-19 00:00:00,June,B,N,M,28,True,True,West Haven,Elm St/ Washington Ave,  ,  ,V,B,1.0,0,14-12(a),,False,N,False,False,V,,,,,False,1.0,CT0015600,133970930676344480,2025-06-19 10:05:02.237000,10:05:02.237000,2025,14-12(a),,Registration,2025
2025-07-15 18:44:32.153000,7563566.0,CT0015600,West Haven,Racial Profile,1000333,2500028257,Incident ID,2025-06-19 00:00:00,June,W,N,F,54,True,True,West Haven,Benham Hill Rd & Mount Pleasant Rd.,  ,  ,V,G,1.0,0,14-218a,,False,N,False,False,W,,,,,False,1.0,CT0015600,133970930676344480,2025-06-19 13:33:30.100000,13:33:30.100000,2025,,,Speed Related,2025
2025-07-15 18:44:32.260000,7563607.0,CT0015600,West Haven,Racial Profile,1000549,2500028196,Incident ID,2025-06-19 00:00:00,June,W,H,M,42,True,True,West Haven,highland stevens,  ,  ,I,G,1.0,0,investigatory,,False,N,False,False,N,,,,,False,1.0,CT0015600,133970930676344480,2025-06-19 03:56:18.917000,03:56:18.917000,2025,,,Other,2025
2025-07-15 18:44:32.303000,7563625.0,CT0015600,West Haven,Racial Profile,1000582,2500028183,Incident ID,2025-06-19 00:00:00,June,B,N,F,51,True,False,West Haven,First/ lamson,  ,  ,V,G,1.0,0,14-147c,,False,N,False,False,V,,,,,False,1.0,CT0015600,133970930676344480,2025-06-19 01:16:36.817000,01:16:36.817000,2025,14-147c,,Administrative Offense,2025
2025-07-15 18:44:32.177000,7563577.0,CT0015600,West Haven,Racial Profile,1000465,2500028386,Incident ID,2025-06-20 00:00:00,June,W,H,M,60,True,True,West Haven,Captain Thomas / Platt,  ,  ,V,G,1.0,0,14-215(a),,False,N,False,False,V,,,,,False,1.0,CT0015600,133970930676344480,2025-06-20 11:01:22.010000,11:01:22.010000,2025,38a-371,,Administrative Offense,2025
2025-07-15 18:44:32.350000,7563641.0,CT0015600,West Haven,Racial Profile,1000602,2500028385,Incident ID,2025-06-20 00:00:00,June,W,N,M,61,True,True,West Haven,oak street,  ,  ,V,G,1.0,0,14-147(c),,False,N,False,False,V,,,,,False,1.0,CT0015600,133970930676344480,2025-06-20 10:48:47.770000,10:48:47.770000,2025,,,Administrative Offense,2025
2025-07-15 18:44:32.357000,7563643.0,CT0015600,West Haven,Racial Profile,1000602,2500028396,Incident ID,2025-06-20 00:00:00,June,B,N,M,18,True,True,West Haven,prospect bst,  ,  ,V,G,2.0,1,14-147(c),,True,I,False,False,I,,,,,False,1.0,CT0015600,133970930676344480,2025-06-20 11:53:09.420000,11:53:09.420000,2025,,,Administrative Offense,2025
2025-07-15 18:44:32.173000,7563575.0,CT0015600,West Haven,Racial Profile,1000465,2500028377,Incident ID,2025-06-20 00:00:00,June,W,N,M,60,True,False,West Haven,Captain Thomas / Washington,  ,  ,V,G,1.0,0,14-12(a)*,,False,N,False,False,V,,,,,False,1.0,CT0015600,133970930676344480,2025-06-20 09:32:54.490000,09:32:54.490000,2025,,,Registration,2025
2025-07-15 18:44:32.177000,7563576.0,CT0015600,West Haven,Racial Profile,1000465,2500028384,Incident ID,2025-06-20 00:00:00,June,W,N,F,65,True,True,West Haven,Captain Thomas / Acshuler,  ,  ,V,G,1.0,0,14-12(a)*,,False,N,False,False,V,,,,,False,1.0,CT0015600,133970930676344480,2025-06-20 10:21:25.240000,10:21:25.240000,2025,,,Registration,2025
2025-07-15 18:44:32.360000,7563644.0,CT0015600,West Haven,Racial Profile,1000602,2500028457,Incident ID,2025-06-20 00:00:00,June,W,H,M,32,True,True,WEST HAVEN,first ave,  ,  ,V,G,2.0,1,14-147(c),,True,I,True,False,M,,,,,False,1.0,CT0015600,133970930676344480,2025-06-20 20:06:36.323000,20:06:36.323000,2025,21a-279(a)(1),,Administrative Offense,2025
2025-07-15 18:44:32.460000,7563667.0,CT0015600,West Haven,Racial Profile,1000616,2500028464,Incident ID,2025-06-20 00:00:00,June,W,N,M,31,True,False,West Haven,Ocean ave,  ,  ,V,G,1.0,0,14-299,,False,N,False,False,V,,,,,False,1.0,CT0015600,133970930676344480,2025-06-20 20:32:36.790000,20:32:36.790000,2025,,,Traffic Control Signal,2025
2025-07-15 18:44:32.720000,7563743.0,CT0015600,West Haven,Racial Profile,1000698,2500028392,Incident ID,2025-06-20 00:00:00,June,W,H,M,45,True,False,West Haven,Washington Ave/ Park St,  ,  ,E,B,1.0,0,14-99g(g),,False,N,False,False,V,,,,,False,1.0,CT0015600,133970930676344480,2025-06-20 11:18:51.230000,11:18:51.230000,2025,,,Window Tint,2025
2025-07-15 18:44:32.720000,7563744.0,CT0015600,West Haven,Racial Profile,1000698,2500028404,Incident ID,2025-06-20 00:00:00,June,W,H,F,24,True,False,West Haven,Washington Ave/ Atwater St,  ,  ,E,B,1.0,0,14-18(c),,False,N,False,False,V,,,,,False,1.0,CT0015600,133970930676344480,2025-06-20 12:17:45.330000,12:17:45.330000,2025,,,Display of Plates,2025
2025-07-15 18:44:32.180000,7563578.0,CT0015600,West Haven,Racial Profile,1000465,2500028412,Incident ID,2025-06-20 00:00:00,June,W,N,M,30,False,False,West Haven,Ocean / Grove,  ,  ,V,G,1.0,0,14-301,,False,N,False,False,V,,,,,False,1.0,CT0015600,133970930676344480,2025-06-20 13:55:51.253000,13:55:51.253000,2025,,,Stop Sign,2025
2025-07-15 18:44:32.217000,7563588.0,CT0015600,West Haven,Racial Profile,1000539,2500028379,Incident ID,2025-06-20 00:00:00,June,W,N,F,60,True,False,West Haven,sawmill/allings,  ,  ,V,G,1.0,0,14-296aa(b),,False,N,False,False,V,,,,,False,1.0,CT0015600,133970930676344480,2025-06-20 09:51:45.137000,09:51:45.137000,2025,,,Cell Phone,2025
2025-07-15 18:44:32.217000,7563589.0,CT0015600,West Haven,Racial Profile,1000539,2500028409,Incident ID,2025-06-20 00:00:00,June,W,N,M,70,True,True,WEST HAVEN,bull hill/sawmill,  ,  ,E,G,1.0,1,14-96c,,True,I,False,True,V,,,,,False,1.0,CT0015600,133970930676344480,2025-06-20 13:36:28.207000,13:36:28.207000,2025,,,Defective Lights,2025
2025-07-15 18:44:32.353000,7563642.0,CT0015600,West Haven,Racial Profile,1000602,2500028391,Incident ID,2025-06-20 00:00:00,June,W,N,M,61,True,False,West Haven,platt ave,  ,  ,V,G,2.0,1,14-147(c),,True,I,False,False,M,,,,,False,1.0,CT0015600,133970930676344480,2025-06-20 11:18:19.287000,11:18:19.287000,2025,38a-371,,Administrative Offense,2025
2025-07-15 18:44:32.503000,7563681.0,CT0015600,West Haven,Racial Profile,1000626,2500028400,Incident ID,2025-06-20 00:00:00,June,B,N,F,73,True,False,West Haven,375 elm street,  ,  ,V,G,1.0,0,14-12(a)*,,False,N,False,False,V,,,,,False,1.0,CT0015600,133970930676344480,2025-06-20 12:08:12.263000,12:08:12.263000,2025,14-12(a)*,,Registration,2025
2025-07-15 18:44:32.687000,7563732.0,CT0015600,West Haven,Racial Profile,1000688,2500028339,Incident ID,2025-06-20 00:00:00,June,W,N,F,23,True,False,West Haven,first/ elm street,  ,  ,E,G,1.0,0,14-96a(a),,False,N,False,True,I,,,,,False,1.0,CT0015600,133970930676344480,2025-06-20 01:39:25.800000,01:39:25.800000,2025,14-12(a),,Defective Lights,2025
2025-07-15 18:44:32.077000,7563540.0,CT0015600,West Haven,Racial Profile,1000318,2500028641,Incident ID,2025-06-21 00:00:00,June,B,N,M,25,True,False,West Haven,Boston Post Rd /  Forest Rd,  ,  ,V,G,2.0,0,14-218(a),,False,N,False,False,I,,,,,False,1.0,CT0015600,133970930676344480,2025-06-21 22:48:13.153000,22:48:13.153000,2025,,,Speed Related,2025
2025-07-15 18:44:32.230000,7563595.0,CT0015600,West Haven,Racial Profile,1000546,2500028556,Incident ID,2025-06-21 00:00:00,June,W,N,M,49,True,True,West Haven,benham hill/jessie ,  ,  ,V,G,1.0,0,14-301,,True,N,False,False,V,,,,,False,1.0,CT0015600,133970930676344480,2025-06-21 09:33:40.387000,09:33:40.387000,2025,,,Stop Sign,2025
2025-07-15 18:44:32.230000,7563594.0,CT0015600,West Haven,Racial Profile,1000546,2500028554,Incident ID,2025-06-21 00:00:00,June,W,N,M,27,True,True,West Haven,benham hill/flaum,  ,  ,V,G,1.0,0,14-301,,True,N,False,False,V,,,,,False,1.0,CT0015600,133970930676344480,2025-06-21 09:12:19.297000,09:12:19.297000,2025,,,Stop Sign,2025
2025-07-15 18:44:32.030000,7563522.0,CT0015600,West Haven,Racial Profile,1155,2500028643,Incident ID,2025-06-21 00:00:00,June,W,N,M,55,True,True,WEST HAVEN,boston post r/ meloy rd,  ,  ,V,G,1.0,0,14-299,,False,N,False,False,V,,,,,False,1.0,CT0015600,133970930676344480,2025-06-21 23:10:08.120000,23:10:08.120000,2025,,,Traffic Control Signal,2025
2025-07-15 18:44:32.637000,7563714.0,CT0015600,West Haven,Racial Profile,1000662,2500028571,Incident ID,2025-06-21 00:00:00,June,B,N,F,21,True,True,West Haven,Boston Post Rd. / Admiral Street,  ,  ,V,G,1.0,0,14-147(a),,False,N,False,False,V,,,,,False,1.0,CT0015600,133970930676344480,2025-06-21 11:47:37.853000,11:47:37.853000,2025,14-147a,,Administrative Offense,2025
2025-07-15 18:44:32.033000,7563523.0,CT0015600,West Haven,Racial Profile,1155,2500028645,Incident ID,2025-06-21 00:00:00,June,B,N,M,58,True,True,West Haven,Boston Post Rd/ Campbell Ave,  ,  ,V,G,1.0,0,14-299,,False,N,False,False,V,,,,,False,1.0,CT0015600,133970930676344480,2025-06-21 23:20:12.283000,23:20:12.283000,2025,,,Traffic Control Signal,2025
2025-07-15 18:44:32.233000,7563596.0,CT0015600,West Haven,Racial Profile,1000546,2500028688,Incident ID,2025-06-22 00:00:00,June,W,N,F,41,True,True,West Haven,ivt st/ocean ave,  ,  ,V,G,1.0,0,14-301,,False,N,False,False,I,,,,,False,1.0,CT0015600,133970930676344480,2025-06-22 10:00:45.280000,10:00:45.280000,2025,,,Stop Sign,2025
2025-07-15 18:44:32.183000,7563579.0,CT0015600,West Haven,Racial Profile,1000465,2500028683,Incident ID,2025-06-22 00:00:00,June,B,N,M,40,True,False,West Haven,Post Road / Barbara,  ,  ,V,G,1.0,0,14-218a,,False,N,False,False,V,,,,,False,1.0,CT0015600,133970930676344480,2025-06-22 08:41:55.030000,08:41:55.030000,2025,,,Speed Related,2025
2025-07-15 18:44:32.377000,7563645.0,CT0015600,West Haven,Racial Profile,1000602,2500028692,Incident ID,2025-06-22 00:00:00,June,W,H,M,41,True,False,WEST HAVEN,boston post rd,  ,  ,V,G,2.0,1,14-147(c),,True,I,False,False,M,,,,,False,1.0,CT0015600,133970930676344480,2025-06-22 10:35:15.100000,10:35:15.100000,2025,38a-371,,Administrative Offense,2025
2025-07-15 18:44:32.193000,7563583.0,CT0015600,West Haven,Racial Profile,1000468,2500028780,Incident ID,2025-06-22 00:00:00,June,W,H,M,17,True,False,West Haven,Boston Post Road/Marginal Drive,  ,  ,V,B,2.0,1,14-147(c),,False,N,False,False,M,,,,,False,1.0,CT0015600,133970930676344480,2025-06-22 23:43:39.827000,23:43:39.827000,2025,14-147(c),,Administrative Offense,2025
2025-07-15 18:44:32.507000,7563682.0,CT0015600,West Haven,Racial Profile,1000626,2500028685,Incident ID,2025-06-22 00:00:00,June,W,H,M,47,True,False,West Haven,Saw Mill Road,  ,  ,V,G,1.0,0,14-314,,False,N,False,False,V,,,,,False,1.0,CT0015600,133970930676344480,2025-06-22 09:10:02.043000,09:10:02.043000,2025,14-314,,Other,2025
2025-07-15 18:44:32.510000,7563683.0,CT0015600,West Haven,Racial Profile,1000626,2500028706,Incident ID,2025-06-22 00:00:00,June,W,H,M,20,True,False,WEST HAVEN,62 Elm Street,  ,  ,V,G,1.0,0,38a-371,,False,N,False,False,V,,,,,False,1.0,CT0015600,133970930676344480,2025-06-22 13:15:42.697000,13:15:42.697000,2025,38a-371,,Other,2025
2025-07-15 18:44:32.097000,7563549.0,CT0015600,West Haven,Racial Profile,1000331,2500028722,Incident ID,2025-06-22 00:00:00,June,W,N,F,75,True,False,West Haven,Ocean X South,  ,  ,V,G,1.0,0,14-299,,False,N,False,False,V,,,,,False,1.0,CT0015600,133970930676344480,2025-06-22 16:54:02.807000,16:54:02.807000,2025,,,Traffic Control Signal,2025
2025-07-15 18:44:32.100000,7563550.0,CT0015600,West Haven,Racial Profile,1000331,2500028749,Incident ID,2025-06-22 00:00:00,June,W,H,F,37,True,False,West Haven,Ocean X Prospect,  ,  ,V,G,1.0,0,14-301,,False,N,False,False,I,,,,,False,1.0,CT0015600,133970930676344480,2025-06-22 20:41:22.317000,20:41:22.317000,2025,,,Stop Sign,2025
2025-07-15 18:44:32.237000,7563597.0,CT0015600,West Haven,Racial Profile,1000546,2500028797,Incident ID,2025-06-23 00:00:00,June,B,N,M,37,True,False,West Haven,boston post rd/fairfax st,  ,  ,V,G,1.0,0,14-299,,False,N,False,False,V,,,,,False,1.0,CT0015600,133970930676344480,2025-06-23 00:21:49.800000,00:21:49.800000,2025,,,Traffic Control Signal,2025
2025-07-15 18:44:32.267000,7563609.0,CT0015600,West Haven,Racial Profile,1000549,2500028795,Incident ID,2025-06-23 00:00:00,June,W,H,F,24,True,False,West Haven,WASHINGTON / cENTER,  ,  ,V,G,1.0,0,14-301,,False,N,False,False,V,,,,,False,1.0,CT0015600,133970930676344480,2025-06-23 00:20:17.487000,00:20:17.487000,2025,,,Stop Sign,2025
2025-07-15 18:44:32.240000,7563599.0,CT0015600,West Haven,Racial Profile,1000548,2500028806,Incident ID,2025-06-23 00:00:00,June,B,N,F,27,True,True,WEST HAVEN,Boston Post Road,  ,  ,I,G,1.0,0,14-12(a),,False,N,False,False,V,,,,,False,1.0,CT0015600,133970930676344480,2025-06-23 01:07:01.330000,01:07:01.330000,2025,14-12(a),,Registration,2025
2025-07-15 18:44:32.550000,7563694.0,CT0015600,West Haven,Racial Profile,1000636,2500028790,Incident ID,2025-06-23 00:00:00,June,W,N,F,18,True,True,West Haven,campbell/ elm,  ,  ,I,G,1.0,0,14-12(a),,False,N,False,False,V,,,,,False,1.0,CT0015600,133970930676344480,2025-06-23 00:06:59.420000,00:06:59.420000,2025,,,Registration,2025
2025-07-15 18:44:32.740000,7563751.0,CT0015600,West Haven,Racial Profile,1000700,2500028872,Incident ID,2025-06-23 00:00:00,June,B,N,F,67,True,True,West Haven,Cambell Ave/Boston Post Road,  ,  ,V,G,1.0,0,14-296aa(b),,False,N,False,False,V,,,,,False,1.0,CT0015600,133970930676344480,2025-06-23 13:30:44.690000,13:30:44.690000,2025,14-296aa(b),,Cell Phone,2025
2025-07-15 18:44:32.053000,7563531.0,CT0015600,West Haven,Racial Profile,1162,2500028855,Incident ID,2025-06-23 00:00:00,June,W,N,M,49,True,False,West Haven,kelsey/circle,  ,  ,V,G,1.0,0,14-299,,False,N,False,False,V,,,,,False,1.0,CT0015600,133970930676344480,2025-06-23 11:25:16.700000,11:25:16.700000,2025,,,Traffic Control Signal,2025
2025-07-15 18:44:32.510000,7563684.0,CT0015600,West Haven,Racial Profile,1000626,2500028839,Incident ID,2025-06-23 00:00:00,June,W,N,M,67,True,False,West Haven,Saw Mill Road,  ,  ,V,G,1.0,0,14-314,,False,N,False,False,V,,,,,False,1.0,CT0015600,133970930676344480,2025-06-23 09:35:57.410000,09:35:57.410000,2025,14-314,,Other,2025
2025-07-15 18:44:32.723000,7563745.0,CT0015600,West Haven,Racial Profile,1000698,2500028842,Incident ID,2025-06-23 00:00:00,June,B,N,M,33,True,False,West Haven,Campbell Ave/ Brown St,  ,  ,V,B,1.0,0,14-12(a),,False,N,False,False,V,,,,,False,1.0,CT0015600,133970930676344480,2025-06-23 10:06:03.717000,10:06:03.717000,2025,,,Registration,2025
2025-07-15 18:44:32.057000,7563532.0,CT0015600,West Haven,Racial Profile,1162,2500028885,Incident ID,2025-06-23 00:00:00,June,B,N,F,67,True,True,WEST HAVEN,515 saw mill rd,  ,  ,V,G,1.0,0,14-299,,False,N,False,False,V,,,,,False,1.0,CT0015600,133970930676344480,2025-06-23 15:40:03.493000,15:40:03.493000,2025,,,Traffic Control Signal,2025
2025-07-15 18:44:32.240000,7563598.0,CT0015600,West Haven,Racial Profile,1000546,2500028942,Incident ID,2025-06-24 00:00:00,June,B,N,F,37,True,False,West Haven,Jones Hill Rd/ Morgan Lane,  ,  ,I,G,1.0,0,14-236,,False,N,False,False,N,,,,,False,1.0,CT0015600,133970930676344480,2025-06-24 00:00:27.433000,00:00:27.433000,2025,,,Moving Violation,2025
2025-07-15 18:44:32.730000,7563747.0,CT0015600,West Haven,Racial Profile,1000699,2500029037,Incident ID,2025-06-24 00:00:00,June,B,N,F,16,True,False,West Haven,brown/savin,  ,  ,I,G,2.0,0,14-100(a)(c)(1),,False,N,False,False,V,,,,,False,1.0,CT0015600,133970930676344480,2025-06-24 17:17:04.770000,17:17:04.770000,2025,14-100a(c)(1),,Seatbelt,2025
2025-07-15 18:44:32.730000,7563748.0,CT0015600,West Haven,Racial Profile,1000699,2500029085,Incident ID,2025-06-24 00:00:00,June,W,H,M,27,True,False,West Haven,Campbell/Main,  ,  ,I,G,1.0,0,14-196(b),,False,N,False,False,V,,,,,False,1.0,CT0015600,133970930676344480,2025-06-24 21:42:59.963000,21:42:59.963000,2025,14-196(b),,Other,2025
2025-07-15 18:44:32.550000,7563695.0,CT0015600,West Haven,Racial Profile,1000636,2500028955,Incident ID,2025-06-24 00:00:00,June,W,N,M,19,True,False,West Haven,campbell/ main,  ,  ,V,G,2.0,0,14-299,,False,N,False,False,I,,,,,False,1.0,CT0015600,133970930676344480,2025-06-24 01:45:25.140000,01:45:25.140000,2025,,,Traffic Control Signal,2025
2025-07-15 18:44:32.740000,7563752.0,CT0015600,West Haven,Racial Profile,1000700,2500028997,Incident ID,2025-06-24 00:00:00,June,W,N,M,57,True,False,West Haven,Elm St/ First Avenue.,  ,  ,I,G,1.0,0,14-147(c),,False,N,False,False,I,,,,,False,1.0,CT0015600,133970930676344480,2025-06-24 11:03:50.973000,11:03:50.973000,2025,14-41(c),,Administrative Offense,2025
2025-07-15 18:44:32.743000,7563753.0,CT0015600,West Haven,Racial Profile,1000700,2500028999,Incident ID,2025-06-24 00:00:00,June,W,H,M,34,False,False,WEST HAVEN,Spring St Auto parking lot,  ,  ,I,G,1.0,0,14-12(a),,False,N,False,False,W,,,,,False,1.0,CT0015600,133970930676344480,2025-06-24 11:47:19.373000,11:47:19.373000,2025,14-12(a),,Registration,2025
2025-07-15 18:44:32.220000,7563590.0,CT0015600,West Haven,Racial Profile,1000539,2500029047,Incident ID,2025-06-24 00:00:00,June,W,N,M,51,True,True,West Haven,ocean/dawson,  ,  ,V,G,1.0,0,14-296aa(b),,False,N,False,False,V,,,,,False,1.0,CT0015600,133970930676344480,2025-06-24 18:16:55.423000,18:16:55.423000,2025,,,Cell Phone,2025
2025-07-15 18:44:32.390000,7563646.0,CT0015600,West Haven,Racial Profile,1000602,2500029077,Incident ID,2025-06-24 00:00:00,June,B,N,M,32,True,True,West Haven,terrace ave,  ,  ,V,G,1.0,0,14-147(a),,False,N,False,False,V,,,,,False,1.0,CT0015600,133970930676344480,2025-06-24 21:04:30.990000,21:04:30.990000,2025,,,Administrative Offense,2025
2025-07-15 18:44:32.430000,7563656.0,CT0015600,West Haven,Racial Profile,1000615,2500028993,Incident ID,2025-06-24 00:00:00,June,B,M,F,52,True,False,WEST HAVEN,56 Boston Post Rd ,  ,  ,E,G,1.0,0,14-18(c),,False,N,False,False,V,,,,,False,1.0,CT0015600,133970930676344480,2025-06-24 10:11:11.313000,10:11:11.313000,2025,14-18(c),,Display of Plates,2025
2025-07-15 18:44:32.223000,7563591.0,CT0015600,West Haven,Racial Profile,1000539,2500029164,Incident ID,2025-06-25 00:00:00,June,W,M,M,34,True,True,WEST HAVEN,elm/wagner,  ,  ,V,G,1.0,0,14-296aa(b),,False,N,False,False,V,,,,,False,1.0,CT0015600,133970930676344480,2025-06-25 09:11:08.253000,09:11:08.253000,2025,,,Cell Phone,2025
2025-07-15 18:44:32.223000,7563592.0,CT0015600,West Haven,Racial Profile,1000539,2500029171,Incident ID,2025-06-25 00:00:00,June,W,H,M,48,True,False,West Haven,saw mill/greta,  ,  ,V,G,1.0,0,14-299,,False,N,False,False,I,,,,,False,1.0,CT0015600,133970930676344480,2025-06-25 10:12:25.817000,10:12:25.817000,2025,,,Traffic Control Signal,2025
2025-07-15 18:44:32.247000,7563601.0,CT0015600,West Haven,Racial Profile,1000548,2500029117,Incident ID,2025-06-25 00:00:00,June,B,M,F,50,True,False,West Haven,Campbell Avenue/York Street,  ,  ,V,G,1.0,0,14-236,,False,N,False,False,N,,,,,False,1.0,CT0015600,133970930676344480,2025-06-25 01:06:36.720000,01:06:36.720000,2025,38-327(d),,Moving Violation,2025
2025-07-15 18:44:32.487000,7563676.0,CT0015600,West Haven,Racial Profile,1000625,2500029119,Incident ID,2025-06-25 00:00:00,June,W,H,F,24,True,False,WEST HAVEN,west spring street,  ,  ,E,G,1.0,0,14-96a(a),,False,N,False,False,V,,,,,False,1.0,CT0015600,133970930676344480,2025-06-25 01:25:09.403000,01:25:09.403000,2025,14-96a(a),,Defective Lights,2025
2025-07-15 18:44:32.553000,7563696.0,CT0015600,West Haven,Racial Profile,1000636,2500029114,Incident ID,2025-06-25 00:00:00,June,B,N,M,29,True,False,West Haven,WASHINGTON/ RICHARDS,  ,  ,I,G,3.0,1,38A-371,,False,N,False,True,U,,,,,False,1.0,CT0015600,133970930676344480,2025-06-25 00:52:40.787000,00:52:40.787000,2025,,,Other,2025
2025-07-15 18:44:32.243000,7563600.0,CT0015600,West Haven,Racial Profile,1000548,2500029115,Incident ID,2025-06-25 00:00:00,June,W,N,M,27,True,False,West Haven,Boston Post Road/Admiral Street,  ,  ,E,G,1.0,0,14-96a(a),,False,N,False,False,V,,,,,False,1.0,CT0015600,133970930676344480,2025-06-25 00:55:25.597000,00:55:25.597000,2025,14-96a(a),,Defective Lights,2025
2025-07-15 18:44:32.430000,7563657.0,CT0015600,West Haven,Racial Profile,1000615,2500029162,Incident ID,2025-06-25 00:00:00,June,W,H,F,25,True,False,West Haven,Main/ Candee ,  ,  ,V,G,1.0,0,14-18(c),,False,N,False,False,V,,,,,False,1.0,CT0015600,133970930676344480,2025-06-25 08:57:15.737000,08:57:15.737000,2025,14-18(c),,Display of Plates,2025
2025-07-15 18:44:32.433000,7563658.0,CT0015600,West Haven,Racial Profile,1000615,2500029169,Incident ID,2025-06-25 00:00:00,June,W,H,M,34,True,True,WEST HAVEN,545 Campbell Avenue ,  ,  ,V,G,1.0,0,14-12(a)*,,False,N,False,False,V,,,,,False,1.0,CT0015600,133970930676344480,2025-06-25 09:53:56.953000,09:53:56.953000,2025,14-12(a)*,,Registration,2025
2025-07-15 18:44:32.280000,7563615.0,CT0015600,West Haven,Racial Profile,1000569,2500029425,Incident ID,2025-06-26 00:00:00,June,W,H,M,18,True,True,WEST HAVEN,Dana Street And First Avenue,  ,  ,V,G,2.0,0,14-243(a),,False,N,False,False,I,,,,,False,1.0,CT0015600,133970930676344480,2025-06-26 21:08:50.403000,21:08:50.403000,2025,14-36(a),,Moving Violation,2025
2025-07-15 18:44:32.727000,7563746.0,CT0015600,West Haven,Racial Profile,1000698,2500029345,Incident ID,2025-06-26 00:00:00,June,W,N,M,23,True,True,West Haven,Campbell Ave/ Elm St,  ,  ,E,B,1.0,0,14-99g(g),,False,N,False,False,V,,,,,False,1.0,CT0015600,133970930676344480,2025-06-26 10:23:58.043000,10:23:58.043000,2025,,,Window Tint,2025
2025-07-15 18:44:32.227000,7563593.0,CT0015600,West Haven,Racial Profile,1000539,2500029510,Incident ID,2025-06-27 00:00:00,June,W,N,M,21,True,True,West Haven,w. main/platt,  ,  ,V,G,1.0,0,14-296aa(b),,False,N,False,False,V,,,,,False,1.0,CT0015600,133970930676344480,2025-06-27 12:30:57.563000,12:30:57.563000,2025,,,Cell Phone,2025
2025-07-15 18:44:32.660000,7563722.0,CT0015600,West Haven,Racial Profile,1000673,2500029552,Incident ID,2025-06-27 00:00:00,June,B,N,M,29,True,False,WEST HAVEN,Elm St,  ,  ,V,G,1.0,0,14-299,,False,N,False,False,V,,,,,False,1.0,CT0015600,133970930676344480,2025-06-27 19:02:49.400000,19:02:49.400000,2025,,,Traffic Control Signal,2025
2025-07-15 18:44:32.403000,7563647.0,CT0015600,West Haven,Racial Profile,1000602,2500029555,Incident ID,2025-06-27 00:00:00,June,B,N,M,19,True,False,West Haven,clifton ave,  ,  ,V,G,2.0,1,14-147(c),,True,I,False,False,I,,,,,False,1.0,CT0015600,133970930676344480,2025-06-27 19:33:48.460000,19:33:48.460000,2025,38a-371,,Administrative Offense,2025
2025-07-15 18:44:32.617000,7563707.0,CT0015600,West Haven,Racial Profile,1000658,2500029539,Incident ID,2025-06-27 00:00:00,June,B,H,M,20,True,False,West Haven,elm st,  ,  ,E,G,1.0,0,14-18(c),,False,N,False,False,V,,,,,False,1.0,CT0015600,133970930676344480,2025-06-27 16:27:25.627000,16:27:25.627000,2025,,,Display of Plates,2025
2025-07-15 18:44:32.620000,7563708.0,CT0015600,West Haven,Racial Profile,1000658,2500029554,Incident ID,2025-06-27 00:00:00,June,W,H,F,21,True,False,West Haven,elm st,  ,  ,V,G,1.0,0,14-12(a)*,,False,N,False,False,V,,,,,False,1.0,CT0015600,133970930676344480,2025-06-27 19:13:02.377000,19:13:02.377000,2025,,,Registration,2025
2025-07-15 18:44:32.070000,7563538.0,CT0015600,West Haven,Racial Profile,1232,2500029656,Incident ID,2025-06-28 00:00:00,June,W,H,F,23,True,False,West Haven,BOSTON POST RD/ ROCKDALE,  ,  ,V,G,1.0,0,14-219,,False,N,False,False,V,,,,,False,1.0,CT0015600,133970930676344480,2025-06-28 12:04:22.023000,12:04:22.023000,2025,,,Speed Related,2025
2025-07-15 18:44:32.073000,7563539.0,CT0015600,West Haven,Racial Profile,1232,2500029731,Incident ID,2025-06-28 00:00:00,June,B,N,F,22,True,False,West Haven,JONESHILL/ MORGAN,  ,  ,V,G,1.0,0,14-218a,,False,N,False,False,V,,,,,False,1.0,CT0015600,133970930676344480,2025-06-28 21:18:45.727000,21:18:45.727000,2025,,,Speed Related,2025
2025-07-15 18:44:32.107000,7563552.0,CT0015600,West Haven,Racial Profile,1000331,2500029865,Incident ID,2025-06-29 00:00:00,June,W,N,M,46,True,False,WEST HAVEN,Ocean X South Street,  ,  ,V,G,2.0,1,14-219,,False,N,False,False,M,,,,,False,1.0,CT0015600,133970930676344480,2025-06-29 17:18:32.750000,17:18:32.750000,2025,38a-371,,Speed Related,2025
2025-07-15 18:44:32.103000,7563551.0,CT0015600,West Haven,Racial Profile,1000331,2500029829,Incident ID,2025-06-29 00:00:00,June,W,N,F,73,False,False,West Haven,IFO 350 Frontage Road,  ,  ,V,G,1.0,0,14-219,,False,N,False,False,W,,,,,False,1.0,CT0015600,133970930676344480,2025-06-29 12:33:02.683000,12:33:02.683000,2025,,,Speed Related,2025
2025-07-15 18:44:32.490000,7563677.0,CT0015600,West Haven,Racial Profile,1000625,2500029772,Incident ID,2025-06-29 00:00:00,June,B,N,M,48,True,False,West Haven,Boston Post Road/Tuthill Street,  ,  ,V,B,1.0,0,14-299,,False,N,False,False,V,,,,,False,1.0,CT0015600,133970930676344480,2025-06-29 00:56:03.893000,00:56:03.893000,2025,,,Traffic Control Signal,2025
2025-07-15 18:44:32.183000,7563580.0,CT0015600,West Haven,Racial Profile,1000465,2500029936,Incident ID,2025-06-30 00:00:00,June,B,N,M,55,True,True,West Haven,Boston Post Road / Orange Town Line,  ,  ,V,G,1.0,0,14-147(c),,False,N,False,False,V,,,,,False,1.0,CT0015600,133970930676344480,2025-06-30 01:31:42.730000,01:31:42.730000,2025,,,Administrative Offense,2025
2025-07-15 18:44:32.110000,7563553.0,CT0015600,West Haven,Racial Profile,1000331,2500029993,Incident ID,2025-06-30 00:00:00,June,W,H,M,54,True,False,West Haven,Saw Mill Road X I-95,  ,  ,V,G,1.0,0,14-296aa(b),,False,N,False,False,V,,,,,False,1.0,CT0015600,133970930676344480,2025-06-30 11:06:50.940000,11:06:50.940000,2025,,,Cell Phone,2025
2025-07-15 18:44:32.467000,7563670.0,CT0015600,West Haven,Racial Profile,1000620,2500030077,Incident ID,2025-06-30 00:00:00,June,W,N,M,68,True,False,West Haven,elm/washington,  ,  ,V,G,1.0,0,14-299,,False,N,False,False,V,,,,,False,1.0,CT0015600,133970930676344480,2025-06-30 20:04:22.493000,20:04:22.493000,2025,14-299,,Traffic Control Signal,2025
2025-07-15 18:44:32.640000,7563715.0,CT0015600,West Haven,Racial Profile,1000662,2500030065,Incident ID,2025-06-30 00:00:00,June,W,N,F,31,True,False,West Haven,Ocean Ave. / Seaview Ave.,  ,  ,V,G,1.0,0,14-299,,False,N,False,False,V,,,,,False,1.0,CT0015600,133970930676344480,2025-06-30 19:12:35.323000,19:12:35.323000,2025,14-299,,Traffic Control Signal,2025
2025-08-15 18:44:09.170000,7647715.0,CT0015600,West Haven,Racial Profile,1000549,2500030121,Incident ID,2025-07-01 00:00:00,July,B,M,F,45,True,True,West Haven,first / elm,  ,  ,V,G,1.0,0,14-301,,False,N,False,False,V,,,,,False,1.0,CT0015600,133997714433043371,2025-07-01 01:04:13.540000,01:04:13.540000,2025,,,Stop Sign,2025
2025-08-15 18:44:09.033000,7647682.0,CT0015600,West Haven,Racial Profile,1000465,2500030216,Incident ID,2025-07-01 00:00:00,July,W,H,M,41,True,True,West Haven,Platt Avenue / Usher Court,  ,  ,V,G,1.0,0,14-18(a),,False,N,False,False,I,,,,,False,1.0,CT0015600,133997714433043371,2025-07-01 16:45:45.673000,16:45:45.673000,2025,14-12(a)*,,Display of Plates,2025
2025-08-15 18:44:09.037000,7647683.0,CT0015600,West Haven,Racial Profile,1000465,2500030232,Incident ID,2025-07-01 00:00:00,July,W,N,F,60,True,True,WEST HAVEN,200 Captain Thomas Boulevard,  ,  ,V,G,1.0,0,14-12(a)*,,False,N,False,False,V,,,,,False,1.0,CT0015600,133997714433043371,2025-07-01 18:10:38.517000,18:10:38.517000,2025,,,Registration,2025
2025-08-15 18:44:09.030000,7647681.0,CT0015600,West Haven,Racial Profile,1000465,2500030125,Incident ID,2025-07-01 00:00:00,July,B,N,F,30,True,True,West Haven,Campbell / Wharton,  ,  ,V,G,1.0,0,14-12(a)*,,False,N,False,False,V,,,,,False,1.0,CT0015600,133997714433043371,2025-07-01 02:22:30.287000,02:22:30.287000,2025,,,Registration,2025
2025-08-15 18:44:08.960000,7647657.0,CT0015600,West Haven,Racial Profile,1000331,2500030354,Incident ID,2025-07-02 00:00:00,July,W,N,M,59,True,True,WEST HAVEN,Saw Mill Road X Hood Terrace,  ,  ,V,G,1.0,0,14-296aa(b),,False,N,False,False,I,,,,,False,1.0,CT0015600,133997714433043371,2025-07-02 14:01:29.990000,14:01:29.990000,2025,,,Cell Phone,2025
2025-08-15 18:44:09.117000,7647701.0,CT0015600,West Haven,Racial Profile,1000539,2500030357,Incident ID,2025-07-02 00:00:00,July,W,M,M,51,True,True,WEST HAVEN,SAWMILL/YORK,  ,  ,V,G,1.0,0,14-299,,False,N,False,False,V,,,,,False,1.0,CT0015600,133997714433043371,2025-07-02 14:28:37.500000,14:28:37.500000,2025,,,Traffic Control Signal,2025
2025-08-15 18:44:09.230000,7647727.0,CT0015600,West Haven,Racial Profile,1000602,2500030395,Incident ID,2025-07-02 00:00:00,July,B,N,M,79,True,True,WEST HAVEN,first avenue,  ,  ,V,G,1.0,1,14-147(c),,True,I,True,True,U,,,,,False,1.0,CT0015600,133997714433043371,2025-07-02 20:58:54.310000,20:58:54.310000,2025,,,Administrative Offense,2025
2025-08-15 18:44:08.963000,7647658.0,CT0015600,West Haven,Racial Profile,1000331,2500030471,Incident ID,2025-07-03 00:00:00,July,W,N,M,47,True,False,WEST HAVEN,Greta X Saw MIll Road,  ,  ,V,G,1.0,0,14-299,,False,N,False,False,V,,,,,False,1.0,CT0015600,133997714433043371,2025-07-03 09:30:04.010000,09:30:04.010000,2025,,,Traffic Control Signal,2025
2025-08-15 18:44:09.127000,7647702.0,CT0015600,West Haven,Racial Profile,1000539,2500030505,Incident ID,2025-07-03 00:00:00,July,B,N,M,21,True,False,West Haven,forest/bristol,  ,  ,V,G,2.0,0,14-296aa(b),,False,N,False,False,I,,,,,False,1.0,CT0015600,133997714433043371,2025-07-03 15:10:15.643000,15:10:15.643000,2025,,,Cell Phone,2025
2025-08-15 18:44:09.513000,7647807.0,CT0015600,West Haven,Racial Profile,1000698,2500030473,Incident ID,2025-07-03 00:00:00,July,W,H,M,29,True,True,West Haven,Campbell Ave / Church St,  ,  ,V,B,1.0,0,14-12(a)*,,False,N,False,False,V,,,,,False,1.0,CT0015600,133997714433043371,2025-07-03 09:49:50.710000,09:49:50.710000,2025,,,Registration,2025
2025-08-15 18:44:09.157000,7647711.0,CT0015600,West Haven,Racial Profile,1000546,2500030777,Incident ID,2025-07-04 00:00:00,July,W,N,M,29,True,True,West Haven,Platt ave/jones hill rd,  ,  ,V,G,1.0,0,1-10,,False,N,False,False,V,,,,,False,1.0,CT0015600,133997714433043371,2025-07-04 23:43:48.800000,23:43:48.800000,2025,14-96b,,Other,2025
2025-08-15 18:44:09.040000,7647684.0,CT0015600,West Haven,Racial Profile,1000465,2500030750,Incident ID,2025-07-04 00:00:00,July,B,N,M,24,True,True,West Haven,Ocean / Tyler,  ,  ,V,G,1.0,0,14-241,,False,N,False,False,V,,,,,False,1.0,CT0015600,133997714433043371,2025-07-04 21:42:58.407000,21:42:58.407000,2025,,,Moving Violation,2025
2025-08-15 18:44:09.333000,7647766.0,CT0015600,West Haven,Racial Profile,1000616,2500030745,Incident ID,2025-07-04 00:00:00,July,W,N,F,59,True,True,West Haven,Platt ave,  ,  ,V,G,1.0,0,14-301,,False,N,False,False,V,,,,,False,1.0,CT0015600,133997714433043371,2025-07-04 21:22:35.130000,21:22:35.130000,2025,,,Stop Sign,2025
2025-08-15 18:44:09.360000,7647772.0,CT0015600,West Haven,Racial Profile,1000626,2500030676,Incident ID,2025-07-04 00:00:00,July,B,N,M,68,True,False,WEST HAVEN,62 Elm street,  ,  ,V,G,1.0,0,14-147(c),,False,N,False,True,M,,,,,False,1.0,CT0015600,133997714433043371,2025-07-04 12:45:10.547000,12:45:10.547000,2025,14-12(a)*,,Administrative Offense,2025
2025-08-15 18:44:08.957000,7647655.0,CT0015600,West Haven,Racial Profile,1232,2500030668,Incident ID,2025-07-04 00:00:00,July,B,N,F,27,True,False,West Haven,BOSTON POST/MARGINAL DR,  ,  ,V,G,1.0,0,14-240,,False,N,False,False,V,,,,,False,1.0,CT0015600,133997714433043371,2025-07-04 11:16:24.500000,11:16:24.500000,2025,,,Moving Violation,2025
2025-08-15 18:44:09.233000,7647728.0,CT0015600,West Haven,Racial Profile,1000602,2500030612,Incident ID,2025-07-04 00:00:00,July,W,N,M,18,True,True,West Haven,painter dr,  ,  ,V,G,1.0,0,14-96a,,False,N,False,False,V,,,,,False,1.0,CT0015600,133997714433043371,2025-07-04 01:10:36.197000,01:10:36.197000,2025,,,Defective Lights,2025
2025-08-15 18:44:09.283000,7647747.0,CT0015600,West Haven,Racial Profile,1000614,2500030747,Incident ID,2025-07-04 00:00:00,July,B,N,F,60,True,True,West Haven,Campbell ave/ Brown St,  ,  ,V,G,1.0,0,14-298,,False,N,False,False,V,,,,,False,1.0,CT0015600,133997714433043371,2025-07-04 21:26:48.693000,21:26:48.693000,2025,,,STC Violation,2025
2025-08-15 18:44:09.017000,7647675.0,CT0015600,West Haven,Racial Profile,1000333,2500030924,Incident ID,2025-07-05 00:00:00,July,W,H,M,28,True,True,West Haven,Saw Mill Rd & Elm St.,  ,  ,V,G,1.0,0,14-236,,False,N,False,False,I,,,,,False,1.0,CT0015600,133997714433043371,2025-07-05 19:58:43.793000,19:58:43.793000,2025,,,Moving Violation,2025
2025-08-15 18:44:09.440000,7647787.0,CT0015600,West Haven,Racial Profile,1000658,2500031016,Incident ID,2025-07-06 00:00:00,July,B,N,F,21,True,True,West Haven,cpt thomas,  ,  ,V,G,1.0,0,14-18(a),,False,N,False,False,V,,,,,False,1.0,CT0015600,133997714433043371,2025-07-06 01:56:32.950000,01:56:32.950000,2025,,,Display of Plates,2025
2025-08-15 18:44:09.057000,7647685.0,CT0015600,West Haven,Racial Profile,1000465,2500031101,Incident ID,2025-07-06 00:00:00,July,W,H,M,19,True,False,West Haven,Beach / Morse,  ,  ,V,G,2.0,1,14-12(a)*,,True,I,False,False,M,,,,,False,1.0,CT0015600,133997714433043371,2025-07-06 17:41:39.513000,17:41:39.513000,2025,14-100a(d(1(A,,Registration,2025
2025-08-15 18:44:09.237000,7647729.0,CT0015600,West Haven,Racial Profile,1000602,2500031019,Incident ID,2025-07-06 00:00:00,July,B,N,M,34,True,False,West Haven,beach st,  ,  ,V,G,2.0,0,14-301,,False,N,False,False,I,,,,,False,1.0,CT0015600,133997714433043371,2025-07-06 02:03:15.783000,02:03:15.783000,2025,,,Stop Sign,2025
2025-08-15 18:44:09.110000,7647699.0,CT0015600,West Haven,Racial Profile,1000517,2500031212,Incident ID,2025-07-07 00:00:00,July,A,N,F,66,True,True,West Haven,Saw Mill Rd / Hillcrest,  ,  ,V,G,1.0,0,14-299,,False,N,False,False,I,,,,,False,1.0,CT0015600,133997714433043371,2025-07-07 08:31:49.160000,08:31:49.160000,2025,,,Traffic Control Signal,2025
2025-08-15 18:44:09.337000,7647767.0,CT0015600,West Haven,Racial Profile,1000616,2500031294,Incident ID,2025-07-07 00:00:00,July,B,N,F,68,True,True,WEST HAVEN,altschuler plaza,  ,  ,V,G,1.0,0,14-237,,False,N,False,False,V,,,,,False,1.0,CT0015600,133997714433043371,2025-07-07 17:30:37.680000,17:30:37.680000,2025,,,Moving Violation,2025
2025-08-15 18:44:08.913000,7647642.0,CT0015600,West Haven,Racial Profile,1155,2500031405,Incident ID,2025-07-08 00:00:00,July,W,H,M,58,True,False,West Haven,captain thomas/oak,  ,  ,I,G,1.0,0,susp vehicle,,False,N,False,False,V,,,,,False,1.0,CT0015600,133997714433043371,2025-07-08 12:17:25.433000,12:17:25.433000,2025,,,Other,2025
2025-08-15 18:44:08.917000,7647643.0,CT0015600,West Haven,Racial Profile,1155,2500031408,Incident ID,2025-07-08 00:00:00,July,W,M,M,51,True,True,WEST HAVEN,295 elm street,  ,  ,V,G,1.0,0,14-232(b),,False,N,False,False,V,,,,,False,1.0,CT0015600,133997714433043371,2025-07-08 12:36:24.323000,12:36:24.323000,2025,,,Moving Violation,2025
2025-08-15 18:44:09.200000,7647722.0,CT0015600,West Haven,Racial Profile,1000561,2500031438,Incident ID,2025-07-08 00:00:00,July,W,N,F,62,True,False,West Haven,Sawmill/i-95 N,  ,  ,V,G,1.0,0,14-299,,False,N,False,False,V,,,,,False,1.0,CT0015600,133997714433043371,2025-07-08 16:18:31.703000,16:18:31.703000,2025,14-299,,Traffic Control Signal,2025
2025-08-15 18:44:09.113000,7647700.0,CT0015600,West Haven,Racial Profile,1000529,2500031572,Incident ID,2025-07-09 00:00:00,July,W,N,F,75,True,True,WEST HAVEN,sawmill/allings crossing,  ,  ,V,G,1.0,0,14-244,,False,N,False,False,V,,,,,False,1.0,CT0015600,133997714433043371,2025-07-09 11:47:24.873000,11:47:24.873000,2025,,,Moving Violation,2025
2025-08-15 18:44:09.240000,7647730.0,CT0015600,West Haven,Racial Profile,1000602,2500031657,Incident ID,2025-07-09 00:00:00,July,W,H,M,36,True,True,WEST HAVEN,second ave,  ,  ,V,G,1.0,0,14-224(b)(3),,False,N,False,False,I,,,,,False,1.0,CT0015600,133997714433043371,2025-07-09 21:54:30.767000,21:54:30.767000,2025,14-36(a),,Other,2025
2025-08-15 18:44:09.130000,7647703.0,CT0015600,West Haven,Racial Profile,1000539,2500031756,Incident ID,2025-07-10 00:00:00,July,B,N,M,23,True,False,West Haven,forest/orange,  ,  ,V,G,1.0,0,14-296aa(b),,False,N,False,False,V,,,,,False,1.0,CT0015600,133997714433043371,2025-07-10 13:58:15.200000,13:58:15.200000,2025,,,Cell Phone,2025
2025-08-15 18:44:09.160000,7647712.0,CT0015600,West Haven,Racial Profile,1000546,2500031892,Incident ID,2025-07-11 00:00:00,July,B,N,F,40,True,True,West Haven,Beach/2nd ave,  ,  ,V,G,1.0,0,14-296aa(b),,False,N,False,False,V,,,,,False,1.0,CT0015600,133997714433043371,2025-07-11 10:09:54.293000,10:09:54.293000,2025,,,Cell Phone,2025
2025-08-15 18:44:09.530000,7647813.0,CT0015600,West Haven,Racial Profile,1000699,2500031981,Incident ID,2025-07-11 00:00:00,July,W,N,F,48,True,True,West Haven,Main St/Savin Ave,  ,  ,I,G,1.0,0,14-299,,False,N,False,False,V,,,,,False,1.0,CT0015600,133997714433043371,2025-07-11 21:27:35.070000,21:27:35.070000,2025,14-299,,Traffic Control Signal,2025
2025-08-15 18:44:08.920000,7647644.0,CT0015600,West Haven,Racial Profile,1155,2500031975,Incident ID,2025-07-11 00:00:00,July,W,H,F,54,True,False,West Haven,aillings crossing/frontage,  ,  ,V,G,1.0,0,14-299,,False,N,False,False,V,,,,,False,1.0,CT0015600,133997714433043371,2025-07-11 20:57:47.603000,20:57:47.603000,2025,,,Traffic Control Signal,2025
2025-08-15 18:44:09.203000,7647723.0,CT0015600,West Haven,Racial Profile,1000582,2500032028,Incident ID,2025-07-12 00:00:00,July,W,N,M,24,True,True,West Haven,Campbell Ave/ Homestead,  ,  ,E,G,1.0,0,14-96c,,False,N,False,False,V,,,,,False,1.0,CT0015600,133997714433043371,2025-07-12 02:06:10.367000,02:06:10.367000,2025,14-96c,,Defective Lights,2025
2025-08-15 18:44:09.073000,7647686.0,CT0015600,West Haven,Racial Profile,1000465,2500032022,Incident ID,2025-07-12 00:00:00,July,W,H,F,25,True,False,West Haven,Campbell / Captain Thomas,  ,  ,V,G,1.0,0,14-218a,,False,N,False,False,V,,,,,False,1.0,CT0015600,133997714433043371,2025-07-12 01:16:33.527000,01:16:33.527000,2025,,,Speed Related,2025
2025-08-15 18:44:09.517000,7647808.0,CT0015600,West Haven,Racial Profile,1000698,2500032069,Incident ID,2025-07-12 00:00:00,July,W,N,F,24,True,False,West Haven,Morse Ave/Blohm St,  ,  ,V,B,1.0,0,14-12(a)*,,False,N,False,False,V,,,,,False,1.0,CT0015600,133997714433043371,2025-07-12 12:01:58.097000,12:01:58.097000,2025,,,Registration,2025
2025-08-15 18:44:09.537000,7647814.0,CT0015600,West Haven,Racial Profile,1000699,2500032102,Incident ID,2025-07-12 00:00:00,July,W,H,M,82,True,True,West Haven,Campbell Avenue,  ,  ,I,G,1.0,0,14-12(a),,False,N,False,False,W,,,,,False,1.0,CT0015600,133997714433043371,2025-07-12 16:45:08.143000,16:45:08.143000,2025,14-12(a),,Registration,2025
2025-08-15 18:44:08.973000,7647661.0,CT0015600,West Haven,Racial Profile,1000331,2500032296,Incident ID,2025-07-13 00:00:00,July,W,H,M,37,True,False,West Haven,Kelsey Avenue X Capt Thomas Blvd,  ,  ,V,G,1.0,0,14-299,,False,N,False,False,V,,,,,False,1.0,CT0015600,133997714433043371,2025-07-13 21:29:18.090000,21:29:18.090000,2025,,,Traffic Control Signal,2025
2025-08-15 18:44:08.967000,7647659.0,CT0015600,West Haven,Racial Profile,1000331,2500032247,Incident ID,2025-07-13 00:00:00,July,W,N,M,19,True,True,West Haven,Ocean Avenue X  Laurel Place,  ,  ,V,G,2.0,0,14-219,,False,N,False,False,I,,,,,False,1.0,CT0015600,133997714433043371,2025-07-13 16:14:26.927000,16:14:26.927000,2025,,,Speed Related,2025
2025-08-15 18:44:09.110000,7647698.0,CT0015600,West Haven,Racial Profile,1000468,2500032311,Incident ID,2025-07-13 00:00:00,July,W,H,F,39,True,False,West Haven,Bull Hill Lane/Ellyn Court,  ,  ,V,B,1.0,0,14-12(a)*,,False,N,False,False,V,,,,,False,1.0,CT0015600,133997714433043371,2025-07-13 23:54:21.190000,23:54:21.190000,2025,14-12(a)*,,Registration,2025
2025-08-15 18:44:08.970000,7647660.0,CT0015600,West Haven,Racial Profile,1000331,2500032270,Incident ID,2025-07-13 00:00:00,July,W,N,M,19,True,True,West Haven,Ocean X Laurel Place,  ,  ,V,G,2.0,0,14-219,,False,N,False,False,I,,,,,False,1.0,CT0015600,133997714433043371,2025-07-13 18:10:13.450000,18:10:13.450000,2025,14-213,,Speed Related,2025
2025-08-15 18:44:09.470000,7647797.0,CT0015600,West Haven,Racial Profile,1000661,2500032259,Incident ID,2025-07-13 00:00:00,July,B,N,M,24,True,True,WEST HAVEN,Mely Rd/ Everett St,  ,  ,V,G,1.0,0,14-296aa(b),,False,N,False,False,V,,,,,False,1.0,CT0015600,133997714433043371,2025-07-13 17:28:33.137000,17:28:33.137000,2025,14-296aa(b),,Cell Phone,2025
2025-08-15 18:44:09.507000,7647804.0,CT0015600,West Haven,Racial Profile,1000688,2500032180,Incident ID,2025-07-13 00:00:00,July,B,N,F,23,True,False,West Haven,campbell/ brown,  ,  ,E,G,1.0,0,14-96a(a),,False,N,False,False,V,,,,,False,1.0,CT0015600,133997714433043371,2025-07-13 01:12:38.827000,01:12:38.827000,2025,14-96a(a),,Defective Lights,2025
2025-08-15 18:44:09.443000,7647788.0,CT0015600,West Haven,Racial Profile,1000658,2500032255,Incident ID,2025-07-13 00:00:00,July,W,H,M,41,True,False,West Haven,cpt thomas,  ,  ,V,G,2.0,1,14-215,,False,N,False,False,M,,,,,False,1.0,CT0015600,133997714433043371,2025-07-13 17:01:13.147000,17:01:13.147000,2025,,,Administrative Offense,2025
2025-08-15 18:44:08.980000,7647662.0,CT0015600,West Haven,Racial Profile,1000331,2500032358,Incident ID,2025-07-14 00:00:00,July,W,M,M,32,True,True,West Haven,Richards Street X Firest Avenue,  ,  ,V,G,1.0,0,14-301,,False,N,False,False,V,,,,,False,1.0,CT0015600,133997714433043371,2025-07-14 08:48:42.397000,08:48:42.397000,2025,,,Stop Sign,2025
2025-08-15 18:44:08.980000,7647663.0,CT0015600,West Haven,Racial Profile,1000331,2500032434,Incident ID,2025-07-14 00:00:00,July,W,H,M,55,True,False,West Haven,Saw Mill Road X I-95N,  ,  ,V,G,1.0,0,14-241,,False,N,False,False,V,,,,,False,1.0,CT0015600,133997714433043371,2025-07-14 17:22:06.073000,17:22:06.073000,2025,,,Moving Violation,2025
2025-08-15 18:44:09.557000,7647817.0,CT0015600,West Haven,Racial Profile,1000699,2500032371,Incident ID,2025-07-14 00:00:00,July,B,N,M,46,True,True,West Haven,Second Avenue/Elm Street,  ,  ,E,G,1.0,0,14-99g(b),,False,N,False,False,I,,,,,False,1.0,CT0015600,133997714433043371,2025-07-14 10:17:38.843000,10:17:38.843000,2025,14-99g(b),,Window Tint,2025
2025-08-15 18:44:09.540000,7647816.0,CT0015600,West Haven,Racial Profile,1000699,2500032365,Incident ID,2025-07-14 00:00:00,July,B,N,F,45,True,False,West Haven,Beach Street/Morris Avenue,  ,  ,E,G,1.0,0,14-99g(b),,False,N,False,False,W,,,,,False,1.0,CT0015600,133997714433043371,2025-07-14 09:49:59.957000,09:49:59.957000,2025,14-99g(b),,Window Tint,2025
2025-08-15 18:44:08.983000,7647664.0,CT0015600,West Haven,Racial Profile,1000331,2500032440,Incident ID,2025-07-14 00:00:00,July,W,M,M,59,True,False,WEST HAVEN,Saw MIll Road X I-95S,  ,  ,V,G,1.0,0,14-299,,False,N,False,False,V,,,,,False,1.0,CT0015600,133997714433043371,2025-07-14 18:38:53.300000,18:38:53.300000,2025,,,Traffic Control Signal,2025
2025-08-15 18:44:09.417000,7647782.0,CT0015600,West Haven,Racial Profile,1000637,2500032452,Incident ID,2025-07-14 00:00:00,July,B,N,F,22,True,True,WEST HAVEN,meloy rd,  ,  ,V,G,1.0,0,14-299,,False,N,False,False,V,,,,,False,1.0,CT0015600,133997714433043371,2025-07-14 22:35:39.770000,22:35:39.770000,2025,,,Traffic Control Signal,2025
2025-08-15 18:44:09.537000,7647815.0,CT0015600,West Haven,Racial Profile,1000699,2500032360,Incident ID,2025-07-14 00:00:00,July,W,N,M,30,True,False,West Haven,Beach Street/Third Avenue Extension,  ,  ,E,G,1.0,0,14-99g(b),,False,N,False,False,I,,,,,False,1.0,CT0015600,133997714433043371,2025-07-14 09:07:05.373000,09:07:05.373000,2025,14-99g(b),,Window Tint,2025
2025-08-15 18:44:08.987000,7647665.0,CT0015600,West Haven,Racial Profile,1000331,2500032559,Incident ID,2025-07-15 00:00:00,July,W,H,M,30,True,True,West Haven,York X Stevens St,  ,  ,V,G,3.0,1,14-301,,False,N,False,False,I,,,,,False,1.0,CT0015600,133997714433043371,2025-07-15 14:21:00.270000,14:21:00.270000,2025,14-213b,,Stop Sign,2025
2025-08-15 18:44:09.570000,7647819.0,CT0015600,West Haven,Racial Profile,1000699,2500032552,Incident ID,2025-07-15 00:00:00,July,W,H,M,21,False,False,West Haven,Center Street/First Avenue,  ,  ,V,G,1.0,0,14-239a,,False,N,False,False,I,,,,,False,1.0,CT0015600,133997714433043371,2025-07-15 13:01:32.927000,13:01:32.927000,2025,14-239a,,Moving Violation,2025
2025-08-15 18:44:09.403000,7647778.0,CT0015600,West Haven,Racial Profile,1000636,2500032468,Incident ID,2025-07-15 00:00:00,July,B,N,M,17,True,True,West Haven,campbell/ court,  ,  ,V,G,1.0,0,14-219,,False,N,False,False,V,,,,,False,1.0,CT0015600,133997714433043371,2025-07-15 00:24:00.360000,00:24:00.360000,2025,,,Speed Related,2025
2025-08-15 18:44:09.597000,7647825.0,CT0015600,West Haven,Racial Profile,1000700,2500032534,Incident ID,2025-07-15 00:00:00,July,B,N,F,51,True,False,WEST HAVEN,Campbell Ave/First Ave,  ,  ,V,G,1.0,0,14-299,,False,N,False,False,V,,,,,False,1.0,CT0015600,133997714433043371,2025-07-15 11:29:29.343000,11:29:29.343000,2025,14-299,,Traffic Control Signal,2025
2025-08-15 18:44:09.520000,7647809.0,CT0015600,West Haven,Racial Profile,1000698,2500032608,Incident ID,2025-07-15 00:00:00,July,W,H,M,45,True,True,West Haven,Ruden/ Campbell Ave,  ,  ,V,B,1.0,0,14-12(a),,False,N,False,False,V,,,,,False,1.0,CT0015600,133997714433043371,2025-07-15 19:54:34.043000,19:54:34.043000,2025,,,Registration,2025
2025-08-15 18:44:09.560000,7647818.0,CT0015600,West Haven,Racial Profile,1000699,2500032531,Incident ID,2025-07-15 00:00:00,July,B,N,M,21,True,True,West Haven,Blohm Street/Third Avenue,  ,  ,V,G,1.0,0,14-301,,False,N,False,False,I,,,,,False,1.0,CT0015600,133997714433043371,2025-07-15 11:19:24.683000,11:19:24.683000,2025,14-36(a),,Stop Sign,2025
2025-08-15 18:44:08.943000,7647651.0,CT0015600,West Haven,Racial Profile,1162,2500032547,Incident ID,2025-07-15 00:00:00,July,W,N,M,73,True,True,West Haven,capt thomas/dyke st,  ,  ,V,G,1.0,0,14-12(a)*,,False,N,False,False,V,,,,,False,1.0,CT0015600,133997714433043371,2025-07-15 12:40:24.027000,12:40:24.027000,2025,,,Registration,2025
2025-08-15 18:44:09.243000,7647731.0,CT0015600,West Haven,Racial Profile,1000602,2500032790,Incident ID,2025-07-16 00:00:00,July,B,N,M,40,True,True,WEST HAVEN,campbell avenue,  ,  ,V,G,2.0,0,14-147a,,False,N,False,False,I,,,,,False,1.0,CT0015600,133997714433043371,2025-07-16 19:30:08.223000,19:30:08.223000,2025,,,Administrative Offense,2025
2025-08-15 18:44:09.363000,7647773.0,CT0015600,West Haven,Racial Profile,1000626,2500032730,Incident ID,2025-07-16 00:00:00,July,W,N,M,66,True,False,WEST HAVEN,439 Derby Avenue,  ,  ,V,G,1.0,0,14-299,,False,N,False,False,V,,,,,False,1.0,CT0015600,133997714433043371,2025-07-16 13:11:32.980000,13:11:32.980000,2025,14-299,,Traffic Control Signal,2025
2025-08-15 18:44:09.133000,7647704.0,CT0015600,West Haven,Racial Profile,1000539,2500032689,Incident ID,2025-07-16 00:00:00,July,W,N,M,40,True,False,West Haven,capt. thomas/oak,  ,  ,V,G,1.0,0,14-296aa(b),,False,N,False,False,V,,,,,False,1.0,CT0015600,133997714433043371,2025-07-16 09:50:20.487000,09:50:20.487000,2025,,,Cell Phone,2025
2025-08-15 18:44:08.947000,7647652.0,CT0015600,West Haven,Racial Profile,1162,2500032690,Incident ID,2025-07-16 00:00:00,July,B,N,F,23,True,False,WEST HAVEN,kelsey/capt thomas,  ,  ,V,G,1.0,0,14-299,,False,N,False,False,V,,,,,False,1.0,CT0015600,133997714433043371,2025-07-16 09:51:32.640000,09:51:32.640000,2025,,,Traffic Control Signal,2025
2025-08-15 18:44:09.410000,7647779.0,CT0015600,West Haven,Racial Profile,1000636,2500032649,Incident ID,2025-07-16 00:00:00,July,W,H,M,30,True,False,West Haven,campbell/ elm,  ,  ,V,G,1.0,0,12-487,,False,N,False,False,V,,,,,False,1.0,CT0015600,133997714433043371,2025-07-16 01:51:58.500000,01:51:58.500000,2025,,,Other,2025
2025-08-15 18:44:09.523000,7647810.0,CT0015600,West Haven,Racial Profile,1000698,2500032793,Incident ID,2025-07-16 00:00:00,July,B,N,M,20,True,False,WEST HAVEN,Meloy Rd / Baker St,  ,  ,V,B,2.0,1,14-299,,False,N,False,False,I,,,,,False,1.0,CT0015600,133997714433043371,2025-07-16 20:17:08.070000,20:17:08.070000,2025,,,Traffic Control Signal,2025
2025-08-15 18:44:09.207000,7647724.0,CT0015600,West Haven,Racial Profile,1000582,2500032847,Incident ID,2025-07-17 00:00:00,July,B,N,F,31,True,True,West Haven,First Ave/ Baggot st,  ,  ,V,G,1.0,0,14-299,,False,N,False,False,V,,,,,False,1.0,CT0015600,133997714433043371,2025-07-17 01:52:44.703000,01:52:44.703000,2025,14-147c,,Traffic Control Signal,2025
2025-08-15 18:44:09.250000,7647733.0,CT0015600,West Haven,Racial Profile,1000602,2500033011,Incident ID,2025-07-17 00:00:00,July,W,H,F,26,True,False,West Haven,first ave,  ,  ,V,G,2.0,1,14-299,,True,I,False,False,I,,,,,False,1.0,CT0015600,133997714433043371,2025-07-17 21:31:18.190000,21:31:18.190000,2025,38a-371,,Traffic Control Signal,2025
2025-08-15 18:44:09.017000,7647676.0,CT0015600,West Haven,Racial Profile,1000333,2500032912,Incident ID,2025-07-17 00:00:00,July,W,N,F,67,True,True,West Haven,benham hill rd & woodmont rd,  ,  ,V,G,1.0,0,14-301,,False,N,False,False,V,,,,,False,1.0,CT0015600,133997714433043371,2025-07-17 10:45:03.010000,10:45:03.010000,2025,,,Stop Sign,2025
2025-08-15 18:44:09.287000,7647749.0,CT0015600,West Haven,Racial Profile,1000615,2500032844,Incident ID,2025-07-17 00:00:00,July,B,N,F,39,True,False,West Haven,First/ Alling ,  ,  ,V,G,1.0,0,14-147(c),,False,N,False,False,I,,,,,False,1.0,CT0015600,133997714433043371,2025-07-17 01:40:19.613000,01:40:19.613000,2025,14-147(c),,Administrative Offense,2025
2025-08-15 18:44:09.163000,7647713.0,CT0015600,West Haven,Racial Profile,1000548,2500032840,Incident ID,2025-07-17 00:00:00,July,B,N,M,49,True,False,West Haven,First Avenue/Elm Street,  ,  ,I,G,1.0,0,14-299,,False,N,False,False,V,,,,,False,1.0,CT0015600,133997714433043371,2025-07-17 00:43:20.460000,00:43:20.460000,2025,14-299,,Traffic Control Signal,2025
2025-08-15 18:44:09.340000,7647768.0,CT0015600,West Haven,Racial Profile,1000619,2500032952,Incident ID,2025-07-17 00:00:00,July,W,N,M,22,True,True,WEST HAVEN,183 Beach Street,  ,  ,V,G,1.0,0,14-12a,,False,N,False,False,V,,,,,False,1.0,CT0015600,133997714433043371,2025-07-17 15:39:10.597000,15:39:10.597000,2025,,,Registration,2025
2025-08-15 18:44:09.347000,7647769.0,CT0015600,West Haven,Racial Profile,1000619,2500032955,Incident ID,2025-07-17 00:00:00,July,B,N,M,39,True,True,WEST HAVEN,183 Beach Street,  ,  ,V,G,1.0,0,14-12a,,False,N,False,False,V,,,,,False,1.0,CT0015600,133997714433043371,2025-07-17 15:46:21.297000,15:46:21.297000,2025,,,Registration,2025
2025-08-15 18:44:09.350000,7647770.0,CT0015600,West Haven,Racial Profile,1000619,2500032960,Incident ID,2025-07-17 00:00:00,July,B,N,M,54,True,True,WEST HAVEN,183 Beach Street,  ,  ,V,G,1.0,0,14-12a,,False,N,False,False,V,,,,,False,1.0,CT0015600,133997714433043371,2025-07-17 15:59:38.603000,15:59:38.603000,2025,,,Registration,2025
2025-08-15 18:44:09.350000,7647771.0,CT0015600,West Haven,Racial Profile,1000619,2500033003,Incident ID,2025-07-17 00:00:00,July,W,N,F,46,True,False,West Haven,Noble Street/Campbell Avenue,  ,  ,V,G,1.0,0,14-299,,False,N,False,False,V,,,,,False,1.0,CT0015600,133997714433043371,2025-07-17 20:59:31.277000,20:59:31.277000,2025,,,Traffic Control Signal,2025
2025-08-15 18:44:09.423000,7647783.0,CT0015600,West Haven,Racial Profile,1000637,2500032975,Incident ID,2025-07-17 00:00:00,July,W,N,M,20,True,False,West Haven,Platt Ave and Cherry Lane,  ,  ,V,G,1.0,0,14-245,,False,N,False,False,V,,,,,False,1.0,CT0015600,133997714433043371,2025-07-17 17:20:07.750000,17:20:07.750000,2025,,,Moving Violation,2025
2025-08-15 18:44:09.497000,7647801.0,CT0015600,West Haven,Racial Profile,1000675,2500032972,Incident ID,2025-07-17 00:00:00,July,B,N,M,48,True,True,West Haven,Sawmill Road/ Elm Street,  ,  ,V,G,1.0,0,14-299,,False,N,False,False,V,,,,,False,1.0,CT0015600,133997714433043371,2025-07-17 16:36:28.697000,16:36:28.697000,2025,,,Traffic Control Signal,2025
2025-08-15 18:44:09.247000,7647732.0,CT0015600,West Haven,Racial Profile,1000602,2500032994,Incident ID,2025-07-17 00:00:00,July,W,H,M,26,True,False,West Haven,beach street,  ,  ,V,G,3.0,1,14-147(c),,True,I,True,False,M,,,,,False,1.0,CT0015600,133997714433043371,2025-07-17 20:05:19.337000,20:05:19.337000,2025,38a-371,,Administrative Offense,2025
2025-08-15 18:44:09.287000,7647748.0,CT0015600,West Haven,Racial Profile,1000615,2500032842,Incident ID,2025-07-17 00:00:00,July,B,N,M,68,True,False,WEST HAVEN,elm/first ,  ,  ,V,G,1.0,0,14-18(c),,False,N,False,False,V,,,,,False,1.0,CT0015600,133997714433043371,2025-07-17 00:50:48.120000,00:50:48.120000,2025,14-18(c),,Display of Plates,2025
2025-08-15 18:44:09.493000,7647800.0,CT0015600,West Haven,Racial Profile,1000675,2500032966,Incident ID,2025-07-17 00:00:00,July,W,N,M,64,True,True,West Haven,California St/ East St,  ,  ,V,G,1.0,0,14-12(a)*,,False,N,False,False,V,,,,,False,1.0,CT0015600,133997714433043371,2025-07-17 16:19:47.317000,16:19:47.317000,2025,,,Registration,2025
2025-08-15 18:44:09.503000,7647803.0,CT0015600,West Haven,Racial Profile,1000677,2500032971,Incident ID,2025-07-17 00:00:00,July,B,N,F,67,True,False,West Haven,Kimberly Avenue / Elm Street,  ,  ,V,G,1.0,0,14-245,,False,N,False,False,V,,,,,False,1.0,CT0015600,133997714433043371,2025-07-17 16:35:02.357000,16:35:02.357000,2025,,,Moving Violation,2025
2025-08-15 18:44:09.250000,7647734.0,CT0015600,West Haven,Racial Profile,1000602,2500033086,Incident ID,2025-07-18 00:00:00,July,W,N,M,36,True,False,WEST HAVEN,forest road,  ,  ,V,G,2.0,1,14-147(c),,True,I,False,True,U,,,,,False,1.0,CT0015600,133997714433043371,2025-07-18 09:43:52.973000,09:43:52.973000,2025,38a-371,,Administrative Offense,2025
2025-08-15 18:44:09.293000,7647751.0,CT0015600,West Haven,Racial Profile,1000615,2500033099,Incident ID,2025-07-18 00:00:00,July,B,M,F,57,True,True,West Haven,Savin/Elm ,  ,  ,V,G,1.0,0,14-301,,False,N,False,False,V,,,,,False,1.0,CT0015600,133997714433043371,2025-07-18 11:01:46.420000,11:01:46.420000,2025,14-301,,Stop Sign,2025
2025-08-15 18:44:09.213000,7647725.0,CT0015600,West Haven,Racial Profile,1000582,2500033042,Incident ID,2025-07-18 00:00:00,July,B,N,M,51,True,False,WEST HAVEN,362 Front Avenue,  ,  ,I,G,2.0,1,File 5,,True,I,False,True,N,,,,,False,1.0,CT0015600,133997714433043371,2025-07-18 02:06:29.040000,02:06:29.040000,2025,File 5 ,,Other,2025
2025-08-15 18:44:09.290000,7647750.0,CT0015600,West Haven,Racial Profile,1000615,2500033093,Incident ID,2025-07-18 00:00:00,July,B,N,M,42,True,True,West Haven,Savin/Elm ,  ,  ,V,G,1.0,0,14-301,,False,N,False,False,V,,,,,False,1.0,CT0015600,133997714433043371,2025-07-18 10:42:50.390000,10:42:50.390000,2025,14-301,,Stop Sign,2025
2025-08-15 18:44:09.297000,7647752.0,CT0015600,West Haven,Racial Profile,1000615,2500033100,Incident ID,2025-07-18 00:00:00,July,W,N,F,74,True,False,West Haven,Savin/Main,  ,  ,V,G,1.0,0,14-301,,False,N,False,False,V,,,,,False,1.0,CT0015600,133997714433043371,2025-07-18 11:14:03.680000,11:14:03.680000,2025,14-301,,Stop Sign,2025
2025-08-15 18:44:08.923000,7647645.0,CT0015600,West Haven,Racial Profile,1155,2500033151,Incident ID,2025-07-18 00:00:00,July,W,H,M,34,True,False,WEST HAVEN,captain thomas/platt ave,  ,  ,V,G,3.0,1,14-236,,False,N,False,False,I,,,,,False,1.0,CT0015600,133997714433043371,2025-07-18 17:09:17.487000,17:09:17.487000,2025,14-36(a),,Moving Violation,2025
2025-08-15 18:44:08.927000,7647646.0,CT0015600,West Haven,Racial Profile,1155,2500033151,Incident ID,2025-07-18 00:00:00,July,W,H,M,34,True,False,WEST HAVEN,ocean ave/platt ave,  ,  ,V,G,2.0,1,14-236,,False,N,False,False,I,,,,,False,1.0,CT0015600,133997714433043371,2025-07-18 17:09:17.487000,17:09:17.487000,2025,1436(a),,Moving Violation,2025
2025-08-15 18:44:09.257000,7647736.0,CT0015600,West Haven,Racial Profile,1000602,2500033178,Incident ID,2025-07-18 00:00:00,July,W,H,M,28,True,True,WEST HAVEN,spring st,  ,  ,E,G,3.0,1,14-99g(g),,True,I,True,True,U,,,,,False,1.0,CT0015600,133997714433043371,2025-07-18 20:33:31.727000,20:33:31.727000,2025,21a-279(a)(3),,Window Tint,2025
2025-08-15 18:44:09.300000,7647753.0,CT0015600,West Haven,Racial Profile,1000615,2500033146,Incident ID,2025-07-18 00:00:00,July,W,H,F,50,True,False,West Haven,campbell/ smith ct ,  ,  ,V,G,1.0,0,14-147(c),,False,N,False,False,V,,,,,False,1.0,CT0015600,133997714433043371,2025-07-18 16:41:16.700000,16:41:16.700000,2025,14-147(c),,Administrative Offense,2025
2025-08-15 18:44:09.363000,7647774.0,CT0015600,West Haven,Racial Profile,1000626,2500033168,Incident ID,2025-07-18 00:00:00,July,W,H,M,20,True,False,WEST HAVEN,77 Campbell Avenue,  ,  ,V,G,1.0,0,14-299,,False,N,False,False,V,,,,,False,1.0,CT0015600,133997714433043371,2025-07-18 19:13:25.077000,19:13:25.077000,2025,14-299,,Traffic Control Signal,2025
2025-08-15 18:44:09.253000,7647735.0,CT0015600,West Haven,Racial Profile,1000602,2500033170,Incident ID,2025-07-18 00:00:00,July,W,H,M,26,True,True,West Haven,spring street,  ,  ,V,G,2.0,0,14-147(c),,False,N,False,False,M,,,,,False,1.0,CT0015600,133997714433043371,2025-07-18 19:34:54.640000,19:34:54.640000,2025,38a-371,,Administrative Offense,2025
2025-08-15 18:44:09.180000,7647719.0,CT0015600,West Haven,Racial Profile,1000558,2500033359,Incident ID,2025-07-19 00:00:00,July,B,N,M,34,True,False,WEST HAVEN,Clark/Campbell,  ,  ,V,G,1.0,0,14-99,,False,N,False,False,V,,,,,False,1.0,CT0015600,133997714433043371,2025-07-19 22:58:58.760000,22:58:58.760000,2025,,,Window Tint,2025
2025-08-15 18:44:09.303000,7647755.0,CT0015600,West Haven,Racial Profile,1000615,2500033346,Incident ID,2025-07-19 00:00:00,July,B,N,M,23,True,True,West Haven,Campbell/Lamson,  ,  ,E,G,1.0,0,14-299,,False,N,False,False,I,,,,,False,1.0,CT0015600,133997714433043371,2025-07-19 21:45:47.897000,21:45:47.897000,2025,14-299,,Traffic Control Signal,2025
2025-08-15 18:44:09.383000,7647776.0,CT0015600,West Haven,Racial Profile,1000626,2500033313,Incident ID,2025-07-19 00:00:00,July,W,N,M,75,True,False,West Haven,171 capt. thomas blvd,  ,  ,V,G,1.0,0,14-12(a),,False,N,False,False,V,,,,,False,1.0,CT0015600,133997714433043371,2025-07-19 17:30:42.737000,17:30:42.737000,2025,14-12(a),,Registration,2025
2025-08-15 18:44:09.437000,7647786.0,CT0015600,West Haven,Racial Profile,1000652,2500033285,Incident ID,2025-07-19 00:00:00,July,W,N,M,55,True,True,West Haven,Boston Post Rd/ Tuthill Street,  ,  ,V,G,1.0,1,14-12(A)*,,False,N,False,False,M,,,,,False,1.0,CT0015600,133997714433043371,2025-07-19 14:45:33.223000,14:45:33.223000,2025,14-215(C),,Registration,2025
2025-08-15 18:44:08.960000,7647656.0,CT0015600,West Haven,Racial Profile,1000318,2500033367,Incident ID,2025-07-19 00:00:00,July,B,N,F,25,True,False,West Haven,Kimberly A venue ,  ,  ,V,G,1.0,1,14-36(a),,False,I,False,False,I,,,,,False,1.0,CT0015600,133997714433043371,2025-07-19 23:30:06.433000,23:30:06.433000,2025,14-36(a),,Unlicensed Operation,2025
2025-08-15 18:44:09.367000,7647775.0,CT0015600,West Haven,Racial Profile,1000626,2500033296,Incident ID,2025-07-19 00:00:00,July,W,H,M,27,True,False,WEST HAVEN,183 beach street,  ,  ,V,G,1.0,0,14-12(a),,False,N,False,False,V,,,,,False,1.0,CT0015600,133997714433043371,2025-07-19 15:57:41.103000,15:57:41.103000,2025,14-12(a),,Registration,2025
2025-08-15 18:44:09.587000,7647822.0,CT0015600,West Haven,Racial Profile,1000699,2500033284,Incident ID,2025-07-19 00:00:00,July,B,N,F,84,True,True,WEST HAVEN,Beach Street/Monahan Place,  ,  ,V,G,1.0,0,14-12(a)*,,False,N,False,False,I,,,,,False,1.0,CT0015600,133997714433043371,2025-07-19 14:35:31.347000,14:35:31.347000,2025,14-12(a)*,,Registration,2025
2025-08-15 18:44:09.177000,7647717.0,CT0015600,West Haven,Racial Profile,1000558,2500033325,Incident ID,2025-07-19 00:00:00,July,B,N,F,32,True,False,WEST HAVEN,Campbell / West Spring,  ,  ,V,G,1.0,0,14-12(a),,False,N,False,False,V,,,,,False,1.0,CT0015600,133997714433043371,2025-07-19 18:36:04.973000,18:36:04.973000,2025,,,Registration,2025
2025-08-15 18:44:09.450000,7647790.0,CT0015600,West Haven,Racial Profile,1000658,2500033320,Incident ID,2025-07-19 00:00:00,July,B,N,M,49,True,True,West Haven,richards st,  ,  ,V,G,2.0,1,14-18(c),,True,I,False,True,U,,,,,False,1.0,CT0015600,133997714433043371,2025-07-19 18:12:03.503000,18:12:03.503000,2025,53a-167a,,Display of Plates,2025
2025-08-15 18:44:09.573000,7647820.0,CT0015600,West Haven,Racial Profile,1000699,2500033259,Incident ID,2025-07-19 00:00:00,July,W,H,F,36,True,True,West Haven,First Avenue/Monahan Street,  ,  ,V,G,1.0,0,14-301,,False,N,False,False,I,,,,,False,1.0,CT0015600,133997714433043371,2025-07-19 09:25:58.570000,09:25:58.570000,2025,14-301,,Stop Sign,2025
2025-08-15 18:44:09.577000,7647821.0,CT0015600,West Haven,Racial Profile,1000699,2500033277,Incident ID,2025-07-19 00:00:00,July,W,N,M,64,True,False,WEST HAVEN,First Avenue/Monahan Place,  ,  ,V,G,1.0,0,14-301,,False,N,False,False,I,,,,,False,1.0,CT0015600,133997714433043371,2025-07-19 12:49:26.847000,12:49:26.847000,2025,14-301,,Stop Sign,2025
2025-08-15 18:44:09.180000,7647718.0,CT0015600,West Haven,Racial Profile,1000558,2500033332,Incident ID,2025-07-19 00:00:00,July,W,H,F,20,True,True,West Haven,post road / ella t grasso,  ,  ,V,G,1.0,0,14-299,,False,N,False,False,V,,,,,False,1.0,CT0015600,133997714433043371,2025-07-19 20:22:14.863000,20:22:14.863000,2025,,,Traffic Control Signal,2025
2025-08-15 18:44:09.303000,7647754.0,CT0015600,West Haven,Racial Profile,1000615,2500033317,Incident ID,2025-07-19 00:00:00,July,B,N,M,23,True,True,West Haven,Boston Post Rd/ Margianl Drive ,  ,  ,E,G,1.0,0,14-18(c),,False,N,False,False,V,,,,,False,1.0,CT0015600,133997714433043371,2025-07-19 17:50:05.393000,17:50:05.393000,2025,14-18(c),,Display of Plates,2025
2025-08-15 18:44:09.447000,7647789.0,CT0015600,West Haven,Racial Profile,1000658,2500033309,Incident ID,2025-07-19 00:00:00,July,B,N,M,24,True,False,West Haven,elm st,  ,  ,V,G,2.0,0,14-215,,False,N,False,False,M,,,,,False,1.0,CT0015600,133997714433043371,2025-07-19 17:08:16.437000,17:08:16.437000,2025,,,Administrative Offense,2025
2025-08-15 18:44:08.990000,7647666.0,CT0015600,West Haven,Racial Profile,1000331,2500033437,Incident ID,2025-07-20 00:00:00,July,B,N,M,24,True,True,West Haven,Richards X North Union,  ,  ,V,G,1.0,0,14-301,,False,N,False,False,V,,,,,False,1.0,CT0015600,133997714433043371,2025-07-20 09:53:33.233000,09:53:33.233000,2025,,,Stop Sign,2025
2025-08-15 18:44:08.993000,7647668.0,CT0015600,West Haven,Racial Profile,1000331,2500033458,Incident ID,2025-07-20 00:00:00,July,W,H,M,32,True,False,West Haven,Elm Street X Washington Avenue,  ,  ,V,G,1.0,0,14-299,,False,N,False,False,V,,,,,False,1.0,CT0015600,133997714433043371,2025-07-20 13:57:06.300000,13:57:06.300000,2025,,,Traffic Control Signal,2025
2025-08-15 18:44:09.510000,7647806.0,CT0015600,West Haven,Racial Profile,1000697,2500033455,Incident ID,2025-07-20 00:00:00,July,W,N,F,36,True,False,West Haven,Morgan Ln / Benham Hill Rd,  ,  ,V,G,1.0,0,14-12(a)*,,False,N,False,False,V,,,,,False,1.0,CT0015600,133997714433043371,2025-07-20 13:05:19.523000,13:05:19.523000,2025,,,Registration,2025
2025-08-15 18:44:09.590000,7647823.0,CT0015600,West Haven,Racial Profile,1000699,2500033452,Incident ID,2025-07-20 00:00:00,July,W,N,M,47,True,True,West Haven,Savin Avenue/Walnut Drive,  ,  ,V,G,1.0,0,14-12(a)*,,False,N,False,False,I,,,,,False,1.0,CT0015600,133997714433043371,2025-07-20 12:18:26.243000,12:18:26.243000,2025,14-213b,,Registration,2025
2025-08-15 18:44:08.990000,7647667.0,CT0015600,West Haven,Racial Profile,1000331,2500033447,Incident ID,2025-07-20 00:00:00,July,B,N,F,40,False,False,West Haven,Elm Street  X Kimberly Avenue,  ,  ,V,G,1.0,0,14-232(a)(1),,False,N,False,False,V,,,,,False,1.0,CT0015600,133997714433043371,2025-07-20 11:14:38.183000,11:14:38.183000,2025,,,Moving Violation,2025
2025-08-15 18:44:08.997000,7647669.0,CT0015600,West Haven,Racial Profile,1000331,2500033473,Incident ID,2025-07-20 00:00:00,July,W,N,M,48,True,False,West Haven,1st Avenue X Wood Street,  ,  ,V,G,1.0,0,14-219,,False,N,False,False,V,,,,,False,1.0,CT0015600,133997714433043371,2025-07-20 16:18:09.787000,16:18:09.787000,2025,,,Speed Related,2025
2025-08-15 18:44:09.410000,7647780.0,CT0015600,West Haven,Racial Profile,1000636,2500033429,Incident ID,2025-07-20 00:00:00,July,B,N,M,30,True,False,West Haven,Hood Terrace/ saw mill,  ,  ,I,G,2.0,0,14-147,,False,N,False,False,U,,,,,False,1.0,CT0015600,133997714433043371,2025-07-20 08:41:08.980000,08:41:08.980000,2025,,,Administrative Offense,2025
2025-08-15 18:44:08.930000,7647647.0,CT0015600,West Haven,Racial Profile,1155,2500033408,Incident ID,2025-07-20 00:00:00,July,W,N,F,17,True,False,West Haven,mainst/ campbell ave,  ,  ,V,G,1.0,0,14-299,,False,N,False,False,I,,,,,False,1.0,CT0015600,133997714433043371,2025-07-20 03:46:00.400000,03:46:00.400000,2025,14-299,,Traffic Control Signal,2025
2025-08-15 18:44:09.003000,7647671.0,CT0015600,West Haven,Racial Profile,1000331,2500033617,Incident ID,2025-07-21 00:00:00,July,B,N,M,29,True,False,WEST HAVEN,Elm Street X Savin Avenue,  ,  ,E,G,2.0,1,14-12(a)*,,True,I,False,False,I,,,,,False,1.0,CT0015600,133997714433043371,2025-07-21 09:53:08.240000,09:53:08.240000,2025,14-213b,,Registration,2025
2025-08-15 18:44:09.140000,7647705.0,CT0015600,West Haven,Racial Profile,1000539,2500033633,Incident ID,2025-07-21 00:00:00,July,W,M,M,21,True,True,West Haven,first/clifto ,  ,  ,V,G,1.0,0,14-296aa(b),,False,N,False,False,V,,,,,False,1.0,CT0015600,133997714433043371,2025-07-21 11:27:22.943000,11:27:22.943000,2025,,,Cell Phone,2025
2025-08-15 18:44:09.077000,7647687.0,CT0015600,West Haven,Racial Profile,1000465,2500033645,Incident ID,2025-07-21 00:00:00,July,B,N,F,30,True,True,West Haven,Saw Mill Road / Meloy Road,  ,  ,V,G,1.0,0,14-12(a)*,,False,N,False,False,I,,,,,False,1.0,CT0015600,133997714433043371,2025-07-21 12:31:58.323000,12:31:58.323000,2025,38a-371,,Registration,2025
2025-08-15 18:44:09.413000,7647781.0,CT0015600,West Haven,Racial Profile,1000636,2500033572,Incident ID,2025-07-21 00:00:00,July,B,N,F,29,True,True,West Haven,campbell/ lester,  ,  ,V,B,1.0,0,14-236,,False,N,False,False,V,,,,,False,1.0,CT0015600,133997714433043371,2025-07-21 01:22:15.700000,01:22:15.700000,2025,,,Moving Violation,2025
2025-08-15 18:44:09.450000,7647791.0,CT0015600,West Haven,Racial Profile,1000658,2500033715,Incident ID,2025-07-21 00:00:00,July,W,N,M,60,True,True,West Haven,BEACH ST,  ,  ,V,G,3.0,1,14-222,,True,I,False,True,U,,,,,False,1.0,CT0015600,133997714433043371,2025-07-21 21:48:39.993000,21:48:39.993000,2025,14-227A,,Speed Related,2025
2025-08-15 18:44:09,7647670.0,CT0015600,West Haven,Racial Profile,1000331,2500033594,Incident ID,2025-07-21 00:00:00,July,W,H,M,36,True,True,WEST HAVEN,Elm Street X Kimberly Avenue,  ,  ,V,G,1.0,0,14-299,,False,N,False,False,V,,,,,False,1.0,CT0015600,133997714433043371,2025-07-21 07:50:24.343000,07:50:24.343000,2025,,,Traffic Control Signal,2025
2025-08-15 18:44:09.510000,7647805.0,CT0015600,West Haven,Racial Profile,1000688,2500033573,Incident ID,2025-07-21 00:00:00,July,A,N,M,67,True,True,West Haven,first ave/ may st ,  ,  ,V,G,1.0,0,14-12(a),,False,N,False,False,V,,,,,False,1.0,CT0015600,133997714433043371,2025-07-21 01:38:26.757000,01:38:26.757000,2025,14-12(a),,Registration,2025
2025-08-15 18:44:09.593000,7647824.0,CT0015600,West Haven,Racial Profile,1000699,2500033640,Incident ID,2025-07-21 00:00:00,July,W,N,M,28,True,False,West Haven,1st avenue/Monahan Place,  ,  ,V,G,1.0,0,14-301,,False,N,False,False,I,,,,,False,1.0,CT0015600,133997714433043371,2025-07-21 12:19:01.920000,12:19:01.920000,2025,14-301,,Stop Sign,2025
2025-08-15 18:44:09.007000,7647672.0,CT0015600,West Haven,Racial Profile,1000331,2500033761,Incident ID,2025-07-22 00:00:00,July,B,N,F,43,True,False,West Haven,Elm St X Washington Avenue,  ,  ,V,G,1.0,0,14-299,,False,N,False,False,V,,,,,False,1.0,CT0015600,133997714433043371,2025-07-22 08:15:27.173000,08:15:27.173000,2025,,,Traffic Control Signal,2025
2025-08-15 18:44:09.010000,7647673.0,CT0015600,West Haven,Racial Profile,1000331,2500033774,Incident ID,2025-07-22 00:00:00,July,W,M,M,27,True,True,West Haven,York Street and Stevens Avenue,  ,  ,V,G,3.0,0,14-301,,False,N,False,False,I,,,,,False,1.0,CT0015600,133997714433043371,2025-07-22 10:18:24.737000,10:18:24.737000,2025,,,Stop Sign,2025
2025-08-15 18:44:09.310000,7647757.0,CT0015600,West Haven,Racial Profile,1000615,2500033860,Incident ID,2025-07-22 00:00:00,July,W,N,M,37,True,False,West Haven,Campebll/ Smith CT ,  ,  ,V,G,1.0,0,14-299,,False,N,False,False,I,,,,,False,1.0,CT0015600,133997714433043371,2025-07-22 21:38:01.333000,21:38:01.333000,2025,14-36(a),,Traffic Control Signal,2025
2025-08-15 18:44:08.933000,7647648.0,CT0015600,West Haven,Racial Profile,1155,2500033739,Incident ID,2025-07-22 00:00:00,July,B,N,F,23,True,True,West Haven,sawmill rd/I-95 N ,  ,  ,V,G,1.0,0,14-299,,False,N,False,False,V,,,,,False,1.0,CT0015600,133997714433043371,2025-07-22 01:04:32.543000,01:04:32.543000,2025,14-299,,Traffic Control Signal,2025
2025-08-15 18:44:09.307000,7647756.0,CT0015600,West Haven,Racial Profile,1000615,2500033849,Incident ID,2025-07-22 00:00:00,July,W,N,F,17,True,True,WEST HAVEN,Campbell/ First ,  ,  ,V,G,1.0,0,14-242,,False,N,False,False,V,,,,,False,1.0,CT0015600,133997714433043371,2025-07-22 20:07:41.183000,20:07:41.183000,2025,14-242,,Moving Violation,2025
2025-08-15 18:44:09.143000,7647707.0,CT0015600,West Haven,Racial Profile,1000539,2500033973,Incident ID,2025-07-23 00:00:00,July,W,N,F,38,True,False,West Haven,capt thomas/platt,  ,  ,V,G,1.0,0,14-296aa(b),,False,N,False,False,I,,,,,False,1.0,CT0015600,133997714433043371,2025-07-23 14:13:50.200000,14:13:50.200000,2025,,,Cell Phone,2025
2025-08-15 18:44:09.023000,7647678.0,CT0015600,West Haven,Racial Profile,1000333,2500033964,Incident ID,2025-07-23 00:00:00,July,W,H,F,34,True,False,West Haven,Washington Ave. & Center St.,  ,  ,V,G,1.0,0,14-296aa(b),,False,N,False,False,V,,,,,False,1.0,CT0015600,133997714433043371,2025-07-23 12:40:30.187000,12:40:30.187000,2025,,,Cell Phone,2025
2025-08-15 18:44:09.473000,7647798.0,CT0015600,West Haven,Racial Profile,1000661,2500034003,Incident ID,2025-07-23 00:00:00,July,W,N,M,27,True,True,WEST HAVEN,Boston Post Road/ Orange Town Line,  ,  ,V,G,1.0,0,14-296aa(b),,False,N,False,False,V,,,,,False,1.0,CT0015600,133997714433043371,2025-07-23 18:07:33.197000,18:07:33.197000,2025,14-296aa(b),,Cell Phone,2025
2025-08-15 18:44:09.020000,7647677.0,CT0015600,West Haven,Racial Profile,1000333,2500033961,Incident ID,2025-07-23 00:00:00,July,W,N,M,60,True,True,West Haven,First Ave & East Brown St.,  ,  ,V,G,1.0,0,14-301,,False,N,False,False,I,,,,,False,1.0,CT0015600,133997714433043371,2025-07-23 12:23:44.587000,12:23:44.587000,2025,,,Stop Sign,2025
2025-08-15 18:44:09.143000,7647706.0,CT0015600,West Haven,Racial Profile,1000539,2500033942,Incident ID,2025-07-23 00:00:00,July,B,N,F,28,True,True,West Haven,savin/elm,  ,  ,V,G,1.0,0,14-301,,False,N,False,False,I,,,,,False,1.0,CT0015600,133997714433043371,2025-07-23 09:41:43.017000,09:41:43.017000,2025,,,Stop Sign,2025
2025-08-15 18:44:09.477000,7647799.0,CT0015600,West Haven,Racial Profile,1000661,2500034004,Incident ID,2025-07-23 00:00:00,July,W,H,F,25,True,True,WEST HAVEN,Meloy Rd/ Baker,  ,  ,V,G,1.0,0,14-299,,False,N,False,False,V,,,,,False,1.0,CT0015600,133997714433043371,2025-07-23 18:17:35.710000,18:17:35.710000,2025,14-299,,Traffic Control Signal,2025
2025-08-15 18:44:09.313000,7647759.0,CT0015600,West Haven,Racial Profile,1000615,2500033939,Incident ID,2025-07-23 00:00:00,July,W,H,M,19,True,True,West Haven,Savin/Main ,  ,  ,V,G,1.0,0,14-301,,False,N,False,False,I,,,,,False,1.0,CT0015600,133997714433043371,2025-07-23 09:28:54.100000,09:28:54.100000,2025,14-301,,Stop Sign,2025
2025-08-15 18:44:09.527000,7647811.0,CT0015600,West Haven,Racial Profile,1000698,2500034005,Incident ID,2025-07-23 00:00:00,July,B,N,M,21,False,False,West Haven,Tuthill Street / Boston Post Road,  ,  ,E,B,1.0,0,14-99g,,False,N,False,False,V,,,,,False,1.0,CT0015600,133997714433043371,2025-07-23 18:35:11.107000,18:35:11.107000,2025,,,Window Tint,2025
2025-08-15 18:44:09.027000,7647679.0,CT0015600,West Haven,Racial Profile,1000333,2500033966,Incident ID,2025-07-23 00:00:00,July,W,N,F,38,True,True,West Haven,Richards St. & North Union Ave.,  ,  ,V,G,1.0,0,14-301,,False,N,False,False,I,,,,,False,1.0,CT0015600,133997714433043371,2025-07-23 12:52:36.717000,12:52:36.717000,2025,,,Stop Sign,2025
2025-08-15 18:44:09.313000,7647758.0,CT0015600,West Haven,Racial Profile,1000615,2500033934,Incident ID,2025-07-23 00:00:00,July,B,N,M,39,True,False,West Haven,Savin/ Main ,  ,  ,V,G,1.0,0,14-301,,False,N,False,False,I,,,,,False,1.0,CT0015600,133997714433043371,2025-07-23 09:01:49.573000,09:01:49.573000,2025,14-36(a) ,,Stop Sign,2025
2025-08-15 18:44:09.317000,7647760.0,CT0015600,West Haven,Racial Profile,1000615,2500034011,Incident ID,2025-07-23 00:00:00,July,B,N,F,70,True,False,West Haven,Ocean/ Lake ,  ,  ,E,G,1.0,0,14-18(c),,False,N,False,False,V,,,,,False,1.0,CT0015600,133997714433043371,2025-07-23 19:20:17.047000,19:20:17.047000,2025,14-18(c),,Display of Plates,2025
2025-08-15 18:44:09.400000,7647777.0,CT0015600,West Haven,Racial Profile,1000626,2500033955,Incident ID,2025-07-23 00:00:00,July,W,H,M,38,True,False,WEST HAVEN,582 boston post road,  ,  ,V,G,1.0,1,14-147,,False,N,False,True,M,,,,,False,1.0,CT0015600,133997714433043371,2025-07-23 11:28:10.110000,11:28:10.110000,2025,38a-371,,Administrative Offense,2025
2025-08-15 18:44:09.260000,7647737.0,CT0015600,West Haven,Racial Profile,1000602,2500034185,Incident ID,2025-07-24 00:00:00,July,B,N,M,63,True,True,West Haven,campbell avenue,  ,  ,V,G,3.0,1,14-147(c),,True,I,False,False,I,,,,,False,1.0,CT0015600,133997714433043371,2025-07-24 21:13:08.450000,21:13:08.450000,2025,,,Administrative Offense,2025
2025-08-15 18:44:09.320000,7647761.0,CT0015600,West Haven,Racial Profile,1000615,2500034163,Incident ID,2025-07-24 00:00:00,July,W,H,M,36,False,False,WEST HAVEN,Boston Post Rd/ Horton Place ,  ,  ,V,G,1.0,0,14-12(a)*,,False,N,False,False,I,,,,,False,1.0,CT0015600,133997714433043371,2025-07-24 18:12:47.983000,18:12:47.983000,2025,14-12(a)*,,Registration,2025
2025-08-15 18:44:09.427000,7647784.0,CT0015600,West Haven,Racial Profile,1000637,2500034110,Incident ID,2025-07-24 00:00:00,July,W,N,F,70,True,True,West Haven,Elm and First Ave,  ,  ,V,G,1.0,0,14-232(b),,False,N,False,False,V,,,,,False,1.0,CT0015600,133997714433043371,2025-07-24 11:36:49.353000,11:36:49.353000,2025,,,Moving Violation,2025
2025-08-15 18:44:09.147000,7647708.0,CT0015600,West Haven,Racial Profile,1000539,2500034107,Incident ID,2025-07-24 00:00:00,July,W,N,M,43,True,True,West Haven,SAVIN/ELM,  ,  ,V,G,1.0,0,14-296aa(b),,False,N,False,False,V,,,,,False,1.0,CT0015600,133997714433043371,2025-07-24 10:55:30.790000,10:55:30.790000,2025,,,Cell Phone,2025
2025-08-15 18:44:09.327000,7647762.0,CT0015600,West Haven,Racial Profile,1000615,2500034180,Incident ID,2025-07-24 00:00:00,July,B,N,M,33,True,True,West Haven,Burwell/ Forst ,  ,  ,E,G,1.0,0,14-12(a)*,,False,N,False,False,I,,,,,False,1.0,CT0015600,133997714433043371,2025-07-24 20:58:06.557000,20:58:06.557000,2025,14-18(a),,Registration,2025
2025-08-15 18:44:09.453000,7647792.0,CT0015600,West Haven,Racial Profile,1000658,2500034189,Incident ID,2025-07-24 00:00:00,July,B,N,F,30,True,False,West Haven,beach st,  ,  ,V,G,1.0,0,14-222,,False,N,False,False,V,,,,,False,1.0,CT0015600,133997714433043371,2025-07-24 21:56:11.130000,21:56:11.130000,2025,,,Speed Related,2025
2025-08-15 18:44:09.500000,7647802.0,CT0015600,West Haven,Racial Profile,1000675,2500034165,Incident ID,2025-07-24 00:00:00,July,B,N,M,37,True,True,West Haven,Hillcrest/Orion,  ,  ,I,G,2.0,1,38a-371,,True,I,False,False,M,,,,,False,1.0,CT0015600,133997714433043371,2025-07-24 18:33:11.893000,18:33:11.893000,2025,,,Other,2025
2025-08-15 18:44:09.183000,7647720.0,CT0015600,West Haven,Racial Profile,1000559,2500034351,Incident ID,2025-07-25 00:00:00,July,W,N,M,62,True,False,West Haven,Campbell Avenue / Rchards Street,  ,  ,V,G,1.0,0,14-299,,False,N,False,False,V,,,,,False,1.0,CT0015600,133997714433043371,2025-07-25 22:56:05.227000,22:56:05.227000,2025,,,Traffic Control Signal,2025
2025-08-15 18:44:09.267000,7647741.0,CT0015600,West Haven,Racial Profile,1000602,2500034355,Incident ID,2025-07-25 00:00:00,July,W,H,M,26,True,False,West Haven,CAMPBELL AVENUE,  ,  ,V,G,2.0,1,14-18(a),,True,I,False,False,I,,,,,False,1.0,CT0015600,133997714433043371,2025-07-25 23:22:13.650000,23:22:13.650000,2025,14-12(a)*,,Display of Plates,2025
2025-08-15 18:44:09.267000,7647740.0,CT0015600,West Haven,Racial Profile,1000602,2500034339,Incident ID,2025-07-25 00:00:00,July,B,N,M,57,True,False,West Haven,campbell avenue,  ,  ,V,G,3.0,1,14-12(a)*,,True,O,True,True,U,,,,,False,1.0,CT0015600,133997714433043371,2025-07-25 20:56:34.853000,20:56:34.853000,2025,,,Registration,2025
2025-08-15 18:44:08.950000,7647653.0,CT0015600,West Haven,Racial Profile,1162,2500034279,Incident ID,2025-07-25 00:00:00,July,W,N,M,64,True,False,West Haven,saw mill/greta st,  ,  ,V,G,1.0,0,14-299,,False,N,False,False,V,,,,,False,1.0,CT0015600,133997714433043371,2025-07-25 11:00:28.547000,11:00:28.547000,2025,,,Traffic Control Signal,2025
2025-08-15 18:44:09.260000,7647738.0,CT0015600,West Haven,Racial Profile,1000602,2500034332,Incident ID,2025-07-25 00:00:00,July,W,N,M,33,True,False,West Haven,elm street,  ,  ,V,G,2.0,1,14-147(c),,True,I,False,False,I,,,,,False,1.0,CT0015600,133997714433043371,2025-07-25 19:20:29.977000,19:20:29.977000,2025,,,Administrative Offense,2025
2025-08-15 18:44:09.263000,7647739.0,CT0015600,West Haven,Racial Profile,1000602,2500034335,Incident ID,2025-07-25 00:00:00,July,W,H,M,27,True,False,West Haven,first avenue,  ,  ,V,G,2.0,1,14-147(c),,True,I,False,False,M,,,,,False,1.0,CT0015600,133997714433043371,2025-07-25 19:59:09.800000,19:59:09.800000,2025,38a-371,,Administrative Offense,2025
2025-08-15 18:44:09.460000,7647793.0,CT0015600,West Haven,Racial Profile,1000658,2500034345,Incident ID,2025-07-25 00:00:00,July,B,N,M,39,True,True,West Haven,beach st,  ,  ,V,G,1.0,0,14-243(a),,False,N,False,False,V,,,,,False,1.0,CT0015600,133997714433043371,2025-07-25 21:59:29.357000,21:59:29.357000,2025,,,Moving Violation,2025
2025-08-15 18:44:09.197000,7647721.0,CT0015600,West Haven,Racial Profile,1000559,2500034515,Incident ID,2025-07-26 00:00:00,July,B,N,M,32,True,False,WEST HAVEN,Main Street / Campbell Avenue ,  ,  ,V,G,2.0,0,14-12(a),,True,I,False,False,M,,,,,False,1.0,CT0015600,133997714433043371,2025-07-26 22:53:33.360000,22:53:33.360000,2025,,,Registration,2025
2025-08-15 18:44:09.467000,7647795.0,CT0015600,West Haven,Racial Profile,1000658,2500034510,Incident ID,2025-07-26 00:00:00,July,B,N,M,35,True,False,West Haven,beach st,  ,  ,V,G,1.0,0,14-236,,False,N,False,False,V,,,,,False,1.0,CT0015600,133997714433043371,2025-07-26 21:55:40.423000,21:55:40.423000,2025,,,Moving Violation,2025
2025-08-15 18:44:09.273000,7647743.0,CT0015600,West Haven,Racial Profile,1000602,2500034499,Incident ID,2025-07-26 00:00:00,July,W,N,M,56,True,False,West Haven,campbell avenue,  ,  ,V,G,2.0,1,14-147(c),,True,I,True,False,M,,,,,False,1.0,CT0015600,133997714433043371,2025-07-26 20:46:31.097000,20:46:31.097000,2025,38a-371,,Administrative Offense,2025
2025-08-15 18:44:09.277000,7647744.0,CT0015600,West Haven,Racial Profile,1000602,2500034514,Incident ID,2025-07-26 00:00:00,July,B,N,F,37,True,True,West Haven,capt thomas,  ,  ,V,G,1.0,0,14-12a,,False,N,False,True,U,,,,,False,1.0,CT0015600,133997714433043371,2025-07-26 22:25:02.703000,22:25:02.703000,2025,53a-223*,,Registration,2025
2025-08-15 18:44:09.460000,7647794.0,CT0015600,West Haven,Racial Profile,1000658,2500034375,Incident ID,2025-07-26 00:00:00,July,B,N,F,27,True,False,West Haven,elm st,  ,  ,V,G,1.0,0,14-236,,False,N,False,False,V,,,,,False,1.0,CT0015600,133997714433043371,2025-07-26 01:45:09.893000,01:45:09.893000,2025,,,Moving Violation,2025
2025-08-15 18:44:09.530000,7647812.0,CT0015600,West Haven,Racial Profile,1000698,2500034513,Incident ID,2025-07-26 00:00:00,July,B,N,M,44,True,True,West Haven,West Spring/Meloy,  ,  ,V,B,1.0,0,14-301,,False,N,False,False,V,,,,,False,1.0,CT0015600,133997714433043371,2025-07-26 22:12:38.213000,22:12:38.213000,2025,,,Stop Sign,2025
2025-08-15 18:44:09.270000,7647742.0,CT0015600,West Haven,Racial Profile,1000602,2500034491,Incident ID,2025-07-26 00:00:00,July,B,N,F,34,True,True,West Haven,gilbert st,  ,  ,V,G,1.0,0,14-215a,,False,N,False,False,V,,,,,False,1.0,CT0015600,133997714433043371,2025-07-26 20:14:22.197000,20:14:22.197000,2025,,,Administrative Offense,2025
2025-08-15 18:44:09.013000,7647674.0,CT0015600,West Haven,Racial Profile,1000331,2500034602,Incident ID,2025-07-27 00:00:00,July,B,N,F,78,True,True,West Haven,Elm Street X 2nd Avenue,  ,  ,V,G,1.0,0,14-232(a)(1),,False,N,False,False,V,,,,,False,1.0,CT0015600,133997714433043371,2025-07-27 13:10:47.450000,13:10:47.450000,2025,,,Moving Violation,2025
2025-08-15 18:44:09.080000,7647688.0,CT0015600,West Haven,Racial Profile,1000465,2500034645,Incident ID,2025-07-27 00:00:00,July,B,N,M,25,True,False,West Haven,Elm / Savin,  ,  ,V,G,1.0,0,14-299,,True,C,False,False,V,,,,,False,1.0,CT0015600,133997714433043371,2025-07-27 18:35:23.337000,18:35:23.337000,2025,14-215(a),,Traffic Control Signal,2025
2025-08-15 18:44:09.430000,7647785.0,CT0015600,West Haven,Racial Profile,1000637,2500034648,Incident ID,2025-07-27 00:00:00,July,W,H,M,16,True,True,West Haven,sawmill road,  ,  ,V,G,1.0,0,14-218(a),,False,N,False,False,V,,,,,False,1.0,CT0015600,133997714433043371,2025-07-27 18:38:55.700000,18:38:55.700000,2025,,,Speed Related,2025
2025-08-15 18:44:09.080000,7647689.0,CT0015600,West Haven,Racial Profile,1000465,2500034660,Incident ID,2025-07-27 00:00:00,July,W,N,M,35,True,False,West Haven,Main / Wagner,  ,  ,V,G,1.0,0,14-240,,False,N,False,False,V,,,,,False,1.0,CT0015600,133997714433043371,2025-07-27 21:12:44.053000,21:12:44.053000,2025,,,Moving Violation,2025
2025-08-15 18:44:09.030000,7647680.0,CT0015600,West Haven,Racial Profile,1000333,2500034771,Incident ID,2025-07-28 00:00:00,July,B,N,F,47,True,False,West Haven,kelsey ave & chestnut,  ,  ,V,G,1.0,0,14-300(c),,False,N,False,False,V,,,,,False,1.0,CT0015600,133997714433043371,2025-07-28 15:33:02.427000,15:33:02.427000,2025,,,Other,2025
2025-08-15 18:44:09.090000,7647692.0,CT0015600,West Haven,Racial Profile,1000465,2500034807,Incident ID,2025-07-28 00:00:00,July,A,N,M,50,True,True,West Haven,Main  / Wagner,  ,  ,V,G,1.0,0,14-242,,False,N,False,False,V,,,,,False,1.0,CT0015600,133997714433043371,2025-07-28 19:01:29.703000,19:01:29.703000,2025,,,Moving Violation,2025
2025-08-15 18:44:09.087000,7647691.0,CT0015600,West Haven,Racial Profile,1000465,2500034797,Incident ID,2025-07-28 00:00:00,July,W,H,M,25,True,True,West Haven,Greta / Highland ,  ,  ,V,G,1.0,0,14-12(a)*,,False,N,False,False,V,,,,,False,1.0,CT0015600,133997714433043371,2025-07-28 18:04:57.740000,18:04:57.740000,2025,,,Registration,2025
2025-08-15 18:44:09.083000,7647690.0,CT0015600,West Haven,Racial Profile,1000465,2500034782,Incident ID,2025-07-28 00:00:00,July,B,N,M,35,True,False,West Haven,I-95 / Marsh Hill Road,  ,  ,E,G,1.0,0,14-99g(g),,False,N,False,False,V,,,,,False,1.0,CT0015600,133997714433043371,2025-07-28 16:23:37.687000,16:23:37.687000,2025,,,Window Tint,2025
2025-08-15 18:44:09.093000,7647693.0,CT0015600,West Haven,Racial Profile,1000465,2500034809,Incident ID,2025-07-28 00:00:00,July,B,N,M,27,True,True,West Haven,Main / Wagner,  ,  ,V,G,1.0,0,14-242,,False,N,False,False,V,,,,,False,1.0,CT0015600,133997714433043371,2025-07-28 19:14:47.840000,19:14:47.840000,2025,,,Moving Violation,2025
2025-08-15 18:44:08.937000,7647649.0,CT0015600,West Haven,Racial Profile,1155,2500034810,Incident ID,2025-07-28 00:00:00,July,W,N,F,33,False,False,West Haven,sawmill r/meloy rd,  ,  ,V,G,1.0,0,14-236,,False,N,False,False,V,,,,,False,1.0,CT0015600,133997714433043371,2025-07-28 19:22:14.413000,19:22:14.413000,2025,,,Moving Violation,2025
2025-08-15 18:44:09.280000,7647746.0,CT0015600,West Haven,Racial Profile,1000602,2500034928,Incident ID,2025-07-29 00:00:00,July,B,N,F,28,True,False,West Haven,campbell avenue,  ,  ,I,G,2.0,0,14-223(b)**,,False,N,False,True,U,,,,,False,1.0,CT0015600,133997714433043371,2025-07-29 12:37:05.380000,12:37:05.380000,2025,,,Other,2025
2025-08-15 18:44:08.953000,7647654.0,CT0015600,West Haven,Racial Profile,1162,2500034920,Incident ID,2025-07-29 00:00:00,July,A,N,F,49,True,True,West Haven,campbell/leete,  ,  ,V,G,1.0,0,14-12(a)*,,False,N,False,False,V,,,,,False,1.0,CT0015600,133997714433043371,2025-07-29 11:01:03.420000,11:01:03.420000,2025,,,Registration,2025
2025-08-15 18:44:09.277000,7647745.0,CT0015600,West Haven,Racial Profile,1000602,2500034887,Incident ID,2025-07-29 00:00:00,July,B,N,M,34,True,False,West Haven,campbell avenue,  ,  ,V,G,1.0,0,14-242(e),,False,N,False,False,V,,,,,False,1.0,CT0015600,133997714433043371,2025-07-29 07:57:54.387000,07:57:54.387000,2025,,,Moving Violation,2025
2025-08-15 18:44:09.173000,7647716.0,CT0015600,West Haven,Racial Profile,1000549,2500035012,Incident ID,2025-07-30 00:00:00,July,W,H,M,29,True,True,West Haven,forest / westfield,  ,  ,E,G,1.0,0,14-96,,False,N,False,False,V,,,,,False,1.0,CT0015600,133997714433043371,2025-07-30 00:31:09.750000,00:31:09.750000,2025,,,Defective Lights,2025
2025-08-15 18:44:09.327000,7647763.0,CT0015600,West Haven,Racial Profile,1000615,2500035081,Incident ID,2025-07-30 00:00:00,July,B,N,M,19,False,True,West Haven,campbell/ashburton ,  ,  ,V,G,1.0,0,14-18(c),,False,N,False,False,V,,,,,False,1.0,CT0015600,133997714433043371,2025-07-30 12:59:52.380000,12:59:52.380000,2025,,,Display of Plates,2025
2025-08-15 18:44:09.330000,7647764.0,CT0015600,West Haven,Racial Profile,1000615,2500035082,Incident ID,2025-07-30 00:00:00,July,B,N,M,78,True,True,West Haven,First/ May ,  ,  ,V,G,1.0,0,14-236,,False,N,False,False,V,,,,,False,1.0,CT0015600,133997714433043371,2025-07-30 13:17:15.673000,13:17:15.673000,2025,,,Moving Violation,2025
2025-08-15 18:44:09.217000,7647726.0,CT0015600,West Haven,Racial Profile,1000582,2500035017,Incident ID,2025-07-30 00:00:00,July,B,N,M,22,True,False,West Haven,First/ campbell,  ,  ,E,G,1.0,0,14-99g,,False,N,False,False,V,,,,,False,1.0,CT0015600,133997714433043371,2025-07-30 01:25:42.190000,01:25:42.190000,2025,14-99g,,Window Tint,2025
2025-08-15 18:44:09.330000,7647765.0,CT0015600,West Haven,Racial Profile,1000615,2500035084,Incident ID,2025-07-30 00:00:00,July,W,N,M,69,True,True,West Haven,savin/church ,  ,  ,V,G,1.0,0,14-301,,False,N,False,False,V,,,,,False,1.0,CT0015600,133997714433043371,2025-07-30 13:27:53.460000,13:27:53.460000,2025,14-301,,Stop Sign,2025
2025-08-15 18:44:09.103000,7647696.0,CT0015600,West Haven,Racial Profile,1000465,2500035290,Incident ID,2025-07-31 00:00:00,July,W,N,M,60,True,True,West Haven,Saw Mill Road / West Clark Street,  ,  ,V,G,1.0,0,14-18(a),,False,N,False,False,V,,,,,False,1.0,CT0015600,133997714433043371,2025-07-31 20:06:25.660000,20:06:25.660000,2025,,,Display of Plates,2025
2025-08-15 18:44:09.153000,7647710.0,CT0015600,West Haven,Racial Profile,1000539,2500035234,Incident ID,2025-07-31 00:00:00,July,W,N,M,65,True,True,West Haven,savin/center,  ,  ,V,G,1.0,0,14-301,,False,N,False,False,I,,,,,False,1.0,CT0015600,133997714433043371,2025-07-31 13:07:23.740000,13:07:23.740000,2025,,,Stop Sign,2025
2025-08-15 18:44:09.107000,7647697.0,CT0015600,West Haven,Racial Profile,1000465,2500035292,Incident ID,2025-07-31 00:00:00,July,W,N,F,33,True,False,West Haven,Campebll / Lamson,  ,  ,V,G,1.0,0,14-236,,False,N,False,False,N,,,,,False,1.0,CT0015600,133997714433043371,2025-07-31 20:37:43.393000,20:37:43.393000,2025,,,Moving Violation,2025
2025-08-15 18:44:09.150000,7647709.0,CT0015600,West Haven,Racial Profile,1000539,2500035209,Incident ID,2025-07-31 00:00:00,July,W,H,M,29,True,False,West Haven,stevens/york,  ,  ,V,G,1.0,0,14-301,,False,N,False,False,V,,,,,False,1.0,CT0015600,133997714433043371,2025-07-31 09:52:43.140000,09:52:43.140000,2025,,,Stop Sign,2025
2025-08-15 18:44:09.167000,7647714.0,CT0015600,West Haven,Racial Profile,1000548,2500035160,Incident ID,2025-07-31 00:00:00,July,W,M,M,35,True,True,West Haven,First Ave/Elm Street,  ,  ,I,G,1.0,0,14-301,,True,N,False,False,V,,,,,False,1.0,CT0015600,133997714433043371,2025-07-31 00:18:00.830000,00:18:00.830000,2025,14-301,,Stop Sign,2025
2025-08-15 18:44:09.467000,7647796.0,CT0015600,West Haven,Racial Profile,1000658,2500035276,Incident ID,2025-07-31 00:00:00,July,W,M,M,37,True,False,WEST HAVEN,kimberly ave,  ,  ,E,G,1.0,0,14-96e,,False,N,False,False,V,,,,,False,1.0,CT0015600,133997714433043371,2025-07-31 18:42:17.377000,18:42:17.377000,2025,,,Defective Lights,2025
2025-08-15 18:44:08.940000,7647650.0,CT0015600,West Haven,Racial Profile,1155,2500035271,Incident ID,2025-07-31 00:00:00,July,W,N,M,22,True,True,West Haven,captain thomas/ savin ave,  ,  ,V,G,1.0,0,14-299,,False,N,False,False,V,,,,,False,1.0,CT0015600,133997714433043371,2025-07-31 18:05:54.823000,18:05:54.823000,2025,,,Traffic Control Signal,2025
2025-08-15 18:44:09.097000,7647694.0,CT0015600,West Haven,Racial Profile,1000465,2500035249,Incident ID,2025-07-31 00:00:00,July,B,N,M,30,True,False,West Haven,Elm / Campbell,  ,  ,V,G,1.0,0,14-299,,False,N,False,False,V,,,,,False,1.0,CT0015600,133997714433043371,2025-07-31 15:44:08.007000,15:44:08.007000,2025,14-299,,Traffic Control Signal,2025
2025-08-15 18:44:09.100000,7647695.0,CT0015600,West Haven,Racial Profile,1000465,2500035275,Incident ID,2025-07-31 00:00:00,July,B,N,M,25,True,False,West Haven,Main / Wagner,  ,  ,V,G,1.0,0,14-299,,False,N,False,False,V,,,,,False,1.0,CT0015600,133997714433043371,2025-07-31 18:41:58.113000,18:41:58.113000,2025,,,Traffic Control Signal,2025
2025-09-15 18:42:18.680000,7721828.0,CT0015600,West Haven,Racial Profile,1000549,2500035329,Incident ID,2025-08-01 00:00:00,August,W,H,F,21,True,False,West Haven,first / center,  ,  ,V,G,1.0,0,14-301,,False,N,False,False,V,,,,,False,1.0,CT0015600,134024497337048708,2025-08-01 02:13:26.173000,02:13:26.173000,2025,,,Stop Sign,2025
2025-09-15 18:42:18.653000,7721818.0,CT0015600,West Haven,Racial Profile,1000468,2500035431,Incident ID,2025-08-01 00:00:00,August,W,N,F,26,True,True,WEST HAVEN,Saw Mill Road/Hillcrest Avenue,  ,  ,V,B,1.0,0,14-245,,False,N,False,False,V,,,,,False,1.0,CT0015600,134024497337048708,2025-08-01 15:31:05.563000,15:31:05.563000,2025,14-245,,Moving Violation,2025
2025-09-15 18:42:18.847000,7721892.0,CT0015600,West Haven,Racial Profile,1000615,2500035380,Incident ID,2025-08-01 00:00:00,August,B,N,M,61,True,False,West Haven,campbell/main ,  ,  ,V,G,1.0,0,14-12(a)*,,False,N,False,False,V,,,,,False,1.0,CT0015600,134024497337048708,2025-08-01 10:25:30.397000,10:25:30.397000,2025,14-12(a)*,,Registration,2025
2025-09-15 18:42:18.730000,7721848.0,CT0015600,West Haven,Racial Profile,1000602,2500035492,Incident ID,2025-08-01 00:00:00,August,W,H,M,26,False,False,West Haven,Wallace Street,  ,  ,V,G,2.0,1,14-147(c),,True,I,False,False,M,,,,,False,1.0,CT0015600,134024497337048708,2025-08-01 21:53:35.387000,21:53:35.387000,2025,38a-371,,Administrative Offense,2025
2025-09-15 18:42:18.850000,7721893.0,CT0015600,West Haven,Racial Profile,1000615,2500035411,Incident ID,2025-08-01 00:00:00,August,W,N,M,39,True,True,West Haven,campbell/ elm ,  ,  ,V,G,1.0,0,14-215(a),,False,N,False,True,M,,,,,False,1.0,CT0015600,134024497337048708,2025-08-01 13:49:47.170000,13:49:47.170000,2025,14-36(a),,Administrative Offense,2025
2025-09-15 18:42:18.410000,7721762.0,CT0015600,West Haven,Racial Profile,1155,2500035466,Incident ID,2025-08-01 00:00:00,August,B,N,M,22,False,False,West Haven,sawmill/railroad,  ,  ,V,G,2.0,0,14-29,,False,N,False,True,U,,,,,False,1.0,CT0015600,134024497337048708,2025-08-01 18:54:46.567000,18:54:46.567000,2025,reckless driving,,Other,2025
2025-09-15 18:42:18.727000,7721847.0,CT0015600,West Haven,Racial Profile,1000602,2500035476,Incident ID,2025-08-01 00:00:00,August,W,H,M,42,True,True,WEST HAVEN,kimberly avenue,  ,  ,V,G,2.0,0,14-147(c),,False,N,False,False,M,,,,,False,1.0,CT0015600,134024497337048708,2025-08-01 19:48:02.223000,19:48:02.223000,2025,38a-371,,Administrative Offense,2025
2025-09-15 18:42:18.947000,7721930.0,CT0015600,West Haven,Racial Profile,1000626,2500035370,Incident ID,2025-08-01 00:00:00,August,W,N,M,51,True,False,WEST HAVEN,560 Forest Road,  ,  ,V,G,1.0,1,14-12(a)*,,False,N,False,True,M,,,,,False,1.0,CT0015600,134024497337048708,2025-08-01 09:39:58.133000,09:39:58.133000,2025,14-215b(2),,Registration,2025
2025-09-15 18:42:18.733000,7721850.0,CT0015600,West Haven,Racial Profile,1000602,2500035574,Incident ID,2025-08-02 00:00:00,August,W,H,F,32,True,True,West Haven,bristol st,  ,  ,V,G,1.0,0,14-18(a),,False,N,False,False,M,,,,,False,1.0,CT0015600,134024497337048708,2025-08-02 10:35:34.857000,10:35:34.857000,2025,14-147a,,Display of Plates,2025
2025-09-15 18:42:18.737000,7721851.0,CT0015600,West Haven,Racial Profile,1000602,2500035642,Incident ID,2025-08-02 00:00:00,August,W,N,F,29,True,True,West Haven,spring street,  ,  ,V,G,3.0,1,14-147(c),,True,I,True,False,M,,,,,False,1.0,CT0015600,134024497337048708,2025-08-02 19:41:54.683000,19:41:54.683000,2025,38a-371,,Administrative Offense,2025
2025-09-15 18:42:18.730000,7721849.0,CT0015600,West Haven,Racial Profile,1000602,2500035519,Incident ID,2025-08-02 00:00:00,August,B,N,F,36,True,False,West Haven,Elm Street,  ,  ,V,G,2.0,1,14-12(a)*,,True,I,False,False,M,,,,,False,1.0,CT0015600,134024497337048708,2025-08-02 01:26:35.700000,01:26:35.700000,2025,14-215a,,Registration,2025
2025-09-15 18:42:18.740000,7721852.0,CT0015600,West Haven,Racial Profile,1000602,2500035663,Incident ID,2025-08-02 00:00:00,August,B,N,F,32,True,False,West Haven,terrace ave,  ,  ,V,G,1.0,0,14-215(a)a,,False,N,False,False,V,,,,,False,1.0,CT0015600,134024497337048708,2025-08-02 21:25:14.523000,21:25:14.523000,2025,,,Other,2025
2025-09-15 18:42:19.203000,7721995.0,CT0015600,West Haven,Racial Profile,1000688,2500035532,Incident ID,2025-08-02 00:00:00,August,B,N,F,50,True,True,West Haven,first/ center ,  ,  ,V,G,1.0,0,14-236,,False,N,False,False,V,,,,,False,1.0,CT0015600,134024497337048708,2025-08-02 02:59:30.617000,02:59:30.617000,2025,,,Moving Violation,2025
2025-09-15 18:42:18.740000,7721853.0,CT0015600,West Haven,Racial Profile,1000602,2500035697,Incident ID,2025-08-03 00:00:00,August,B,N,M,34,True,False,WEST HAVEN,first avenue,  ,  ,V,G,1.0,0,14-147(c),,False,N,False,False,V,,,,,False,1.0,CT0015600,134024497337048708,2025-08-03 01:36:40.967000,01:36:40.967000,2025,,,Administrative Offense,2025
2025-09-15 18:42:18.457000,7721776.0,CT0015600,West Haven,Racial Profile,1200,2500035737,Incident ID,2025-08-03 00:00:00,August,W,N,M,60,True,True,West Haven,FRONT & SPRING,  ,  ,V,G,1.0,0,14-12(a)*,,False,N,False,False,V,,,,,False,1.0,CT0015600,134024497337048708,2025-08-03 10:24:43.100000,10:24:43.100000,2025,,,Registration,2025
2025-09-15 18:42:19.303000,7722006.0,CT0015600,West Haven,Racial Profile,1000698,2500035708,Incident ID,2025-08-03 00:00:00,August,W,H,M,19,True,False,WEST HAVEN,1129 Campbell Ave,  ,  ,E,B,1.0,0,14-18(c),,False,N,False,False,V,,,,,False,1.0,CT0015600,134024497337048708,2025-08-03 03:30:30.787000,03:30:30.787000,2025,,,Display of Plates,2025
2025-09-15 18:42:18.700000,7721837.0,CT0015600,West Haven,Racial Profile,1000568,2500035695,Incident ID,2025-08-03 00:00:00,August,B,N,M,31,True,True,West Haven,Boston Post Road / Campbell Avenue,  ,  ,V,G,1.0,0,23-4-B3,,False,N,False,False,V,,,,,False,1.0,CT0015600,134024497337048708,2025-08-03 01:20:47.077000,01:20:47.077000,2025,23-4-B3,,Other,2025
2025-09-15 18:42:19.030000,7721962.0,CT0015600,West Haven,Racial Profile,1000665,2500035986,Incident ID,2025-08-04 00:00:00,August,B,N,F,51,True,True,West Haven,First Avenue,  ,  ,V,G,1.0,0,14-299,,False,N,False,False,V,,,,,False,1.0,CT0015600,134024497337048708,2025-08-04 21:37:03.363000,21:37:03.363000,2025,14-299,,Traffic Control Signal,2025
2025-09-15 18:42:18.973000,7721939.0,CT0015600,West Haven,Racial Profile,1000637,2500035981,Incident ID,2025-08-04 00:00:00,August,B,N,M,28,True,False,West Haven,Boston Post Road/Peabody,  ,  ,V,G,1.0,0,14-299,,False,N,False,False,V,,,,,False,1.0,CT0015600,134024497337048708,2025-08-04 20:56:01.787000,20:56:01.787000,2025,,,Traffic Control Signal,2025
2025-09-15 18:42:18.657000,7721819.0,CT0015600,West Haven,Racial Profile,1000517,2500036098,Incident ID,2025-08-05 00:00:00,August,W,N,F,60,False,False,West Haven,First Avenue / Elm Street,  ,  ,V,G,1.0,0,14-236,,False,N,False,False,I,,,,,False,1.0,CT0015600,134024497337048708,2025-08-05 14:58:24.920000,14:58:24.920000,2025,,,Moving Violation,2025
2025-09-15 18:42:18.480000,7721781.0,CT0015600,West Haven,Racial Profile,1000331,2500036070,Incident ID,2025-08-05 00:00:00,August,W,N,F,48,True,True,West Haven,Saw Mill Road X Greta St,  ,  ,V,G,1.0,0,14-299,,False,N,False,False,V,,,,,False,1.0,CT0015600,134024497337048708,2025-08-05 11:15:50.937000,11:15:50.937000,2025,14-12a,,Traffic Control Signal,2025
2025-09-15 18:42:18.683000,7721830.0,CT0015600,West Haven,Racial Profile,1000549,2500036008,Incident ID,2025-08-05 00:00:00,August,B,N,M,34,True,False,West Haven,boston post / rockdale,  ,  ,V,G,1.0,0,14-218(a),,False,N,False,False,V,,,,,False,1.0,CT0015600,134024497337048708,2025-08-05 01:16:53.953000,01:16:53.953000,2025,,,Speed Related,2025
2025-09-15 18:42:18.750000,7721856.0,CT0015600,West Haven,Racial Profile,1000602,2500036155,Incident ID,2025-08-05 00:00:00,August,W,H,M,41,True,True,West Haven,myrtle st,  ,  ,V,G,2.0,0,14-147(a),,False,N,False,False,M,,,,,False,1.0,CT0015600,134024497337048708,2025-08-05 21:13:00.897000,21:13:00.897000,2025,,,Administrative Offense,2025
2025-09-15 18:42:19.033000,7721963.0,CT0015600,West Haven,Racial Profile,1000665,2500036126,Incident ID,2025-08-05 00:00:00,August,W,H,M,34,True,True,West Haven,Boston Post Road/Front Avenue,  ,  ,V,G,1.0,0,14-12(a)*,,False,N,False,False,M,,,,,False,1.0,CT0015600,134024497337048708,2025-08-05 17:38:51.670000,17:38:51.670000,2025,38a-371,,Registration,2025
2025-09-15 18:42:19.037000,7721964.0,CT0015600,West Haven,Racial Profile,1000665,2500036133,Incident ID,2025-08-05 00:00:00,August,B,N,F,73,True,False,West Haven,Boston Post Road,  ,  ,V,G,2.0,1,14-215(a),,True,I,False,False,M,,,,,False,1.0,CT0015600,134024497337048708,2025-08-05 18:10:16.400000,18:10:16.400000,2025,38a-371,,Administrative Offense,2025
2025-09-15 18:42:19.040000,7721965.0,CT0015600,West Haven,Racial Profile,1000665,2500036141,Incident ID,2025-08-05 00:00:00,August,W,H,F,44,True,False,West Haven,Forest Road,  ,  ,V,G,2.0,1,14-215(a),,True,I,False,False,M,,,,,False,1.0,CT0015600,134024497337048708,2025-08-05 19:15:41.947000,19:15:41.947000,2025,38a-371,,Administrative Offense,2025
2025-09-15 18:42:19.040000,7721966.0,CT0015600,West Haven,Racial Profile,1000665,2500036148,Incident ID,2025-08-05 00:00:00,August,B,N,F,32,True,True,West Haven,Boston Post Road/Fairfax,  ,  ,V,G,1.0,0,14-12(a)*,,False,N,False,False,V,,,,,False,1.0,CT0015600,134024497337048708,2025-08-05 20:01:04.237000,20:01:04.237000,2025,38a-371,,Registration,2025
2025-09-15 18:42:18.857000,7721895.0,CT0015600,West Haven,Racial Profile,1000615,2500036086,Incident ID,2025-08-05 00:00:00,August,B,N,F,63,True,False,West Haven,washington/ smith ,  ,  ,V,G,1.0,0,14-147(c),,False,N,False,False,V,,,,,False,1.0,CT0015600,134024497337048708,2025-08-05 12:59:46.867000,12:59:46.867000,2025,14-12(a)*,,Administrative Offense,2025
2025-09-15 18:42:19.333000,7722013.0,CT0015600,West Haven,Racial Profile,1000699,2500036091,Incident ID,2025-08-05 00:00:00,August,B,N,M,57,True,False,West Haven,Boston Post Rd/Front Ave,  ,  ,I,G,1.0,0,14-12(a)*,,False,N,False,False,W,,,,,False,1.0,CT0015600,134024497337048708,2025-08-05 13:52:57.033000,13:52:57.033000,2025,14-12(a)*,,Registration,2025
2025-09-15 18:42:18.680000,7721829.0,CT0015600,West Haven,Racial Profile,1000549,2500036003,Incident ID,2025-08-05 00:00:00,August,W,N,M,25,True,False,WEST HAVEN,derby / yale ,  ,  ,V,G,1.0,0,14-230,,False,N,False,False,V,,,,,False,1.0,CT0015600,134024497337048708,2025-08-05 00:55:07.583000,00:55:07.583000,2025,,,Moving Violation,2025
2025-09-15 18:42:19.023000,7721960.0,CT0015600,West Haven,Racial Profile,1000661,2500036129,Incident ID,2025-08-05 00:00:00,August,B,N,M,27,True,True,West Haven,1055 Boston Post Road,  ,  ,V,G,2.0,1,14-215(a),,False,N,False,False,V,,,,,False,1.0,CT0015600,134024497337048708,2025-08-05 18:00:45.840000,18:00:45.840000,2025,14-215(a),,Administrative Offense,2025
2025-09-15 18:42:18.743000,7721854.0,CT0015600,West Haven,Racial Profile,1000602,2500036150,Incident ID,2025-08-05 00:00:00,August,B,N,M,56,True,False,West Haven,KIMBERLY AVE,  ,  ,V,G,1.0,0,14-12(A)*,,False,N,False,False,V,,,,,False,1.0,CT0015600,134024497337048708,2025-08-05 20:09:41.940000,20:09:41.940000,2025,,,Registration,2025
2025-09-15 18:42:18.853000,7721894.0,CT0015600,West Haven,Racial Profile,1000615,2500036082,Incident ID,2025-08-05 00:00:00,August,W,H,M,61,True,True,West Haven,Captain Thomas/ Savin ,  ,  ,V,G,1.0,0,14-301,,False,N,False,False,V,,,,,False,1.0,CT0015600,134024497337048708,2025-08-05 12:46:07.170000,12:46:07.170000,2025,14-247,,Stop Sign,2025
2025-09-15 18:42:18.557000,7721789.0,CT0015600,West Haven,Racial Profile,1000333,2500036077,Incident ID,2025-08-05 00:00:00,August,W,H,F,27,True,True,West Haven,main St. & Wagner pl,  ,  ,V,G,1.0,0,14-296aa(b),,False,N,False,False,I,,,,,False,1.0,CT0015600,134024497337048708,2025-08-05 12:01:41.387000,12:01:41.387000,2025,,,Cell Phone,2025
2025-09-15 18:42:18.747000,7721855.0,CT0015600,West Haven,Racial Profile,1000602,2500036153,Incident ID,2025-08-05 00:00:00,August,W,H,M,24,True,True,West Haven,front avenue,  ,  ,V,G,1.0,0,14-147(c),,False,N,False,False,V,,,,,False,1.0,CT0015600,134024497337048708,2025-08-05 20:59:47.140000,20:59:47.140000,2025,,,Administrative Offense,2025
2025-09-15 18:42:19.023000,7721959.0,CT0015600,West Haven,Racial Profile,1000661,2500036128,Incident ID,2025-08-05 00:00:00,August,B,N,F,60,True,True,West Haven,Boston Post Road/ Dogburn Rd,  ,  ,V,G,1.0,0,14-299,,False,N,False,False,V,,,,,False,1.0,CT0015600,134024497337048708,2025-08-05 17:44:46.780000,17:44:46.780000,2025,14-299,,Traffic Control Signal,2025
2025-09-15 18:42:18.753000,7721858.0,CT0015600,West Haven,Racial Profile,1000602,2500036336,Incident ID,2025-08-06 00:00:00,August,W,H,M,27,True,True,WEST HAVEN,elm street,  ,  ,V,G,1.0,0,14-147(c),,False,N,False,False,I,,,,,False,1.0,CT0015600,134024497337048708,2025-08-06 21:30:32.810000,21:30:32.810000,2025,14-36(a),,Administrative Offense,2025
2025-09-15 18:42:18.750000,7721857.0,CT0015600,West Haven,Racial Profile,1000602,2500036334,Incident ID,2025-08-06 00:00:00,August,W,H,M,17,True,False,West Haven,spring st,  ,  ,V,G,1.0,0,14-147(c),,False,N,False,False,I,,,,,False,1.0,CT0015600,134024497337048708,2025-08-06 20:52:20.200000,20:52:20.200000,2025,,,Administrative Offense,2025
2025-09-15 18:42:19.140000,7721986.0,CT0015600,West Haven,Racial Profile,1000675,2500036320,Incident ID,2025-08-06 00:00:00,August,W,N,M,57,True,True,West Haven,Main Street/Wagner Place,  ,  ,V,G,1.0,0,14-12(a)*,,False,N,False,False,V,,,,,False,1.0,CT0015600,134024497337048708,2025-08-06 18:49:02.460000,18:49:02.460000,2025,,,Registration,2025
2025-09-15 18:42:18.977000,7721940.0,CT0015600,West Haven,Racial Profile,1000637,2500036307,Incident ID,2025-08-06 00:00:00,August,W,H,F,47,True,False,West Haven,Sawmill Road,  ,  ,V,G,1.0,0,14-12(a)*,,False,N,False,False,V,,,,,False,1.0,CT0015600,134024497337048708,2025-08-06 16:59:10.847000,16:59:10.847000,2025,,,Registration,2025
2025-09-15 18:42:18.463000,7721777.0,CT0015600,West Haven,Racial Profile,1200,2500036285,Incident ID,2025-08-06 00:00:00,August,B,N,M,40,True,False,West Haven,CAMP & RUDEN,  ,  ,I,G,3.0,1,INVESTIGATION,,False,N,False,True,M,,,,,False,1.0,CT0015600,134024497337048708,2025-08-06 15:11:23.767000,15:11:23.767000,2025,,,Other,2025
2025-09-15 18:42:18.437000,7721771.0,CT0015600,West Haven,Racial Profile,1185,2500036261,Incident ID,2025-08-06 00:00:00,August,W,M,M,41,True,True,West Haven,sawmill,  ,  ,E,G,1.0,0,no tailihgts,,True,N,False,False,V,,,,,False,1.0,CT0015600,134024497337048708,2025-08-06 11:38:41.763000,11:38:41.763000,2025,same,,Other,2025
2025-09-15 18:42:18.713000,7721842.0,CT0015600,West Haven,Racial Profile,1000582,2500036190,Incident ID,2025-08-06 00:00:00,August,W,N,F,45,True,False,West Haven,post rd/front avenue,  ,  ,E,G,1.0,0,14-96c,,False,N,False,False,V,,,,,False,1.0,CT0015600,134024497337048708,2025-08-06 01:30:01.613000,01:30:01.613000,2025,14-96c,,Defective Lights,2025
2025-09-15 18:42:18.980000,7721941.0,CT0015600,West Haven,Racial Profile,1000637,2500036472,Incident ID,2025-08-07 00:00:00,August,W,N,M,39,True,True,WEST HAVEN,main street,  ,  ,V,G,1.0,0,14-299,,False,N,False,False,I,,,,,False,1.0,CT0015600,134024497337048708,2025-08-07 17:17:53.753000,17:17:53.753000,2025,,,Traffic Control Signal,2025
2025-09-15 18:42:18.467000,7721778.0,CT0015600,West Haven,Racial Profile,1200,2500036414,Incident ID,2025-08-07 00:00:00,August,B,N,F,72,True,True,West Haven,ELM & FIRST,  ,  ,V,G,1.0,0,UNSAFE PASSING ,,False,N,False,False,V,,,,,False,1.0,CT0015600,134024497337048708,2025-08-07 10:46:26.810000,10:46:26.810000,2025,,,Other,2025
2025-09-15 18:42:19.267000,7722002.0,CT0015600,West Haven,Racial Profile,1000697,2500036416,Incident ID,2025-08-07 00:00:00,August,W,H,M,42,True,True,West Haven,ELM ST / SAWMILL RD,  ,  ,V,G,1.0,0,14-299,,False,N,False,False,V,,,,,False,1.0,CT0015600,134024497337048708,2025-08-07 11:06:13.840000,11:06:13.840000,2025,,,Traffic Control Signal,2025
2025-09-15 18:42:19.147000,7721988.0,CT0015600,West Haven,Racial Profile,1000677,2500036480,Incident ID,2025-08-07 00:00:00,August,W,H,M,30,True,True,West Haven,Campbell Avenue / Post Road,  ,  ,V,G,1.0,0,14-299,,False,N,False,False,V,,,,,False,1.0,CT0015600,134024497337048708,2025-08-07 18:19:38.590000,18:19:38.590000,2025,,,Traffic Control Signal,2025
2025-09-15 18:42:18.930000,7721926.0,CT0015600,West Haven,Racial Profile,1000625,2500036554,Incident ID,2025-08-08 00:00:00,August,B,N,M,36,True,True,West Haven,Central Ave/Derby Ave,  ,  ,E,G,1.0,0,14-96a(a),,False,N,False,False,V,,,,,False,1.0,CT0015600,134024497337048708,2025-08-08 03:51:10.230000,03:51:10.230000,2025,,,Defective Lights,2025
2025-09-15 18:42:19,7721950.0,CT0015600,West Haven,Racial Profile,1000658,2500036645,Incident ID,2025-08-08 00:00:00,August,W,H,F,42,True,True,WEST HAVEN,elm st,  ,  ,V,G,1.0,0,14-236,,False,N,False,False,V,,,,,False,1.0,CT0015600,134024497337048708,2025-08-08 16:55:44.253000,16:55:44.253000,2025,,,Moving Violation,2025
2025-09-15 18:42:18.607000,7721798.0,CT0015600,West Haven,Racial Profile,1000465,2500036640,Incident ID,2025-08-08 00:00:00,August,W,H,M,23,True,True,West Haven,Saw Mill Road / Railroad Avenue,  ,  ,V,G,3.0,1,14-222,,True,O,False,True,U,,,,,False,1.0,CT0015600,134024497337048708,2025-08-08 16:17:47.107000,16:17:47.107000,2025,53a-223*,,Speed Related,2025
2025-09-15 18:42:18.997000,7721949.0,CT0015600,West Haven,Racial Profile,1000658,2500036639,Incident ID,2025-08-08 00:00:00,August,W,H,F,35,True,False,West Haven,elm st,  ,  ,I,G,1.0,0,14-12(a)*,,False,N,False,False,N,,,,,False,1.0,CT0015600,134024497337048708,2025-08-08 16:13:24.390000,16:13:24.390000,2025,,,Registration,2025
2025-09-15 18:42:18.607000,7721799.0,CT0015600,West Haven,Racial Profile,1000465,2500036650,Incident ID,2025-08-08 00:00:00,August,W,H,M,45,True,True,West Haven,Elm Street / First Avenue,  ,  ,V,G,1.0,0,14-236,,False,N,False,False,V,,,,,False,1.0,CT0015600,134024497337048708,2025-08-08 17:44:43.613000,17:44:43.613000,2025,,,Moving Violation,2025
2025-09-15 18:42:19.043000,7721967.0,CT0015600,West Haven,Racial Profile,1000665,2500036597,Incident ID,2025-08-08 00:00:00,August,B,N,M,55,True,True,West Haven,Boston Post Road,  ,  ,V,G,1.0,0,14-147(C),,False,N,False,False,V,,,,,False,1.0,CT0015600,134024497337048708,2025-08-08 11:48:20.327000,11:48:20.327000,2025,14-147(C),,Administrative Offense,2025
2025-09-15 18:42:19.047000,7721968.0,CT0015600,West Haven,Racial Profile,1000665,2500036612,Incident ID,2025-08-08 00:00:00,August,W,H,M,26,True,False,WEST HAVEN,Meloy Road,  ,  ,V,G,2.0,1,14-147(c),,True,I,False,True,M,,,,,False,1.0,CT0015600,134024497337048708,2025-08-08 13:10:20.673000,13:10:20.673000,2025,38a-371,,Administrative Offense,2025
2025-09-15 18:42:19.150000,7721989.0,CT0015600,West Haven,Racial Profile,1000677,2500036658,Incident ID,2025-08-08 00:00:00,August,B,N,F,24,True,True,WEST HAVEN,Kelsey Ave / Main Street,  ,  ,V,G,1.0,0,14-236,,False,N,False,False,V,,,,,False,1.0,CT0015600,134024497337048708,2025-08-08 19:01:18.363000,19:01:18.363000,2025,,,Moving Violation,2025
2025-09-15 18:42:18.610000,7721800.0,CT0015600,West Haven,Racial Profile,1000465,2500036863,Incident ID,2025-08-09 00:00:00,August,W,H,M,30,True,True,West Haven,Saw Mill Road / Hillcrest,  ,  ,V,G,1.0,0,14-218a,,False,N,False,False,V,,,,,False,1.0,CT0015600,134024497337048708,2025-08-09 22:06:14.910000,22:06:14.910000,2025,38a-371,,Speed Related,2025
2025-09-15 18:42:18.857000,7721896.0,CT0015600,West Haven,Racial Profile,1000615,2500036792,Incident ID,2025-08-09 00:00:00,August,W,H,M,69,True,True,WEST HAVEN,100 Campbell Avenue ,  ,  ,V,G,1.0,0,14-299,,False,N,False,False,V,,,,,False,1.0,CT0015600,134024497337048708,2025-08-09 14:06:29.587000,14:06:29.587000,2025,14-299,,Traffic Control Signal,2025
2025-09-15 18:42:19.003000,7721951.0,CT0015600,West Haven,Racial Profile,1000658,2500036993,Incident ID,2025-08-10 00:00:00,August,W,N,M,58,True,False,West Haven,third ave,  ,  ,V,G,1.0,0,14-236,,False,N,False,False,V,,,,,False,1.0,CT0015600,134024497337048708,2025-08-10 18:33:43.243000,18:33:43.243000,2025,,,Moving Violation,2025
2025-09-15 18:42:19.217000,7721996.0,CT0015600,West Haven,Racial Profile,1000688,2500036901,Incident ID,2025-08-10 00:00:00,August,B,N,M,28,True,False,WEST HAVEN,center street/ center package entrance,  ,  ,V,G,1.0,0,38a-371,,False,N,False,True,M,,,,,False,1.0,CT0015600,134024497337048708,2025-08-10 02:17:00.017000,02:17:00.017000,2025,38a-371,,Other,2025
2025-09-15 18:42:18.933000,7721927.0,CT0015600,West Haven,Racial Profile,1000625,2500036892,Incident ID,2025-08-10 00:00:00,August,W,H,M,26,True,True,West Haven,Boston Post Road/ Fairfax St,  ,  ,V,B,1.0,0,14-12(a),,False,N,False,False,V,,,,,False,1.0,CT0015600,134024497337048708,2025-08-10 00:55:16.510000,00:55:16.510000,2025,,,Registration,2025
2025-09-15 18:42:19.007000,7721952.0,CT0015600,West Haven,Racial Profile,1000658,2500037006,Incident ID,2025-08-10 00:00:00,August,W,H,F,58,True,True,WEST HAVEN,spring st,  ,  ,E,G,1.0,0,14-96a(a),,False,N,False,False,V,,,,,False,1.0,CT0015600,134024497337048708,2025-08-10 22:20:20.110000,22:20:20.110000,2025,,,Defective Lights,2025
2025-09-15 18:42:18.953000,7721933.0,CT0015600,West Haven,Racial Profile,1000636,2500037040,Incident ID,2025-08-11 00:00:00,August,A,N,M,33,True,False,West Haven,campbell/ center,  ,  ,E,G,1.0,0,14-96b,,False,N,False,False,V,,,,,False,1.0,CT0015600,134024497337048708,2025-08-11 01:38:03.553000,01:38:03.553000,2025,,,Defective Lights,2025
2025-09-15 18:42:19.220000,7721997.0,CT0015600,West Haven,Racial Profile,1000688,2500037038,Incident ID,2025-08-11 00:00:00,August,B,N,F,35,True,False,West Haven,third ave/main st,  ,  ,V,G,1.0,0,14-239(a),,False,N,False,False,V,,,,,False,1.0,CT0015600,134024497337048708,2025-08-11 01:19:28.210000,01:19:28.210000,2025,14-12(a),,Moving Violation,2025
2025-09-15 18:42:19.010000,7721953.0,CT0015600,West Haven,Racial Profile,1000658,2500037155,Incident ID,2025-08-11 00:00:00,August,B,N,M,36,True,False,WEST HAVEN,front ave,  ,  ,V,G,1.0,1,14-12(a)*,,True,I,False,False,I,,,,,False,1.0,CT0015600,134024497337048708,2025-08-11 19:39:38.220000,19:39:38.220000,2025,,,Registration,2025
2025-09-15 18:42:18.373000,7721759.0,CT0015600,West Haven,Racial Profile,1135,2500037035,Incident ID,2025-08-11 00:00:00,August,B,N,M,19,True,True,West Haven,Campbell & Lamson,  ,  ,E,B,2.0,0,14-96a(a),,False,N,False,False,W,,,,,False,1.0,CT0015600,134024497337048708,2025-08-11 00:57:58.773000,00:57:58.773000,2025,14-96a(a),,Defective Lights,2025
2025-09-15 18:42:18.980000,7721942.0,CT0015600,West Haven,Racial Profile,1000637,2500037313,Incident ID,2025-08-12 00:00:00,August,W,H,M,22,True,True,WEST HAVEN,Elm Street/ First Avenue,  ,  ,V,G,2.0,1,14-12(a)*,,True,I,False,False,I,,,,,False,1.0,CT0015600,134024497337048708,2025-08-12 17:58:27.420000,17:58:27.420000,2025,38a-371,,Registration,2025
2025-09-15 18:42:18.753000,7721859.0,CT0015600,West Haven,Racial Profile,1000602,2500037326,Incident ID,2025-08-12 00:00:00,August,W,H,M,19,True,False,WEST HAVEN,spring street,  ,  ,V,G,1.0,0,14-147(a),,False,N,False,False,V,,,,,False,1.0,CT0015600,134024497337048708,2025-08-12 20:05:57.703000,20:05:57.703000,2025,,,Administrative Offense,2025
2025-09-15 18:42:19.050000,7721969.0,CT0015600,West Haven,Racial Profile,1000665,2500037300,Incident ID,2025-08-12 00:00:00,August,W,H,M,46,True,True,West Haven,Bassett Street,  ,  ,I,G,2.0,1,PRAWN,,True,I,False,True,M,,,,,False,1.0,CT0015600,134024497337048708,2025-08-12 16:19:11.750000,16:19:11.750000,2025,Interferring,,Other,2025
2025-09-15 18:42:19.053000,7721971.0,CT0015600,West Haven,Racial Profile,1000665,2500037345,Incident ID,2025-08-12 00:00:00,August,A,M,M,65,True,True,West Haven,Jones Hill Road,  ,  ,V,G,1.0,0,No Lights On,,False,N,False,False,V,,,,,False,1.0,CT0015600,134024497337048708,2025-08-12 22:18:50.760000,22:18:50.760000,2025,No Lights On,,Defective Lights,2025
2025-09-15 18:42:18.757000,7721860.0,CT0015600,West Haven,Racial Profile,1000602,2500037337,Incident ID,2025-08-12 00:00:00,August,W,N,M,26,True,False,West Haven,spring street,  ,  ,V,G,1.0,0,14-12(a)*,,False,N,False,False,V,,,,,False,1.0,CT0015600,134024497337048708,2025-08-12 21:12:18.470000,21:12:18.470000,2025,,,Registration,2025
2025-09-15 18:42:18.760000,7721861.0,CT0015600,West Haven,Racial Profile,1000602,2500037339,Incident ID,2025-08-12 00:00:00,August,W,H,F,40,True,False,West Haven,bpr,  ,  ,V,G,2.0,1,14-12(a)*,,True,I,False,False,M,,,,,False,1.0,CT0015600,134024497337048708,2025-08-12 21:35:11.130000,21:35:11.130000,2025,38a-371,,Registration,2025
2025-09-15 18:42:19.050000,7721970.0,CT0015600,West Haven,Racial Profile,1000665,2500037319,Incident ID,2025-08-12 00:00:00,August,W,H,M,29,True,False,West Haven,Captain Thomas Blvd,  ,  ,V,G,1.0,0,14-12(a),,False,N,False,False,I,,,,,False,1.0,CT0015600,134024497337048708,2025-08-12 19:02:43.940000,19:02:43.940000,2025,38a-371,,Registration,2025
2025-09-15 18:42:18.663000,7721822.0,CT0015600,West Haven,Racial Profile,1000539,2500037438,Incident ID,2025-08-13 00:00:00,August,W,N,F,30,True,True,West Haven,ocean/ivy,  ,  ,V,G,1.0,0,14-296aa(b),,False,N,False,False,V,,,,,False,1.0,CT0015600,134024497337048708,2025-08-13 11:53:24.637000,11:53:24.637000,2025,,,Cell Phone,2025
2025-09-15 18:42:18.703000,7721838.0,CT0015600,West Haven,Racial Profile,1000569,2500037490,Incident ID,2025-08-13 00:00:00,August,B,N,F,34,True,True,West Haven,2nd Avenue and East. Brown,  ,  ,V,G,1.0,0,14-301,,False,N,False,False,V,,,,,False,1.0,CT0015600,134024497337048708,2025-08-13 17:34:54.070000,17:34:54.070000,2025,14-301,,Stop Sign,2025
2025-09-15 18:42:18.450000,7721772.0,CT0015600,West Haven,Racial Profile,1189,2500037441,Incident ID,2025-08-13 00:00:00,August,W,H,F,60,True,False,West Haven,campbell/noble,  ,  ,V,G,1.0,0,14-299,,False,N,False,False,V,,,,,False,1.0,CT0015600,134024497337048708,2025-08-13 12:02:37.660000,12:02:37.660000,2025,14-299,,Traffic Control Signal,2025
2025-09-15 18:42:18.470000,7721779.0,CT0015600,West Haven,Racial Profile,1200,2500037411,Incident ID,2025-08-13 00:00:00,August,W,H,F,28,True,True,WEST HAVEN,103 HILLCREST AVE,  ,  ,V,G,2.0,0,14-241,,False,N,False,False,M,,,,,False,1.0,CT0015600,134024497337048708,2025-08-13 09:11:19.723000,09:11:19.723000,2025,38a-371,,Moving Violation,2025
2025-09-15 18:42:18.613000,7721802.0,CT0015600,West Haven,Racial Profile,1000465,2500037703,Incident ID,2025-08-14 00:00:00,August,B,N,M,40,True,False,West Haven,Second / Main,  ,  ,E,G,1.0,0,14-241,,False,N,False,False,V,,,,,False,1.0,CT0015600,134024497337048708,2025-08-14 22:20:31.723000,22:20:31.723000,2025,,,Moving Violation,2025
2025-09-15 18:42:18.863000,7721898.0,CT0015600,West Haven,Racial Profile,1000615,2500037683,Incident ID,2025-08-14 00:00:00,August,W,H,M,41,True,False,West Haven,First/ east Brown st ,  ,  ,V,G,2.0,0,14-222(a),,False,N,False,False,M,,,,,False,1.0,CT0015600,134024497337048708,2025-08-14 19:13:40.570000,19:13:40.570000,2025,14-222(a),,Speed Related,2025
2025-09-15 18:42:18.860000,7721897.0,CT0015600,West Haven,Racial Profile,1000615,2500037671,Incident ID,2025-08-14 00:00:00,August,B,N,M,24,True,True,WEST HAVEN,644 Campbell Avenue ,  ,  ,V,G,1.0,0,14-12(a)*,,False,N,False,False,I,,,,,False,1.0,CT0015600,134024497337048708,2025-08-14 17:37:12.090000,17:37:12.090000,2025,14-12(a)*,,Registration,2025
2025-09-15 18:42:18.617000,7721803.0,CT0015600,West Haven,Racial Profile,1000465,2500037709,Incident ID,2025-08-14 00:00:00,August,W,H,M,60,True,False,West Haven,Elm /Ward,  ,  ,V,G,1.0,0,14-12(a)*,,False,N,False,False,I,,,,,False,1.0,CT0015600,134024497337048708,2025-08-14 23:25:53.023000,23:25:53.023000,2025,14-80(e)*,,Registration,2025
2025-09-15 18:42:18.470000,7721780.0,CT0015600,West Haven,Racial Profile,1209,2500037686,Incident ID,2025-08-14 00:00:00,August,B,N,M,31,True,True,West Haven,Capt Thomas & Kelsey,  ,  ,E,B,2.0,1,14-18(a),,False,N,False,False,M,,,,,False,1.0,CT0015600,134024497337048708,2025-08-14 19:44:33.257000,19:44:33.257000,2025,14-215,,Display of Plates,2025
2025-09-15 18:42:18.613000,7721801.0,CT0015600,West Haven,Racial Profile,1000465,2500037674,Incident ID,2025-08-14 00:00:00,August,W,N,M,60,True,True,West Haven,Blohm / Cottage,  ,  ,V,G,1.0,0,14-301,,False,N,False,False,V,,,,,False,1.0,CT0015600,134024497337048708,2025-08-14 18:05:19.720000,18:05:19.720000,2025,14-12(a)*,,Stop Sign,2025
2025-09-15 18:42:18.663000,7721823.0,CT0015600,West Haven,Racial Profile,1000539,2500037588,Incident ID,2025-08-14 00:00:00,August,W,H,F,43,True,True,WEST HAVEN,beach/3rd,  ,  ,V,G,1.0,0,14-232(1),,False,N,False,False,V,,,,,False,1.0,CT0015600,134024497337048708,2025-08-14 08:18:23,08:18:23,2025,,,Moving Violation,2025
2025-09-15 18:42:18.450000,7721773.0,CT0015600,West Haven,Racial Profile,1189,2500037543,Incident ID,2025-08-14 00:00:00,August,W,H,M,50,False,False,West Haven,captain thomas/savin,  ,  ,V,G,3.0,1,14-227a,,False,N,False,True,M,,,,,False,1.0,CT0015600,134024497337048708,2025-08-14 01:18:47.017000,01:18:47.017000,2025,14-227a,,Other,2025
2025-09-15 18:42:19.010000,7721954.0,CT0015600,West Haven,Racial Profile,1000658,2500037792,Incident ID,2025-08-15 00:00:00,August,W,M,M,24,True,True,WEST HAVEN,brown st,  ,  ,V,G,1.0,0,14-301,,False,N,False,False,V,,,,,False,1.0,CT0015600,134024497337048708,2025-08-15 11:15:32.690000,11:15:32.690000,2025,,,Stop Sign,2025
2025-09-15 18:42:19.297000,7722004.0,CT0015600,West Haven,Racial Profile,1000697,2500037812,Incident ID,2025-08-15 00:00:00,August,B,N,M,50,True,False,West Haven,York St / Wales St,  ,  ,V,G,1.0,0,14-12(a)*,,False,N,False,False,V,,,,,False,1.0,CT0015600,134024497337048708,2025-08-15 13:44:37.993000,13:44:37.993000,2025,,,Registration,2025
2025-09-15 18:42:19.030000,7721961.0,CT0015600,West Haven,Racial Profile,1000662,2500037874,Incident ID,2025-08-15 00:00:00,August,B,N,M,41,True,False,West Haven,elm st/kimberly ave,  ,  ,V,G,1.0,0,14-96c,,False,N,False,False,V,,,,,False,1.0,CT0015600,134024497337048708,2025-08-15 21:16:12.433000,21:16:12.433000,2025,,,Defective Lights,2025
2025-09-15 18:42:19.277000,7722003.0,CT0015600,West Haven,Racial Profile,1000697,2500037795,Incident ID,2025-08-15 00:00:00,August,W,N,M,65,True,True,WEST HAVEN,ELM ST,  ,  ,V,G,1.0,0,14-12(a)*,,False,N,False,False,V,,,,,False,1.0,CT0015600,134024497337048708,2025-08-15 11:38:33.763000,11:38:33.763000,2025,,,Registration,2025
2025-09-15 18:42:18.693000,7721834.0,CT0015600,West Haven,Racial Profile,1000558,2500037913,Incident ID,2025-08-16 00:00:00,August,W,H,M,25,True,False,West Haven,palace street,  ,  ,V,G,1.0,1,14-147(c),,True,I,False,False,M,,,,,False,1.0,CT0015600,134024497337048708,2025-08-16 01:48:22.597000,01:48:22.597000,2025,,,Administrative Offense,2025
2025-09-15 18:42:18.697000,7721836.0,CT0015600,West Haven,Racial Profile,1000559,2500038019,Incident ID,2025-08-16 00:00:00,August,B,N,M,41,True,False,West Haven,Meloy Road / Saw Mill Road,  ,  ,V,G,1.0,0,14-12(a)*,,False,N,False,False,V,,,,,False,1.0,CT0015600,134024497337048708,2025-08-16 20:37:19.120000,20:37:19.120000,2025,,,Registration,2025
2025-09-15 18:42:18.867000,7721899.0,CT0015600,West Haven,Racial Profile,1000615,2500037965,Incident ID,2025-08-16 00:00:00,August,W,N,F,64,True,False,West Haven,YORK/COLLIS ,  ,  ,V,G,1.0,0,14-301,,False,N,False,False,V,,,,,False,1.0,CT0015600,134024497337048708,2025-08-16 11:59:49.793000,11:59:49.793000,2025,14-301,,Stop Sign,2025
2025-09-15 18:42:18.927000,7721924.0,CT0015600,West Haven,Racial Profile,1000617,2500038001,Incident ID,2025-08-16 00:00:00,August,W,H,M,40,True,True,West Haven,Savin Avenue/ Park Street,  ,  ,V,G,1.0,0,14-236,,False,N,False,False,V,,,,,False,1.0,CT0015600,134024497337048708,2025-08-16 17:52:53.890000,17:52:53.890000,2025,,,Moving Violation,2025
2025-09-15 18:42:18.957000,7721934.0,CT0015600,West Haven,Racial Profile,1000636,2500037901,Incident ID,2025-08-16 00:00:00,August,W,H,M,25,True,False,WEST HAVEN,elm/ orchard,  ,  ,V,G,1.0,0,14-299,,False,N,False,False,V,,,,,False,1.0,CT0015600,134024497337048708,2025-08-16 00:35:21.343000,00:35:21.343000,2025,,,Traffic Control Signal,2025
2025-09-15 18:42:19.300000,7722005.0,CT0015600,West Haven,Racial Profile,1000697,2500037970,Incident ID,2025-08-16 00:00:00,August,W,N,F,42,False,False,West Haven,Campbell Ave / Terrace Ave,  ,  ,V,G,1.0,0,14-12(a)*,,False,N,False,False,V,,,,,False,1.0,CT0015600,134024497337048708,2025-08-16 12:42:50.163000,12:42:50.163000,2025,,,Registration,2025
2025-09-15 18:42:19.133000,7721982.0,CT0015600,West Haven,Racial Profile,1000673,2500037961,Incident ID,2025-08-16 00:00:00,August,B,N,F,70,True,True,West Haven,Campbell Williams,  ,  ,E,G,1.0,0,14-12a*,,False,N,False,False,V,,,,,False,1.0,CT0015600,134024497337048708,2025-08-16 11:30:01.493000,11:30:01.493000,2025,,,Registration,2025
2025-09-15 18:42:19.153000,7721991.0,CT0015600,West Haven,Racial Profile,1000678,2500038000,Incident ID,2025-08-16 00:00:00,August,W,H,M,24,True,True,West Haven,Peck Ave,  ,  ,I,G,2.0,0,14-215(a),,False,N,False,False,M,,,,,False,1.0,CT0015600,134024497337048708,2025-08-16 17:47:59.290000,17:47:59.290000,2025,14-215(a),,Administrative Offense,2025
2025-09-15 18:42:18.687000,7721831.0,CT0015600,West Haven,Racial Profile,1000549,2500037914,Incident ID,2025-08-16 00:00:00,August,W,N,M,27,True,False,West Haven,campbell / smith court,  ,  ,E,G,1.0,0,14-96a(a),,False,N,False,False,V,,,,,False,1.0,CT0015600,134024497337048708,2025-08-16 02:09:21.560000,02:09:21.560000,2025,,,Defective Lights,2025
2025-09-15 18:42:19.130000,7721981.0,CT0015600,West Haven,Racial Profile,1000673,2500037904,Incident ID,2025-08-16 00:00:00,August,B,N,M,35,True,False,WEST HAVEN,Main St,  ,  ,E,G,2.0,1,38a-371,,True,I,False,False,M,,,,,False,1.0,CT0015600,134024497337048708,2025-08-16 00:44:49.917000,00:44:49.917000,2025,,,Other,2025
2025-09-15 18:42:18.490000,7721782.0,CT0015600,West Haven,Racial Profile,1000331,2500038118,Incident ID,2025-08-17 00:00:00,August,W,N,M,21,True,True,West Haven,York X Stevens Street,  ,  ,V,G,1.0,0,14-301,,False,N,False,False,V,,,,,False,1.0,CT0015600,134024497337048708,2025-08-17 10:39:30.363000,10:39:30.363000,2025,,,Stop Sign,2025
2025-09-15 18:42:18.497000,7721783.0,CT0015600,West Haven,Racial Profile,1000331,2500038197,Incident ID,2025-08-17 00:00:00,August,B,N,F,36,True,False,WEST HAVEN,Capt Thomas X Savin,  ,  ,V,G,1.0,0,14-237,,False,N,False,False,V,,,,,False,1.0,CT0015600,134024497337048708,2025-08-17 20:47:35.260000,20:47:35.260000,2025,,,Moving Violation,2025
2025-09-15 18:42:19.013000,7721955.0,CT0015600,West Haven,Racial Profile,1000658,2500038177,Incident ID,2025-08-17 00:00:00,August,W,N,M,32,True,False,WEST HAVEN,church st,  ,  ,V,G,1.0,0,14-18(c),,False,N,False,False,V,,,,,False,1.0,CT0015600,134024497337048708,2025-08-17 17:50:26.267000,17:50:26.267000,2025,,,Display of Plates,2025
2025-09-15 18:42:18.417000,7721764.0,CT0015600,West Haven,Racial Profile,1155,2500038173,Incident ID,2025-08-17 00:00:00,August,W,H,M,36,True,False,WEST HAVEN,Captain Thomas/Campbell ave,  ,  ,V,G,1.0,0,14-299,,False,N,False,False,V,,,,,False,1.0,CT0015600,134024497337048708,2025-08-17 17:01:42.870000,17:01:42.870000,2025,,,Traffic Control Signal,2025
2025-09-15 18:42:19.307000,7722007.0,CT0015600,West Haven,Racial Profile,1000698,2500038180,Incident ID,2025-08-17 00:00:00,August,B,N,M,21,True,True,WEST HAVEN,Meloy Road / Boston Post Road,  ,  ,E,B,1.0,0,14-99g,,False,N,False,False,V,,,,,False,1.0,CT0015600,134024497337048708,2025-08-17 18:17:24.527000,18:17:24.527000,2025,,,Window Tint,2025
2025-09-15 18:42:18.413000,7721763.0,CT0015600,West Haven,Racial Profile,1155,2500038117,Incident ID,2025-08-17 00:00:00,August,B,N,M,48,False,False,West Haven,campbell ave/boston post rd,  ,  ,V,G,2.0,0,14-299,,False,N,False,False,V,,,,,False,1.0,CT0015600,134024497337048708,2025-08-17 10:37:24.123000,10:37:24.123000,2025,,,Traffic Control Signal,2025
2025-09-15 18:42:18.497000,7721784.0,CT0015600,West Haven,Racial Profile,1000331,2500038202,Incident ID,2025-08-17 00:00:00,August,W,H,M,55,True,False,West Haven,Washington Avenue X California St,  ,  ,E,G,3.0,0,14-96a,,False,N,False,False,V,,,,,False,1.0,CT0015600,134024497337048708,2025-08-17 21:02:42.923000,21:02:42.923000,2025,,,Defective Lights,2025
2025-09-15 18:42:19.017000,7721956.0,CT0015600,West Haven,Racial Profile,1000658,2500038178,Incident ID,2025-08-17 00:00:00,August,B,N,M,19,True,False,WEST HAVEN,elm st,  ,  ,V,G,1.0,0,14-100a(c),,False,N,False,False,V,,,,,False,1.0,CT0015600,134024497337048708,2025-08-17 18:08:36.227000,18:08:36.227000,2025,,,Seatbelt,2025
2025-09-15 18:42:18.723000,7721846.0,CT0015600,West Haven,Racial Profile,1000583,2500038320,Incident ID,2025-08-18 00:00:00,August,W,N,F,59,True,True,West Haven,kelsey ave & circle st,  ,  ,V,B,1.0,0,14-301,,False,N,False,False,V,,,,,False,1.0,CT0015600,134024497337048708,2025-08-18 13:05:32.510000,13:05:32.510000,2025,14-301,,Stop Sign,2025
2025-09-15 18:42:18.427000,7721767.0,CT0015600,West Haven,Racial Profile,1162,2500038304,Incident ID,2025-08-18 00:00:00,August,W,H,M,26,True,True,WEST HAVEN,first/center,  ,  ,V,G,1.0,0,14-12(a)*,,False,N,False,False,V,,,,,False,1.0,CT0015600,134024497337048708,2025-08-18 10:42:11.667000,10:42:11.667000,2025,,,Registration,2025
2025-09-15 18:42:18.717000,7721843.0,CT0015600,West Haven,Racial Profile,1000582,2500038423,Incident ID,2025-08-19 00:00:00,August,B,N,M,20,True,True,West Haven,Forest/ burwell,  ,  ,I,G,1.0,0,investigative,,False,N,False,False,N,,,,,False,1.0,CT0015600,134024497337048708,2025-08-19 01:44:32.623000,01:44:32.623000,2025,investigative,,Other,2025
2025-09-15 18:42:18.717000,7721844.0,CT0015600,West Haven,Racial Profile,1000582,2500038428,Incident ID,2025-08-19 00:00:00,August,W,N,F,36,True,True,West Haven,First ave/ Alling St. ,  ,  ,E,G,1.0,0,14-96c,,False,N,False,False,V,,,,,False,1.0,CT0015600,134024497337048708,2025-08-19 02:55:40.633000,02:55:40.633000,2025,14-96c,,Defective Lights,2025
2025-09-15 18:42:18.760000,7721862.0,CT0015600,West Haven,Racial Profile,1000602,2500038546,Incident ID,2025-08-19 00:00:00,August,W,N,M,56,True,True,West Haven,saw mill road,  ,  ,V,G,1.0,0,14-299,,False,N,False,False,V,,,,,False,1.0,CT0015600,134024497337048708,2025-08-19 19:06:32.973000,19:06:32.973000,2025,,,Traffic Control Signal,2025
2025-09-15 18:42:18.840000,7721889.0,CT0015600,West Haven,Racial Profile,1000614,2500038561,Incident ID,2025-08-19 00:00:00,August,W,H,F,64,True,True,West Haven,Campbell Avenue/ Smith Ct,  ,  ,V,G,1.0,0,14-96a(a),,False,N,False,False,V,,,,,False,1.0,CT0015600,134024497337048708,2025-08-19 20:54:22.593000,20:54:22.593000,2025,,,Defective Lights,2025
2025-09-15 18:42:18.983000,7721943.0,CT0015600,West Haven,Racial Profile,1000637,2500038536,Incident ID,2025-08-19 00:00:00,August,B,N,F,41,True,True,West Haven,Elm Street,  ,  ,V,G,1.0,0,14-18(a),,False,N,False,False,V,,,,,False,1.0,CT0015600,134024497337048708,2025-08-19 17:41:16.800000,17:41:16.800000,2025,,,Display of Plates,2025
2025-09-15 18:42:18.770000,7721865.0,CT0015600,West Haven,Racial Profile,1000602,2500038559,Incident ID,2025-08-19 00:00:00,August,B,N,M,22,True,False,WEST HAVEN,boston post road,  ,  ,V,G,2.0,1,14-147(c),,True,I,False,False,M,,,,,False,1.0,CT0015600,134024497337048708,2025-08-19 20:52:12.387000,20:52:12.387000,2025,38a-371,,Administrative Offense,2025
2025-09-15 18:42:18.770000,7721866.0,CT0015600,West Haven,Racial Profile,1000602,2500038568,Incident ID,2025-08-19 00:00:00,August,B,N,F,30,True,True,West Haven,boston post road,  ,  ,V,G,2.0,0,14-147(c),,False,N,False,False,M,,,,,False,1.0,CT0015600,134024497337048708,2025-08-19 21:23:13.817000,21:23:13.817000,2025,14-215a,,Administrative Offense,2025
2025-09-15 18:42:19.060000,7721972.0,CT0015600,West Haven,Racial Profile,1000665,2500038470,Incident ID,2025-08-19 00:00:00,August,B,N,M,59,True,True,West Haven,York Street,  ,  ,V,G,2.0,1,14-147(c),,True,I,False,False,M,,,,,False,1.0,CT0015600,134024497337048708,2025-08-19 09:47:36.710000,09:47:36.710000,2025,14-215a,,Administrative Offense,2025
2025-09-15 18:42:18.773000,7721867.0,CT0015600,West Haven,Racial Profile,1000602,2500038574,Incident ID,2025-08-19 00:00:00,August,B,N,M,50,True,False,West Haven,boston post road,  ,  ,V,G,2.0,1,14-147(c),,True,I,False,False,M,,,,,False,1.0,CT0015600,134024497337048708,2025-08-19 21:40:37.143000,21:40:37.143000,2025,38a-371,,Administrative Offense,2025
2025-09-15 18:42:19.310000,7722008.0,CT0015600,West Haven,Racial Profile,1000698,2500038555,Incident ID,2025-08-19 00:00:00,August,A,N,M,60,True,False,West Haven,Tuthill/ Dalton,  ,  ,V,B,1.0,0,14-96c,,False,N,False,False,V,,,,,False,1.0,CT0015600,134024497337048708,2025-08-19 20:19:04.080000,20:19:04.080000,2025,,,Defective Lights,2025
2025-09-15 18:42:18.763000,7721863.0,CT0015600,West Haven,Racial Profile,1000602,2500038551,Incident ID,2025-08-19 00:00:00,August,W,N,M,45,True,False,West Haven,campbell avenue,  ,  ,V,G,1.0,0,53a-125b,,False,N,False,False,N,,,,,False,1.0,CT0015600,134024497337048708,2025-08-19 20:02:37.580000,20:02:37.580000,2025,,,Other,2025
2025-09-15 18:42:18.767000,7721864.0,CT0015600,West Haven,Racial Profile,1000602,2500038556,Incident ID,2025-08-19 00:00:00,August,B,N,F,30,True,False,West Haven,first avenue,  ,  ,V,G,2.0,0,14-147(a),,False,N,False,False,M,,,,,False,1.0,CT0015600,134024497337048708,2025-08-19 20:19:30.243000,20:19:30.243000,2025,,,Administrative Offense,2025
2025-09-15 18:42:18.940000,7721928.0,CT0015600,West Haven,Racial Profile,1000625,2500038426,Incident ID,2025-08-19 00:00:00,August,B,N,M,21,True,False,WEST HAVEN,Derby Ave/Forest Road,  ,  ,V,G,1.0,0,14-219,,False,N,False,False,V,,,,,False,1.0,CT0015600,134024497337048708,2025-08-19 02:31:45.887000,02:31:45.887000,2025,,,Speed Related,2025
2025-09-15 18:42:18.500000,7721785.0,CT0015600,West Haven,Racial Profile,1000331,2500038636,Incident ID,2025-08-20 00:00:00,August,B,N,M,27,True,False,West Haven,Elm X Washington Avenue,  ,  ,V,G,1.0,0,14-219,,False,N,False,False,V,,,,,False,1.0,CT0015600,134024497337048708,2025-08-20 07:42:10.567000,07:42:10.567000,2025,,,Speed Related,2025
2025-09-15 18:42:18.580000,7721793.0,CT0015600,West Haven,Racial Profile,1000333,2500038656,Incident ID,2025-08-20 00:00:00,August,B,N,M,32,True,True,West Haven,Kelsey Ave. & Circle St.,  ,  ,V,G,1.0,0,14-301,,False,N,False,False,V,,,,,False,1.0,CT0015600,134024497337048708,2025-08-20 09:57:39.967000,09:57:39.967000,2025,,,Stop Sign,2025
2025-09-15 18:42:18.563000,7721790.0,CT0015600,West Haven,Racial Profile,1000333,2500038649,Incident ID,2025-08-20 00:00:00,August,W,N,M,60,True,True,West Haven,Brown St. & Washington Ave. ,  ,  ,V,G,1.0,0,14-301,,False,N,False,False,V,,,,,False,1.0,CT0015600,134024497337048708,2025-08-20 08:53:44.983000,08:53:44.983000,2025,,,Stop Sign,2025
2025-09-15 18:42:18.900000,7721913.0,CT0015600,West Haven,Racial Profile,1000616,2500038611,Incident ID,2025-08-20 00:00:00,August,B,N,F,21,False,False,West Haven,Derby Ave,  ,  ,V,G,1.0,0,14-219,,False,N,False,False,V,,,,,False,1.0,CT0015600,134024497337048708,2025-08-20 01:34:05.433000,01:34:05.433000,2025,,,Speed Related,2025
2025-09-15 18:42:18.690000,7721832.0,CT0015600,West Haven,Racial Profile,1000549,2500038607,Incident ID,2025-08-20 00:00:00,August,B,N,M,34,True,False,West Haven,derby / central,  ,  ,V,G,1.0,0,14-219,,False,N,False,False,V,,,,,False,1.0,CT0015600,134024497337048708,2025-08-20 01:06:05.080000,01:06:05.080000,2025,,,Speed Related,2025
2025-09-15 18:42:18.510000,7721786.0,CT0015600,West Haven,Racial Profile,1000331,2500038679,Incident ID,2025-08-20 00:00:00,August,W,M,M,29,True,True,West Haven,Campbell Avenue X Elm Street,  ,  ,V,G,1.0,0,14-232(a)(1),,False,N,False,False,V,,,,,False,1.0,CT0015600,134024497337048708,2025-08-20 13:19:13.453000,13:19:13.453000,2025,,,Moving Violation,2025
2025-09-15 18:42:18.573000,7721791.0,CT0015600,West Haven,Racial Profile,1000333,2500038651,Incident ID,2025-08-20 00:00:00,August,B,N,M,25,True,True,West Haven,Brown St. & Washington Ave.,  ,  ,V,G,1.0,0,14-301,,False,N,False,False,V,,,,,False,1.0,CT0015600,134024497337048708,2025-08-20 09:24:59.127000,09:24:59.127000,2025,,,Stop Sign,2025
2025-09-15 18:42:18.577000,7721792.0,CT0015600,West Haven,Racial Profile,1000333,2500038653,Incident ID,2025-08-20 00:00:00,August,A,N,M,46,True,True,West Haven,Main St. & Union Ave.,  ,  ,V,G,1.0,0,14-301,,False,N,False,False,V,,,,,False,1.0,CT0015600,134024497337048708,2025-08-20 09:42:10.957000,09:42:10.957000,2025,,,Stop Sign,2025
2025-09-15 18:42:18.907000,7721915.0,CT0015600,West Haven,Racial Profile,1000616,2500038616,Incident ID,2025-08-20 00:00:00,August,W,N,M,29,True,False,West Haven,Derby Ave,  ,  ,V,S,1.0,0,14-219,,False,N,False,False,V,,,,,False,1.0,CT0015600,134024497337048708,2025-08-20 02:02:41.580000,02:02:41.580000,2025,,,Speed Related,2025
2025-09-15 18:42:18.910000,7721916.0,CT0015600,West Haven,Racial Profile,1000616,2500038618,Incident ID,2025-08-20 00:00:00,August,B,N,M,59,True,False,West Haven,Derby Ave,  ,  ,V,G,1.0,0,14-219,,False,N,False,False,V,,,,,False,1.0,CT0015600,134024497337048708,2025-08-20 02:16:24.027000,02:16:24.027000,2025,,,Speed Related,2025
2025-09-15 18:42:18.667000,7721824.0,CT0015600,West Haven,Racial Profile,1000539,2500038654,Incident ID,2025-08-20 00:00:00,August,W,H,F,74,True,True,West Haven,SAVIN/center,  ,  ,V,G,1.0,0,14-301,,False,N,False,False,V,,,,,False,1.0,CT0015600,134024497337048708,2025-08-20 09:42:56.613000,09:42:56.613000,2025,,,Stop Sign,2025
2025-09-15 18:42:19.340000,7722015.0,CT0015600,West Haven,Racial Profile,1000699,2500038624,Incident ID,2025-08-20 00:00:00,August,B,N,M,20,False,False,West Haven,Platt ave,  ,  ,I,G,1.0,0,14-224,,False,N,False,False,N,,,,,False,1.0,CT0015600,134024497337048708,2025-08-20 05:58:13.510000,05:58:13.510000,2025,14-224,,Other,2025
2025-09-15 18:42:18.777000,7721868.0,CT0015600,West Haven,Racial Profile,1000602,2500038599,Incident ID,2025-08-20 00:00:00,August,B,N,F,36,True,False,WEST HAVEN,campbell avenue,  ,  ,V,G,1.0,0,14-12(a)*,,False,N,False,False,V,,,,,False,1.0,CT0015600,134024497337048708,2025-08-20 00:33:48.580000,00:33:48.580000,2025,,,Registration,2025
2025-09-15 18:42:18.787000,7721869.0,CT0015600,West Haven,Racial Profile,1000602,2500038609,Incident ID,2025-08-20 00:00:00,August,B,N,M,37,True,True,West Haven,Rockview St,  ,  ,V,G,2.0,1,14-147(a),,True,I,True,False,M,,,,,False,1.0,CT0015600,134024497337048708,2025-08-20 01:25:45.020000,01:25:45.020000,2025,21a-279(a)(1),,Administrative Offense,2025
2025-09-15 18:42:18.900000,7721912.0,CT0015600,West Haven,Racial Profile,1000616,2500038604,Incident ID,2025-08-20 00:00:00,August,W,M,M,35,True,True,West Haven,Derby Ave,  ,  ,V,S,1.0,0,14-219,,True,N,False,False,V,,,,,False,1.0,CT0015600,134024497337048708,2025-08-20 00:55:24.317000,00:55:24.317000,2025,,,Speed Related,2025
2025-09-15 18:42:18.903000,7721914.0,CT0015600,West Haven,Racial Profile,1000616,2500038612,Incident ID,2025-08-20 00:00:00,August,W,N,M,38,True,True,West Haven,Derby Ave,  ,  ,V,G,1.0,0,14-219,,False,N,False,False,V,,,,,False,1.0,CT0015600,134024497337048708,2025-08-20 01:44:37.727000,01:44:37.727000,2025,,,Speed Related,2025
2025-09-15 18:42:19.337000,7722014.0,CT0015600,West Haven,Racial Profile,1000699,2500038617,Incident ID,2025-08-20 00:00:00,August,B,N,M,38,True,False,West Haven,First Avenue/Willow Street,  ,  ,I,G,1.0,1,14-147(c),,False,N,False,False,M,,,,,False,1.0,CT0015600,134024497337048708,2025-08-20 02:11:26.300000,02:11:26.300000,2025,38a-371,,Administrative Offense,2025
2025-09-15 18:42:19.313000,7722009.0,CT0015600,West Haven,Racial Profile,1000698,2500038726,Incident ID,2025-08-20 00:00:00,August,B,N,F,29,True,False,WEST HAVEN,Meloy/Baker,  ,  ,E,B,1.0,0,14-18(a),,False,N,False,False,V,,,,,False,1.0,CT0015600,134024497337048708,2025-08-20 19:38:57.667000,19:38:57.667000,2025,,,Display of Plates,2025
2025-09-15 18:42:18.583000,7721794.0,CT0015600,West Haven,Racial Profile,1000333,2500038657,Incident ID,2025-08-20 00:00:00,August,W,N,M,29,True,True,West Haven,Kelsey Ave. & Circle St.,  ,  ,V,G,1.0,0,14-301,,False,N,False,False,V,,,,,False,1.0,CT0015600,134024497337048708,2025-08-20 10:11:28.710000,10:11:28.710000,2025,,,Stop Sign,2025
2025-09-15 18:42:18.987000,7721944.0,CT0015600,West Haven,Racial Profile,1000637,2500038702,Incident ID,2025-08-20 00:00:00,August,W,N,F,39,True,True,West Haven,Sawmill Road.,  ,  ,V,G,1.0,0,14-299,,False,N,False,True,I,,,,,False,1.0,CT0015600,134024497337048708,2025-08-20 16:33:22.493000,16:33:22.493000,2025,14-36a,,Traffic Control Signal,2025
2025-09-15 18:42:19.233000,7721998.0,CT0015600,West Haven,Racial Profile,1000688,2500038621,Incident ID,2025-08-20 00:00:00,August,W,H,M,24,True,True,West Haven,MONAHAN FIRST,  ,  ,E,G,1.0,0,14-147(c),,False,N,False,False,I,,,,,False,1.0,CT0015600,134024497337048708,2025-08-20 03:10:28.473000,03:10:28.473000,2025,14-12a,,Administrative Offense,2025
2025-09-15 18:42:18.587000,7721795.0,CT0015600,West Haven,Racial Profile,1000333,2500038812,Incident ID,2025-08-21 00:00:00,August,W,M,F,47,True,True,West Haven,Main St & Third Ave.,  ,  ,V,G,1.0,0,14-301,,False,N,False,False,I,,,,,False,1.0,CT0015600,134024497337048708,2025-08-21 09:44:03.210000,09:44:03.210000,2025,,,Stop Sign,2025
2025-09-15 18:42:18.587000,7721796.0,CT0015600,West Haven,Racial Profile,1000333,2500038817,Incident ID,2025-08-21 00:00:00,August,W,N,M,45,True,True,West Haven,main st & third ave,  ,  ,V,G,1.0,0,14-301,,False,N,False,False,V,,,,,False,1.0,CT0015600,134024497337048708,2025-08-21 10:16:23.327000,10:16:23.327000,2025,,,Stop Sign,2025
2025-09-15 18:42:18.703000,7721839.0,CT0015600,West Haven,Racial Profile,1000569,2500038829,Incident ID,2025-08-21 00:00:00,August,B,N,M,35,True,False,West Haven,Forest Road,  ,  ,I,G,2.0,0,14-225,,False,N,False,False,M,,,,,False,1.0,CT0015600,134024497337048708,2025-08-21 11:13:32.190000,11:13:32.190000,2025,14-225,,Other,2025
2025-09-15 18:42:18.433000,7721770.0,CT0015600,West Haven,Racial Profile,1162,2500038841,Incident ID,2025-08-21 00:00:00,August,B,N,M,39,True,True,West Haven,kelsey/bassett,  ,  ,V,G,1.0,0,14-218a,,False,N,False,False,V,,,,,False,1.0,CT0015600,134024497337048708,2025-08-21 13:19:52.633000,13:19:52.633000,2025,,,Speed Related,2025
2025-09-15 18:42:18.990000,7721945.0,CT0015600,West Haven,Racial Profile,1000637,2500038815,Incident ID,2025-08-21 00:00:00,August,W,N,F,60,True,False,West Haven,Sawmill/I-95N,  ,  ,V,G,1.0,0,14-80h,,False,N,False,False,V,,,,,False,1.0,CT0015600,134024497337048708,2025-08-21 10:07:30.563000,10:07:30.563000,2025,,,Equipment Violation,2025
2025-09-15 18:42:18.430000,7721768.0,CT0015600,West Haven,Racial Profile,1162,2500038818,Incident ID,2025-08-21 00:00:00,August,W,N,F,59,True,True,West Haven,kelsey/main,  ,  ,V,G,1.0,0,14-12(a)*,,False,N,False,False,V,,,,,False,1.0,CT0015600,134024497337048708,2025-08-21 10:18:20.903000,10:18:20.903000,2025,,,Registration,2025
2025-09-15 18:42:18.433000,7721769.0,CT0015600,West Haven,Racial Profile,1162,2500038825,Incident ID,2025-08-21 00:00:00,August,W,N,M,45,True,False,West Haven,campbell/capt thomas,  ,  ,V,G,1.0,0,14-12(a)*,,False,N,False,False,V,,,,,False,1.0,CT0015600,134024497337048708,2025-08-21 10:47:39.323000,10:47:39.323000,2025,,,Registration,2025
2025-09-15 18:42:18.797000,7721871.0,CT0015600,West Haven,Racial Profile,1000602,2500039081,Incident ID,2025-08-22 00:00:00,August,W,H,M,54,True,False,WEST HAVEN,meloy road,  ,  ,V,G,1.0,0,14-96e,,False,N,False,False,I,,,,,False,1.0,CT0015600,134024497337048708,2025-08-22 20:18:57.473000,20:18:57.473000,2025,,,Defective Lights,2025
2025-09-15 18:42:18.803000,7721873.0,CT0015600,West Haven,Racial Profile,1000602,2500039094,Incident ID,2025-08-22 00:00:00,August,W,H,M,30,True,True,West Haven,first avenue,  ,  ,V,G,1.0,0,14-147(c),,False,N,False,False,I,,,,,False,1.0,CT0015600,134024497337048708,2025-08-22 22:18:04.433000,22:18:04.433000,2025,,,Administrative Offense,2025
2025-09-15 18:42:18.800000,7721872.0,CT0015600,West Haven,Racial Profile,1000602,2500039086,Incident ID,2025-08-22 00:00:00,August,B,N,M,54,True,False,West Haven,ogden st,  ,  ,V,G,2.0,0,14-18(c),,False,N,False,False,M,,,,,False,1.0,CT0015600,134024497337048708,2025-08-22 21:06:48.410000,21:06:48.410000,2025,14-215a,,Display of Plates,2025
2025-09-15 18:42:18.803000,7721874.0,CT0015600,West Haven,Racial Profile,1000602,2500039097,Incident ID,2025-08-22 00:00:00,August,W,N,M,44,True,True,WEST HAVEN,savin ave,  ,  ,V,G,2.0,0,14-299,,False,N,False,False,M,,,,,False,1.0,CT0015600,134024497337048708,2025-08-22 22:39:52.517000,22:39:52.517000,2025,38a-371,,Traffic Control Signal,2025
2025-09-15 18:42:18.793000,7721870.0,CT0015600,West Haven,Racial Profile,1000602,2500039079,Incident ID,2025-08-22 00:00:00,August,W,H,F,38,True,True,West Haven,campbell avenue,  ,  ,V,G,1.0,0,14-215(a),,False,N,False,False,V,,,,,False,1.0,CT0015600,134024497337048708,2025-08-22 20:06:01.257000,20:06:01.257000,2025,,,Administrative Offense,2025
2025-09-15 18:42:19.150000,7721990.0,CT0015600,West Haven,Racial Profile,1000677,2500039073,Incident ID,2025-08-22 00:00:00,August,W,N,F,61,True,True,WEST HAVEN,Platt ct / Ocean ave,  ,  ,V,G,3.0,1,14-12(a),,False,N,False,False,I,,,,,False,1.0,CT0015600,134024497337048708,2025-08-22 19:07:26.780000,19:07:26.780000,2025,,,Registration,2025
2025-09-15 18:42:18.940000,7721929.0,CT0015600,West Haven,Racial Profile,1000625,2500038951,Incident ID,2025-08-22 00:00:00,August,B,N,M,53,True,False,West Haven,Forest Road/Burwell Pl,  ,  ,V,B,1.0,0,14-299,,False,N,False,False,V,,,,,False,1.0,CT0015600,134024497337048708,2025-08-22 02:07:39.357000,02:07:39.357000,2025,,,Traffic Control Signal,2025
2025-09-15 18:42:18.807000,7721875.0,CT0015600,West Haven,Racial Profile,1000602,2500039199,Incident ID,2025-08-23 00:00:00,August,B,N,M,60,True,True,West Haven,CAMPBELL AVE,  ,  ,V,G,1.0,0,14-147(C),,False,N,False,False,V,,,,,False,1.0,CT0015600,134024497337048708,2025-08-23 11:04:31.130000,11:04:31.130000,2025,,,Administrative Offense,2025
2025-09-15 18:42:18.817000,7721879.0,CT0015600,West Haven,Racial Profile,1000602,2500039268,Incident ID,2025-08-23 00:00:00,August,W,H,M,18,True,True,West Haven,terrace avenue,  ,  ,V,G,2.0,1,14-147(c),,True,I,False,False,M,,,,,False,1.0,CT0015600,134024497337048708,2025-08-23 19:16:01.047000,19:16:01.047000,2025,38a-371,,Administrative Offense,2025
2025-09-15 18:42:18.820000,7721881.0,CT0015600,West Haven,Racial Profile,1000602,2500039275,Incident ID,2025-08-23 00:00:00,August,B,N,M,36,True,False,West Haven,FOREST ROAD,  ,  ,V,G,2.0,1,14-147(A),,True,I,False,False,M,,,,,False,1.0,CT0015600,134024497337048708,2025-08-23 20:16:16.500000,20:16:16.500000,2025,,,Administrative Offense,2025
2025-09-15 18:42:18.823000,7721882.0,CT0015600,West Haven,Racial Profile,1000602,2500039284,Incident ID,2025-08-23 00:00:00,August,W,N,M,31,True,True,West Haven,first avenue,  ,  ,V,G,3.0,0,14-18(a),,True,O,True,False,M,,,,,False,1.0,CT0015600,134024497337048708,2025-08-23 20:57:43.763000,20:57:43.763000,2025,21a-279(a)(1),,Display of Plates,2025
2025-09-15 18:42:18.843000,7721890.0,CT0015600,West Haven,Racial Profile,1000614,2500039211,Incident ID,2025-08-23 00:00:00,August,B,N,F,80,True,False,West Haven,Allings Crossing/Saw Mill Road,  ,  ,V,G,1.0,0,14-299,,False,N,False,False,V,,,,,False,1.0,CT0015600,134024497337048708,2025-08-23 12:29:08.873000,12:29:08.873000,2025,,,Traffic Control Signal,2025
2025-09-15 18:42:18.910000,7721917.0,CT0015600,West Haven,Racial Profile,1000616,2500039125,Incident ID,2025-08-23 00:00:00,August,W,H,M,39,True,True,West Haven,Bassett St,  ,  ,V,G,1.0,0,14-96c,,False,N,False,False,V,,,,,False,1.0,CT0015600,134024497337048708,2025-08-23 00:38:21.243000,00:38:21.243000,2025,,,Defective Lights,2025
2025-09-15 18:42:18.820000,7721880.0,CT0015600,West Haven,Racial Profile,1000602,2500039272,Incident ID,2025-08-23 00:00:00,August,W,N,F,42,True,True,WEST HAVEN,campbell avenye,  ,  ,V,G,1.0,0,14-147(c),,False,N,False,False,V,,,,,False,1.0,CT0015600,134024497337048708,2025-08-23 19:57:01.493000,19:57:01.493000,2025,,,Administrative Offense,2025
2025-09-15 18:42:18.847000,7721891.0,CT0015600,West Haven,Racial Profile,1000614,2500039261,Incident ID,2025-08-23 00:00:00,August,B,N,M,23,True,True,West Haven,Greta Street/Coleman Street,  ,  ,V,G,1.0,0,14-301,,False,N,False,False,V,,,,,False,1.0,CT0015600,134024497337048708,2025-08-23 18:14:12.500000,18:14:12.500000,2025,,,Stop Sign,2025
2025-09-15 18:42:19.340000,7722016.0,CT0015600,West Haven,Racial Profile,1000699,2500039153,Incident ID,2025-08-23 00:00:00,August,B,N,F,23,True,False,West Haven,campbell ave/brown st,  ,  ,I,G,1.0,0,14-232(1),,False,N,False,False,V,,,,,False,1.0,CT0015600,134024497337048708,2025-08-23 02:38:10.327000,02:38:10.327000,2025,14-232(1),,Moving Violation,2025
2025-09-15 18:42:18.810000,7721876.0,CT0015600,West Haven,Racial Profile,1000602,2500039205,Incident ID,2025-08-23 00:00:00,August,W,H,M,25,True,True,WEST HAVEN,main street,  ,  ,V,G,2.0,0,14-147(c),,False,N,False,False,M,,,,,False,1.0,CT0015600,134024497337048708,2025-08-23 11:54:59.660000,11:54:59.660000,2025,14-215a,,Administrative Offense,2025
2025-09-15 18:42:19.063000,7721973.0,CT0015600,West Haven,Racial Profile,1000665,2500039283,Incident ID,2025-08-23 00:00:00,August,B,N,M,22,True,False,West Haven,Woodmont Road,  ,  ,V,G,1.0,0,14-147(c),,False,N,False,False,V,,,,,False,1.0,CT0015600,134024497337048708,2025-08-23 20:54:09.027000,20:54:09.027000,2025,38a-371,,Administrative Offense,2025
2025-09-15 18:42:19.157000,7721992.0,CT0015600,West Haven,Racial Profile,1000678,2500039247,Incident ID,2025-08-23 00:00:00,August,W,N,F,53,True,True,WEST HAVEN,M&T bank ,  ,  ,I,G,1.0,0,14-12(a)*,,False,N,False,False,V,,,,,False,1.0,CT0015600,134024497337048708,2025-08-23 16:48:03.023000,16:48:03.023000,2025,14-12(a)*,,Registration,2025
2025-09-15 18:42:19.170000,7721993.0,CT0015600,West Haven,Racial Profile,1000687,2500039213,Incident ID,2025-08-23 00:00:00,August,B,N,M,75,True,True,West Haven,Island lane/Ridge Hollow Rd.,  ,  ,V,G,1.0,0,14-299,,False,N,False,False,V,,,,,False,1.0,CT0015600,134024497337048708,2025-08-23 12:42:45.027000,12:42:45.027000,2025,14-299,,Traffic Control Signal,2025
2025-09-15 18:42:19.077000,7721974.0,CT0015600,West Haven,Racial Profile,1000665,2500039286,Incident ID,2025-08-23 00:00:00,August,W,N,M,37,True,True,West Haven,Ocean Avenue,  ,  ,V,G,1.0,0,14-18,,False,N,False,False,V,,,,,False,1.0,CT0015600,134024497337048708,2025-08-23 21:12:47.913000,21:12:47.913000,2025,14-18,,Display of Plates,2025
2025-09-15 18:42:19.127000,7721979.0,CT0015600,West Haven,Racial Profile,1000666,2500039255,Incident ID,2025-08-23 00:00:00,August,W,H,F,32,True,False,WEST HAVEN,Boston Post Road ,  ,  ,I,G,1.0,0,14-12(a*),,False,N,False,False,V,,,,,False,1.0,CT0015600,134024497337048708,2025-08-23 17:31:26.173000,17:31:26.173000,2025,14-12(a)*,,Registration,2025
2025-09-15 18:42:18.660000,7721820.0,CT0015600,West Haven,Racial Profile,1000528,2500039210,Incident ID,2025-08-23 00:00:00,August,W,N,F,43,True,True,West Haven,wood/ washingtonn,  ,  ,V,G,1.0,0,14-301,,False,N,False,False,V,,,,,False,1.0,CT0015600,134024497337048708,2025-08-23 12:26:58.657000,12:26:58.657000,2025,14-301,,Stop Sign,2025
2025-09-15 18:42:18.813000,7721877.0,CT0015600,West Haven,Racial Profile,1000602,2500039212,Incident ID,2025-08-23 00:00:00,August,W,N,F,29,True,True,West Haven,wood street,  ,  ,V,G,2.0,0,14-36(a)**,,False,N,False,False,M,,,,,False,1.0,CT0015600,134024497337048708,2025-08-23 12:36:30.487000,12:36:30.487000,2025,,,Unlicensed Operation,2025
2025-09-15 18:42:18.817000,7721878.0,CT0015600,West Haven,Racial Profile,1000602,2500039218,Incident ID,2025-08-23 00:00:00,August,B,N,F,42,True,False,West Haven,front avenue,  ,  ,V,G,1.0,0,14-147(a),,False,N,False,False,V,,,,,False,1.0,CT0015600,134024497337048708,2025-08-23 13:33:04.933000,13:33:04.933000,2025,,,Administrative Offense,2025
2025-09-15 18:42:18.870000,7721900.0,CT0015600,West Haven,Racial Profile,1000615,2500039215,Incident ID,2025-08-23 00:00:00,August,W,H,M,39,True,True,West Haven,CENTER/ SAVIN ,  ,  ,V,G,2.0,1,38a-371,,False,N,False,True,M,,,,,False,1.0,CT0015600,134024497337048708,2025-08-23 13:05:58.443000,13:05:58.443000,2025,14-36(a),,Other,2025
2025-09-15 18:42:18.960000,7721935.0,CT0015600,West Haven,Racial Profile,1000636,2500039132,Incident ID,2025-08-23 00:00:00,August,A,N,M,25,True,False,West Haven,campbell lester,  ,  ,I,G,2.0,1,38a-371,,False,N,False,False,M,,,,,False,1.0,CT0015600,134024497337048708,2025-08-23 00:58:43.220000,00:58:43.220000,2025,,,Other,2025
2025-09-15 18:42:18.997000,7721948.0,CT0015600,West Haven,Racial Profile,1000652,2500039251,Incident ID,2025-08-23 00:00:00,August,B,N,M,35,True,False,West Haven,Campbell Ave/ York Street ,  ,  ,V,G,1.0,0,14-147(c),,False,N,False,False,M,,,,,False,1.0,CT0015600,134024497337048708,2025-08-23 16:58:34.780000,16:58:34.780000,2025,38a-371,,Administrative Offense,2025
2025-09-15 18:42:19.320000,7722010.0,CT0015600,West Haven,Racial Profile,1000698,2500039267,Incident ID,2025-08-23 00:00:00,August,B,N,M,25,True,False,West Haven,Daytona St/ Budd Pl,  ,  ,E,B,1.0,0,14-99g,,False,N,False,False,V,,,,,False,1.0,CT0015600,134024497337048708,2025-08-23 19:04:07.777000,19:04:07.777000,2025,,,Window Tint,2025
2025-09-15 18:42:18.523000,7721787.0,CT0015600,West Haven,Racial Profile,1000331,2500039429,Incident ID,2025-08-24 00:00:00,August,W,N,M,19,True,True,West Haven,Ocean Ave X South Street,  ,  ,V,G,1.0,0,14-219,,False,N,False,False,V,,,,,False,1.0,CT0015600,134024497337048708,2025-08-24 17:15:47.513000,17:15:47.513000,2025,,,Speed Related,2025
2025-09-15 18:42:19.183000,7721994.0,CT0015600,West Haven,Racial Profile,1000687,2500039386,Incident ID,2025-08-24 00:00:00,August,W,N,M,25,True,True,West Haven,Morgan Lane/Donna Lane.,  ,  ,V,G,1.0,0,14-299,,False,N,False,False,V,,,,,False,1.0,CT0015600,134024497337048708,2025-08-24 11:27:02.270000,11:27:02.270000,2025,14-299,,Traffic Control Signal,2025
2025-09-15 18:42:19.330000,7722012.0,CT0015600,West Haven,Racial Profile,1000698,2500039441,Incident ID,2025-08-24 00:00:00,August,B,N,M,33,True,True,WEST HAVEN,80 Tetlow Street,  ,  ,V,B,3.0,1,14-147(c),,False,N,False,False,M,,,,,False,1.0,CT0015600,134024497337048708,2025-08-24 19:24:58.390000,19:24:58.390000,2025,,,Administrative Offense,2025
2025-09-15 18:42:18.990000,7721946.0,CT0015600,West Haven,Racial Profile,1000637,2500039401,Incident ID,2025-08-24 00:00:00,August,B,N,F,34,True,False,West Haven,boston post rd/brower,  ,  ,V,G,1.0,0,14-215,,False,N,False,False,V,,,,,False,1.0,CT0015600,134024497337048708,2025-08-24 13:57:24.253000,13:57:24.253000,2025,,,Administrative Offense,2025
2025-09-15 18:42:19.103000,7721975.0,CT0015600,West Haven,Racial Profile,1000665,2500039436,Incident ID,2025-08-24 00:00:00,August,B,N,M,43,True,False,West Haven,Kelsey Ave,  ,  ,V,G,1.0,0,14-215(a),,False,N,False,False,M,,,,,False,1.0,CT0015600,134024497337048708,2025-08-24 18:15:32.500000,18:15:32.500000,2025,38a-371,,Administrative Offense,2025
2025-09-15 18:42:19.127000,7721980.0,CT0015600,West Haven,Racial Profile,1000666,2500039449,Incident ID,2025-08-24 00:00:00,August,W,H,M,26,True,True,West Haven,Boston post road ,  ,  ,V,G,1.0,0,14-18(a),,False,N,False,False,V,,,,,False,1.0,CT0015600,134024497337048708,2025-08-24 20:19:22.727000,20:19:22.727000,2025,14-18(a),,Display of Plates,2025
2025-09-15 18:42:19.327000,7722011.0,CT0015600,West Haven,Racial Profile,1000698,2500039437,Incident ID,2025-08-24 00:00:00,August,B,N,M,22,True,True,WEST HAVEN,Boston Post Road/ Baker Street,  ,  ,E,B,1.0,0,14-99g,,False,N,False,False,V,,,,,False,1.0,CT0015600,134024497337048708,2025-08-24 18:16:46.020000,18:16:46.020000,2025,,,Window Tint,2025
2025-09-15 18:42:18.993000,7721947.0,CT0015600,West Haven,Racial Profile,1000637,2500039451,Incident ID,2025-08-24 00:00:00,August,W,N,F,17,True,False,WEST HAVEN,Sawmill/meloy,  ,  ,V,G,1.0,0,14-236,,False,N,False,False,V,,,,,False,1.0,CT0015600,134024497337048708,2025-08-24 20:31:01.883000,20:31:01.883000,2025,,,Moving Violation,2025
2025-09-15 18:42:19.390000,7722025.0,CT0015600,West Haven,Racial Profile,1000700,2500039380,Incident ID,2025-08-24 00:00:00,August,W,N,M,20,True,False,West Haven,Main Street/Martin Street,  ,  ,V,G,1.0,0,14-301,,False,N,False,False,V,,,,,False,1.0,CT0015600,134024497337048708,2025-08-24 10:30:19.553000,10:30:19.553000,2025,14-301,,Stop Sign,2025
2025-09-15 18:42:18.627000,7721806.0,CT0015600,West Haven,Racial Profile,1000465,2500039582,Incident ID,2025-08-25 00:00:00,August,W,H,M,25,True,True,West Haven,Saw Mill / Meloy,  ,  ,V,G,1.0,0,14-12(a)*,,False,N,False,False,V,,,,,False,1.0,CT0015600,134024497337048708,2025-08-25 14:12:36.417000,14:12:36.417000,2025,14-147(c),,Registration,2025
2025-09-15 18:42:18.707000,7721840.0,CT0015600,West Haven,Racial Profile,1000569,2500039617,Incident ID,2025-08-25 00:00:00,August,W,N,M,53,True,True,WEST HAVEN,Forest Road and Orange Terrace,  ,  ,V,G,1.0,0,14-300(c),,False,N,False,False,V,,,,,False,1.0,CT0015600,134024497337048708,2025-08-25 17:12:12.890000,17:12:12.890000,2025,14-300(c),,Other,2025
2025-09-15 18:42:18.623000,7721805.0,CT0015600,West Haven,Racial Profile,1000465,2500039559,Incident ID,2025-08-25 00:00:00,August,W,H,M,16,True,True,West Haven,Campbell / Elm ,  ,  ,V,G,1.0,0,14-299,,False,N,False,False,V,,,,,False,1.0,CT0015600,134024497337048708,2025-08-25 11:54:24.097000,11:54:24.097000,2025,,,Traffic Control Signal,2025
2025-09-15 18:42:18.677000,7721826.0,CT0015600,West Haven,Racial Profile,1000539,2500039538,Incident ID,2025-08-25 00:00:00,August,W,N,M,61,True,True,West Haven,campbell/boston pst,  ,  ,V,G,1.0,0,14-296aa(b),,False,N,False,False,V,,,,,False,1.0,CT0015600,134024497337048708,2025-08-25 09:15:12.483000,09:15:12.483000,2025,,,Cell Phone,2025
2025-09-15 18:42:18.710000,7721841.0,CT0015600,West Haven,Racial Profile,1000569,2500039618,Incident ID,2025-08-25 00:00:00,August,B,N,M,48,True,False,West Haven,Forest Road and Orange Terrace,  ,  ,V,G,1.0,0,14-300(c),,False,N,False,False,V,,,,,False,1.0,CT0015600,134024497337048708,2025-08-25 17:22:44.097000,17:22:44.097000,2025,14-300(c),,Other,2025
2025-09-15 18:42:18.960000,7721936.0,CT0015600,West Haven,Racial Profile,1000636,2500039493,Incident ID,2025-08-25 00:00:00,August,W,H,M,48,True,False,West Haven,elm/ campbell,  ,  ,I,G,2.0,0,14-12(a),,False,N,False,False,M,,,,,False,1.0,CT0015600,134024497337048708,2025-08-25 01:19:37.813000,01:19:37.813000,2025,,,Registration,2025
2025-09-15 18:42:19.343000,7722017.0,CT0015600,West Haven,Racial Profile,1000699,2500039495,Incident ID,2025-08-25 00:00:00,August,B,N,M,17,True,True,WEST HAVEN,West Spring St/Campbell Ave,  ,  ,I,G,1.0,0,14-36(a),,False,N,False,False,I,,,,,False,1.0,CT0015600,134024497337048708,2025-08-25 01:46:24.220000,01:46:24.220000,2025,14-36(a),,Unlicensed Operation,2025
2025-09-15 18:42:18.620000,7721804.0,CT0015600,West Haven,Racial Profile,1000465,2500039552,Incident ID,2025-08-25 00:00:00,August,W,N,M,35,True,True,West Haven,Main / Third,  ,  ,V,G,1.0,0,14-301,,False,N,False,False,V,,,,,False,1.0,CT0015600,134024497337048708,2025-08-25 10:57:20.810000,10:57:20.810000,2025,,,Stop Sign,2025
2025-09-15 18:42:18.673000,7721825.0,CT0015600,West Haven,Racial Profile,1000539,2500039532,Incident ID,2025-08-25 00:00:00,August,W,H,M,33,True,False,West Haven,first/campbell,  ,  ,V,G,1.0,0,14-296aa(b),,False,N,False,False,V,,,,,False,1.0,CT0015600,134024497337048708,2025-08-25 09:00:55.467000,09:00:55.467000,2025,,,Cell Phone,2025
2025-09-15 18:42:19.020000,7721957.0,CT0015600,West Haven,Racial Profile,1000658,2500039613,Incident ID,2025-08-25 00:00:00,August,W,N,M,29,True,False,WEST HAVEN,first ave,  ,  ,E,G,1.0,0,14-100a(c),,False,N,False,False,W,,,,,False,1.0,CT0015600,134024497337048708,2025-08-25 16:52:10.567000,16:52:10.567000,2025,,,Seatbelt,2025
2025-09-15 18:42:19.143000,7721987.0,CT0015600,West Haven,Racial Profile,1000675,2500039494,Incident ID,2025-08-25 00:00:00,August,B,N,M,31,True,False,West Haven,Campbell Ave/Alling St,  ,  ,V,G,1.0,0,14-236,,False,N,False,False,V,,,,,False,1.0,CT0015600,134024497337048708,2025-08-25 01:41:19.827000,01:41:19.827000,2025,,,Moving Violation,2025
2025-09-15 18:42:19.410000,7722026.0,CT0015600,West Haven,Racial Profile,1000700,2500039556,Incident ID,2025-08-25 00:00:00,August,W,N,F,44,True,False,West Haven,Main Street/ Hine Street,  ,  ,V,G,1.0,0,14-18(a),,False,N,False,False,V,,,,,False,1.0,CT0015600,134024497337048708,2025-08-25 11:34:52.337000,11:34:52.337000,2025,14-18(a),,Display of Plates,2025
2025-09-15 18:42:18.720000,7721845.0,CT0015600,West Haven,Racial Profile,1000582,2500039705,Incident ID,2025-08-26 00:00:00,August,B,N,M,43,True,False,WEST HAVEN,2 Boston Post rd,  ,  ,V,G,3.0,1,14-12(a)*,,True,I,False,True,M,,,,,False,1.0,CT0015600,134024497337048708,2025-08-26 02:24:54.133000,02:24:54.133000,2025,38a-371,,Registration,2025
2025-09-15 18:42:18.590000,7721797.0,CT0015600,West Haven,Racial Profile,1000333,2500039750,Incident ID,2025-08-26 00:00:00,August,W,N,F,47,True,False,West Haven,RICHARDS & WASHINGTON AVE,  ,  ,V,G,1.0,0,14-301,,False,N,False,False,V,,,,,False,1.0,CT0015600,134024497337048708,2025-08-26 10:16:07.960000,10:16:07.960000,2025,,,Stop Sign,2025
2025-09-15 18:42:18.827000,7721883.0,CT0015600,West Haven,Racial Profile,1000602,2500039732,Incident ID,2025-08-26 00:00:00,August,W,H,M,24,True,True,West Haven,campbell avenue,  ,  ,V,G,3.0,1,14-236,,False,N,False,False,I,,,,,False,1.0,CT0015600,134024497337048708,2025-08-26 08:17:10.590000,08:17:10.590000,2025,14-36(a),,Moving Violation,2025
2025-09-15 18:42:19.117000,7721977.0,CT0015600,West Haven,Racial Profile,1000665,2500039862,Incident ID,2025-08-26 00:00:00,August,B,N,M,37,True,False,West Haven,Washington Ave,  ,  ,V,G,1.0,0,14-301,,False,N,False,False,V,,,,,False,1.0,CT0015600,134024497337048708,2025-08-26 22:43:33.873000,22:43:33.873000,2025,14-301,,Stop Sign,2025
2025-09-15 18:42:19.347000,7722019.0,CT0015600,West Haven,Racial Profile,1000699,2500039685,Incident ID,2025-08-26 00:00:00,August,B,N,M,36,True,True,West Haven,Elm St/Savin Ave,  ,  ,I,G,1.0,0,14-12(a)*,,False,N,False,False,W,,,,,False,1.0,CT0015600,134024497337048708,2025-08-26 00:31:48.033000,00:31:48.033000,2025,14-12(a)*,,Registration,2025
2025-09-15 18:42:18.870000,7721901.0,CT0015600,West Haven,Racial Profile,1000615,2500039740,Incident ID,2025-08-26 00:00:00,August,W,N,M,38,True,True,West Haven,19 Homestead ,  ,  ,V,G,1.0,0,14-18(c),,False,N,False,False,V,,,,,False,1.0,CT0015600,134024497337048708,2025-08-26 08:55:24.343000,08:55:24.343000,2025,14-18(c),,Display of Plates,2025
2025-09-15 18:42:18.963000,7721937.0,CT0015600,West Haven,Racial Profile,1000636,2500039691,Incident ID,2025-08-26 00:00:00,August,B,N,M,38,True,True,West Haven,campbell/ elm,  ,  ,I,G,2.0,0,14-147(c),,False,N,False,False,M,,,,,False,1.0,CT0015600,134024497337048708,2025-08-26 01:15:38.270000,01:15:38.270000,2025,,,Administrative Offense,2025
2025-09-15 18:42:18.690000,7721833.0,CT0015600,West Haven,Racial Profile,1000549,2500039686,Incident ID,2025-08-26 00:00:00,August,W,N,M,30,False,False,West Haven,eileen / meloy,  ,  ,I,G,1.0,0,53a-119b(a),,False,N,False,False,N,,,,,False,1.0,CT0015600,134024497337048708,2025-08-26 00:34:05.250000,00:34:05.250000,2025,,,Other,2025
2025-09-15 18:42:19.107000,7721976.0,CT0015600,West Haven,Racial Profile,1000665,2500039840,Incident ID,2025-08-26 00:00:00,August,W,N,M,57,True,True,West Haven,Prospect Ave,  ,  ,V,G,1.0,0,14-12(a)*,,False,N,False,False,V,,,,,False,1.0,CT0015600,134024497337048708,2025-08-26 19:44:44.877000,19:44:44.877000,2025,14-12(a)*,,Registration,2025
2025-09-15 18:42:19.247000,7721999.0,CT0015600,West Haven,Racial Profile,1000688,2500039694,Incident ID,2025-08-26 00:00:00,August,W,H,M,37,True,True,West Haven,CITGO FIRST/ELM,  ,  ,V,G,1.0,1,14-147(c),,False,N,False,True,M,,,,,False,1.0,CT0015600,134024497337048708,2025-08-26 01:36:07.760000,01:36:07.760000,2025,38a-371,,Administrative Offense,2025
2025-09-15 18:42:19.347000,7722018.0,CT0015600,West Haven,Racial Profile,1000699,2500039680,Incident ID,2025-08-26 00:00:00,August,W,H,M,35,True,True,West Haven,Elm Street/Second Ave,  ,  ,V,G,1.0,0,14-147a,,False,N,False,False,V,,,,,False,1.0,CT0015600,134024497337048708,2025-08-26 00:01:42.013000,00:01:42.013000,2025,14-147a,,Administrative Offense,2025
2025-09-15 18:42:18.633000,7721809.0,CT0015600,West Haven,Racial Profile,1000465,2500039962,Incident ID,2025-08-27 00:00:00,August,W,H,M,30,True,False,WEST HAVEN,Spring / Front ,  ,  ,V,G,1.0,0,14-223(b)**,,False,N,False,False,N,,,,,False,1.0,CT0015600,134024497337048708,2025-08-27 11:37:34.217000,11:37:34.217000,2025,,,Other,2025
2025-09-15 18:42:18.633000,7721810.0,CT0015600,West Haven,Racial Profile,1000465,2500039964,Incident ID,2025-08-27 00:00:00,August,W,H,M,25,True,False,West Haven,Forest / Alden,  ,  ,V,G,1.0,0,14-147(c),,False,N,False,False,V,,,,,False,1.0,CT0015600,134024497337048708,2025-08-27 12:01:54.300000,12:01:54.300000,2025,,,Administrative Offense,2025
2025-09-15 18:42:18.637000,7721811.0,CT0015600,West Haven,Racial Profile,1000465,2500039977,Incident ID,2025-08-27 00:00:00,August,B,N,F,40,True,False,West Haven,7 Spring Street,  ,  ,V,G,1.0,0,14-12(a)*,,False,N,False,False,V,,,,,False,1.0,CT0015600,134024497337048708,2025-08-27 13:27:36.327000,13:27:36.327000,2025,,,Registration,2025
2025-09-15 18:42:18.660000,7721821.0,CT0015600,West Haven,Racial Profile,1000528,2500039946,Incident ID,2025-08-27 00:00:00,August,B,N,M,30,True,False,WEST HAVEN,west spring / campbell,  ,  ,V,G,1.0,0,14-299,,False,N,False,False,V,,,,,False,1.0,CT0015600,134024497337048708,2025-08-27 09:55:25.593000,09:55:25.593000,2025,14-299,,Traffic Control Signal,2025
2025-09-15 18:42:18.630000,7721807.0,CT0015600,West Haven,Racial Profile,1000465,2500039904,Incident ID,2025-08-27 00:00:00,August,B,N,M,60,True,True,West Haven,Wagner / Elm,  ,  ,V,G,1.0,0,14-251,,False,N,False,False,V,,,,,False,1.0,CT0015600,134024497337048708,2025-08-27 07:26:48.200000,07:26:48.200000,2025,,,Other,2025
2025-09-15 18:42:18.883000,7721905.0,CT0015600,West Haven,Racial Profile,1000615,2500039978,Incident ID,2025-08-27 00:00:00,August,W,N,M,33,True,True,West Haven,Union/ Elm ,  ,  ,V,G,1.0,0,14-12(a)*,,False,N,False,False,I,,,,,False,1.0,CT0015600,134024497337048708,2025-08-27 13:28:41.097000,13:28:41.097000,2025,14-12(a)*,,Registration,2025
2025-09-15 18:42:18.830000,7721884.0,CT0015600,West Haven,Racial Profile,1000602,2500040068,Incident ID,2025-08-27 00:00:00,August,W,N,M,36,True,True,West Haven,boston post road,  ,  ,V,G,3.0,1,14-222,,True,O,True,True,U,,,,,False,1.0,CT0015600,134024497337048708,2025-08-27 21:37:03.687000,21:37:03.687000,2025,53a-130,,Speed Related,2025
2025-09-15 18:42:18.880000,7721904.0,CT0015600,West Haven,Racial Profile,1000615,2500039950,Incident ID,2025-08-27 00:00:00,August,B,N,F,40,True,True,West Haven,Main/ Candee ,  ,  ,E,G,1.0,0,14-99g(g),,False,N,False,False,I,,,,,False,1.0,CT0015600,134024497337048708,2025-08-27 10:25:39.570000,10:25:39.570000,2025,14-18(e),,Window Tint,2025
2025-09-15 18:42:18.640000,7721812.0,CT0015600,West Haven,Racial Profile,1000465,2500039987,Incident ID,2025-08-27 00:00:00,August,B,N,M,40,True,False,West Haven,Elm / First,  ,  ,V,G,1.0,0,14-99g(g),,False,N,False,False,V,,,,,False,1.0,CT0015600,134024497337048708,2025-08-27 13:54:23.167000,13:54:23.167000,2025,,,Window Tint,2025
2025-09-15 18:42:18.453000,7721774.0,CT0015600,West Haven,Racial Profile,1195,2500040077,Incident ID,2025-08-27 00:00:00,August,W,H,F,22,True,False,West Haven,Allings Crossing and Frontage Road,  ,  ,I,G,1.0,0,14-299,,False,N,False,False,V,,,,,False,1.0,CT0015600,134024497337048708,2025-08-27 22:53:23.970000,22:53:23.970000,2025,,,Traffic Control Signal,2025
2025-09-15 18:42:18.877000,7721903.0,CT0015600,West Haven,Racial Profile,1000615,2500039936,Incident ID,2025-08-27 00:00:00,August,W,H,M,33,True,False,WEST HAVEN,Brown Street/ Campebll Avenue ,  ,  ,V,G,2.0,0,14-300f(a),,False,N,False,True,M,,,,,False,1.0,CT0015600,134024497337048708,2025-08-27 08:57:13.993000,08:57:13.993000,2025,14-215(c),,Other,2025
2025-09-15 18:42:19.250000,7722000.0,CT0015600,West Haven,Racial Profile,1000688,2500039877,Incident ID,2025-08-27 00:00:00,August,I,M,M,28,True,True,West Haven,first ave/ may st,  ,  ,V,G,1.0,0,14-215,,True,N,False,False,V,,,,,False,1.0,CT0015600,134024497337048708,2025-08-27 01:06:42.420000,01:06:42.420000,2025,14-36(a),,Administrative Offense,2025
2025-09-15 18:42:18.950000,7721931.0,CT0015600,West Haven,Racial Profile,1000626,2500039945,Incident ID,2025-08-27 00:00:00,August,W,H,F,22,True,False,West Haven,Campbell Avenue/ boston post road,  ,  ,V,G,1.0,0,14-12(a)*,,False,N,False,False,I,,,,,False,1.0,CT0015600,134024497337048708,2025-08-27 09:49:22.377000,09:49:22.377000,2025,14-12(a)*,,Registration,2025
2025-09-15 18:42:18.630000,7721808.0,CT0015600,West Haven,Racial Profile,1000465,2500039921,Incident ID,2025-08-27 00:00:00,August,W,N,F,50,True,True,West Haven,Saw Mill Road / Meloy Road,  ,  ,V,G,1.0,0,14-299,,False,N,False,False,V,,,,,False,1.0,CT0015600,134024497337048708,2025-08-27 08:35:06.460000,08:35:06.460000,2025,,,Traffic Control Signal,2025
2025-09-15 18:42:18.640000,7721813.0,CT0015600,West Haven,Racial Profile,1000465,2500039989,Incident ID,2025-08-27 00:00:00,August,B,N,M,50,True,False,West Haven,Spring / Mrytle,  ,  ,E,G,1.0,0,14-99g(g),,False,N,False,False,V,,,,,False,1.0,CT0015600,134024497337048708,2025-08-27 14:04:10.567000,14:04:10.567000,2025,,,Window Tint,2025
2025-09-15 18:42:18.677000,7721827.0,CT0015600,West Haven,Racial Profile,1000539,2500039958,Incident ID,2025-08-27 00:00:00,August,W,H,M,21,True,True,West Haven,savin/elm,  ,  ,V,G,1.0,0,14-301,,False,N,False,False,I,,,,,False,1.0,CT0015600,134024497337048708,2025-08-27 11:23:29.520000,11:23:29.520000,2025,,,Stop Sign,2025
2025-09-15 18:42:18.873000,7721902.0,CT0015600,West Haven,Racial Profile,1000615,2500039918,Incident ID,2025-08-27 00:00:00,August,W,H,M,29,True,False,West Haven,Washington/ Brown ,  ,  ,V,G,1.0,0,14-301,,False,N,False,False,V,,,,,False,1.0,CT0015600,134024497337048708,2025-08-27 08:07:39.370000,08:07:39.370000,2025,14-301,,Stop Sign,2025
2025-09-15 18:42:18.883000,7721906.0,CT0015600,West Haven,Racial Profile,1000615,2500039994,Incident ID,2025-08-27 00:00:00,August,B,N,M,59,True,False,West Haven,Washington/ Main ,  ,  ,V,G,1.0,0,14-99g(g),,False,N,False,False,V,,,,,False,1.0,CT0015600,134024497337048708,2025-08-27 14:23:15.820000,14:23:15.820000,2025,14-99g(g),,Window Tint,2025
2025-09-15 18:42:18.830000,7721885.0,CT0015600,West Haven,Racial Profile,1000602,2500040259,Incident ID,2025-08-28 00:00:00,August,B,N,F,41,True,False,West Haven,kelsey avenue,  ,  ,E,G,1.0,0,14-96e,,False,N,False,False,M,,,,,False,1.0,CT0015600,134024497337048708,2025-08-28 20:51:58.797000,20:51:58.797000,2025,38a-371,,Defective Lights,2025
2025-09-15 18:42:18.930000,7721925.0,CT0015600,West Haven,Racial Profile,1000619,2500040262,Incident ID,2025-08-28 00:00:00,August,W,M,M,28,True,False,West Haven,Linden Street/Platt Avenue,  ,  ,V,G,1.0,0,14-301,,False,N,False,False,V,,,,,False,1.0,CT0015600,134024497337048708,2025-08-28 21:20:51.040000,21:20:51.040000,2025,,,Stop Sign,2025
2025-09-15 18:42:18.920000,7721921.0,CT0015600,West Haven,Racial Profile,1000616,2500040115,Incident ID,2025-08-28 00:00:00,August,W,H,F,26,True,False,West Haven,Derby  Ave,  ,  ,V,S,1.0,0,14-219,,False,N,False,False,V,,,,,False,1.0,CT0015600,134024497337048708,2025-08-28 03:06:22.300000,03:06:22.300000,2025,,,Speed Related,2025
2025-09-15 18:42:18.923000,7721922.0,CT0015600,West Haven,Racial Profile,1000616,2500040116,Incident ID,2025-08-28 00:00:00,August,W,N,M,35,True,False,West Haven,Derby Ave,  ,  ,V,S,1.0,0,14-219,,False,N,False,False,V,,,,,False,1.0,CT0015600,134024497337048708,2025-08-28 03:19:50.587000,03:19:50.587000,2025,,,Speed Related,2025
2025-09-15 18:42:18.887000,7721907.0,CT0015600,West Haven,Racial Profile,1000615,2500040178,Incident ID,2025-08-28 00:00:00,August,B,N,F,51,True,False,West Haven,CAMPBELL/ CENTER ,  ,  ,V,G,2.0,1,14-215(A),,False,N,False,True,N,,,,,False,1.0,CT0015600,134024497337048708,2025-08-28 10:57:39.310000,10:57:39.310000,2025,14-215(A),,Administrative Offense,2025
2025-09-15 18:42:18.913000,7721918.0,CT0015600,West Haven,Racial Profile,1000616,2500040111,Incident ID,2025-08-28 00:00:00,August,B,N,M,33,True,False,West Haven,Derby Ave,  ,  ,V,S,1.0,0,14-219,,False,N,False,False,V,,,,,False,1.0,CT0015600,134024497337048708,2025-08-28 02:25:52.677000,02:25:52.677000,2025,,,Speed Related,2025
2025-09-15 18:42:18.917000,7721919.0,CT0015600,West Haven,Racial Profile,1000616,2500040112,Incident ID,2025-08-28 00:00:00,August,W,N,F,32,True,False,West Haven,Derby Ave,  ,  ,V,S,1.0,0,14-219,,False,N,False,False,V,,,,,False,1.0,CT0015600,134024497337048708,2025-08-28 02:32:59.380000,02:32:59.380000,2025,,,Speed Related,2025
2025-09-15 18:42:18.920000,7721920.0,CT0015600,West Haven,Racial Profile,1000616,2500040113,Incident ID,2025-08-28 00:00:00,August,W,N,M,50,True,False,West Haven,Derby Ave ,  ,  ,V,S,1.0,0,14-219,,False,N,False,False,V,,,,,False,1.0,CT0015600,134024497337048708,2025-08-28 02:43:58.917000,02:43:58.917000,2025,,,Speed Related,2025
2025-09-15 18:42:18.890000,7721908.0,CT0015600,West Haven,Racial Profile,1000615,2500040361,Incident ID,2025-08-29 00:00:00,August,W,H,M,30,False,False,West Haven,Kimberly Avenue Bridge ,  ,  ,V,G,1.0,0,14-12(a)*,,False,N,False,False,N,,,,,False,1.0,CT0015600,134024497337048708,2025-08-29 11:06:44.003000,11:06:44.003000,2025,,,Registration,2025
2025-09-15 18:42:18.420000,7721765.0,CT0015600,West Haven,Racial Profile,1155,2500040303,Incident ID,2025-08-29 00:00:00,August,B,N,M,26,True,True,West Haven,first ave/i95s off ramp,  ,  ,V,G,1.0,0,14-299,,False,N,False,False,V,,,,,False,1.0,CT0015600,134024497337048708,2025-08-29 01:20:38.983000,01:20:38.983000,2025,,,Traffic Control Signal,2025
2025-09-15 18:42:18.833000,7721886.0,CT0015600,West Haven,Racial Profile,1000602,2500040420,Incident ID,2025-08-29 00:00:00,August,B,N,M,5,True,False,West Haven,95sb on ramp campbell avneue,  ,  ,V,G,1.0,0,14-147(c),,False,N,False,False,V,,,,,False,1.0,CT0015600,134024497337048708,2025-08-29 19:00:11.973000,19:00:11.973000,2025,,,Administrative Offense,2025
2025-09-15 18:42:19.137000,7721984.0,CT0015600,West Haven,Racial Profile,1000673,2500040298,Incident ID,2025-08-29 00:00:00,August,W,N,M,22,True,False,West Haven,Campbell Ave,  ,  ,E,G,1.0,0,14-18(a),,False,N,False,False,V,,,,,False,1.0,CT0015600,134024497337048708,2025-08-29 00:54:33.383000,00:54:33.383000,2025,,,Display of Plates,2025
2025-09-15 18:42:19.020000,7721958.0,CT0015600,West Haven,Racial Profile,1000658,2500040306,Incident ID,2025-08-29 00:00:00,August,W,H,M,39,False,False,WEST HAVEN,main st,  ,  ,V,G,3.0,1,14-236,,False,N,False,True,U,,,,,False,1.0,CT0015600,134024497337048708,2025-08-29 01:46:30.510000,01:46:30.510000,2025,14-227a,,Moving Violation,2025
2025-09-15 18:42:19.133000,7721983.0,CT0015600,West Haven,Racial Profile,1000673,2500040292,Incident ID,2025-08-29 00:00:00,August,W,N,F,57,True,False,West Haven,Campbell Ave,  ,  ,E,G,1.0,0,14-99,,False,N,False,False,V,,,,,False,1.0,CT0015600,134024497337048708,2025-08-29 00:21:05.583000,00:21:05.583000,2025,14-12a*,,Window Tint,2025
2025-09-15 18:42:19.350000,7722020.0,CT0015600,West Haven,Racial Profile,1000699,2500040299,Incident ID,2025-08-29 00:00:00,August,B,N,M,53,True,True,West Haven,Elm Street/Orchard Street,  ,  ,I,G,2.0,1,14-147,,False,N,False,False,M,,,,,False,1.0,CT0015600,134024497337048708,2025-08-29 00:54:50.833000,00:54:50.833000,2025,14-147,,Administrative Offense,2025
2025-09-15 18:42:18.643000,7721814.0,CT0015600,West Haven,Racial Profile,1000465,2500040433,Incident ID,2025-08-29 00:00:00,August,W,H,M,18,True,True,West Haven,Wood Street / First Avenue,  ,  ,V,G,2.0,1,14-147(c),,True,I,False,False,M,,,,,False,1.0,CT0015600,134024497337048708,2025-08-29 21:39:09.790000,21:39:09.790000,2025,14-215(a),,Administrative Offense,2025
2025-09-15 18:42:18.697000,7721835.0,CT0015600,West Haven,Racial Profile,1000558,2500040418,Incident ID,2025-08-29 00:00:00,August,W,H,F,45,True,False,WEST HAVEN,post road / front,  ,  ,V,G,1.0,0,14-147(c),,False,N,False,False,V,,,,,False,1.0,CT0015600,134024497337048708,2025-08-29 18:36:31.647000,18:36:31.647000,2025,,,Administrative Offense,2025
2025-09-15 18:42:18.950000,7721932.0,CT0015600,West Haven,Racial Profile,1000626,2500040376,Incident ID,2025-08-29 00:00:00,August,B,N,F,26,True,False,West Haven,Boston Post Road,  ,  ,V,G,1.0,1,38a-371,,False,N,False,True,M,,,,,False,1.0,CT0015600,134024497337048708,2025-08-29 12:23:29.327000,12:23:29.327000,2025,14-12(a)*,,Other,2025
2025-09-15 18:42:18.837000,7721887.0,CT0015600,West Haven,Racial Profile,1000602,2500040601,Incident ID,2025-08-30 00:00:00,August,W,H,F,46,True,False,West Haven,Wood Street,  ,  ,V,G,2.0,0,14-147(c),,False,N,False,False,M,,,,,False,1.0,CT0015600,134024497337048708,2025-08-30 22:45:51.463000,22:45:51.463000,2025,14-215a,,Administrative Offense,2025
2025-09-15 18:42:18.840000,7721888.0,CT0015600,West Haven,Racial Profile,1000602,2500040605,Incident ID,2025-08-30 00:00:00,August,B,N,M,23,True,False,West Haven,campbell avenue,  ,  ,V,G,2.0,1,14-147(c),,True,I,False,False,M,,,,,False,1.0,CT0015600,134024497337048708,2025-08-30 23:20:02.800000,23:20:02.800000,2025,38a-371,,Administrative Offense,2025
2025-09-15 18:42:18.403000,7721760.0,CT0015600,West Haven,Racial Profile,1135,2500040463,Incident ID,2025-08-30 00:00:00,August,W,H,M,31,True,True,WEST HAVEN,Elm & Kimberly ,  ,  ,E,G,1.0,0,14-96a(a),,False,N,False,False,V,,,,,False,1.0,CT0015600,134024497337048708,2025-08-30 02:57:34.960000,02:57:34.960000,2025,14-96a(a),,Defective Lights,2025
2025-09-15 18:42:19.140000,7721985.0,CT0015600,West Haven,Racial Profile,1000673,2500040611,Incident ID,2025-08-30 00:00:00,August,B,N,M,38,True,False,West Haven,Main/Zuppardis,  ,  ,E,G,1.0,0,14-147(c),,False,N,False,False,V,,,,,False,1.0,CT0015600,134024497337048708,2025-08-30 23:48:26.593000,23:48:26.593000,2025,,,Administrative Offense,2025
2025-09-15 18:42:18.893000,7721909.0,CT0015600,West Haven,Racial Profile,1000615,2500040498,Incident ID,2025-08-30 00:00:00,August,W,H,M,39,True,False,West Haven,Washington/ Main ,  ,  ,E,G,2.0,0,14-18(c),,False,N,False,False,V,,,,,False,1.0,CT0015600,134024497337048708,2025-08-30 10:01:05.897000,10:01:05.897000,2025,14-18(c),,Display of Plates,2025
2025-09-15 18:42:19.360000,7722023.0,CT0015600,West Haven,Racial Profile,1000699,2500040507,Incident ID,2025-08-30 00:00:00,August,B,N,M,34,True,True,West Haven,Campbell Avenue/Leete Street,  ,  ,I,G,1.0,0,14-12(a)*,,False,N,False,False,I,,,,,False,1.0,CT0015600,134024497337048708,2025-08-30 12:04:36.950000,12:04:36.950000,2025,14-12(a)*,,Registration,2025
2025-09-15 18:42:18.403000,7721761.0,CT0015600,West Haven,Racial Profile,1135,2500040535,Incident ID,2025-08-30 00:00:00,August,W,H,F,28,True,True,WEST HAVEN,Elm & First,  ,  ,V,G,1.0,0,14-299,,False,N,False,False,V,,,,,False,1.0,CT0015600,134024497337048708,2025-08-30 15:56:40.110000,15:56:40.110000,2025,14-299,,Traffic Control Signal,2025
2025-09-15 18:42:19.123000,7721978.0,CT0015600,West Haven,Racial Profile,1000665,2500040496,Incident ID,2025-08-30 00:00:00,August,W,H,M,32,True,False,West Haven,Boston Post Road,  ,  ,V,G,2.0,1,14-147(c),,True,I,False,False,M,,,,,False,1.0,CT0015600,134024497337048708,2025-08-30 09:33:43.283000,09:33:43.283000,2025,38a-371,,Administrative Offense,2025
2025-09-15 18:42:19.353000,7722021.0,CT0015600,West Haven,Racial Profile,1000699,2500040497,Incident ID,2025-08-30 00:00:00,August,B,N,M,25,True,True,West Haven,campbell ave/george st,  ,  ,I,G,1.0,0,14-12(a),,False,N,False,False,W,,,,,False,1.0,CT0015600,134024497337048708,2025-08-30 09:55:41.423000,09:55:41.423000,2025,14-12(a),,Registration,2025
2025-09-15 18:42:19.357000,7722022.0,CT0015600,West Haven,Racial Profile,1000699,2500040506,Incident ID,2025-08-30 00:00:00,August,B,N,F,50,True,True,WEST HAVEN,Captain Thomas/Auschler,  ,  ,I,G,1.0,0,14-12(a),,False,N,False,False,V,,,,,False,1.0,CT0015600,134024497337048708,2025-08-30 11:52:58.107000,11:52:58.107000,2025,14-12(a),,Registration,2025
2025-09-15 18:42:18.650000,7721816.0,CT0015600,West Haven,Racial Profile,1000465,2500040771,Incident ID,2025-08-31 00:00:00,August,W,H,F,23,True,False,West Haven,Spring / Mrytle,  ,  ,V,G,1.0,0,14-218a,,False,N,False,False,V,,,,,False,1.0,CT0015600,134024497337048708,2025-08-31 21:19:54.810000,21:19:54.810000,2025,14-147(c),,Speed Related,2025
2025-09-15 18:42:18.650000,7721817.0,CT0015600,West Haven,Racial Profile,1000465,2500040781,Incident ID,2025-08-31 00:00:00,August,B,N,M,25,True,True,West Haven,Fist / Campbell,  ,  ,V,G,1.0,0,14-218a,,False,N,False,False,V,,,,,False,1.0,CT0015600,134024497337048708,2025-08-31 22:48:31.593000,22:48:31.593000,2025,,,Speed Related,2025
2025-09-15 18:42:18.530000,7721788.0,CT0015600,West Haven,Racial Profile,1000331,2500040738,Incident ID,2025-08-31 00:00:00,August,W,N,M,66,True,True,West Haven,Ocean X Capt Thomas Blvd,  ,  ,V,G,1.0,0,14-219,,False,N,False,False,V,,,,,False,1.0,CT0015600,134024497337048708,2025-08-31 17:53:33.940000,17:53:33.940000,2025,,,Speed Related,2025
2025-09-15 18:42:18.647000,7721815.0,CT0015600,West Haven,Racial Profile,1000465,2500040769,Incident ID,2025-08-31 00:00:00,August,W,H,M,18,True,True,WEST HAVEN,First Fuel / First Avenue,  ,  ,V,G,1.0,0,14-147(c),,False,N,False,False,V,,,,,False,1.0,CT0015600,134024497337048708,2025-08-31 20:58:49.700000,20:58:49.700000,2025,,,Administrative Offense,2025
2025-09-15 18:42:18.893000,7721910.0,CT0015600,West Haven,Racial Profile,1000615,2500040741,Incident ID,2025-08-31 00:00:00,August,W,N,F,39,True,False,WEST HAVEN,582 Boston Post Rd ,  ,  ,E,G,1.0,0,14-18(c),,False,N,False,False,N,,,,,False,1.0,CT0015600,134024497337048708,2025-08-31 17:59:39.400000,17:59:39.400000,2025,14-18(c),,Display of Plates,2025
2025-09-15 18:42:18.420000,7721766.0,CT0015600,West Haven,Racial Profile,1155,2500040734,Incident ID,2025-08-31 00:00:00,August,W,N,M,55,True,True,West Haven,elm st/campbell ave,  ,  ,V,G,1.0,0,14-236,,False,N,False,False,I,,,,,False,1.0,CT0015600,134024497337048708,2025-08-31 17:33:56.700000,17:33:56.700000,2025,,,Moving Violation,2025
2025-09-15 18:42:19.373000,7722024.0,CT0015600,West Haven,Racial Profile,1000699,2500040681,Incident ID,2025-08-31 00:00:00,August,B,N,M,45,True,True,WEST HAVEN,Campbell Ave/Family Dollar paring lot,  ,  ,I,G,1.0,0,14-147,,False,N,False,False,M,,,,,False,1.0,CT0015600,134024497337048708,2025-08-31 08:54:50.513000,08:54:50.513000,2025,14-147,,Administrative Offense,2025
2025-09-15 18:42:18.970000,7721938.0,CT0015600,West Haven,Racial Profile,1000636,2500040655,Incident ID,2025-08-31 00:00:00,August,W,N,F,31,True,False,West Haven,elm/ campbell,  ,  ,V,G,2.0,1,14-236,,False,N,False,False,M,,,,,False,1.0,CT0015600,134024497337048708,2025-08-31 02:54:49.277000,02:54:49.277000,2025,,,Moving Violation,2025
2025-09-15 18:42:18.457000,7721775.0,CT0015600,West Haven,Racial Profile,1195,2500040648,Incident ID,2025-08-31 00:00:00,August,W,N,M,36,True,False,WEST HAVEN,post road and meloy ,  ,  ,E,G,1.0,0,14-96c,,False,N,False,False,W,,,,,False,1.0,CT0015600,134024497337048708,2025-08-31 02:22:37.153000,02:22:37.153000,2025,,,Defective Lights,2025
2025-09-15 18:42:18.897000,7721911.0,CT0015600,West Haven,Racial Profile,1000615,2500040773,Incident ID,2025-08-31 00:00:00,August,W,H,F,26,True,False,WEST HAVEN,540 Boston Post Rd ,  ,  ,V,G,1.0,0,14-96(a),,False,N,False,False,V,,,,,False,1.0,CT0015600,134024497337048708,2025-08-31 21:43:54.570000,21:43:54.570000,2025,14-12(a)*,,Defective Lights,2025
2025-09-15 18:42:18.927000,7721923.0,CT0015600,West Haven,Racial Profile,1000616,2500040634,Incident ID,2025-08-31 00:00:00,August,W,H,M,37,True,False,West Haven,Campbell avenue,  ,  ,V,G,1.0,0,14-236,,False,N,False,False,V,,,,,False,1.0,CT0015600,134024497337048708,2025-08-31 00:54:21.690000,00:54:21.690000,2025,,,Moving Violation,2025
2025-09-15 18:42:19.263000,7722001.0,CT0015600,West Haven,Racial Profile,1000688,2500040653,Incident ID,2025-08-31 00:00:00,August,B,N,F,27,True,True,West Haven,elm/ third ave,  ,  ,V,G,1.0,0,14-299,,False,N,False,False,V,,,,,False,1.0,CT0015600,134024497337048708,2025-08-31 02:48:24.857000,02:48:24.857000,2025,14-299,,Traffic Control Signal,2025
2025-10-15 18:44:10.863000,7793405.0,CT0015600,West Haven,Racial Profile,1000465,2500040811,Incident ID,2025-09-01 00:00:00,September,B,N,F,25,True,True,West Haven,First / Maple,  ,  ,V,G,1.0,0,14-301,,False,N,False,False,V,,,,,False,1.0,CT0015600,134050418445275069,2025-09-01 02:38:13.260000,02:38:13.260000,2025,,,Stop Sign,2025
2025-10-15 18:44:11.287000,7793543.0,CT0015600,West Haven,Racial Profile,1000637,2500040902,Incident ID,2025-09-01 00:00:00,September,W,H,M,20,True,True,West Haven,Forest road,  ,  ,V,G,1.0,0,14-12(a)*,,False,N,False,False,V,,,,,False,1.0,CT0015600,134050418445275069,2025-09-01 18:33:48.713000,18:33:48.713000,2025,,,Registration,2025
2025-10-15 18:44:10.797000,7793377.0,CT0015600,West Haven,Racial Profile,1199,2500040910,Incident ID,2025-09-01 00:00:00,September,W,H,M,27,True,True,West Haven,beach/east,  ,  ,E,G,1.0,0,14-96a(a),,False,N,False,False,V,,,,,False,1.0,CT0015600,134050418445275069,2025-09-01 20:32:10.453000,20:32:10.453000,2025,,,Defective Lights,2025
2025-10-15 18:44:11.403000,7793578.0,CT0015600,West Haven,Racial Profile,1000665,2500040891,Incident ID,2025-09-01 00:00:00,September,W,H,M,36,True,False,West Haven,Captain Thomas Blvd,  ,  ,V,G,2.0,0,14-147(c),,False,N,False,False,I,,,,,False,1.0,CT0015600,134050418445275069,2025-09-01 16:20:44.960000,16:20:44.960000,2025,38a-371,,Administrative Offense,2025
2025-10-15 18:44:10.760000,7793363.0,CT0015600,West Haven,Racial Profile,1155,2500040919,Incident ID,2025-09-01 00:00:00,September,B,N,M,29,True,False,West Haven,campbell ave/ dana st,  ,  ,V,G,1.0,0,14-299,,False,N,False,False,V,,,,,False,1.0,CT0015600,134050418445275069,2025-09-01 22:17:22.757000,22:17:22.757000,2025,,,Traffic Control Signal,2025
2025-10-15 18:44:10.783000,7793373.0,CT0015600,West Haven,Racial Profile,1190,2500040842,Incident ID,2025-09-01 00:00:00,September,B,N,F,34,True,True,WEST HAVEN,elm/campbell,  ,  ,V,G,1.0,0,14-100a,,False,N,False,False,V,,,,,False,1.0,CT0015600,134050418445275069,2025-09-01 10:22:52.903000,10:22:52.903000,2025,14-100a,,Seatbelt,2025
2025-10-15 18:44:10.993000,7793445.0,CT0015600,West Haven,Racial Profile,1000582,2500040944,Incident ID,2025-09-02 00:00:00,September,W,H,M,43,True,False,WEST HAVEN,62 Elm Street,  ,  ,V,G,2.0,1,14-147c,,True,I,False,True,M,,,,,False,1.0,CT0015600,134050418445275069,2025-09-02 02:13:01.370000,02:13:01.370000,2025,38a-371,,Administrative Offense,2025
2025-10-15 18:44:10.810000,7793383.0,CT0015600,West Haven,Racial Profile,1000331,2500041009,Incident ID,2025-09-02 00:00:00,September,W,H,F,35,True,False,West Haven,Elm St X First Avenue,  ,  ,V,G,1.0,1,14-299,,False,N,False,False,I,,,,,False,1.0,CT0015600,134050418445275069,2025-09-02 12:59:40.020000,12:59:40.020000,2025,38a-371,,Traffic Control Signal,2025
2025-10-15 18:44:11.093000,7793475.0,CT0015600,West Haven,Racial Profile,1000615,2500041063,Incident ID,2025-09-02 00:00:00,September,W,N,M,63,True,True,WEST HAVEN,597 Campbell Avenue ,  ,  ,V,G,1.0,0,14-299,,False,N,False,False,V,,,,,False,1.0,CT0015600,134050418445275069,2025-09-02 20:24:50.013000,20:24:50.013000,2025,14-299,,Traffic Control Signal,2025
2025-10-15 18:44:11.603000,7793640.0,CT0015600,West Haven,Racial Profile,1000699,2500040941,Incident ID,2025-09-02 00:00:00,September,W,H,F,35,True,True,West Haven,Center St/First Ave,  ,  ,E,G,1.0,0,14-147,,False,N,False,False,I,,,,,False,1.0,CT0015600,134050418445275069,2025-09-02 00:54:50.493000,00:54:50.493000,2025,14-213b,,Administrative Offense,2025
2025-10-15 18:44:11.077000,7793470.0,CT0015600,West Haven,Racial Profile,1000614,2500041075,Incident ID,2025-09-02 00:00:00,September,W,N,F,68,True,True,WEST HAVEN,campbell ave and west spring street,  ,  ,V,G,1.0,0,14-299,,False,N,False,False,V,,,,,False,1.0,CT0015600,134050418445275069,2025-09-02 23:11:45.150000,23:11:45.150000,2025,,,Traffic Control Signal,2025
2025-10-15 18:44:11.087000,7793473.0,CT0015600,West Haven,Racial Profile,1000615,2500041047,Incident ID,2025-09-02 00:00:00,September,W,H,M,55,True,False,West Haven,Elm/ First ,  ,  ,V,G,1.0,0,14-299,,False,N,False,False,V,,,,,False,1.0,CT0015600,134050418445275069,2025-09-02 18:07:42.133000,18:07:42.133000,2025,14-299,,Traffic Control Signal,2025
2025-10-15 18:44:11.090000,7793474.0,CT0015600,West Haven,Racial Profile,1000615,2500041055,Incident ID,2025-09-02 00:00:00,September,B,N,M,16,True,True,West Haven,East Brown/ First Avenue ,  ,  ,V,G,1.0,0,14-301,,False,N,False,False,V,,,,,False,1.0,CT0015600,134050418445275069,2025-09-02 19:38:15.863000,19:38:15.863000,2025,14-232,,Stop Sign,2025
2025-10-15 18:44:10.813000,7793384.0,CT0015600,West Haven,Racial Profile,1000331,2500041134,Incident ID,2025-09-03 00:00:00,September,B,N,F,58,True,True,West Haven,First Avenue X Wood Street,  ,  ,V,G,1.0,0,14-232(a)(1),,False,N,False,False,V,,,,,False,1.0,CT0015600,134050418445275069,2025-09-03 07:42:53.610000,07:42:53.610000,2025,,,Moving Violation,2025
2025-10-15 18:44:10.920000,7793427.0,CT0015600,West Haven,Racial Profile,1000539,2500041154,Incident ID,2025-09-03 00:00:00,September,W,N,M,65,True,False,West Haven,capt. thomas/kelsey,  ,  ,V,G,1.0,0,14-296aa(b),,False,N,False,False,V,,,,,False,1.0,CT0015600,134050418445275069,2025-09-03 09:24:35.247000,09:24:35.247000,2025,,,Cell Phone,2025
2025-10-15 18:44:10.950000,7793434.0,CT0015600,West Haven,Racial Profile,1000549,2500041115,Incident ID,2025-09-03 00:00:00,September,B,N,M,22,True,True,West Haven,saw mill / i95n,  ,  ,E,G,1.0,0,14-18(a),,False,N,False,False,V,,,,,False,1.0,CT0015600,134050418445275069,2025-09-03 03:08:14.790000,03:08:14.790000,2025,,,Display of Plates,2025
2025-10-15 18:44:10.817000,7793385.0,CT0015600,West Haven,Racial Profile,1000331,2500041208,Incident ID,2025-09-03 00:00:00,September,W,N,M,44,True,True,West Haven,Campbell Avenue X Wharton Street,  ,  ,V,G,3.0,0,14-299,,False,N,False,False,I,,,,,False,1.0,CT0015600,134050418445275069,2025-09-03 14:26:02.587000,14:26:02.587000,2025,14-213,,Traffic Control Signal,2025
2025-10-15 18:44:11.097000,7793476.0,CT0015600,West Haven,Racial Profile,1000615,2500041159,Incident ID,2025-09-03 00:00:00,September,B,N,F,51,True,False,West Haven,Alling Crossing/ saw Mill rd ,  ,  ,V,G,2.0,0,14-18(a),,False,N,False,True,M,,,,,False,1.0,CT0015600,134050418445275069,2025-09-03 09:37:18.863000,09:37:18.863000,2025,14-215(a),,Display of Plates,2025
2025-10-15 18:44:11.023000,7793455.0,CT0015600,West Haven,Racial Profile,1000602,2500041263,Incident ID,2025-09-03 00:00:00,September,W,H,F,23,True,True,West Haven,first avenue,  ,  ,V,G,1.0,0,14-96e,,False,N,False,False,M,,,,,False,1.0,CT0015600,134050418445275069,2025-09-03 20:24:29.940000,20:24:29.940000,2025,38a-371,,Defective Lights,2025
2025-10-15 18:44:11.097000,7793477.0,CT0015600,West Haven,Racial Profile,1000615,2500041199,Incident ID,2025-09-03 00:00:00,September,W,N,M,19,True,True,West Haven,Center/ First Avenue ,  ,  ,V,G,1.0,0,14-12(a)*,,False,N,False,False,V,,,,,False,1.0,CT0015600,134050418445275069,2025-09-03 13:23:42.850000,13:23:42.850000,2025,14-12(a)*,,Registration,2025
2025-10-15 18:44:11.483000,7793599.0,CT0015600,West Haven,Racial Profile,1000677,2500041233,Incident ID,2025-09-03 00:00:00,September,W,H,M,29,True,False,West Haven,Campbell Ave / Homestead Ave,  ,  ,V,G,1.0,0,14-299,,False,N,False,False,V,,,,,False,1.0,CT0015600,134050418445275069,2025-09-03 16:58:30.077000,16:58:30.077000,2025,,,Traffic Control Signal,2025
2025-10-15 18:44:11.110000,7793479.0,CT0015600,West Haven,Racial Profile,1000615,2500041407,Incident ID,2025-09-04 00:00:00,September,W,H,M,66,True,True,West Haven,capt thomas blvd/ washington ,  ,  ,V,G,1.0,0,14-18(c),,False,N,False,False,V,,,,,False,1.0,CT0015600,134050418445275069,2025-09-04 13:48:42.520000,13:48:42.520000,2025,14-18(c),,Display of Plates,2025
2025-10-15 18:44:11.113000,7793480.0,CT0015600,West Haven,Racial Profile,1000615,2500041409,Incident ID,2025-09-04 00:00:00,September,B,N,F,46,True,True,WEST HAVEN,589 Campbell Avenue,  ,  ,E,G,1.0,0,14-18(c),,False,N,False,False,V,,,,,False,1.0,CT0015600,134050418445275069,2025-09-04 14:06:25.457000,14:06:25.457000,2025,14-18(c),,Display of Plates,2025
2025-10-15 18:44:11.180000,7793506.0,CT0015600,West Haven,Racial Profile,1000616,2500041314,Incident ID,2025-09-04 00:00:00,September,W,N,F,54,True,False,West Haven,Derby Ave,  ,  ,V,S,1.0,0,14-219,,False,N,False,False,V,,,,,False,1.0,CT0015600,134050418445275069,2025-09-04 02:43:07.740000,02:43:07.740000,2025,,,Speed Related,2025
2025-10-15 18:44:11.187000,7793508.0,CT0015600,West Haven,Racial Profile,1000616,2500041317,Incident ID,2025-09-04 00:00:00,September,B,N,M,29,True,False,West Haven,Derby Ave,  ,  ,V,S,1.0,0,14-219,,False,N,False,False,V,,,,,False,1.0,CT0015600,134050418445275069,2025-09-04 03:13:12.817000,03:13:12.817000,2025,,,Speed Related,2025
2025-10-15 18:44:11.033000,7793456.0,CT0015600,West Haven,Racial Profile,1000602,2500041463,Incident ID,2025-09-04 00:00:00,September,I,N,M,27,True,True,West Haven,campbell avenue,  ,  ,V,G,1.0,0,14-12(a)*,,False,N,False,False,V,,,,,False,1.0,CT0015600,134050418445275069,2025-09-04 20:59:55.193000,20:59:55.193000,2025,,,Registration,2025
2025-10-15 18:44:11.037000,7793457.0,CT0015600,West Haven,Racial Profile,1000602,2500041468,Incident ID,2025-09-04 00:00:00,September,W,H,M,43,True,True,West Haven,first ave,  ,  ,V,G,2.0,1,14-147(c),,True,I,False,False,M,,,,,False,1.0,CT0015600,134050418445275069,2025-09-04 21:15:47.573000,21:15:47.573000,2025,38a-371,,Administrative Offense,2025
2025-10-15 18:44:11.180000,7793505.0,CT0015600,West Haven,Racial Profile,1000616,2500041309,Incident ID,2025-09-04 00:00:00,September,A,N,M,33,True,False,West Haven,Derby Ave ,  ,  ,V,S,2.0,0,14-219,,False,N,False,False,I,,,,,False,1.0,CT0015600,134050418445275069,2025-09-04 01:51:58.690000,01:51:58.690000,2025,,,Speed Related,2025
2025-10-15 18:44:11.190000,7793509.0,CT0015600,West Haven,Racial Profile,1000616,2500041318,Incident ID,2025-09-04 00:00:00,September,B,N,F,49,True,True,West Haven,Derby Ave ,  ,  ,V,S,1.0,0,14-219,,False,N,False,False,V,,,,,False,1.0,CT0015600,134050418445275069,2025-09-04 03:23:36.610000,03:23:36.610000,2025,,,Speed Related,2025
2025-10-15 18:44:10.920000,7793428.0,CT0015600,West Haven,Racial Profile,1000539,2500041366,Incident ID,2025-09-04 00:00:00,September,B,N,M,18,True,True,West Haven,kelsey/circle,  ,  ,V,G,1.0,0,14-301,,False,N,False,False,V,,,,,False,1.0,CT0015600,134050418445275069,2025-09-04 10:12:32.183000,10:12:32.183000,2025,,,Stop Sign,2025
2025-10-15 18:44:11.607000,7793642.0,CT0015600,West Haven,Racial Profile,1000699,2500041313,Incident ID,2025-09-04 00:00:00,September,B,N,M,30,True,True,West Haven,Campbell Ave/Elm St,  ,  ,V,G,1.0,0,14-299,,False,N,False,False,V,,,,,False,1.0,CT0015600,134050418445275069,2025-09-04 02:41:53.907000,02:41:53.907000,2025,14-299,,Traffic Control Signal,2025
2025-10-15 18:44:10.780000,7793371.0,CT0015600,West Haven,Racial Profile,1165,2500041387,Incident ID,2025-09-04 00:00:00,September,W,N,M,60,True,False,WEST HAVEN,Benham Hill & Jessie Dr,  ,  ,I,G,1.0,0,14-224,,False,N,False,False,N,,,,,False,1.0,CT0015600,134050418445275069,2025-09-04 11:39:00.063000,11:39:00.063000,2025,,,Other,2025
2025-10-15 18:44:11.183000,7793507.0,CT0015600,West Haven,Racial Profile,1000616,2500041316,Incident ID,2025-09-04 00:00:00,September,W,N,M,57,True,False,West Haven,Derby Ave,  ,  ,V,S,1.0,0,14-219,,False,N,False,False,V,,,,,False,1.0,CT0015600,134050418445275069,2025-09-04 03:06:00.283000,03:06:00.283000,2025,,,Speed Related,2025
2025-10-15 18:44:11.100000,7793478.0,CT0015600,West Haven,Racial Profile,1000615,2500041393,Incident ID,2025-09-04 00:00:00,September,W,H,M,41,True,True,West Haven,campbell/york,  ,  ,V,G,1.0,0,14-147(c),,False,N,False,True,M,,,,,False,1.0,CT0015600,134050418445275069,2025-09-04 12:16:46.937000,12:16:46.937000,2025,14-12(a)*,,Administrative Offense,2025
2025-10-15 18:44:11.310000,7793553.0,CT0015600,West Haven,Racial Profile,1000658,2500041442,Incident ID,2025-09-04 00:00:00,September,W,N,M,60,True,True,West Haven,greta,  ,  ,V,G,2.0,1,14-147(c),,True,I,False,False,I,,,,,False,1.0,CT0015600,134050418445275069,2025-09-04 17:48:21.743000,17:48:21.743000,2025,14-12(a)*,,Administrative Offense,2025
2025-10-15 18:44:11.603000,7793641.0,CT0015600,West Haven,Racial Profile,1000699,2500041308,Incident ID,2025-09-04 00:00:00,September,W,H,M,30,True,True,West Haven,Campbell Ave/Elm St,  ,  ,V,G,1.0,0,14-299,,False,N,False,False,I,,,,,False,1.0,CT0015600,134050418445275069,2025-09-04 01:28:27.977000,01:28:27.977000,2025,14-36(a),,Traffic Control Signal,2025
2025-10-15 18:44:10.763000,7793366.0,CT0015600,West Haven,Racial Profile,1159,2500041465,Incident ID,2025-09-04 00:00:00,September,A,N,M,37,True,False,West Haven,sawmill and greta,  ,  ,V,B,1.0,0,14-299,,False,N,False,False,V,,,,,False,1.0,CT0015600,134050418445275069,2025-09-04 21:01:29.460000,21:01:29.460000,2025,,,Traffic Control Signal,2025
2025-10-15 18:44:11.050000,7793461.0,CT0015600,West Haven,Racial Profile,1000602,2500041646,Incident ID,2025-09-05 00:00:00,September,W,H,M,24,True,True,West Haven,i95sb on ramp campbell avneue,  ,  ,V,G,1.0,0,14-147(c),,False,N,False,False,V,,,,,False,1.0,CT0015600,134050418445275069,2025-09-05 21:54:53.550000,21:54:53.550000,2025,,,Administrative Offense,2025
2025-10-15 18:44:11.467000,7793596.0,CT0015600,West Haven,Racial Profile,1000675,2500041628,Incident ID,2025-09-05 00:00:00,September,B,N,M,30,True,False,West Haven,Savin/Park,  ,  ,V,G,1.0,0,14-299,,False,N,False,False,V,,,,,False,1.0,CT0015600,134050418445275069,2025-09-05 20:22:31.053000,20:22:31.053000,2025,,,Traffic Control Signal,2025
2025-10-15 18:44:11.590000,7793635.0,CT0015600,West Haven,Racial Profile,1000698,2500041630,Incident ID,2025-09-05 00:00:00,September,B,N,M,25,True,False,West Haven,Lamson St/ First Ave,  ,  ,V,B,1.0,0,14-215,,False,N,False,False,V,,,,,False,1.0,CT0015600,134050418445275069,2025-09-05 20:39:53.447000,20:39:53.447000,2025,,,Administrative Offense,2025
2025-10-15 18:44:11.313000,7793555.0,CT0015600,West Haven,Racial Profile,1000658,2500041627,Incident ID,2025-09-05 00:00:00,September,B,N,M,28,True,False,West Haven,elm st,  ,  ,V,G,1.0,0,14-12(a)*,,False,N,False,False,V,,,,,False,1.0,CT0015600,134050418445275069,2025-09-05 20:21:29.870000,20:21:29.870000,2025,,,Registration,2025
2025-10-15 18:44:11.043000,7793459.0,CT0015600,West Haven,Racial Profile,1000602,2500041629,Incident ID,2025-09-05 00:00:00,September,W,H,M,17,True,True,West Haven,washington ave,  ,  ,V,G,3.0,1,14-147a,,True,I,False,True,U,,,,,False,1.0,CT0015600,134050418445275069,2025-09-05 20:28:55.790000,20:28:55.790000,2025,,,Administrative Offense,2025
2025-10-15 18:44:11.047000,7793460.0,CT0015600,West Haven,Racial Profile,1000602,2500041645,Incident ID,2025-09-05 00:00:00,September,B,N,F,41,True,True,West Haven,washington ave,  ,  ,V,G,1.0,0,14-12(a)*,,False,N,False,False,V,,,,,False,1.0,CT0015600,134050418445275069,2025-09-05 21:44:52.227000,21:44:52.227000,2025,,,Registration,2025
2025-10-15 18:44:11.497000,7793600.0,CT0015600,West Haven,Racial Profile,1000677,2500041603,Incident ID,2025-09-05 00:00:00,September,W,H,F,48,False,False,WEST HAVEN,Wagner / Main St,  ,  ,V,G,1.0,0,14-236,,False,N,False,False,V,,,,,False,1.0,CT0015600,134050418445275069,2025-09-05 16:49:59.803000,16:49:59.803000,2025,,,Moving Violation,2025
2025-10-15 18:44:11.500000,7793601.0,CT0015600,West Haven,Racial Profile,1000677,2500041607,Incident ID,2025-09-05 00:00:00,September,W,N,F,19,True,True,West Haven,Washinton Ave / Noble St,  ,  ,V,G,1.0,0,14-18(c),,False,N,False,False,V,,,,,False,1.0,CT0015600,134050418445275069,2025-09-05 17:38:10.337000,17:38:10.337000,2025,,,Display of Plates,2025
2025-10-15 18:44:11.190000,7793510.0,CT0015600,West Haven,Racial Profile,1000616,2500041490,Incident ID,2025-09-05 00:00:00,September,W,N,M,49,True,False,West Haven,saw mill rd,  ,  ,V,G,1.0,0,14-299,,False,N,False,False,V,,,,,False,1.0,CT0015600,134050418445275069,2025-09-05 00:32:11.160000,00:32:11.160000,2025,,,Traffic Control Signal,2025
2025-10-15 18:44:10.760000,7793364.0,CT0015600,West Haven,Racial Profile,1155,2500041648,Incident ID,2025-09-05 00:00:00,September,W,H,M,59,True,False,West Haven,wood st/washington ave,  ,  ,V,G,1.0,0,14-218a,,False,N,False,False,V,,,,,False,1.0,CT0015600,134050418445275069,2025-09-05 22:02:45.970000,22:02:45.970000,2025,,,Speed Related,2025
2025-10-15 18:44:10.850000,7793399.0,CT0015600,West Haven,Racial Profile,1000333,2500041523,Incident ID,2025-09-05 00:00:00,September,B,N,F,49,False,False,West Haven,Saw Mill Rd & I95 exit ramp,  ,  ,V,G,1.0,0,14-245,,False,N,False,False,V,,,,,False,1.0,CT0015600,134050418445275069,2025-09-05 07:23:37.010000,07:23:37.010000,2025,,,Moving Violation,2025
2025-10-15 18:44:11.040000,7793458.0,CT0015600,West Haven,Racial Profile,1000602,2500041549,Incident ID,2025-09-05 00:00:00,September,W,H,M,46,True,False,WEST HAVEN,Boston Post Road,  ,  ,V,G,2.0,1,14-18(a),,True,I,False,False,M,,,,,False,1.0,CT0015600,134050418445275069,2025-09-05 10:01:03.587000,10:01:03.587000,2025,38a-371,,Display of Plates,2025
2025-10-15 18:44:11.053000,7793462.0,CT0015600,West Haven,Racial Profile,1000602,2500041651,Incident ID,2025-09-05 00:00:00,September,B,N,M,25,True,False,West Haven,first avenuer,  ,  ,V,G,1.0,0,14-147(C),,False,N,False,False,V,,,,,False,1.0,CT0015600,134050418445275069,2025-09-05 22:56:46.790000,22:56:46.790000,2025,,,Administrative Offense,2025
2025-10-15 18:44:11.310000,7793554.0,CT0015600,West Haven,Racial Profile,1000658,2500041617,Incident ID,2025-09-05 00:00:00,September,B,N,M,43,True,False,West Haven,elm st,  ,  ,V,G,1.0,0,14-12(a)*,,False,N,False,False,V,,,,,False,1.0,CT0015600,134050418445275069,2025-09-05 19:08:40.047000,19:08:40.047000,2025,,,Registration,2025
2025-10-15 18:44:10.867000,7793406.0,CT0015600,West Haven,Racial Profile,1000465,2500041721,Incident ID,2025-09-06 00:00:00,September,W,H,M,24,True,True,West Haven,Campbell / Ashburton,  ,  ,V,G,2.0,1,14-251,,True,I,False,False,M,,,,,False,1.0,CT0015600,134050418445275069,2025-09-06 10:50:50.463000,10:50:50.463000,2025,14-147a,,Other,2025
2025-10-15 18:44:11.220000,7793521.0,CT0015600,West Haven,Racial Profile,1000625,2500041681,Incident ID,2025-09-06 00:00:00,September,W,N,M,37,True,False,West Haven,Derby Avenue/ Elizabeth Street,  ,  ,E,B,1.0,0,14-96a(a),,False,N,False,False,V,,,,,False,1.0,CT0015600,134050418445275069,2025-09-06 01:55:51.673000,01:55:51.673000,2025,,,Defective Lights,2025
2025-10-15 18:44:11.053000,7793463.0,CT0015600,West Haven,Racial Profile,1000602,2500041674,Incident ID,2025-09-06 00:00:00,September,B,N,M,21,True,False,WEST HAVEN,boston post rd,  ,  ,V,G,2.0,1,14-147a,,True,I,False,False,M,,,,,False,1.0,CT0015600,134050418445275069,2025-09-06 01:06:45.350000,01:06:45.350000,2025,,,Administrative Offense,2025
2025-10-15 18:44:11.400000,7793576.0,CT0015600,West Haven,Racial Profile,1000662,2500041783,Incident ID,2025-09-06 00:00:00,September,W,N,M,49,True,False,West Haven,Beach Street / East Ave.,  ,  ,V,G,1.0,0,14-301,,False,N,False,False,V,,,,,False,1.0,CT0015600,134050418445275069,2025-09-06 17:43:08.170000,17:43:08.170000,2025,14-301,,Stop Sign,2025
2025-10-15 18:44:11.250000,7793530.0,CT0015600,West Haven,Racial Profile,1000636,2500041682,Incident ID,2025-09-06 00:00:00,September,W,H,M,30,True,False,West Haven,campbell/ main,  ,  ,I,G,2.0,1,14-12(a),,False,N,False,False,M,,,,,False,1.0,CT0015600,134050418445275069,2025-09-06 01:56:28.247000,01:56:28.247000,2025,,,Registration,2025
2025-10-15 18:44:11.240000,7793526.0,CT0015600,West Haven,Racial Profile,1000626,2500041902,Incident ID,2025-09-07 00:00:00,September,W,H,F,22,True,False,West Haven,Forest Road,  ,  ,V,G,1.0,0,14-12(a)*,,False,N,False,False,V,,,,,False,1.0,CT0015600,134050418445275069,2025-09-07 13:01:14.420000,13:01:14.420000,2025,14-12(a)*,,Registration,2025
2025-10-15 18:44:11.317000,7793556.0,CT0015600,West Haven,Racial Profile,1000658,2500041932,Incident ID,2025-09-07 00:00:00,September,W,H,F,31,True,True,West Haven,greta,  ,  ,V,G,1.0,0,14-12(a)*,,False,N,False,False,V,,,,,False,1.0,CT0015600,134050418445275069,2025-09-07 17:05:32.003000,17:05:32.003000,2025,,,Registration,2025
2025-10-15 18:44:11.593000,7793636.0,CT0015600,West Haven,Racial Profile,1000698,2500041931,Incident ID,2025-09-07 00:00:00,September,B,N,M,25,True,True,West Haven,Admiral St/ Boston Post Road,  ,  ,V,B,2.0,1,14-12(a)*,,True,I,False,True,M,,,,,False,1.0,CT0015600,134050418445275069,2025-09-07 17:04:19.980000,17:04:19.980000,2025,,,Registration,2025
2025-10-15 18:44:10.870000,7793407.0,CT0015600,West Haven,Racial Profile,1000465,2500041937,Incident ID,2025-09-07 00:00:00,September,W,H,M,21,True,True,West Haven,Campbell Avenue / Boston Post Road,  ,  ,V,G,3.0,1,14-147(c),,True,I,False,False,M,,,,,False,1.0,CT0015600,134050418445275069,2025-09-07 17:59:50.710000,17:59:50.710000,2025,38a-371,,Administrative Offense,2025
2025-10-15 18:44:11.320000,7793557.0,CT0015600,West Haven,Racial Profile,1000658,2500041935,Incident ID,2025-09-07 00:00:00,September,B,N,M,38,True,True,West Haven,voss rd,  ,  ,V,G,2.0,1,14-147(c),,True,I,False,False,I,,,,,False,1.0,CT0015600,134050418445275069,2025-09-07 17:24:13.980000,17:24:13.980000,2025,14-215(a),,Administrative Offense,2025
2025-10-15 18:44:10.997000,7793446.0,CT0015600,West Haven,Racial Profile,1000582,2500041978,Incident ID,2025-09-08 00:00:00,September,B,N,M,25,True,True,West Haven,First Ave./ May st ,  ,  ,V,G,1.0,0,14-218,,False,N,False,False,V,,,,,False,1.0,CT0015600,134050418445275069,2025-09-08 01:28:53.890000,01:28:53.890000,2025,14-218,,Speed Related,2025
2025-10-15 18:44:10.940000,7793432.0,CT0015600,West Haven,Racial Profile,1000548,2500041974,Incident ID,2025-09-08 00:00:00,September,B,N,M,30,True,True,West Haven,Campbell Avenue/Front Avenue,  ,  ,I,G,1.0,0,14-299,,False,N,False,False,V,,,,,False,1.0,CT0015600,134050418445275069,2025-09-08 00:47:25.743000,00:47:25.743000,2025,14-299,,Traffic Control Signal,2025
2025-10-15 18:44:11.470000,7793597.0,CT0015600,West Haven,Racial Profile,1000675,2500041984,Incident ID,2025-09-08 00:00:00,September,B,N,M,32,True,False,WEST HAVEN,Boston Post Road/Boulevard,  ,  ,V,G,1.0,0,14-12(a)*,,False,N,False,False,V,,,,,False,1.0,CT0015600,134050418445275069,2025-09-08 03:28:29.173000,03:28:29.173000,2025,,,Registration,2025
2025-10-15 18:44:10.953000,7793435.0,CT0015600,West Haven,Racial Profile,1000549,2500041979,Incident ID,2025-09-08 00:00:00,September,W,N,M,28,True,False,West Haven,campbell / smith ct,  ,  ,I,G,1.0,0,investigatory,,False,N,False,False,V,,,,,False,1.0,CT0015600,134050418445275069,2025-09-08 01:52:42.893000,01:52:42.893000,2025,14-36(a),,Other,2025
2025-10-15 18:44:11,7793447.0,CT0015600,West Haven,Racial Profile,1000582,2500041982,Incident ID,2025-09-08 00:00:00,September,B,N,M,22,True,False,West Haven,Post rd. / fairfax,  ,  ,E,G,1.0,0,14-96c,,False,N,False,False,V,,,,,False,1.0,CT0015600,134050418445275069,2025-09-08 03:09:11.940000,03:09:11.940000,2025,14-96c,,Defective Lights,2025
2025-10-15 18:44:11.003000,7793448.0,CT0015600,West Haven,Racial Profile,1000582,2500042136,Incident ID,2025-09-09 00:00:00,September,W,N,M,30,True,True,West Haven,Campbell Avenue/ Post road ,  ,  ,V,G,1.0,0,14-299,,False,N,False,False,V,,,,,False,1.0,CT0015600,134050418445275069,2025-09-09 01:00:21.280000,01:00:21.280000,2025,14-299,,Traffic Control Signal,2025
2025-10-15 18:44:11.480000,7793598.0,CT0015600,West Haven,Racial Profile,1000675,2500042140,Incident ID,2025-09-09 00:00:00,September,W,N,M,38,True,True,West Haven,Boston Post Road/Marginal,  ,  ,V,G,1.0,0,14-18(c),,False,N,False,False,N,,,,,False,1.0,CT0015600,134050418445275069,2025-09-09 01:31:55.710000,01:31:55.710000,2025,,,Display of Plates,2025
2025-10-15 18:44:10.773000,7793369.0,CT0015600,West Haven,Racial Profile,1162,2500042277,Incident ID,2025-09-09 00:00:00,September,W,N,M,66,True,False,West Haven,york/stevens,  ,  ,V,G,1.0,0,14-301,,False,N,False,False,V,,,,,False,1.0,CT0015600,134050418445275069,2025-09-09 17:16:59.103000,17:16:59.103000,2025,,,Stop Sign,2025
2025-10-15 18:44:10.853000,7793400.0,CT0015600,West Haven,Racial Profile,1000333,2500042431,Incident ID,2025-09-10 00:00:00,September,B,N,F,63,True,True,WEST HAVEN,Saw Mill Rd & I95 Exit ramp,  ,  ,V,G,1.0,0,14-299,,False,N,False,False,V,,,,,False,1.0,CT0015600,134050418445275069,2025-09-10 09:55:50.250000,09:55:50.250000,2025,,,Traffic Control Signal,2025
2025-10-15 18:44:10.960000,7793436.0,CT0015600,West Haven,Racial Profile,1000549,2500042365,Incident ID,2025-09-10 00:00:00,September,W,H,F,35,True,True,West Haven,campbell / blohm,  ,  ,E,G,1.0,0,14-12(a)*,,False,N,False,False,V,,,,,False,1.0,CT0015600,134050418445275069,2025-09-10 01:34:14.607000,01:34:14.607000,2025,14-36(a),,Registration,2025
2025-10-15 18:44:10.820000,7793386.0,CT0015600,West Haven,Racial Profile,1000331,2500042430,Incident ID,2025-09-10 00:00:00,September,W,N,M,58,True,True,West Haven,Savin Avenue X Bassett Street,  ,  ,V,G,1.0,0,14-219,,False,N,False,False,V,,,,,False,1.0,CT0015600,134050418445275069,2025-09-10 09:46:10.337000,09:46:10.337000,2025,,,Speed Related,2025
2025-10-15 18:44:11.453000,7793592.0,CT0015600,West Haven,Racial Profile,1000673,2500042405,Incident ID,2025-09-10 00:00:00,September,B,N,M,57,True,False,West Haven,Boston Post Rd,  ,  ,V,G,1.0,0,14-299,,False,N,False,False,V,,,,,False,1.0,CT0015600,134050418445275069,2025-09-10 08:18:33.913000,08:18:33.913000,2025,,,Traffic Control Signal,2025
2025-10-15 18:44:11.257000,7793532.0,CT0015600,West Haven,Racial Profile,1000636,2500042369,Incident ID,2025-09-10 00:00:00,September,B,N,M,47,True,True,West Haven,campbell/ first,  ,  ,I,G,1.0,0,14-12(a),,False,N,False,False,V,,,,,False,1.0,CT0015600,134050418445275069,2025-09-10 01:57:34.147000,01:57:34.147000,2025,,,Registration,2025
2025-10-15 18:44:10.870000,7793408.0,CT0015600,West Haven,Racial Profile,1000465,2500042371,Incident ID,2025-09-10 00:00:00,September,W,H,M,60,True,False,West Haven,Spring Street / Mrytle Street,  ,  ,V,G,2.0,1,14-147(c),,False,N,False,False,M,,,,,False,1.0,CT0015600,134050418445275069,2025-09-10 02:06:06.130000,02:06:06.130000,2025,38a-371,,Administrative Offense,2025
2025-10-15 18:44:11.007000,7793449.0,CT0015600,West Haven,Racial Profile,1000582,2500042368,Incident ID,2025-09-10 00:00:00,September,B,N,M,48,True,True,West Haven,Burwell Pl / ownley,  ,  ,I,G,1.0,0,,,False,N,False,False,N,,,,,False,1.0,CT0015600,134050418445275069,2025-09-10 01:46:22.110000,01:46:22.110000,2025,,,Other,2025
2025-10-15 18:44:11.250000,7793531.0,CT0015600,West Haven,Racial Profile,1000636,2500042360,Incident ID,2025-09-10 00:00:00,September,B,N,M,66,True,False,West Haven,boston post rd/Fairfax,  ,  ,I,G,1.0,0,14-12(a),,False,N,False,False,V,,,,,False,1.0,CT0015600,134050418445275069,2025-09-10 00:58:28.817000,00:58:28.817000,2025,,,Registration,2025
2025-10-15 18:44:10.873000,7793409.0,CT0015600,West Haven,Racial Profile,1000465,2500042571,Incident ID,2025-09-11 00:00:00,September,W,H,F,50,True,False,West Haven,Mely / Millhaven,  ,  ,V,G,1.0,0,14-12(a),,False,N,False,False,V,,,,,False,1.0,CT0015600,134050418445275069,2025-09-11 03:03:19.873000,03:03:19.873000,2025,,,Registration,2025
2025-10-15 18:44:10.990000,7793443.0,CT0015600,West Haven,Racial Profile,1000559,2500042604,Incident ID,2025-09-11 00:00:00,September,W,N,M,68,True,True,West Haven,Saw Mill Road / Hood Terrace,  ,  ,V,G,1.0,0,14-299,,False,N,False,False,V,,,,,False,1.0,CT0015600,134050418445275069,2025-09-11 08:23:14.640000,08:23:14.640000,2025,,,Traffic Control Signal,2025
2025-10-15 18:44:10.873000,7793410.0,CT0015600,West Haven,Racial Profile,1000465,2500042575,Incident ID,2025-09-11 00:00:00,September,B,N,F,25,True,True,West Haven,Saw Mill Road / I-95N,  ,  ,V,G,1.0,0,14-218(a),,False,N,False,False,V,,,,,False,1.0,CT0015600,134050418445275069,2025-09-11 04:19:21.283000,04:19:21.283000,2025,,,Speed Related,2025
2025-10-15 18:44:11.060000,7793464.0,CT0015600,West Haven,Racial Profile,1000602,2500042631,Incident ID,2025-09-11 00:00:00,September,W,H,M,27,True,True,WEST HAVEN,boston post road,  ,  ,V,G,2.0,1,14-12(a)*,,True,I,False,False,M,,,,,False,1.0,CT0015600,134050418445275069,2025-09-11 11:03:48.517000,11:03:48.517000,2025,38a-371,,Registration,2025
2025-10-15 18:44:11.610000,7793643.0,CT0015600,West Haven,Racial Profile,1000699,2500042576,Incident ID,2025-09-11 00:00:00,September,B,N,M,58,True,True,West Haven,campbel ave/homestead ave,  ,  ,I,G,1.0,0,14-12(a)*,,False,N,False,False,W,,,,,False,1.0,CT0015600,134050418445275069,2025-09-11 04:30:06.500000,04:30:06.500000,2025,14-12(a)*,,Registration,2025
2025-10-15 18:44:10.877000,7793411.0,CT0015600,West Haven,Racial Profile,1000465,2500042757,Incident ID,2025-09-12 00:00:00,September,W,M,M,32,False,False,West Haven,Campbell / Hall,  ,  ,V,G,1.0,0,14-241,,False,N,False,False,V,,,,,False,1.0,CT0015600,134050418445275069,2025-09-12 01:35:24.317000,01:35:24.317000,2025,,,Moving Violation,2025
2025-10-15 18:44:10.887000,7793413.0,CT0015600,West Haven,Racial Profile,1000465,2500042865,Incident ID,2025-09-12 00:00:00,September,B,N,F,25,True,True,West Haven,First / Elm,  ,  ,V,G,1.0,0,14-236,,False,N,False,False,V,,,,,False,1.0,CT0015600,134050418445275069,2025-09-12 17:14:38.217000,17:14:38.217000,2025,,,Moving Violation,2025
2025-10-15 18:44:10.897000,7793417.0,CT0015600,West Haven,Racial Profile,1000465,2500042891,Incident ID,2025-09-12 00:00:00,September,W,H,M,28,True,True,West Haven,First / Center,  ,  ,V,G,3.0,1,14-147(c),,True,I,False,False,M,,,,,False,1.0,CT0015600,134050418445275069,2025-09-12 21:51:23.810000,21:51:23.810000,2025,38a-371,,Administrative Offense,2025
2025-10-15 18:44:10.890000,7793414.0,CT0015600,West Haven,Racial Profile,1000465,2500042871,Incident ID,2025-09-12 00:00:00,September,W,H,M,40,True,False,West Haven,Elm / Second,  ,  ,V,G,2.0,0,14-147(c),,False,N,False,False,M,,,,,False,1.0,CT0015600,134050418445275069,2025-09-12 18:23:04.830000,18:23:04.830000,2025,38a-371,,Administrative Offense,2025
2025-10-15 18:44:11.127000,7793483.0,CT0015600,West Haven,Racial Profile,1000615,2500042870,Incident ID,2025-09-12 00:00:00,September,W,H,M,42,True,False,WEST HAVEN,480 Saw Mill rd ,  ,  ,V,G,1.0,0,14-301,,False,N,False,False,V,,,,,False,1.0,CT0015600,134050418445275069,2025-09-12 18:10:46.643000,18:10:46.643000,2025,14-301,,Stop Sign,2025
2025-10-15 18:44:11.123000,7793482.0,CT0015600,West Haven,Racial Profile,1000615,2500042859,Incident ID,2025-09-12 00:00:00,September,W,H,M,40,True,False,West Haven,Campbell/ elm ,  ,  ,V,G,1.0,0,14-12(a)*,,False,N,False,False,N,,,,,False,1.0,CT0015600,134050418445275069,2025-09-12 16:31:11.243000,16:31:11.243000,2025,14-12(a)*,,Registration,2025
2025-10-15 18:44:10.893000,7793416.0,CT0015600,West Haven,Racial Profile,1000465,2500042888,Incident ID,2025-09-12 00:00:00,September,W,H,M,40,True,False,WEST HAVEN,First Fuel / First Avenue,  ,  ,E,G,1.0,0,14-99g(g),,False,N,False,False,V,,,,,False,1.0,CT0015600,134050418445275069,2025-09-12 21:10:41.530000,21:10:41.530000,2025,,,Window Tint,2025
2025-10-15 18:44:10.777000,7793370.0,CT0015600,West Haven,Racial Profile,1162,2500042804,Incident ID,2025-09-12 00:00:00,September,W,N,M,81,True,False,West Haven,campbell/alling,  ,  ,V,G,1.0,0,14-299,,False,N,False,False,V,,,,,False,1.0,CT0015600,134050418445275069,2025-09-12 10:20:07.797000,10:20:07.797000,2025,,,Traffic Control Signal,2025
2025-10-15 18:44:11.120000,7793481.0,CT0015600,West Haven,Racial Profile,1000615,2500042853,Incident ID,2025-09-12 00:00:00,September,W,H,M,35,True,True,West Haven,Saw Mill Rd/ Meloy Rd ,  ,  ,V,G,1.0,0,14-36(a),,False,N,False,False,I,,,,,False,1.0,CT0015600,134050418445275069,2025-09-12 16:13:50.387000,16:13:50.387000,2025,14-36(a),,Unlicensed Operation,2025
2025-10-15 18:44:10.807000,7793381.0,CT0015600,West Haven,Racial Profile,1221,2500042896,Incident ID,2025-09-12 00:00:00,September,W,H,M,21,True,True,WEST HAVEN,Wasington Avenue / Ella T Grasso,  ,  ,E,G,1.0,0,14-18,,False,N,False,False,V,,,,,False,1.0,CT0015600,134050418445275069,2025-09-12 22:58:51.380000,22:58:51.380000,2025,,,Display of Plates,2025
2025-10-15 18:44:10.887000,7793412.0,CT0015600,West Haven,Racial Profile,1000465,2500042763,Incident ID,2025-09-12 00:00:00,September,W,M,M,30,True,True,West Haven,Saw Mill Road / Interstate 95 North,  ,  ,V,G,1.0,0,14-299,,False,N,False,False,V,,,,,False,1.0,CT0015600,134050418445275069,2025-09-12 02:18:49.203000,02:18:49.203000,2025,,,Traffic Control Signal,2025
2025-10-15 18:44:10.890000,7793415.0,CT0015600,West Haven,Racial Profile,1000465,2500042875,Incident ID,2025-09-12 00:00:00,September,B,N,F,35,True,False,West Haven,Elm Street / Fourth Avenue,  ,  ,V,G,1.0,0,14-147(c),,False,N,False,False,V,,,,,False,1.0,CT0015600,134050418445275069,2025-09-12 18:46:51.897000,18:46:51.897000,2025,14-215(a),,Administrative Offense,2025
2025-10-15 18:44:11.287000,7793544.0,CT0015600,West Haven,Racial Profile,1000637,2500042884,Incident ID,2025-09-12 00:00:00,September,W,H,M,50,True,False,West Haven,Main st/Savin ave,  ,  ,V,G,1.0,0,14-12(a),,False,N,False,False,V,,,,,False,1.0,CT0015600,134050418445275069,2025-09-12 20:24:25.973000,20:24:25.973000,2025,,,Registration,2025
2025-10-15 18:44:10.787000,7793374.0,CT0015600,West Haven,Racial Profile,1191,2500042887,Incident ID,2025-09-12 00:00:00,September,W,N,M,27,True,False,West Haven,kelsey&richmond,  ,  ,V,G,1.0,0,14-301,,False,N,False,False,V,,,,,False,1.0,CT0015600,134050418445275069,2025-09-12 21:07:53.700000,21:07:53.700000,2025,14-301,,Stop Sign,2025
2025-10-15 18:44:11.290000,7793546.0,CT0015600,West Haven,Racial Profile,1000637,2500043076,Incident ID,2025-09-13 00:00:00,September,W,N,M,57,True,False,West Haven,boston post rd,  ,  ,V,G,1.0,0,14-299,,False,N,False,False,V,,,,,False,1.0,CT0015600,134050418445275069,2025-09-13 20:53:54.600000,20:53:54.600000,2025,,,Traffic Control Signal,2025
2025-10-15 18:44:11.063000,7793465.0,CT0015600,West Haven,Racial Profile,1000602,2500043017,Incident ID,2025-09-13 00:00:00,September,W,N,M,56,False,False,West Haven,stevens ave,  ,  ,V,G,1.0,0,14-301,,False,N,False,False,V,,,,,False,1.0,CT0015600,134050418445275069,2025-09-13 14:05:09.607000,14:05:09.607000,2025,,,Stop Sign,2025
2025-10-15 18:44:11.320000,7793558.0,CT0015600,West Haven,Racial Profile,1000658,2500042983,Incident ID,2025-09-13 00:00:00,September,W,N,F,39,True,False,West Haven,elm,  ,  ,V,G,1.0,0,14-12(a)*,,False,N,False,False,V,,,,,False,1.0,CT0015600,134050418445275069,2025-09-13 10:21:25.757000,10:21:25.757000,2025,,,Registration,2025
2025-10-15 18:44:11.087000,7793472.0,CT0015600,West Haven,Racial Profile,1000614,2500043094,Incident ID,2025-09-13 00:00:00,September,B,N,F,31,True,True,West Haven,first ave and manohan pl,  ,  ,V,G,1.0,0,14-301,,False,N,False,False,V,,,,,False,1.0,CT0015600,134050418445275069,2025-09-13 22:32:06.897000,22:32:06.897000,2025,,,Stop Sign,2025
2025-10-15 18:44:11.127000,7793484.0,CT0015600,West Haven,Racial Profile,1000615,2500043074,Incident ID,2025-09-13 00:00:00,September,W,H,M,25,True,True,West Haven,saw mill rd/ Greta,  ,  ,E,G,1.0,0,14-18(c),,False,N,False,False,V,,,,,False,1.0,CT0015600,134050418445275069,2025-09-13 20:51:01.430000,20:51:01.430000,2025,,,Display of Plates,2025
2025-10-15 18:44:11.533000,7793615.0,CT0015600,West Haven,Racial Profile,1000688,2500042930,Incident ID,2025-09-13 00:00:00,September,W,H,F,34,True,False,WEST HAVEN,175 leete street,  ,  ,V,G,1.0,1,14-12(a)*,,False,N,False,False,M,,,,,False,1.0,CT0015600,134050418445275069,2025-09-13 01:51:58.397000,01:51:58.397000,2025,38a-371,,Registration,2025
2025-10-15 18:44:11.223000,7793522.0,CT0015600,West Haven,Racial Profile,1000625,2500042936,Incident ID,2025-09-13 00:00:00,September,W,H,M,22,True,False,WEST HAVEN,Campbell Ave/Noble St,  ,  ,E,G,1.0,0,14-96a(a),,False,N,False,False,V,,,,,False,1.0,CT0015600,134050418445275069,2025-09-13 02:32:45.007000,02:32:45.007000,2025,,,Defective Lights,2025
2025-10-15 18:44:10.757000,7793362.0,CT0015600,West Haven,Racial Profile,1135,2500042916,Incident ID,2025-09-13 00:00:00,September,W,N,M,59,True,False,West Haven,Campbell & Terrace,  ,  ,E,G,1.0,0,14-96a(a),,False,N,False,False,V,,,,,False,1.0,CT0015600,134050418445275069,2025-09-13 00:45:44.813000,00:45:44.813000,2025,14-96a(a),,Defective Lights,2025
2025-10-15 18:44:11.343000,7793565.0,CT0015600,West Haven,Racial Profile,1000661,2500043057,Incident ID,2025-09-13 00:00:00,September,W,N,M,35,True,True,WEST HAVEN,354 Sawmill Rd,  ,  ,V,G,1.0,0,14-12(a),,False,N,False,False,V,,,,,False,1.0,CT0015600,134050418445275069,2025-09-13 18:52:51.550000,18:52:51.550000,2025,14-12(a),,Registration,2025
2025-10-15 18:44:11.067000,7793466.0,CT0015600,West Haven,Racial Profile,1000602,2500043069,Incident ID,2025-09-13 00:00:00,September,W,H,M,28,True,True,West Haven,first avenue ,  ,  ,V,G,2.0,1,14-147(c),,True,I,False,False,M,,,,,False,1.0,CT0015600,134050418445275069,2025-09-13 20:30:15.797000,20:30:15.797000,2025,14-215a,,Administrative Offense,2025
2025-10-15 18:44:11.080000,7793471.0,CT0015600,West Haven,Racial Profile,1000614,2500042973,Incident ID,2025-09-13 00:00:00,September,W,N,M,71,True,False,West Haven,Morgan Lane/ Island Lane,  ,  ,V,G,1.0,0,14-301,,False,N,False,False,V,,,,,False,1.0,CT0015600,134050418445275069,2025-09-13 09:56:19.637000,09:56:19.637000,2025,,,Stop Sign,2025
2025-10-15 18:44:11.130000,7793485.0,CT0015600,West Haven,Racial Profile,1000615,2500043093,Incident ID,2025-09-13 00:00:00,September,W,N,M,61,True,False,WEST HAVEN,480 SAW MILL RD ,  ,  ,V,G,1.0,0,14-301,,False,N,False,False,V,,,,,False,1.0,CT0015600,134050418445275069,2025-09-13 22:29:56.690000,22:29:56.690000,2025,14-222,,Stop Sign,2025
2025-10-15 18:44:11.290000,7793545.0,CT0015600,West Haven,Racial Profile,1000637,2500043053,Incident ID,2025-09-13 00:00:00,September,B,N,F,57,True,False,West Haven,forest rd,  ,  ,V,G,1.0,0,14-299,,False,N,False,False,V,,,,,False,1.0,CT0015600,134050418445275069,2025-09-13 18:16:58.087000,18:16:58.087000,2025,,,Traffic Control Signal,2025
2025-10-15 18:44:11.347000,7793566.0,CT0015600,West Haven,Racial Profile,1000661,2500043070,Incident ID,2025-09-13 00:00:00,September,W,N,M,34,True,False,West Haven,Jones Hill Rd/ Morgan Ln,  ,  ,V,G,1.0,0,14-299,,False,N,False,False,V,,,,,False,1.0,CT0015600,134050418445275069,2025-09-13 20:34:58.390000,20:34:58.390000,2025,14-299,,Traffic Control Signal,2025
2025-10-15 18:44:11.307000,7793552.0,CT0015600,West Haven,Racial Profile,1000652,2500043195,Incident ID,2025-09-14 00:00:00,September,W,N,F,59,True,True,West Haven,First Ave/ Wood Street ,  ,  ,V,G,1.0,0,14-232(a)(1),,False,N,False,False,V,,,,,False,1.0,CT0015600,134050418445275069,2025-09-14 16:27:51.217000,16:27:51.217000,2025,14-232(a)(1),,Moving Violation,2025
2025-10-15 18:44:10.900000,7793418.0,CT0015600,West Haven,Racial Profile,1000465,2500043274,Incident ID,2025-09-15 00:00:00,September,B,N,F,40,True,False,WEST HAVEN,370 Highland Street,  ,  ,I,G,1.0,0,53a-32,,False,N,False,False,N,,,,,False,1.0,CT0015600,134050418445275069,2025-09-15 01:01:22.263000,01:01:22.263000,2025,,,Other,2025
2025-10-15 18:44:10.823000,7793388.0,CT0015600,West Haven,Racial Profile,1000331,2500043364,Incident ID,2025-09-15 00:00:00,September,B,N,M,23,True,False,West Haven,Washingon Ave X Elm Street,  ,  ,V,G,1.0,0,14-299,,False,N,False,False,I,,,,,False,1.0,CT0015600,134050418445275069,2025-09-15 12:37:51.777000,12:37:51.777000,2025,,,Traffic Control Signal,2025
2025-10-15 18:44:11.227000,7793523.0,CT0015600,West Haven,Racial Profile,1000625,2500043285,Incident ID,2025-09-15 00:00:00,September,W,N,F,49,True,True,West Haven,kelsey ave/graham ave,  ,  ,E,B,1.0,0,14-96b,,False,N,False,False,V,,,,,False,1.0,CT0015600,134050418445275069,2025-09-15 02:11:07.060000,02:11:07.060000,2025,,,Defective Lights,2025
2025-10-15 18:44:11.263000,7793534.0,CT0015600,West Haven,Racial Profile,1000636,2500043338,Incident ID,2025-09-15 00:00:00,September,W,H,F,57,True,False,West Haven,firs/ lamson,  ,  ,V,G,1.0,0,14-299,,False,N,False,False,V,,,,,False,1.0,CT0015600,134050418445275069,2025-09-15 10:10:17.627000,10:10:17.627000,2025,,,Traffic Control Signal,2025
2025-10-15 18:44:11.323000,7793559.0,CT0015600,West Haven,Racial Profile,1000658,2500043330,Incident ID,2025-09-15 00:00:00,September,B,N,M,63,True,False,WEST HAVEN,post rd,  ,  ,V,G,1.0,0,14-296aa(b),,False,N,False,False,V,,,,,False,1.0,CT0015600,134050418445275069,2025-09-15 09:42:46.200000,09:42:46.200000,2025,,,Cell Phone,2025
2025-10-15 18:44:11.410000,7793580.0,CT0015600,West Haven,Racial Profile,1000665,2500043424,Incident ID,2025-09-15 00:00:00,September,W,H,M,48,True,False,West Haven,Forest Road,  ,  ,V,G,1.0,0,Tailight out,,False,N,False,False,V,,,,,False,1.0,CT0015600,134050418445275069,2025-09-15 20:13:55.847000,20:13:55.847000,2025,Tailight out,,Defective Lights,2025
2025-10-15 18:44:10.950000,7793433.0,CT0015600,West Haven,Racial Profile,1000548,2500043284,Incident ID,2025-09-15 00:00:00,September,W,M,M,24,True,True,West Haven,Campbell Avenue/Terrace Avenue,  ,  ,V,G,1.0,0,14-96a(a),,False,N,False,False,V,,,,,False,1.0,CT0015600,134050418445275069,2025-09-15 02:04:50.970000,02:04:50.970000,2025,14-96a(a),,Defective Lights,2025
2025-10-15 18:44:10.970000,7793437.0,CT0015600,West Haven,Racial Profile,1000549,2500043272,Incident ID,2025-09-15 00:00:00,September,W,H,M,30,True,False,West Haven,first / main,  ,  ,E,G,1.0,0,14-96a(a),,False,N,False,False,V,,,,,False,1.0,CT0015600,134050418445275069,2025-09-15 00:58:18.157000,00:58:18.157000,2025,14-147,,Defective Lights,2025
2025-10-15 18:44:10.973000,7793438.0,CT0015600,West Haven,Racial Profile,1000549,2500043283,Incident ID,2025-09-15 00:00:00,September,B,M,F,21,True,True,West Haven,captain thomas / dyke,  ,  ,V,G,1.0,0,14-219,,False,N,False,False,V,,,,,False,1.0,CT0015600,134050418445275069,2025-09-15 02:03:49.043000,02:03:49.043000,2025,,,Speed Related,2025
2025-10-15 18:44:11.407000,7793579.0,CT0015600,West Haven,Racial Profile,1000665,2500043360,Incident ID,2025-09-15 00:00:00,September,W,M,F,19,True,True,West Haven,Eaton/Dix,  ,  ,V,G,1.0,0,14-147(A),,False,N,False,False,V,,,,,False,1.0,CT0015600,134050418445275069,2025-09-15 12:25:51.863000,12:25:51.863000,2025,14-147(A),,Administrative Offense,2025
2025-10-15 18:44:11.410000,7793581.0,CT0015600,West Haven,Racial Profile,1000665,2500043426,Incident ID,2025-09-15 00:00:00,September,A,M,M,23,True,True,West Haven,Boston Post Road,  ,  ,V,G,1.0,0,38a-371,,False,N,False,False,N,,,,,False,1.0,CT0015600,134050418445275069,2025-09-15 20:21:59.693000,20:21:59.693000,2025,NONE,,Other,2025
2025-10-15 18:44:11.503000,7793603.0,CT0015600,West Haven,Racial Profile,1000687,2500043281,Incident ID,2025-09-15 00:00:00,September,B,N,F,37,True,True,West Haven,Allings crossing/phipps drive,  ,  ,V,G,1.0,0,14-96c,,False,N,False,False,V,,,,,False,1.0,CT0015600,134050418445275069,2025-09-15 01:42:47.110000,01:42:47.110000,2025,14-96c,,Defective Lights,2025
2025-10-15 18:44:10.820000,7793387.0,CT0015600,West Haven,Racial Profile,1000331,2500043319,Incident ID,2025-09-15 00:00:00,September,W,N,M,55,True,False,West Haven,Savin X Leete St,  ,  ,V,G,1.0,0,14-219,,False,N,False,False,V,,,,,False,1.0,CT0015600,134050418445275069,2025-09-15 08:35:39.430000,08:35:39.430000,2025,,,Speed Related,2025
2025-10-15 18:44:10.973000,7793439.0,CT0015600,West Haven,Racial Profile,1000549,2500043293,Incident ID,2025-09-15 00:00:00,September,W,H,M,28,True,True,WEST HAVEN,87 may st,  ,  ,V,G,1.0,0,14-301,,False,N,False,False,V,,,,,False,1.0,CT0015600,134050418445275069,2025-09-15 03:15:58.540000,03:15:58.540000,2025,14-219,,Stop Sign,2025
2025-10-15 18:44:11.007000,7793450.0,CT0015600,West Haven,Racial Profile,1000582,2500043280,Incident ID,2025-09-15 00:00:00,September,B,N,M,30,True,False,West Haven,Forest Rd. / westfield st ,  ,  ,V,G,1.0,0,14-147,,False,N,False,False,V,,,,,False,1.0,CT0015600,134050418445275069,2025-09-15 01:26:39.437000,01:26:39.437000,2025,14-147,,Administrative Offense,2025
2025-10-15 18:44:11.230000,7793524.0,CT0015600,West Haven,Racial Profile,1000625,2500043286,Incident ID,2025-09-15 00:00:00,September,W,N,F,48,True,False,West Haven,ocean ave/fairview ave,  ,  ,V,B,1.0,0,14-219,,False,N,False,False,V,,,,,False,1.0,CT0015600,134050418445275069,2025-09-15 02:20:39.737000,02:20:39.737000,2025,,,Speed Related,2025
2025-10-15 18:44:11.237000,7793525.0,CT0015600,West Haven,Racial Profile,1000625,2500043289,Incident ID,2025-09-15 00:00:00,September,W,N,M,78,True,False,West Haven,ocean ave/baldwin st,  ,  ,V,G,1.0,0,14-219,,False,N,False,False,V,,,,,False,1.0,CT0015600,134050418445275069,2025-09-15 02:39:51.827000,02:39:51.827000,2025,,,Speed Related,2025
2025-10-15 18:44:11.260000,7793533.0,CT0015600,West Haven,Racial Profile,1000636,2500043275,Incident ID,2025-09-15 00:00:00,September,B,N,F,29,True,False,West Haven,post road and rockview,  ,  ,V,G,1.0,0,14-12(a),,False,N,False,False,V,,,,,False,1.0,CT0015600,134050418445275069,2025-09-15 01:06:16.670000,01:06:16.670000,2025,,,Registration,2025
2025-10-15 18:44:11.327000,7793560.0,CT0015600,West Haven,Racial Profile,1000658,2500043369,Incident ID,2025-09-15 00:00:00,September,B,N,M,35,True,False,WEST HAVEN,derby ave,  ,  ,V,G,2.0,1,14-147(c),,True,I,False,False,I,,,,,False,1.0,CT0015600,134050418445275069,2025-09-15 13:00:42.570000,13:00:42.570000,2025,14-12(a)*,,Administrative Offense,2025
2025-10-15 18:44:10.753000,7793361.0,CT0015600,West Haven,Racial Profile,1129,2500043335,Incident ID,2025-09-15 00:00:00,September,W,H,M,36,True,False,West Haven,campbell/Richards,  ,  ,V,G,1.0,0,14-299,,False,N,False,False,V,,,,,False,1.0,CT0015600,134050418445275069,2025-09-15 10:02:57.373000,10:02:57.373000,2025,14-299,,Traffic Control Signal,2025
2025-10-15 18:44:10.780000,7793372.0,CT0015600,West Haven,Racial Profile,1189,2500043277,Incident ID,2025-09-15 00:00:00,September,W,N,M,27,True,True,West Haven,main/cndee,  ,  ,V,B,1.0,0,14-299,,False,N,False,False,V,,,,,False,1.0,CT0015600,134050418445275069,2025-09-15 01:12:27.040000,01:12:27.040000,2025,14-299,,Traffic Control Signal,2025
2025-10-15 18:44:10.980000,7793440.0,CT0015600,West Haven,Racial Profile,1000549,2500043474,Incident ID,2025-09-16 00:00:00,September,W,H,M,47,True,True,West Haven,first / center,  ,  ,V,G,1.0,0,14-301,,False,N,False,False,V,,,,,False,1.0,CT0015600,134050418445275069,2025-09-16 03:30:07.260000,03:30:07.260000,2025,,,Stop Sign,2025
2025-10-15 18:44:10.827000,7793389.0,CT0015600,West Haven,Racial Profile,1000331,2500043548,Incident ID,2025-09-16 00:00:00,September,W,H,F,67,True,True,West Haven,Campbell Avenue X Brown Street,  ,  ,V,G,1.0,0,14-299,,False,N,False,False,V,,,,,False,1.0,CT0015600,134050418445275069,2025-09-16 12:53:02.853000,12:53:02.853000,2025,,,Traffic Control Signal,2025
2025-10-15 18:44:10.857000,7793401.0,CT0015600,West Haven,Racial Profile,1000333,2500043517,Incident ID,2025-09-16 00:00:00,September,B,N,M,61,True,True,West Haven,Saw Mill Rd. & Hilcrest ,  ,  ,V,G,1.0,0,14-299,,False,N,False,False,V,,,,,False,1.0,CT0015600,134050418445275069,2025-09-16 09:23:43.073000,09:23:43.073000,2025,,,Traffic Control Signal,2025
2025-10-15 18:44:11.070000,7793467.0,CT0015600,West Haven,Racial Profile,1000602,2500043552,Incident ID,2025-09-16 00:00:00,September,B,N,M,26,True,False,West Haven,campbell avenue,  ,  ,V,G,2.0,0,14-99g(g),,False,N,False,True,U,,,,,False,1.0,CT0015600,134050418445275069,2025-09-16 13:21:12.473000,13:21:12.473000,2025,,,Window Tint,2025
2025-10-15 18:44:11.240000,7793527.0,CT0015600,West Haven,Racial Profile,1000626,2500043543,Incident ID,2025-09-16 00:00:00,September,B,N,M,29,True,False,West Haven,525 DERBY AVENUE,  ,  ,V,G,1.0,0,14-299,,False,N,False,False,V,,,,,False,1.0,CT0015600,134050418445275069,2025-09-16 11:42:56.243000,11:42:56.243000,2025,14-299,,Traffic Control Signal,2025
2025-10-15 18:44:11.267000,7793535.0,CT0015600,West Haven,Racial Profile,1000636,2500043462,Incident ID,2025-09-16 00:00:00,September,A,N,M,36,True,True,West Haven,post raod/ rockview,  ,  ,I,G,1.0,0,14-12(a),,False,N,False,False,V,,,,,False,1.0,CT0015600,134050418445275069,2025-09-16 01:11:40.537000,01:11:40.537000,2025,,,Registration,2025
2025-10-15 18:44:11.507000,7793604.0,CT0015600,West Haven,Racial Profile,1000687,2500043463,Incident ID,2025-09-16 00:00:00,September,B,N,F,34,True,False,West Haven,sawmill/95 north entrance ramp.,  ,  ,V,G,1.0,0,14-299,,False,N,False,False,V,,,,,False,1.0,CT0015600,134050418445275069,2025-09-16 01:27:41.367000,01:27:41.367000,2025,14-299,,Traffic Control Signal,2025
2025-10-15 18:44:10.857000,7793402.0,CT0015600,West Haven,Racial Profile,1000333,2500043522,Incident ID,2025-09-16 00:00:00,September,W,N,M,51,True,False,WEST HAVEN,Saw Mill Rd & Allings Crossing Rd,  ,  ,V,G,1.0,0,14-299,,False,N,False,False,V,,,,,False,1.0,CT0015600,134050418445275069,2025-09-16 09:57:37.297000,09:57:37.297000,2025,,,Traffic Control Signal,2025
2025-10-15 18:44:10.830000,7793391.0,CT0015600,West Haven,Racial Profile,1000331,2500043755,Incident ID,2025-09-17 00:00:00,September,W,N,M,36,True,True,West Haven,Kelsey Avenue X Circle Street,  ,  ,V,G,1.0,0,14-219,,False,N,False,False,V,,,,,False,1.0,CT0015600,134050418445275069,2025-09-17 13:17:54.050000,13:17:54.050000,2025,,,Speed Related,2025
2025-10-15 18:44:10.830000,7793390.0,CT0015600,West Haven,Racial Profile,1000331,2500043718,Incident ID,2025-09-17 00:00:00,September,W,H,F,16,True,True,West Haven,Kelsey Ave X Circle Street,  ,  ,V,G,1.0,0,14-219,,False,N,False,False,V,,,,,False,1.0,CT0015600,134050418445275069,2025-09-17 10:17:55.037000,10:17:55.037000,2025,,,Speed Related,2025
2025-10-15 18:44:10.900000,7793419.0,CT0015600,West Haven,Racial Profile,1000465,2500043664,Incident ID,2025-09-17 00:00:00,September,W,H,M,50,True,True,West Haven,First Avenue / Campbell Avenue ,  ,  ,V,G,1.0,0,14-12(a)*,,False,N,False,False,I,,,,,False,1.0,CT0015600,134050418445275069,2025-09-17 02:43:07.027000,02:43:07.027000,2025,,,Registration,2025
2025-10-15 18:44:11.270000,7793536.0,CT0015600,West Haven,Racial Profile,1000636,2500043663,Incident ID,2025-09-17 00:00:00,September,B,N,M,30,True,True,West Haven,forest rd/ bristol,  ,  ,I,G,1.0,0,14-12(a),,False,N,False,False,V,,,,,False,1.0,CT0015600,134050418445275069,2025-09-17 02:24:50.953000,02:24:50.953000,2025,,,Registration,2025
2025-10-15 18:44:11.293000,7793547.0,CT0015600,West Haven,Racial Profile,1000637,2500043799,Incident ID,2025-09-17 00:00:00,September,W,H,M,24,True,False,WEST HAVEN,Boston Post Road,  ,  ,V,G,1.0,0,14-147,,False,N,False,False,I,,,,,False,1.0,CT0015600,134050418445275069,2025-09-17 17:44:41.723000,17:44:41.723000,2025,38a-371,,Administrative Offense,2025
2025-10-15 18:44:10.837000,7793393.0,CT0015600,West Haven,Racial Profile,1000331,2500043936,Incident ID,2025-09-18 00:00:00,September,W,N,M,75,True,True,West Haven,Kelsey Avenue X Circle Street,  ,  ,V,G,1.0,0,14-219,,False,N,False,False,V,,,,,False,1.0,CT0015600,134050418445275069,2025-09-18 13:33:10.247000,13:33:10.247000,2025,,,Speed Related,2025
2025-10-15 18:44:11.193000,7793511.0,CT0015600,West Haven,Racial Profile,1000616,2500043854,Incident ID,2025-09-18 00:00:00,September,W,N,F,23,True,False,West Haven,Derby Ave,  ,  ,V,S,1.0,0,14-219,,False,N,False,False,V,,,,,False,1.0,CT0015600,134050418445275069,2025-09-18 01:38:43,01:38:43,2025,,,Speed Related,2025
2025-10-15 18:44:11.197000,7793512.0,CT0015600,West Haven,Racial Profile,1000616,2500043856,Incident ID,2025-09-18 00:00:00,September,B,N,F,33,True,False,West Haven,Derby Ave,  ,  ,V,S,1.0,0,14-219,,False,N,False,False,V,,,,,False,1.0,CT0015600,134050418445275069,2025-09-18 01:52:12.843000,01:52:12.843000,2025,,,Speed Related,2025
2025-10-15 18:44:11.200000,7793513.0,CT0015600,West Haven,Racial Profile,1000616,2500043859,Incident ID,2025-09-18 00:00:00,September,W,N,M,45,True,True,West Haven,Derby Ave,  ,  ,V,G,1.0,0,14-219,,False,N,False,False,V,,,,,False,1.0,CT0015600,134050418445275069,2025-09-18 02:17:56.920000,02:17:56.920000,2025,,,Speed Related,2025
2025-10-15 18:44:11.540000,7793616.0,CT0015600,West Haven,Racial Profile,1000688,2500043858,Incident ID,2025-09-18 00:00:00,September,W,M,F,40,False,False,West Haven,derby /morris,  ,  ,V,B,1.0,0,14-219,,True,N,False,False,V,,,,,False,1.0,CT0015600,134050418445275069,2025-09-18 02:14:20.400000,02:14:20.400000,2025,14-219,,Speed Related,2025
2025-10-15 18:44:11.540000,7793617.0,CT0015600,West Haven,Racial Profile,1000688,2500043861,Incident ID,2025-09-18 00:00:00,September,B,N,M,48,True,False,West Haven,derby/forest,  ,  ,V,B,1.0,0,14-219,,False,N,False,False,V,,,,,False,1.0,CT0015600,134050418445275069,2025-09-18 02:36:46.113000,02:36:46.113000,2025,14-219,,Speed Related,2025
2025-10-15 18:44:11.613000,7793644.0,CT0015600,West Haven,Racial Profile,1000699,2500044013,Incident ID,2025-09-18 00:00:00,September,W,H,F,19,True,True,West Haven,Elm St/3rd ave,  ,  ,I,G,1.0,0,14-215(a),,False,N,False,False,U,,,,,False,1.0,CT0015600,134050418445275069,2025-09-18 21:47:50.873000,21:47:50.873000,2025,14-215(a),,Administrative Offense,2025
2025-10-15 18:44:10.980000,7793441.0,CT0015600,West Haven,Racial Profile,1000549,2500043863,Incident ID,2025-09-18 00:00:00,September,B,N,M,37,True,False,West Haven,derby / forest,  ,  ,V,G,1.0,0,14-219,,False,N,False,False,V,,,,,False,1.0,CT0015600,134050418445275069,2025-09-18 03:12:40.110000,03:12:40.110000,2025,,,Speed Related,2025
2025-10-15 18:44:11.550000,7793619.0,CT0015600,West Haven,Racial Profile,1000688,2500043867,Incident ID,2025-09-18 00:00:00,September,W,H,M,21,True,False,West Haven,derby/morris,  ,  ,I,B,1.0,0,14-219,,False,N,False,False,V,,,,,False,1.0,CT0015600,134050418445275069,2025-09-18 03:38:47.010000,03:38:47.010000,2025,14-219,,Speed Related,2025
2025-10-15 18:44:11.553000,7793620.0,CT0015600,West Haven,Racial Profile,1000688,2500043868,Incident ID,2025-09-18 00:00:00,September,W,H,M,57,True,False,West Haven,derby/morris,  ,  ,I,B,1.0,0,14-219,,False,N,False,False,V,,,,,False,1.0,CT0015600,134050418445275069,2025-09-18 03:47:11.597000,03:47:11.597000,2025,14-219,,Speed Related,2025
2025-10-15 18:44:11.200000,7793514.0,CT0015600,West Haven,Racial Profile,1000616,2500043866,Incident ID,2025-09-18 00:00:00,September,W,H,M,39,True,True,West Haven,Derby Ave,  ,  ,V,S,1.0,0,14-219,,False,N,False,False,V,,,,,False,1.0,CT0015600,134050418445275069,2025-09-18 03:33:37.500000,03:33:37.500000,2025,,,Speed Related,2025
2025-10-15 18:44:11.543000,7793618.0,CT0015600,West Haven,Racial Profile,1000688,2500043865,Incident ID,2025-09-18 00:00:00,September,W,N,M,61,True,False,West Haven,derby/morris,  ,  ,I,G,1.0,0,14-219,,False,N,False,False,V,,,,,False,1.0,CT0015600,134050418445275069,2025-09-18 03:28:44.460000,03:28:44.460000,2025,,,Speed Related,2025
2025-10-15 18:44:10.833000,7793392.0,CT0015600,West Haven,Racial Profile,1000331,2500043924,Incident ID,2025-09-18 00:00:00,September,B,N,M,22,True,False,West Haven,Kelsey Ave X Circle St,  ,  ,V,G,1.0,0,14-219,,False,N,False,False,V,,,,,False,1.0,CT0015600,134050418445275069,2025-09-18 11:18:26.007000,11:18:26.007000,2025,,,Speed Related,2025
2025-10-15 18:44:10.797000,7793378.0,CT0015600,West Haven,Racial Profile,1200,2500043935,Incident ID,2025-09-18 00:00:00,September,B,N,M,55,True,False,West Haven,CAMPB/CENTER,  ,  ,V,G,2.0,0,14-215a,,False,N,False,False,M,,,,,False,1.0,CT0015600,134050418445275069,2025-09-18 13:31:55.050000,13:31:55.050000,2025,,,Administrative Offense,2025
2025-10-15 18:44:10.800000,7793379.0,CT0015600,West Haven,Racial Profile,1200,2500043981,Incident ID,2025-09-18 00:00:00,September,W,H,M,15,True,True,West Haven,FRONT AVE & BOSTON POST RD ,  ,  ,V,G,3.0,1,53a-64,,False,N,False,False,M,,,,,False,1.0,CT0015600,134050418445275069,2025-09-18 18:53:19.797000,18:53:19.797000,2025,14-223(a)*,,Other,2025
2025-10-15 18:44:10.903000,7793421.0,CT0015600,West Haven,Racial Profile,1000465,2500044083,Incident ID,2025-09-19 00:00:00,September,B,N,M,34,True,False,West Haven,Forest / Paul,  ,  ,V,G,1.0,0,14-218A,,False,N,False,False,V,,,,,False,1.0,CT0015600,134050418445275069,2025-09-19 02:46:25.073000,02:46:25.073000,2025,,,Speed Related,2025
2025-10-15 18:44:11.147000,7793493.0,CT0015600,West Haven,Racial Profile,1000615,2500044205,Incident ID,2025-09-19 00:00:00,September,W,H,F,35,True,True,West Haven,CAMPBELL/ I-95 ENTRANCE RAMP ,  ,  ,V,G,1.0,0,14-12(A)*,,False,N,False,False,V,,,,,False,1.0,CT0015600,134050418445275069,2025-09-19 16:21:58.287000,16:21:58.287000,2025,14-12(a)*,,Registration,2025
2025-10-15 18:44:11.150000,7793494.0,CT0015600,West Haven,Racial Profile,1000615,2500044209,Incident ID,2025-09-19 00:00:00,September,B,N,M,37,True,True,West Haven,greta/ highland ,  ,  ,V,G,1.0,0,14-301,,False,N,False,False,W,,,,,False,1.0,CT0015600,134050418445275069,2025-09-19 16:39:32.890000,16:39:32.890000,2025,14-301,,Stop Sign,2025
2025-10-15 18:44:11.143000,7793491.0,CT0015600,West Haven,Racial Profile,1000615,2500044086,Incident ID,2025-09-19 00:00:00,September,B,N,M,32,True,True,West Haven,campbell/ dana ,  ,  ,V,G,2.0,1,38a-371,,False,N,False,True,M,,,,,False,1.0,CT0015600,134050418445275069,2025-09-19 03:01:55.937000,03:01:55.937000,2025,,,Other,2025
2025-10-15 18:44:11.450000,7793591.0,CT0015600,West Haven,Racial Profile,1000666,2500044226,Incident ID,2025-09-19 00:00:00,September,W,N,F,23,True,False,West Haven,Campbell Ave/ DANA Street ,  ,  ,I,G,1.0,0,14-12(a)*,,False,N,False,False,V,,,,,False,1.0,CT0015600,134050418445275069,2025-09-19 17:51:42.100000,17:51:42.100000,2025,14-12(a)*,,Registration,2025
2025-10-15 18:44:11.147000,7793492.0,CT0015600,West Haven,Racial Profile,1000615,2500044201,Incident ID,2025-09-19 00:00:00,September,W,N,F,38,True,True,West Haven,first/lamson ,  ,  ,V,G,1.0,0,14-12(a)*,,False,N,False,False,V,,,,,False,1.0,CT0015600,134050418445275069,2025-09-19 15:56:34.610000,15:56:34.610000,2025,14-12(a)*,,Registration,2025
2025-10-15 18:44:11.153000,7793495.0,CT0015600,West Haven,Racial Profile,1000615,2500044222,Incident ID,2025-09-19 00:00:00,September,W,H,F,33,True,False,West Haven,wagner/ elm ,  ,  ,V,G,2.0,1,14-215(a),,False,N,False,True,M,,,,,False,1.0,CT0015600,134050418445275069,2025-09-19 17:36:42.983000,17:36:42.983000,2025,,,Administrative Offense,2025
2025-10-15 18:44:11.207000,7793516.0,CT0015600,West Haven,Racial Profile,1000616,2500044063,Incident ID,2025-09-19 00:00:00,September,W,N,M,24,False,False,West Haven,Derby Ave,  ,  ,V,S,1.0,0,14-219,,False,N,False,False,V,,,,,False,1.0,CT0015600,134050418445275069,2025-09-19 02:15:12.790000,02:15:12.790000,2025,,,Speed Related,2025
2025-10-15 18:44:11.563000,7793625.0,CT0015600,West Haven,Racial Profile,1000688,2500044081,Incident ID,2025-09-19 00:00:00,September,W,N,F,28,True,False,West Haven,derby/morris,  ,  ,I,B,1.0,0,14-219,,False,N,False,False,V,,,,,False,1.0,CT0015600,134050418445275069,2025-09-19 02:41:10.643000,02:41:10.643000,2025,14-219,,Speed Related,2025
2025-10-15 18:44:11.413000,7793582.0,CT0015600,West Haven,Racial Profile,1000665,2500044215,Incident ID,2025-09-19 00:00:00,September,W,H,F,40,True,False,West Haven,Elm and Campbell,  ,  ,V,G,2.0,0,14-147(c),,False,N,False,False,V,,,,,False,1.0,CT0015600,134050418445275069,2025-09-19 16:54:37.353000,16:54:37.353000,2025,14-147(c),,Administrative Offense,2025
2025-10-15 18:44:11.417000,7793583.0,CT0015600,West Haven,Racial Profile,1000665,2500044224,Incident ID,2025-09-19 00:00:00,September,W,N,F,50,True,False,West Haven,Beach and Peck,  ,  ,V,G,1.0,0,14-215(a),,False,N,False,False,V,,,,,False,1.0,CT0015600,134050418445275069,2025-09-19 17:37:51.300000,17:37:51.300000,2025,14--215(a),,Administrative Offense,2025
2025-10-15 18:44:10.810000,7793382.0,CT0015600,West Haven,Racial Profile,1231,2500044221,Incident ID,2025-09-19 00:00:00,September,W,N,M,30,True,False,West Haven,Beach/East,  ,  ,I,G,1.0,0,14-147,,False,N,False,False,N,,,,,False,1.0,CT0015600,134050418445275069,2025-09-19 17:30:19.127000,17:30:19.127000,2025,,,Administrative Offense,2025
2025-10-15 18:44:11.510000,7793605.0,CT0015600,West Haven,Racial Profile,1000687,2500044053,Incident ID,2025-09-19 00:00:00,September,W,N,M,32,True,False,West Haven,derby/morris,  ,  ,V,G,1.0,0,14-219,,False,N,False,False,V,,,,,False,1.0,CT0015600,134050418445275069,2025-09-19 01:50:31.497000,01:50:31.497000,2025,14-219,,Speed Related,2025
2025-10-15 18:44:11.513000,7793607.0,CT0015600,West Haven,Racial Profile,1000687,2500044062,Incident ID,2025-09-19 00:00:00,September,W,N,M,24,False,False,West Haven,derby/forrest,  ,  ,V,G,1.0,0,14-219,,False,N,False,False,V,,,,,False,1.0,CT0015600,134050418445275069,2025-09-19 02:14:06.810000,02:14:06.810000,2025,14-219,,Speed Related,2025
2025-10-15 18:44:11.137000,7793488.0,CT0015600,West Haven,Racial Profile,1000615,2500044058,Incident ID,2025-09-19 00:00:00,September,W,N,F,32,False,False,West Haven,campbell/ highland ,  ,  ,E,G,1.0,0,14-18(c),,False,N,False,False,V,,,,,False,1.0,CT0015600,134050418445275069,2025-09-19 01:59:38.937000,01:59:38.937000,2025,14-18(c),,Display of Plates,2025
2025-10-15 18:44:11.140000,7793490.0,CT0015600,West Haven,Racial Profile,1000615,2500044080,Incident ID,2025-09-19 00:00:00,September,W,H,M,22,True,True,West Haven,first/elkm ,  ,  ,V,G,1.0,0,14-12(a)*,,False,N,False,True,M,,,,,False,1.0,CT0015600,134050418445275069,2025-09-19 02:40:35.683000,02:40:35.683000,2025,14-215(a),,Registration,2025
2025-10-15 18:44:11.203000,7793515.0,CT0015600,West Haven,Racial Profile,1000616,2500044056,Incident ID,2025-09-19 00:00:00,September,B,N,M,26,True,False,West Haven,Derby Ave ,  ,  ,V,S,1.0,0,14-219,,False,N,False,False,V,,,,,False,1.0,CT0015600,134050418445275069,2025-09-19 01:58:06.627000,01:58:06.627000,2025,,,Speed Related,2025
2025-10-15 18:44:11.210000,7793517.0,CT0015600,West Haven,Racial Profile,1000616,2500044082,Incident ID,2025-09-19 00:00:00,September,B,N,M,29,True,False,West Haven,Derby Ave,  ,  ,V,S,1.0,0,14-219,,False,N,False,False,V,,,,,False,1.0,CT0015600,134050418445275069,2025-09-19 02:45:53.907000,02:45:53.907000,2025,,,Speed Related,2025
2025-10-15 18:44:11.357000,7793567.0,CT0015600,West Haven,Racial Profile,1000661,2500044206,Incident ID,2025-09-19 00:00:00,September,W,N,F,41,True,True,West Haven,Allings Crossing/ Frontage Rd,  ,  ,V,G,1.0,0,14-18(a),,False,N,False,False,V,,,,,False,1.0,CT0015600,134050418445275069,2025-09-19 16:32:33.203000,16:32:33.203000,2025,14-18(a),,Display of Plates,2025
2025-10-15 18:44:11.370000,7793568.0,CT0015600,West Haven,Racial Profile,1000661,2500044234,Incident ID,2025-09-19 00:00:00,September,W,N,M,61,True,True,West Haven,Sawmill Rd/ York St,  ,  ,V,G,1.0,0,14-299,,False,N,False,False,V,,,,,False,1.0,CT0015600,134050418445275069,2025-09-19 18:33:38.743000,18:33:38.743000,2025,14-299,,Traffic Control Signal,2025
2025-10-15 18:44:11.510000,7793606.0,CT0015600,West Haven,Racial Profile,1000687,2500044057,Incident ID,2025-09-19 00:00:00,September,W,N,M,32,False,False,West Haven,derby/morris,  ,  ,V,G,1.0,0,14-219,,False,N,False,False,V,,,,,False,1.0,CT0015600,134050418445275069,2025-09-19 01:58:19.567000,01:58:19.567000,2025,14-219,,Speed Related,2025
2025-10-15 18:44:11.557000,7793621.0,CT0015600,West Haven,Racial Profile,1000688,2500044051,Incident ID,2025-09-19 00:00:00,September,W,H,F,26,True,False,West Haven,derby/forest,  ,  ,I,B,1.0,0,14-219,,False,N,False,False,V,,,,,False,1.0,CT0015600,134050418445275069,2025-09-19 01:46:39.433000,01:46:39.433000,2025,14-219,,Speed Related,2025
2025-10-15 18:44:11.563000,7793624.0,CT0015600,West Haven,Racial Profile,1000688,2500044079,Incident ID,2025-09-19 00:00:00,September,W,H,F,26,False,False,West Haven,derby/morris,  ,  ,I,B,1.0,0,14-219,,False,N,False,False,V,,,,,False,1.0,CT0015600,134050418445275069,2025-09-19 02:29:43.323000,02:29:43.323000,2025,14-219,,Speed Related,2025
2025-10-15 18:44:10.903000,7793420.0,CT0015600,West Haven,Racial Profile,1000465,2500044072,Incident ID,2025-09-19 00:00:00,September,B,N,M,40,True,True,West Haven,First / Mix,  ,  ,V,G,1.0,0,14-96a(a),,False,N,False,False,V,,,,,False,1.0,CT0015600,134050418445275069,2025-09-19 02:25:03.093000,02:25:03.093000,2025,14-218a,,Defective Lights,2025
2025-10-15 18:44:11.130000,7793486.0,CT0015600,West Haven,Racial Profile,1000615,2500044046,Incident ID,2025-09-19 00:00:00,September,W,H,M,26,True,False,West Haven,campbell/first,  ,  ,V,G,1.0,0,14-299,,False,N,False,False,V,,,,,False,1.0,CT0015600,134050418445275069,2025-09-19 01:12:45.807000,01:12:45.807000,2025,,,Traffic Control Signal,2025
2025-10-15 18:44:11.133000,7793487.0,CT0015600,West Haven,Racial Profile,1000615,2500044054,Incident ID,2025-09-19 00:00:00,September,B,N,M,38,True,True,WEST HAVEN,998 campbell avenue ,  ,  ,E,G,1.0,0,14-96,,False,N,False,False,V,,,,,False,1.0,CT0015600,134050418445275069,2025-09-19 01:52:45.890000,01:52:45.890000,2025,14-96,,Defective Lights,2025
2025-10-15 18:44:11.140000,7793489.0,CT0015600,West Haven,Racial Profile,1000615,2500044064,Incident ID,2025-09-19 00:00:00,September,W,N,M,34,True,True,West Haven,washington/elm ,  ,  ,V,G,1.0,0,14-215(a),,True,N,False,False,V,,,,,False,1.0,CT0015600,134050418445275069,2025-09-19 02:15:36.220000,02:15:36.220000,2025,,,Administrative Offense,2025
2025-10-15 18:44:11.517000,7793608.0,CT0015600,West Haven,Racial Profile,1000687,2500044078,Incident ID,2025-09-19 00:00:00,September,B,N,M,30,True,False,West Haven,derby/forrest,  ,  ,V,G,1.0,0,14-219,,False,N,False,False,V,,,,,False,1.0,CT0015600,134050418445275069,2025-09-19 02:27:08.403000,02:27:08.403000,2025,14-219,,Speed Related,2025
2025-10-15 18:44:11.520000,7793609.0,CT0015600,West Haven,Racial Profile,1000687,2500044085,Incident ID,2025-09-19 00:00:00,September,B,N,F,22,True,False,West Haven,derby/morris,  ,  ,V,G,1.0,0,14-219,,False,N,False,False,V,,,,,False,1.0,CT0015600,134050418445275069,2025-09-19 02:53:08.607000,02:53:08.607000,2025,14-219,,Speed Related,2025
2025-10-15 18:44:11.560000,7793622.0,CT0015600,West Haven,Racial Profile,1000688,2500044055,Incident ID,2025-09-19 00:00:00,September,W,N,M,58,True,False,West Haven,derby/morris,  ,  ,I,S,1.0,0,14-219,,False,N,False,False,V,,,,,False,1.0,CT0015600,134050418445275069,2025-09-19 01:53:57.463000,01:53:57.463000,2025,14-219,,Speed Related,2025
2025-10-15 18:44:11.560000,7793623.0,CT0015600,West Haven,Racial Profile,1000688,2500044061,Incident ID,2025-09-19 00:00:00,September,W,H,F,49,True,False,West Haven,derby/.morris,  ,  ,V,B,1.0,0,14-219,,False,N,False,False,V,,,,,False,1.0,CT0015600,134050418445275069,2025-09-19 02:10:53.560000,02:10:53.560000,2025,14-219,,Speed Related,2025
2025-10-15 18:44:11.070000,7793468.0,CT0015600,West Haven,Racial Profile,1000602,2500044446,Incident ID,2025-09-20 00:00:00,September,I,N,M,33,True,True,WEST HAVEN,meloy rd,  ,  ,V,G,1.0,0,14-147(c),,False,N,False,False,I,,,,,False,1.0,CT0015600,134050418445275069,2025-09-20 21:24:39.120000,21:24:39.120000,2025,,,Administrative Offense,2025
2025-10-15 18:44:10.907000,7793422.0,CT0015600,West Haven,Racial Profile,1000465,2500044287,Incident ID,2025-09-20 00:00:00,September,B,N,M,45,True,False,West Haven,Campbell / Center,  ,  ,V,G,3.0,0,14-12(a)*,,False,N,False,False,V,,,,,False,1.0,CT0015600,134050418445275069,2025-09-20 00:33:13.543000,00:33:13.543000,2025,,,Registration,2025
2025-10-15 18:44:10.913000,7793425.0,CT0015600,West Haven,Racial Profile,1000529,2500044288,Incident ID,2025-09-20 00:00:00,September,B,N,M,25,True,False,West Haven,campbell/walnut,  ,  ,E,G,1.0,0,14-96v,,False,N,False,False,V,,,,,False,1.0,CT0015600,134050418445275069,2025-09-20 00:35:58.177000,00:35:58.177000,2025,14-96v,,Defective Lights,2025
2025-10-15 18:44:11.270000,7793537.0,CT0015600,West Haven,Racial Profile,1000636,2500044280,Incident ID,2025-09-20 00:00:00,September,B,N,M,38,True,False,West Haven,post road/ pruden,  ,  ,I,G,1.0,0,14-12(a),,False,N,False,False,V,,,,,False,1.0,CT0015600,134050418445275069,2025-09-20 00:12:59.703000,00:12:59.703000,2025,,,Registration,2025
2025-10-15 18:44:11.423000,7793585.0,CT0015600,West Haven,Racial Profile,1000665,2500044313,Incident ID,2025-09-20 00:00:00,September,B,N,M,35,True,False,West Haven,Campbell Avenue,  ,  ,V,G,1.0,0,14-36(a),,False,N,False,False,V,,,,,False,1.0,CT0015600,134050418445275069,2025-09-20 02:23:28.343000,02:23:28.343000,2025,14-36(a),,Unlicensed Operation,2025
2025-10-15 18:44:11.427000,7793586.0,CT0015600,West Haven,Racial Profile,1000665,2500044316,Incident ID,2025-09-20 00:00:00,September,A,M,M,54,True,False,West Haven,Kelsey Ave,  ,  ,V,G,1.0,0,Illegal U-Turn,,False,N,False,False,V,,,,,False,1.0,CT0015600,134050418445275069,2025-09-20 02:34:06.380000,02:34:06.380000,2025,Illegal U-Turn,,Other,2025
2025-10-15 18:44:11.520000,7793610.0,CT0015600,West Haven,Racial Profile,1000687,2500044296,Incident ID,2025-09-20 00:00:00,September,B,N,M,40,True,False,West Haven,Meloy Rd/Boston Post Rd.,  ,  ,V,G,1.0,0,14-299,,False,N,False,False,V,,,,,False,1.0,CT0015600,134050418445275069,2025-09-20 01:04:26.117000,01:04:26.117000,2025,14-299,,Traffic Control Signal,2025
2025-10-15 18:44:11.567000,7793626.0,CT0015600,West Haven,Racial Profile,1000688,2500044283,Incident ID,2025-09-20 00:00:00,September,B,N,F,18,True,True,West Haven,forest/orange terr,  ,  ,V,G,1.0,0,14-12(a),,False,N,False,False,V,,,,,False,1.0,CT0015600,134050418445275069,2025-09-20 00:21:26.330000,00:21:26.330000,2025,14-12(a),,Registration,2025
2025-10-15 18:44:11.570000,7793627.0,CT0015600,West Haven,Racial Profile,1000688,2500044290,Incident ID,2025-09-20 00:00:00,September,W,N,M,31,True,False,West Haven,CAMPBELL/HOMESTEAD,  ,  ,V,G,1.0,1,14-12(a),,False,N,False,False,V,,,,,False,1.0,CT0015600,134050418445275069,2025-09-20 00:44:06.650000,00:44:06.650000,2025,14-12(a),,Registration,2025
2025-10-15 18:44:11.297000,7793548.0,CT0015600,West Haven,Racial Profile,1000637,2500044275,Incident ID,2025-09-20 00:00:00,September,B,N,M,28,True,False,West Haven,main street,  ,  ,V,G,1.0,0,14-299,,False,N,False,False,V,,,,,False,1.0,CT0015600,134050418445275069,2025-09-20 00:04:29.307000,00:04:29.307000,2025,,,Traffic Control Signal,2025
2025-10-15 18:44:11.297000,7793549.0,CT0015600,West Haven,Racial Profile,1000637,2500044303,Incident ID,2025-09-20 00:00:00,September,B,H,M,37,True,False,West Haven,elm street,  ,  ,E,G,1.0,0,14-289b,,False,N,False,False,V,,,,,False,1.0,CT0015600,134050418445275069,2025-09-20 01:19:42.397000,01:19:42.397000,2025,,,Other,2025
2025-10-15 18:44:11.373000,7793569.0,CT0015600,West Haven,Racial Profile,1000661,2500044414,Incident ID,2025-09-20 00:00:00,September,W,N,F,30,True,False,West Haven,Sawmill Rd/ Meloy Rd,  ,  ,V,G,1.0,0,14-12(a),,False,N,False,False,V,,,,,False,1.0,CT0015600,134050418445275069,2025-09-20 17:27:22.150000,17:27:22.150000,2025,14-12(a),,Registration,2025
2025-10-15 18:44:10.767000,7793367.0,CT0015600,West Haven,Racial Profile,1159,2500044400,Incident ID,2025-09-20 00:00:00,September,W,N,M,45,True,True,West Haven,main kelswy,  ,  ,V,B,1.0,0,14-299,,False,N,False,False,V,,,,,False,1.0,CT0015600,134050418445275069,2025-09-20 16:19:49.297000,16:19:49.297000,2025,,,Traffic Control Signal,2025
2025-10-15 18:44:10.773000,7793368.0,CT0015600,West Haven,Racial Profile,1159,2500044437,Incident ID,2025-09-20 00:00:00,September,W,N,M,54,True,False,West Haven,ocean and south,  ,  ,V,B,1.0,0,license plate,,False,N,False,False,V,,,,,False,1.0,CT0015600,134050418445275069,2025-09-20 20:41:13.340000,20:41:13.340000,2025,,,Other,2025
2025-10-15 18:44:11.420000,7793584.0,CT0015600,West Haven,Racial Profile,1000665,2500044300,Incident ID,2025-09-20 00:00:00,September,W,H,M,21,True,True,West Haven,Ocean Avw,  ,  ,V,G,1.0,0,Trunk Open,,False,N,False,False,V,,,,,False,1.0,CT0015600,134050418445275069,2025-09-20 01:05:46.513000,01:05:46.513000,2025,Nothing,,Other,2025
2025-10-15 18:44:11.500000,7793602.0,CT0015600,West Haven,Racial Profile,1000677,2500044371,Incident ID,2025-09-20 00:00:00,September,W,N,F,44,True,True,WEST HAVEN,111 Elm Street,  ,  ,V,G,1.0,0,14-299,,False,N,False,False,V,,,,,False,1.0,CT0015600,134050418445275069,2025-09-20 11:43:08.897000,11:43:08.897000,2025,,,Traffic Control Signal,2025
2025-10-15 18:44:11.570000,7793628.0,CT0015600,West Haven,Racial Profile,1000688,2500044311,Incident ID,2025-09-20 00:00:00,September,W,N,M,28,True,True,West Haven,campbell/ruden,  ,  ,V,G,1.0,0,14-12(a),,False,N,False,False,M,,,,,False,1.0,CT0015600,134050418445275069,2025-09-20 01:51:36.537000,01:51:36.537000,2025,38a-371,,Registration,2025
2025-10-15 18:44:11.620000,7793646.0,CT0015600,West Haven,Racial Profile,1000699,2500044305,Incident ID,2025-09-20 00:00:00,September,W,H,M,32,True,True,West Haven,campbell/center,  ,  ,V,G,1.0,0,14-299,,False,N,False,True,V,,,,,False,1.0,CT0015600,134050418445275069,2025-09-20 01:27:44.077000,01:27:44.077000,2025,53a-173,,Traffic Control Signal,2025
2025-10-15 18:44:11.273000,7793538.0,CT0015600,West Haven,Racial Profile,1000636,2500044304,Incident ID,2025-09-20 00:00:00,September,B,N,M,21,True,True,West Haven,post road/ front,  ,  ,V,G,1.0,0,14-147,,False,N,False,False,V,,,,,False,1.0,CT0015600,134050418445275069,2025-09-20 01:21:23.900000,01:21:23.900000,2025,,,Administrative Offense,2025
2025-10-15 18:44:11.300000,7793550.0,CT0015600,West Haven,Racial Profile,1000637,2500044452,Incident ID,2025-09-20 00:00:00,September,B,N,M,26,True,False,WEST HAVEN,Derby Avenue,  ,  ,V,G,1.0,0,14-242,,False,N,False,False,V,,,,,False,1.0,CT0015600,134050418445275069,2025-09-20 21:55:33.820000,21:55:33.820000,2025,,,Moving Violation,2025
2025-10-15 18:44:11.617000,7793645.0,CT0015600,West Haven,Racial Profile,1000699,2500044292,Incident ID,2025-09-20 00:00:00,September,B,N,M,49,True,True,West Haven,center st/union,  ,  ,V,G,1.0,0,14-299,,False,N,False,False,V,,,,,False,1.0,CT0015600,134050418445275069,2025-09-20 00:47:18.510000,00:47:18.510000,2025,14-299,,Traffic Control Signal,2025
2025-10-15 18:44:11.620000,7793647.0,CT0015600,West Haven,Racial Profile,1000699,2500044317,Incident ID,2025-09-20 00:00:00,September,W,H,M,37,True,True,West Haven,Elm st/3rd Ave,  ,  ,V,G,3.0,1,14-299,,False,N,False,False,I,,,,,False,1.0,CT0015600,134050418445275069,2025-09-20 02:56:31.487000,02:56:31.487000,2025,14-36(a),,Traffic Control Signal,2025
2025-10-15 18:44:11.623000,7793648.0,CT0015600,West Haven,Racial Profile,1000699,2500044349,Incident ID,2025-09-20 00:00:00,September,W,H,F,56,True,False,WEST HAVEN,boston post rd/old orange ave,  ,  ,I,G,1.0,0,14-12(a),,False,N,False,False,W,,,,,False,1.0,CT0015600,134050418445275069,2025-09-20 09:05:17.263000,09:05:17.263000,2025,14-12(a),,Registration,2025
2025-10-15 18:44:10.840000,7793394.0,CT0015600,West Haven,Racial Profile,1000331,2500044548,Incident ID,2025-09-21 00:00:00,September,W,H,M,25,True,False,West Haven,Smith X Washington Ave,  ,  ,V,G,1.0,0,14-301,,False,N,False,False,V,,,,,False,1.0,CT0015600,134050418445275069,2025-09-21 10:20:50.860000,10:20:50.860000,2025,,,Stop Sign,2025
2025-10-15 18:44:10.840000,7793395.0,CT0015600,West Haven,Racial Profile,1000331,2500044572,Incident ID,2025-09-21 00:00:00,September,B,N,M,43,False,False,West Haven,Kelsey Avenue X Circle St,  ,  ,V,G,1.0,0,14-219,,False,N,False,False,V,,,,,False,1.0,CT0015600,134050418445275069,2025-09-21 13:56:53.857000,13:56:53.857000,2025,,,Speed Related,2025
2025-10-15 18:44:11.247000,7793529.0,CT0015600,West Haven,Racial Profile,1000626,2500044582,Incident ID,2025-09-21 00:00:00,September,W,H,M,22,True,False,WEST HAVEN,183 Forest Road,  ,  ,V,G,1.0,0,14-12(a)*,,False,N,False,False,I,,,,,False,1.0,CT0015600,134050418445275069,2025-09-21 15:39:55.333000,15:39:55.333000,2025,14-12(a)*,,Registration,2025
2025-10-15 18:44:11.010000,7793451.0,CT0015600,West Haven,Racial Profile,1000582,2500044487,Incident ID,2025-09-21 00:00:00,September,B,N,M,36,True,False,West Haven,Forest rd/ Boston post rd ,  ,  ,V,G,1.0,0,14-299,,False,N,False,False,V,,,,,False,1.0,CT0015600,134050418445275069,2025-09-21 01:14:17.827000,01:14:17.827000,2025,14-299,,Traffic Control Signal,2025
2025-10-15 18:44:11.623000,7793649.0,CT0015600,West Haven,Racial Profile,1000699,2500044494,Incident ID,2025-09-21 00:00:00,September,B,N,M,33,True,False,West Haven,Campbell Ave/Church st,  ,  ,I,G,1.0,0,14-12a,,False,N,False,False,U,,,,,False,1.0,CT0015600,134050418445275069,2025-09-21 02:07:11.343000,02:07:11.343000,2025,38a-371,,Registration,2025
2025-10-15 18:44:11.633000,7793652.0,CT0015600,West Haven,Racial Profile,1000699,2500044552,Incident ID,2025-09-21 00:00:00,September,B,N,M,35,True,False,West Haven,Orange Terrace/Forest Rd,  ,  ,I,G,1.0,0,14-12(a),,False,N,False,False,W,,,,,False,1.0,CT0015600,134050418445275069,2025-09-21 10:52:17.637000,10:52:17.637000,2025,14-12(a),,Registration,2025
2025-10-15 18:44:11.457000,7793593.0,CT0015600,West Haven,Racial Profile,1000673,2500044557,Incident ID,2025-09-21 00:00:00,September,W,N,M,28,False,False,West Haven,Washington Ave,  ,  ,E,G,1.0,0,14-12a,,False,N,False,False,V,,,,,False,1.0,CT0015600,134050418445275069,2025-09-21 11:36:14.510000,11:36:14.510000,2025,,,Registration,2025
2025-10-15 18:44:11.217000,7793520.0,CT0015600,West Haven,Racial Profile,1000617,2500044592,Incident ID,2025-09-21 00:00:00,September,W,N,F,20,True,False,West Haven,Campbell Avenue/ Abner Street,  ,  ,V,G,1.0,0,14-299,,False,N,False,False,V,,,,,False,1.0,CT0015600,134050418445275069,2025-09-21 17:03:38.893000,17:03:38.893000,2025,,,Traffic Control Signal,2025
2025-10-15 18:44:11.243000,7793528.0,CT0015600,West Haven,Racial Profile,1000626,2500044537,Incident ID,2025-09-21 00:00:00,September,B,N,M,26,True,False,WEST HAVEN,1055 boston post road,  ,  ,V,G,1.0,0,14-12(a),,False,N,False,False,V,,,,,False,1.0,CT0015600,134050418445275069,2025-09-21 09:21:48.533000,09:21:48.533000,2025,14-12(a),,Registration,2025
2025-10-15 18:44:11.627000,7793650.0,CT0015600,West Haven,Racial Profile,1000699,2500044535,Incident ID,2025-09-21 00:00:00,September,W,N,F,59,True,True,West Haven,Campbell Ave/Wharton Pl,  ,  ,I,G,1.0,0,14-12(a),,False,N,False,False,W,,,,,False,1.0,CT0015600,134050418445275069,2025-09-21 08:58:27.967000,08:58:27.967000,2025,14-12(a),,Registration,2025
2025-10-15 18:44:11.277000,7793539.0,CT0015600,West Haven,Racial Profile,1000636,2500044477,Incident ID,2025-09-21 00:00:00,September,A,N,M,22,True,True,West Haven,post road/ andrews,  ,  ,E,G,1.0,0,14-96b,,False,N,False,False,V,,,,,False,1.0,CT0015600,134050418445275069,2025-09-21 00:52:03.180000,00:52:03.180000,2025,,,Defective Lights,2025
2025-10-15 18:44:11.633000,7793651.0,CT0015600,West Haven,Racial Profile,1000699,2500044549,Incident ID,2025-09-21 00:00:00,September,B,N,F,19,False,False,West Haven,Campbell Ave/Boston Post Rd,  ,  ,V,G,1.0,0,14-242,,False,N,False,False,V,,,,,False,1.0,CT0015600,134050418445275069,2025-09-21 10:21:10.200000,10:21:10.200000,2025,14-242,,Moving Violation,2025
2025-10-15 18:44:11.337000,7793563.0,CT0015600,West Haven,Racial Profile,1000658,2500044769,Incident ID,2025-09-22 00:00:00,September,W,M,F,37,True,True,West Haven,brown st,  ,  ,V,G,1.0,0,14-301,,False,N,False,False,V,,,,,False,1.0,CT0015600,134050418445275069,2025-09-22 20:14:47.510000,20:14:47.510000,2025,,,Stop Sign,2025
2025-10-15 18:44:11.377000,7793570.0,CT0015600,West Haven,Racial Profile,1000661,2500044756,Incident ID,2025-09-22 00:00:00,September,W,N,F,52,True,True,West Haven,Railroad Ave/ Sawmill Road,  ,  ,V,G,1.0,0,14-12(a),,False,N,False,False,V,,,,,False,1.0,CT0015600,134050418445275069,2025-09-22 17:45:01.323000,17:45:01.323000,2025,14-12(a),,Registration,2025
2025-10-15 18:44:10.787000,7793375.0,CT0015600,West Haven,Racial Profile,1197,2500044706,Incident ID,2025-09-22 00:00:00,September,W,N,F,20,False,False,West Haven,Washington Ave & Court Street,  ,  ,V,G,1.0,0,14-18(a),,False,N,False,False,V,,,,,False,1.0,CT0015600,134050418445275069,2025-09-22 11:19:08.900000,11:19:08.900000,2025,,,Display of Plates,2025
2025-10-15 18:44:11.330000,7793561.0,CT0015600,West Haven,Racial Profile,1000658,2500044698,Incident ID,2025-09-22 00:00:00,September,B,N,F,27,True,True,West Haven,post rd,  ,  ,V,G,1.0,1,14-12(a)*,,True,I,False,False,I,,,,,False,1.0,CT0015600,134050418445275069,2025-09-22 10:13:40.217000,10:13:40.217000,2025,,,Registration,2025
2025-10-15 18:44:11.523000,7793611.0,CT0015600,West Haven,Racial Profile,1000687,2500044643,Incident ID,2025-09-22 00:00:00,September,B,N,M,39,True,True,West Haven,Elm/Ward,  ,  ,V,G,1.0,0,14-299,,False,N,False,False,V,,,,,False,1.0,CT0015600,134050418445275069,2025-09-22 00:56:09.170000,00:56:09.170000,2025,14-299,,Traffic Control Signal,2025
2025-10-15 18:44:11.640000,7793653.0,CT0015600,West Haven,Racial Profile,1000699,2500044641,Incident ID,2025-09-22 00:00:00,September,B,N,F,37,True,False,West Haven,Campbell Ave/Boston Post Rd,  ,  ,I,G,1.0,0,14-12(a),,False,N,False,False,V,,,,,False,1.0,CT0015600,134050418445275069,2025-09-22 00:47:06.830000,00:47:06.830000,2025,14-12(a),,Registration,2025
2025-10-15 18:44:11.333000,7793562.0,CT0015600,West Haven,Racial Profile,1000658,2500044758,Incident ID,2025-09-22 00:00:00,September,W,H,F,30,True,True,West Haven,FIRST AVE,  ,  ,V,G,1.0,0,14-99g(b),,False,N,False,False,V,,,,,False,1.0,CT0015600,134050418445275069,2025-09-22 18:30:18.080000,18:30:18.080000,2025,,,Window Tint,2025
2025-10-15 18:44:11.597000,7793637.0,CT0015600,West Haven,Racial Profile,1000698,2500044775,Incident ID,2025-09-22 00:00:00,September,B,N,F,23,True,False,West Haven,forest/cellini pl,  ,  ,E,B,1.0,0,14-18(c),,False,N,False,False,V,,,,,False,1.0,CT0015600,134050418445275069,2025-09-22 21:36:16.213000,21:36:16.213000,2025,,,Display of Plates,2025
2025-10-15 18:44:10.860000,7793403.0,CT0015600,West Haven,Racial Profile,1000333,2500044859,Incident ID,2025-09-23 00:00:00,September,B,N,F,33,True,True,West Haven,main st & third ave,  ,  ,V,G,1.0,0,14-301,,False,N,False,False,V,,,,,False,1.0,CT0015600,134050418445275069,2025-09-23 09:38:55.177000,09:38:55.177000,2025,,,Stop Sign,2025
2025-10-15 18:44:10.843000,7793396.0,CT0015600,West Haven,Racial Profile,1000331,2500044846,Incident ID,2025-09-23 00:00:00,September,W,H,F,58,True,True,West Haven,Campbell Avenue X Brown Street,  ,  ,V,G,1.0,0,14-232(a)(1),,False,N,False,False,V,,,,,False,1.0,CT0015600,134050418445275069,2025-09-23 08:41:00.980000,08:41:00.980000,2025,,,Moving Violation,2025
2025-10-15 18:44:11.460000,7793594.0,CT0015600,West Haven,Racial Profile,1000673,2500044872,Incident ID,2025-09-23 00:00:00,September,B,N,F,36,True,False,WEST HAVEN,Ocean Ave,  ,  ,E,G,2.0,1,14-147,,False,N,False,False,M,,,,,False,1.0,CT0015600,134050418445275069,2025-09-23 10:34:38.257000,10:34:38.257000,2025,38a-371,,Administrative Offense,2025
2025-10-15 18:44:10.910000,7793424.0,CT0015600,West Haven,Racial Profile,1000528,2500044911,Incident ID,2025-09-23 00:00:00,September,B,N,F,28,True,False,West Haven,post road / gilbert,  ,  ,I,B,1.0,0,53a-181,,False,N,False,False,V,,,,,False,1.0,CT0015600,134050418445275069,2025-09-23 13:48:38.220000,13:48:38.220000,2025,53a-181,,Other,2025
2025-10-15 18:44:11.013000,7793452.0,CT0015600,West Haven,Racial Profile,1000592,2500044817,Incident ID,2025-09-23 00:00:00,September,B,N,F,36,True,True,West Haven,Savin and Center ,  ,  ,V,B,1.0,0,14-96a(a),,False,N,False,False,V,,,,,False,1.0,CT0015600,134050418445275069,2025-09-23 02:47:15.117000,02:47:15.117000,2025,14-147(c),,Defective Lights,2025
2025-10-15 18:44:10.927000,7793429.0,CT0015600,West Haven,Racial Profile,1000539,2500044861,Incident ID,2025-09-23 00:00:00,September,W,N,F,51,True,False,West Haven,CAMPBELL/RUDEN,  ,  ,V,G,1.0,0,14-296aa(b),,False,N,False,False,V,,,,,False,1.0,CT0015600,134050418445275069,2025-09-23 10:00:22.097000,10:00:22.097000,2025,,,Cell Phone,2025
2025-10-15 18:44:11.017000,7793453.0,CT0015600,West Haven,Racial Profile,1000592,2500044864,Incident ID,2025-09-23 00:00:00,September,W,H,M,49,True,True,West Haven,Boston Post road and Wade,  ,  ,V,B,1.0,0,14-12(a)*,,False,N,False,False,V,,,,,False,1.0,CT0015600,134050418445275069,2025-09-23 10:08:51.740000,10:08:51.740000,2025,14-12(a)*,,Registration,2025
2025-10-15 18:44:11.340000,7793564.0,CT0015600,West Haven,Racial Profile,1000658,2500044883,Incident ID,2025-09-23 00:00:00,September,B,N,M,28,True,False,WEST HAVEN,railroad ave,  ,  ,V,G,1.0,0,14-100a(c)(1),,False,N,False,False,V,,,,,False,1.0,CT0015600,134050418445275069,2025-09-23 11:23:33.160000,11:23:33.160000,2025,,,Seatbelt,2025
2025-10-15 18:44:11.380000,7793571.0,CT0015600,West Haven,Racial Profile,1000661,2500044956,Incident ID,2025-09-23 00:00:00,September,W,N,M,46,True,True,West Haven,Allings Crossing/ Frontage Rd,  ,  ,V,G,1.0,0,14-12(a),,False,N,False,False,V,,,,,False,1.0,CT0015600,134050418445275069,2025-09-23 19:14:12.360000,19:14:12.360000,2025,14-12(a),,Registration,2025
2025-10-15 18:44:11.380000,7793572.0,CT0015600,West Haven,Racial Profile,1000661,2500044962,Incident ID,2025-09-23 00:00:00,September,W,M,M,24,True,True,West Haven,Samill Rd/ Hillcrest Ave,  ,  ,V,G,1.0,0,14-18(a),,True,N,False,False,V,,,,,False,1.0,CT0015600,134050418445275069,2025-09-23 20:22:12.177000,20:22:12.177000,2025,14-18(a),,Display of Plates,2025
2025-10-15 18:44:11.523000,7793612.0,CT0015600,West Haven,Racial Profile,1000687,2500044815,Incident ID,2025-09-23 00:00:00,September,B,N,M,25,True,True,West Haven,terrace/edna,  ,  ,V,G,1.0,0,14-242,,False,N,False,False,V,,,,,False,1.0,CT0015600,134050418445275069,2025-09-23 01:59:34.467000,01:59:34.467000,2025,14-242,,Moving Violation,2025
2025-10-15 18:44:10.930000,7793430.0,CT0015600,West Haven,Racial Profile,1000539,2500045070,Incident ID,2025-09-24 00:00:00,September,B,N,F,18,True,False,West Haven,first/campbell,  ,  ,V,G,1.0,0,14-296aa(b),,False,N,False,False,V,,,,,False,1.0,CT0015600,134050418445275069,2025-09-24 09:34:54.943000,09:34:54.943000,2025,,,Cell Phone,2025
2025-10-15 18:44:10.937000,7793431.0,CT0015600,West Haven,Racial Profile,1000539,2500045103,Incident ID,2025-09-24 00:00:00,September,B,N,M,28,True,False,West Haven,campbell/ruden,  ,  ,V,G,1.0,0,14-296aa(b),,False,N,False,False,V,,,,,False,1.0,CT0015600,134050418445275069,2025-09-24 13:25:24.087000,13:25:24.087000,2025,,,Cell Phone,2025
2025-10-15 18:44:11.157000,7793496.0,CT0015600,West Haven,Racial Profile,1000615,2500045133,Incident ID,2025-09-24 00:00:00,September,W,H,M,27,False,True,West Haven,"Boston Post Rd, Fairfax Street ",  ,  ,V,G,1.0,0,14-147(c),,False,N,False,True,M,,,,,False,1.0,CT0015600,134050418445275069,2025-09-24 16:30:40.073000,16:30:40.073000,2025,38a-371,,Administrative Offense,2025
2025-10-15 18:44:10.910000,7793423.0,CT0015600,West Haven,Racial Profile,1000465,2500045145,Incident ID,2025-09-24 00:00:00,September,W,H,M,30,True,False,West Haven,Elm / Water,  ,  ,V,G,1.0,0,14-299,,False,N,False,False,V,,,,,False,1.0,CT0015600,134050418445275069,2025-09-24 17:30:14.170000,17:30:14.170000,2025,14-213,,Traffic Control Signal,2025
2025-10-15 18:44:11.433000,7793589.0,CT0015600,West Haven,Racial Profile,1000665,2500045160,Incident ID,2025-09-24 00:00:00,September,B,N,M,42,True,True,West Haven,Saw Mill Road,  ,  ,V,G,1.0,0,14-147(c),,False,N,False,False,V,,,,,False,1.0,CT0015600,134050418445275069,2025-09-24 18:46:22.493000,18:46:22.493000,2025,14-147(c),,Administrative Offense,2025
2025-10-15 18:44:11.280000,7793540.0,CT0015600,West Haven,Racial Profile,1000636,2500045024,Incident ID,2025-09-24 00:00:00,September,B,N,M,21,True,False,West Haven,post rd/ hoffman,  ,  ,I,B,3.0,1,14-147(c),,False,N,False,False,M,,,,,False,1.0,CT0015600,134050418445275069,2025-09-24 02:23:37.230000,02:23:37.230000,2025,,,Administrative Offense,2025
2025-10-15 18:44:11.427000,7793587.0,CT0015600,West Haven,Racial Profile,1000665,2500045120,Incident ID,2025-09-24 00:00:00,September,B,N,F,31,True,False,West Haven,Morgan Lane,  ,  ,V,G,2.0,1,14-215(a),,True,I,False,False,M,,,,,False,1.0,CT0015600,134050418445275069,2025-09-24 15:36:29.347000,15:36:29.347000,2025,38a-371,,Administrative Offense,2025
2025-10-15 18:44:10.990000,7793444.0,CT0015600,West Haven,Racial Profile,1000569,2500045179,Incident ID,2025-09-24 00:00:00,September,B,N,M,36,True,False,West Haven,Campbell Avenue and ,  ,  ,I,G,2.0,0,14-18(a),,False,N,False,False,N,,,,,False,1.0,CT0015600,134050418445275069,2025-09-24 21:29:03.850000,21:29:03.850000,2025,,,Display of Plates,2025
2025-10-15 18:44:11.303000,7793551.0,CT0015600,West Haven,Racial Profile,1000637,2500045163,Incident ID,2025-09-24 00:00:00,September,W,H,M,24,True,False,West Haven,campbell ave,  ,  ,V,G,1.0,0,14-12(a),,False,N,False,False,I,,,,,False,1.0,CT0015600,134050418445275069,2025-09-24 18:55:30.137000,18:55:30.137000,2025,,,Registration,2025
2025-10-15 18:44:11.430000,7793588.0,CT0015600,West Haven,Racial Profile,1000665,2500045149,Incident ID,2025-09-24 00:00:00,September,W,H,F,32,True,True,WEST HAVEN,Saw Mill Road,  ,  ,V,G,1.0,0,14-12(a)*,,False,N,False,False,V,,,,,False,1.0,CT0015600,134050418445275069,2025-09-24 17:53:54.793000,17:53:54.793000,2025,14-12(a)*,,Registration,2025
2025-10-15 18:44:11.597000,7793638.0,CT0015600,West Haven,Racial Profile,1000698,2500045148,Incident ID,2025-09-24 00:00:00,September,W,H,M,23,True,True,West Haven,2nd/Richards Pl,  ,  ,E,B,1.0,0,14-99g(g),,False,N,False,False,V,,,,,False,1.0,CT0015600,134050418445275069,2025-09-24 17:49:58.747000,17:49:58.747000,2025,,,Window Tint,2025
2025-10-15 18:44:11.437000,7793590.0,CT0015600,West Haven,Racial Profile,1000665,2500045331,Incident ID,2025-09-25 00:00:00,September,W,N,M,55,True,False,WEST HAVEN,Saw Mill Road,  ,  ,V,G,1.0,0,13-215(a),,False,N,False,False,N,,,,,False,1.0,CT0015600,134050418445275069,2025-09-25 17:46:22.797000,17:46:22.797000,2025,NONE,,Other,2025
2025-10-15 18:44:11.647000,7793654.0,CT0015600,West Haven,Racial Profile,1000699,2500045218,Incident ID,2025-09-25 00:00:00,September,B,N,M,34,True,False,West Haven,Boston Post Road/Farwell Ave,  ,  ,I,G,1.0,0,14-12(a),,False,N,False,False,W,,,,,False,1.0,CT0015600,134050418445275069,2025-09-25 01:56:19.460000,01:56:19.460000,2025,14-12(a),,Registration,2025
2025-10-15 18:44:11.160000,7793498.0,CT0015600,West Haven,Racial Profile,1000615,2500045529,Incident ID,2025-09-26 00:00:00,September,W,H,M,17,True,False,WEST HAVEN,111 elm street ,  ,  ,V,G,1.0,0,14-12(a)*,,False,N,False,False,I,,,,,False,1.0,CT0015600,134050418445275069,2025-09-26 18:42:55.440000,18:42:55.440000,2025,14-36(a),,Registration,2025
2025-10-15 18:44:11.213000,7793518.0,CT0015600,West Haven,Racial Profile,1000616,2500045371,Incident ID,2025-09-26 00:00:00,September,W,H,F,45,True,True,West Haven,Admiral St,  ,  ,V,G,1.0,0,14-236,,False,N,False,False,V,,,,,False,1.0,CT0015600,134050418445275069,2025-09-26 00:43:10.717000,00:43:10.717000,2025,,,Moving Violation,2025
2025-10-15 18:44:11.573000,7793629.0,CT0015600,West Haven,Racial Profile,1000688,2500045390,Incident ID,2025-09-26 00:00:00,September,B,N,F,22,False,False,West Haven,derby/morris,  ,  ,V,B,1.0,0,14-219,,False,N,False,False,V,,,,,False,1.0,CT0015600,134050418445275069,2025-09-26 02:00:48.303000,02:00:48.303000,2025,14-219,,Speed Related,2025
2025-10-15 18:44:11.583000,7793632.0,CT0015600,West Haven,Racial Profile,1000688,2500045396,Incident ID,2025-09-26 00:00:00,September,W,N,M,55,True,False,West Haven,derby/morris,  ,  ,V,B,1.0,0,14-219,,False,N,False,False,V,,,,,False,1.0,CT0015600,134050418445275069,2025-09-26 02:45:32.480000,02:45:32.480000,2025,14-219,,Speed Related,2025
2025-10-15 18:44:11.587000,7793633.0,CT0015600,West Haven,Racial Profile,1000688,2500045398,Incident ID,2025-09-26 00:00:00,September,W,H,F,41,False,False,West Haven,DERBY/MORRIS,  ,  ,I,B,1.0,0,14-219,,False,N,False,False,V,,,,,False,1.0,CT0015600,134050418445275069,2025-09-26 03:01:30.040000,03:01:30.040000,2025,14-219,,Speed Related,2025
2025-10-15 18:44:11.653000,7793656.0,CT0015600,West Haven,Racial Profile,1000699,2500045391,Incident ID,2025-09-26 00:00:00,September,A,N,M,28,True,False,West Haven,Derby Ave/Morris st,  ,  ,V,B,1.0,0,14-219,,False,N,False,False,V,,,,,False,1.0,CT0015600,134050418445275069,2025-09-26 02:06:19.537000,02:06:19.537000,2025,14-219,,Speed Related,2025
2025-10-15 18:44:11.653000,7793657.0,CT0015600,West Haven,Racial Profile,1000699,2500045393,Incident ID,2025-09-26 00:00:00,September,B,N,M,51,True,False,West Haven,derby ave/morris st,  ,  ,V,G,1.0,0,14-219,,False,N,False,False,V,,,,,False,1.0,CT0015600,134050418445275069,2025-09-26 02:25:20.993000,02:25:20.993000,2025,14-219,,Speed Related,2025
2025-10-15 18:44:11.657000,7793658.0,CT0015600,West Haven,Racial Profile,1000699,2500045397,Incident ID,2025-09-26 00:00:00,September,B,N,M,29,True,True,West Haven,Derby Ave/Morris Ave,  ,  ,V,G,1.0,0,14-219,,False,N,False,False,V,,,,,False,1.0,CT0015600,134050418445275069,2025-09-26 02:52:06.210000,02:52:06.210000,2025,14-219,,Speed Related,2025
2025-10-15 18:44:11.580000,7793631.0,CT0015600,West Haven,Racial Profile,1000688,2500045394,Incident ID,2025-09-26 00:00:00,September,B,N,M,38,True,False,West Haven,derby/morris,  ,  ,I,B,1.0,0,14-219,,False,N,False,False,V,,,,,False,1.0,CT0015600,134050418445275069,2025-09-26 02:34:02.970000,02:34:02.970000,2025,14-219,,Speed Related,2025
2025-10-15 18:44:11.650000,7793655.0,CT0015600,West Haven,Racial Profile,1000699,2500045388,Incident ID,2025-09-26 00:00:00,September,W,H,M,26,True,False,West Haven,Derby Ave/Morris St,  ,  ,V,B,1.0,0,14-219,,False,N,False,False,V,,,,,False,1.0,CT0015600,134050418445275069,2025-09-26 01:59:10.140000,01:59:10.140000,2025,14-219,,Speed Related,2025
2025-10-15 18:44:11.160000,7793497.0,CT0015600,West Haven,Racial Profile,1000615,2500045526,Incident ID,2025-09-26 00:00:00,September,W,N,F,37,True,True,West Haven,elm/washingotn ,  ,  ,V,G,1.0,0,14-18(c),,False,N,False,False,V,,,,,False,1.0,CT0015600,134050418445275069,2025-09-26 18:33:18.383000,18:33:18.383000,2025,14-18(c),,Display of Plates,2025
2025-10-15 18:44:11.217000,7793519.0,CT0015600,West Haven,Racial Profile,1000616,2500045395,Incident ID,2025-09-26 00:00:00,September,W,N,F,54,True,False,West Haven,Derby Ave ,  ,  ,V,S,1.0,1,14-219,,False,N,False,False,V,,,,,False,1.0,CT0015600,134050418445275069,2025-09-26 02:42:14.783000,02:42:14.783000,2025,,,Speed Related,2025
2025-10-15 18:44:11.383000,7793573.0,CT0015600,West Haven,Racial Profile,1000661,2500045550,Incident ID,2025-09-26 00:00:00,September,W,N,M,38,True,True,West Haven,Samill Rd/ Hilcrest ace,  ,  ,V,G,1.0,0,14-12(a),,False,N,False,False,V,,,,,False,1.0,CT0015600,134050418445275069,2025-09-26 21:05:57.810000,21:05:57.810000,2025,14-12(a),,Registration,2025
2025-10-15 18:44:11.577000,7793630.0,CT0015600,West Haven,Racial Profile,1000688,2500045392,Incident ID,2025-09-26 00:00:00,September,B,N,F,30,True,False,West Haven,derby/morris,  ,  ,I,B,1.0,0,14-219,,False,N,False,False,V,,,,,False,1.0,CT0015600,134050418445275069,2025-09-26 02:22:21.243000,02:22:21.243000,2025,14-219,,Speed Related,2025
2025-10-15 18:44:11.280000,7793541.0,CT0015600,West Haven,Racial Profile,1000636,2500045595,Incident ID,2025-09-27 00:00:00,September,B,N,M,23,True,False,West Haven,derby/ forest,  ,  ,I,G,1.0,0,14-12(a),,False,N,False,False,V,,,,,False,1.0,CT0015600,134050418445275069,2025-09-27 00:41:36.643000,00:41:36.643000,2025,,,Registration,2025
2025-10-15 18:44:11.403000,7793577.0,CT0015600,West Haven,Racial Profile,1000662,2500045720,Incident ID,2025-09-27 00:00:00,September,B,N,M,18,True,False,West Haven,Wood / First Ave.,  ,  ,V,G,2.0,0,14-219,,False,N,False,False,I,,,,,False,1.0,CT0015600,134050418445275069,2025-09-27 19:50:24.470000,19:50:24.470000,2025,14-219,,Speed Related,2025
2025-10-15 18:44:10.917000,7793426.0,CT0015600,West Haven,Racial Profile,1000529,2500045596,Incident ID,2025-09-27 00:00:00,September,B,N,F,46,True,True,WEST HAVEN,campbell/elm,  ,  ,V,G,1.0,0,14-299,,False,N,False,False,V,,,,,False,1.0,CT0015600,134050418445275069,2025-09-27 00:45:37.730000,00:45:37.730000,2025,,,Traffic Control Signal,2025
2025-10-15 18:44:11.660000,7793659.0,CT0015600,West Haven,Racial Profile,1000699,2500045608,Incident ID,2025-09-27 00:00:00,September,B,N,M,25,True,True,West Haven,Washington Ave/Elm St,  ,  ,V,G,1.0,0,14-299,,False,N,False,False,V,,,,,False,1.0,CT0015600,134050418445275069,2025-09-27 02:40:49.647000,02:40:49.647000,2025,14-299,,Traffic Control Signal,2025
2025-10-15 18:44:11.167000,7793500.0,CT0015600,West Haven,Racial Profile,1000615,2500045672,Incident ID,2025-09-27 00:00:00,September,B,N,M,35,True,True,West Haven,woodmont/northrop ,  ,  ,V,G,1.0,0,14-301,,False,N,False,False,V,,,,,False,1.0,CT0015600,134050418445275069,2025-09-27 13:42:35.910000,13:42:35.910000,2025,14-301,,Stop Sign,2025
2025-10-15 18:44:11.587000,7793634.0,CT0015600,West Haven,Racial Profile,1000688,2500045604,Incident ID,2025-09-27 00:00:00,September,W,N,M,34,True,True,West Haven,first/maple,  ,  ,V,G,1.0,0,14-299,,False,N,False,False,V,,,,,False,1.0,CT0015600,134050418445275069,2025-09-27 01:36:20.320000,01:36:20.320000,2025,14-299,,Traffic Control Signal,2025
2025-10-15 18:44:11.163000,7793499.0,CT0015600,West Haven,Racial Profile,1000615,2500045641,Incident ID,2025-09-27 00:00:00,September,W,H,F,25,True,True,WEST HAVEN,saw mill/hillcrest,  ,  ,V,G,1.0,0,14-12(a)*,,False,N,False,False,I,,,,,False,1.0,CT0015600,134050418445275069,2025-09-27 09:30:32.687000,09:30:32.687000,2025,,,Registration,2025
2025-10-15 18:44:11.530000,7793613.0,CT0015600,West Haven,Racial Profile,1000687,2500045782,Incident ID,2025-09-28 00:00:00,September,B,N,M,62,True,True,West Haven,York/Collis,  ,  ,E,G,1.0,0,14-96A,,False,N,False,False,V,,,,,False,1.0,CT0015600,134050418445275069,2025-09-28 03:49:43.380000,03:49:43.380000,2025,14-96a(a),,Defective Lights,2025
2025-10-15 18:44:10.763000,7793365.0,CT0015600,West Haven,Racial Profile,1155,2500045863,Incident ID,2025-09-28 00:00:00,September,W,M,M,44,True,True,WEST HAVEN,Boston Post Rd/ Meloy Road,  ,  ,V,G,1.0,0,14-299,,False,N,False,False,I,,,,,False,1.0,CT0015600,134050418445275069,2025-09-28 19:05:09.933000,19:05:09.933000,2025,,,Traffic Control Signal,2025
2025-10-15 18:44:10.847000,7793397.0,CT0015600,West Haven,Racial Profile,1000331,2500045965,Incident ID,2025-09-29 00:00:00,September,W,N,M,45,True,False,West Haven,Kelsey Ave X Circle Street,  ,  ,V,G,1.0,0,14-219,,False,N,False,False,W,,,,,False,1.0,CT0015600,134050418445275069,2025-09-29 09:31:51.650000,09:31:51.650000,2025,,,Speed Related,2025
2025-10-15 18:44:11.533000,7793614.0,CT0015600,West Haven,Racial Profile,1000687,2500045903,Incident ID,2025-09-29 00:00:00,September,W,H,M,19,True,True,West Haven,Island lane/benham Hill.,  ,  ,V,G,1.0,0,14-299,,False,N,False,False,V,,,,,False,1.0,CT0015600,134050418445275069,2025-09-29 00:53:16.460000,00:53:16.460000,2025,14-299,,Traffic Control Signal,2025
2025-10-15 18:44:11.283000,7793542.0,CT0015600,West Haven,Racial Profile,1000636,2500045909,Incident ID,2025-09-29 00:00:00,September,B,N,M,34,True,False,West Haven,derby/ forest,  ,  ,I,G,1.0,0,14-12(a),,False,N,False,False,V,,,,,False,1.0,CT0015600,134050418445275069,2025-09-29 01:12:05.860000,01:12:05.860000,2025,,,Registration,2025
2025-10-15 18:44:11.660000,7793660.0,CT0015600,West Haven,Racial Profile,1000699,2500045918,Incident ID,2025-09-29 00:00:00,September,W,H,M,61,True,True,West Haven,West Spring St/Greta St,  ,  ,V,G,1.0,0,14-301,,False,N,False,False,V,,,,,False,1.0,CT0015600,134050418445275069,2025-09-29 02:50:07.407000,02:50:07.407000,2025,14-301,,Stop Sign,2025
2025-10-15 18:44:10.847000,7793398.0,CT0015600,West Haven,Racial Profile,1000331,2500046192,Incident ID,2025-09-30 00:00:00,September,A,N,F,60,True,False,West Haven,Kelsey Ave X Circle St,  ,  ,V,G,1.0,0,14-219,,False,N,False,False,V,,,,,False,1.0,CT0015600,134050418445275069,2025-09-30 12:37:27.180000,12:37:27.180000,2025,,,Speed Related,2025
2025-10-15 18:44:11.177000,7793504.0,CT0015600,West Haven,Racial Profile,1000615,2500046270,Incident ID,2025-09-30 00:00:00,September,W,H,M,50,True,True,WEST HAVEN,936 BOSTON POST RD ,  ,  ,V,G,1.0,0,14-18(c),,False,N,False,False,V,,,,,False,1.0,CT0015600,134050418445275069,2025-09-30 20:28:32.797000,20:28:32.797000,2025,14-18(c),,Display of Plates,2025
2025-10-15 18:44:10.983000,7793442.0,CT0015600,West Haven,Racial Profile,1000549,2500046100,Incident ID,2025-09-30 00:00:00,September,W,H,M,34,True,True,West Haven,captain thomas / washington,  ,  ,V,G,1.0,0,14-301,,False,N,False,False,V,,,,,False,1.0,CT0015600,134050418445275069,2025-09-30 00:52:23.713000,00:52:23.713000,2025,,,Stop Sign,2025
2025-10-15 18:44:11.020000,7793454.0,CT0015600,West Haven,Racial Profile,1000592,2500046195,Incident ID,2025-09-30 00:00:00,September,B,N,M,59,True,False,WEST HAVEN,128 WEST SPRING STREET,  ,  ,V,B,2.0,0,14-147,,False,N,False,False,U,,,,,False,1.0,CT0015600,134050418445275069,2025-09-30 13:06:18.160000,13:06:18.160000,2025,14-215(a),,Administrative Offense,2025
2025-10-15 18:44:11.390000,7793575.0,CT0015600,West Haven,Racial Profile,1000661,2500046247,Incident ID,2025-09-30 00:00:00,September,B,N,M,23,True,True,WEST HAVEN,535 Sawmill Rd,  ,  ,V,G,1.0,0,14-12(a),,False,N,False,False,V,,,,,False,1.0,CT0015600,134050418445275069,2025-09-30 17:50:07.440000,17:50:07.440000,2025,14-12(a),,Registration,2025
2025-10-15 18:44:10.803000,7793380.0,CT0015600,West Haven,Racial Profile,1200,2500046277,Incident ID,2025-09-30 00:00:00,September,B,N,F,25,True,True,West Haven,ELM ST & CAMPBELL AVE,  ,  ,V,G,1.0,0,14-231,,False,N,False,False,V,,,,,False,1.0,CT0015600,134050418445275069,2025-09-30 21:02:26.623000,21:02:26.623000,2025,14-36(a),,Moving Violation,2025
2025-10-15 18:44:11.173000,7793502.0,CT0015600,West Haven,Racial Profile,1000615,2500046203,Incident ID,2025-09-30 00:00:00,September,W,H,M,18,True,True,West Haven,boston postr rd/ tuthill ,  ,  ,V,G,1.0,0,14-232,,False,N,False,False,V,,,,,False,1.0,CT0015600,134050418445275069,2025-09-30 13:51:31.170000,13:51:31.170000,2025,14-232,,Moving Violation,2025
2025-10-15 18:44:11.173000,7793503.0,CT0015600,West Haven,Racial Profile,1000615,2500046252,Incident ID,2025-09-30 00:00:00,September,B,N,M,34,True,False,West Haven,Boston Post rd/ wade Street ,  ,  ,V,G,1.0,0,14-18(c),,False,N,False,False,V,,,,,False,1.0,CT0015600,134050418445275069,2025-09-30 18:03:04.460000,18:03:04.460000,2025,14-12(a)*,,Display of Plates,2025
2025-10-15 18:44:10.793000,7793376.0,CT0015600,West Haven,Racial Profile,1197,2500046159,Incident ID,2025-09-30 00:00:00,September,W,N,M,59,True,True,West Haven,Washington Ave & Beach Street,  ,  ,V,G,1.0,0,14-301,,False,N,False,False,V,,,,,False,1.0,CT0015600,134050418445275069,2025-09-30 09:51:10.097000,09:51:10.097000,2025,,,Stop Sign,2025
2025-10-15 18:44:10.860000,7793404.0,CT0015600,West Haven,Racial Profile,1000333,2500046145,Incident ID,2025-09-30 00:00:00,September,W,H,M,28,True,False,West Haven,Saw mill rd & hilcrest,  ,  ,V,G,1.0,0,14-299,,False,N,False,False,V,,,,,False,1.0,CT0015600,134050418445275069,2025-09-30 09:08:53.620000,09:08:53.620000,2025,,,Traffic Control Signal,2025
2025-10-15 18:44:11.073000,7793469.0,CT0015600,West Haven,Racial Profile,1000602,2500046279,Incident ID,2025-09-30 00:00:00,September,W,N,M,26,True,False,West Haven,campbell avenue,  ,  ,V,G,2.0,1,14-147(c),,True,I,False,False,M,,,,,False,1.0,CT0015600,134050418445275069,2025-09-30 21:15:37.417000,21:15:37.417000,2025,38a-371,,Administrative Offense,2025
2025-10-15 18:44:11.170000,7793501.0,CT0015600,West Haven,Racial Profile,1000615,2500046144,Incident ID,2025-09-30 00:00:00,September,B,N,M,26,True,True,West Haven,Forest/Oak ,  ,  ,V,G,1.0,0,14-12(a)*,,False,N,False,False,I,,,,,False,1.0,CT0015600,134050418445275069,2025-09-30 08:55:44.563000,08:55:44.563000,2025,14-18(c),,Registration,2025
2025-10-15 18:44:11.390000,7793574.0,CT0015600,West Haven,Racial Profile,1000661,2500046244,Incident ID,2025-09-30 00:00:00,September,W,N,M,63,True,True,West Haven,Sawmill Rd/ Phillips Terr,  ,  ,V,G,1.0,0,14-296aa(b),,False,N,False,False,V,,,,,False,1.0,CT0015600,134050418445275069,2025-09-30 17:21:46.987000,17:21:46.987000,2025,14-296aa(b),,Cell Phone,2025
2025-10-15 18:44:11.460000,7793595.0,CT0015600,West Haven,Racial Profile,1000673,2500046156,Incident ID,2025-09-30 00:00:00,September,W,N,M,61,True,True,West Haven,Ocean Ave,  ,  ,E,G,2.0,1,14-12a,,True,I,False,False,M,,,,,False,1.0,CT0015600,134050418445275069,2025-09-30 09:43:36.027000,09:43:36.027000,2025,38a-371,,Registration,2025
2025-10-15 18:44:11.600000,7793639.0,CT0015600,West Haven,Racial Profile,1000698,2500046268,Incident ID,2025-09-30 00:00:00,September,W,N,F,35,True,True,West Haven,Brown St / Campbell Ave,  ,  ,V,B,1.0,0,14-96a(a),,False,N,False,False,V,,,,,False,1.0,CT0015600,134050418445275069,2025-09-30 20:23:01.360000,20:23:01.360000,2025,,,Defective Lights,2025
2025-11-15 18:42:15.027000,7890400.0,CT0015600,West Haven,Racial Profile,1000333,2500046378,Incident ID,2025-10-01 00:00:00,October,B,N,F,23,True,False,West Haven,MAIN ST & THIRD AVE,  ,  ,V,G,1.0,0,14-301,,False,N,False,False,W,,,,,False,1.0,CT0015600,134077237316784681,2025-10-01 10:45:01.220000,10:45:01.220000,2025,,,Stop Sign,2025
2025-11-15 18:42:15.030000,7890401.0,CT0015600,West Haven,Racial Profile,1000333,2500046449,Incident ID,2025-10-01 00:00:00,October,B,N,M,56,True,False,West Haven,Saw Mill Rd & Meloy Rd,  ,  ,V,G,1.0,0,14-299,,False,N,False,False,I,,,,,False,1.0,CT0015600,134077237316784681,2025-10-01 17:17:29.257000,17:17:29.257000,2025,,,Traffic Control Signal,2025
2025-11-15 18:42:15.217000,7890478.0,CT0015600,West Haven,Racial Profile,1000637,2500046365,Incident ID,2025-10-01 00:00:00,October,W,N,F,23,False,False,West Haven,Fenwick / Burwell,  ,  ,V,G,1.0,0,14-301,,False,N,False,False,V,,,,,False,1.0,CT0015600,134077237316784681,2025-10-01 09:44:45.443000,09:44:45.443000,2025,,,Stop Sign,2025
2025-11-15 18:42:14.970000,7890382.0,CT0015600,West Haven,Racial Profile,1155,2500046464,Incident ID,2025-10-01 00:00:00,October,W,N,M,55,True,True,West Haven,SWMILL/ AILLINGS CROSSING,  ,  ,V,G,2.0,0,14-236,,False,N,False,False,V,,,,,False,1.0,CT0015600,134077237316784681,2025-10-01 19:49:04.047000,19:49:04.047000,2025,14-299,,Moving Violation,2025
2025-11-15 18:42:15.100000,7890424.0,CT0015600,West Haven,Racial Profile,1000569,2500046629,Incident ID,2025-10-02 00:00:00,October,B,N,F,45,True,True,WEST HAVEN,Cambpell Avenue and Smith Court,  ,  ,V,G,2.0,0,14-300(c),,False,N,False,False,M,,,,,False,1.0,CT0015600,134077237316784681,2025-10-02 17:20:31.937000,17:20:31.937000,2025,14-215,,Other,2025
2025-11-15 18:42:15.230000,7890484.0,CT0015600,West Haven,Racial Profile,1000652,2500046603,Incident ID,2025-10-02 00:00:00,October,W,N,M,28,True,True,WEST HAVEN,Meloy Rd/ Medford ,  ,  ,V,G,1.0,0,14-12(a)*,,False,N,False,False,I,,,,,False,1.0,CT0015600,134077237316784681,2025-10-02 13:44:57.940000,13:44:57.940000,2025,14-12(a)*,,Registration,2025
2025-11-15 18:42:15.330000,7890525.0,CT0015600,West Haven,Racial Profile,1000688,2500046523,Incident ID,2025-10-02 00:00:00,October,A,N,M,28,True,True,West Haven,derby.forest,  ,  ,I,B,1.0,0,14-219,,False,N,False,False,V,,,,,False,1.0,CT0015600,134077237316784681,2025-10-02 02:05:46.710000,02:05:46.710000,2025,14-219,,Speed Related,2025
2025-11-15 18:42:15.090000,7890420.0,CT0015600,West Haven,Racial Profile,1000549,2500046526,Incident ID,2025-10-02 00:00:00,October,W,N,M,31,True,False,West Haven,DERBY / FOREST,  ,  ,V,G,1.0,0,14-219B,,False,N,False,False,V,,,,,False,1.0,CT0015600,134077237316784681,2025-10-02 02:14:31.497000,02:14:31.497000,2025,,,Speed Related,2025
2025-11-15 18:42:15.353000,7890534.0,CT0015600,West Haven,Racial Profile,1000699,2500046521,Incident ID,2025-10-02 00:00:00,October,W,N,M,35,True,False,West Haven,Derby Ave/Forest Rd,  ,  ,V,G,1.0,0,14-219,,False,N,False,False,V,,,,,False,1.0,CT0015600,134077237316784681,2025-10-02 02:02:12.080000,02:02:12.080000,2025,14-219,,Speed Related,2025
2025-11-15 18:42:14.993000,7890390.0,CT0015600,West Haven,Racial Profile,1165,2500046661,Incident ID,2025-10-02 00:00:00,October,W,N,M,33,True,False,West Haven,Forest & Bristol,  ,  ,E,G,1.0,0,14-96a(a),,False,N,False,False,V,,,,,False,1.0,CT0015600,134077237316784681,2025-10-02 20:53:36.947000,20:53:36.947000,2025,14-96a(a),,Defective Lights,2025
2025-11-15 18:42:15.320000,7890522.0,CT0015600,West Haven,Racial Profile,1000688,2500046513,Incident ID,2025-10-02 00:00:00,October,B,N,M,42,True,False,West Haven,derby/morris,  ,  ,V,B,1.0,0,14-219,,False,N,False,False,V,,,,,False,1.0,CT0015600,134077237316784681,2025-10-02 01:24:26.180000,01:24:26.180000,2025,14-219,,Speed Related,2025
2025-11-15 18:42:15.187000,7890464.0,CT0015600,West Haven,Racial Profile,1000615,2500046617,Incident ID,2025-10-02 00:00:00,October,W,H,M,42,True,False,West Haven,273 saw mill rd,  ,  ,V,G,3.0,1,14-12(a),,False,N,False,True,U,,,,,False,1.0,CT0015600,134077237316784681,2025-10-02 16:28:42.700000,16:28:42.700000,2025,,,Registration,2025
2025-11-15 18:42:15.200000,7890471.0,CT0015600,West Haven,Racial Profile,1000616,2500046520,Incident ID,2025-10-02 00:00:00,October,W,N,F,22,False,False,West Haven,Derby Avenue,  ,  ,V,S,1.0,0,14-219,,False,N,False,False,V,,,,,False,1.0,CT0015600,134077237316784681,2025-10-02 02:01:30.630000,02:01:30.630000,2025,,,Speed Related,2025
2025-11-15 18:42:15.353000,7890533.0,CT0015600,West Haven,Racial Profile,1000699,2500046518,Incident ID,2025-10-02 00:00:00,October,B,N,F,30,True,True,West Haven,derby ave/morris ave,  ,  ,V,G,1.0,0,14-219,,False,N,False,False,V,,,,,False,1.0,CT0015600,134077237316784681,2025-10-02 01:53:57.607000,01:53:57.607000,2025,14-219,,Speed Related,2025
2025-11-15 18:42:15.357000,7890535.0,CT0015600,West Haven,Racial Profile,1000699,2500046524,Incident ID,2025-10-02 00:00:00,October,W,H,M,65,True,False,West Haven,Derby Ave/Forrest rd,  ,  ,V,G,1.0,0,14-219,,False,N,False,False,V,,,,,False,1.0,CT0015600,134077237316784681,2025-10-02 02:13:20.277000,02:13:20.277000,2025,14-219,,Speed Related,2025
2025-11-15 18:42:15.327000,7890524.0,CT0015600,West Haven,Racial Profile,1000688,2500046516,Incident ID,2025-10-02 00:00:00,October,W,H,F,34,True,False,West Haven,derby/morris,  ,  ,V,B,1.0,0,14-219,,False,N,False,False,V,,,,,False,1.0,CT0015600,134077237316784681,2025-10-02 01:43:48.897000,01:43:48.897000,2025,14-219,,Speed Related,2025
2025-11-15 18:42:15.350000,7890531.0,CT0015600,West Haven,Racial Profile,1000699,2500046511,Incident ID,2025-10-02 00:00:00,October,B,N,M,29,True,False,West Haven,Derby Ave/Forest Rd,  ,  ,V,G,1.0,0,14-219,,False,N,False,False,V,,,,,False,1.0,CT0015600,134077237316784681,2025-10-02 01:22:59.800000,01:22:59.800000,2025,14-219,,Speed Related,2025
2025-11-15 18:42:15.127000,7890436.0,CT0015600,West Haven,Racial Profile,1000602,2500046645,Incident ID,2025-10-02 00:00:00,October,W,N,F,48,True,False,West Haven,campbell avenue,  ,  ,V,G,2.0,1,14-147(c),,True,I,False,False,M,,,,,False,1.0,CT0015600,134077237316784681,2025-10-02 19:07:08.500000,19:07:08.500000,2025,38a-371,,Administrative Offense,2025
2025-11-15 18:42:15.130000,7890437.0,CT0015600,West Haven,Racial Profile,1000602,2500046675,Incident ID,2025-10-02 00:00:00,October,B,N,M,34,True,False,West Haven,spring street,  ,  ,V,G,3.0,1,14-147(c),,True,I,True,False,M,,,,,False,1.0,CT0015600,134077237316784681,2025-10-02 21:59:01.930000,21:59:01.930000,2025,14-215a,,Administrative Offense,2025
2025-11-15 18:42:15.187000,7890465.0,CT0015600,West Haven,Racial Profile,1000615,2500046673,Incident ID,2025-10-02 00:00:00,October,B,N,M,39,True,False,West Haven,Elm/Wagner ,  ,  ,V,G,1.0,0,14-299,,False,N,False,False,V,,,,,False,1.0,CT0015600,134077237316784681,2025-10-02 21:48:48.217000,21:48:48.217000,2025,14-299,,Traffic Control Signal,2025
2025-11-15 18:42:15.323000,7890523.0,CT0015600,West Haven,Racial Profile,1000688,2500046515,Incident ID,2025-10-02 00:00:00,October,W,H,M,46,True,False,West Haven,derby/morris,  ,  ,V,B,1.0,0,14-219,,False,N,False,False,V,,,,,False,1.0,CT0015600,134077237316784681,2025-10-02 01:35:35.957000,01:35:35.957000,2025,14-219,,Speed Related,2025
2025-11-15 18:42:15.333000,7890526.0,CT0015600,West Haven,Racial Profile,1000688,2500046525,Incident ID,2025-10-02 00:00:00,October,W,N,M,75,True,False,West Haven,derby.forest,  ,  ,I,B,1.0,0,14-219,,False,N,False,False,V,,,,,False,1.0,CT0015600,134077237316784681,2025-10-02 02:13:52.563000,02:13:52.563000,2025,14-219,,Speed Related,2025
2025-11-15 18:42:15.350000,7890532.0,CT0015600,West Haven,Racial Profile,1000699,2500046514,Incident ID,2025-10-02 00:00:00,October,W,N,M,95,True,True,West Haven,derbyforest,  ,  ,V,G,1.0,0,14-219,,False,N,False,False,V,,,,,False,1.0,CT0015600,134077237316784681,2025-10-02 01:35:03.497000,01:35:03.497000,2025,14-219,,Speed Related,2025
2025-11-15 18:42:15.360000,7890536.0,CT0015600,West Haven,Racial Profile,1000699,2500046528,Incident ID,2025-10-02 00:00:00,October,B,N,M,57,True,False,WEST HAVEN,Meloy Rd/Medford Rd,  ,  ,V,G,1.0,0,14-299,,False,N,False,False,V,,,,,False,1.0,CT0015600,134077237316784681,2025-10-02 02:25:36.517000,02:25:36.517000,2025,14-219,,Traffic Control Signal,2025
2025-11-15 18:42:15.050000,7890410.0,CT0015600,West Haven,Racial Profile,1000539,2500046760,Incident ID,2025-10-03 00:00:00,October,W,N,F,53,True,True,West Haven,kelsey/circle,  ,  ,V,G,1.0,0,14-301,,False,N,False,False,V,,,,,False,1.0,CT0015600,134077237316784681,2025-10-03 10:01:31.827000,10:01:31.827000,2025,14-296aa(b),,Stop Sign,2025
2025-11-15 18:42:15.053000,7890411.0,CT0015600,West Haven,Racial Profile,1000539,2500046769,Incident ID,2025-10-03 00:00:00,October,W,H,F,20,True,True,West Haven,kelsey/bassett,  ,  ,V,G,1.0,0,14-301,,False,N,False,False,V,,,,,False,1.0,CT0015600,134077237316784681,2025-10-03 10:44:14.473000,10:44:14.473000,2025,,,Stop Sign,2025
2025-11-15 18:42:15.133000,7890439.0,CT0015600,West Haven,Racial Profile,1000602,2500046870,Incident ID,2025-10-03 00:00:00,October,B,N,F,38,True,False,West Haven,spring street,  ,  ,V,G,1.0,1,14-12(a)*,,True,I,True,True,U,,,,,False,1.0,CT0015600,134077237316784681,2025-10-03 21:48:03.683000,21:48:03.683000,2025,21a-279(a)(1),,Registration,2025
2025-11-15 18:42:15.207000,7890474.0,CT0015600,West Haven,Racial Profile,1000626,2500046786,Incident ID,2025-10-03 00:00:00,October,W,N,M,39,True,False,West Haven,20 BAKER STREET,  ,  ,V,G,1.0,0,14-236,,False,N,False,False,V,,,,,False,1.0,CT0015600,134077237316784681,2025-10-03 12:30:01.870000,12:30:01.870000,2025,14-236,,Moving Violation,2025
2025-11-15 18:42:15.217000,7890479.0,CT0015600,West Haven,Racial Profile,1000637,2500046776,Incident ID,2025-10-03 00:00:00,October,B,N,M,30,True,True,West Haven,lydia street,  ,  ,V,G,2.0,1,14-147c,,True,I,False,False,M,,,,,False,1.0,CT0015600,134077237316784681,2025-10-03 11:13:03.970000,11:13:03.970000,2025,38a-371,,Administrative Offense,2025
2025-11-15 18:42:15,7890393.0,CT0015600,West Haven,Racial Profile,1189,2500046755,Incident ID,2025-10-03 00:00:00,October,W,H,F,37,True,False,West Haven,captain thomas/oak ,  ,  ,E,G,1.0,0,14-99g,,False,N,False,False,V,,,,,False,1.0,CT0015600,134077237316784681,2025-10-03 09:05:32.987000,09:05:32.987000,2025,14-99g,,Window Tint,2025
2025-11-15 18:42:15.133000,7890438.0,CT0015600,West Haven,Racial Profile,1000602,2500046861,Incident ID,2025-10-03 00:00:00,October,B,N,M,46,True,False,West Haven,spring street,  ,  ,V,G,1.0,0,14-12(a)*,,False,N,False,False,V,,,,,False,1.0,CT0015600,134077237316784681,2025-10-03 21:06:08.183000,21:06:08.183000,2025,,,Registration,2025
2025-11-15 18:42:15.230000,7890485.0,CT0015600,West Haven,Racial Profile,1000652,2500046945,Incident ID,2025-10-04 00:00:00,October,W,H,M,26,True,False,WEST HAVEN,Hilton Drive/ Saw Mill Rd,  ,  ,V,G,1.0,0,14-18(a),,False,N,False,False,V,,,,,False,1.0,CT0015600,134077237316784681,2025-10-04 09:08:24.387000,09:08:24.387000,2025,14-13,,Display of Plates,2025
2025-11-15 18:42:15.360000,7890537.0,CT0015600,West Haven,Racial Profile,1000699,2500046911,Incident ID,2025-10-04 00:00:00,October,B,N,F,42,True,False,West Haven,captain thomas blvd/campbell ave,  ,  ,I,G,1.0,0,14-215,,False,N,False,False,V,,,,,False,1.0,CT0015600,134077237316784681,2025-10-04 02:26:09.973000,02:26:09.973000,2025,14-215,,Administrative Offense,2025
2025-11-15 18:42:15.237000,7890487.0,CT0015600,West Haven,Racial Profile,1000658,2500046948,Incident ID,2025-10-04 00:00:00,October,W,H,M,47,True,False,West Haven,elm st,  ,  ,V,G,3.0,1,14-12(a)*,,False,N,False,False,I,,,,,False,1.0,CT0015600,134077237316784681,2025-10-04 09:25:04.937000,09:25:04.937000,2025,,,Registration,2025
2025-11-15 18:42:15.340000,7890528.0,CT0015600,West Haven,Racial Profile,1000698,2500047010,Incident ID,2025-10-04 00:00:00,October,B,N,M,22,True,True,West Haven,Fairfax St/Ogden St,  ,  ,V,B,2.0,1,14-18(c),,True,I,False,True,M,,,,,False,1.0,CT0015600,134077237316784681,2025-10-04 18:12:51.440000,18:12:51.440000,2025,,,Display of Plates,2025
2025-11-15 18:42:15.233000,7890486.0,CT0015600,West Haven,Racial Profile,1000652,2500046978,Incident ID,2025-10-04 00:00:00,October,B,N,F,38,True,False,WEST HAVEN,Hilton Drive/ Saw Mill Rd,  ,  ,V,G,1.0,0,14-232(b),,False,N,False,False,I,,,,,False,1.0,CT0015600,134077237316784681,2025-10-04 13:46:28.340000,13:46:28.340000,2025,14-232(b),,Moving Violation,2025
2025-11-15 18:42:15.317000,7890520.0,CT0015600,West Haven,Racial Profile,1000687,2500046904,Incident ID,2025-10-04 00:00:00,October,W,N,M,20,True,False,West Haven,Forest/Derby ave.,  ,  ,V,G,1.0,0,14-299,,False,N,False,False,V,,,,,False,1.0,CT0015600,134077237316784681,2025-10-04 01:56:48.547000,01:56:48.547000,2025,14-299,,Traffic Control Signal,2025
2025-11-15 18:42:14.970000,7890381.0,CT0015600,West Haven,Racial Profile,1135,2500047033,Incident ID,2025-10-04 00:00:00,October,W,M,M,24,True,True,West Haven,Main & Wagner,  ,  ,V,G,1.0,0,14-299,,False,N,False,False,V,,,,,False,1.0,CT0015600,134077237316784681,2025-10-04 20:27:33.343000,20:27:33.343000,2025,14-299,,Traffic Control Signal,2025
2025-11-15 18:42:15.043000,7890407.0,CT0015600,West Haven,Racial Profile,1000465,2500047104,Incident ID,2025-10-05 00:00:00,October,B,N,F,27,True,False,West Haven,Meloy / Saw Mill,  ,  ,V,G,3.0,0,14-147(a),,True,I,True,False,M,,,,,False,1.0,CT0015600,134077237316784681,2025-10-05 09:42:49.253000,09:42:49.253000,2025,38a-371,,Administrative Offense,2025
2025-11-15 18:42:15.047000,7890408.0,CT0015600,West Haven,Racial Profile,1000517,2500047162,Incident ID,2025-10-05 00:00:00,October,W,H,M,58,True,False,West Haven,capt. thomas blvd / kelsey ave,  ,  ,V,G,2.0,0,14-299,,False,N,False,False,I,,,,,False,1.0,CT0015600,134077237316784681,2025-10-05 19:56:35.070000,19:56:35.070000,2025,,,Traffic Control Signal,2025
2025-11-15 18:42:15.237000,7890488.0,CT0015600,West Haven,Racial Profile,1000658,2500047110,Incident ID,2025-10-05 00:00:00,October,W,N,M,39,True,False,West Haven,center st,  ,  ,V,G,1.0,0,14-12(a)*,,False,N,False,False,V,,,,,False,1.0,CT0015600,134077237316784681,2025-10-05 11:36:39.493000,11:36:39.493000,2025,,,Registration,2025
2025-11-15 18:42:15.210000,7890475.0,CT0015600,West Haven,Racial Profile,1000626,2500047286,Incident ID,2025-10-06 00:00:00,October,W,H,F,23,True,False,West Haven,FOREST ROAD/ ORANGE TERRACE,  ,  ,V,G,1.0,1,14-147,,False,N,False,True,M,,,,,False,1.0,CT0015600,134077237316784681,2025-10-06 13:33:11.257000,13:33:11.257000,2025,38a-371,,Administrative Offense,2025
2025-11-15 18:42:15.240000,7890489.0,CT0015600,West Haven,Racial Profile,1000658,2500047320,Incident ID,2025-10-06 00:00:00,October,W,H,M,25,True,False,WEST HAVEN,SPRING ST,  ,  ,V,G,1.0,0,14-12(a)*,,False,N,False,False,V,,,,,False,1.0,CT0015600,134077237316784681,2025-10-06 17:56:44.323000,17:56:44.323000,2025,,,Registration,2025
2025-11-15 18:42:15.240000,7890490.0,CT0015600,West Haven,Racial Profile,1000661,2500047330,Incident ID,2025-10-06 00:00:00,October,A,N,F,30,True,True,WEST HAVEN,340 Sawmil Rd,  ,  ,V,G,1.0,0,14-12(a),,False,N,False,False,V,,,,,False,1.0,CT0015600,134077237316784681,2025-10-06 18:35:37.087000,18:35:37.087000,2025,14-12(a),,Registration,2025
2025-11-15 18:42:15.310000,7890517.0,CT0015600,West Haven,Racial Profile,1000675,2500047206,Incident ID,2025-10-06 00:00:00,October,B,N,M,59,True,True,WEST HAVEN,elm/ kimberly,  ,  ,V,G,1.0,0,14-12(a)*,,False,N,False,False,V,,,,,False,1.0,CT0015600,134077237316784681,2025-10-06 01:41:27.813000,01:41:27.813000,2025,,,Registration,2025
2025-11-15 18:42:15.340000,7890529.0,CT0015600,West Haven,Racial Profile,1000698,2500047327,Incident ID,2025-10-06 00:00:00,October,W,H,M,43,True,False,West Haven,Boston Post Rd/Fairfax St,  ,  ,E,B,1.0,0,14-18(c),,False,N,False,False,V,,,,,False,1.0,CT0015600,134077237316784681,2025-10-06 18:28:31.940000,18:28:31.940000,2025,,,Display of Plates,2025
2025-11-15 18:42:15.023000,7890399.0,CT0015600,West Haven,Racial Profile,1202,2500047376,Incident ID,2025-10-07 00:00:00,October,W,H,F,33,True,True,West Haven,campbell/capt thomas,  ,  ,V,G,3.0,1,14-237,,True,I,False,True,M,,,,,False,1.0,CT0015600,134077237316784681,2025-10-07 00:35:55.210000,00:35:55.210000,2025,14-227a,,Moving Violation,2025
2025-11-15 18:42:15.220000,7890480.0,CT0015600,West Haven,Racial Profile,1000637,2500047699,Incident ID,2025-10-08 00:00:00,October,B,N,M,34,True,True,WEST HAVEN,Boston Post Road/rockview,  ,  ,V,G,2.0,1,14-247c,,False,N,False,False,M,,,,,False,1.0,CT0015600,134077237316784681,2025-10-08 18:41:57.597000,18:41:57.597000,2025,38a-371,,Moving Violation,2025
2025-11-15 18:42:15.057000,7890412.0,CT0015600,West Haven,Racial Profile,1000539,2500047630,Incident ID,2025-10-08 00:00:00,October,B,N,F,62,True,False,West Haven,boston post road/wade street,  ,  ,V,G,2.0,1,14-12(a)*,,True,I,False,False,M,,,,,False,1.0,CT0015600,134077237316784681,2025-10-08 11:55:43.120000,11:55:43.120000,2025,38a-371,,Registration,2025
2025-11-15 18:42:15.060000,7890413.0,CT0015600,West Haven,Racial Profile,1000539,2500047651,Incident ID,2025-10-08 00:00:00,October,W,N,M,21,True,True,West Haven,boston post/prudden,  ,  ,V,G,1.0,0,14-296aa(b),,False,N,False,False,V,,,,,False,1.0,CT0015600,134077237316784681,2025-10-08 13:40:27.280000,13:40:27.280000,2025,,,Cell Phone,2025
2025-11-15 18:42:15.087000,7890419.0,CT0015600,West Haven,Racial Profile,1000548,2500047675,Incident ID,2025-10-08 00:00:00,October,W,M,M,27,True,True,West Haven,Allings Crossing/Saw Mill Road,  ,  ,I,G,1.0,0,16-299,,False,N,False,False,V,,,,,False,1.0,CT0015600,134077237316784681,2025-10-08 15:58:56.630000,15:58:56.630000,2025,16-299,,Other,2025
2025-11-15 18:42:15.030000,7890402.0,CT0015600,West Haven,Racial Profile,1000333,2500047799,Incident ID,2025-10-09 00:00:00,October,W,N,M,52,True,True,West Haven,Saw Mill Rd & Hilcrest ,  ,  ,V,G,1.0,0,14-299,,False,N,False,False,V,,,,,False,1.0,CT0015600,134077237316784681,2025-10-09 10:00:08.123000,10:00:08.123000,2025,,,Traffic Control Signal,2025
2025-11-15 18:42:15.120000,7890433.0,CT0015600,West Haven,Racial Profile,1000600,2500047832,Incident ID,2025-10-09 00:00:00,October,W,H,M,44,True,False,WEST HAVEN,169 Lamson Street ,  ,  ,V,G,1.0,0,14-239(a),,False,N,False,False,V,,,,,False,1.0,CT0015600,134077237316784681,2025-10-09 14:07:39.233000,14:07:39.233000,2025,,,Moving Violation,2025
2025-11-15 18:42:15.003000,7890394.0,CT0015600,West Haven,Racial Profile,1200,2500047835,Incident ID,2025-10-09 00:00:00,October,W,H,M,19,True,True,West Haven,elm st & ward pl,  ,  ,V,G,1.0,0,14-247,,False,N,False,False,V,,,,,False,1.0,CT0015600,134077237316784681,2025-10-09 14:39:55.580000,14:39:55.580000,2025,,,Moving Violation,2025
2025-11-15 18:42:15.183000,7890462.0,CT0015600,West Haven,Racial Profile,1000614,2500047839,Incident ID,2025-10-09 00:00:00,October,W,N,F,36,True,True,West Haven,353 jones hill road,  ,  ,V,G,1.0,0,14-299,,False,N,False,False,V,,,,,False,1.0,CT0015600,134077237316784681,2025-10-09 15:20:11.570000,15:20:11.570000,2025,,,Traffic Control Signal,2025
2025-11-15 18:42:15.060000,7890414.0,CT0015600,West Haven,Racial Profile,1000539,2500047983,Incident ID,2025-10-10 00:00:00,October,W,H,F,20,True,True,West Haven,savin/church,  ,  ,V,G,1.0,0,14-301,,False,N,False,False,I,,,,,False,1.0,CT0015600,134077237316784681,2025-10-10 11:03:04.477000,11:03:04.477000,2025,,,Stop Sign,2025
2025-11-15 18:42:15.190000,7890466.0,CT0015600,West Haven,Racial Profile,1000615,2500048050,Incident ID,2025-10-10 00:00:00,October,B,N,F,20,True,False,West Haven,Washington/ Main ,  ,  ,V,G,1.0,0,14-18(c),,False,N,False,False,V,,,,,False,1.0,CT0015600,134077237316784681,2025-10-10 20:05:57.790000,20:05:57.790000,2025,14-18(c),,Display of Plates,2025
2025-11-15 18:42:15.250000,7890493.0,CT0015600,West Haven,Racial Profile,1000665,2500047911,Incident ID,2025-10-10 00:00:00,October,B,N,M,49,True,False,West Haven,Campbell Ave,  ,  ,V,G,1.0,0,14-147(a),,False,N,False,False,V,,,,,False,1.0,CT0015600,134077237316784681,2025-10-10 00:31:22.663000,00:31:22.663000,2025,14-147(a),,Administrative Offense,2025
2025-11-15 18:42:15.370000,7890541.0,CT0015600,West Haven,Racial Profile,1000709,2500047964,Incident ID,2025-10-10 00:00:00,October,W,M,M,66,True,False,West Haven,Boston Post rd/ Fairfax ,  ,  ,E,G,1.0,0,14-18,,True,N,False,False,V,,,,,False,1.0,CT0015600,134077237316784681,2025-10-10 09:47:43.530000,09:47:43.530000,2025,14-18,,Display of Plates,2025
2025-11-15 18:42:15.193000,7890468.0,CT0015600,West Haven,Racial Profile,1000615,2500048197,Incident ID,2025-10-11 00:00:00,October,B,N,M,33,True,False,West Haven,Platt/ Woodhill ,  ,  ,V,G,1.0,0,14-299,,False,N,False,False,V,,,,,False,1.0,CT0015600,134077237316784681,2025-10-11 19:50:21.060000,19:50:21.060000,2025,14-299,,Traffic Control Signal,2025
2025-11-15 18:42:15.203000,7890472.0,CT0015600,West Haven,Racial Profile,1000617,2500048171,Incident ID,2025-10-11 00:00:00,October,W,N,F,72,True,True,West Haven,Railroad Avenue/Saw Mill Road,  ,  ,V,G,1.0,0,14-233,,False,N,False,False,V,,,,,False,1.0,CT0015600,134077237316784681,2025-10-11 16:11:58.973000,16:11:58.973000,2025,,,Moving Violation,2025
2025-11-15 18:42:15.097000,7890422.0,CT0015600,West Haven,Racial Profile,1000559,2500048082,Incident ID,2025-10-11 00:00:00,October,B,N,M,27,True,False,WEST HAVEN,First Fuel,  ,  ,V,G,1.0,0,14-147(c),,False,N,False,False,V,,,,,False,1.0,CT0015600,134077237316784681,2025-10-11 00:22:21.093000,00:22:21.093000,2025,,,Administrative Offense,2025
2025-11-15 18:42:15.363000,7890538.0,CT0015600,West Haven,Racial Profile,1000699,2500048095,Incident ID,2025-10-11 00:00:00,October,W,N,F,41,True,True,West Haven,Wales St/York St,  ,  ,I,G,1.0,0,14-215,,False,N,False,False,V,,,,,False,1.0,CT0015600,134077237316784681,2025-10-11 03:53:09.160000,03:53:09.160000,2025,14-215,,Administrative Offense,2025
2025-11-15 18:42:15.190000,7890467.0,CT0015600,West Haven,Racial Profile,1000615,2500048184,Incident ID,2025-10-11 00:00:00,October,W,N,F,42,True,False,West Haven,Morgan/ Frontage ,  ,  ,V,G,1.0,0,14-301,,False,N,False,False,V,,,,,False,1.0,CT0015600,134077237316784681,2025-10-11 17:46:48.013000,17:46:48.013000,2025,14-301,,Stop Sign,2025
2025-11-15 18:42:15.367000,7890539.0,CT0015600,West Haven,Racial Profile,1000699,2500048131,Incident ID,2025-10-11 00:00:00,October,W,N,F,34,True,True,WEST HAVEN,Platt Ave/Wagner Pl,  ,  ,I,G,1.0,0,14-215,,False,N,False,False,W,,,,,False,1.0,CT0015600,134077237316784681,2025-10-11 10:31:37.747000,10:31:37.747000,2025,14-215,,Administrative Offense,2025
2025-11-15 18:42:15.223000,7890481.0,CT0015600,West Haven,Racial Profile,1000637,2500048196,Incident ID,2025-10-11 00:00:00,October,W,H,M,25,True,True,West Haven,Boston Post Road,  ,  ,V,G,1.0,0,14-299,,False,N,False,False,V,,,,,False,1.0,CT0015600,134077237316784681,2025-10-11 19:40:33,19:40:33,2025,,,Traffic Control Signal,2025
2025-11-15 18:42:15.253000,7890494.0,CT0015600,West Haven,Racial Profile,1000665,2500048294,Incident ID,2025-10-12 00:00:00,October,B,N,M,42,False,False,West Haven,Saw Mill Road,  ,  ,V,G,1.0,0,14-299,,False,N,False,False,V,,,,,False,1.0,CT0015600,134077237316784681,2025-10-12 08:00:54.093000,08:00:54.093000,2025,14-299,,Traffic Control Signal,2025
2025-11-15 18:42:15.257000,7890495.0,CT0015600,West Haven,Racial Profile,1000665,2500048314,Incident ID,2025-10-12 00:00:00,October,W,H,M,38,True,True,West Haven,I-95 Southbound Ramp,  ,  ,V,G,1.0,0,14-12(a)*,,False,N,False,False,V,,,,,False,1.0,CT0015600,134077237316784681,2025-10-12 09:36:38.497000,09:36:38.497000,2025,38a-371,,Registration,2025
2025-11-15 18:42:15.033000,7890403.0,CT0015600,West Haven,Racial Profile,1000333,2500048647,Incident ID,2025-10-14 00:00:00,October,B,N,M,29,True,True,WEST HAVEN,Saw Mill Rd & i95s ramp,  ,  ,V,G,1.0,0,14-299,,False,N,False,False,I,,,,,False,1.0,CT0015600,134077237316784681,2025-10-14 11:06:21.950000,11:06:21.950000,2025,,,Traffic Control Signal,2025
2025-11-15 18:42:15.140000,7890441.0,CT0015600,West Haven,Racial Profile,1000602,2500048733,Incident ID,2025-10-14 00:00:00,October,W,N,M,35,True,False,West Haven,Boston Post Road,  ,  ,V,G,3.0,1,14-18(a),,True,O,True,True,U,,,,,False,1.0,CT0015600,134077237316784681,2025-10-14 22:20:21.573000,22:20:21.573000,2025,21a-279(a)(3),,Display of Plates,2025
2025-11-15 18:42:15.003000,7890395.0,CT0015600,West Haven,Racial Profile,1200,2500048612,Incident ID,2025-10-14 00:00:00,October,B,N,M,33,True,True,West Haven,campbell & main ,  ,  ,V,G,2.0,0,14-12(a)*,,False,N,False,False,M,,,,,False,1.0,CT0015600,134077237316784681,2025-10-14 07:46:27.350000,07:46:27.350000,2025,38a-371,,Registration,2025
2025-11-15 18:42:15.137000,7890440.0,CT0015600,West Haven,Racial Profile,1000602,2500048725,Incident ID,2025-10-14 00:00:00,October,B,N,M,38,True,True,West Haven,front ave,  ,  ,V,G,1.0,0,14-147(c),,False,N,False,False,V,,,,,False,1.0,CT0015600,134077237316784681,2025-10-14 20:09:28.933000,20:09:28.933000,2025,,,Administrative Offense,2025
2025-11-15 18:42:14.983000,7890385.0,CT0015600,West Haven,Racial Profile,1162,2500048644,Incident ID,2025-10-14 00:00:00,October,W,N,F,55,True,False,West Haven,campbell/ashburton,  ,  ,V,G,1.0,0,14-12(a)*,,False,N,False,False,V,,,,,False,1.0,CT0015600,134077237316784681,2025-10-14 10:50:24.177000,10:50:24.177000,2025,,,Registration,2025
2025-11-15 18:42:15.100000,7890423.0,CT0015600,West Haven,Racial Profile,1000561,2500048931,Incident ID,2025-10-15 00:00:00,October,W,N,M,18,True,False,WEST HAVEN,post rd/meloy,  ,  ,V,G,1.0,0,14-96a(a),,False,N,False,False,V,,,,,False,1.0,CT0015600,134077237316784681,2025-10-15 20:55:49.887000,20:55:49.887000,2025,14-96a(a),,Defective Lights,2025
2025-11-15 18:42:15.210000,7890476.0,CT0015600,West Haven,Racial Profile,1000636,2500048774,Incident ID,2025-10-15 00:00:00,October,A,N,M,27,True,True,West Haven,Post Road/ Fairfax,  ,  ,E,G,1.0,0,14-96b,,False,N,False,False,V,,,,,False,1.0,CT0015600,134077237316784681,2025-10-15 01:42:33.147000,01:42:33.147000,2025,,,Defective Lights,2025
2025-11-15 18:42:15.113000,7890429.0,CT0015600,West Haven,Racial Profile,1000592,2500048837,Incident ID,2025-10-15 00:00:00,October,A,N,M,41,True,False,WEST HAVEN,515 Saw Mill Road,  ,  ,V,G,1.0,0,14-299,,False,N,False,False,V,,,,,False,1.0,CT0015600,134077237316784681,2025-10-15 10:00:01.580000,10:00:01.580000,2025,14-299,,Traffic Control Signal,2025
2025-11-15 18:42:15.140000,7890442.0,CT0015600,West Haven,Racial Profile,1000602,2500048921,Incident ID,2025-10-15 00:00:00,October,B,N,M,79,True,False,West Haven,bpr,  ,  ,V,G,3.0,1,14-12(a)*,,True,I,True,True,U,,,,,False,1.0,CT0015600,134077237316784681,2025-10-15 19:21:58.333000,19:21:58.333000,2025,53a-173,,Registration,2025
2025-11-15 18:42:15.373000,7890542.0,CT0015600,West Haven,Racial Profile,1000709,2500048856,Incident ID,2025-10-15 00:00:00,October,B,N,F,66,True,True,West Haven,fairfax/burwell ,  ,  ,V,G,2.0,0,14-299,,False,N,False,False,I,,,,,False,1.0,CT0015600,134077237316784681,2025-10-15 11:22:03.360000,11:22:03.360000,2025,14-299,,Traffic Control Signal,2025
2025-11-15 18:42:15.073000,7890415.0,CT0015600,West Haven,Racial Profile,1000539,2500048851,Incident ID,2025-10-15 00:00:00,October,W,N,F,66,True,False,West Haven,campbell/smith,  ,  ,V,G,1.0,0,14-296aa(b),,False,N,False,False,I,,,,,False,1.0,CT0015600,134077237316784681,2025-10-15 10:53:01.150000,10:53:01.150000,2025,,,Cell Phone,2025
2025-11-15 18:42:15.260000,7890496.0,CT0015600,West Haven,Racial Profile,1000665,2500048909,Incident ID,2025-10-15 00:00:00,October,W,H,F,31,True,True,West Haven,Allings Crossing,  ,  ,V,G,2.0,1,14-215a,,True,I,False,False,M,,,,,False,1.0,CT0015600,134077237316784681,2025-10-15 18:19:42.150000,18:19:42.150000,2025,38a-371,,Administrative Offense,2025
2025-11-15 18:42:14.983000,7890386.0,CT0015600,West Haven,Racial Profile,1162,2500048838,Incident ID,2025-10-15 00:00:00,October,W,N,M,35,True,True,WEST HAVEN,shingle hill/cordone,  ,  ,V,G,1.0,0,14-12(a)*,,False,N,False,False,V,,,,,False,1.0,CT0015600,134077237316784681,2025-10-15 10:01:49.827000,10:01:49.827000,2025,,,Registration,2025
2025-11-15 18:42:15.263000,7890498.0,CT0015600,West Haven,Racial Profile,1000665,2500049097,Incident ID,2025-10-16 00:00:00,October,W,H,M,28,True,True,WEST HAVEN,Saw Mill,  ,  ,V,G,1.0,1,14-147(c),,True,I,False,True,M,,,,,False,1.0,CT0015600,134077237316784681,2025-10-16 18:13:16.320000,18:13:16.320000,2025,38a-371,,Administrative Offense,2025
2025-11-15 18:42:15.227000,7890482.0,CT0015600,West Haven,Racial Profile,1000637,2500049088,Incident ID,2025-10-16 00:00:00,October,W,N,F,75,True,False,West Haven,Captain Thomas blvd,  ,  ,V,G,1.0,0,14-12(a)*,,False,N,False,False,V,,,,,False,1.0,CT0015600,134077237316784681,2025-10-16 17:20:21.080000,17:20:21.080000,2025,,,Registration,2025
2025-11-15 18:42:15.260000,7890497.0,CT0015600,West Haven,Racial Profile,1000665,2500049081,Incident ID,2025-10-16 00:00:00,October,W,N,M,68,True,True,West Haven,Jones Hill Road,  ,  ,V,G,1.0,0,14-147(c),,False,N,False,False,V,,,,,False,1.0,CT0015600,134077237316784681,2025-10-16 16:49:25.127000,16:49:25.127000,2025,38a-371,,Administrative Offense,2025
2025-11-15 18:42:15.267000,7890499.0,CT0015600,West Haven,Racial Profile,1000665,2500049302,Incident ID,2025-10-17 00:00:00,October,B,N,M,62,True,False,West Haven,First Ave,  ,  ,V,G,1.0,0,14-147(a),,False,N,False,False,V,,,,,False,1.0,CT0015600,134077237316784681,2025-10-17 19:32:06.897000,19:32:06.897000,2025,14-147(a),,Administrative Offense,2025
2025-11-15 18:42:15.270000,7890500.0,CT0015600,West Haven,Racial Profile,1000665,2500049315,Incident ID,2025-10-17 00:00:00,October,W,H,M,25,True,False,West Haven,East Ave,  ,  ,V,G,2.0,1,14-147(a),,True,I,False,False,M,,,,,False,1.0,CT0015600,134077237316784681,2025-10-17 21:03:47.530000,21:03:47.530000,2025,14-147(a),,Administrative Offense,2025
2025-11-15 18:42:15.090000,7890421.0,CT0015600,West Haven,Racial Profile,1000549,2500049136,Incident ID,2025-10-17 00:00:00,October,W,H,F,22,True,True,West Haven,cambell / center,  ,  ,V,G,1.0,0,14-218(a),,False,N,False,False,V,,,,,False,1.0,CT0015600,134077237316784681,2025-10-17 00:08:46.563000,00:08:46.563000,2025,,,Speed Related,2025
2025-11-15 18:42:15.143000,7890443.0,CT0015600,West Haven,Racial Profile,1000602,2500049318,Incident ID,2025-10-17 00:00:00,October,B,N,M,34,True,True,WEST HAVEN,spring street,  ,  ,V,G,1.0,0,14-215a,,False,N,False,False,V,,,,,False,1.0,CT0015600,134077237316784681,2025-10-17 22:06:03.800000,22:06:03.800000,2025,,,Administrative Offense,2025
2025-11-15 18:42:15.373000,7890543.0,CT0015600,West Haven,Racial Profile,1000709,2500049231,Incident ID,2025-10-17 00:00:00,October,W,N,F,21,False,False,West Haven,Fairfax/trescott ,  ,  ,V,G,1.0,0,14-299,,False,N,False,False,V,,,,,False,1.0,CT0015600,134077237316784681,2025-10-17 11:18:09.127000,11:18:09.127000,2025,14-299,,Traffic Control Signal,2025
2025-11-15 18:42:15.227000,7890483.0,CT0015600,West Haven,Racial Profile,1000637,2500049353,Incident ID,2025-10-18 00:00:00,October,W,H,M,23,True,False,West Haven,Washington Avenue,  ,  ,V,G,3.0,1,14-19b,,False,N,False,False,M,,,,,False,1.0,CT0015600,134077237316784681,2025-10-18 02:07:01.973000,02:07:01.973000,2025,53a-167a,,Other,2025
2025-11-15 18:42:15.143000,7890444.0,CT0015600,West Haven,Racial Profile,1000602,2500049386,Incident ID,2025-10-18 00:00:00,October,W,N,M,58,True,False,West Haven,cellini place,  ,  ,V,G,2.0,1,14-147(c),,True,I,False,False,M,,,,,False,1.0,CT0015600,134077237316784681,2025-10-18 10:07:22.770000,10:07:22.770000,2025,38a-371,,Administrative Offense,2025
2025-11-15 18:42:15.147000,7890445.0,CT0015600,West Haven,Racial Profile,1000602,2500049394,Incident ID,2025-10-18 00:00:00,October,W,N,F,62,True,True,West Haven,campbell avenue,  ,  ,V,G,1.0,0,53a-173,,False,N,False,False,V,,,,,False,1.0,CT0015600,134077237316784681,2025-10-18 11:07:26.107000,11:07:26.107000,2025,,,Other,2025
2025-11-15 18:42:15.243000,7890491.0,CT0015600,West Haven,Racial Profile,1000661,2500049447,Incident ID,2025-10-18 00:00:00,October,W,N,M,20,True,True,WEST HAVEN,502 sawmill Road,  ,  ,V,G,1.0,0,14-12(a),,False,N,False,False,V,,,,,False,1.0,CT0015600,134077237316784681,2025-10-18 18:47:51.707000,18:47:51.707000,2025,14-12(a),,Registration,2025
2025-11-15 18:42:15.377000,7890544.0,CT0015600,West Haven,Racial Profile,1000709,2500049403,Incident ID,2025-10-18 00:00:00,October,W,N,F,33,False,False,West Haven,CAMPBELL AVE/ TERRACE AVE ,  ,  ,V,G,1.0,0,14-299,,False,N,False,False,V,,,,,False,1.0,CT0015600,134077237316784681,2025-10-18 12:50:18.667000,12:50:18.667000,2025,14-299,,Traffic Control Signal,2025
2025-11-15 18:42:15.103000,7890425.0,CT0015600,West Haven,Racial Profile,1000569,2500049606,Incident ID,2025-10-19 00:00:00,October,W,N,M,60,True,False,WEST HAVEN,First Avenue and Campbell Avenue,  ,  ,V,G,1.0,0,14-299,,False,N,False,False,V,,,,,False,1.0,CT0015600,134077237316784681,2025-10-19 19:32:14.683000,19:32:14.683000,2025,14-299,,Traffic Control Signal,2025
2025-11-15 18:42:15.123000,7890434.0,CT0015600,West Haven,Racial Profile,1000600,2500049607,Incident ID,2025-10-19 00:00:00,October,W,N,M,23,True,True,West Haven,Captain Thomas Blvd./ Altschuler Blvd. ,  ,  ,V,G,1.0,0,14-299,,False,N,False,False,V,,,,,False,1.0,CT0015600,134077237316784681,2025-10-19 19:42:51.117000,19:42:51.117000,2025,,,Traffic Control Signal,2025
2025-11-15 18:42:15.273000,7890502.0,CT0015600,West Haven,Racial Profile,1000665,2500049609,Incident ID,2025-10-19 00:00:00,October,B,N,M,29,True,False,West Haven,Meloy Road,  ,  ,V,G,2.0,1,14-147(c),,True,I,False,False,I,,,,,False,1.0,CT0015600,134077237316784681,2025-10-19 20:14:04.960000,20:14:04.960000,2025,38a-371,,Administrative Offense,2025
2025-11-15 18:42:15.270000,7890501.0,CT0015600,West Haven,Racial Profile,1000665,2500049608,Incident ID,2025-10-19 00:00:00,October,B,N,F,25,True,True,West Haven,Boston Post Road,  ,  ,V,G,1.0,0,14-215(a),,False,N,False,False,V,,,,,False,1.0,CT0015600,134077237316784681,2025-10-19 19:59:37.380000,19:59:37.380000,2025,14-215(a),,Administrative Offense,2025
2025-11-15 18:42:15.247000,7890492.0,CT0015600,West Haven,Racial Profile,1000661,2500049612,Incident ID,2025-10-19 00:00:00,October,W,N,M,74,True,False,West Haven,Sawmill Rd/ York St,  ,  ,V,G,1.0,0,14-299,,False,N,False,False,V,,,,,False,1.0,CT0015600,134077237316784681,2025-10-19 20:32:26.130000,20:32:26.130000,2025,14-299,,Traffic Control Signal,2025
2025-11-15 18:42:15.110000,7890427.0,CT0015600,West Haven,Racial Profile,1000582,2500049654,Incident ID,2025-10-20 00:00:00,October,B,N,M,26,True,False,West Haven,Gilbert st/ oak place,  ,  ,V,G,1.0,0,14-147c,,False,N,False,False,V,,,,,False,1.0,CT0015600,134077237316784681,2025-10-20 02:09:13.450000,02:09:13.450000,2025,14-147c,,Administrative Offense,2025
2025-11-15 18:42:15.117000,7890430.0,CT0015600,West Haven,Racial Profile,1000592,2500049870,Incident ID,2025-10-21 00:00:00,October,W,N,M,59,True,True,WEST HAVEN,401 Elm Street,  ,  ,V,B,1.0,0,14-279,,False,N,False,False,I,,,,,False,1.0,CT0015600,134077237316784681,2025-10-21 14:27:34.630000,14:27:34.630000,2025,14-279,,Other,2025
2025-11-15 18:42:15.127000,7890435.0,CT0015600,West Haven,Racial Profile,1000600,2500049897,Incident ID,2025-10-21 00:00:00,October,W,M,M,26,True,True,WEST HAVEN,101 First Avenue ,  ,  ,V,G,1.0,0,14-232(1),,False,N,False,False,V,,,,,False,1.0,CT0015600,134077237316784681,2025-10-21 17:07:54.463000,17:07:54.463000,2025,,,Moving Violation,2025
2025-11-15 18:42:15.150000,7890446.0,CT0015600,West Haven,Racial Profile,1000602,2500049919,Incident ID,2025-10-21 00:00:00,October,W,N,M,18,True,True,WEST HAVEN,meloy rd,  ,  ,V,G,2.0,1,14-147(c),,True,I,False,False,M,,,,,False,1.0,CT0015600,134077237316784681,2025-10-21 21:29:12.240000,21:29:12.240000,2025,38a-371,,Administrative Offense,2025
2025-11-15 18:42:15.310000,7890518.0,CT0015600,West Haven,Racial Profile,1000675,2500049803,Incident ID,2025-10-21 00:00:00,October,B,N,M,20,True,True,West Haven,Richards/North Union,  ,  ,E,G,1.0,0,14-96c,,False,N,False,False,V,,,,,False,1.0,CT0015600,134077237316784681,2025-10-21 01:54:34.230000,01:54:34.230000,2025,,,Defective Lights,2025
2025-11-15 18:42:15.320000,7890521.0,CT0015600,West Haven,Racial Profile,1000687,2500049799,Incident ID,2025-10-21 00:00:00,October,W,H,M,67,True,False,WEST HAVEN,Meloy Rd/ Baker.,  ,  ,V,G,1.0,0,14-299,,False,N,False,False,V,,,,,False,1.0,CT0015600,134077237316784681,2025-10-21 01:20:04.030000,01:20:04.030000,2025,14-299,,Traffic Control Signal,2025
2025-11-15 18:42:15.110000,7890428.0,CT0015600,West Haven,Racial Profile,1000582,2500049808,Incident ID,2025-10-21 00:00:00,October,B,N,M,25,True,True,West Haven,dead end of Front Avenue,  ,  ,E,G,1.0,0,14-96b,,False,N,False,False,V,,,,,False,1.0,CT0015600,134077237316784681,2025-10-21 03:23:06.343000,03:23:06.343000,2025,14-147c,,Defective Lights,2025
2025-11-15 18:42:15.150000,7890447.0,CT0015600,West Haven,Racial Profile,1000602,2500050087,Incident ID,2025-10-22 00:00:00,October,B,N,M,46,True,False,WEST HAVEN,campbell ave,  ,  ,I,G,2.0,0,14-99g(g),,True,I,False,True,U,,,,,False,1.0,CT0015600,134077237316784681,2025-10-22 20:21:12.433000,20:21:12.433000,2025,53a-173*,,Window Tint,2025
2025-11-15 18:42:15.153000,7890448.0,CT0015600,West Haven,Racial Profile,1000602,2500050100,Incident ID,2025-10-22 00:00:00,October,W,H,M,24,True,True,West Haven,center street,  ,  ,V,G,1.0,0,14-147(c)c,,False,N,False,False,I,,,,,False,1.0,CT0015600,134077237316784681,2025-10-22 21:21:27.340000,21:21:27.340000,2025,,,Other,2025
2025-11-15 18:42:15.077000,7890416.0,CT0015600,West Haven,Racial Profile,1000539,2500050022,Incident ID,2025-10-22 00:00:00,October,W,M,M,31,True,False,West Haven,campbell/smith,  ,  ,V,G,1.0,0,14-296aa(b),,False,N,False,False,I,,,,,False,1.0,CT0015600,134077237316784681,2025-10-22 10:38:45.277000,10:38:45.277000,2025,,,Cell Phone,2025
2025-11-15 18:42:15.313000,7890519.0,CT0015600,West Haven,Racial Profile,1000675,2500049964,Incident ID,2025-10-22 00:00:00,October,B,N,M,39,True,True,West Haven,first ave/elm street,  ,  ,V,G,2.0,0,14-18(a),,False,N,False,False,V,,,,,False,1.0,CT0015600,134077237316784681,2025-10-22 01:16:21.980000,01:16:21.980000,2025,,,Display of Plates,2025
2025-11-15 18:42:15.380000,7890545.0,CT0015600,West Haven,Racial Profile,1000709,2500050029,Incident ID,2025-10-22 00:00:00,October,B,N,M,62,True,True,West Haven,Boston Post rd/ Fairfax,  ,  ,V,G,1.0,0,14-299,,False,N,False,False,V,,,,,False,1.0,CT0015600,134077237316784681,2025-10-22 11:33:59.120000,11:33:59.120000,2025,14-299,,Traffic Control Signal,2025
2025-11-15 18:42:15.050000,7890409.0,CT0015600,West Haven,Racial Profile,1000517,2500050166,Incident ID,2025-10-23 00:00:00,October,W,N,M,56,True,True,WEST HAVEN,2 Tetlow Street,  ,  ,V,G,2.0,0,14-36(a),,False,N,False,False,M,,,,,False,1.0,CT0015600,134077237316784681,2025-10-23 08:20:33.263000,08:20:33.263000,2025,14-279,,Unlicensed Operation,2025
2025-11-15 18:42:15.117000,7890431.0,CT0015600,West Haven,Racial Profile,1000592,2500050210,Incident ID,2025-10-23 00:00:00,October,W,H,M,49,True,False,West Haven,417 Boston Post Road,  ,  ,V,B,2.0,0,14-215(a),,False,N,False,False,U,,,,,False,1.0,CT0015600,134077237316784681,2025-10-23 13:58:18.937000,13:58:18.937000,2025,14-215(a),,Administrative Offense,2025
2025-11-15 18:42:15.157000,7890449.0,CT0015600,West Haven,Racial Profile,1000602,2500050265,Incident ID,2025-10-23 00:00:00,October,B,N,M,56,True,False,West Haven,spring st,  ,  ,V,G,1.0,0,14-18(c),,False,N,False,False,V,,,,,False,1.0,CT0015600,134077237316784681,2025-10-23 20:25:46.490000,20:25:46.490000,2025,,,Display of Plates,2025
2025-11-15 18:42:15.280000,7890506.0,CT0015600,West Haven,Racial Profile,1000665,2500050264,Incident ID,2025-10-23 00:00:00,October,B,N,M,41,True,True,WEST HAVEN,Bull Hill lane,  ,  ,V,G,1.0,0,14-12(a)*,,False,N,False,False,V,,,,,False,1.0,CT0015600,134077237316784681,2025-10-23 20:18:38.253000,20:18:38.253000,2025,38a-371,,Registration,2025
2025-11-15 18:42:15.287000,7890507.0,CT0015600,West Haven,Racial Profile,1000665,2500050268,Incident ID,2025-10-23 00:00:00,October,B,N,F,25,True,True,West Haven,Meloy Road,  ,  ,V,G,2.0,1,14-147(a),,True,I,False,False,M,,,,,False,1.0,CT0015600,134077237316784681,2025-10-23 20:37:21.930000,20:37:21.930000,2025,14-147(a),,Administrative Offense,2025
2025-11-15 18:42:15.273000,7890503.0,CT0015600,West Haven,Racial Profile,1000665,2500050238,Incident ID,2025-10-23 00:00:00,October,W,N,M,64,True,True,West Haven,Saw Mill Road,  ,  ,V,G,1.0,0,14-12(a)*,,False,N,False,False,V,,,,,False,1.0,CT0015600,134077237316784681,2025-10-23 16:44:07.750000,16:44:07.750000,2025,38a-371,,Registration,2025
2025-11-15 18:42:15.277000,7890504.0,CT0015600,West Haven,Racial Profile,1000665,2500050243,Incident ID,2025-10-23 00:00:00,October,W,N,F,36,True,False,WEST HAVEN,saw mill road,  ,  ,V,G,1.0,0,14-147(a),,False,N,False,False,V,,,,,False,1.0,CT0015600,134077237316784681,2025-10-23 17:04:21.513000,17:04:21.513000,2025,14-147(a),,Administrative Offense,2025
2025-11-15 18:42:15.107000,7890426.0,CT0015600,West Haven,Racial Profile,1000569,2500050237,Incident ID,2025-10-23 00:00:00,October,W,N,M,18,True,True,West Haven,Campbell Avenue and Smith Court,  ,  ,V,G,1.0,0,14-301,,False,N,False,False,V,,,,,False,1.0,CT0015600,134077237316784681,2025-10-23 16:38:53.737000,16:38:53.737000,2025,14-301,,Stop Sign,2025
2025-11-15 18:42:15.280000,7890505.0,CT0015600,West Haven,Racial Profile,1000665,2500050252,Incident ID,2025-10-23 00:00:00,October,B,N,F,35,True,True,WEST HAVEN,Saw Mill Road,  ,  ,V,G,1.0,0,14-215(a),,False,N,False,False,V,,,,,False,1.0,CT0015600,134077237316784681,2025-10-23 18:19:48.800000,18:19:48.800000,2025,38a-371,,Administrative Offense,2025
2025-11-15 18:42:14.987000,7890387.0,CT0015600,West Haven,Racial Profile,1162,2500050194,Incident ID,2025-10-23 00:00:00,October,W,N,F,77,True,False,West Haven,BPR/ARDALE,  ,  ,V,G,1.0,0,14-12(a)*,,False,N,False,False,V,,,,,False,1.0,CT0015600,134077237316784681,2025-10-23 11:57:43.487000,11:57:43.487000,2025,,,Registration,2025
2025-11-15 18:42:15.157000,7890450.0,CT0015600,West Haven,Racial Profile,1000602,2500050305,Incident ID,2025-10-24 00:00:00,October,W,H,M,27,True,True,West Haven,campbell avve,  ,  ,V,G,3.0,1,14-236,,True,I,False,True,U,,,,,False,1.0,CT0015600,134077237316784681,2025-10-24 00:54:09.670000,00:54:09.670000,2025,14-227a,,Moving Violation,2025
2025-11-15 18:42:15.160000,7890451.0,CT0015600,West Haven,Racial Profile,1000602,2500050368,Incident ID,2025-10-24 00:00:00,October,W,H,F,48,True,False,WEST HAVEN,front avenue,  ,  ,V,G,2.0,1,14-147(c),,True,I,False,False,M,,,,,False,1.0,CT0015600,134077237316784681,2025-10-24 11:02:03.430000,11:02:03.430000,2025,38a-371,,Administrative Offense,2025
2025-11-15 18:42:15.167000,7890455.0,CT0015600,West Haven,Racial Profile,1000602,2500050464,Incident ID,2025-10-24 00:00:00,October,W,H,F,26,True,True,West Haven,terrace avenue,  ,  ,V,G,1.0,0,14-147(c),,False,N,False,False,V,,,,,False,1.0,CT0015600,134077237316784681,2025-10-24 20:58:21.180000,20:58:21.180000,2025,,,Administrative Offense,2025
2025-11-15 18:42:15.160000,7890452.0,CT0015600,West Haven,Racial Profile,1000602,2500050389,Incident ID,2025-10-24 00:00:00,October,W,H,F,42,True,False,West Haven,front avenue,  ,  ,V,G,2.0,1,14-147(c),,True,I,False,False,M,,,,,False,1.0,CT0015600,134077237316784681,2025-10-24 12:20:11.373000,12:20:11.373000,2025,38a-371,,Administrative Offense,2025
2025-11-15 18:42:15.163000,7890453.0,CT0015600,West Haven,Racial Profile,1000602,2500050397,Incident ID,2025-10-24 00:00:00,October,W,H,M,56,True,False,West Haven,myrtle st,  ,  ,V,G,3.0,1,14-147(a),,True,I,False,False,M,,,,,False,1.0,CT0015600,134077237316784681,2025-10-24 13:16:39.123000,13:16:39.123000,2025,,,Administrative Offense,2025
2025-11-15 18:42:15.290000,7890510.0,CT0015600,West Haven,Racial Profile,1000665,2500050437,Incident ID,2025-10-24 00:00:00,October,W,H,M,25,True,False,West Haven,Elm Street,  ,  ,V,G,2.0,1,14-147(a),,True,I,False,True,M,,,,,False,1.0,CT0015600,134077237316784681,2025-10-24 17:50:53.787000,17:50:53.787000,2025,38a-371,,Administrative Offense,2025
2025-11-15 18:42:15.083000,7890418.0,CT0015600,West Haven,Racial Profile,1000539,2500050365,Incident ID,2025-10-24 00:00:00,October,W,H,F,52,True,True,West Haven,kelsey/cricle,  ,  ,V,G,1.0,0,14-301,,False,N,False,False,V,,,,,False,1.0,CT0015600,134077237316784681,2025-10-24 10:42:51.423000,10:42:51.423000,2025,,,Stop Sign,2025
2025-11-15 18:42:15.380000,7890546.0,CT0015600,West Haven,Racial Profile,1000709,2500050376,Incident ID,2025-10-24 00:00:00,October,W,N,F,87,True,True,West Haven,front ave / lamson st ,  ,  ,V,G,1.0,0,14-299,,False,N,False,False,V,,,,,False,1.0,CT0015600,134077237316784681,2025-10-24 11:46:10.830000,11:46:10.830000,2025,14-299,,Traffic Control Signal,2025
2025-11-15 18:42:15.290000,7890509.0,CT0015600,West Haven,Racial Profile,1000665,2500050435,Incident ID,2025-10-24 00:00:00,October,W,H,M,35,True,True,West Haven,Elm Street,  ,  ,V,G,1.0,0,14-215(a),,False,N,False,False,M,,,,,False,1.0,CT0015600,134077237316784681,2025-10-24 17:34:05.190000,17:34:05.190000,2025,38a-371,,Administrative Offense,2025
2025-11-15 18:42:15.007000,7890396.0,CT0015600,West Haven,Racial Profile,1200,2500050333,Incident ID,2025-10-24 00:00:00,October,W,H,M,44,True,True,West Haven,PAINTER & DARK ,  ,  ,V,S,1.0,0,14-301,,False,N,False,False,V,,,,,False,1.0,CT0015600,134077237316784681,2025-10-24 07:43:00.333000,07:43:00.333000,2025,,,Stop Sign,2025
2025-11-15 18:42:15.080000,7890417.0,CT0015600,West Haven,Racial Profile,1000539,2500050360,Incident ID,2025-10-24 00:00:00,October,W,H,F,50,True,True,West Haven,kelsey/bassett,  ,  ,V,G,1.0,0,14-301,,False,N,False,False,V,,,,,False,1.0,CT0015600,134077237316784681,2025-10-24 10:31:55.177000,10:31:55.177000,2025,,,Stop Sign,2025
2025-11-15 18:42:15.167000,7890454.0,CT0015600,West Haven,Racial Profile,1000602,2500050448,Incident ID,2025-10-24 00:00:00,October,W,N,M,38,True,False,West Haven,campbell avenue,  ,  ,V,G,1.0,1,53a-173*,,True,I,False,True,U,,,,,False,1.0,CT0015600,134077237316784681,2025-10-24 19:09:47.650000,19:09:47.650000,2025,,,Other,2025
2025-11-15 18:42:15.183000,7890463.0,CT0015600,West Haven,Racial Profile,1000614,2500050402,Incident ID,2025-10-24 00:00:00,October,W,N,M,37,True,True,West Haven,jones hill rd/hubbard rd,  ,  ,V,G,1.0,0,14-298,,False,N,False,False,V,,,,,False,1.0,CT0015600,134077237316784681,2025-10-24 13:54:14.920000,13:54:14.920000,2025,,,STC Violation,2025
2025-11-15 18:42:15.287000,7890508.0,CT0015600,West Haven,Racial Profile,1000665,2500050381,Incident ID,2025-10-24 00:00:00,October,B,N,M,44,True,True,West Haven,West Spring Street,  ,  ,V,G,1.0,0,14-236,,False,N,False,False,I,,,,,False,1.0,CT0015600,134077237316784681,2025-10-24 11:57:48.893000,11:57:48.893000,2025,14-236,,Moving Violation,2025
2025-11-15 18:42:14.990000,7890388.0,CT0015600,West Haven,Racial Profile,1162,2500050369,Incident ID,2025-10-24 00:00:00,October,W,H,F,52,True,True,West Haven,main/painter,  ,  ,V,G,1.0,0,14-12(a)*,,False,N,False,False,V,,,,,False,1.0,CT0015600,134077237316784681,2025-10-24 11:09:07.673000,11:09:07.673000,2025,,,Registration,2025
2025-11-15 18:42:15.170000,7890457.0,CT0015600,West Haven,Racial Profile,1000602,2500050643,Incident ID,2025-10-25 00:00:00,October,B,N,M,38,True,False,WEST HAVEN,first avenue,  ,  ,V,G,2.0,1,14-147(c),,True,I,False,False,M,,,,,False,1.0,CT0015600,134077237316784681,2025-10-25 22:00:23.187000,22:00:23.187000,2025,38a-371,,Administrative Offense,2025
2025-11-15 18:42:15.170000,7890456.0,CT0015600,West Haven,Racial Profile,1000602,2500050639,Incident ID,2025-10-25 00:00:00,October,W,H,M,31,True,False,West Haven,spring street,  ,  ,V,G,1.0,0,14-147(c),,False,N,False,False,V,,,,,False,1.0,CT0015600,134077237316784681,2025-10-25 21:28:42.753000,21:28:42.753000,2025,,,Administrative Offense,2025
2025-11-15 18:42:14.977000,7890384.0,CT0015600,West Haven,Racial Profile,1159,2500050628,Incident ID,2025-10-25 00:00:00,October,W,N,M,53,True,True,West Haven,captain thomas and kelsey,  ,  ,V,B,1.0,0,14-299,,False,N,False,False,V,,,,,False,1.0,CT0015600,134077237316784681,2025-10-25 20:20:48.427000,20:20:48.427000,2025,,,Traffic Control Signal,2025
2025-11-15 18:42:15.213000,7890477.0,CT0015600,West Haven,Racial Profile,1000636,2500050707,Incident ID,2025-10-26 00:00:00,October,W,H,M,41,True,True,West Haven,post road/ rockview,  ,  ,I,G,1.0,0,14-12(a),,False,N,False,False,V,,,,,False,1.0,CT0015600,134077237316784681,2025-10-26 08:21:38.940000,08:21:38.940000,2025,,,Registration,2025
2025-11-15 18:42:14.973000,7890383.0,CT0015600,West Haven,Racial Profile,1155,2500050798,Incident ID,2025-10-26 00:00:00,October,B,N,M,24,False,False,West Haven,Elm St/ Savin Ave,  ,  ,V,G,2.0,0,14-299,,False,N,False,False,I,,,,,False,1.0,CT0015600,134077237316784681,2025-10-26 20:57:35.157000,20:57:35.157000,2025,14-36(A),,Traffic Control Signal,2025
2025-11-15 18:42:15.293000,7890511.0,CT0015600,West Haven,Racial Profile,1000665,2500050749,Incident ID,2025-10-26 00:00:00,October,B,N,M,46,True,False,West Haven,bpr,  ,  ,V,G,1.0,0,14-299,,False,N,False,False,V,,,,,False,1.0,CT0015600,134077237316784681,2025-10-26 15:27:10.430000,15:27:10.430000,2025,14-299,,Traffic Control Signal,2025
2025-11-15 18:42:15.343000,7890530.0,CT0015600,West Haven,Racial Profile,1000698,2500050715,Incident ID,2025-10-26 00:00:00,October,W,H,F,37,True,True,West Haven,Main St/Lake Ave,  ,  ,V,B,1.0,0,14-18(c),,False,N,False,False,V,,,,,False,1.0,CT0015600,134077237316784681,2025-10-26 09:27:17.257000,09:27:17.257000,2025,,,Display of Plates,2025
2025-11-15 18:42:15.120000,7890432.0,CT0015600,West Haven,Racial Profile,1000592,2500050688,Incident ID,2025-10-26 00:00:00,October,W,H,M,43,True,False,West Haven,17 bristol,  ,  ,V,B,2.0,1,14-12(a)*,,False,N,False,True,U,,,,,False,1.0,CT0015600,134077237316784681,2025-10-26 03:26:48.037000,03:26:48.037000,2025,38a-371,,Registration,2025
2025-11-15 18:42:15.203000,7890473.0,CT0015600,West Haven,Racial Profile,1000619,2500050718,Incident ID,2025-10-26 00:00:00,October,W,N,M,66,True,True,West Haven,Jones Hill Rd/Bellvue Avenue,  ,  ,V,G,1.0,0,14-12(a),,False,N,False,False,V,,,,,False,1.0,CT0015600,134077237316784681,2025-10-26 10:16:59.503000,10:16:59.503000,2025,,,Registration,2025
2025-11-15 18:42:15.297000,7890512.0,CT0015600,West Haven,Racial Profile,1000665,2500050752,Incident ID,2025-10-26 00:00:00,October,W,H,M,59,True,True,West Haven,Fairfax St,  ,  ,V,G,1.0,0,14-147(a),,False,N,False,False,V,,,,,False,1.0,CT0015600,134077237316784681,2025-10-26 15:49:26.540000,15:49:26.540000,2025,38a-371,,Administrative Offense,2025
2025-11-15 18:42:15.300000,7890513.0,CT0015600,West Haven,Racial Profile,1000665,2500050787,Incident ID,2025-10-26 00:00:00,October,W,N,M,54,True,False,West Haven,Farwell Road,  ,  ,V,G,2.0,1,14-12(a)*,,True,I,False,False,M,,,,,False,1.0,CT0015600,134077237316784681,2025-10-26 20:05:54.330000,20:05:54.330000,2025,38a-371,,Registration,2025
2025-11-15 18:42:15.037000,7890404.0,CT0015600,West Haven,Racial Profile,1000333,2500050935,Incident ID,2025-10-27 00:00:00,October,W,N,F,54,True,True,West Haven,Elm St & First Ave. ,  ,  ,V,G,1.0,0,14-299,,False,N,False,False,I,,,,,False,1.0,CT0015600,134077237316784681,2025-10-27 16:18:58.257000,16:18:58.257000,2025,,,Traffic Control Signal,2025
2025-11-15 18:42:15.173000,7890458.0,CT0015600,West Haven,Racial Profile,1000602,2500050895,Incident ID,2025-10-27 00:00:00,October,B,N,M,37,True,False,West Haven,meloy rd,  ,  ,V,G,1.0,1,14-147a,,True,I,False,False,V,,,,,False,1.0,CT0015600,134077237316784681,2025-10-27 11:28:50.447000,11:28:50.447000,2025,,,Administrative Offense,2025
2025-11-15 18:42:15.013000,7890397.0,CT0015600,West Haven,Racial Profile,1200,2500051037,Incident ID,2025-10-28 00:00:00,October,W,H,M,47,True,True,West Haven,CAMPBELL & MAIN ,  ,  ,E,G,1.0,0,14-99g(e),,False,N,False,False,V,,,,,False,1.0,CT0015600,134077237316784681,2025-10-28 10:14:44.447000,10:14:44.447000,2025,,,Window Tint,2025
2025-11-15 18:42:15.307000,7890516.0,CT0015600,West Haven,Racial Profile,1000673,2500051202,Incident ID,2025-10-29 00:00:00,October,W,H,M,47,True,False,West Haven,Admiral St,  ,  ,V,G,1.0,0,14-12(a),,False,N,False,False,V,,,,,False,1.0,CT0015600,134077237316784681,2025-10-29 10:13:07.713000,10:13:07.713000,2025,,,Registration,2025
2025-11-15 18:42:14.997000,7890391.0,CT0015600,West Haven,Racial Profile,1185,2500051213,Incident ID,2025-10-29 00:00:00,October,W,N,M,50,True,True,WEST HAVEN,sawmill,  ,  ,V,G,1.0,0,14-301,,False,N,False,False,V,,,,,False,1.0,CT0015600,134077237316784681,2025-10-29 11:24:00.287000,11:24:00.287000,2025,same,,Stop Sign,2025
2025-11-15 18:42:15.020000,7890398.0,CT0015600,West Haven,Racial Profile,1200,2500051204,Incident ID,2025-10-29 00:00:00,October,W,N,F,28,False,False,West Haven,main & savin,  ,  ,V,G,1.0,0,improper turn,,False,N,False,False,V,,,,,False,1.0,CT0015600,134077237316784681,2025-10-29 10:17:00.743000,10:17:00.743000,2025,,,Other,2025
2025-11-15 18:42:15.200000,7890470.0,CT0015600,West Haven,Racial Profile,1000615,2500051284,Incident ID,2025-10-29 00:00:00,October,W,H,M,46,True,False,WEST HAVEN,Boston Post rd/ Fairfax Street ,  ,  ,E,G,1.0,0,14-96b,,False,N,False,False,V,,,,,False,1.0,CT0015600,134077237316784681,2025-10-29 21:23:31.170000,21:23:31.170000,2025,14-96b,,Defective Lights,2025
2025-11-15 18:42:15.303000,7890514.0,CT0015600,West Haven,Racial Profile,1000665,2500051260,Incident ID,2025-10-29 00:00:00,October,B,N,M,63,True,False,West Haven,Meloy Road,  ,  ,V,G,1.0,0,14-147(a),,False,N,False,False,N,,,,,False,1.0,CT0015600,134077237316784681,2025-10-29 17:32:28.283000,17:32:28.283000,2025,none,,Administrative Offense,2025
2025-11-15 18:42:14.990000,7890389.0,CT0015600,West Haven,Racial Profile,1162,2500051264,Incident ID,2025-10-29 00:00:00,October,W,H,F,30,True,True,WEST HAVEN,kelsey/circle,  ,  ,V,G,1.0,0,14-12(a)*,,False,N,False,False,V,,,,,False,1.0,CT0015600,134077237316784681,2025-10-29 17:49:23.340000,17:49:23.340000,2025,,,Registration,2025
2025-11-15 18:42:14.997000,7890392.0,CT0015600,West Haven,Racial Profile,1185,2500051215,Incident ID,2025-10-29 00:00:00,October,W,N,M,99,True,True,WEST HAVEN,,  ,  ,I,G,1.0,0,,,False,N,False,False,N,,,,,False,1.0,CT0015600,134077237316784681,2025-10-29 11:31:07.427000,11:31:07.427000,2025,na,,Other,2025
2025-11-15 18:42:15.197000,7890469.0,CT0015600,West Haven,Racial Profile,1000615,2500051253,Incident ID,2025-10-29 00:00:00,October,B,N,M,45,True,True,West Haven,ruden/ricardo,  ,  ,V,G,1.0,0,14-12(a)*,,False,N,False,False,V,,,,,False,1.0,CT0015600,134077237316784681,2025-10-29 16:54:22.710000,16:54:22.710000,2025,,,Registration,2025
2025-11-15 18:42:15.337000,7890527.0,CT0015600,West Haven,Racial Profile,1000688,2500051313,Incident ID,2025-10-30 00:00:00,October,W,H,M,29,True,False,West Haven,post road/marginal,  ,  ,I,G,1.0,0,14-12(a),,False,N,False,False,V,,,,,False,1.0,CT0015600,134077237316784681,2025-10-30 01:41:03.440000,01:41:03.440000,2025,14-12(a),,Registration,2025
2025-11-15 18:42:15.370000,7890540.0,CT0015600,West Haven,Racial Profile,1000699,2500051320,Incident ID,2025-10-30 00:00:00,October,B,N,M,42,True,True,West Haven,Campbell Ave/Spring st,  ,  ,I,G,1.0,0,14-215,,False,N,False,False,M,,,,,False,1.0,CT0015600,134077237316784681,2025-10-30 02:44:06.693000,02:44:06.693000,2025,14-215,,Administrative Offense,2025
2025-11-15 18:42:15.040000,7890405.0,CT0015600,West Haven,Racial Profile,1000333,2500051399,Incident ID,2025-10-30 00:00:00,October,W,H,F,54,True,False,WEST HAVEN,12 north union st,  ,  ,V,G,1.0,0,14-98,,False,N,False,False,W,,,,,False,1.0,CT0015600,134077237316784681,2025-10-30 13:34:08.267000,13:34:08.267000,2025,,,Other,2025
2025-11-15 18:42:15.040000,7890406.0,CT0015600,West Haven,Racial Profile,1000333,2500051534,Incident ID,2025-10-31 00:00:00,October,W,H,M,20,True,False,WEST HAVEN,247 Washington Ave.,  ,  ,V,G,2.0,0,14-147a,,False,N,False,True,M,,,,,False,1.0,CT0015600,134077237316784681,2025-10-31 10:44:23.753000,10:44:23.753000,2025,,,Administrative Offense,2025
2025-11-15 18:42:15.177000,7890460.0,CT0015600,West Haven,Racial Profile,1000602,2500051546,Incident ID,2025-10-31 00:00:00,October,B,N,M,48,True,False,West Haven,CAMPBELL AVENUE,  ,  ,V,G,1.0,0,14-147(c),,False,N,False,False,V,,,,,False,1.0,CT0015600,134077237316784681,2025-10-31 12:35:38.113000,12:35:38.113000,2025,,,Administrative Offense,2025
2025-11-15 18:42:15.180000,7890461.0,CT0015600,West Haven,Racial Profile,1000602,2500051549,Incident ID,2025-10-31 00:00:00,October,B,N,M,40,True,False,West Haven,forest hills rd,  ,  ,I,G,3.0,1,53a-119c,,True,O,True,True,U,,,,,False,1.0,CT0015600,134077237316784681,2025-10-31 12:49:22.320000,12:49:22.320000,2025,,,Other,2025
2025-11-15 18:42:15.177000,7890459.0,CT0015600,West Haven,Racial Profile,1000602,2500051540,Incident ID,2025-10-31 00:00:00,October,W,H,M,46,True,True,West Haven,smith ct,  ,  ,V,G,1.0,0,14-147(c),,False,N,False,False,I,,,,,False,1.0,CT0015600,134077237316784681,2025-10-31 12:03:58.840000,12:03:58.840000,2025,,,Administrative Offense,2025
2025-11-15 18:42:15.303000,7890515.0,CT0015600,West Haven,Racial Profile,1000665,2500051541,Incident ID,2025-10-31 00:00:00,October,W,H,M,28,True,False,West Haven,Main Street,  ,  ,V,G,2.0,1,14-147(c),,True,I,False,False,M,,,,,False,1.0,CT0015600,134077237316784681,2025-10-31 12:13:30.120000,12:13:30.120000,2025,38a-371,,Administrative Offense,2025
2025-12-15 18:43:09.850000,7970470.0,CT0015600,West Haven,Racial Profile,1000602,2500051812,Incident ID,2025-11-01 00:00:00,November,B,N,M,28,True,True,WEST HAVEN,Candee Road,  ,  ,V,G,3.0,1,14-12(a)*,,False,N,False,False,N,,,,,False,1.0,CT0015600,134103157854121915,2025-11-01 23:09:13.700000,23:09:13.700000,2025,53a-167c,,Registration,2025
2025-12-15 18:43:09.887000,7970484.0,CT0015600,West Haven,Racial Profile,1000615,2500051786,Incident ID,2025-11-01 00:00:00,November,B,N,F,30,True,False,West Haven,Jones Hill rd/ South Street ,  ,  ,V,G,1.0,1,14-147(c),,False,N,False,True,M,,,,,False,1.0,CT0015600,134103157854121915,2025-11-01 18:57:17.950000,18:57:17.950000,2025,38a-371,,Administrative Offense,2025
2025-12-15 18:43:09.890000,7970486.0,CT0015600,West Haven,Racial Profile,1000616,2500051673,Incident ID,2025-11-01 00:00:00,November,W,H,M,37,True,False,West Haven,Boston Post Road,  ,  ,V,G,1.0,0,14-219,,False,N,False,False,V,,,,,False,1.0,CT0015600,134103157854121915,2025-11-01 03:07:28.180000,03:07:28.180000,2025,,,Speed Related,2025
2025-12-15 18:43:09.883000,7970483.0,CT0015600,West Haven,Racial Profile,1000615,2500051725,Incident ID,2025-11-01 00:00:00,November,W,N,M,69,True,True,WEST HAVEN,515 Saw Mill rd ,  ,  ,V,G,1.0,0,14-12(a)*,,True,N,False,False,V,,,,,False,1.0,CT0015600,134103157854121915,2025-11-01 09:55:39.070000,09:55:39.070000,2025,14-12(a)*,,Registration,2025
2025-12-15 18:43:09.760000,7970444.0,CT0015600,West Haven,Racial Profile,1000465,2500051988,Incident ID,2025-11-03 00:00:00,November,W,H,M,47,True,True,WEST HAVEN,Highland Sreet Extention,  ,  ,V,G,1.0,0,14-218a,,False,N,False,False,I,,,,,False,1.0,CT0015600,134103157854121915,2025-11-03 01:13:48.900000,01:13:48.900000,2025,14-36(a),,Speed Related,2025
2025-12-15 18:43:10.163000,7970589.0,CT0015600,West Haven,Racial Profile,1000709,2500052116,Incident ID,2025-11-03 00:00:00,November,B,N,F,85,True,False,West Haven,FRONT AVE/ LAMSON,  ,  ,V,G,1.0,0,14-299,,False,N,False,False,V,,,,,False,1.0,CT0015600,134103157854121915,2025-11-03 21:19:11.343000,21:19:11.343000,2025,,,Traffic Control Signal,2025
2025-12-15 18:43:09.990000,7970525.0,CT0015600,West Haven,Racial Profile,1000665,2500052115,Incident ID,2025-11-03 00:00:00,November,W,H,M,31,True,True,West Haven,Main Street,  ,  ,V,G,1.0,0,Taillights,,False,N,False,False,V,,,,,False,1.0,CT0015600,134103157854121915,2025-11-03 20:52:19.767000,20:52:19.767000,2025,,,Other,2025
2025-12-15 18:43:09.663000,7970419.0,CT0015600,West Haven,Racial Profile,1135,2500051990,Incident ID,2025-11-03 00:00:00,November,W,H,M,23,True,True,West Haven,Campbell & Spring,  ,  ,V,G,1.0,0,14-299,,False,N,False,False,V,,,,,False,1.0,CT0015600,134103157854121915,2025-11-03 01:28:42.513000,01:28:42.513000,2025,14-299,,Traffic Control Signal,2025
2025-12-15 18:43:10.140000,7970579.0,CT0015600,West Haven,Racial Profile,1000699,2500052033,Incident ID,2025-11-03 00:00:00,November,B,N,M,54,True,True,West Haven,SavinAve/Lester St,  ,  ,I,B,1.0,0,14-12(a)*,,False,N,False,False,I,,,,,False,1.0,CT0015600,134103157854121915,2025-11-03 10:01:26.570000,10:01:26.570000,2025,14-12(a)*,,Registration,2025
2025-12-15 18:43:09.833000,7970463.0,CT0015600,West Haven,Racial Profile,1000592,2500052028,Incident ID,2025-11-03 00:00:00,November,W,H,M,47,True,True,WEST HAVEN,346 elm street,  ,  ,V,B,1.0,0,14-147(c),,False,N,False,False,V,,,,,False,1.0,CT0015600,134103157854121915,2025-11-03 09:26:56.770000,09:26:56.770000,2025,14-147(c),,Administrative Offense,2025
2025-12-15 18:43:09.750000,7970440.0,CT0015600,West Haven,Racial Profile,1000333,2500052186,Incident ID,2025-11-04 00:00:00,November,W,N,M,30,True,False,WEST HAVEN,469 Campbell Ave.,  ,  ,V,G,1.0,0,14-12(a),,False,N,False,False,V,,,,,False,1.0,CT0015600,134103157854121915,2025-11-04 09:17:59.580000,09:17:59.580000,2025,,,Registration,2025
2025-12-15 18:43:09.887000,7970485.0,CT0015600,West Haven,Racial Profile,1000615,2500052246,Incident ID,2025-11-04 00:00:00,November,B,N,M,64,True,True,West Haven,Yates/ Fenwick ,  ,  ,V,G,2.0,0,14-147(c),,False,N,False,False,M,,,,,False,1.0,CT0015600,134103157854121915,2025-11-04 18:28:00.227000,18:28:00.227000,2025,38a-371,,Administrative Offense,2025
2025-12-15 18:43:10.130000,7970575.0,CT0015600,West Haven,Racial Profile,1000698,2500052261,Incident ID,2025-11-04 00:00:00,November,B,N,M,27,True,True,West Haven,Center/Campbell,  ,  ,V,B,1.0,0,14-12a,,False,N,False,False,V,,,,,False,1.0,CT0015600,134103157854121915,2025-11-04 20:08:19.413000,20:08:19.413000,2025,,,Registration,2025
2025-12-15 18:43:09.830000,7970462.0,CT0015600,West Haven,Racial Profile,1000582,2500052258,Incident ID,2025-11-04 00:00:00,November,W,H,M,37,True,True,West Haven,Campbell Avenue/ Church st,  ,  ,E,G,2.0,0,14-96c,,False,N,False,False,M,,,,,False,1.0,CT0015600,134103157854121915,2025-11-04 19:35:58.370000,19:35:58.370000,2025,14-215,,Defective Lights,2025
2025-12-15 18:43:09.670000,7970420.0,CT0015600,West Haven,Racial Profile,1155,2500052269,Incident ID,2025-11-04 00:00:00,November,W,H,M,32,True,True,West Haven,stevens ave/ highland,  ,  ,V,G,1.0,0,14-301,,False,N,False,False,I,,,,,False,1.0,CT0015600,134103157854121915,2025-11-04 21:13:53.460000,21:13:53.460000,2025,14-301,,Stop Sign,2025
2025-12-15 18:43:09.763000,7970445.0,CT0015600,West Haven,Racial Profile,1000465,2500052145,Incident ID,2025-11-04 00:00:00,November,B,N,M,27,True,False,West Haven,Campbell / First,  ,  ,V,G,1.0,0,14-299,,False,N,False,False,V,,,,,False,1.0,CT0015600,134103157854121915,2025-11-04 01:26:28.597000,01:26:28.597000,2025,,,Traffic Control Signal,2025
2025-12-15 18:43:10.047000,7970543.0,CT0015600,West Haven,Racial Profile,1000675,2500052151,Incident ID,2025-11-04 00:00:00,November,W,N,F,28,True,True,West Haven,campbell Ave/Abner,  ,  ,V,G,1.0,0,14-299,,False,N,False,False,V,,,,,False,1.0,CT0015600,134103157854121915,2025-11-04 02:07:32.200000,02:07:32.200000,2025,,,Traffic Control Signal,2025
2025-12-15 18:43:10.167000,7970590.0,CT0015600,West Haven,Racial Profile,1000709,2500052268,Incident ID,2025-11-04 00:00:00,November,W,N,F,24,True,False,West Haven,saw mill rd / 95 south ,  ,  ,V,G,2.0,0,14-299,,False,N,False,False,I,,,,,False,1.0,CT0015600,134103157854121915,2025-11-04 21:13:12.437000,21:13:12.437000,2025,,,Traffic Control Signal,2025
2025-12-15 18:43:09.730000,7970435.0,CT0015600,West Haven,Racial Profile,1189,2500052252,Incident ID,2025-11-04 00:00:00,November,B,N,M,59,True,True,West Haven,hood terrace/saw mill,  ,  ,V,G,2.0,0,14-299,,False,N,False,False,I,,,,,False,1.0,CT0015600,134103157854121915,2025-11-04 18:53:30.410000,18:53:30.410000,2025,14-299,,Traffic Control Signal,2025
2025-12-15 18:43:10.083000,7970557.0,CT0015600,West Haven,Racial Profile,1000688,2500052306,Incident ID,2025-11-05 00:00:00,November,W,N,M,23,True,False,West Haven,derby/forest,  ,  ,V,B,1.0,0,14-219,,False,N,False,False,V,,,,,False,1.0,CT0015600,134103157854121915,2025-11-05 02:00:10.543000,02:00:10.543000,2025,14-219,,Speed Related,2025
2025-12-15 18:43:10.130000,7970574.0,CT0015600,West Haven,Racial Profile,1000697,2500052307,Incident ID,2025-11-05 00:00:00,November,W,H,M,23,True,False,West Haven,Derby Ave / Forest Rd,  ,  ,V,G,1.0,0,14-219,,False,N,False,False,V,,,,,False,1.0,CT0015600,134103157854121915,2025-11-05 02:12:51.727000,02:12:51.727000,2025,,,Speed Related,2025
2025-12-15 18:43:10.077000,7970555.0,CT0015600,West Haven,Racial Profile,1000688,2500052296,Incident ID,2025-11-05 00:00:00,November,B,N,F,31,True,False,West Haven,derby/forest,  ,  ,V,B,1.0,0,14-219,,False,N,False,False,V,,,,,False,1.0,CT0015600,134103157854121915,2025-11-05 01:22:56.880000,01:22:56.880000,2025,14-219,,Speed Related,2025
2025-12-15 18:43:09.837000,7970464.0,CT0015600,West Haven,Racial Profile,1000592,2500052297,Incident ID,2025-11-05 00:00:00,November,B,N,M,33,True,True,West Haven,Boston Post road and Forrest rd,  ,  ,I,B,2.0,1,14-215,,False,N,False,True,U,,,,,False,1.0,CT0015600,134103157854121915,2025-11-05 01:30:55.027000,01:30:55.027000,2025,14-227a,,Administrative Offense,2025
2025-12-15 18:43:09.917000,7970495.0,CT0015600,West Haven,Racial Profile,1000625,2500052303,Incident ID,2025-11-05 00:00:00,November,W,N,F,43,True,True,West Haven,Derby Ave/Forest Rd,  ,  ,V,B,1.0,0,14-219,,False,N,False,False,V,,,,,False,1.0,CT0015600,134103157854121915,2025-11-05 01:42:54.930000,01:42:54.930000,2025,,,Speed Related,2025
2025-12-15 18:43:09.930000,7970502.0,CT0015600,West Haven,Racial Profile,1000637,2500052395,Incident ID,2025-11-05 00:00:00,November,B,N,M,69,True,True,WEST HAVEN,boston post rd/dogwood rd,  ,  ,V,G,1.0,0,14-279,,False,N,False,False,V,,,,,False,1.0,CT0015600,134103157854121915,2025-11-05 16:16:50.983000,16:16:50.983000,2025,,,Other,2025
2025-12-15 18:43:09.943000,7970507.0,CT0015600,West Haven,Racial Profile,1000658,2500052374,Incident ID,2025-11-05 00:00:00,November,B,N,M,59,True,True,West Haven,campbell and west spring,  ,  ,V,G,2.0,1,14-12(a)*,,True,I,False,False,I,,,,,False,1.0,CT0015600,134103157854121915,2025-11-05 12:32:54.230000,12:32:54.230000,2025,,,Registration,2025
2025-12-15 18:43:10.080000,7970556.0,CT0015600,West Haven,Racial Profile,1000688,2500052302,Incident ID,2025-11-05 00:00:00,November,W,N,M,20,True,False,West Haven,derby/morris,  ,  ,V,B,1.0,0,14-219,,True,N,False,False,V,,,,,False,1.0,CT0015600,134103157854121915,2025-11-05 01:42:35.153000,01:42:35.153000,2025,14-219,,Speed Related,2025
2025-12-15 18:43:10.087000,7970558.0,CT0015600,West Haven,Racial Profile,1000688,2500052309,Incident ID,2025-11-05 00:00:00,November,B,N,M,20,True,False,West Haven,2nd/brown,  ,  ,V,G,1.0,0,14-12(a),,False,N,False,False,M,,,,,False,1.0,CT0015600,134103157854121915,2025-11-05 02:30:47.580000,02:30:47.580000,2025,38a-371,,Registration,2025
2025-12-15 18:43:10.127000,7970573.0,CT0015600,West Haven,Racial Profile,1000697,2500052298,Incident ID,2025-11-05 00:00:00,November,B,N,M,30,True,False,West Haven,Derby Ave / Elizabeth St,  ,  ,V,G,1.0,0,14-219,,False,N,False,False,V,,,,,False,1.0,CT0015600,134103157854121915,2025-11-05 01:31:39.877000,01:31:39.877000,2025,,,Speed Related,2025
2025-12-15 18:43:10.143000,7970580.0,CT0015600,West Haven,Racial Profile,1000699,2500052561,Incident ID,2025-11-06 00:00:00,November,B,N,F,57,True,False,West Haven,Boston Post Rd/Admiral St,  ,  ,I,G,1.0,0,14-12(a)*,,False,N,False,False,W,,,,,False,1.0,CT0015600,134103157854121915,2025-11-06 17:25:12.103000,17:25:12.103000,2025,14-12(a)*,,Registration,2025
2025-12-15 18:43:09.753000,7970441.0,CT0015600,West Haven,Racial Profile,1000333,2500052535,Incident ID,2025-11-06 00:00:00,November,W,N,F,79,True,True,West Haven,Saw Mill Rd & Hillcrest Ave.,  ,  ,V,G,1.0,0,14-299,,False,N,False,False,I,,,,,False,1.0,CT0015600,134103157854121915,2025-11-06 14:30:56.297000,14:30:56.297000,2025,,,Traffic Control Signal,2025
2025-12-15 18:43:09.990000,7970526.0,CT0015600,West Haven,Racial Profile,1000665,2500052558,Incident ID,2025-11-06 00:00:00,November,W,H,M,23,True,True,West Haven,BPR,  ,  ,V,G,1.0,0,14-215a,,False,N,False,False,V,,,,,False,1.0,CT0015600,134103157854121915,2025-11-06 17:17:31.457000,17:17:31.457000,2025,14-36(a),,Administrative Offense,2025
2025-12-15 18:43:10.147000,7970581.0,CT0015600,West Haven,Racial Profile,1000699,2500052566,Incident ID,2025-11-06 00:00:00,November,B,N,M,25,True,False,West Haven,Campbell Ave/Dana sr,  ,  ,I,G,1.0,0,14-12(a)*,,False,N,False,False,V,,,,,False,1.0,CT0015600,134103157854121915,2025-11-06 18:03:31.340000,18:03:31.340000,2025,14-12(a)*,,Registration,2025
2025-12-15 18:43:09.703000,7970431.0,CT0015600,West Haven,Racial Profile,1162,2500052643,Incident ID,2025-11-07 00:00:00,November,W,H,F,25,True,True,West Haven,saw mill/york,  ,  ,V,G,1.0,0,14-12(a)*,,False,N,False,False,V,,,,,False,1.0,CT0015600,134103157854121915,2025-11-07 07:19:39.047000,07:19:39.047000,2025,,,Registration,2025
2025-12-15 18:43:09.993000,7970527.0,CT0015600,West Haven,Racial Profile,1000665,2500052761,Incident ID,2025-11-07 00:00:00,November,W,H,M,36,True,False,West Haven,Maple St,  ,  ,V,G,2.0,1,14-147(c),,True,I,False,False,M,,,,,False,1.0,CT0015600,134103157854121915,2025-11-07 17:59:48.743000,17:59:48.743000,2025,38a-371,,Administrative Offense,2025
2025-12-15 18:43:09.673000,7970421.0,CT0015600,West Haven,Racial Profile,1155,2500052755,Incident ID,2025-11-07 00:00:00,November,W,H,M,27,True,False,West Haven,washington ave/Noble St,  ,  ,V,G,1.0,0,14-96a(a),,False,N,False,False,V,,,,,False,1.0,CT0015600,134103157854121915,2025-11-07 17:14:00.347000,17:14:00.347000,2025,,,Defective Lights,2025
2025-12-15 18:43:09.943000,7970508.0,CT0015600,West Haven,Racial Profile,1000658,2500052684,Incident ID,2025-11-07 00:00:00,November,B,N,M,36,True,False,WEST HAVEN,SAW MILL RD,  ,  ,E,G,1.0,0,14-99g,,False,N,False,False,I,,,,,False,1.0,CT0015600,134103157854121915,2025-11-07 11:08:26.800000,11:08:26.800000,2025,,,Window Tint,2025
2025-12-15 18:43:10.147000,7970582.0,CT0015600,West Haven,Racial Profile,1000699,2500052663,Incident ID,2025-11-07 00:00:00,November,W,H,M,32,True,False,West Haven,Campbell Ave/Alling St,  ,  ,I,G,1.0,0,14-12(a)*,,False,N,False,False,W,,,,,False,1.0,CT0015600,134103157854121915,2025-11-07 08:55:36.187000,08:55:36.187000,2025,14-12(a)*,,Registration,2025
2025-12-15 18:43:10.050000,7970544.0,CT0015600,West Haven,Racial Profile,1000675,2500052627,Incident ID,2025-11-07 00:00:00,November,B,N,M,31,True,True,West Haven,Campbell/boston post road,  ,  ,V,G,1.0,0,14-18(a),,False,N,False,False,V,,,,,False,1.0,CT0015600,134103157854121915,2025-11-07 02:03:57.457000,02:03:57.457000,2025,,,Display of Plates,2025
2025-12-15 18:43:10,7970529.0,CT0015600,West Haven,Racial Profile,1000665,2500052947,Incident ID,2025-11-08 00:00:00,November,B,N,M,23,True,False,West Haven,Campbell Ave,  ,  ,V,G,2.0,1,14-147(c),,True,I,False,False,M,,,,,False,1.0,CT0015600,134103157854121915,2025-11-08 21:23:53.417000,21:23:53.417000,2025,38a-371,,Administrative Offense,2025
2025-12-15 18:43:09.917000,7970496.0,CT0015600,West Haven,Racial Profile,1000626,2500052890,Incident ID,2025-11-08 00:00:00,November,W,H,M,41,True,False,WEST HAVEN,215 Spring Street,  ,  ,V,G,1.0,1,14-12(a)*,,False,N,False,True,V,,,,,False,1.0,CT0015600,134103157854121915,2025-11-08 13:28:29.650000,13:28:29.650000,2025,14-36(a),,Registration,2025
2025-12-15 18:43:09.997000,7970528.0,CT0015600,West Haven,Racial Profile,1000665,2500052915,Incident ID,2025-11-08 00:00:00,November,W,H,F,28,True,True,West Haven,First Ave,  ,  ,V,G,1.0,0,14-147(c),,False,N,False,False,V,,,,,False,1.0,CT0015600,134103157854121915,2025-11-08 16:24:37.630000,16:24:37.630000,2025,38a-371,,Administrative Offense,2025
2025-12-15 18:43:09.950000,7970510.0,CT0015600,West Haven,Racial Profile,1000658,2500052883,Incident ID,2025-11-08 00:00:00,November,W,H,F,20,True,False,West Haven,first ave,  ,  ,V,G,1.0,0,14-18(c),,False,N,False,False,V,,,,,False,1.0,CT0015600,134103157854121915,2025-11-08 12:29:07.147000,12:29:07.147000,2025,,,Display of Plates,2025
2025-12-15 18:43:09.950000,7970511.0,CT0015600,West Haven,Racial Profile,1000658,2500052942,Incident ID,2025-11-08 00:00:00,November,B,N,M,45,True,True,West Haven,post rd,  ,  ,V,B,1.0,0,14-218a,,False,N,False,False,V,,,,,False,1.0,CT0015600,134103157854121915,2025-11-08 20:24:29.830000,20:24:29.830000,2025,,,Speed Related,2025
2025-12-15 18:43:09.947000,7970509.0,CT0015600,West Haven,Racial Profile,1000658,2500052867,Incident ID,2025-11-08 00:00:00,November,W,H,M,44,True,False,West Haven,first ave,  ,  ,E,G,1.0,0,14-99g(b),,False,N,False,False,I,,,,,False,1.0,CT0015600,134103157854121915,2025-11-08 10:37:05.720000,10:37:05.720000,2025,,,Window Tint,2025
2025-12-15 18:43:09.770000,7970447.0,CT0015600,West Haven,Racial Profile,1000465,2500053081,Incident ID,2025-11-09 00:00:00,November,W,N,F,40,True,True,West Haven,First / Maple,  ,  ,V,G,1.0,0,14-12(a)*,,False,N,False,False,V,,,,,False,1.0,CT0015600,134103157854121915,2025-11-09 21:05:56.547000,21:05:56.547000,2025,,,Registration,2025
2025-12-15 18:43:09.960000,7970515.0,CT0015600,West Haven,Racial Profile,1000661,2500053019,Incident ID,2025-11-09 00:00:00,November,W,H,M,25,True,True,WEST HAVEN,510 Sawmill Road,  ,  ,V,G,1.0,0,14-12(a),,False,N,False,False,V,,,,,False,1.0,CT0015600,134103157854121915,2025-11-09 11:39:44.920000,11:39:44.920000,2025,14-12(a),,Registration,2025
2025-12-15 18:43:09.930000,7970501.0,CT0015600,West Haven,Racial Profile,1000636,2500053069,Incident ID,2025-11-09 00:00:00,November,B,N,M,38,True,False,West Haven,post road/ pruden,  ,  ,V,G,1.0,0,14-299,,False,N,False,False,V,,,,,False,1.0,CT0015600,134103157854121915,2025-11-09 18:00:26.930000,18:00:26.930000,2025,,,Traffic Control Signal,2025
2025-12-15 18:43:10.150000,7970583.0,CT0015600,West Haven,Racial Profile,1000699,2500053018,Incident ID,2025-11-09 00:00:00,November,W,H,M,35,True,True,West Haven,Savin Ave/Main st,  ,  ,I,G,1.0,0,14-301,,False,N,False,False,V,,,,,False,1.0,CT0015600,134103157854121915,2025-11-09 11:29:47.590000,11:29:47.590000,2025,14-301,,Stop Sign,2025
2025-12-15 18:43:09.963000,7970516.0,CT0015600,West Haven,Racial Profile,1000661,2500053020,Incident ID,2025-11-09 00:00:00,November,A,N,M,74,True,False,WEST HAVEN,510 Sawmill Road,  ,  ,V,G,1.0,0,14-299,,False,N,False,False,V,,,,,False,1.0,CT0015600,134103157854121915,2025-11-09 12:01:47.253000,12:01:47.253000,2025,14-299,,Traffic Control Signal,2025
2025-12-15 18:43:09.703000,7970430.0,CT0015600,West Haven,Racial Profile,1159,2500053084,Incident ID,2025-11-09 00:00:00,November,B,N,M,34,True,False,West Haven,camp/abner,  ,  ,V,B,1.0,0,14-299,,False,N,False,False,V,,,,,False,1.0,CT0015600,134103157854121915,2025-11-09 22:08:41.747000,22:08:41.747000,2025,,,Traffic Control Signal,2025
2025-12-15 18:43:09.767000,7970446.0,CT0015600,West Haven,Racial Profile,1000465,2500053078,Incident ID,2025-11-09 00:00:00,November,W,H,M,40,True,False,West Haven,Washington / Brown,  ,  ,V,G,1.0,0,14-301,,False,N,False,False,V,,,,,False,1.0,CT0015600,134103157854121915,2025-11-09 20:41:17.530000,20:41:17.530000,2025,,,Stop Sign,2025
2025-12-15 18:43:10.157000,7970586.0,CT0015600,West Haven,Racial Profile,1000699,2500053229,Incident ID,2025-11-10 00:00:00,November,B,N,M,66,True,True,West Haven,Savin Ave/Elm St,  ,  ,I,G,1.0,0,14-215,,False,N,False,False,V,,,,,False,1.0,CT0015600,134103157854121915,2025-11-10 17:21:49.973000,17:21:49.973000,2025,14-215,,Administrative Offense,2025
2025-12-15 18:43:09.837000,7970465.0,CT0015600,West Haven,Racial Profile,1000592,2500053170,Incident ID,2025-11-10 00:00:00,November,W,N,M,46,True,False,West Haven,First and White,  ,  ,V,B,2.0,0,14-213a,,False,N,False,False,V,,,,,False,1.0,CT0015600,134103157854121915,2025-11-10 11:05:18.360000,11:05:18.360000,2025,14-12(a),,Administrative Offense,2025
2025-12-15 18:43:10.150000,7970584.0,CT0015600,West Haven,Racial Profile,1000699,2500053177,Incident ID,2025-11-10 00:00:00,November,W,H,M,42,True,False,West Haven,Campbell Ave/Walnut St,  ,  ,I,G,1.0,0,14-12(a)*,,False,N,False,False,W,,,,,False,1.0,CT0015600,134103157854121915,2025-11-10 12:12:44.967000,12:12:44.967000,2025,14-12(a)*,,Registration,2025
2025-12-15 18:43:10.153000,7970585.0,CT0015600,West Haven,Racial Profile,1000699,2500053225,Incident ID,2025-11-10 00:00:00,November,W,H,F,42,True,True,WEST HAVEN,elm st/savin ave,  ,  ,I,G,1.0,0,14-147,,False,N,False,False,V,,,,,False,1.0,CT0015600,134103157854121915,2025-11-10 16:47:33.300000,16:47:33.300000,2025,14-12(a)*,,Administrative Offense,2025
2025-12-15 18:43:09.817000,7970460.0,CT0015600,West Haven,Racial Profile,1000549,2500053289,Incident ID,2025-11-11 00:00:00,November,W,H,F,30,True,True,West Haven,first / spring,  ,  ,E,G,1.0,0,14-96a(a),,False,N,False,False,V,,,,,False,1.0,CT0015600,134103157854121915,2025-11-11 01:16:37.570000,01:16:37.570000,2025,,,Defective Lights,2025
2025-12-15 18:43:10.170000,7970591.0,CT0015600,West Haven,Racial Profile,1000709,2500053400,Incident ID,2025-11-11 00:00:00,November,A,N,M,50,True,True,West Haven,Saw Mill rd / Hood Terrace,  ,  ,V,G,1.0,0,14-299,,False,N,False,False,V,,,,,False,1.0,CT0015600,134103157854121915,2025-11-11 18:11:57.890000,18:11:57.890000,2025,,,Traffic Control Signal,2025
2025-12-15 18:43:09.787000,7970453.0,CT0015600,West Haven,Racial Profile,1000517,2500053498,Incident ID,2025-11-12 00:00:00,November,B,N,M,65,True,True,West Haven,Fairfax / Boston Post Road,  ,  ,I,G,1.0,0,53a-182,,False,N,False,False,V,,,,,False,1.0,CT0015600,134103157854121915,2025-11-12 11:05:19.430000,11:05:19.430000,2025,,,Other,2025
2025-12-15 18:43:09.793000,7970456.0,CT0015600,West Haven,Racial Profile,1000539,2500053515,Incident ID,2025-11-12 00:00:00,November,B,N,F,34,True,False,West Haven,boston post/wade,  ,  ,V,G,1.0,0,14-296aa(b),,False,N,False,False,V,,,,,False,1.0,CT0015600,134103157854121915,2025-11-12 12:31:22.460000,12:31:22.460000,2025,,,Cell Phone,2025
2025-12-15 18:43:09.840000,7970466.0,CT0015600,West Haven,Racial Profile,1000592,2500053433,Incident ID,2025-11-12 00:00:00,November,W,N,M,59,True,False,WEST HAVEN,755 Campbell Avenue,  ,  ,V,B,1.0,0,14-232(b),,False,N,False,False,I,,,,,False,1.0,CT0015600,134103157854121915,2025-11-12 00:04:59.650000,00:04:59.650000,2025,14-299,,Moving Violation,2025
2025-12-15 18:43:09.953000,7970512.0,CT0015600,West Haven,Racial Profile,1000658,2500053516,Incident ID,2025-11-12 00:00:00,November,W,H,M,38,True,False,WEST HAVEN,campbell ave,  ,  ,V,G,2.0,1,14-147(a),,True,I,False,False,M,,,,,False,1.0,CT0015600,134103157854121915,2025-11-12 12:38:03.690000,12:38:03.690000,2025,,,Administrative Offense,2025
2025-12-15 18:43:09.677000,7970422.0,CT0015600,West Haven,Racial Profile,1155,2500053567,Incident ID,2025-11-12 00:00:00,November,W,H,M,19,True,True,West Haven,campbell ave/center st,  ,  ,V,G,1.0,0,14-299,,False,N,False,False,V,,,,,False,1.0,CT0015600,134103157854121915,2025-11-12 18:32:38.037000,18:32:38.037000,2025,,,Traffic Control Signal,2025
2025-12-15 18:43:09.967000,7970517.0,CT0015600,West Haven,Racial Profile,1000661,2500053489,Incident ID,2025-11-12 00:00:00,November,W,H,F,35,True,True,West Haven,Greta St/ Sawmill Road,  ,  ,V,G,1.0,0,14-299,,False,N,False,False,V,,,,,False,1.0,CT0015600,134103157854121915,2025-11-12 09:46:38.750000,09:46:38.750000,2025,14-299,,Traffic Control Signal,2025
2025-12-15 18:43:09.973000,7970521.0,CT0015600,West Haven,Racial Profile,1000662,2500053588,Incident ID,2025-11-12 00:00:00,November,W,H,M,20,True,False,West Haven,Campbell Avenue / Brown Street,  ,  ,V,G,1.0,0,14-299,,False,N,False,False,V,,,,,False,1.0,CT0015600,134103157854121915,2025-11-12 23:22:45.707000,23:22:45.707000,2025,14-299,,Traffic Control Signal,2025
2025-12-15 18:43:09.730000,7970436.0,CT0015600,West Haven,Racial Profile,1200,2500053475,Incident ID,2025-11-12 00:00:00,November,W,H,M,24,True,True,West Haven,CAMPBELL AVE & CHURCH ST,  ,  ,E,G,1.0,0,14-147(c),,False,N,False,False,V,,,,,False,1.0,CT0015600,134103157854121915,2025-11-12 07:48:28.200000,07:48:28.200000,2025,,,Administrative Offense,2025
2025-12-15 18:43:09.900000,7970488.0,CT0015600,West Haven,Racial Profile,1000616,2500053612,Incident ID,2025-11-13 00:00:00,November,B,N,M,25,False,False,West Haven,Derby Ave,  ,  ,V,S,1.0,0,14-219,,False,N,False,False,V,,,,,False,1.0,CT0015600,134103157854121915,2025-11-13 02:01:31.110000,02:01:31.110000,2025,,,Speed Related,2025
2025-12-15 18:43:09.903000,7970489.0,CT0015600,West Haven,Racial Profile,1000616,2500053614,Incident ID,2025-11-13 00:00:00,November,W,H,M,45,True,True,West Haven,Derby Ave,  ,  ,V,G,1.0,0,14-219,,False,N,False,False,V,,,,,False,1.0,CT0015600,134103157854121915,2025-11-13 02:15:35.373000,02:15:35.373000,2025,,,Speed Related,2025
2025-12-15 18:43:09.907000,7970491.0,CT0015600,West Haven,Racial Profile,1000616,2500053621,Incident ID,2025-11-13 00:00:00,November,W,H,F,46,True,False,West Haven,Derby Ave,  ,  ,V,S,1.0,0,14-219,,False,N,False,False,V,,,,,False,1.0,CT0015600,134103157854121915,2025-11-13 02:51:22.470000,02:51:22.470000,2025,,,Speed Related,2025
2025-12-15 18:43:10.093000,7970560.0,CT0015600,West Haven,Racial Profile,1000688,2500053610,Incident ID,2025-11-13 00:00:00,November,B,N,M,23,True,False,West Haven,derby/morris,  ,  ,V,B,1.0,0,14-219,,False,N,False,False,V,,,,,False,1.0,CT0015600,134103157854121915,2025-11-13 01:55:10.253000,01:55:10.253000,2025,14-219,,Speed Related,2025
2025-12-15 18:43:10.097000,7970561.0,CT0015600,West Haven,Racial Profile,1000688,2500053613,Incident ID,2025-11-13 00:00:00,November,W,H,M,30,True,False,West Haven,derby/forest,  ,  ,V,B,1.0,0,14-219,,False,N,False,False,V,,,,,False,1.0,CT0015600,134103157854121915,2025-11-13 02:04:03.887000,02:04:03.887000,2025,14-219,,Speed Related,2025
2025-12-15 18:43:09.830000,7970461.0,CT0015600,West Haven,Racial Profile,1000549,2500053617,Incident ID,2025-11-13 00:00:00,November,W,N,F,32,True,True,West Haven,Derby / Forest,  ,  ,V,G,1.0,0,14-219,,False,N,False,False,V,,,,,False,1.0,CT0015600,134103157854121915,2025-11-13 02:30:10.933000,02:30:10.933000,2025,,,Speed Related,2025
2025-12-15 18:43:10.160000,7970587.0,CT0015600,West Haven,Racial Profile,1000699,2500053684,Incident ID,2025-11-13 00:00:00,November,B,N,F,27,True,False,West Haven,Front Ave/High St,  ,  ,I,G,1.0,0,14-12(a)*,,False,N,False,False,V,,,,,False,1.0,CT0015600,134103157854121915,2025-11-13 12:13:59.143000,12:13:59.143000,2025,14-12(a)*,,Registration,2025
2025-12-15 18:43:09.977000,7970522.0,CT0015600,West Haven,Racial Profile,1000662,2500053753,Incident ID,2025-11-13 00:00:00,November,W,M,M,17,True,True,West Haven,Second Avenue / Center Street,  ,  ,V,G,1.0,0,14-232(1),,False,N,False,False,I,,,,,False,1.0,CT0015600,134103157854121915,2025-11-13 20:11:05.673000,20:11:05.673000,2025,14-36(a),,Moving Violation,2025
2025-12-15 18:43:10.100000,7970563.0,CT0015600,West Haven,Racial Profile,1000688,2500053620,Incident ID,2025-11-13 00:00:00,November,B,N,M,28,True,True,West Haven,derby/morris,  ,  ,V,B,1.0,0,14-219,,False,N,False,False,V,,,,,False,1.0,CT0015600,134103157854121915,2025-11-13 02:43:49.560000,02:43:49.560000,2025,14-219,,Speed Related,2025
2025-12-15 18:43:09.733000,7970437.0,CT0015600,West Haven,Racial Profile,1200,2500053647,Incident ID,2025-11-13 00:00:00,November,B,N,M,69,True,True,West Haven,FIRST & WILLOW,  ,  ,V,G,1.0,0,14-299,,False,N,False,False,V,,,,,False,1.0,CT0015600,134103157854121915,2025-11-13 07:47:42.757000,07:47:42.757000,2025,,,Traffic Control Signal,2025
2025-12-15 18:43:09.957000,7970513.0,CT0015600,West Haven,Racial Profile,1000658,2500053680,Incident ID,2025-11-13 00:00:00,November,B,N,M,26,True,False,West Haven,claudia dr,  ,  ,V,G,1.0,0,14-12(a)*,,False,N,False,False,V,,,,,False,1.0,CT0015600,134103157854121915,2025-11-13 11:30:07.187000,11:30:07.187000,2025,,,Registration,2025
2025-12-15 18:43:10.007000,7970530.0,CT0015600,West Haven,Racial Profile,1000665,2500053746,Incident ID,2025-11-13 00:00:00,November,B,N,M,60,True,False,West Haven,BPR,  ,  ,V,G,2.0,1,14-147(c),,True,I,False,False,M,,,,,False,1.0,CT0015600,134103157854121915,2025-11-13 19:01:18.980000,19:01:18.980000,2025,38a-371,,Administrative Offense,2025
2025-12-15 18:43:10.100000,7970562.0,CT0015600,West Haven,Racial Profile,1000688,2500053615,Incident ID,2025-11-13 00:00:00,November,B,N,M,31,True,False,West Haven,derby/morris,  ,  ,V,B,1.0,0,14-219,,False,N,False,False,V,,,,,False,1.0,CT0015600,134103157854121915,2025-11-13 02:29:00.950000,02:29:00.950000,2025,14-219,,Speed Related,2025
2025-12-15 18:43:09.677000,7970423.0,CT0015600,West Haven,Racial Profile,1155,2500053758,Incident ID,2025-11-13 00:00:00,November,W,N,F,30,True,False,West Haven,aillings crossing/sawmill rd,  ,  ,E,G,1.0,0,14-96a(a),,False,N,False,False,V,,,,,False,1.0,CT0015600,134103157854121915,2025-11-13 20:41:31.897000,20:41:31.897000,2025,,,Defective Lights,2025
2025-12-15 18:43:09.790000,7970455.0,CT0015600,West Haven,Racial Profile,1000528,2500053717,Incident ID,2025-11-13 00:00:00,November,B,N,M,64,True,True,WEST HAVEN,Campbell / Spring,  ,  ,V,B,1.0,0,14-241,,False,N,False,False,V,,,,,False,1.0,CT0015600,134103157854121915,2025-11-13 15:59:41.683000,15:59:41.683000,2025,,,Moving Violation,2025
2025-12-15 18:43:09.897000,7970487.0,CT0015600,West Haven,Racial Profile,1000616,2500053609,Incident ID,2025-11-13 00:00:00,November,W,H,F,26,True,False,West Haven,Derby Ave,  ,  ,V,S,1.0,1,14-219,,False,N,False,False,V,,,,,False,1.0,CT0015600,134103157854121915,2025-11-13 01:51:05.517000,01:51:05.517000,2025,,,Speed Related,2025
2025-12-15 18:43:09.903000,7970490.0,CT0015600,West Haven,Racial Profile,1000616,2500053616,Incident ID,2025-11-13 00:00:00,November,W,H,M,39,True,False,West Haven,Derby Ave ,  ,  ,V,S,1.0,0,14-219,,False,N,False,False,V,,,,,False,1.0,CT0015600,134103157854121915,2025-11-13 02:29:31.157000,02:29:31.157000,2025,,,Speed Related,2025
2025-12-15 18:43:10.090000,7970559.0,CT0015600,West Haven,Racial Profile,1000688,2500053608,Incident ID,2025-11-13 00:00:00,November,W,H,M,28,True,False,West Haven,derby/morris,  ,  ,I,B,1.0,0,14-219,,False,N,False,False,V,,,,,False,1.0,CT0015600,134103157854121915,2025-11-13 01:33:56.940000,01:33:56.940000,2025,14-219,,Speed Related,2025
2025-12-15 18:43:09.773000,7970448.0,CT0015600,West Haven,Racial Profile,1000465,2500053794,Incident ID,2025-11-14 00:00:00,November,W,H,F,25,True,False,WEST HAVEN,Spring St/ Town Line,  ,  ,V,G,3.0,1,14-299,,True,I,False,True,U,,,,,False,1.0,CT0015600,134103157854121915,2025-11-14 01:28:36.253000,01:28:36.253000,2025,38a-371,,Traffic Control Signal,2025
2025-12-15 18:43:09.980000,7970523.0,CT0015600,West Haven,Racial Profile,1000662,2500053908,Incident ID,2025-11-14 00:00:00,November,W,H,F,41,True,False,West Haven,Wagner Place / Elm Street,  ,  ,V,G,1.0,0,14-299,,False,N,False,False,V,,,,,False,1.0,CT0015600,134103157854121915,2025-11-14 17:18:48.487000,17:18:48.487000,2025,14-299,,Traffic Control Signal,2025
2025-12-15 18:43:09.777000,7970449.0,CT0015600,West Haven,Racial Profile,1000465,2500053972,Incident ID,2025-11-15 00:00:00,November,W,H,M,25,True,False,West Haven,Boston Post Road / Jaffrey Street,  ,  ,V,G,1.0,0,14-12(a)*,,False,N,False,False,V,,,,,False,1.0,CT0015600,134103157854121915,2025-11-15 04:25:57.030000,04:25:57.030000,2025,38a-371,,Registration,2025
2025-12-15 18:43:10.017000,7970531.0,CT0015600,West Haven,Racial Profile,1000665,2500053987,Incident ID,2025-11-15 00:00:00,November,W,H,M,55,True,True,West Haven,Wagner Place,  ,  ,V,G,1.0,0,14-301,,False,N,False,False,V,,,,,False,1.0,CT0015600,134103157854121915,2025-11-15 08:15:08.160000,08:15:08.160000,2025,14-301,,Stop Sign,2025
2025-12-15 18:43:10.103000,7970564.0,CT0015600,West Haven,Racial Profile,1000688,2500053967,Incident ID,2025-11-15 00:00:00,November,W,N,M,21,True,False,West Haven,main/ painter dr,  ,  ,V,G,1.0,0,14-299,,False,N,False,False,V,,,,,False,1.0,CT0015600,134103157854121915,2025-11-15 02:36:44.567000,02:36:44.567000,2025,14-299,,Traffic Control Signal,2025
2025-12-15 18:43:09.780000,7970450.0,CT0015600,West Haven,Racial Profile,1000465,2500054059,Incident ID,2025-11-15 00:00:00,November,W,N,M,40,True,True,WEST HAVEN,480 Saw Mill Road,  ,  ,V,G,2.0,0,14-236,,True,O,True,False,M,,,,,False,1.0,CT0015600,134103157854121915,2025-11-15 19:26:07.470000,19:26:07.470000,2025,21a-267(a),,Moving Violation,2025
2025-12-15 18:43:10.020000,7970532.0,CT0015600,West Haven,Racial Profile,1000665,2500053988,Incident ID,2025-11-15 00:00:00,November,W,N,F,20,False,False,West Haven,Campbell Ave,  ,  ,V,G,1.0,0,14-147(c),,False,N,False,False,V,,,,,False,1.0,CT0015600,134103157854121915,2025-11-15 08:21:02.413000,08:21:02.413000,2025,none,,Administrative Offense,2025
2025-12-15 18:43:10.020000,7970533.0,CT0015600,West Haven,Racial Profile,1000665,2500054000,Incident ID,2025-11-15 00:00:00,November,W,H,M,27,False,False,West Haven,Campbell Ave,  ,  ,V,G,2.0,1,14-147(c),,True,I,False,True,M,,,,,False,1.0,CT0015600,134103157854121915,2025-11-15 09:28:17.403000,09:28:17.403000,2025,38a-371,,Administrative Offense,2025
2025-12-15 18:43:10.107000,7970565.0,CT0015600,West Haven,Racial Profile,1000688,2500053970,Incident ID,2025-11-15 00:00:00,November,B,N,F,30,True,True,West Haven,wharton/washington,  ,  ,V,G,2.0,1,14-147(c),,False,N,False,False,M,,,,,False,1.0,CT0015600,134103157854121915,2025-11-15 03:46:26.130000,03:46:26.130000,2025,38a-371,,Administrative Offense,2025
2025-12-15 18:43:09.853000,7970471.0,CT0015600,West Haven,Racial Profile,1000602,2500054108,Incident ID,2025-11-16 00:00:00,November,W,H,M,33,True,False,West Haven,main street,  ,  ,V,G,2.0,1,14-147(c),,True,I,False,False,M,,,,,False,1.0,CT0015600,134103157854121915,2025-11-16 00:49:54.297000,00:49:54.297000,2025,38a-371,,Administrative Offense,2025
2025-12-15 18:43:09.857000,7970472.0,CT0015600,West Haven,Racial Profile,1000602,2500054116,Incident ID,2025-11-16 00:00:00,November,W,H,M,48,True,False,West Haven,campbell avenue,  ,  ,V,G,2.0,1,14-147(c),,True,I,True,False,M,,,,,False,1.0,CT0015600,134103157854121915,2025-11-16 01:28:43.037000,01:28:43.037000,2025,14-215a,,Administrative Offense,2025
2025-12-15 18:43:10.050000,7970545.0,CT0015600,West Haven,Racial Profile,1000675,2500054121,Incident ID,2025-11-16 00:00:00,November,B,N,M,44,True,True,West Haven,campbell avenue/lamson,  ,  ,V,G,1.0,0,14-299,,False,N,False,False,V,,,,,False,1.0,CT0015600,134103157854121915,2025-11-16 02:45:44.027000,02:45:44.027000,2025,,,Traffic Control Signal,2025
2025-12-15 18:43:10.110000,7970567.0,CT0015600,West Haven,Racial Profile,1000688,2500054126,Incident ID,2025-11-16 00:00:00,November,B,N,M,44,True,False,West Haven,main/third,  ,  ,V,G,1.0,0,14-12(a),,False,N,False,False,V,,,,,False,1.0,CT0015600,134103157854121915,2025-11-16 03:05:42.037000,03:05:42.037000,2025,14-12(a),,Registration,2025
2025-12-15 18:43:09.937000,7970504.0,CT0015600,West Haven,Racial Profile,1000637,2500054214,Incident ID,2025-11-16 00:00:00,November,W,H,M,23,True,True,WEST HAVEN,SAWMILL ROAD,  ,  ,V,G,1.0,0,14-80(a),,False,N,False,False,I,,,,,False,1.0,CT0015600,134103157854121915,2025-11-16 18:58:23.563000,18:58:23.563000,2025,,,Equipment Violation,2025
2025-12-15 18:43:10.023000,7970534.0,CT0015600,West Haven,Racial Profile,1000665,2500054221,Incident ID,2025-11-16 00:00:00,November,B,N,M,19,True,False,West Haven,Elm Street,  ,  ,V,G,1.0,1,14-147(a),,True,I,False,False,M,,,,,False,1.0,CT0015600,134103157854121915,2025-11-16 21:33:14.040000,21:33:14.040000,2025,38a-371,,Administrative Offense,2025
2025-12-15 18:43:10.107000,7970566.0,CT0015600,West Haven,Racial Profile,1000688,2500054119,Incident ID,2025-11-16 00:00:00,November,B,N,F,34,True,False,West Haven,park/campbell,  ,  ,V,G,1.0,0,14-215,,False,N,False,False,V,,,,,False,1.0,CT0015600,134103157854121915,2025-11-16 02:03:53.517000,02:03:53.517000,2025,14-36a(c),,Administrative Offense,2025
2025-12-15 18:43:09.680000,7970424.0,CT0015600,West Haven,Racial Profile,1155,2500054103,Incident ID,2025-11-16 00:00:00,November,W,H,F,29,True,False,West Haven,campbell ave/ york st,  ,  ,V,G,1.0,0,14-243(a),,False,N,False,False,V,,,,,False,1.0,CT0015600,134103157854121915,2025-11-16 00:37:59.823000,00:37:59.823000,2025,,,Moving Violation,2025
2025-12-15 18:43:09.933000,7970503.0,CT0015600,West Haven,Racial Profile,1000637,2500054212,Incident ID,2025-11-16 00:00:00,November,W,H,M,26,True,False,West Haven,FOREST AND BRISTOL,  ,  ,V,G,1.0,0,14-299,,False,N,False,False,V,,,,,False,1.0,CT0015600,134103157854121915,2025-11-16 18:30:14.620000,18:30:14.620000,2025,,,Traffic Control Signal,2025
2025-12-15 18:43:10.060000,7970548.0,CT0015600,West Haven,Racial Profile,1000678,2500054101,Incident ID,2025-11-16 00:00:00,November,W,H,F,37,True,True,West Haven,Campbell Ave and Blohm Street ,  ,  ,I,G,2.0,1,14-147,,False,N,False,False,M,,,,,False,1.0,CT0015600,134103157854121915,2025-11-16 00:36:26.903000,00:36:26.903000,2025,38a-371,,Administrative Offense,2025
2025-12-15 18:43:09.683000,7970425.0,CT0015600,West Haven,Racial Profile,1155,2500054117,Incident ID,2025-11-16 00:00:00,November,W,H,F,29,True,False,West Haven,campbell ave/york st,  ,  ,V,G,1.0,0,14-243(a),,False,N,False,False,V,,,,,False,1.0,CT0015600,134103157854121915,2025-11-16 01:55:23.387000,01:55:23.387000,2025,,,Moving Violation,2025
2025-12-15 18:43:10.133000,7970576.0,CT0015600,West Haven,Racial Profile,1000698,2500054364,Incident ID,2025-11-17 00:00:00,November,W,N,F,30,True,True,West Haven,418 Blohm Street,  ,  ,V,B,1.0,0,14-96c,,False,N,False,False,V,,,,,False,1.0,CT0015600,134103157854121915,2025-11-17 18:22:51.707000,18:22:51.707000,2025,,,Defective Lights,2025
2025-12-15 18:43:09.877000,7970480.0,CT0015600,West Haven,Racial Profile,1000614,2500054358,Incident ID,2025-11-17 00:00:00,November,W,N,M,59,True,False,West Haven,Sprint Street/ Campbell Avenue,  ,  ,V,G,1.0,0,14-96a(a),,False,N,False,False,V,,,,,False,1.0,CT0015600,134103157854121915,2025-11-17 16:55:12.300000,16:55:12.300000,2025,,,Defective Lights,2025
2025-12-15 18:43:10.053000,7970546.0,CT0015600,West Haven,Racial Profile,1000675,2500054405,Incident ID,2025-11-18 00:00:00,November,B,N,M,63,True,False,West Haven,Savin Ave/Center St,  ,  ,V,G,1.0,0,14-299,,False,N,False,False,V,,,,,False,1.0,CT0015600,134103157854121915,2025-11-18 01:47:17.120000,01:47:17.120000,2025,,,Traffic Control Signal,2025
2025-12-15 18:43:09.720000,7970432.0,CT0015600,West Haven,Racial Profile,1162,2500054458,Incident ID,2025-11-18 00:00:00,November,W,N,F,47,True,False,West Haven,first ave/campbell ave,  ,  ,V,G,1.0,0,14-299,,False,N,False,False,V,,,,,False,1.0,CT0015600,134103157854121915,2025-11-18 09:46:43.810000,09:46:43.810000,2025,,,Traffic Control Signal,2025
2025-12-15 18:43:09.920000,7970497.0,CT0015600,West Haven,Racial Profile,1000626,2500054460,Incident ID,2025-11-18 00:00:00,November,W,H,M,44,True,False,WEST HAVEN,1193 campbell avenue,  ,  ,V,G,1.0,0,14-12(a),,False,N,False,False,I,,,,,False,1.0,CT0015600,134103157854121915,2025-11-18 10:00:12.490000,10:00:12.490000,2025,14-12(a),,Registration,2025
2025-12-15 18:43:09.967000,7970518.0,CT0015600,West Haven,Racial Profile,1000661,2500054464,Incident ID,2025-11-18 00:00:00,November,W,N,M,37,True,True,West Haven,Colonial Blvd/ Roosevelt Ave,  ,  ,V,G,1.0,0,14-296aa(b),,False,N,False,False,V,,,,,False,1.0,CT0015600,134103157854121915,2025-11-18 10:21:51.577000,10:21:51.577000,2025,14-296aa(b),,Cell Phone,2025
2025-12-15 18:43:09.757000,7970442.0,CT0015600,West Haven,Racial Profile,1000333,2500054613,Incident ID,2025-11-19 00:00:00,November,B,N,F,40,True,False,West Haven,brown St & union Ave.,  ,  ,V,G,1.0,0,14-301,,False,N,False,False,I,,,,,False,1.0,CT0015600,134103157854121915,2025-11-19 09:58:00.347000,09:58:00.347000,2025,,,Stop Sign,2025
2025-12-15 18:43:09.880000,7970481.0,CT0015600,West Haven,Racial Profile,1000614,2500054671,Incident ID,2025-11-19 00:00:00,November,W,H,F,37,True,False,West Haven,Coleman Street/West Spring Street,  ,  ,V,G,1.0,0,14-96a(a),,False,N,False,False,V,,,,,False,1.0,CT0015600,134103157854121915,2025-11-19 17:46:43.993000,17:46:43.993000,2025,38a-371,,Defective Lights,2025
2025-12-15 18:43:10.030000,7970536.0,CT0015600,West Haven,Racial Profile,1000665,2500054839,Incident ID,2025-11-20 00:00:00,November,B,N,F,42,True,False,West Haven,Forest Road,  ,  ,V,G,1.0,0,14-147(c),,False,N,False,False,V,,,,,False,1.0,CT0015600,134103157854121915,2025-11-20 18:48:06.063000,18:48:06.063000,2025,14-147(c),,Administrative Offense,2025
2025-12-15 18:43:10.060000,7970549.0,CT0015600,West Haven,Racial Profile,1000678,2500054732,Incident ID,2025-11-20 00:00:00,November,W,H,M,36,True,False,West Haven,Derby and Morse,  ,  ,V,G,1.0,0,14-219,,False,N,False,False,V,,,,,False,1.0,CT0015600,134103157854121915,2025-11-20 01:52:53.797000,01:52:53.797000,2025,14-219,,Speed Related,2025
2025-12-15 18:43:10.070000,7970552.0,CT0015600,West Haven,Racial Profile,1000678,2500054739,Incident ID,2025-11-20 00:00:00,November,B,N,M,48,True,False,WEST HAVEN,derby ave ,  ,  ,V,G,1.0,0,14-219,,False,N,False,False,V,,,,,False,1.0,CT0015600,134103157854121915,2025-11-20 02:22:18.580000,02:22:18.580000,2025,14-219,,Speed Related,2025
2025-12-15 18:43:10.070000,7970553.0,CT0015600,West Haven,Racial Profile,1000678,2500054743,Incident ID,2025-11-20 00:00:00,November,W,N,M,25,True,False,WEST HAVEN,derby ave,  ,  ,V,G,1.0,0,14-219,,False,N,False,False,V,,,,,False,1.0,CT0015600,134103157854121915,2025-11-20 02:55:07.063000,02:55:07.063000,2025,14-219,,Speed Related,2025
2025-12-15 18:43:10.113000,7970568.0,CT0015600,West Haven,Racial Profile,1000688,2500054720,Incident ID,2025-11-20 00:00:00,November,W,N,M,38,True,False,West Haven,derby/morris,  ,  ,I,B,1.0,0,14-219,,False,N,False,False,V,,,,,False,1.0,CT0015600,134103157854121915,2025-11-20 01:06:35.657000,01:06:35.657000,2025,14-219,,Speed Related,2025
2025-12-15 18:43:09.857000,7970473.0,CT0015600,West Haven,Racial Profile,1000602,2500054784,Incident ID,2025-11-20 00:00:00,November,W,N,M,50,True,True,WEST HAVEN,elm street,  ,  ,V,G,1.0,0,14-12(a)*,,False,N,False,False,V,,,,,False,1.0,CT0015600,134103157854121915,2025-11-20 11:01:15.737000,11:01:15.737000,2025,,,Registration,2025
2025-12-15 18:43:09.860000,7970474.0,CT0015600,West Haven,Racial Profile,1000602,2500054847,Incident ID,2025-11-20 00:00:00,November,B,N,F,41,True,True,West Haven,first avenue,  ,  ,V,G,1.0,0,14-147(c),,False,N,False,False,V,,,,,False,1.0,CT0015600,134103157854121915,2025-11-20 21:08:51.087000,21:08:51.087000,2025,,,Administrative Offense,2025
2025-12-15 18:43:10.063000,7970550.0,CT0015600,West Haven,Racial Profile,1000678,2500054734,Incident ID,2025-11-20 00:00:00,November,W,H,M,25,True,False,West Haven,Derby ave,  ,  ,V,G,1.0,0,14-219,,False,N,False,False,V,,,,,False,1.0,CT0015600,134103157854121915,2025-11-20 01:58:22.920000,01:58:22.920000,2025,14-219,,Speed Related,2025
2025-12-15 18:43:10.067000,7970551.0,CT0015600,West Haven,Racial Profile,1000678,2500054738,Incident ID,2025-11-20 00:00:00,November,W,H,M,39,False,False,West Haven,DERBY AVE AND MORRIS,  ,  ,V,G,1.0,0,14-219,,False,N,False,False,V,,,,,False,1.0,CT0015600,134103157854121915,2025-11-20 02:14:55.463000,02:14:55.463000,2025,14-219,,Speed Related,2025
2025-12-15 18:43:10.120000,7970571.0,CT0015600,West Haven,Racial Profile,1000688,2500054741,Incident ID,2025-11-20 00:00:00,November,B,N,M,31,True,False,West Haven,derby/morris,  ,  ,V,B,1.0,0,14-219,,False,N,False,False,V,,,,,False,1.0,CT0015600,134103157854121915,2025-11-20 02:36:56.103000,02:36:56.103000,2025,14-219,,Speed Related,2025
2025-12-15 18:43:10.123000,7970572.0,CT0015600,West Haven,Racial Profile,1000688,2500054744,Incident ID,2025-11-20 00:00:00,November,W,H,F,36,False,False,West Haven,derby/morris,  ,  ,V,B,1.0,0,14-219,,False,N,False,False,V,,,,,False,1.0,CT0015600,134103157854121915,2025-11-20 02:58:41.773000,02:58:41.773000,2025,14-219,,Speed Related,2025
2025-12-15 18:43:09.957000,7970514.0,CT0015600,West Haven,Racial Profile,1000658,2500054803,Incident ID,2025-11-20 00:00:00,November,W,H,M,19,True,True,West Haven,hall st,  ,  ,V,G,2.0,1,14-147(c),,True,I,False,False,M,,,,,False,1.0,CT0015600,134103157854121915,2025-11-20 14:00:19.490000,14:00:19.490000,2025,38a-371,,Administrative Offense,2025
2025-12-15 18:43:10.030000,7970537.0,CT0015600,West Haven,Racial Profile,1000665,2500054843,Incident ID,2025-11-20 00:00:00,November,W,H,M,43,True,False,West Haven,Orford Street,  ,  ,V,G,2.0,0,14-147(c),,False,N,False,False,V,,,,,False,1.0,CT0015600,134103157854121915,2025-11-20 19:34:49.190000,19:34:49.190000,2025,38a-371,,Administrative Offense,2025
2025-12-15 18:43:09.863000,7970475.0,CT0015600,West Haven,Racial Profile,1000602,2500054850,Incident ID,2025-11-20 00:00:00,November,W,H,M,19,True,True,West Haven,elm street,  ,  ,V,G,1.0,1,14-147(c),,True,I,False,False,I,,,,,False,1.0,CT0015600,134103157854121915,2025-11-20 21:19:40.063000,21:19:40.063000,2025,,,Administrative Offense,2025
2025-12-15 18:43:09.910000,7970492.0,CT0015600,West Haven,Racial Profile,1000616,2500054721,Incident ID,2025-11-20 00:00:00,November,B,N,M,21,True,False,West Haven,Derby Ave,  ,  ,V,S,1.0,0,14-219,,False,N,False,False,V,,,,,False,1.0,CT0015600,134103157854121915,2025-11-20 01:09:57.530000,01:09:57.530000,2025,,,Speed Related,2025
2025-12-15 18:43:09.910000,7970493.0,CT0015600,West Haven,Racial Profile,1000616,2500054728,Incident ID,2025-11-20 00:00:00,November,W,H,M,36,False,False,West Haven,Derby Ave ,  ,  ,V,S,1.0,0,14-219,,False,N,False,False,V,,,,,False,1.0,CT0015600,134103157854121915,2025-11-20 01:28:54.707000,01:28:54.707000,2025,,,Speed Related,2025
2025-12-15 18:43:10.027000,7970535.0,CT0015600,West Haven,Racial Profile,1000665,2500054836,Incident ID,2025-11-20 00:00:00,November,B,N,F,34,True,False,WEST HAVEN,BPR,  ,  ,V,G,1.0,0,14-36(a),,False,N,False,False,V,,,,,False,1.0,CT0015600,134103157854121915,2025-11-20 18:21:43.770000,18:21:43.770000,2025,14-36(a),,Unlicensed Operation,2025
2025-12-15 18:43:10.033000,7970538.0,CT0015600,West Haven,Racial Profile,1000665,2500054845,Incident ID,2025-11-20 00:00:00,November,B,N,M,22,True,False,West Haven,BPR,  ,  ,V,G,2.0,1,14-147(c),,True,I,False,True,M,,,,,False,1.0,CT0015600,134103157854121915,2025-11-20 19:56:59.423000,19:56:59.423000,2025,38a-371,,Administrative Offense,2025
2025-12-15 18:43:10.117000,7970569.0,CT0015600,West Haven,Racial Profile,1000688,2500054733,Incident ID,2025-11-20 00:00:00,November,W,N,F,50,True,False,West Haven,derby/morris,  ,  ,V,B,1.0,0,14-219,,False,N,False,False,V,,,,,False,1.0,CT0015600,134103157854121915,2025-11-20 01:55:57.760000,01:55:57.760000,2025,14-219,,Speed Related,2025
2025-12-15 18:43:10.120000,7970570.0,CT0015600,West Haven,Racial Profile,1000688,2500054736,Incident ID,2025-11-20 00:00:00,November,W,H,M,46,False,False,West Haven,derby/morris,  ,  ,V,B,1.0,0,14-219,,False,N,False,False,V,,,,,False,1.0,CT0015600,134103157854121915,2025-11-20 02:12:52.630000,02:12:52.630000,2025,14-219,,Speed Related,2025
2025-12-15 18:43:10.137000,7970577.0,CT0015600,West Haven,Racial Profile,1000698,2500054838,Incident ID,2025-11-20 00:00:00,November,B,N,F,38,True,False,West Haven,Wood Street/Fourth Avenue,  ,  ,V,B,2.0,0,14-12(a)*,,False,N,False,True,M,,,,,False,1.0,CT0015600,134103157854121915,2025-11-20 18:34:38.403000,18:34:38.403000,2025,,,Registration,2025
2025-12-15 18:43:10.037000,7970539.0,CT0015600,West Haven,Racial Profile,1000665,2500054938,Incident ID,2025-11-21 00:00:00,November,B,N,F,37,True,False,West Haven,Island Lane,  ,  ,V,G,1.0,0,14-301,,False,N,False,False,V,,,,,False,1.0,CT0015600,134103157854121915,2025-11-21 10:07:21.473000,10:07:21.473000,2025,38a-371,,Stop Sign,2025
2025-12-15 18:43:10.040000,7970540.0,CT0015600,West Haven,Racial Profile,1000665,2500054992,Incident ID,2025-11-21 00:00:00,November,W,H,M,28,False,False,West Haven,Boston Post Road,  ,  ,V,G,2.0,0,14-236,,False,N,False,False,I,,,,,False,1.0,CT0015600,134103157854121915,2025-11-21 17:10:37.237000,17:10:37.237000,2025,14-236,,Moving Violation,2025
2025-12-15 18:43:09.987000,7970524.0,CT0015600,West Haven,Racial Profile,1000662,2500055018,Incident ID,2025-11-21 00:00:00,November,W,H,M,40,True,False,West Haven,Elm Street / Kimberly Ave,  ,  ,V,G,2.0,1,14-147,,True,I,False,False,M,,,,,False,1.0,CT0015600,134103157854121915,2025-11-21 20:56:56.787000,20:56:56.787000,2025,38a-371,,Administrative Offense,2025
2025-12-15 18:43:09.867000,7970476.0,CT0015600,West Haven,Racial Profile,1000602,2500055025,Incident ID,2025-11-21 00:00:00,November,W,H,M,41,True,True,WEST HAVEN,elm street,  ,  ,V,G,1.0,0,14-147(c),,False,N,False,False,I,,,,,False,1.0,CT0015600,134103157854121915,2025-11-21 21:30:03.690000,21:30:03.690000,2025,,,Administrative Offense,2025
2025-12-15 18:43:09.870000,7970478.0,CT0015600,West Haven,Racial Profile,1000602,2500055033,Incident ID,2025-11-21 00:00:00,November,B,N,F,24,True,False,West Haven,campbell avenue,  ,  ,V,G,1.0,0,14-299,,False,N,False,False,I,,,,,False,1.0,CT0015600,134103157854121915,2025-11-21 23:15:00.570000,23:15:00.570000,2025,,,Traffic Control Signal,2025
2025-12-15 18:43:10.073000,7970554.0,CT0015600,West Haven,Racial Profile,1000687,2500054886,Incident ID,2025-11-21 00:00:00,November,B,N,M,22,False,False,WEST HAVEN,Campbell/West Spring,  ,  ,V,G,1.0,0,14-299,,False,N,False,False,V,,,,,False,1.0,CT0015600,134103157854121915,2025-11-21 02:36:37.363000,02:36:37.363000,2025,14-299,,Traffic Control Signal,2025
2025-12-15 18:43:09.690000,7970426.0,CT0015600,West Haven,Racial Profile,1155,2500054875,Incident ID,2025-11-21 00:00:00,November,W,M,M,18,True,True,West Haven,main st/washington ave,  ,  ,V,G,1.0,0,14-299,,False,N,False,False,V,,,,,False,1.0,CT0015600,134103157854121915,2025-11-21 00:47:07.307000,00:47:07.307000,2025,,,Traffic Control Signal,2025
2025-12-15 18:43:09.737000,7970438.0,CT0015600,West Haven,Racial Profile,1200,2500054920,Incident ID,2025-11-21 00:00:00,November,B,N,F,34,True,True,WEST HAVEN,545 CAMPBELL AVE,  ,  ,I,G,1.0,0,INVESTIGATION,,False,N,False,False,N,,,,,False,1.0,CT0015600,134103157854121915,2025-11-21 08:37:37.220000,08:37:37.220000,2025,,,Other,2025
2025-12-15 18:43:10.140000,7970578.0,CT0015600,West Haven,Racial Profile,1000698,2500055013,Incident ID,2025-11-21 00:00:00,November,W,H,M,32,True,False,West Haven,Saw Mill Rd/Elm Street,  ,  ,V,B,1.0,0,14-12(a)*,,False,N,False,False,V,,,,,False,1.0,CT0015600,134103157854121915,2025-11-21 19:56:51.837000,19:56:51.837000,2025,,,Registration,2025
2025-12-15 18:43:10.160000,7970588.0,CT0015600,West Haven,Racial Profile,1000699,2500054950,Incident ID,2025-11-21 00:00:00,November,B,N,M,61,True,True,WEST HAVEN,Hoffman St/Boston Post Rd,  ,  ,I,G,1.0,0,14-12(a)*,,False,N,False,False,W,,,,,False,1.0,CT0015600,134103157854121915,2025-11-21 11:10:58.863000,11:10:58.863000,2025,14-12(a)*,,Registration,2025
2025-12-15 18:43:09.690000,7970427.0,CT0015600,West Haven,Racial Profile,1155,2500055031,Incident ID,2025-11-21 00:00:00,November,W,N,M,26,True,True,West Haven,Campbell ave/ Elm Street,  ,  ,V,G,2.0,0,14-299,,False,N,False,False,I,,,,,False,1.0,CT0015600,134103157854121915,2025-11-21 22:37:40.107000,22:37:40.107000,2025,,,Traffic Control Signal,2025
2025-12-15 18:43:09.870000,7970477.0,CT0015600,West Haven,Racial Profile,1000602,2500055027,Incident ID,2025-11-21 00:00:00,November,W,H,F,28,True,False,West Haven,Elm Street,  ,  ,V,G,2.0,1,38a-371,,True,I,False,False,I,,,,,False,1.0,CT0015600,134103157854121915,2025-11-21 21:52:29.293000,21:52:29.293000,2025,14-36(a),,Other,2025
2025-12-15 18:43:09.913000,7970494.0,CT0015600,West Haven,Racial Profile,1000616,2500055047,Incident ID,2025-11-22 00:00:00,November,W,N,M,33,False,False,West Haven,cAMPBELL AVE,  ,  ,V,G,1.0,0,14-301,,False,N,False,False,V,,,,,False,1.0,CT0015600,134103157854121915,2025-11-22 00:49:10.997000,00:49:10.997000,2025,,,Stop Sign,2025
2025-12-15 18:43:09.697000,7970428.0,CT0015600,West Haven,Racial Profile,1155,2500055153,Incident ID,2025-11-22 00:00:00,November,W,N,M,46,True,True,West Haven,fist ave/ spring st,  ,  ,V,G,1.0,0,14-299,,False,N,False,False,V,,,,,False,1.0,CT0015600,134103157854121915,2025-11-22 18:48:06.777000,18:48:06.777000,2025,,,Traffic Control Signal,2025
2025-12-15 18:43:09.940000,7970505.0,CT0015600,West Haven,Racial Profile,1000637,2500055155,Incident ID,2025-11-22 00:00:00,November,W,H,M,25,True,False,West Haven,sawmill rd,  ,  ,V,G,1.0,0,14-299,,False,N,False,False,V,,,,,False,1.0,CT0015600,134103157854121915,2025-11-22 18:52:54.587000,18:52:54.587000,2025,,,Traffic Control Signal,2025
2025-12-15 18:43:09.760000,7970443.0,CT0015600,West Haven,Racial Profile,1000333,2500055418,Incident ID,2025-11-24 00:00:00,November,W,H,F,30,True,True,West Haven,Saw Mill Rd & Hillcrest ave,  ,  ,V,G,1.0,0,14-299,,False,N,False,False,V,,,,,False,1.0,CT0015600,134103157854121915,2025-11-24 13:05:13.760000,13:05:13.760000,2025,,,Traffic Control Signal,2025
2025-12-15 18:43:09.923000,7970498.0,CT0015600,West Haven,Racial Profile,1000626,2500055424,Incident ID,2025-11-24 00:00:00,November,W,N,M,43,True,False,WEST HAVEN,1089 Campbell Avenue,  ,  ,V,G,1.0,0,14-12(a),,False,N,False,False,N,,,,,False,1.0,CT0015600,134103157854121915,2025-11-24 13:58:55.527000,13:58:55.527000,2025,14-12(a),,Registration,2025
2025-12-15 18:43:09.723000,7970433.0,CT0015600,West Haven,Racial Profile,1162,2500055391,Incident ID,2025-11-24 00:00:00,November,W,H,F,33,True,True,West Haven,first/baggot,  ,  ,V,G,1.0,0,1412(a)*,,False,N,False,False,V,,,,,False,1.0,CT0015600,134103157854121915,2025-11-24 10:09:47.823000,10:09:47.823000,2025,,,Registration,2025
2025-12-15 18:43:09.797000,7970458.0,CT0015600,West Haven,Racial Profile,1000539,2500055580,Incident ID,2025-11-25 00:00:00,November,B,N,F,33,True,True,West Haven,stevens/w prospect,  ,  ,V,G,1.0,0,14-301,,False,N,False,False,V,,,,,False,1.0,CT0015600,134103157854121915,2025-11-25 14:16:46.330000,14:16:46.330000,2025,,,Stop Sign,2025
2025-12-15 18:43:09.970000,7970520.0,CT0015600,West Haven,Racial Profile,1000661,2500055565,Incident ID,2025-11-25 00:00:00,November,B,N,M,41,True,True,West Haven,Main St/ Lake Ave,  ,  ,V,G,1.0,0,14-296aa(b),,False,N,False,False,V,,,,,False,1.0,CT0015600,134103157854121915,2025-11-25 13:11:52.083000,13:11:52.083000,2025,14-296aa(b),,Cell Phone,2025
2025-12-15 18:43:09.797000,7970457.0,CT0015600,West Haven,Racial Profile,1000539,2500055566,Incident ID,2025-11-25 00:00:00,November,W,N,M,22,True,True,West Haven,elm/savin,  ,  ,V,G,1.0,0,14-296aa(b),,False,N,False,False,V,,,,,False,1.0,CT0015600,134103157854121915,2025-11-25 13:12:49.533000,13:12:49.533000,2025,,,Cell Phone,2025
2025-12-15 18:43:09.970000,7970519.0,CT0015600,West Haven,Racial Profile,1000661,2500055550,Incident ID,2025-11-25 00:00:00,November,B,N,F,37,True,False,West Haven,Allingscrossing Rd/ Island Ln,  ,  ,V,G,2.0,1,14-242,,False,N,False,False,M,,,,,False,1.0,CT0015600,134103157854121915,2025-11-25 11:29:13.233000,11:29:13.233000,2025,38a-371,,Moving Violation,2025
2025-12-15 18:43:09.880000,7970482.0,CT0015600,West Haven,Racial Profile,1000614,2500055545,Incident ID,2025-11-25 00:00:00,November,W,N,F,32,True,True,West Haven,kelsey Ave/ Circle St,  ,  ,V,G,1.0,0,14-298,,False,N,False,False,V,,,,,False,1.0,CT0015600,134103157854121915,2025-11-25 10:40:31.897000,10:40:31.897000,2025,,,STC Violation,2025
2025-12-15 18:43:10.057000,7970547.0,CT0015600,West Haven,Racial Profile,1000675,2500055514,Incident ID,2025-11-25 00:00:00,November,B,N,M,50,True,True,West Haven,campbell ave/ruden,  ,  ,E,G,1.0,0,14-96y,,False,N,False,False,V,,,,,False,1.0,CT0015600,134103157854121915,2025-11-25 02:35:05.630000,02:35:05.630000,2025,,,Defective Lights,2025
2025-12-15 18:43:09.790000,7970454.0,CT0015600,West Haven,Racial Profile,1000525,2500055651,Incident ID,2025-11-26 00:00:00,November,W,N,M,71,True,False,West Haven,Campbell Ave/I-95 SB ramp,  ,  ,V,G,1.0,0,14-299,,False,N,False,False,V,,,,,False,1.0,CT0015600,134103157854121915,2025-11-26 00:26:23.030000,00:26:23.030000,2025,14-299,,Traffic Control Signal,2025
2025-12-15 18:43:09.843000,7970467.0,CT0015600,West Haven,Racial Profile,1000592,2500055652,Incident ID,2025-11-26 00:00:00,November,B,N,M,28,True,False,West Haven,Elm and Washington,  ,  ,V,B,1.0,0,14-147,,False,N,False,False,V,,,,,False,1.0,CT0015600,134103157854121915,2025-11-26 00:33:12.740000,00:33:12.740000,2025,38a-371,,Administrative Offense,2025
2025-12-15 18:43:09.927000,7970499.0,CT0015600,West Haven,Racial Profile,1000626,2500055741,Incident ID,2025-11-26 00:00:00,November,B,N,M,40,True,False,WEST HAVEN,atwood place,  ,  ,V,G,1.0,0,14-12(a),,False,N,False,False,V,,,,,False,1.0,CT0015600,134103157854121915,2025-11-26 13:14:00.097000,13:14:00.097000,2025,14-12(a),,Registration,2025
2025-12-15 18:43:09.813000,7970459.0,CT0015600,West Haven,Racial Profile,1000539,2500055731,Incident ID,2025-11-26 00:00:00,November,W,N,M,19,True,False,West Haven,forest/orange,  ,  ,V,G,1.0,0,14-219,,False,N,False,False,V,,,,,False,1.0,CT0015600,134103157854121915,2025-11-26 12:17:55.457000,12:17:55.457000,2025,,,Speed Related,2025
2025-12-15 18:43:09.740000,7970439.0,CT0015600,West Haven,Racial Profile,1200,2500055737,Incident ID,2025-11-26 00:00:00,November,W,H,M,65,True,True,West Haven,ELM & WARD,  ,  ,E,G,1.0,0,,,False,N,False,False,V,,,,,False,1.0,CT0015600,134103157854121915,2025-11-26 12:56:16.957000,12:56:16.957000,2025,,,Other,2025
2025-12-15 18:43:10.040000,7970541.0,CT0015600,West Haven,Racial Profile,1000665,2500056036,Incident ID,2025-11-28 00:00:00,November,W,H,M,36,True,True,WEST HAVEN,Campbell Avenue,  ,  ,V,G,2.0,0,14-215(a),,False,N,False,False,V,,,,,False,1.0,CT0015600,134103157854121915,2025-11-28 18:28:26.117000,18:28:26.117000,2025,none,,Administrative Offense,2025
2025-12-15 18:43:09.940000,7970506.0,CT0015600,West Haven,Racial Profile,1000637,2500056056,Incident ID,2025-11-28 00:00:00,November,W,H,M,61,True,True,West Haven,FOREST AND DEBRY AVE,  ,  ,V,G,1.0,0,14-299,,False,N,False,False,V,,,,,False,1.0,CT0015600,134103157854121915,2025-11-28 21:34:23.910000,21:34:23.910000,2025,,,Traffic Control Signal,2025
2025-12-15 18:43:09.727000,7970434.0,CT0015600,West Haven,Racial Profile,1162,2500055977,Incident ID,2025-11-28 00:00:00,November,W,N,F,38,True,True,West Haven,saw mill/I-95 north,  ,  ,V,G,1.0,0,14-236,,False,N,False,False,V,,,,,False,1.0,CT0015600,134103157854121915,2025-11-28 11:00:42.057000,11:00:42.057000,2025,,,Moving Violation,2025
2025-12-15 18:43:09.873000,7970479.0,CT0015600,West Haven,Racial Profile,1000602,2500056046,Incident ID,2025-11-28 00:00:00,November,W,N,M,27,True,True,West Haven,thill street,  ,  ,V,G,2.0,1,14-12(a)*,,True,O,True,True,U,,,,,False,1.0,CT0015600,134103157854121915,2025-11-28 19:59:11.160000,19:59:11.160000,2025,21a-279(a)(1),,Registration,2025
2025-12-15 18:43:09.780000,7970451.0,CT0015600,West Haven,Racial Profile,1000465,2500056106,Incident ID,2025-11-29 00:00:00,November,W,H,M,50,True,False,West Haven,Campbell / York,  ,  ,V,G,1.0,0,38A-371,,False,N,False,False,V,,,,,False,1.0,CT0015600,134103157854121915,2025-11-29 09:27:29.787000,09:27:29.787000,2025,,,Other,2025
2025-12-15 18:43:09.783000,7970452.0,CT0015600,West Haven,Racial Profile,1000465,2500056107,Incident ID,2025-11-29 00:00:00,November,W,N,M,60,True,False,West Haven,Washington / Center,  ,  ,V,G,1.0,0,14-218a,,False,N,False,False,V,,,,,False,1.0,CT0015600,134103157854121915,2025-11-29 09:40:23.077000,09:40:23.077000,2025,,,Speed Related,2025
2025-12-15 18:43:09.697000,7970429.0,CT0015600,West Haven,Racial Profile,1155,2500056085,Incident ID,2025-11-29 00:00:00,November,W,H,M,28,True,True,West Haven,washington ave/ wood st,  ,  ,V,G,1.0,0,14-301,,False,N,False,False,I,,,,,False,1.0,CT0015600,134103157854121915,2025-11-29 02:21:42.853000,02:21:42.853000,2025,14-36(a),,Stop Sign,2025
2025-12-15 18:43:10.043000,7970542.0,CT0015600,West Haven,Racial Profile,1000665,2500056151,Incident ID,2025-11-29 00:00:00,November,B,N,F,64,True,True,West Haven,Campbell Ave,  ,  ,V,G,1.0,0,14-215(a),,False,N,False,False,V,,,,,False,1.0,CT0015600,134103157854121915,2025-11-29 17:11:47.557000,17:11:47.557000,2025,38a-371,,Administrative Offense,2025
2025-12-15 18:43:09.847000,7970468.0,CT0015600,West Haven,Racial Profile,1000592,2500056207,Incident ID,2025-11-30 00:00:00,November,W,H,M,30,False,False,West Haven,Spring,  ,  ,V,B,1.0,0,14-222,,False,N,False,False,N,,,,,False,1.0,CT0015600,134103157854121915,2025-11-30 01:31:52.327000,01:31:52.327000,2025,14-223(b),,Speed Related,2025
2025-12-15 18:43:09.927000,7970500.0,CT0015600,West Haven,Racial Profile,1000626,2500056245,Incident ID,2025-11-30 00:00:00,November,W,M,M,35,True,False,West Haven,Boston Post Road/ Front Avenue,  ,  ,V,G,1.0,0,14-299,,False,N,False,False,V,,,,,False,1.0,CT0015600,134103157854121915,2025-11-30 10:42:46.717000,10:42:46.717000,2025,14-299,,Traffic Control Signal,2025
2025-12-15 18:43:09.850000,7970469.0,CT0015600,West Haven,Racial Profile,1000592,2500056211,Incident ID,2025-11-30 00:00:00,November,B,N,M,39,True,False,West Haven,39 Elm Street,  ,  ,V,B,2.0,1,14-236,,False,N,False,True,U,,,,,False,1.0,CT0015600,134103157854121915,2025-11-30 02:14:29.467000,02:14:29.467000,2025,14-227a,,Moving Violation,2025
2026-01-26 08:04:18.960000,8149647.0,CT0015600,West Haven,Racial Profile,1162,2500056367,Incident ID,2025-12-01 00:00:00,December,B,N,M,69,True,True,West Haven,ocean/seaview,  ,  ,V,G,1.0,0,14-12(a)*,,False,N,False,False,V,,,,,False,1.0,CT0015600,134139062553040293,2025-12-01 10:46:55.350000,10:46:55.350000,2025,,,Registration,2025
2026-01-26 08:04:18.963000,8149648.0,CT0015600,West Haven,Racial Profile,1162,2500056370,Incident ID,2025-12-01 00:00:00,December,W,N,F,22,True,True,West Haven,woodmont/benham hill,  ,  ,V,G,1.0,0,38a-371,,False,N,False,False,V,,,,,False,1.0,CT0015600,134139062553040293,2025-12-01 10:52:51.633000,10:52:51.633000,2025,,,Other,2025
2026-01-26 08:04:19.367000,8149753.0,CT0015600,West Haven,Racial Profile,1000665,2500056446,Incident ID,2025-12-01 00:00:00,December,W,M,M,23,True,True,West Haven,Platt Ave,  ,  ,V,G,2.0,1,14-147(c),,True,I,False,False,M,,,,,False,1.0,CT0015600,134139062553040293,2025-12-01 21:41:56.447000,21:41:56.447000,2025,38a-371,,Administrative Offense,2025
2026-01-26 08:04:19.483000,8149789.0,CT0015600,West Haven,Racial Profile,1000699,2500056362,Incident ID,2025-12-01 00:00:00,December,B,N,M,28,True,True,West Haven,Campbell Ave/Center Street,  ,  ,I,G,1.0,0,14-12(a)*,,False,N,False,False,V,,,,,False,1.0,CT0015600,134139062553040293,2025-12-01 10:20:26.447000,10:20:26.447000,2025,14-12(a)*,,Registration,2025
2026-01-26 08:04:19.047000,8149668.0,CT0015600,West Haven,Racial Profile,1000539,2500056494,Incident ID,2025-12-02 00:00:00,December,B,N,M,35,True,False,West Haven,york/collis,  ,  ,V,G,1.0,0,14-301,,False,N,False,False,V,,,,,False,1.0,CT0015600,134139062553040293,2025-12-02 08:48:06.267000,08:48:06.267000,2025,,,Stop Sign,2025
2026-01-26 08:04:19.050000,8149669.0,CT0015600,West Haven,Racial Profile,1000539,2500056497,Incident ID,2025-12-02 00:00:00,December,W,M,M,52,True,False,West Haven,elm/sawmill,  ,  ,V,G,1.0,0,14-299,,False,N,False,False,V,,,,,False,1.0,CT0015600,134139062553040293,2025-12-02 09:01:16.450000,09:01:16.450000,2025,,,Traffic Control Signal,2025
2026-01-26 08:04:19.100000,8149683.0,CT0015600,West Haven,Racial Profile,1000592,2500056465,Incident ID,2025-12-02 00:00:00,December,W,H,M,25,True,True,West Haven,Campbell Ave and Dana Street,  ,  ,V,B,2.0,1,14-236,,False,N,False,True,U,,,,,False,1.0,CT0015600,134139062553040293,2025-12-02 01:05:47.143000,01:05:47.143000,2025,14-227a,,Moving Violation,2025
2026-01-26 08:04:19.380000,8149755.0,CT0015600,West Haven,Racial Profile,1000665,2500056463,Incident ID,2025-12-02 00:00:00,December,W,N,M,58,True,True,West Haven,Graham Manor,  ,  ,V,G,1.0,0,14-147(c),,False,N,False,False,V,,,,,False,1.0,CT0015600,134139062553040293,2025-12-02 00:51:38.967000,00:51:38.967000,2025,38a-371,,Administrative Offense,2025
2026-01-26 08:04:19.370000,8149754.0,CT0015600,West Haven,Racial Profile,1000665,2500056461,Incident ID,2025-12-02 00:00:00,December,B,N,F,40,True,False,West Haven,Campbell Ave,  ,  ,V,G,1.0,0,14-12(a)*,,False,N,False,False,V,,,,,False,1.0,CT0015600,134139062553040293,2025-12-02 00:35:46.763000,00:35:46.763000,2025,14-12(a)*,,Registration,2025
2026-01-26 08:04:18.983000,8149653.0,CT0015600,West Haven,Racial Profile,1189,2500056574,Incident ID,2025-12-02 00:00:00,December,W,N,M,35,True,True,West Haven,wagner/elm,  ,  ,V,G,1.0,0,14-299,,False,N,False,False,V,,,,,False,1.0,CT0015600,134139062553040293,2025-12-02 21:37:40.327000,21:37:40.327000,2025,14-299,,Traffic Control Signal,2025
2026-01-26 08:04:19.133000,8149691.0,CT0015600,West Haven,Racial Profile,1000602,2500056726,Incident ID,2025-12-03 00:00:00,December,W,H,M,42,True,True,West Haven,first ave,  ,  ,V,G,1.0,0,14-147(c),,False,N,False,False,V,,,,,False,1.0,CT0015600,134139062553040293,2025-12-03 21:36:39.310000,21:36:39.310000,2025,,,Administrative Offense,2025
2026-01-26 08:04:19.137000,8149692.0,CT0015600,West Haven,Racial Profile,1000602,2500056727,Incident ID,2025-12-03 00:00:00,December,B,N,M,35,True,True,WEST HAVEN,first ave,  ,  ,V,G,1.0,0,14-18(a),,False,N,False,False,V,,,,,False,1.0,CT0015600,134139062553040293,2025-12-03 21:46:29.023000,21:46:29.023000,2025,38a-371,,Display of Plates,2025
2026-01-26 08:04:19.140000,8149693.0,CT0015600,West Haven,Racial Profile,1000602,2500056733,Incident ID,2025-12-03 00:00:00,December,W,H,M,39,True,True,West Haven,first avenue,  ,  ,V,G,2.0,0,14-18(c),,False,N,False,False,M,,,,,False,1.0,CT0015600,134139062553040293,2025-12-03 22:27:29.253000,22:27:29.253000,2025,14-215a,,Display of Plates,2025
2026-01-26 08:04:18.993000,8149655.0,CT0015600,West Haven,Racial Profile,1200,2500056633,Incident ID,2025-12-03 00:00:00,December,W,H,M,55,True,True,West Haven,MAIN & WASH,  ,  ,V,G,3.0,1,14-232,,False,N,False,True,M,,,,,False,1.0,CT0015600,134139062553040293,2025-12-03 09:17:16.300000,09:17:16.300000,2025,STOLEN AUTO,,Moving Violation,2025
2026-01-26 08:04:19.130000,8149689.0,CT0015600,West Haven,Racial Profile,1000602,2500056714,Incident ID,2025-12-03 00:00:00,December,B,N,M,42,True,True,West Haven,wood street,  ,  ,V,G,2.0,1,14-147(c),,True,I,False,False,M,,,,,False,1.0,CT0015600,134139062553040293,2025-12-03 19:27:44.083000,19:27:44.083000,2025,38a-371,,Administrative Offense,2025
2026-01-26 08:04:19.130000,8149690.0,CT0015600,West Haven,Racial Profile,1000602,2500056717,Incident ID,2025-12-03 00:00:00,December,W,H,M,27,True,False,West Haven,wood st,  ,  ,V,G,3.0,1,14-18(a),,True,I,False,True,U,,,,,False,1.0,CT0015600,134139062553040293,2025-12-03 20:13:54.503000,20:13:54.503000,2025,53a-213,,Display of Plates,2025
2026-01-26 08:04:19.013000,8149659.0,CT0015600,West Haven,Racial Profile,1000465,2500056892,Incident ID,2025-12-04 00:00:00,December,W,N,M,53,True,False,West Haven,Spring / First,  ,  ,V,G,1.0,0,14-12(a)*,,False,N,False,False,V,,,,,False,1.0,CT0015600,134139062553040293,2025-12-04 19:49:12,19:49:12,2025,,,Registration,2025
2026-01-26 08:04:19.057000,8149671.0,CT0015600,West Haven,Racial Profile,1000539,2500056842,Incident ID,2025-12-04 00:00:00,December,B,N,F,64,True,True,WEST HAVEN,sawmill/york,  ,  ,V,G,1.0,0,14-230,,False,N,False,False,V,,,,,False,1.0,CT0015600,134139062553040293,2025-12-04 14:27:39.287000,14:27:39.287000,2025,,,Moving Violation,2025
2026-01-26 08:04:19.143000,8149694.0,CT0015600,West Haven,Racial Profile,1000602,2500056907,Incident ID,2025-12-04 00:00:00,December,B,N,M,32,True,False,West Haven,first avenyey,  ,  ,V,G,2.0,1,14-147(c),,True,I,False,False,M,,,,,False,1.0,CT0015600,134139062553040293,2025-12-04 22:02:21.707000,22:02:21.707000,2025,38a-371,,Administrative Offense,2025
2026-01-26 08:04:19.053000,8149670.0,CT0015600,West Haven,Racial Profile,1000539,2500056810,Incident ID,2025-12-04 00:00:00,December,W,M,M,29,False,False,West Haven,sawmill/greta,  ,  ,V,G,1.0,0,14-296aa(b),,False,N,False,False,V,,,,,False,1.0,CT0015600,134139062553040293,2025-12-04 10:08:11.450000,10:08:11.450000,2025,,,Cell Phone,2025
2026-01-26 08:04:19.297000,8149739.0,CT0015600,West Haven,Racial Profile,1000658,2500056901,Incident ID,2025-12-04 00:00:00,December,W,M,M,32,True,True,West Haven,forest rd,  ,  ,V,G,1.0,0,14-236,,False,N,False,False,V,,,,,False,1.0,CT0015600,134139062553040293,2025-12-04 20:57:03.110000,20:57:03.110000,2025,,,Moving Violation,2025
2026-01-26 08:04:19.510000,8149800.0,CT0015600,West Haven,Racial Profile,1000709,2500056875,Incident ID,2025-12-04 00:00:00,December,W,N,F,80,True,True,WEST HAVEN,main / washington ave,  ,  ,E,G,1.0,0,14-96c,,False,N,False,False,V,,,,,False,1.0,CT0015600,134139062553040293,2025-12-04 17:20:14.383000,17:20:14.383000,2025,14-96c,,Defective Lights,2025
2026-01-26 08:04:19,8149657.0,CT0015600,West Haven,Racial Profile,1200,2500056807,Incident ID,2025-12-04 00:00:00,December,W,H,M,45,True,True,West Haven,main & camp,  ,  ,E,G,1.0,0,14-99g(e),,False,N,False,False,V,,,,,False,1.0,CT0015600,134139062553040293,2025-12-04 09:59:55.720000,09:59:55.720000,2025,,,Window Tint,2025
2026-01-26 08:04:19.487000,8149790.0,CT0015600,West Haven,Racial Profile,1000699,2500056827,Incident ID,2025-12-04 00:00:00,December,W,N,M,50,True,False,West Haven,Campbell Ave/1st ave,  ,  ,V,G,1.0,0,14-299,,False,N,False,False,V,,,,,False,1.0,CT0015600,134139062553040293,2025-12-04 11:40:15.230000,11:40:15.230000,2025,14-299,,Traffic Control Signal,2025
2026-01-26 08:04:18.997000,8149656.0,CT0015600,West Haven,Racial Profile,1200,2500056799,Incident ID,2025-12-04 00:00:00,December,W,H,F,69,True,True,West Haven,CAMPBELL & NEW ,  ,  ,V,G,1.0,0,ILLEGAL U TURN,,False,N,False,False,V,,,,,False,1.0,CT0015600,134139062553040293,2025-12-04 08:56:08.220000,08:56:08.220000,2025,,,Other,2025
2026-01-26 08:04:19.147000,8149695.0,CT0015600,West Haven,Racial Profile,1000602,2500057044,Incident ID,2025-12-05 00:00:00,December,W,H,F,26,True,True,West Haven,wood street,  ,  ,V,G,1.0,0,14-147(c),,False,N,False,False,V,,,,,False,1.0,CT0015600,134139062553040293,2025-12-05 20:05:32.213000,20:05:32.213000,2025,,,Administrative Offense,2025
2026-01-26 08:04:19.150000,8149696.0,CT0015600,West Haven,Racial Profile,1000602,2500057047,Incident ID,2025-12-05 00:00:00,December,B,N,M,21,True,True,West Haven,washington ave,  ,  ,E,G,1.0,0,14-96e,,False,N,False,False,W,,,,,False,1.0,CT0015600,134139062553040293,2025-12-05 20:11:36.407000,20:11:36.407000,2025,,,Defective Lights,2025
2026-01-26 08:04:19.153000,8149697.0,CT0015600,West Haven,Racial Profile,1000602,2500057048,Incident ID,2025-12-05 00:00:00,December,B,N,M,48,True,False,West Haven,first avenue,  ,  ,V,G,2.0,1,14-147(c),,True,I,False,False,I,,,,,False,1.0,CT0015600,134139062553040293,2025-12-05 20:29:05.670000,20:29:05.670000,2025,,,Administrative Offense,2025
2026-01-26 08:04:18.960000,8149646.0,CT0015600,West Haven,Racial Profile,1155,2500057029,Incident ID,2025-12-05 00:00:00,December,W,H,M,32,True,True,West Haven,Captain thomas/ campbell ave,  ,  ,V,G,2.0,1,14-236,,False,N,False,False,I,,,,,False,1.0,CT0015600,134139062553040293,2025-12-05 17:32:40.790000,17:32:40.790000,2025,14-36(a),,Moving Violation,2025
2026-01-26 08:04:19.347000,8149751.0,CT0015600,West Haven,Racial Profile,1000662,2500057037,Incident ID,2025-12-05 00:00:00,December,W,H,M,32,True,False,WEST HAVEN,Campbell Ave. Curtiss Place,  ,  ,V,G,1.0,0,14-301,,False,N,False,False,V,,,,,False,1.0,CT0015600,134139062553040293,2025-12-05 18:52:57.750000,18:52:57.750000,2025,14-301,,Stop Sign,2025
2026-01-26 08:04:19.160000,8149698.0,CT0015600,West Haven,Racial Profile,1000602,2500057055,Incident ID,2025-12-05 00:00:00,December,B,N,F,32,True,True,West Haven,saw mill road,  ,  ,V,G,1.0,0,14-12(a)*,,False,N,False,False,V,,,,,False,1.0,CT0015600,134139062553040293,2025-12-05 21:21:48.060000,21:21:48.060000,2025,,,Registration,2025
2026-01-26 08:04:19.380000,8149756.0,CT0015600,West Haven,Racial Profile,1000665,2500057052,Incident ID,2025-12-05 00:00:00,December,W,M,M,27,True,True,WEST HAVEN,bpr,  ,  ,V,G,1.0,0,14-236,,False,N,False,False,I,,,,,False,1.0,CT0015600,134139062553040293,2025-12-05 20:59:37.710000,20:59:37.710000,2025,14-36(a),,Moving Violation,2025
2026-01-26 08:04:18.970000,8149649.0,CT0015600,West Haven,Racial Profile,1162,2500056978,Incident ID,2025-12-05 00:00:00,December,W,N,F,33,True,True,WEST HAVEN,saw mill/hood ter,  ,  ,V,G,1.0,0,14-12(a)*,,False,N,False,False,V,,,,,False,1.0,CT0015600,134139062553040293,2025-12-05 11:00:14.730000,11:00:14.730000,2025,,,Registration,2025
2026-01-26 08:04:19.363000,8149752.0,CT0015600,West Haven,Racial Profile,1000662,2500057233,Incident ID,2025-12-07 00:00:00,December,W,H,M,34,True,False,West Haven,Beach Street / Monahan Place,  ,  ,V,G,1.0,0,14-218a,,False,N,False,False,V,,,,,False,1.0,CT0015600,134139062553040293,2025-12-07 00:58:34.700000,00:58:34.700000,2025,14-218a,,Speed Related,2025
2026-01-26 08:04:19.387000,8149757.0,CT0015600,West Haven,Racial Profile,1000665,2500057300,Incident ID,2025-12-07 00:00:00,December,B,N,M,43,True,True,WEST HAVEN,Capt Thomas,  ,  ,V,G,1.0,0,14-12(a)*,,False,N,False,False,V,,,,,False,1.0,CT0015600,134139062553040293,2025-12-07 12:55:43.467000,12:55:43.467000,2025,14-12(a)*,,Registration,2025
2026-01-26 08:04:19.393000,8149758.0,CT0015600,West Haven,Racial Profile,1000665,2500057336,Incident ID,2025-12-07 00:00:00,December,B,N,F,42,True,False,West Haven,West Spring,  ,  ,V,G,2.0,1,14-147(c),,True,I,False,False,M,,,,,False,1.0,CT0015600,134139062553040293,2025-12-07 18:29:44.873000,18:29:44.873000,2025,38a-371,,Administrative Offense,2025
2026-01-26 08:04:19.250000,8149725.0,CT0015600,West Haven,Racial Profile,1000617,2500057501,Incident ID,2025-12-08 00:00:00,December,W,M,M,24,True,True,West Haven,Saw Mill Road/Greta Street,  ,  ,V,G,1.0,0,14-299,,True,N,False,False,V,,,,,False,1.0,CT0015600,134139062553040293,2025-12-08 22:22:53.123000,22:22:53.123000,2025,,,Traffic Control Signal,2025
2026-01-26 08:04:19.260000,8149728.0,CT0015600,West Haven,Racial Profile,1000626,2500057428,Incident ID,2025-12-08 00:00:00,December,W,N,F,35,True,False,West Haven,boston post road/ atwood place,  ,  ,V,G,1.0,1,38a-371,,False,N,False,True,M,,,,,False,1.0,CT0015600,134139062553040293,2025-12-08 11:14:04.850000,11:14:04.850000,2025,14-12(a)*,,Other,2025
2026-01-26 08:04:19.103000,8149684.0,CT0015600,West Haven,Racial Profile,1000592,2500057362,Incident ID,2025-12-08 00:00:00,December,W,H,M,47,True,True,West Haven,First and Mix,  ,  ,V,B,1.0,0,14-96a(a),,False,N,False,False,V,,,,,False,1.0,CT0015600,134139062553040293,2025-12-08 00:39:49.947000,00:39:49.947000,2025,14-96a(a),,Defective Lights,2025
2026-01-26 08:04:19.473000,8149785.0,CT0015600,West Haven,Racial Profile,1000698,2500057451,Incident ID,2025-12-08 00:00:00,December,B,N,M,59,True,False,West Haven,Campbell Ave/Smith Ct,  ,  ,V,B,1.0,0,14-12(a)*,,False,N,False,False,I,,,,,False,1.0,CT0015600,134139062553040293,2025-12-08 13:46:48.843000,13:46:48.843000,2025,,,Registration,2025
2026-01-26 08:04:19.060000,8149672.0,CT0015600,West Haven,Racial Profile,1000539,2500057547,Incident ID,2025-12-09 00:00:00,December,W,H,F,22,True,True,WEST HAVEN,elm/wagner,  ,  ,V,G,1.0,0,14-299,,False,N,False,False,I,,,,,False,1.0,CT0015600,134139062553040293,2025-12-09 08:07:34.573000,08:07:34.573000,2025,,,Traffic Control Signal,2025
2026-01-26 08:04:19.083000,8149680.0,CT0015600,West Haven,Racial Profile,1000582,2500057622,Incident ID,2025-12-09 00:00:00,December,W,N,M,35,True,True,West Haven,Main/ Candee,  ,  ,V,G,1.0,0,14-299,,False,N,False,False,V,,,,,False,1.0,CT0015600,134139062553040293,2025-12-09 16:34:55.010000,16:34:55.010000,2025,14-299,,Traffic Control Signal,2025
2026-01-26 08:04:19.090000,8149681.0,CT0015600,West Haven,Racial Profile,1000582,2500057631,Incident ID,2025-12-09 00:00:00,December,B,N,M,59,True,True,West Haven,Sawmill Rd/ Greta st.,  ,  ,V,G,2.0,0,14-299,,False,N,False,False,V,,,,,False,1.0,CT0015600,134139062553040293,2025-12-09 17:41:56.320000,17:41:56.320000,2025,14-299,,Traffic Control Signal,2025
2026-01-26 08:04:19.267000,8149729.0,CT0015600,West Haven,Racial Profile,1000626,2500057554,Incident ID,2025-12-09 00:00:00,December,W,N,M,80,True,False,West Haven,Campbell Avenue/ dana street,  ,  ,V,G,1.0,0,14-12(a),,False,N,False,False,N,,,,,False,1.0,CT0015600,134139062553040293,2025-12-09 08:35:33.270000,08:35:33.270000,2025,14-12(a),,Registration,2025
2026-01-26 08:04:19.313000,8149744.0,CT0015600,West Haven,Racial Profile,1000661,2500057551,Incident ID,2025-12-09 00:00:00,December,A,N,F,54,True,False,West Haven,Sawmill Rd/ Hood Ter,  ,  ,V,G,1.0,0,14-12(a),,False,N,False,False,V,,,,,False,1.0,CT0015600,134139062553040293,2025-12-09 08:32:10.810000,08:32:10.810000,2025,14-12(a),,Registration,2025
2026-01-26 08:04:19.060000,8149673.0,CT0015600,West Haven,Racial Profile,1000539,2500057735,Incident ID,2025-12-10 00:00:00,December,W,N,F,50,True,True,West Haven,boston post/marginal,  ,  ,V,G,1.0,0,14-236CZ,,False,N,False,False,N,,,,,False,1.0,CT0015600,134139062553040293,2025-12-10 09:22:41.440000,09:22:41.440000,2025,,,Moving Violation,2025
2026-01-26 08:04:19.270000,8149730.0,CT0015600,West Haven,Racial Profile,1000626,2500057727,Incident ID,2025-12-10 00:00:00,December,W,H,F,59,True,False,West Haven,Spring Street/ Campbell Avenue,  ,  ,V,G,1.0,0,14-12(a)*,,False,N,False,False,V,,,,,False,1.0,CT0015600,134139062553040293,2025-12-10 08:39:10.293000,08:39:10.293000,2025,14-12(a)*,,Registration,2025
2026-01-26 08:04:19.277000,8149731.0,CT0015600,West Haven,Racial Profile,1000626,2500057729,Incident ID,2025-12-10 00:00:00,December,W,N,M,36,True,False,WEST HAVEN,1071 Campbell Avenue,  ,  ,V,G,1.0,0,14-12(a)*,,False,N,False,False,V,,,,,False,1.0,CT0015600,134139062553040293,2025-12-10 08:53:50.753000,08:53:50.753000,2025,14-12(a)*,,Registration,2025
2026-01-26 08:04:19.323000,8149745.0,CT0015600,West Haven,Racial Profile,1000661,2500057749,Incident ID,2025-12-10 00:00:00,December,W,N,F,29,True,False,West Haven,Main St/Lake Ave,  ,  ,V,G,1.0,0,14-296aa(b),,False,N,False,False,V,,,,,False,1.0,CT0015600,134139062553040293,2025-12-10 11:25:22.867000,11:25:22.867000,2025,14-296aa(b),,Cell Phone,2025
2026-01-26 08:04:19.097000,8149682.0,CT0015600,West Haven,Racial Profile,1000582,2500057682,Incident ID,2025-12-10 00:00:00,December,B,N,F,22,True,False,WEST HAVEN,First Avenue/ Center st ,  ,  ,V,G,1.0,0,14-236,,False,N,False,False,V,,,,,False,1.0,CT0015600,134139062553040293,2025-12-10 01:01:17.990000,01:01:17.990000,2025,14-236,,Moving Violation,2025
2026-01-26 08:04:19.063000,8149674.0,CT0015600,West Haven,Racial Profile,1000539,2500057917,Incident ID,2025-12-11 00:00:00,December,W,N,F,43,True,False,West Haven,platt/covebrook,  ,  ,V,G,1.0,0,14-301,,False,N,False,False,V,,,,,False,1.0,CT0015600,134139062553040293,2025-12-11 13:27:51.197000,13:27:51.197000,2025,,,Stop Sign,2025
2026-01-26 08:04:19.077000,8149677.0,CT0015600,West Haven,Racial Profile,1000548,2500057845,Incident ID,2025-12-11 00:00:00,December,W,N,M,41,True,True,West Haven,Platt  Avenue/Jones Hill Road,  ,  ,I,G,2.0,0,14-96a(a),,False,N,False,False,N,,,,,False,1.0,CT0015600,134139062553040293,2025-12-11 02:34:48.760000,02:34:48.760000,2025,,,Defective Lights,2025
2026-01-26 08:04:19.513000,8149801.0,CT0015600,West Haven,Racial Profile,1000709,2500057900,Incident ID,2025-12-11 00:00:00,December,W,N,F,61,True,True,West Haven,Savin avenue / Center street 1,  ,  ,V,G,1.0,0,14-12(a)*,,False,N,False,False,V,,,,,False,1.0,CT0015600,134139062553040293,2025-12-11 10:34:09.010000,10:34:09.010000,2025,14-12(a)*,,Registration,2025
2026-01-26 08:04:18.990000,8149654.0,CT0015600,West Haven,Racial Profile,1189,2500057896,Incident ID,2025-12-11 00:00:00,December,W,N,M,29,True,True,West Haven,Captain thomas and campbell ,  ,  ,V,G,1.0,0,14-299,,False,N,False,False,V,,,,,False,1.0,CT0015600,134139062553040293,2025-12-11 10:09:55.320000,10:09:55.320000,2025,14-299,,Traffic Control Signal,2025
2026-01-26 08:04:19.163000,8149699.0,CT0015600,West Haven,Racial Profile,1000602,2500058144,Incident ID,2025-12-12 00:00:00,December,B,N,M,34,True,False,West Haven,washington avenue,  ,  ,V,G,2.0,1,14-147(a),,True,I,True,False,M,,,,,False,1.0,CT0015600,134139062553040293,2025-12-12 23:28:01.693000,23:28:01.693000,2025,,,Administrative Offense,2025
2026-01-26 08:04:19.400000,8149760.0,CT0015600,West Haven,Racial Profile,1000665,2500058116,Incident ID,2025-12-12 00:00:00,December,W,M,M,29,True,True,WEST HAVEN,Boston Post Road,  ,  ,V,G,1.0,0,14-215(a),,False,N,False,False,V,,,,,False,1.0,CT0015600,134139062553040293,2025-12-12 19:27:02.690000,19:27:02.690000,2025,14-215(a),,Administrative Offense,2025
2026-01-26 08:04:19.287000,8149735.0,CT0015600,West Haven,Racial Profile,1000637,2500058125,Incident ID,2025-12-12 00:00:00,December,B,N,F,47,True,False,West Haven,forest rd,  ,  ,V,G,1.0,0,14-230,,False,N,False,False,V,,,,,False,1.0,CT0015600,134139062553040293,2025-12-12 21:15:08.650000,21:15:08.650000,2025,,,Moving Violation,2025
2026-01-26 08:04:19.407000,8149761.0,CT0015600,West Haven,Racial Profile,1000665,2500058123,Incident ID,2025-12-12 00:00:00,December,B,N,M,17,True,False,West Haven,Boston Post Road,  ,  ,V,G,2.0,1,14-147(c),,True,I,False,False,I,,,,,False,1.0,CT0015600,134139062553040293,2025-12-12 20:40:18.883000,20:40:18.883000,2025,38a-371,,Administrative Offense,2025
2026-01-26 08:04:19.397000,8149759.0,CT0015600,West Haven,Racial Profile,1000665,2500058103,Incident ID,2025-12-12 00:00:00,December,W,N,F,34,True,True,West Haven,Meloy Road,  ,  ,V,G,1.0,0,14-299,,False,N,False,False,V,,,,,False,1.0,CT0015600,134139062553040293,2025-12-12 17:29:58.730000,17:29:58.730000,2025,14-299,,Traffic Control Signal,2025
2026-01-26 08:04:19.017000,8149660.0,CT0015600,West Haven,Racial Profile,1000465,2500058258,Incident ID,2025-12-13 00:00:00,December,B,N,M,20,False,False,West Haven,Elm Street / Campbell Avenue ,  ,  ,V,G,1.0,0,14-299,,False,N,False,False,V,,,,,False,1.0,CT0015600,134139062553040293,2025-12-13 17:28:36.520000,17:28:36.520000,2025,,,Traffic Control Signal,2025
2026-01-26 08:04:19.110000,8149685.0,CT0015600,West Haven,Racial Profile,1000592,2500058159,Incident ID,2025-12-13 00:00:00,December,W,N,F,43,True,False,West Haven,Lamson and Campbell,  ,  ,V,B,2.0,1,14-147,,False,N,False,False,V,,,,,False,1.0,CT0015600,134139062553040293,2025-12-13 01:38:44.190000,01:38:44.190000,2025,38a-371,,Administrative Offense,2025
2026-01-26 08:04:19.253000,8149726.0,CT0015600,West Haven,Racial Profile,1000619,2500058276,Incident ID,2025-12-13 00:00:00,December,W,N,F,76,True,False,WEST HAVEN,28 Jones Hill Rd,  ,  ,V,G,1.0,0,14-219,,False,N,False,False,V,,,,,False,1.0,CT0015600,134139062553040293,2025-12-13 19:33:40.983000,19:33:40.983000,2025,,,Speed Related,2025
2026-01-26 08:04:19.170000,8149701.0,CT0015600,West Haven,Racial Profile,1000602,2500058286,Incident ID,2025-12-13 00:00:00,December,W,H,F,35,True,False,WEST HAVEN,derby avenue,  ,  ,V,G,2.0,1,14-147(c),,True,I,False,False,M,,,,,False,1.0,CT0015600,134139062553040293,2025-12-13 20:44:44.057000,20:44:44.057000,2025,14-215a,,Administrative Offense,2025
2026-01-26 08:04:19.410000,8149763.0,CT0015600,West Haven,Racial Profile,1000665,2500058259,Incident ID,2025-12-13 00:00:00,December,W,N,F,30,True,False,West Haven,Campbell Ave,  ,  ,V,G,1.0,0,14-301,,False,N,False,False,V,,,,,False,1.0,CT0015600,134139062553040293,2025-12-13 17:44:37.630000,17:44:37.630000,2025,14-301,,Stop Sign,2025
2026-01-26 08:04:19.170000,8149700.0,CT0015600,West Haven,Racial Profile,1000602,2500058282,Incident ID,2025-12-13 00:00:00,December,W,N,F,62,True,False,WEST HAVEN,derby ave,  ,  ,V,G,1.0,0,53a-173,,False,N,False,False,N,,,,,False,1.0,CT0015600,134139062553040293,2025-12-13 20:29:08.823000,20:29:08.823000,2025,,,Other,2025
2026-01-26 08:04:19.417000,8149764.0,CT0015600,West Haven,Racial Profile,1000665,2500058269,Incident ID,2025-12-13 00:00:00,December,W,H,M,28,True,False,West Haven,Campbell Avenue,  ,  ,V,G,2.0,1,14-147(a),,True,I,False,False,I,,,,,False,1.0,CT0015600,134139062553040293,2025-12-13 19:04:50.100000,19:04:50.100000,2025,38a-371,,Administrative Offense,2025
2026-01-26 08:04:19.407000,8149762.0,CT0015600,West Haven,Racial Profile,1000665,2500058222,Incident ID,2025-12-13 00:00:00,December,W,H,F,33,True,False,West Haven,Boston post road,  ,  ,V,G,2.0,1,14-215(a),,True,I,False,False,M,,,,,False,1.0,CT0015600,134139062553040293,2025-12-13 12:23:21.953000,12:23:21.953000,2025,38a-371,,Administrative Offense,2025
2026-01-26 08:04:19.113000,8149686.0,CT0015600,West Haven,Racial Profile,1000592,2500058177,Incident ID,2025-12-13 00:00:00,December,B,N,M,32,True,True,West Haven,Orrange Terr and Forest Road,  ,  ,V,B,1.0,0,14-299,,False,N,False,False,I,,,,,False,1.0,CT0015600,134139062553040293,2025-12-13 04:44:47.407000,04:44:47.407000,2025,14-299,,Traffic Control Signal,2025
2026-01-26 08:04:19.517000,8149802.0,CT0015600,West Haven,Racial Profile,1000709,2500058202,Incident ID,2025-12-13 00:00:00,December,W,H,M,51,True,True,West Haven,Saw Mill Road/ Greta St,  ,  ,V,G,1.0,0,14-299,,False,N,False,False,V,,,,,False,1.0,CT0015600,134139062553040293,2025-12-13 10:31:29.180000,10:31:29.180000,2025,14-299,,Traffic Control Signal,2025
2026-01-26 08:04:19.420000,8149765.0,CT0015600,West Haven,Racial Profile,1000665,2500058452,Incident ID,2025-12-14 00:00:00,December,W,H,M,31,True,True,West Haven,Railroad Ave,  ,  ,V,G,1.0,0,14-301,,False,N,False,False,V,,,,,False,1.0,CT0015600,134139062553040293,2025-12-14 19:34:24.610000,19:34:24.610000,2025,38a-371,,Stop Sign,2025
2026-01-26 08:04:19.447000,8149775.0,CT0015600,West Haven,Racial Profile,1000677,2500058401,Incident ID,2025-12-14 00:00:00,December,W,N,M,29,True,True,WEST HAVEN,487 saw mill rd,  ,  ,V,G,2.0,0,14-252a(a),,False,N,False,False,V,,,,,False,1.0,CT0015600,134139062553040293,2025-12-14 12:28:55.293000,12:28:55.293000,2025,,,Other,2025
2026-01-26 08:04:19.477000,8149786.0,CT0015600,West Haven,Racial Profile,1000698,2500058579,Incident ID,2025-12-15 00:00:00,December,W,N,F,17,True,False,West Haven,Elm Street/Union Avenue,  ,  ,E,B,1.0,0,14-96c,,False,N,False,False,V,,,,,False,1.0,CT0015600,134139062553040293,2025-12-15 17:51:17.787000,17:51:17.787000,2025,,,Defective Lights,2025
2026-01-26 08:04:19.067000,8149675.0,CT0015600,West Haven,Racial Profile,1000539,2500058672,Incident ID,2025-12-16 00:00:00,December,W,H,M,31,True,False,West Haven,elm/savin,  ,  ,V,G,1.0,0,14-296aa(b),,False,N,False,False,V,,,,,False,1.0,CT0015600,134139062553040293,2025-12-16 10:38:30.753000,10:38:30.753000,2025,,,Cell Phone,2025
2026-01-26 08:04:19.337000,8149746.0,CT0015600,West Haven,Racial Profile,1000661,2500058674,Incident ID,2025-12-16 00:00:00,December,W,H,F,52,True,True,West Haven,Sawmill Rd/ I-95n,  ,  ,V,G,1.0,0,14-299,,False,N,False,False,V,,,,,False,1.0,CT0015600,134139062553040293,2025-12-16 10:42:10.413000,10:42:10.413000,2025,14-299,,Traffic Control Signal,2025
2026-01-26 08:04:18.973000,8149650.0,CT0015600,West Haven,Racial Profile,1162,2500058677,Incident ID,2025-12-16 00:00:00,December,B,N,F,56,True,True,West Haven,saw mill/york,  ,  ,V,G,1.0,0,14-12(a)*,,False,N,False,False,V,,,,,False,1.0,CT0015600,134139062553040293,2025-12-16 11:06:36.193000,11:06:36.193000,2025,,,Registration,2025
2026-01-26 08:04:19.177000,8149702.0,CT0015600,West Haven,Racial Profile,1000602,2500058746,Incident ID,2025-12-16 00:00:00,December,W,H,M,32,True,False,WEST HAVEN,bpr,  ,  ,V,G,2.0,1,14-147a,,True,I,False,False,U,,,,,False,1.0,CT0015600,134139062553040293,2025-12-16 20:59:29.757000,20:59:29.757000,2025,,,Administrative Offense,2025
2026-01-26 08:04:19.293000,8149737.0,CT0015600,West Haven,Racial Profile,1000652,2500058665,Incident ID,2025-12-16 00:00:00,December,W,N,M,78,True,False,West Haven,Jones/ Ocean Ave,  ,  ,V,G,1.0,0,14-252a(a),,False,N,False,False,V,,,,,False,1.0,CT0015600,134139062553040293,2025-12-16 10:04:59.570000,10:04:59.570000,2025,14-252a(a),,Other,2025
2026-01-26 08:04:19.080000,8149678.0,CT0015600,West Haven,Racial Profile,1000549,2500058781,Incident ID,2025-12-17 00:00:00,December,B,N,M,31,True,True,West Haven,FOREST / FLORENCE,  ,  ,E,G,1.0,0,14-18(a),,False,N,False,False,V,,,,,False,1.0,CT0015600,134139062553040293,2025-12-17 02:00:12.053000,02:00:12.053000,2025,,,Display of Plates,2025
2026-01-26 08:04:19.337000,8149747.0,CT0015600,West Haven,Racial Profile,1000661,2500058814,Incident ID,2025-12-17 00:00:00,December,W,N,F,31,True,False,West Haven,West Main St/ Hilltop Ln,  ,  ,V,G,1.0,0,14-296aa(b),,False,N,False,False,V,,,,,False,1.0,CT0015600,134139062553040293,2025-12-17 09:34:14.087000,09:34:14.087000,2025,14-296aa(b),,Cell Phone,2025
2026-01-26 08:04:19.177000,8149703.0,CT0015600,West Haven,Racial Profile,1000602,2500059068,Incident ID,2025-12-18 00:00:00,December,W,H,M,30,True,False,West Haven,first ave,  ,  ,V,G,3.0,1,14-147(C),,True,I,False,False,M,,,,,False,1.0,CT0015600,134139062553040293,2025-12-18 21:41:32.167000,21:41:32.167000,2025,38a-371,,Administrative Offense,2025
2026-01-26 08:04:19.423000,8149767.0,CT0015600,West Haven,Racial Profile,1000665,2500059064,Incident ID,2025-12-18 00:00:00,December,B,N,M,40,True,False,West Haven,Glade St,  ,  ,V,G,1.0,0,14-215(a),,False,N,False,False,M,,,,,False,1.0,CT0015600,134139062553040293,2025-12-18 21:10:02.610000,21:10:02.610000,2025,38a-371,,Administrative Offense,2025
2026-01-26 08:04:19.290000,8149736.0,CT0015600,West Haven,Racial Profile,1000637,2500058914,Incident ID,2025-12-18 00:00:00,December,B,N,M,26,True,True,West Haven,BOSTON POST ROAD,  ,  ,V,G,1.0,0,14-299,,False,N,False,False,V,,,,,False,1.0,CT0015600,134139062553040293,2025-12-18 00:06:51.710000,00:06:51.710000,2025,,,Traffic Control Signal,2025
2026-01-26 08:04:19.490000,8149791.0,CT0015600,West Haven,Racial Profile,1000699,2500058980,Incident ID,2025-12-18 00:00:00,December,B,N,M,29,True,True,West Haven,1139 Campbell Ave,  ,  ,I,G,1.0,1,14-12(a)*,,False,N,False,False,I,,,,,False,1.0,CT0015600,134139062553040293,2025-12-18 11:16:39.230000,11:16:39.230000,2025,14-12(a)*,,Registration,2025
2026-01-26 08:04:19.300000,8149740.0,CT0015600,West Haven,Racial Profile,1000658,2500058950,Incident ID,2025-12-18 00:00:00,December,W,H,F,26,True,True,West Haven,sawmill rd,  ,  ,V,G,1.0,1,14-236,,True,I,False,False,I,,,,,False,1.0,CT0015600,134139062553040293,2025-12-18 07:48:03.563000,07:48:03.563000,2025,14-12(a)*,,Moving Violation,2025
2026-01-26 08:04:19.420000,8149766.0,CT0015600,West Haven,Racial Profile,1000665,2500059041,Incident ID,2025-12-18 00:00:00,December,B,N,F,21,True,False,West Haven,Boston Post Road,  ,  ,V,G,1.0,0,14-215(a),,False,N,False,False,V,,,,,False,1.0,CT0015600,134139062553040293,2025-12-18 17:55:41.410000,17:55:41.410000,2025,38a-371,,Administrative Offense,2025
2026-01-26 08:04:19.080000,8149679.0,CT0015600,West Haven,Racial Profile,1000559,2500059232,Incident ID,2025-12-19 00:00:00,December,B,N,M,48,False,False,WEST HAVEN,claudia d\ive,  ,  ,I,G,1.0,0,21a-279(a)(1),,False,N,False,False,V,,,,,False,1.0,CT0015600,134139062553040293,2025-12-19 23:26:34.683000,23:26:34.683000,2025,,,Other,2025
2026-01-26 08:04:19.183000,8149705.0,CT0015600,West Haven,Racial Profile,1000602,2500059226,Incident ID,2025-12-19 00:00:00,December,B,N,M,30,True,False,WEST HAVEN,saw mill road,  ,  ,V,G,2.0,1,14-147(c),,True,I,False,False,M,,,,,False,1.0,CT0015600,134139062553040293,2025-12-19 21:54:14.897000,21:54:14.897000,2025,38a-371,,Administrative Offense,2025
2026-01-26 08:04:19.480000,8149787.0,CT0015600,West Haven,Racial Profile,1000698,2500059219,Incident ID,2025-12-19 00:00:00,December,W,N,M,18,True,False,West Haven,Campbell Ave/Church St,  ,  ,E,G,1.0,0,14-96a(a),,False,N,False,False,V,,,,,False,1.0,CT0015600,134139062553040293,2025-12-19 21:10:13.090000,21:10:13.090000,2025,,,Defective Lights,2025
2026-01-26 08:04:19.427000,8149768.0,CT0015600,West Haven,Racial Profile,1000665,2500059186,Incident ID,2025-12-19 00:00:00,December,W,M,M,35,True,True,West Haven,Meloy Road,  ,  ,V,G,2.0,1,14-147(c),,False,N,False,False,I,,,,,False,1.0,CT0015600,134139062553040293,2025-12-19 17:08:52.270000,17:08:52.270000,2025,38a-371,,Administrative Offense,2025
2026-01-26 08:04:19.430000,8149769.0,CT0015600,West Haven,Racial Profile,1000665,2500059225,Incident ID,2025-12-19 00:00:00,December,B,N,M,39,True,False,West Haven,Boston Post Road,  ,  ,V,G,2.0,1,14-215(A),,True,I,False,False,I,,,,,False,1.0,CT0015600,134139062553040293,2025-12-19 21:49:33.423000,21:49:33.423000,2025,38A-371,,Administrative Offense,2025
2026-01-26 08:04:19.480000,8149788.0,CT0015600,West Haven,Racial Profile,1000698,2500059224,Incident ID,2025-12-19 00:00:00,December,B,N,M,17,True,False,West Haven,Campbell Ave/George St,  ,  ,V,T,1.0,0,14-12(a),,False,N,False,False,V,,,,,False,1.0,CT0015600,134139062553040293,2025-12-19 21:48:21.460000,21:48:21.460000,2025,,,Registration,2025
2026-01-26 08:04:19.450000,8149776.0,CT0015600,West Haven,Racial Profile,1000677,2500059197,Incident ID,2025-12-19 00:00:00,December,W,N,M,16,True,False,WEST HAVEN,375 morgan lane,  ,  ,V,G,1.0,0,14-299,,False,N,False,False,V,,,,,False,1.0,CT0015600,134139062553040293,2025-12-19 17:54:14.503000,17:54:14.503000,2025,,,Traffic Control Signal,2025
2026-01-26 08:04:19.180000,8149704.0,CT0015600,West Haven,Racial Profile,1000602,2500059214,Incident ID,2025-12-19 00:00:00,December,W,N,M,39,True,False,West Haven,I95 SB On Ramp,  ,  ,V,G,2.0,1,14-18(c),,True,I,False,True,U,,,,,False,1.0,CT0015600,134139062553040293,2025-12-19 20:33:16.027000,20:33:16.027000,2025,,,Display of Plates,2025
2026-01-26 08:04:19.490000,8149792.0,CT0015600,West Haven,Racial Profile,1000699,2500059218,Incident ID,2025-12-19 00:00:00,December,W,H,F,18,True,True,West Haven,Campbell Ave/Aling St,  ,  ,V,G,1.0,0,14-299,,False,N,False,False,V,,,,,False,1.0,CT0015600,134139062553040293,2025-12-19 21:06:12.353000,21:06:12.353000,2025,14-299,,Traffic Control Signal,2025
2026-01-26 08:04:19.433000,8149770.0,CT0015600,West Haven,Racial Profile,1000665,2500059355,Incident ID,2025-12-20 00:00:00,December,B,N,F,24,True,False,West Haven,Campbell Avenue,  ,  ,V,G,1.0,0,14-12(a)*,,False,N,False,False,V,,,,,False,1.0,CT0015600,134139062553040293,2025-12-20 18:05:24.113000,18:05:24.113000,2025,14-12(a)*,,Registration,2025
2026-01-26 08:04:19.230000,8149720.0,CT0015600,West Haven,Racial Profile,1000615,2500059459,Incident ID,2025-12-21 00:00:00,December,W,H,M,48,True,False,West Haven,Campbell Avenue/ Boston Post road ,  ,  ,V,G,1.0,0,14-12(a)*,,False,N,False,False,I,,,,,False,1.0,CT0015600,134139062553040293,2025-12-21 13:59:08.110000,13:59:08.110000,2025,14-36(a),,Registration,2025
2026-01-26 08:04:19.220000,8149718.0,CT0015600,West Haven,Racial Profile,1000615,2500059453,Incident ID,2025-12-21 00:00:00,December,W,N,M,19,True,True,West Haven,Boston Post Road/ Palaka Road ,  ,  ,V,G,1.0,0,14-12(a)*,,False,N,False,False,V,,,,,False,1.0,CT0015600,134139062553040293,2025-12-21 13:15:58.033000,13:15:58.033000,2025,14-12(a)*,,Registration,2025
2026-01-26 08:04:19.227000,8149719.0,CT0015600,West Haven,Racial Profile,1000615,2500059457,Incident ID,2025-12-21 00:00:00,December,W,N,F,18,True,False,West Haven,Forest Road/ Oak Road ,  ,  ,V,G,1.0,0,14-12(a)*,,False,N,False,False,V,,,,,False,1.0,CT0015600,134139062553040293,2025-12-21 13:32:45.593000,13:32:45.593000,2025,14-12(a)*,,Registration,2025
2026-01-26 08:04:19.257000,8149727.0,CT0015600,West Haven,Racial Profile,1000619,2500059501,Incident ID,2025-12-21 00:00:00,December,A,N,F,62,False,False,WEST HAVEN,101 Morgan Lane,  ,  ,V,G,1.0,0,14-220,,False,N,False,False,V,,,,,False,1.0,CT0015600,134139062553040293,2025-12-21 19:46:55.530000,19:46:55.530000,2025,,,Other,2025
2026-01-26 08:04:19.300000,8149741.0,CT0015600,West Haven,Racial Profile,1000658,2500059497,Incident ID,2025-12-21 00:00:00,December,B,N,M,25,True,False,West Haven,tuthill,  ,  ,V,G,2.0,0,14-215,,True,I,False,False,I,,,,,False,1.0,CT0015600,134139062553040293,2025-12-21 18:25:36.997000,18:25:36.997000,2025,14-12(a)*,,Administrative Offense,2025
2026-01-26 08:04:19.023000,8149662.0,CT0015600,West Haven,Racial Profile,1000525,2500059626,Incident ID,2025-12-22 00:00:00,December,W,N,M,42,True,True,WEST HAVEN,Saw Mill Rd/York St,  ,  ,V,G,1.0,0,14-299,,False,N,False,False,V,,,,,False,1.0,CT0015600,134139062553040293,2025-12-22 19:34:43.523000,19:34:43.523000,2025,14-299,,Traffic Control Signal,2025
2026-01-26 08:04:19.020000,8149661.0,CT0015600,West Haven,Racial Profile,1000525,2500059606,Incident ID,2025-12-22 00:00:00,December,W,H,F,45,True,False,WEST HAVEN,Boston Post Rd/Dogburn Rd,  ,  ,V,G,1.0,0,14-299,,False,N,False,False,V,,,,,False,1.0,CT0015600,134139062553040293,2025-12-22 16:50:08.053000,16:50:08.053000,2025,14-12(a)*,,Traffic Control Signal,2025
2026-01-26 08:04:19.520000,8149803.0,CT0015600,West Haven,Racial Profile,1000709,2500059625,Incident ID,2025-12-22 00:00:00,December,B,N,M,33,True,True,West Haven,captain thomas/ campbell,  ,  ,I,G,1.0,0,14-12a(f),,False,N,False,False,V,,,,,False,1.0,CT0015600,134139062553040293,2025-12-22 19:26:46.627000,19:26:46.627000,2025,14-12a(f),,Registration,2025
2026-01-26 08:04:19.527000,8149805.0,CT0015600,West Haven,Racial Profile,1000709,2500059633,Incident ID,2025-12-22 00:00:00,December,B,N,F,34,True,True,West Haven,Elm/Orchard st,  ,  ,V,G,1.0,0,14-299,,False,N,False,False,V,,,,,False,1.0,CT0015600,134139062553040293,2025-12-22 20:37:17.450000,20:37:17.450000,2025,14-299,,Traffic Control Signal,2025
2026-01-26 08:04:19.497000,8149794.0,CT0015600,West Haven,Racial Profile,1000699,2500059610,Incident ID,2025-12-22 00:00:00,December,A,M,M,24,True,False,West Haven,Campbell Ave,  ,  ,V,G,1.0,0,14-232(1),,False,N,False,False,V,,,,,False,1.0,CT0015600,134139062553040293,2025-12-22 17:11:16.327000,17:11:16.327000,2025,14-232(1),,Moving Violation,2025
2026-01-26 08:04:19.500000,8149795.0,CT0015600,West Haven,Racial Profile,1000699,2500059627,Incident ID,2025-12-22 00:00:00,December,B,N,F,31,True,False,West Haven,Bostob Post Rd/Gilbert St,  ,  ,I,G,1.0,0,14-12(a)*,,False,N,False,False,W,,,,,False,1.0,CT0015600,134139062553040293,2025-12-22 19:44:13.840000,19:44:13.840000,2025,14-12(a)*,,Registration,2025
2026-01-26 08:04:19.523000,8149804.0,CT0015600,West Haven,Racial Profile,1000709,2500059628,Incident ID,2025-12-22 00:00:00,December,B,N,M,26,True,False,West Haven,Elm St/ Third Ave,  ,  ,V,G,1.0,0,14-299,,False,N,False,False,V,,,,,False,1.0,CT0015600,134139062553040293,2025-12-22 19:49:41.853000,19:49:41.853000,2025,14-299,,Traffic Control Signal,2025
2026-01-26 08:04:19.493000,8149793.0,CT0015600,West Haven,Racial Profile,1000699,2500059608,Incident ID,2025-12-22 00:00:00,December,B,N,F,32,True,True,West Haven,Richards St/Campbell ave,  ,  ,I,G,1.0,0,14-12(a)*,,False,N,False,False,W,,,,,False,1.0,CT0015600,134139062553040293,2025-12-22 17:00:30.320000,17:00:30.320000,2025,14-12(a)*,,Registration,2025
2026-01-26 08:04:19.503000,8149797.0,CT0015600,West Haven,Racial Profile,1000700,2500059549,Incident ID,2025-12-22 00:00:00,December,A,N,M,23,True,True,WEST HAVEN,1187 Campbell Avenue,  ,  ,V,G,1.0,0,14-299,,False,N,False,False,V,,,,,False,1.0,CT0015600,134139062553040293,2025-12-22 09:32:00.630000,09:32:00.630000,2025,14-299,,Traffic Control Signal,2025
2026-01-26 08:04:18.977000,8149651.0,CT0015600,West Haven,Racial Profile,1162,2500059858,Incident ID,2025-12-24 00:00:00,December,B,N,M,28,True,True,West Haven,saw mill/york,  ,  ,V,G,1.0,0,14-12(a)*,,False,N,False,False,V,,,,,False,1.0,CT0015600,134139062553040293,2025-12-24 12:12:20.400000,12:12:20.400000,2025,,,Registration,2025
2026-01-26 08:04:19.303000,8149742.0,CT0015600,West Haven,Racial Profile,1000658,2500059857,Incident ID,2025-12-24 00:00:00,December,W,N,F,51,True,False,West Haven,saw mill,  ,  ,V,G,1.0,0,14-299,,False,N,False,False,V,,,,,False,1.0,CT0015600,134139062553040293,2025-12-24 11:47:17.210000,11:47:17.210000,2025,,,Traffic Control Signal,2025
2026-01-26 08:04:19.310000,8149743.0,CT0015600,West Haven,Racial Profile,1000658,2500060092,Incident ID,2025-12-26 00:00:00,December,B,N,M,32,True,False,West Haven,center st,  ,  ,V,G,3.0,1,14-147(c),,True,I,False,True,U,,,,,False,1.0,CT0015600,134139062553040293,2025-12-26 10:31:40.013000,10:31:40.013000,2025,14-227a,,Administrative Offense,2025
2026-01-26 08:04:19.453000,8149777.0,CT0015600,West Haven,Racial Profile,1000677,2500060112,Incident ID,2025-12-26 00:00:00,December,B,N,M,40,True,True,WEST HAVEN,Saw Mill Rd,  ,  ,V,G,1.0,0,14-12a,,False,N,False,False,V,,,,,False,1.0,CT0015600,134139062553040293,2025-12-26 11:38:12.567000,11:38:12.567000,2025,,,Registration,2025
2026-01-26 08:04:19.457000,8149778.0,CT0015600,West Haven,Racial Profile,1000677,2500060113,Incident ID,2025-12-26 00:00:00,December,B,N,F,28,True,True,West Haven,Sawmill Rd/ Meloy Rd,  ,  ,V,G,1.0,0,14-241,,False,N,False,False,I,,,,,False,1.0,CT0015600,134139062553040293,2025-12-26 11:45:46.427000,11:45:46.427000,2025,14-241,,Moving Violation,2025
2026-01-26 08:04:19.207000,8149714.0,CT0015600,West Haven,Racial Profile,1000602,2500060250,Incident ID,2025-12-27 00:00:00,December,A,N,M,32,True,True,West Haven,bpr,  ,  ,V,G,1.0,0,14-252a(a),,False,N,False,False,V,,,,,False,1.0,CT0015600,134139062553040293,2025-12-27 10:09:13.020000,10:09:13.020000,2025,,,Other,2025
2026-01-26 08:04:19.217000,8149716.0,CT0015600,West Haven,Racial Profile,1000602,2500060270,Incident ID,2025-12-27 00:00:00,December,W,H,M,35,True,False,WEST HAVEN,meloy roadf,  ,  ,V,G,1.0,0,14-252a(a),,False,N,False,False,I,,,,,False,1.0,CT0015600,134139062553040293,2025-12-27 11:44:43.830000,11:44:43.830000,2025,14-147(c),,Other,2025
2026-01-26 08:04:19.220000,8149717.0,CT0015600,West Haven,Racial Profile,1000602,2500060334,Incident ID,2025-12-27 00:00:00,December,W,H,M,36,True,True,West Haven,campbell ave,  ,  ,V,G,2.0,1,14-252a(a),,True,I,False,True,U,,,,,False,1.0,CT0015600,134139062553040293,2025-12-27 21:43:43.940000,21:43:43.940000,2025,38a-371,,Other,2025
2026-01-26 08:04:19.027000,8149663.0,CT0015600,West Haven,Racial Profile,1000528,2500060239,Incident ID,2025-12-27 00:00:00,December,W,H,M,38,True,False,West Haven,campbell / main,  ,  ,V,G,1.0,0,14-252a,,False,N,False,False,V,,,,,False,1.0,CT0015600,134139062553040293,2025-12-27 09:31:49.330000,09:31:49.330000,2025,14-252a,,Other,2025
2026-01-26 08:04:19.033000,8149665.0,CT0015600,West Haven,Racial Profile,1000528,2500060259,Incident ID,2025-12-27 00:00:00,December,W,H,M,47,True,True,West Haven,campbell brown,  ,  ,E,G,1.0,0,14-252a,,False,N,False,False,V,,,,,False,1.0,CT0015600,134139062553040293,2025-12-27 11:00:57.070000,11:00:57.070000,2025,14-252a,,Other,2025
2026-01-26 08:04:19.200000,8149711.0,CT0015600,West Haven,Racial Profile,1000602,2500060236,Incident ID,2025-12-27 00:00:00,December,W,H,M,26,True,True,WEST HAVEN,bpr,  ,  ,V,G,1.0,0,14-252a(a),,False,N,False,False,V,,,,,False,1.0,CT0015600,134139062553040293,2025-12-27 09:27:04.613000,09:27:04.613000,2025,,,Other,2025
2026-01-26 08:04:19.200000,8149712.0,CT0015600,West Haven,Racial Profile,1000602,2500060240,Incident ID,2025-12-27 00:00:00,December,W,N,M,49,True,True,West Haven,bpr,  ,  ,V,G,1.0,0,14-252a(a),,False,N,False,False,V,,,,,False,1.0,CT0015600,134139062553040293,2025-12-27 09:39:38.600000,09:39:38.600000,2025,,,Other,2025
2026-01-26 08:04:19.213000,8149715.0,CT0015600,West Haven,Racial Profile,1000602,2500060257,Incident ID,2025-12-27 00:00:00,December,W,N,F,47,True,True,West Haven,bpr,  ,  ,V,G,1.0,0,14-252a(a),,False,N,False,False,V,,,,,False,1.0,CT0015600,134139062553040293,2025-12-27 10:57:44.787000,10:57:44.787000,2025,,,Other,2025
2026-01-26 08:04:19.443000,8149774.0,CT0015600,West Haven,Racial Profile,1000673,2500060268,Incident ID,2025-12-27 00:00:00,December,W,H,M,42,True,False,West Haven,center st,  ,  ,V,G,1.0,0,14-18c,,False,N,False,False,I,,,,,False,1.0,CT0015600,134139062553040293,2025-12-27 11:31:53.847000,11:31:53.847000,2025,14-18c,,Display of Plates,2025
2026-01-26 08:04:19.460000,8149779.0,CT0015600,West Haven,Racial Profile,1000677,2500060225,Incident ID,2025-12-27 00:00:00,December,W,N,M,19,True,False,West Haven,Forest Rd / Orange Terr,  ,  ,V,G,1.0,0,14-252a(a),,False,N,False,False,V,,,,,False,1.0,CT0015600,134139062553040293,2025-12-27 08:47:07.250000,08:47:07.250000,2025,,,Other,2025
2026-01-26 08:04:19.467000,8149781.0,CT0015600,West Haven,Racial Profile,1000677,2500060242,Incident ID,2025-12-27 00:00:00,December,W,N,M,82,True,True,WEST HAVEN,Meloy Rd/ Baker,  ,  ,V,G,1.0,0,14-252a(a),,False,N,False,False,V,,,,,False,1.0,CT0015600,134139062553040293,2025-12-27 09:42:00.780000,09:42:00.780000,2025,,,Other,2025
2026-01-26 08:04:19.470000,8149783.0,CT0015600,West Haven,Racial Profile,1000677,2500060269,Incident ID,2025-12-27 00:00:00,December,W,N,M,83,True,False,WEST HAVEN,Boston post rd / tuthill rd,  ,  ,I,G,1.0,0,14-252A(A),,False,N,False,False,V,,,,,False,1.0,CT0015600,134139062553040293,2025-12-27 11:39:43.177000,11:39:43.177000,2025,,,Other,2025
2026-01-26 08:04:19.280000,8149732.0,CT0015600,West Haven,Racial Profile,1000626,2500060226,Incident ID,2025-12-27 00:00:00,December,W,H,M,55,True,False,WEST HAVEN,1089 Campbell avenue,  ,  ,V,G,1.0,0,14-299,,False,N,False,False,V,,,,,False,1.0,CT0015600,134139062553040293,2025-12-27 08:54:52.100000,08:54:52.100000,2025,14-299,,Traffic Control Signal,2025
2026-01-26 08:04:19.030000,8149664.0,CT0015600,West Haven,Racial Profile,1000528,2500060241,Incident ID,2025-12-27 00:00:00,December,W,H,M,47,True,True,West Haven,campbell /ashburton,  ,  ,E,G,1.0,0,14-252a,,False,N,False,False,V,,,,,False,1.0,CT0015600,134139062553040293,2025-12-27 09:41:40.840000,09:41:40.840000,2025,14-252a,,Other,2025
2026-01-26 08:04:19.037000,8149666.0,CT0015600,West Haven,Racial Profile,1000528,2500060262,Incident ID,2025-12-27 00:00:00,December,W,N,M,89,True,True,West Haven,center street,  ,  ,E,G,1.0,0,14-252a,,False,N,False,False,V,,,,,False,1.0,CT0015600,134139062553040293,2025-12-27 11:06:23.777000,11:06:23.777000,2025,14-252a,,Other,2025
2026-01-26 08:04:19.297000,8149738.0,CT0015600,West Haven,Racial Profile,1000652,2500060238,Incident ID,2025-12-27 00:00:00,December,W,H,M,68,True,True,West Haven,Kelsey Ave/ Wagner,  ,  ,V,G,1.0,0,14-252a(a),,False,N,False,False,V,,,,,False,1.0,CT0015600,134139062553040293,2025-12-27 09:30:54.593000,09:30:54.593000,2025,14-13,,Other,2025
2026-01-26 08:04:19.340000,8149748.0,CT0015600,West Haven,Racial Profile,1000661,2500060228,Incident ID,2025-12-27 00:00:00,December,B,N,F,32,True,False,West Haven,Morgan Lane/ Benham Hill Rd,  ,  ,V,G,2.0,0,13a-107,,False,N,False,False,V,,,,,False,1.0,CT0015600,134139062553040293,2025-12-27 09:00:01.500000,09:00:01.500000,2025,14-12(a),,Other,2025
2026-01-26 08:04:19.187000,8149706.0,CT0015600,West Haven,Racial Profile,1000602,2500060221,Incident ID,2025-12-27 00:00:00,December,W,N,M,38,True,True,WEST HAVEN,Saw mill road,  ,  ,V,G,1.0,0,14-252a(a),,False,N,False,False,V,,,,,False,1.0,CT0015600,134139062553040293,2025-12-27 08:29:15.607000,08:29:15.607000,2025,,,Other,2025
2026-01-26 08:04:19.190000,8149707.0,CT0015600,West Haven,Racial Profile,1000602,2500060222,Incident ID,2025-12-27 00:00:00,December,B,N,M,52,True,False,WEST HAVEN,saw mill road,  ,  ,V,G,1.0,0,14-252a(a),,False,N,False,False,V,,,,,False,1.0,CT0015600,134139062553040293,2025-12-27 08:32:47.867000,08:32:47.867000,2025,,,Other,2025
2026-01-26 08:04:19.193000,8149709.0,CT0015600,West Haven,Racial Profile,1000602,2500060230,Incident ID,2025-12-27 00:00:00,December,B,N,F,38,False,False,WEST HAVEN,bpr,  ,  ,V,G,1.0,0,14-252a(a),,False,N,False,False,V,,,,,False,1.0,CT0015600,134139062553040293,2025-12-27 09:06:50.287000,09:06:50.287000,2025,,,Other,2025
2026-01-26 08:04:19.203000,8149713.0,CT0015600,West Haven,Racial Profile,1000602,2500060246,Incident ID,2025-12-27 00:00:00,December,B,N,F,27,True,True,West Haven,bpr,  ,  ,V,G,1.0,0,14-252a(a),,False,N,False,False,V,,,,,False,1.0,CT0015600,134139062553040293,2025-12-27 09:50:33.343000,09:50:33.343000,2025,,,Other,2025
2026-01-26 08:04:19.467000,8149782.0,CT0015600,West Haven,Racial Profile,1000677,2500060248,Incident ID,2025-12-27 00:00:00,December,W,N,M,37,True,False,WEST HAVEN,Boston Post Rd / Meloy Rd,  ,  ,V,G,1.0,0,14-252a(a),,False,N,False,False,V,,,,,False,1.0,CT0015600,134139062553040293,2025-12-27 09:54:42.283000,09:54:42.283000,2025,,,Other,2025
2026-01-26 08:04:19.463000,8149780.0,CT0015600,West Haven,Racial Profile,1000677,2500060235,Incident ID,2025-12-27 00:00:00,December,W,H,F,20,True,True,WEST HAVEN,300 Boston Post Rd,  ,  ,V,G,1.0,0,14-252a(a),,False,N,False,False,V,,,,,False,1.0,CT0015600,134139062553040293,2025-12-27 09:24:28.870000,09:24:28.870000,2025,,,Other,2025
2026-01-26 08:04:19.510000,8149799.0,CT0015600,West Haven,Racial Profile,1000700,2500060265,Incident ID,2025-12-27 00:00:00,December,B,N,F,34,True,False,West Haven,Spring St/Front Avenue,  ,  ,V,G,1.0,0,14-252a(a),,False,N,False,False,V,,,,,False,1.0,CT0015600,134139062553040293,2025-12-27 11:17:13.170000,11:17:13.170000,2025,14-252a(a),,Other,2025
2026-01-26 08:04:19.043000,8149667.0,CT0015600,West Haven,Racial Profile,1000528,2500060273,Incident ID,2025-12-27 00:00:00,December,A,N,M,38,True,False,WEST HAVEN,high school,  ,  ,V,G,1.0,0,14-301,,False,N,False,False,V,,,,,False,1.0,CT0015600,134139062553040293,2025-12-27 12:01:06.817000,12:01:06.817000,2025,14-301,,Stop Sign,2025
2026-01-26 08:04:19.190000,8149708.0,CT0015600,West Haven,Racial Profile,1000602,2500060227,Incident ID,2025-12-27 00:00:00,December,W,H,M,37,True,True,WEST HAVEN,bpr,  ,  ,V,G,1.0,0,14-252a(a),,False,N,False,False,V,,,,,False,1.0,CT0015600,134139062553040293,2025-12-27 08:58:46.703000,08:58:46.703000,2025,,,Other,2025
2026-01-26 08:04:19.197000,8149710.0,CT0015600,West Haven,Racial Profile,1000602,2500060234,Incident ID,2025-12-27 00:00:00,December,W,H,F,34,True,True,WEST HAVEN,bpr,  ,  ,V,G,1.0,0,14-252a(a),,False,N,False,False,V,,,,,False,1.0,CT0015600,134139062553040293,2025-12-27 09:15:30.327000,09:15:30.327000,2025,,,Other,2025
2026-01-26 08:04:19.230000,8149721.0,CT0015600,West Haven,Racial Profile,1000615,2500060327,Incident ID,2025-12-27 00:00:00,December,W,H,M,19,True,False,West Haven,kelsey/church,  ,  ,V,G,1.0,0,14-36(a),,False,N,False,False,I,,,,,False,1.0,CT0015600,134139062553040293,2025-12-27 20:19:16.423000,20:19:16.423000,2025,14-299,,Unlicensed Operation,2025
2026-01-26 08:04:19.507000,8149798.0,CT0015600,West Haven,Racial Profile,1000700,2500060256,Incident ID,2025-12-27 00:00:00,December,B,N,M,40,True,False,West Haven,Boston Post Road/Farwell Street,  ,  ,V,G,1.0,0,14-252a(a),,False,N,False,False,V,,,,,False,1.0,CT0015600,134139062553040293,2025-12-27 10:57:07.423000,10:57:07.423000,2025,14-252a(a),,Other,2025
2026-01-26 08:04:19.283000,8149734.0,CT0015600,West Haven,Racial Profile,1000636,2500060430,Incident ID,2025-12-28 00:00:00,December,B,N,F,54,True,True,West Haven,campbell/ york,  ,  ,V,G,1.0,0,14-299,,False,N,False,False,V,,,,,False,1.0,CT0015600,134139062553040293,2025-12-28 16:28:16.527000,16:28:16.527000,2025,,,Traffic Control Signal,2025
2026-01-26 08:04:19.127000,8149688.0,CT0015600,West Haven,Racial Profile,1000600,2500060448,Incident ID,2025-12-28 00:00:00,December,B,N,M,51,True,False,West Haven,Boston Post Rd./ Campbell Avenue ,  ,  ,V,G,1.0,0,14-299,,False,N,False,False,V,,,,,False,1.0,CT0015600,134139062553040293,2025-12-28 20:00:14.077000,20:00:14.077000,2025,,,Traffic Control Signal,2025
2026-01-26 08:04:19.500000,8149796.0,CT0015600,West Haven,Racial Profile,1000699,2500060373,Incident ID,2025-12-28 00:00:00,December,W,H,M,27,True,True,West Haven,Campbell Ave/Blohm Street,  ,  ,V,G,1.0,0,14-147,,False,N,False,False,M,,,,,False,1.0,CT0015600,134139062553040293,2025-12-28 09:25:57.487000,09:25:57.487000,2025,14-147,,Administrative Offense,2025
2026-01-26 08:04:19.283000,8149733.0,CT0015600,West Haven,Racial Profile,1000626,2500060502,Incident ID,2025-12-29 00:00:00,December,W,N,F,25,True,False,West Haven,elm street/ union avenue,  ,  ,V,G,1.0,0,38a-371,,False,N,False,False,V,,,,,False,1.0,CT0015600,134139062553040293,2025-12-29 07:55:04.070000,07:55:04.070000,2025,14-12(a),,Other,2025
2026-01-26 08:04:19.473000,8149784.0,CT0015600,West Haven,Racial Profile,1000677,2500060591,Incident ID,2025-12-29 00:00:00,December,B,N,F,22,True,False,West Haven,First Ave / White St,  ,  ,V,G,2.0,0,14-12a,,False,N,False,False,I,,,,,False,1.0,CT0015600,134139062553040293,2025-12-29 18:33:20.463000,18:33:20.463000,2025,,,Registration,2025
2026-01-26 08:04:19.120000,8149687.0,CT0015600,West Haven,Racial Profile,1000592,2500060588,Incident ID,2025-12-29 00:00:00,December,W,N,M,44,True,False,West Haven,Boston Post Road and Front Avenue,  ,  ,V,G,1.0,0,14-299,,False,N,False,False,V,,,,,False,1.0,CT0015600,134139062553040293,2025-12-29 18:12:11.447000,18:12:11.447000,2025,14-299,,Traffic Control Signal,2025
2026-01-26 08:04:19.443000,8149773.0,CT0015600,West Haven,Racial Profile,1000665,2500060603,Incident ID,2025-12-29 00:00:00,December,B,N,M,32,True,True,West Haven,Campbell,  ,  ,V,G,1.0,0,14-236,,False,N,False,False,V,,,,,False,1.0,CT0015600,134139062553040293,2025-12-29 21:08:58.023000,21:08:58.023000,2025,14-236,,Moving Violation,2025
2026-01-26 08:04:19.437000,8149771.0,CT0015600,West Haven,Racial Profile,1000665,2500060578,Incident ID,2025-12-29 00:00:00,December,B,N,M,61,True,False,West Haven,Spring,  ,  ,V,G,1.0,0,14-147(a),,False,N,False,False,V,,,,,False,1.0,CT0015600,134139062553040293,2025-12-29 16:37:13.857000,16:37:13.857000,2025,14-147(a),,Administrative Offense,2025
2026-01-26 08:04:19.440000,8149772.0,CT0015600,West Haven,Racial Profile,1000665,2500060589,Incident ID,2025-12-29 00:00:00,December,W,M,M,26,True,True,West Haven,Andrews Street,  ,  ,V,G,1.0,0,14-215(a),,False,N,False,False,V,,,,,False,1.0,CT0015600,134139062553040293,2025-12-29 18:28:50.713000,18:28:50.713000,2025,38a-371,,Administrative Offense,2025
2026-01-26 08:04:18.980000,8149652.0,CT0015600,West Haven,Racial Profile,1162,2500060497,Incident ID,2025-12-29 00:00:00,December,B,N,F,36,True,False,West Haven,saw mill/I-95 north,  ,  ,V,G,1.0,0,14-236,,False,N,False,False,V,,,,,False,1.0,CT0015600,134139062553040293,2025-12-29 07:22:49.190000,07:22:49.190000,2025,,,Moving Violation,2025
2026-01-26 08:04:19.343000,8149749.0,CT0015600,West Haven,Racial Profile,1000661,2500060675,Incident ID,2025-12-30 00:00:00,December,B,N,M,32,True,True,West Haven,Boston Post Rd/ Budd Pl,  ,  ,V,G,1.0,0,14-18(c),,False,N,False,False,V,,,,,False,1.0,CT0015600,134139062553040293,2025-12-30 10:12:11.680000,10:12:11.680000,2025,14-18(c),,Display of Plates,2025
2026-01-26 08:04:19.240000,8149722.0,CT0015600,West Haven,Racial Profile,1000615,2500060665,Incident ID,2025-12-30 00:00:00,December,B,N,M,58,True,False,WEST HAVEN,Boston Post rd/Meloy ,  ,  ,V,G,1.0,0,14-18(c),,False,N,False,False,V,,,,,False,1.0,CT0015600,134139062553040293,2025-12-30 08:40:35.087000,08:40:35.087000,2025,14-18(c),,Display of Plates,2025
2026-01-26 08:04:19.073000,8149676.0,CT0015600,West Haven,Racial Profile,1000539,2500060681,Incident ID,2025-12-30 00:00:00,December,W,N,M,30,True,True,West Haven,lamson/first,  ,  ,V,G,1.0,0,14-296aa(b),,False,N,False,False,I,,,,,False,1.0,CT0015600,134139062553040293,2025-12-30 10:31:16.350000,10:31:16.350000,2025,,,Cell Phone,2025
2026-01-26 08:04:19.010000,8149658.0,CT0015600,West Haven,Racial Profile,1200,2500060670,Incident ID,2025-12-30 00:00:00,December,W,N,F,43,True,True,West Haven,CAMPBELL & CENTER S,  ,  ,V,G,2.0,1,14-147(c),,False,N,False,False,V,,,,,False,1.0,CT0015600,134139062553040293,2025-12-30 09:56:59.497000,09:56:59.497000,2025,38a-371,,Administrative Offense,2025
2026-01-26 08:04:19.243000,8149723.0,CT0015600,West Haven,Racial Profile,1000615,2500060668,Incident ID,2025-12-30 00:00:00,December,B,H,F,66,True,True,West Haven,Boston Post Rd/Norfolk ,  ,  ,V,G,1.0,0,14-301,,False,N,False,False,V,,,,,False,1.0,CT0015600,134139062553040293,2025-12-30 09:36:15.137000,09:36:15.137000,2025,14-301,,Stop Sign,2025
2026-01-26 08:04:19.247000,8149724.0,CT0015600,West Haven,Racial Profile,1000615,2500060798,Incident ID,2025-12-31 00:00:00,December,W,H,F,47,True,True,West Haven,Campbell Avenue/ Boston Post Rd ,  ,  ,V,G,2.0,0,14-222,,False,N,False,True,M,,,,,False,1.0,CT0015600,134139062553040293,2025-12-31 08:38:00.713000,08:38:00.713000,2025,14-222,,Speed Related,2025
2026-01-26 08:04:19.343000,8149750.0,CT0015600,West Haven,Racial Profile,1000661,2500060822,Incident ID,2025-12-31 00:00:00,December,W,H,F,29,True,False,West Haven,Boston Post Road/ Fairfax ,  ,  ,V,G,1.0,0,14-12(a),,False,N,False,False,V,,,,,False,1.0,CT0015600,134139062553040293,2025-12-31 11:19:02.020000,11:19:02.020000,2025,14-12(a),,Registration,2025
